run_id,cell_id,method,dataset,seed,t,controller,reason,urge,thr,factors,mb_before,mr_before,mb_next,mr_next,suggested_new_batch,suggested_replay,suggested_optimizer_mode,plugin_policy,applied_new_batch,applied_replay,applied_optimizer_mode,applied_optional_plugins,replay_requested,replay_occupancy,replay_max_size,predicted_bytes,limit_bytes,guard_reason,enforcement,controller_s,reconfigure_s,plasticity,stability,latency_s,memory_mib,memory_mib_model,plugins,applied
effectiveness_v3_20260918T034951Z_79924874,dev/core50_nc/eval_batch/eval_core50_nc_b128/0,eval_core50_nc_b128,core50_nc,0,0,skipped,disabled,,,,,,,,,,,,,,,,,,,,,,,,,,,,,,,
effectiveness_v3_20260918T035026Z_9d0bd278,dev/core50_nc/eval_batch/eval_core50_nc_b32/0,eval_core50_nc_b32,core50_nc,0,0,skipped,disabled,,,,,,,,,,,,,,,,,,,,,,,,,,,,,,,
effectiveness_v3_20260918T035102Z_024561a7,dev/core50_nc/eval_batch/eval_core50_nc_b8/0,eval_core50_nc_b8,core50_nc,0,0,skipped,disabled,,,,,,,,,,,,,,,,,,,,,,,,,,,,,,,
effectiveness_v3_20260918T035221Z_7b303cae,dev/splitcifar100/eval_batch/eval_splitcifar100_b128/0,eval_splitcifar100_b128,splitcifar100,0,0,skipped,disabled,,,,,,,,,,,,,,,,,,,,,,,,,,,,,,,
effectiveness_v3_20260918T035236Z_4f0930ef,dev/splitcifar100/eval_batch/eval_splitcifar100_b32/0,eval_splitcifar100_b32,splitcifar100,0,0,skipped,disabled,,,,,,,,,,,,,,,,,,,,,,,,,,,,,,,
effectiveness_v3_20260918T035250Z_e0948625,dev/splitcifar100/eval_batch/eval_splitcifar100_b8/0,eval_splitcifar100_b8,splitcifar100,0,0,skipped,disabled,,,,,,,,,,,,,,,,,,,,,,,,,,,,,,,
effectiveness_v3_20260918T040734Z_93bd9bba,dev/core50_nc/s0_profile/s0_core50_nc_rep0/0,s0_core50_nc_rep0,core50_nc,0,0,skipped,disabled,,,,,,,,,,,,,,,,,,,,,,,,,,,,,,,
effectiveness_v3_20260918T040734Z_93bd9bba,dev/core50_nc/s0_profile/s0_core50_nc_rep0/0,s0_core50_nc_rep0,core50_nc,0,1,skipped,disabled,,,,,,,,,,,,,,,,,,,,,,,,,,,,,,,
effectiveness_v3_20260918T040734Z_93bd9bba,dev/core50_nc/s0_profile/s0_core50_nc_rep0/0,s0_core50_nc_rep0,core50_nc,0,2,skipped,disabled,,,,,,,,,,,,,,,,,,,,,,,,,,,,,,,
effectiveness_v3_20260918T040734Z_93bd9bba,dev/core50_nc/s0_profile/s0_core50_nc_rep0/0,s0_core50_nc_rep0,core50_nc,0,3,skipped,disabled,,,,,,,,,,,,,,,,,,,,,,,,,,,,,,,
effectiveness_v3_20260918T040734Z_93bd9bba,dev/core50_nc/s0_profile/s0_core50_nc_rep0/0,s0_core50_nc_rep0,core50_nc,0,4,skipped,disabled,,,,,,,,,,,,,,,,,,,,,,,,,,,,,,,
effectiveness_v3_20260918T040734Z_93bd9bba,dev/core50_nc/s0_profile/s0_core50_nc_rep0/0,s0_core50_nc_rep0,core50_nc,0,5,skipped,disabled,,,,,,,,,,,,,,,,,,,,,,,,,,,,,,,
effectiveness_v3_20260918T040734Z_93bd9bba,dev/core50_nc/s0_profile/s0_core50_nc_rep0/0,s0_core50_nc_rep0,core50_nc,0,6,skipped,disabled,,,,,,,,,,,,,,,,,,,,,,,,,,,,,,,
effectiveness_v3_20260918T040734Z_93bd9bba,dev/core50_nc/s0_profile/s0_core50_nc_rep0/0,s0_core50_nc_rep0,core50_nc,0,7,skipped,disabled,,,,,,,,,,,,,,,,,,,,,,,,,,,,,,,
effectiveness_v3_20260918T040734Z_93bd9bba,dev/core50_nc/s0_profile/s0_core50_nc_rep0/0,s0_core50_nc_rep0,core50_nc,0,8,skipped,disabled,,,,,,,,,,,,,,,,,,,,,,,,,,,,,,,
effectiveness_v3_20260918T041110Z_7da6f0cf,dev/core50_nc/s0_profile/s0_core50_nc_rep1/0,s0_core50_nc_rep1,core50_nc,0,0,skipped,disabled,,,,,,,,,,,,,,,,,,,,,,,,,,,,,,,
effectiveness_v3_20260918T041110Z_7da6f0cf,dev/core50_nc/s0_profile/s0_core50_nc_rep1/0,s0_core50_nc_rep1,core50_nc,0,1,skipped,disabled,,,,,,,,,,,,,,,,,,,,,,,,,,,,,,,
effectiveness_v3_20260918T041110Z_7da6f0cf,dev/core50_nc/s0_profile/s0_core50_nc_rep1/0,s0_core50_nc_rep1,core50_nc,0,2,skipped,disabled,,,,,,,,,,,,,,,,,,,,,,,,,,,,,,,
effectiveness_v3_20260918T041110Z_7da6f0cf,dev/core50_nc/s0_profile/s0_core50_nc_rep1/0,s0_core50_nc_rep1,core50_nc,0,3,skipped,disabled,,,,,,,,,,,,,,,,,,,,,,,,,,,,,,,
effectiveness_v3_20260918T041110Z_7da6f0cf,dev/core50_nc/s0_profile/s0_core50_nc_rep1/0,s0_core50_nc_rep1,core50_nc,0,4,skipped,disabled,,,,,,,,,,,,,,,,,,,,,,,,,,,,,,,
effectiveness_v3_20260918T041110Z_7da6f0cf,dev/core50_nc/s0_profile/s0_core50_nc_rep1/0,s0_core50_nc_rep1,core50_nc,0,5,skipped,disabled,,,,,,,,,,,,,,,,,,,,,,,,,,,,,,,
effectiveness_v3_20260918T041110Z_7da6f0cf,dev/core50_nc/s0_profile/s0_core50_nc_rep1/0,s0_core50_nc_rep1,core50_nc,0,6,skipped,disabled,,,,,,,,,,,,,,,,,,,,,,,,,,,,,,,
effectiveness_v3_20260918T041110Z_7da6f0cf,dev/core50_nc/s0_profile/s0_core50_nc_rep1/0,s0_core50_nc_rep1,core50_nc,0,7,skipped,disabled,,,,,,,,,,,,,,,,,,,,,,,,,,,,,,,
effectiveness_v3_20260918T041110Z_7da6f0cf,dev/core50_nc/s0_profile/s0_core50_nc_rep1/0,s0_core50_nc_rep1,core50_nc,0,8,skipped,disabled,,,,,,,,,,,,,,,,,,,,,,,,,,,,,,,
effectiveness_v3_20260918T041442Z_64049f11,dev/core50_nc/plugin_cost/cost_core50_nc_b64/0,cost_core50_nc_b64,core50_nc,0,0,skipped,disabled,,,,,,,,,,,,,,,,,,,,,,,,,,,,,,,
effectiveness_v3_20260918T041442Z_64049f11,dev/core50_nc/plugin_cost/cost_core50_nc_b64/0,cost_core50_nc_b64,core50_nc,0,1,skipped,disabled,,,,,,,,,,,,,,,,,,,,,,,,,,,,,,,
effectiveness_v3_20260918T041442Z_64049f11,dev/core50_nc/plugin_cost/cost_core50_nc_b64/0,cost_core50_nc_b64,core50_nc,0,2,skipped,disabled,,,,,,,,,,,,,,,,,,,,,,,,,,,,,,,
effectiveness_v3_20260918T041442Z_64049f11,dev/core50_nc/plugin_cost/cost_core50_nc_b64/0,cost_core50_nc_b64,core50_nc,0,3,skipped,disabled,,,,,,,,,,,,,,,,,,,,,,,,,,,,,,,
effectiveness_v3_20260918T041442Z_64049f11,dev/core50_nc/plugin_cost/cost_core50_nc_b64/0,cost_core50_nc_b64,core50_nc,0,4,skipped,disabled,,,,,,,,,,,,,,,,,,,,,,,,,,,,,,,
effectiveness_v3_20260918T041442Z_64049f11,dev/core50_nc/plugin_cost/cost_core50_nc_b64/0,cost_core50_nc_b64,core50_nc,0,5,skipped,disabled,,,,,,,,,,,,,,,,,,,,,,,,,,,,,,,
effectiveness_v3_20260918T041442Z_64049f11,dev/core50_nc/plugin_cost/cost_core50_nc_b64/0,cost_core50_nc_b64,core50_nc,0,6,skipped,disabled,,,,,,,,,,,,,,,,,,,,,,,,,,,,,,,
effectiveness_v3_20260918T041442Z_64049f11,dev/core50_nc/plugin_cost/cost_core50_nc_b64/0,cost_core50_nc_b64,core50_nc,0,7,skipped,disabled,,,,,,,,,,,,,,,,,,,,,,,,,,,,,,,
effectiveness_v3_20260918T041442Z_64049f11,dev/core50_nc/plugin_cost/cost_core50_nc_b64/0,cost_core50_nc_b64,core50_nc,0,8,skipped,disabled,,,,,,,,,,,,,,,,,,,,,,,,,,,,,,,
effectiveness_v3_20260918T041653Z_27f9e4f1,dev/core50_nc/plugin_cost/cost_core50_nc_b256/0,cost_core50_nc_b256,core50_nc,0,0,skipped,disabled,,,,,,,,,,,,,,,,,,,,,,,,,,,,,,,
effectiveness_v3_20260918T041653Z_27f9e4f1,dev/core50_nc/plugin_cost/cost_core50_nc_b256/0,cost_core50_nc_b256,core50_nc,0,1,skipped,disabled,,,,,,,,,,,,,,,,,,,,,,,,,,,,,,,
effectiveness_v3_20260918T041653Z_27f9e4f1,dev/core50_nc/plugin_cost/cost_core50_nc_b256/0,cost_core50_nc_b256,core50_nc,0,2,skipped,disabled,,,,,,,,,,,,,,,,,,,,,,,,,,,,,,,
effectiveness_v3_20260918T041653Z_27f9e4f1,dev/core50_nc/plugin_cost/cost_core50_nc_b256/0,cost_core50_nc_b256,core50_nc,0,3,skipped,disabled,,,,,,,,,,,,,,,,,,,,,,,,,,,,,,,
effectiveness_v3_20260918T041653Z_27f9e4f1,dev/core50_nc/plugin_cost/cost_core50_nc_b256/0,cost_core50_nc_b256,core50_nc,0,4,skipped,disabled,,,,,,,,,,,,,,,,,,,,,,,,,,,,,,,
effectiveness_v3_20260918T041653Z_27f9e4f1,dev/core50_nc/plugin_cost/cost_core50_nc_b256/0,cost_core50_nc_b256,core50_nc,0,5,skipped,disabled,,,,,,,,,,,,,,,,,,,,,,,,,,,,,,,
effectiveness_v3_20260918T041653Z_27f9e4f1,dev/core50_nc/plugin_cost/cost_core50_nc_b256/0,cost_core50_nc_b256,core50_nc,0,6,skipped,disabled,,,,,,,,,,,,,,,,,,,,,,,,,,,,,,,
effectiveness_v3_20260918T041653Z_27f9e4f1,dev/core50_nc/plugin_cost/cost_core50_nc_b256/0,cost_core50_nc_b256,core50_nc,0,7,skipped,disabled,,,,,,,,,,,,,,,,,,,,,,,,,,,,,,,
effectiveness_v3_20260918T041653Z_27f9e4f1,dev/core50_nc/plugin_cost/cost_core50_nc_b256/0,cost_core50_nc_b256,core50_nc,0,8,skipped,disabled,,,,,,,,,,,,,,,,,,,,,,,,,,,,,,,
effectiveness_v3_20260918T041849Z_142c7d28,dev/core50_nc/plugin_cost/cost_core50_nc_gem/0,cost_core50_nc_gem,core50_nc,0,0,skipped,disabled,,,,,,,,,,,,,,,,,,,,,,,,,,,,,,,
effectiveness_v3_20260918T041849Z_142c7d28,dev/core50_nc/plugin_cost/cost_core50_nc_gem/0,cost_core50_nc_gem,core50_nc,0,1,skipped,disabled,,,,,,,,,,,,,,,,,,,,,,,,,,,,,,,
effectiveness_v3_20260918T041849Z_142c7d28,dev/core50_nc/plugin_cost/cost_core50_nc_gem/0,cost_core50_nc_gem,core50_nc,0,2,skipped,disabled,,,,,,,,,,,,,,,,,,,,,,,,,,,,,,,
effectiveness_v3_20260918T041849Z_142c7d28,dev/core50_nc/plugin_cost/cost_core50_nc_gem/0,cost_core50_nc_gem,core50_nc,0,3,skipped,disabled,,,,,,,,,,,,,,,,,,,,,,,,,,,,,,,
effectiveness_v3_20260918T041849Z_142c7d28,dev/core50_nc/plugin_cost/cost_core50_nc_gem/0,cost_core50_nc_gem,core50_nc,0,4,skipped,disabled,,,,,,,,,,,,,,,,,,,,,,,,,,,,,,,
effectiveness_v3_20260918T041849Z_142c7d28,dev/core50_nc/plugin_cost/cost_core50_nc_gem/0,cost_core50_nc_gem,core50_nc,0,5,skipped,disabled,,,,,,,,,,,,,,,,,,,,,,,,,,,,,,,
effectiveness_v3_20260918T041849Z_142c7d28,dev/core50_nc/plugin_cost/cost_core50_nc_gem/0,cost_core50_nc_gem,core50_nc,0,6,skipped,disabled,,,,,,,,,,,,,,,,,,,,,,,,,,,,,,,
effectiveness_v3_20260918T041849Z_142c7d28,dev/core50_nc/plugin_cost/cost_core50_nc_gem/0,cost_core50_nc_gem,core50_nc,0,7,skipped,disabled,,,,,,,,,,,,,,,,,,,,,,,,,,,,,,,
effectiveness_v3_20260918T041849Z_142c7d28,dev/core50_nc/plugin_cost/cost_core50_nc_gem/0,cost_core50_nc_gem,core50_nc,0,8,skipped,disabled,,,,,,,,,,,,,,,,,,,,,,,,,,,,,,,
effectiveness_v3_20260918T042714Z_1547820b,dev/core50_nc/plugin_cost/cost_core50_nc_ewc/0,cost_core50_nc_ewc,core50_nc,0,0,skipped,disabled,,,,,,,,,,,,,,,,,,,,,,,,,,,,,,,
effectiveness_v3_20260918T042714Z_1547820b,dev/core50_nc/plugin_cost/cost_core50_nc_ewc/0,cost_core50_nc_ewc,core50_nc,0,1,skipped,disabled,,,,,,,,,,,,,,,,,,,,,,,,,,,,,,,
effectiveness_v3_20260918T042714Z_1547820b,dev/core50_nc/plugin_cost/cost_core50_nc_ewc/0,cost_core50_nc_ewc,core50_nc,0,2,skipped,disabled,,,,,,,,,,,,,,,,,,,,,,,,,,,,,,,
effectiveness_v3_20260918T042714Z_1547820b,dev/core50_nc/plugin_cost/cost_core50_nc_ewc/0,cost_core50_nc_ewc,core50_nc,0,3,skipped,disabled,,,,,,,,,,,,,,,,,,,,,,,,,,,,,,,
effectiveness_v3_20260918T042714Z_1547820b,dev/core50_nc/plugin_cost/cost_core50_nc_ewc/0,cost_core50_nc_ewc,core50_nc,0,4,skipped,disabled,,,,,,,,,,,,,,,,,,,,,,,,,,,,,,,
effectiveness_v3_20260918T042714Z_1547820b,dev/core50_nc/plugin_cost/cost_core50_nc_ewc/0,cost_core50_nc_ewc,core50_nc,0,5,skipped,disabled,,,,,,,,,,,,,,,,,,,,,,,,,,,,,,,
effectiveness_v3_20260918T042714Z_1547820b,dev/core50_nc/plugin_cost/cost_core50_nc_ewc/0,cost_core50_nc_ewc,core50_nc,0,6,skipped,disabled,,,,,,,,,,,,,,,,,,,,,,,,,,,,,,,
effectiveness_v3_20260918T042714Z_1547820b,dev/core50_nc/plugin_cost/cost_core50_nc_ewc/0,cost_core50_nc_ewc,core50_nc,0,7,skipped,disabled,,,,,,,,,,,,,,,,,,,,,,,,,,,,,,,
effectiveness_v3_20260918T042714Z_1547820b,dev/core50_nc/plugin_cost/cost_core50_nc_ewc/0,cost_core50_nc_ewc,core50_nc,0,8,skipped,disabled,,,,,,,,,,,,,,,,,,,,,,,,,,,,,,,
effectiveness_v3_20260918T043807Z_ed855c65,dev/core50_nc/plugin_cost/cost_core50_nc_gem_ewc/0,cost_core50_nc_gem_ewc,core50_nc,0,0,skipped,disabled,,,,,,,,,,,,,,,,,,,,,,,,,,,,,,,
effectiveness_v3_20260918T043807Z_ed855c65,dev/core50_nc/plugin_cost/cost_core50_nc_gem_ewc/0,cost_core50_nc_gem_ewc,core50_nc,0,1,skipped,disabled,,,,,,,,,,,,,,,,,,,,,,,,,,,,,,,
effectiveness_v3_20260918T043807Z_ed855c65,dev/core50_nc/plugin_cost/cost_core50_nc_gem_ewc/0,cost_core50_nc_gem_ewc,core50_nc,0,2,skipped,disabled,,,,,,,,,,,,,,,,,,,,,,,,,,,,,,,
effectiveness_v3_20260918T043807Z_ed855c65,dev/core50_nc/plugin_cost/cost_core50_nc_gem_ewc/0,cost_core50_nc_gem_ewc,core50_nc,0,3,skipped,disabled,,,,,,,,,,,,,,,,,,,,,,,,,,,,,,,
effectiveness_v3_20260918T043807Z_ed855c65,dev/core50_nc/plugin_cost/cost_core50_nc_gem_ewc/0,cost_core50_nc_gem_ewc,core50_nc,0,4,skipped,disabled,,,,,,,,,,,,,,,,,,,,,,,,,,,,,,,
effectiveness_v3_20260918T043807Z_ed855c65,dev/core50_nc/plugin_cost/cost_core50_nc_gem_ewc/0,cost_core50_nc_gem_ewc,core50_nc,0,5,skipped,disabled,,,,,,,,,,,,,,,,,,,,,,,,,,,,,,,
effectiveness_v3_20260918T043807Z_ed855c65,dev/core50_nc/plugin_cost/cost_core50_nc_gem_ewc/0,cost_core50_nc_gem_ewc,core50_nc,0,6,skipped,disabled,,,,,,,,,,,,,,,,,,,,,,,,,,,,,,,
effectiveness_v3_20260918T043807Z_ed855c65,dev/core50_nc/plugin_cost/cost_core50_nc_gem_ewc/0,cost_core50_nc_gem_ewc,core50_nc,0,7,skipped,disabled,,,,,,,,,,,,,,,,,,,,,,,,,,,,,,,
effectiveness_v3_20260918T043807Z_ed855c65,dev/core50_nc/plugin_cost/cost_core50_nc_gem_ewc/0,cost_core50_nc_gem_ewc,core50_nc,0,8,skipped,disabled,,,,,,,,,,,,,,,,,,,,,,,,,,,,,,,
effectiveness_v3_20260918T045416Z_2e6c108f,dev/splitcifar100/s0_profile/s0_splitcifar100_rep0/0,s0_splitcifar100_rep0,splitcifar100,0,0,skipped,disabled,,,,,,,,,,,,,,,,,,,,,,,,,,,,,,,
effectiveness_v3_20260918T045416Z_2e6c108f,dev/splitcifar100/s0_profile/s0_splitcifar100_rep0/0,s0_splitcifar100_rep0,splitcifar100,0,1,skipped,disabled,,,,,,,,,,,,,,,,,,,,,,,,,,,,,,,
effectiveness_v3_20260918T045416Z_2e6c108f,dev/splitcifar100/s0_profile/s0_splitcifar100_rep0/0,s0_splitcifar100_rep0,splitcifar100,0,2,skipped,disabled,,,,,,,,,,,,,,,,,,,,,,,,,,,,,,,
effectiveness_v3_20260918T045416Z_2e6c108f,dev/splitcifar100/s0_profile/s0_splitcifar100_rep0/0,s0_splitcifar100_rep0,splitcifar100,0,3,skipped,disabled,,,,,,,,,,,,,,,,,,,,,,,,,,,,,,,
effectiveness_v3_20260918T045416Z_2e6c108f,dev/splitcifar100/s0_profile/s0_splitcifar100_rep0/0,s0_splitcifar100_rep0,splitcifar100,0,4,skipped,disabled,,,,,,,,,,,,,,,,,,,,,,,,,,,,,,,
effectiveness_v3_20260918T045416Z_2e6c108f,dev/splitcifar100/s0_profile/s0_splitcifar100_rep0/0,s0_splitcifar100_rep0,splitcifar100,0,5,skipped,disabled,,,,,,,,,,,,,,,,,,,,,,,,,,,,,,,
effectiveness_v3_20260918T045416Z_2e6c108f,dev/splitcifar100/s0_profile/s0_splitcifar100_rep0/0,s0_splitcifar100_rep0,splitcifar100,0,6,skipped,disabled,,,,,,,,,,,,,,,,,,,,,,,,,,,,,,,
effectiveness_v3_20260918T045416Z_2e6c108f,dev/splitcifar100/s0_profile/s0_splitcifar100_rep0/0,s0_splitcifar100_rep0,splitcifar100,0,7,skipped,disabled,,,,,,,,,,,,,,,,,,,,,,,,,,,,,,,
effectiveness_v3_20260918T045416Z_2e6c108f,dev/splitcifar100/s0_profile/s0_splitcifar100_rep0/0,s0_splitcifar100_rep0,splitcifar100,0,8,skipped,disabled,,,,,,,,,,,,,,,,,,,,,,,,,,,,,,,
effectiveness_v3_20260918T045416Z_2e6c108f,dev/splitcifar100/s0_profile/s0_splitcifar100_rep0/0,s0_splitcifar100_rep0,splitcifar100,0,9,skipped,disabled,,,,,,,,,,,,,,,,,,,,,,,,,,,,,,,
effectiveness_v3_20260918T045539Z_46e01d7e,dev/splitcifar100/s0_profile/s0_splitcifar100_rep1/0,s0_splitcifar100_rep1,splitcifar100,0,0,skipped,disabled,,,,,,,,,,,,,,,,,,,,,,,,,,,,,,,
effectiveness_v3_20260918T045539Z_46e01d7e,dev/splitcifar100/s0_profile/s0_splitcifar100_rep1/0,s0_splitcifar100_rep1,splitcifar100,0,1,skipped,disabled,,,,,,,,,,,,,,,,,,,,,,,,,,,,,,,
effectiveness_v3_20260918T045539Z_46e01d7e,dev/splitcifar100/s0_profile/s0_splitcifar100_rep1/0,s0_splitcifar100_rep1,splitcifar100,0,2,skipped,disabled,,,,,,,,,,,,,,,,,,,,,,,,,,,,,,,
effectiveness_v3_20260918T045539Z_46e01d7e,dev/splitcifar100/s0_profile/s0_splitcifar100_rep1/0,s0_splitcifar100_rep1,splitcifar100,0,3,skipped,disabled,,,,,,,,,,,,,,,,,,,,,,,,,,,,,,,
effectiveness_v3_20260918T045539Z_46e01d7e,dev/splitcifar100/s0_profile/s0_splitcifar100_rep1/0,s0_splitcifar100_rep1,splitcifar100,0,4,skipped,disabled,,,,,,,,,,,,,,,,,,,,,,,,,,,,,,,
effectiveness_v3_20260918T045539Z_46e01d7e,dev/splitcifar100/s0_profile/s0_splitcifar100_rep1/0,s0_splitcifar100_rep1,splitcifar100,0,5,skipped,disabled,,,,,,,,,,,,,,,,,,,,,,,,,,,,,,,
effectiveness_v3_20260918T045539Z_46e01d7e,dev/splitcifar100/s0_profile/s0_splitcifar100_rep1/0,s0_splitcifar100_rep1,splitcifar100,0,6,skipped,disabled,,,,,,,,,,,,,,,,,,,,,,,,,,,,,,,
effectiveness_v3_20260918T045539Z_46e01d7e,dev/splitcifar100/s0_profile/s0_splitcifar100_rep1/0,s0_splitcifar100_rep1,splitcifar100,0,7,skipped,disabled,,,,,,,,,,,,,,,,,,,,,,,,,,,,,,,
effectiveness_v3_20260918T045539Z_46e01d7e,dev/splitcifar100/s0_profile/s0_splitcifar100_rep1/0,s0_splitcifar100_rep1,splitcifar100,0,8,skipped,disabled,,,,,,,,,,,,,,,,,,,,,,,,,,,,,,,
effectiveness_v3_20260918T045539Z_46e01d7e,dev/splitcifar100/s0_profile/s0_splitcifar100_rep1/0,s0_splitcifar100_rep1,splitcifar100,0,9,skipped,disabled,,,,,,,,,,,,,,,,,,,,,,,,,,,,,,,
effectiveness_v3_20260918T045709Z_0b11e29d,dev/splitcifar100/plugin_cost/cost_splitcifar100_b64/0,cost_splitcifar100_b64,splitcifar100,0,0,skipped,disabled,,,,,,,,,,,,,,,,,,,,,,,,,,,,,,,
effectiveness_v3_20260918T045709Z_0b11e29d,dev/splitcifar100/plugin_cost/cost_splitcifar100_b64/0,cost_splitcifar100_b64,splitcifar100,0,1,skipped,disabled,,,,,,,,,,,,,,,,,,,,,,,,,,,,,,,
effectiveness_v3_20260918T045709Z_0b11e29d,dev/splitcifar100/plugin_cost/cost_splitcifar100_b64/0,cost_splitcifar100_b64,splitcifar100,0,2,skipped,disabled,,,,,,,,,,,,,,,,,,,,,,,,,,,,,,,
effectiveness_v3_20260918T045709Z_0b11e29d,dev/splitcifar100/plugin_cost/cost_splitcifar100_b64/0,cost_splitcifar100_b64,splitcifar100,0,3,skipped,disabled,,,,,,,,,,,,,,,,,,,,,,,,,,,,,,,
effectiveness_v3_20260918T045709Z_0b11e29d,dev/splitcifar100/plugin_cost/cost_splitcifar100_b64/0,cost_splitcifar100_b64,splitcifar100,0,4,skipped,disabled,,,,,,,,,,,,,,,,,,,,,,,,,,,,,,,
effectiveness_v3_20260918T045709Z_0b11e29d,dev/splitcifar100/plugin_cost/cost_splitcifar100_b64/0,cost_splitcifar100_b64,splitcifar100,0,5,skipped,disabled,,,,,,,,,,,,,,,,,,,,,,,,,,,,,,,
effectiveness_v3_20260918T045709Z_0b11e29d,dev/splitcifar100/plugin_cost/cost_splitcifar100_b64/0,cost_splitcifar100_b64,splitcifar100,0,6,skipped,disabled,,,,,,,,,,,,,,,,,,,,,,,,,,,,,,,
effectiveness_v3_20260918T045709Z_0b11e29d,dev/splitcifar100/plugin_cost/cost_splitcifar100_b64/0,cost_splitcifar100_b64,splitcifar100,0,7,skipped,disabled,,,,,,,,,,,,,,,,,,,,,,,,,,,,,,,
effectiveness_v3_20260918T045709Z_0b11e29d,dev/splitcifar100/plugin_cost/cost_splitcifar100_b64/0,cost_splitcifar100_b64,splitcifar100,0,8,skipped,disabled,,,,,,,,,,,,,,,,,,,,,,,,,,,,,,,
effectiveness_v3_20260918T045709Z_0b11e29d,dev/splitcifar100/plugin_cost/cost_splitcifar100_b64/0,cost_splitcifar100_b64,splitcifar100,0,9,skipped,disabled,,,,,,,,,,,,,,,,,,,,,,,,,,,,,,,
effectiveness_v3_20260918T045753Z_531aff64,dev/splitcifar100/plugin_cost/cost_splitcifar100_b256/0,cost_splitcifar100_b256,splitcifar100,0,0,skipped,disabled,,,,,,,,,,,,,,,,,,,,,,,,,,,,,,,
effectiveness_v3_20260918T045753Z_531aff64,dev/splitcifar100/plugin_cost/cost_splitcifar100_b256/0,cost_splitcifar100_b256,splitcifar100,0,1,skipped,disabled,,,,,,,,,,,,,,,,,,,,,,,,,,,,,,,
effectiveness_v3_20260918T045753Z_531aff64,dev/splitcifar100/plugin_cost/cost_splitcifar100_b256/0,cost_splitcifar100_b256,splitcifar100,0,2,skipped,disabled,,,,,,,,,,,,,,,,,,,,,,,,,,,,,,,
effectiveness_v3_20260918T045753Z_531aff64,dev/splitcifar100/plugin_cost/cost_splitcifar100_b256/0,cost_splitcifar100_b256,splitcifar100,0,3,skipped,disabled,,,,,,,,,,,,,,,,,,,,,,,,,,,,,,,
effectiveness_v3_20260918T045753Z_531aff64,dev/splitcifar100/plugin_cost/cost_splitcifar100_b256/0,cost_splitcifar100_b256,splitcifar100,0,4,skipped,disabled,,,,,,,,,,,,,,,,,,,,,,,,,,,,,,,
effectiveness_v3_20260918T045753Z_531aff64,dev/splitcifar100/plugin_cost/cost_splitcifar100_b256/0,cost_splitcifar100_b256,splitcifar100,0,5,skipped,disabled,,,,,,,,,,,,,,,,,,,,,,,,,,,,,,,
effectiveness_v3_20260918T045753Z_531aff64,dev/splitcifar100/plugin_cost/cost_splitcifar100_b256/0,cost_splitcifar100_b256,splitcifar100,0,6,skipped,disabled,,,,,,,,,,,,,,,,,,,,,,,,,,,,,,,
effectiveness_v3_20260918T045753Z_531aff64,dev/splitcifar100/plugin_cost/cost_splitcifar100_b256/0,cost_splitcifar100_b256,splitcifar100,0,7,skipped,disabled,,,,,,,,,,,,,,,,,,,,,,,,,,,,,,,
effectiveness_v3_20260918T045753Z_531aff64,dev/splitcifar100/plugin_cost/cost_splitcifar100_b256/0,cost_splitcifar100_b256,splitcifar100,0,8,skipped,disabled,,,,,,,,,,,,,,,,,,,,,,,,,,,,,,,
effectiveness_v3_20260918T045753Z_531aff64,dev/splitcifar100/plugin_cost/cost_splitcifar100_b256/0,cost_splitcifar100_b256,splitcifar100,0,9,skipped,disabled,,,,,,,,,,,,,,,,,,,,,,,,,,,,,,,
effectiveness_v3_20260918T045833Z_3ea4231e,dev/splitcifar100/plugin_cost/cost_splitcifar100_gem/0,cost_splitcifar100_gem,splitcifar100,0,0,skipped,disabled,,,,,,,,,,,,,,,,,,,,,,,,,,,,,,,
effectiveness_v3_20260918T045833Z_3ea4231e,dev/splitcifar100/plugin_cost/cost_splitcifar100_gem/0,cost_splitcifar100_gem,splitcifar100,0,1,skipped,disabled,,,,,,,,,,,,,,,,,,,,,,,,,,,,,,,
effectiveness_v3_20260918T045833Z_3ea4231e,dev/splitcifar100/plugin_cost/cost_splitcifar100_gem/0,cost_splitcifar100_gem,splitcifar100,0,2,skipped,disabled,,,,,,,,,,,,,,,,,,,,,,,,,,,,,,,
effectiveness_v3_20260918T045833Z_3ea4231e,dev/splitcifar100/plugin_cost/cost_splitcifar100_gem/0,cost_splitcifar100_gem,splitcifar100,0,3,skipped,disabled,,,,,,,,,,,,,,,,,,,,,,,,,,,,,,,
effectiveness_v3_20260918T045833Z_3ea4231e,dev/splitcifar100/plugin_cost/cost_splitcifar100_gem/0,cost_splitcifar100_gem,splitcifar100,0,4,skipped,disabled,,,,,,,,,,,,,,,,,,,,,,,,,,,,,,,
effectiveness_v3_20260918T045833Z_3ea4231e,dev/splitcifar100/plugin_cost/cost_splitcifar100_gem/0,cost_splitcifar100_gem,splitcifar100,0,5,skipped,disabled,,,,,,,,,,,,,,,,,,,,,,,,,,,,,,,
effectiveness_v3_20260918T045833Z_3ea4231e,dev/splitcifar100/plugin_cost/cost_splitcifar100_gem/0,cost_splitcifar100_gem,splitcifar100,0,6,skipped,disabled,,,,,,,,,,,,,,,,,,,,,,,,,,,,,,,
effectiveness_v3_20260918T045833Z_3ea4231e,dev/splitcifar100/plugin_cost/cost_splitcifar100_gem/0,cost_splitcifar100_gem,splitcifar100,0,7,skipped,disabled,,,,,,,,,,,,,,,,,,,,,,,,,,,,,,,
effectiveness_v3_20260918T045833Z_3ea4231e,dev/splitcifar100/plugin_cost/cost_splitcifar100_gem/0,cost_splitcifar100_gem,splitcifar100,0,8,skipped,disabled,,,,,,,,,,,,,,,,,,,,,,,,,,,,,,,
effectiveness_v3_20260918T045833Z_3ea4231e,dev/splitcifar100/plugin_cost/cost_splitcifar100_gem/0,cost_splitcifar100_gem,splitcifar100,0,9,skipped,disabled,,,,,,,,,,,,,,,,,,,,,,,,,,,,,,,
effectiveness_v3_20260918T050219Z_ee7b9532,dev/splitcifar100/plugin_cost/cost_splitcifar100_ewc/0,cost_splitcifar100_ewc,splitcifar100,0,0,skipped,disabled,,,,,,,,,,,,,,,,,,,,,,,,,,,,,,,
effectiveness_v3_20260918T050219Z_ee7b9532,dev/splitcifar100/plugin_cost/cost_splitcifar100_ewc/0,cost_splitcifar100_ewc,splitcifar100,0,1,skipped,disabled,,,,,,,,,,,,,,,,,,,,,,,,,,,,,,,
effectiveness_v3_20260918T050219Z_ee7b9532,dev/splitcifar100/plugin_cost/cost_splitcifar100_ewc/0,cost_splitcifar100_ewc,splitcifar100,0,2,skipped,disabled,,,,,,,,,,,,,,,,,,,,,,,,,,,,,,,
effectiveness_v3_20260918T050219Z_ee7b9532,dev/splitcifar100/plugin_cost/cost_splitcifar100_ewc/0,cost_splitcifar100_ewc,splitcifar100,0,3,skipped,disabled,,,,,,,,,,,,,,,,,,,,,,,,,,,,,,,
effectiveness_v3_20260918T050219Z_ee7b9532,dev/splitcifar100/plugin_cost/cost_splitcifar100_ewc/0,cost_splitcifar100_ewc,splitcifar100,0,4,skipped,disabled,,,,,,,,,,,,,,,,,,,,,,,,,,,,,,,
effectiveness_v3_20260918T050219Z_ee7b9532,dev/splitcifar100/plugin_cost/cost_splitcifar100_ewc/0,cost_splitcifar100_ewc,splitcifar100,0,5,skipped,disabled,,,,,,,,,,,,,,,,,,,,,,,,,,,,,,,
effectiveness_v3_20260918T050219Z_ee7b9532,dev/splitcifar100/plugin_cost/cost_splitcifar100_ewc/0,cost_splitcifar100_ewc,splitcifar100,0,6,skipped,disabled,,,,,,,,,,,,,,,,,,,,,,,,,,,,,,,
effectiveness_v3_20260918T050219Z_ee7b9532,dev/splitcifar100/plugin_cost/cost_splitcifar100_ewc/0,cost_splitcifar100_ewc,splitcifar100,0,7,skipped,disabled,,,,,,,,,,,,,,,,,,,,,,,,,,,,,,,
effectiveness_v3_20260918T050219Z_ee7b9532,dev/splitcifar100/plugin_cost/cost_splitcifar100_ewc/0,cost_splitcifar100_ewc,splitcifar100,0,8,skipped,disabled,,,,,,,,,,,,,,,,,,,,,,,,,,,,,,,
effectiveness_v3_20260918T050219Z_ee7b9532,dev/splitcifar100/plugin_cost/cost_splitcifar100_ewc/0,cost_splitcifar100_ewc,splitcifar100,0,9,skipped,disabled,,,,,,,,,,,,,,,,,,,,,,,,,,,,,,,
effectiveness_v3_20260918T050652Z_3e217be9,dev/splitcifar100/plugin_cost/cost_splitcifar100_gem_ewc/0,cost_splitcifar100_gem_ewc,splitcifar100,0,0,skipped,disabled,,,,,,,,,,,,,,,,,,,,,,,,,,,,,,,
effectiveness_v3_20260918T050652Z_3e217be9,dev/splitcifar100/plugin_cost/cost_splitcifar100_gem_ewc/0,cost_splitcifar100_gem_ewc,splitcifar100,0,1,skipped,disabled,,,,,,,,,,,,,,,,,,,,,,,,,,,,,,,
effectiveness_v3_20260918T050652Z_3e217be9,dev/splitcifar100/plugin_cost/cost_splitcifar100_gem_ewc/0,cost_splitcifar100_gem_ewc,splitcifar100,0,2,skipped,disabled,,,,,,,,,,,,,,,,,,,,,,,,,,,,,,,
effectiveness_v3_20260918T050652Z_3e217be9,dev/splitcifar100/plugin_cost/cost_splitcifar100_gem_ewc/0,cost_splitcifar100_gem_ewc,splitcifar100,0,3,skipped,disabled,,,,,,,,,,,,,,,,,,,,,,,,,,,,,,,
effectiveness_v3_20260918T050652Z_3e217be9,dev/splitcifar100/plugin_cost/cost_splitcifar100_gem_ewc/0,cost_splitcifar100_gem_ewc,splitcifar100,0,4,skipped,disabled,,,,,,,,,,,,,,,,,,,,,,,,,,,,,,,
effectiveness_v3_20260918T050652Z_3e217be9,dev/splitcifar100/plugin_cost/cost_splitcifar100_gem_ewc/0,cost_splitcifar100_gem_ewc,splitcifar100,0,5,skipped,disabled,,,,,,,,,,,,,,,,,,,,,,,,,,,,,,,
effectiveness_v3_20260918T050652Z_3e217be9,dev/splitcifar100/plugin_cost/cost_splitcifar100_gem_ewc/0,cost_splitcifar100_gem_ewc,splitcifar100,0,6,skipped,disabled,,,,,,,,,,,,,,,,,,,,,,,,,,,,,,,
effectiveness_v3_20260918T050652Z_3e217be9,dev/splitcifar100/plugin_cost/cost_splitcifar100_gem_ewc/0,cost_splitcifar100_gem_ewc,splitcifar100,0,7,skipped,disabled,,,,,,,,,,,,,,,,,,,,,,,,,,,,,,,
effectiveness_v3_20260918T050652Z_3e217be9,dev/splitcifar100/plugin_cost/cost_splitcifar100_gem_ewc/0,cost_splitcifar100_gem_ewc,splitcifar100,0,8,skipped,disabled,,,,,,,,,,,,,,,,,,,,,,,,,,,,,,,
effectiveness_v3_20260918T050652Z_3e217be9,dev/splitcifar100/plugin_cost/cost_splitcifar100_gem_ewc/0,cost_splitcifar100_gem_ewc,splitcifar100,0,9,skipped,disabled,,,,,,,,,,,,,,,,,,,,,,,,,,,,,,,
effectiveness_v3_20260918T051310Z_753bf737,dev/core50_nc/quota_scan/quota_core50_nc_q160/0,quota_core50_nc_q160,core50_nc,0,0,skipped,disabled,,,,,,,,,,,,,,,,,,,,,,,,,,,,,,,
effectiveness_v3_20260918T051310Z_753bf737,dev/core50_nc/quota_scan/quota_core50_nc_q160/0,quota_core50_nc_q160,core50_nc,0,1,skipped,disabled,,,,,,,,,,,,,,,,,,,,,,,,,,,,,,,
effectiveness_v3_20260918T051310Z_753bf737,dev/core50_nc/quota_scan/quota_core50_nc_q160/0,quota_core50_nc_q160,core50_nc,0,2,skipped,disabled,,,,,,,,,,,,,,,,,,,,,,,,,,,,,,,
effectiveness_v3_20260918T051310Z_753bf737,dev/core50_nc/quota_scan/quota_core50_nc_q160/0,quota_core50_nc_q160,core50_nc,0,3,skipped,disabled,,,,,,,,,,,,,,,,,,,,,,,,,,,,,,,
effectiveness_v3_20260918T051310Z_753bf737,dev/core50_nc/quota_scan/quota_core50_nc_q160/0,quota_core50_nc_q160,core50_nc,0,4,skipped,disabled,,,,,,,,,,,,,,,,,,,,,,,,,,,,,,,
effectiveness_v3_20260918T051310Z_753bf737,dev/core50_nc/quota_scan/quota_core50_nc_q160/0,quota_core50_nc_q160,core50_nc,0,5,skipped,disabled,,,,,,,,,,,,,,,,,,,,,,,,,,,,,,,
effectiveness_v3_20260918T051310Z_753bf737,dev/core50_nc/quota_scan/quota_core50_nc_q160/0,quota_core50_nc_q160,core50_nc,0,6,skipped,disabled,,,,,,,,,,,,,,,,,,,,,,,,,,,,,,,
effectiveness_v3_20260918T051310Z_753bf737,dev/core50_nc/quota_scan/quota_core50_nc_q160/0,quota_core50_nc_q160,core50_nc,0,7,skipped,disabled,,,,,,,,,,,,,,,,,,,,,,,,,,,,,,,
effectiveness_v3_20260918T051310Z_753bf737,dev/core50_nc/quota_scan/quota_core50_nc_q160/0,quota_core50_nc_q160,core50_nc,0,8,skipped,disabled,,,,,,,,,,,,,,,,,,,,,,,,,,,,,,,
effectiveness_v3_20260918T051644Z_afe539fc,dev/core50_nc/quota_scan/quota_core50_nc_q176/0,quota_core50_nc_q176,core50_nc,0,0,skipped,disabled,,,,,,,,,,,,,,,,,,,,,,,,,,,,,,,
effectiveness_v3_20260918T051644Z_afe539fc,dev/core50_nc/quota_scan/quota_core50_nc_q176/0,quota_core50_nc_q176,core50_nc,0,1,skipped,disabled,,,,,,,,,,,,,,,,,,,,,,,,,,,,,,,
effectiveness_v3_20260918T051644Z_afe539fc,dev/core50_nc/quota_scan/quota_core50_nc_q176/0,quota_core50_nc_q176,core50_nc,0,2,skipped,disabled,,,,,,,,,,,,,,,,,,,,,,,,,,,,,,,
effectiveness_v3_20260918T051644Z_afe539fc,dev/core50_nc/quota_scan/quota_core50_nc_q176/0,quota_core50_nc_q176,core50_nc,0,3,skipped,disabled,,,,,,,,,,,,,,,,,,,,,,,,,,,,,,,
effectiveness_v3_20260918T051644Z_afe539fc,dev/core50_nc/quota_scan/quota_core50_nc_q176/0,quota_core50_nc_q176,core50_nc,0,4,skipped,disabled,,,,,,,,,,,,,,,,,,,,,,,,,,,,,,,
effectiveness_v3_20260918T051644Z_afe539fc,dev/core50_nc/quota_scan/quota_core50_nc_q176/0,quota_core50_nc_q176,core50_nc,0,5,skipped,disabled,,,,,,,,,,,,,,,,,,,,,,,,,,,,,,,
effectiveness_v3_20260918T051644Z_afe539fc,dev/core50_nc/quota_scan/quota_core50_nc_q176/0,quota_core50_nc_q176,core50_nc,0,6,skipped,disabled,,,,,,,,,,,,,,,,,,,,,,,,,,,,,,,
effectiveness_v3_20260918T051644Z_afe539fc,dev/core50_nc/quota_scan/quota_core50_nc_q176/0,quota_core50_nc_q176,core50_nc,0,7,skipped,disabled,,,,,,,,,,,,,,,,,,,,,,,,,,,,,,,
effectiveness_v3_20260918T051644Z_afe539fc,dev/core50_nc/quota_scan/quota_core50_nc_q176/0,quota_core50_nc_q176,core50_nc,0,8,skipped,disabled,,,,,,,,,,,,,,,,,,,,,,,,,,,,,,,
effectiveness_v3_20260918T052003Z_0326cd41,dev/core50_nc/quota_scan/quota_core50_nc_q192/0,quota_core50_nc_q192,core50_nc,0,0,skipped,disabled,,,,,,,,,,,,,,,,,,,,,,,,,,,,,,,
effectiveness_v3_20260918T052003Z_0326cd41,dev/core50_nc/quota_scan/quota_core50_nc_q192/0,quota_core50_nc_q192,core50_nc,0,1,skipped,disabled,,,,,,,,,,,,,,,,,,,,,,,,,,,,,,,
effectiveness_v3_20260918T052003Z_0326cd41,dev/core50_nc/quota_scan/quota_core50_nc_q192/0,quota_core50_nc_q192,core50_nc,0,2,skipped,disabled,,,,,,,,,,,,,,,,,,,,,,,,,,,,,,,
effectiveness_v3_20260918T052003Z_0326cd41,dev/core50_nc/quota_scan/quota_core50_nc_q192/0,quota_core50_nc_q192,core50_nc,0,3,skipped,disabled,,,,,,,,,,,,,,,,,,,,,,,,,,,,,,,
effectiveness_v3_20260918T052003Z_0326cd41,dev/core50_nc/quota_scan/quota_core50_nc_q192/0,quota_core50_nc_q192,core50_nc,0,4,skipped,disabled,,,,,,,,,,,,,,,,,,,,,,,,,,,,,,,
effectiveness_v3_20260918T052003Z_0326cd41,dev/core50_nc/quota_scan/quota_core50_nc_q192/0,quota_core50_nc_q192,core50_nc,0,5,skipped,disabled,,,,,,,,,,,,,,,,,,,,,,,,,,,,,,,
effectiveness_v3_20260918T052003Z_0326cd41,dev/core50_nc/quota_scan/quota_core50_nc_q192/0,quota_core50_nc_q192,core50_nc,0,6,skipped,disabled,,,,,,,,,,,,,,,,,,,,,,,,,,,,,,,
effectiveness_v3_20260918T052003Z_0326cd41,dev/core50_nc/quota_scan/quota_core50_nc_q192/0,quota_core50_nc_q192,core50_nc,0,7,skipped,disabled,,,,,,,,,,,,,,,,,,,,,,,,,,,,,,,
effectiveness_v3_20260918T052003Z_0326cd41,dev/core50_nc/quota_scan/quota_core50_nc_q192/0,quota_core50_nc_q192,core50_nc,0,8,skipped,disabled,,,,,,,,,,,,,,,,,,,,,,,,,,,,,,,
effectiveness_v3_20260918T052329Z_c1d89672,dev/core50_nc/quota_scan/quota_core50_nc_q208/0,quota_core50_nc_q208,core50_nc,0,0,skipped,disabled,,,,,,,,,,,,,,,,,,,,,,,,,,,,,,,
effectiveness_v3_20260918T052329Z_c1d89672,dev/core50_nc/quota_scan/quota_core50_nc_q208/0,quota_core50_nc_q208,core50_nc,0,1,skipped,disabled,,,,,,,,,,,,,,,,,,,,,,,,,,,,,,,
effectiveness_v3_20260918T052329Z_c1d89672,dev/core50_nc/quota_scan/quota_core50_nc_q208/0,quota_core50_nc_q208,core50_nc,0,2,skipped,disabled,,,,,,,,,,,,,,,,,,,,,,,,,,,,,,,
effectiveness_v3_20260918T052329Z_c1d89672,dev/core50_nc/quota_scan/quota_core50_nc_q208/0,quota_core50_nc_q208,core50_nc,0,3,skipped,disabled,,,,,,,,,,,,,,,,,,,,,,,,,,,,,,,
effectiveness_v3_20260918T052329Z_c1d89672,dev/core50_nc/quota_scan/quota_core50_nc_q208/0,quota_core50_nc_q208,core50_nc,0,4,skipped,disabled,,,,,,,,,,,,,,,,,,,,,,,,,,,,,,,
effectiveness_v3_20260918T052329Z_c1d89672,dev/core50_nc/quota_scan/quota_core50_nc_q208/0,quota_core50_nc_q208,core50_nc,0,5,skipped,disabled,,,,,,,,,,,,,,,,,,,,,,,,,,,,,,,
effectiveness_v3_20260918T052329Z_c1d89672,dev/core50_nc/quota_scan/quota_core50_nc_q208/0,quota_core50_nc_q208,core50_nc,0,6,skipped,disabled,,,,,,,,,,,,,,,,,,,,,,,,,,,,,,,
effectiveness_v3_20260918T052329Z_c1d89672,dev/core50_nc/quota_scan/quota_core50_nc_q208/0,quota_core50_nc_q208,core50_nc,0,7,skipped,disabled,,,,,,,,,,,,,,,,,,,,,,,,,,,,,,,
effectiveness_v3_20260918T052329Z_c1d89672,dev/core50_nc/quota_scan/quota_core50_nc_q208/0,quota_core50_nc_q208,core50_nc,0,8,skipped,disabled,,,,,,,,,,,,,,,,,,,,,,,,,,,,,,,
effectiveness_v3_20260918T052702Z_ca15a41b,dev/core50_nc/quota_scan/quota_core50_nc_q224/0,quota_core50_nc_q224,core50_nc,0,0,skipped,disabled,,,,,,,,,,,,,,,,,,,,,,,,,,,,,,,
effectiveness_v3_20260918T052702Z_ca15a41b,dev/core50_nc/quota_scan/quota_core50_nc_q224/0,quota_core50_nc_q224,core50_nc,0,1,skipped,disabled,,,,,,,,,,,,,,,,,,,,,,,,,,,,,,,
effectiveness_v3_20260918T052702Z_ca15a41b,dev/core50_nc/quota_scan/quota_core50_nc_q224/0,quota_core50_nc_q224,core50_nc,0,2,skipped,disabled,,,,,,,,,,,,,,,,,,,,,,,,,,,,,,,
effectiveness_v3_20260918T052702Z_ca15a41b,dev/core50_nc/quota_scan/quota_core50_nc_q224/0,quota_core50_nc_q224,core50_nc,0,3,skipped,disabled,,,,,,,,,,,,,,,,,,,,,,,,,,,,,,,
effectiveness_v3_20260918T052702Z_ca15a41b,dev/core50_nc/quota_scan/quota_core50_nc_q224/0,quota_core50_nc_q224,core50_nc,0,4,skipped,disabled,,,,,,,,,,,,,,,,,,,,,,,,,,,,,,,
effectiveness_v3_20260918T052702Z_ca15a41b,dev/core50_nc/quota_scan/quota_core50_nc_q224/0,quota_core50_nc_q224,core50_nc,0,5,skipped,disabled,,,,,,,,,,,,,,,,,,,,,,,,,,,,,,,
effectiveness_v3_20260918T052702Z_ca15a41b,dev/core50_nc/quota_scan/quota_core50_nc_q224/0,quota_core50_nc_q224,core50_nc,0,6,skipped,disabled,,,,,,,,,,,,,,,,,,,,,,,,,,,,,,,
effectiveness_v3_20260918T052702Z_ca15a41b,dev/core50_nc/quota_scan/quota_core50_nc_q224/0,quota_core50_nc_q224,core50_nc,0,7,skipped,disabled,,,,,,,,,,,,,,,,,,,,,,,,,,,,,,,
effectiveness_v3_20260918T052702Z_ca15a41b,dev/core50_nc/quota_scan/quota_core50_nc_q224/0,quota_core50_nc_q224,core50_nc,0,8,skipped,disabled,,,,,,,,,,,,,,,,,,,,,,,,,,,,,,,
effectiveness_v3_20260918T053032Z_b8606185,dev/core50_nc/quota_scan/quota_core50_nc_q240/0,quota_core50_nc_q240,core50_nc,0,0,skipped,disabled,,,,,,,,,,,,,,,,,,,,,,,,,,,,,,,
effectiveness_v3_20260918T053032Z_b8606185,dev/core50_nc/quota_scan/quota_core50_nc_q240/0,quota_core50_nc_q240,core50_nc,0,1,skipped,disabled,,,,,,,,,,,,,,,,,,,,,,,,,,,,,,,
effectiveness_v3_20260918T053032Z_b8606185,dev/core50_nc/quota_scan/quota_core50_nc_q240/0,quota_core50_nc_q240,core50_nc,0,2,skipped,disabled,,,,,,,,,,,,,,,,,,,,,,,,,,,,,,,
effectiveness_v3_20260918T053032Z_b8606185,dev/core50_nc/quota_scan/quota_core50_nc_q240/0,quota_core50_nc_q240,core50_nc,0,3,skipped,disabled,,,,,,,,,,,,,,,,,,,,,,,,,,,,,,,
effectiveness_v3_20260918T053032Z_b8606185,dev/core50_nc/quota_scan/quota_core50_nc_q240/0,quota_core50_nc_q240,core50_nc,0,4,skipped,disabled,,,,,,,,,,,,,,,,,,,,,,,,,,,,,,,
effectiveness_v3_20260918T053032Z_b8606185,dev/core50_nc/quota_scan/quota_core50_nc_q240/0,quota_core50_nc_q240,core50_nc,0,5,skipped,disabled,,,,,,,,,,,,,,,,,,,,,,,,,,,,,,,
effectiveness_v3_20260918T053032Z_b8606185,dev/core50_nc/quota_scan/quota_core50_nc_q240/0,quota_core50_nc_q240,core50_nc,0,6,skipped,disabled,,,,,,,,,,,,,,,,,,,,,,,,,,,,,,,
effectiveness_v3_20260918T053032Z_b8606185,dev/core50_nc/quota_scan/quota_core50_nc_q240/0,quota_core50_nc_q240,core50_nc,0,7,skipped,disabled,,,,,,,,,,,,,,,,,,,,,,,,,,,,,,,
effectiveness_v3_20260918T053032Z_b8606185,dev/core50_nc/quota_scan/quota_core50_nc_q240/0,quota_core50_nc_q240,core50_nc,0,8,skipped,disabled,,,,,,,,,,,,,,,,,,,,,,,,,,,,,,,
effectiveness_v3_20260918T053405Z_da48ec62,dev/core50_nc/quota_scan/quota_core50_nc_q256/0,quota_core50_nc_q256,core50_nc,0,0,skipped,disabled,,,,,,,,,,,,,,,,,,,,,,,,,,,,,,,
effectiveness_v3_20260918T053405Z_da48ec62,dev/core50_nc/quota_scan/quota_core50_nc_q256/0,quota_core50_nc_q256,core50_nc,0,1,skipped,disabled,,,,,,,,,,,,,,,,,,,,,,,,,,,,,,,
effectiveness_v3_20260918T053405Z_da48ec62,dev/core50_nc/quota_scan/quota_core50_nc_q256/0,quota_core50_nc_q256,core50_nc,0,2,skipped,disabled,,,,,,,,,,,,,,,,,,,,,,,,,,,,,,,
effectiveness_v3_20260918T053405Z_da48ec62,dev/core50_nc/quota_scan/quota_core50_nc_q256/0,quota_core50_nc_q256,core50_nc,0,3,skipped,disabled,,,,,,,,,,,,,,,,,,,,,,,,,,,,,,,
effectiveness_v3_20260918T053405Z_da48ec62,dev/core50_nc/quota_scan/quota_core50_nc_q256/0,quota_core50_nc_q256,core50_nc,0,4,skipped,disabled,,,,,,,,,,,,,,,,,,,,,,,,,,,,,,,
effectiveness_v3_20260918T053405Z_da48ec62,dev/core50_nc/quota_scan/quota_core50_nc_q256/0,quota_core50_nc_q256,core50_nc,0,5,skipped,disabled,,,,,,,,,,,,,,,,,,,,,,,,,,,,,,,
effectiveness_v3_20260918T053405Z_da48ec62,dev/core50_nc/quota_scan/quota_core50_nc_q256/0,quota_core50_nc_q256,core50_nc,0,6,skipped,disabled,,,,,,,,,,,,,,,,,,,,,,,,,,,,,,,
effectiveness_v3_20260918T053405Z_da48ec62,dev/core50_nc/quota_scan/quota_core50_nc_q256/0,quota_core50_nc_q256,core50_nc,0,7,skipped,disabled,,,,,,,,,,,,,,,,,,,,,,,,,,,,,,,
effectiveness_v3_20260918T053405Z_da48ec62,dev/core50_nc/quota_scan/quota_core50_nc_q256/0,quota_core50_nc_q256,core50_nc,0,8,skipped,disabled,,,,,,,,,,,,,,,,,,,,,,,,,,,,,,,
effectiveness_v3_20260918T053739Z_7f296087,dev/core50_nc/quota_scan/quota_core50_nc_q272/0,quota_core50_nc_q272,core50_nc,0,0,skipped,disabled,,,,,,,,,,,,,,,,,,,,,,,,,,,,,,,
effectiveness_v3_20260918T053739Z_7f296087,dev/core50_nc/quota_scan/quota_core50_nc_q272/0,quota_core50_nc_q272,core50_nc,0,1,skipped,disabled,,,,,,,,,,,,,,,,,,,,,,,,,,,,,,,
effectiveness_v3_20260918T053739Z_7f296087,dev/core50_nc/quota_scan/quota_core50_nc_q272/0,quota_core50_nc_q272,core50_nc,0,2,skipped,disabled,,,,,,,,,,,,,,,,,,,,,,,,,,,,,,,
effectiveness_v3_20260918T053739Z_7f296087,dev/core50_nc/quota_scan/quota_core50_nc_q272/0,quota_core50_nc_q272,core50_nc,0,3,skipped,disabled,,,,,,,,,,,,,,,,,,,,,,,,,,,,,,,
effectiveness_v3_20260918T053739Z_7f296087,dev/core50_nc/quota_scan/quota_core50_nc_q272/0,quota_core50_nc_q272,core50_nc,0,4,skipped,disabled,,,,,,,,,,,,,,,,,,,,,,,,,,,,,,,
effectiveness_v3_20260918T053739Z_7f296087,dev/core50_nc/quota_scan/quota_core50_nc_q272/0,quota_core50_nc_q272,core50_nc,0,5,skipped,disabled,,,,,,,,,,,,,,,,,,,,,,,,,,,,,,,
effectiveness_v3_20260918T053739Z_7f296087,dev/core50_nc/quota_scan/quota_core50_nc_q272/0,quota_core50_nc_q272,core50_nc,0,6,skipped,disabled,,,,,,,,,,,,,,,,,,,,,,,,,,,,,,,
effectiveness_v3_20260918T053739Z_7f296087,dev/core50_nc/quota_scan/quota_core50_nc_q272/0,quota_core50_nc_q272,core50_nc,0,7,skipped,disabled,,,,,,,,,,,,,,,,,,,,,,,,,,,,,,,
effectiveness_v3_20260918T053739Z_7f296087,dev/core50_nc/quota_scan/quota_core50_nc_q272/0,quota_core50_nc_q272,core50_nc,0,8,skipped,disabled,,,,,,,,,,,,,,,,,,,,,,,,,,,,,,,
effectiveness_v3_20260918T054112Z_d4208e97,dev/splitcifar100/quota_scan/quota_splitcifar100_q160/0,quota_splitcifar100_q160,splitcifar100,0,0,skipped,disabled,,,,,,,,,,,,,,,,,,,,,,,,,,,,,,,
effectiveness_v3_20260918T054112Z_d4208e97,dev/splitcifar100/quota_scan/quota_splitcifar100_q160/0,quota_splitcifar100_q160,splitcifar100,0,1,skipped,disabled,,,,,,,,,,,,,,,,,,,,,,,,,,,,,,,
effectiveness_v3_20260918T054112Z_d4208e97,dev/splitcifar100/quota_scan/quota_splitcifar100_q160/0,quota_splitcifar100_q160,splitcifar100,0,2,skipped,disabled,,,,,,,,,,,,,,,,,,,,,,,,,,,,,,,
effectiveness_v3_20260918T054112Z_d4208e97,dev/splitcifar100/quota_scan/quota_splitcifar100_q160/0,quota_splitcifar100_q160,splitcifar100,0,3,skipped,disabled,,,,,,,,,,,,,,,,,,,,,,,,,,,,,,,
effectiveness_v3_20260918T054112Z_d4208e97,dev/splitcifar100/quota_scan/quota_splitcifar100_q160/0,quota_splitcifar100_q160,splitcifar100,0,4,skipped,disabled,,,,,,,,,,,,,,,,,,,,,,,,,,,,,,,
effectiveness_v3_20260918T054112Z_d4208e97,dev/splitcifar100/quota_scan/quota_splitcifar100_q160/0,quota_splitcifar100_q160,splitcifar100,0,5,skipped,disabled,,,,,,,,,,,,,,,,,,,,,,,,,,,,,,,
effectiveness_v3_20260918T054112Z_d4208e97,dev/splitcifar100/quota_scan/quota_splitcifar100_q160/0,quota_splitcifar100_q160,splitcifar100,0,6,skipped,disabled,,,,,,,,,,,,,,,,,,,,,,,,,,,,,,,
effectiveness_v3_20260918T054112Z_d4208e97,dev/splitcifar100/quota_scan/quota_splitcifar100_q160/0,quota_splitcifar100_q160,splitcifar100,0,7,skipped,disabled,,,,,,,,,,,,,,,,,,,,,,,,,,,,,,,
effectiveness_v3_20260918T054112Z_d4208e97,dev/splitcifar100/quota_scan/quota_splitcifar100_q160/0,quota_splitcifar100_q160,splitcifar100,0,8,skipped,disabled,,,,,,,,,,,,,,,,,,,,,,,,,,,,,,,
effectiveness_v3_20260918T054112Z_d4208e97,dev/splitcifar100/quota_scan/quota_splitcifar100_q160/0,quota_splitcifar100_q160,splitcifar100,0,9,skipped,disabled,,,,,,,,,,,,,,,,,,,,,,,,,,,,,,,
effectiveness_v3_20260918T054236Z_cc768590,dev/splitcifar100/quota_scan/quota_splitcifar100_q176/0,quota_splitcifar100_q176,splitcifar100,0,0,skipped,disabled,,,,,,,,,,,,,,,,,,,,,,,,,,,,,,,
effectiveness_v3_20260918T054236Z_cc768590,dev/splitcifar100/quota_scan/quota_splitcifar100_q176/0,quota_splitcifar100_q176,splitcifar100,0,1,skipped,disabled,,,,,,,,,,,,,,,,,,,,,,,,,,,,,,,
effectiveness_v3_20260918T054236Z_cc768590,dev/splitcifar100/quota_scan/quota_splitcifar100_q176/0,quota_splitcifar100_q176,splitcifar100,0,2,skipped,disabled,,,,,,,,,,,,,,,,,,,,,,,,,,,,,,,
effectiveness_v3_20260918T054236Z_cc768590,dev/splitcifar100/quota_scan/quota_splitcifar100_q176/0,quota_splitcifar100_q176,splitcifar100,0,3,skipped,disabled,,,,,,,,,,,,,,,,,,,,,,,,,,,,,,,
effectiveness_v3_20260918T054236Z_cc768590,dev/splitcifar100/quota_scan/quota_splitcifar100_q176/0,quota_splitcifar100_q176,splitcifar100,0,4,skipped,disabled,,,,,,,,,,,,,,,,,,,,,,,,,,,,,,,
effectiveness_v3_20260918T054236Z_cc768590,dev/splitcifar100/quota_scan/quota_splitcifar100_q176/0,quota_splitcifar100_q176,splitcifar100,0,5,skipped,disabled,,,,,,,,,,,,,,,,,,,,,,,,,,,,,,,
effectiveness_v3_20260918T054236Z_cc768590,dev/splitcifar100/quota_scan/quota_splitcifar100_q176/0,quota_splitcifar100_q176,splitcifar100,0,6,skipped,disabled,,,,,,,,,,,,,,,,,,,,,,,,,,,,,,,
effectiveness_v3_20260918T054236Z_cc768590,dev/splitcifar100/quota_scan/quota_splitcifar100_q176/0,quota_splitcifar100_q176,splitcifar100,0,7,skipped,disabled,,,,,,,,,,,,,,,,,,,,,,,,,,,,,,,
effectiveness_v3_20260918T054236Z_cc768590,dev/splitcifar100/quota_scan/quota_splitcifar100_q176/0,quota_splitcifar100_q176,splitcifar100,0,8,skipped,disabled,,,,,,,,,,,,,,,,,,,,,,,,,,,,,,,
effectiveness_v3_20260918T054236Z_cc768590,dev/splitcifar100/quota_scan/quota_splitcifar100_q176/0,quota_splitcifar100_q176,splitcifar100,0,9,skipped,disabled,,,,,,,,,,,,,,,,,,,,,,,,,,,,,,,
effectiveness_v3_20260918T054400Z_e4bd3c8e,dev/splitcifar100/quota_scan/quota_splitcifar100_q192/0,quota_splitcifar100_q192,splitcifar100,0,0,skipped,disabled,,,,,,,,,,,,,,,,,,,,,,,,,,,,,,,
effectiveness_v3_20260918T054400Z_e4bd3c8e,dev/splitcifar100/quota_scan/quota_splitcifar100_q192/0,quota_splitcifar100_q192,splitcifar100,0,1,skipped,disabled,,,,,,,,,,,,,,,,,,,,,,,,,,,,,,,
effectiveness_v3_20260918T054400Z_e4bd3c8e,dev/splitcifar100/quota_scan/quota_splitcifar100_q192/0,quota_splitcifar100_q192,splitcifar100,0,2,skipped,disabled,,,,,,,,,,,,,,,,,,,,,,,,,,,,,,,
effectiveness_v3_20260918T054400Z_e4bd3c8e,dev/splitcifar100/quota_scan/quota_splitcifar100_q192/0,quota_splitcifar100_q192,splitcifar100,0,3,skipped,disabled,,,,,,,,,,,,,,,,,,,,,,,,,,,,,,,
effectiveness_v3_20260918T054400Z_e4bd3c8e,dev/splitcifar100/quota_scan/quota_splitcifar100_q192/0,quota_splitcifar100_q192,splitcifar100,0,4,skipped,disabled,,,,,,,,,,,,,,,,,,,,,,,,,,,,,,,
effectiveness_v3_20260918T054400Z_e4bd3c8e,dev/splitcifar100/quota_scan/quota_splitcifar100_q192/0,quota_splitcifar100_q192,splitcifar100,0,5,skipped,disabled,,,,,,,,,,,,,,,,,,,,,,,,,,,,,,,
effectiveness_v3_20260918T054400Z_e4bd3c8e,dev/splitcifar100/quota_scan/quota_splitcifar100_q192/0,quota_splitcifar100_q192,splitcifar100,0,6,skipped,disabled,,,,,,,,,,,,,,,,,,,,,,,,,,,,,,,
effectiveness_v3_20260918T054400Z_e4bd3c8e,dev/splitcifar100/quota_scan/quota_splitcifar100_q192/0,quota_splitcifar100_q192,splitcifar100,0,7,skipped,disabled,,,,,,,,,,,,,,,,,,,,,,,,,,,,,,,
effectiveness_v3_20260918T054400Z_e4bd3c8e,dev/splitcifar100/quota_scan/quota_splitcifar100_q192/0,quota_splitcifar100_q192,splitcifar100,0,8,skipped,disabled,,,,,,,,,,,,,,,,,,,,,,,,,,,,,,,
effectiveness_v3_20260918T054400Z_e4bd3c8e,dev/splitcifar100/quota_scan/quota_splitcifar100_q192/0,quota_splitcifar100_q192,splitcifar100,0,9,skipped,disabled,,,,,,,,,,,,,,,,,,,,,,,,,,,,,,,
effectiveness_v3_20260918T054522Z_0bab737f,dev/splitcifar100/quota_scan/quota_splitcifar100_q208/0,quota_splitcifar100_q208,splitcifar100,0,0,skipped,disabled,,,,,,,,,,,,,,,,,,,,,,,,,,,,,,,
effectiveness_v3_20260918T054522Z_0bab737f,dev/splitcifar100/quota_scan/quota_splitcifar100_q208/0,quota_splitcifar100_q208,splitcifar100,0,1,skipped,disabled,,,,,,,,,,,,,,,,,,,,,,,,,,,,,,,
effectiveness_v3_20260918T054522Z_0bab737f,dev/splitcifar100/quota_scan/quota_splitcifar100_q208/0,quota_splitcifar100_q208,splitcifar100,0,2,skipped,disabled,,,,,,,,,,,,,,,,,,,,,,,,,,,,,,,
effectiveness_v3_20260918T054522Z_0bab737f,dev/splitcifar100/quota_scan/quota_splitcifar100_q208/0,quota_splitcifar100_q208,splitcifar100,0,3,skipped,disabled,,,,,,,,,,,,,,,,,,,,,,,,,,,,,,,
effectiveness_v3_20260918T054522Z_0bab737f,dev/splitcifar100/quota_scan/quota_splitcifar100_q208/0,quota_splitcifar100_q208,splitcifar100,0,4,skipped,disabled,,,,,,,,,,,,,,,,,,,,,,,,,,,,,,,
effectiveness_v3_20260918T054522Z_0bab737f,dev/splitcifar100/quota_scan/quota_splitcifar100_q208/0,quota_splitcifar100_q208,splitcifar100,0,5,skipped,disabled,,,,,,,,,,,,,,,,,,,,,,,,,,,,,,,
effectiveness_v3_20260918T054522Z_0bab737f,dev/splitcifar100/quota_scan/quota_splitcifar100_q208/0,quota_splitcifar100_q208,splitcifar100,0,6,skipped,disabled,,,,,,,,,,,,,,,,,,,,,,,,,,,,,,,
effectiveness_v3_20260918T054522Z_0bab737f,dev/splitcifar100/quota_scan/quota_splitcifar100_q208/0,quota_splitcifar100_q208,splitcifar100,0,7,skipped,disabled,,,,,,,,,,,,,,,,,,,,,,,,,,,,,,,
effectiveness_v3_20260918T054522Z_0bab737f,dev/splitcifar100/quota_scan/quota_splitcifar100_q208/0,quota_splitcifar100_q208,splitcifar100,0,8,skipped,disabled,,,,,,,,,,,,,,,,,,,,,,,,,,,,,,,
effectiveness_v3_20260918T054522Z_0bab737f,dev/splitcifar100/quota_scan/quota_splitcifar100_q208/0,quota_splitcifar100_q208,splitcifar100,0,9,skipped,disabled,,,,,,,,,,,,,,,,,,,,,,,,,,,,,,,
effectiveness_v3_20260918T054644Z_7e5cb9f5,dev/splitcifar100/quota_scan/quota_splitcifar100_q224/0,quota_splitcifar100_q224,splitcifar100,0,0,skipped,disabled,,,,,,,,,,,,,,,,,,,,,,,,,,,,,,,
effectiveness_v3_20260918T054644Z_7e5cb9f5,dev/splitcifar100/quota_scan/quota_splitcifar100_q224/0,quota_splitcifar100_q224,splitcifar100,0,1,skipped,disabled,,,,,,,,,,,,,,,,,,,,,,,,,,,,,,,
effectiveness_v3_20260918T054644Z_7e5cb9f5,dev/splitcifar100/quota_scan/quota_splitcifar100_q224/0,quota_splitcifar100_q224,splitcifar100,0,2,skipped,disabled,,,,,,,,,,,,,,,,,,,,,,,,,,,,,,,
effectiveness_v3_20260918T054644Z_7e5cb9f5,dev/splitcifar100/quota_scan/quota_splitcifar100_q224/0,quota_splitcifar100_q224,splitcifar100,0,3,skipped,disabled,,,,,,,,,,,,,,,,,,,,,,,,,,,,,,,
effectiveness_v3_20260918T054644Z_7e5cb9f5,dev/splitcifar100/quota_scan/quota_splitcifar100_q224/0,quota_splitcifar100_q224,splitcifar100,0,4,skipped,disabled,,,,,,,,,,,,,,,,,,,,,,,,,,,,,,,
effectiveness_v3_20260918T054644Z_7e5cb9f5,dev/splitcifar100/quota_scan/quota_splitcifar100_q224/0,quota_splitcifar100_q224,splitcifar100,0,5,skipped,disabled,,,,,,,,,,,,,,,,,,,,,,,,,,,,,,,
effectiveness_v3_20260918T054644Z_7e5cb9f5,dev/splitcifar100/quota_scan/quota_splitcifar100_q224/0,quota_splitcifar100_q224,splitcifar100,0,6,skipped,disabled,,,,,,,,,,,,,,,,,,,,,,,,,,,,,,,
effectiveness_v3_20260918T054644Z_7e5cb9f5,dev/splitcifar100/quota_scan/quota_splitcifar100_q224/0,quota_splitcifar100_q224,splitcifar100,0,7,skipped,disabled,,,,,,,,,,,,,,,,,,,,,,,,,,,,,,,
effectiveness_v3_20260918T054644Z_7e5cb9f5,dev/splitcifar100/quota_scan/quota_splitcifar100_q224/0,quota_splitcifar100_q224,splitcifar100,0,8,skipped,disabled,,,,,,,,,,,,,,,,,,,,,,,,,,,,,,,
effectiveness_v3_20260918T054644Z_7e5cb9f5,dev/splitcifar100/quota_scan/quota_splitcifar100_q224/0,quota_splitcifar100_q224,splitcifar100,0,9,skipped,disabled,,,,,,,,,,,,,,,,,,,,,,,,,,,,,,,
effectiveness_v3_20260918T054805Z_038271a2,dev/splitcifar100/quota_scan/quota_splitcifar100_q240/0,quota_splitcifar100_q240,splitcifar100,0,0,skipped,disabled,,,,,,,,,,,,,,,,,,,,,,,,,,,,,,,
effectiveness_v3_20260918T054805Z_038271a2,dev/splitcifar100/quota_scan/quota_splitcifar100_q240/0,quota_splitcifar100_q240,splitcifar100,0,1,skipped,disabled,,,,,,,,,,,,,,,,,,,,,,,,,,,,,,,
effectiveness_v3_20260918T054805Z_038271a2,dev/splitcifar100/quota_scan/quota_splitcifar100_q240/0,quota_splitcifar100_q240,splitcifar100,0,2,skipped,disabled,,,,,,,,,,,,,,,,,,,,,,,,,,,,,,,
effectiveness_v3_20260918T054805Z_038271a2,dev/splitcifar100/quota_scan/quota_splitcifar100_q240/0,quota_splitcifar100_q240,splitcifar100,0,3,skipped,disabled,,,,,,,,,,,,,,,,,,,,,,,,,,,,,,,
effectiveness_v3_20260918T054805Z_038271a2,dev/splitcifar100/quota_scan/quota_splitcifar100_q240/0,quota_splitcifar100_q240,splitcifar100,0,4,skipped,disabled,,,,,,,,,,,,,,,,,,,,,,,,,,,,,,,
effectiveness_v3_20260918T054805Z_038271a2,dev/splitcifar100/quota_scan/quota_splitcifar100_q240/0,quota_splitcifar100_q240,splitcifar100,0,5,skipped,disabled,,,,,,,,,,,,,,,,,,,,,,,,,,,,,,,
effectiveness_v3_20260918T054805Z_038271a2,dev/splitcifar100/quota_scan/quota_splitcifar100_q240/0,quota_splitcifar100_q240,splitcifar100,0,6,skipped,disabled,,,,,,,,,,,,,,,,,,,,,,,,,,,,,,,
effectiveness_v3_20260918T054805Z_038271a2,dev/splitcifar100/quota_scan/quota_splitcifar100_q240/0,quota_splitcifar100_q240,splitcifar100,0,7,skipped,disabled,,,,,,,,,,,,,,,,,,,,,,,,,,,,,,,
effectiveness_v3_20260918T054805Z_038271a2,dev/splitcifar100/quota_scan/quota_splitcifar100_q240/0,quota_splitcifar100_q240,splitcifar100,0,8,skipped,disabled,,,,,,,,,,,,,,,,,,,,,,,,,,,,,,,
effectiveness_v3_20260918T054805Z_038271a2,dev/splitcifar100/quota_scan/quota_splitcifar100_q240/0,quota_splitcifar100_q240,splitcifar100,0,9,skipped,disabled,,,,,,,,,,,,,,,,,,,,,,,,,,,,,,,
effectiveness_v3_20260918T054930Z_6d7360cb,dev/splitcifar100/quota_scan/quota_splitcifar100_q256/0,quota_splitcifar100_q256,splitcifar100,0,0,skipped,disabled,,,,,,,,,,,,,,,,,,,,,,,,,,,,,,,
effectiveness_v3_20260918T054930Z_6d7360cb,dev/splitcifar100/quota_scan/quota_splitcifar100_q256/0,quota_splitcifar100_q256,splitcifar100,0,1,skipped,disabled,,,,,,,,,,,,,,,,,,,,,,,,,,,,,,,
effectiveness_v3_20260918T054930Z_6d7360cb,dev/splitcifar100/quota_scan/quota_splitcifar100_q256/0,quota_splitcifar100_q256,splitcifar100,0,2,skipped,disabled,,,,,,,,,,,,,,,,,,,,,,,,,,,,,,,
effectiveness_v3_20260918T054930Z_6d7360cb,dev/splitcifar100/quota_scan/quota_splitcifar100_q256/0,quota_splitcifar100_q256,splitcifar100,0,3,skipped,disabled,,,,,,,,,,,,,,,,,,,,,,,,,,,,,,,
effectiveness_v3_20260918T054930Z_6d7360cb,dev/splitcifar100/quota_scan/quota_splitcifar100_q256/0,quota_splitcifar100_q256,splitcifar100,0,4,skipped,disabled,,,,,,,,,,,,,,,,,,,,,,,,,,,,,,,
effectiveness_v3_20260918T054930Z_6d7360cb,dev/splitcifar100/quota_scan/quota_splitcifar100_q256/0,quota_splitcifar100_q256,splitcifar100,0,5,skipped,disabled,,,,,,,,,,,,,,,,,,,,,,,,,,,,,,,
effectiveness_v3_20260918T054930Z_6d7360cb,dev/splitcifar100/quota_scan/quota_splitcifar100_q256/0,quota_splitcifar100_q256,splitcifar100,0,6,skipped,disabled,,,,,,,,,,,,,,,,,,,,,,,,,,,,,,,
effectiveness_v3_20260918T054930Z_6d7360cb,dev/splitcifar100/quota_scan/quota_splitcifar100_q256/0,quota_splitcifar100_q256,splitcifar100,0,7,skipped,disabled,,,,,,,,,,,,,,,,,,,,,,,,,,,,,,,
effectiveness_v3_20260918T054930Z_6d7360cb,dev/splitcifar100/quota_scan/quota_splitcifar100_q256/0,quota_splitcifar100_q256,splitcifar100,0,8,skipped,disabled,,,,,,,,,,,,,,,,,,,,,,,,,,,,,,,
effectiveness_v3_20260918T054930Z_6d7360cb,dev/splitcifar100/quota_scan/quota_splitcifar100_q256/0,quota_splitcifar100_q256,splitcifar100,0,9,skipped,disabled,,,,,,,,,,,,,,,,,,,,,,,,,,,,,,,
effectiveness_v3_20260918T055051Z_91f34914,dev/splitcifar100/quota_scan/quota_splitcifar100_q272/0,quota_splitcifar100_q272,splitcifar100,0,0,skipped,disabled,,,,,,,,,,,,,,,,,,,,,,,,,,,,,,,
effectiveness_v3_20260918T055051Z_91f34914,dev/splitcifar100/quota_scan/quota_splitcifar100_q272/0,quota_splitcifar100_q272,splitcifar100,0,1,skipped,disabled,,,,,,,,,,,,,,,,,,,,,,,,,,,,,,,
effectiveness_v3_20260918T055051Z_91f34914,dev/splitcifar100/quota_scan/quota_splitcifar100_q272/0,quota_splitcifar100_q272,splitcifar100,0,2,skipped,disabled,,,,,,,,,,,,,,,,,,,,,,,,,,,,,,,
effectiveness_v3_20260918T055051Z_91f34914,dev/splitcifar100/quota_scan/quota_splitcifar100_q272/0,quota_splitcifar100_q272,splitcifar100,0,3,skipped,disabled,,,,,,,,,,,,,,,,,,,,,,,,,,,,,,,
effectiveness_v3_20260918T055051Z_91f34914,dev/splitcifar100/quota_scan/quota_splitcifar100_q272/0,quota_splitcifar100_q272,splitcifar100,0,4,skipped,disabled,,,,,,,,,,,,,,,,,,,,,,,,,,,,,,,
effectiveness_v3_20260918T055051Z_91f34914,dev/splitcifar100/quota_scan/quota_splitcifar100_q272/0,quota_splitcifar100_q272,splitcifar100,0,5,skipped,disabled,,,,,,,,,,,,,,,,,,,,,,,,,,,,,,,
effectiveness_v3_20260918T055051Z_91f34914,dev/splitcifar100/quota_scan/quota_splitcifar100_q272/0,quota_splitcifar100_q272,splitcifar100,0,6,skipped,disabled,,,,,,,,,,,,,,,,,,,,,,,,,,,,,,,
effectiveness_v3_20260918T055051Z_91f34914,dev/splitcifar100/quota_scan/quota_splitcifar100_q272/0,quota_splitcifar100_q272,splitcifar100,0,7,skipped,disabled,,,,,,,,,,,,,,,,,,,,,,,,,,,,,,,
effectiveness_v3_20260918T055051Z_91f34914,dev/splitcifar100/quota_scan/quota_splitcifar100_q272/0,quota_splitcifar100_q272,splitcifar100,0,8,skipped,disabled,,,,,,,,,,,,,,,,,,,,,,,,,,,,,,,
effectiveness_v3_20260918T055051Z_91f34914,dev/splitcifar100/quota_scan/quota_splitcifar100_q272/0,quota_splitcifar100_q272,splitcifar100,0,9,skipped,disabled,,,,,,,,,,,,,,,,,,,,,,,,,,,,,,,
effectiveness_v3_20260918T055222Z_53e5a22d,dev/core50_nc/q_loose_verify/loose_core50_nc_q320/0,loose_core50_nc_q320,core50_nc,0,0,skipped,disabled,,,,,,,,,,,,,,,,,,,,,,,,,,,,,,,
effectiveness_v3_20260918T055222Z_53e5a22d,dev/core50_nc/q_loose_verify/loose_core50_nc_q320/0,loose_core50_nc_q320,core50_nc,0,1,skipped,disabled,,,,,,,,,,,,,,,,,,,,,,,,,,,,,,,
effectiveness_v3_20260918T055222Z_53e5a22d,dev/core50_nc/q_loose_verify/loose_core50_nc_q320/0,loose_core50_nc_q320,core50_nc,0,2,skipped,disabled,,,,,,,,,,,,,,,,,,,,,,,,,,,,,,,
effectiveness_v3_20260918T055222Z_53e5a22d,dev/core50_nc/q_loose_verify/loose_core50_nc_q320/0,loose_core50_nc_q320,core50_nc,0,3,skipped,disabled,,,,,,,,,,,,,,,,,,,,,,,,,,,,,,,
effectiveness_v3_20260918T055222Z_53e5a22d,dev/core50_nc/q_loose_verify/loose_core50_nc_q320/0,loose_core50_nc_q320,core50_nc,0,4,skipped,disabled,,,,,,,,,,,,,,,,,,,,,,,,,,,,,,,
effectiveness_v3_20260918T055222Z_53e5a22d,dev/core50_nc/q_loose_verify/loose_core50_nc_q320/0,loose_core50_nc_q320,core50_nc,0,5,skipped,disabled,,,,,,,,,,,,,,,,,,,,,,,,,,,,,,,
effectiveness_v3_20260918T055222Z_53e5a22d,dev/core50_nc/q_loose_verify/loose_core50_nc_q320/0,loose_core50_nc_q320,core50_nc,0,6,skipped,disabled,,,,,,,,,,,,,,,,,,,,,,,,,,,,,,,
effectiveness_v3_20260918T055222Z_53e5a22d,dev/core50_nc/q_loose_verify/loose_core50_nc_q320/0,loose_core50_nc_q320,core50_nc,0,7,skipped,disabled,,,,,,,,,,,,,,,,,,,,,,,,,,,,,,,
effectiveness_v3_20260918T055222Z_53e5a22d,dev/core50_nc/q_loose_verify/loose_core50_nc_q320/0,loose_core50_nc_q320,core50_nc,0,8,skipped,disabled,,,,,,,,,,,,,,,,,,,,,,,,,,,,,,,
effectiveness_v3_20260918T055602Z_9b29b8f8,dev/core50_nc/plugin_loose/plugin_loose_core50_nc_q320/0,plugin_loose_core50_nc_q320,core50_nc,0,0,skipped,disabled,,,,,,,,,,,,,,,,,,,,,,,,,,,,,,,
effectiveness_v3_20260918T055602Z_9b29b8f8,dev/core50_nc/plugin_loose/plugin_loose_core50_nc_q320/0,plugin_loose_core50_nc_q320,core50_nc,0,1,skipped,disabled,,,,,,,,,,,,,,,,,,,,,,,,,,,,,,,
effectiveness_v3_20260918T055602Z_9b29b8f8,dev/core50_nc/plugin_loose/plugin_loose_core50_nc_q320/0,plugin_loose_core50_nc_q320,core50_nc,0,2,skipped,disabled,,,,,,,,,,,,,,,,,,,,,,,,,,,,,,,
effectiveness_v3_20260918T055602Z_9b29b8f8,dev/core50_nc/plugin_loose/plugin_loose_core50_nc_q320/0,plugin_loose_core50_nc_q320,core50_nc,0,3,skipped,disabled,,,,,,,,,,,,,,,,,,,,,,,,,,,,,,,
effectiveness_v3_20260918T055602Z_9b29b8f8,dev/core50_nc/plugin_loose/plugin_loose_core50_nc_q320/0,plugin_loose_core50_nc_q320,core50_nc,0,4,skipped,disabled,,,,,,,,,,,,,,,,,,,,,,,,,,,,,,,
effectiveness_v3_20260918T055602Z_9b29b8f8,dev/core50_nc/plugin_loose/plugin_loose_core50_nc_q320/0,plugin_loose_core50_nc_q320,core50_nc,0,5,skipped,disabled,,,,,,,,,,,,,,,,,,,,,,,,,,,,,,,
effectiveness_v3_20260918T055602Z_9b29b8f8,dev/core50_nc/plugin_loose/plugin_loose_core50_nc_q320/0,plugin_loose_core50_nc_q320,core50_nc,0,6,skipped,disabled,,,,,,,,,,,,,,,,,,,,,,,,,,,,,,,
effectiveness_v3_20260918T055602Z_9b29b8f8,dev/core50_nc/plugin_loose/plugin_loose_core50_nc_q320/0,plugin_loose_core50_nc_q320,core50_nc,0,7,skipped,disabled,,,,,,,,,,,,,,,,,,,,,,,,,,,,,,,
effectiveness_v3_20260918T055602Z_9b29b8f8,dev/core50_nc/plugin_loose/plugin_loose_core50_nc_q320/0,plugin_loose_core50_nc_q320,core50_nc,0,8,skipped,disabled,,,,,,,,,,,,,,,,,,,,,,,,,,,,,,,
effectiveness_v3_20260918T061211Z_f25203dd,dev/core50_nc/l_cal/lcal_core50_nc_q320_rep0/0,lcal_core50_nc_q320_rep0,core50_nc,0,0,skipped,disabled,,,,,,,,,,,,,,,,,,,,,,,,,,,,,,,
effectiveness_v3_20260918T061211Z_f25203dd,dev/core50_nc/l_cal/lcal_core50_nc_q320_rep0/0,lcal_core50_nc_q320_rep0,core50_nc,0,1,skipped,disabled,,,,,,,,,,,,,,,,,,,,,,,,,,,,,,,
effectiveness_v3_20260918T061211Z_f25203dd,dev/core50_nc/l_cal/lcal_core50_nc_q320_rep0/0,lcal_core50_nc_q320_rep0,core50_nc,0,2,skipped,disabled,,,,,,,,,,,,,,,,,,,,,,,,,,,,,,,
effectiveness_v3_20260918T061211Z_f25203dd,dev/core50_nc/l_cal/lcal_core50_nc_q320_rep0/0,lcal_core50_nc_q320_rep0,core50_nc,0,3,skipped,disabled,,,,,,,,,,,,,,,,,,,,,,,,,,,,,,,
effectiveness_v3_20260918T061211Z_f25203dd,dev/core50_nc/l_cal/lcal_core50_nc_q320_rep0/0,lcal_core50_nc_q320_rep0,core50_nc,0,4,skipped,disabled,,,,,,,,,,,,,,,,,,,,,,,,,,,,,,,
effectiveness_v3_20260918T061211Z_f25203dd,dev/core50_nc/l_cal/lcal_core50_nc_q320_rep0/0,lcal_core50_nc_q320_rep0,core50_nc,0,5,skipped,disabled,,,,,,,,,,,,,,,,,,,,,,,,,,,,,,,
effectiveness_v3_20260918T061211Z_f25203dd,dev/core50_nc/l_cal/lcal_core50_nc_q320_rep0/0,lcal_core50_nc_q320_rep0,core50_nc,0,6,skipped,disabled,,,,,,,,,,,,,,,,,,,,,,,,,,,,,,,
effectiveness_v3_20260918T061211Z_f25203dd,dev/core50_nc/l_cal/lcal_core50_nc_q320_rep0/0,lcal_core50_nc_q320_rep0,core50_nc,0,7,skipped,disabled,,,,,,,,,,,,,,,,,,,,,,,,,,,,,,,
effectiveness_v3_20260918T061211Z_f25203dd,dev/core50_nc/l_cal/lcal_core50_nc_q320_rep0/0,lcal_core50_nc_q320_rep0,core50_nc,0,8,skipped,disabled,,,,,,,,,,,,,,,,,,,,,,,,,,,,,,,
effectiveness_v3_20260918T061541Z_8747fb0e,dev/core50_nc/l_cal/lcal_core50_nc_q320_rep1/0,lcal_core50_nc_q320_rep1,core50_nc,0,0,skipped,disabled,,,,,,,,,,,,,,,,,,,,,,,,,,,,,,,
effectiveness_v3_20260918T061541Z_8747fb0e,dev/core50_nc/l_cal/lcal_core50_nc_q320_rep1/0,lcal_core50_nc_q320_rep1,core50_nc,0,1,skipped,disabled,,,,,,,,,,,,,,,,,,,,,,,,,,,,,,,
effectiveness_v3_20260918T061541Z_8747fb0e,dev/core50_nc/l_cal/lcal_core50_nc_q320_rep1/0,lcal_core50_nc_q320_rep1,core50_nc,0,2,skipped,disabled,,,,,,,,,,,,,,,,,,,,,,,,,,,,,,,
effectiveness_v3_20260918T061541Z_8747fb0e,dev/core50_nc/l_cal/lcal_core50_nc_q320_rep1/0,lcal_core50_nc_q320_rep1,core50_nc,0,3,skipped,disabled,,,,,,,,,,,,,,,,,,,,,,,,,,,,,,,
effectiveness_v3_20260918T061541Z_8747fb0e,dev/core50_nc/l_cal/lcal_core50_nc_q320_rep1/0,lcal_core50_nc_q320_rep1,core50_nc,0,4,skipped,disabled,,,,,,,,,,,,,,,,,,,,,,,,,,,,,,,
effectiveness_v3_20260918T061541Z_8747fb0e,dev/core50_nc/l_cal/lcal_core50_nc_q320_rep1/0,lcal_core50_nc_q320_rep1,core50_nc,0,5,skipped,disabled,,,,,,,,,,,,,,,,,,,,,,,,,,,,,,,
effectiveness_v3_20260918T061541Z_8747fb0e,dev/core50_nc/l_cal/lcal_core50_nc_q320_rep1/0,lcal_core50_nc_q320_rep1,core50_nc,0,6,skipped,disabled,,,,,,,,,,,,,,,,,,,,,,,,,,,,,,,
effectiveness_v3_20260918T061541Z_8747fb0e,dev/core50_nc/l_cal/lcal_core50_nc_q320_rep1/0,lcal_core50_nc_q320_rep1,core50_nc,0,7,skipped,disabled,,,,,,,,,,,,,,,,,,,,,,,,,,,,,,,
effectiveness_v3_20260918T061541Z_8747fb0e,dev/core50_nc/l_cal/lcal_core50_nc_q320_rep1/0,lcal_core50_nc_q320_rep1,core50_nc,0,8,skipped,disabled,,,,,,,,,,,,,,,,,,,,,,,,,,,,,,,
effectiveness_v3_20260918T061925Z_1158848e,dev/core50_nc/static_search_tight/search_tight_core50_nc_b16_r200_q160/0,search_tight_core50_nc_b16_r200_q160,core50_nc,0,0,skipped,disabled,,,,,,,,,,,,,,,,,,,,,,,,,,,,,,,
effectiveness_v3_20260918T061925Z_1158848e,dev/core50_nc/static_search_tight/search_tight_core50_nc_b16_r200_q160/0,search_tight_core50_nc_b16_r200_q160,core50_nc,0,1,skipped,disabled,,,,,,,,,,,,,,,,,,,,,,,,,,,,,,,
effectiveness_v3_20260918T061925Z_1158848e,dev/core50_nc/static_search_tight/search_tight_core50_nc_b16_r200_q160/0,search_tight_core50_nc_b16_r200_q160,core50_nc,0,2,skipped,disabled,,,,,,,,,,,,,,,,,,,,,,,,,,,,,,,
effectiveness_v3_20260918T061925Z_1158848e,dev/core50_nc/static_search_tight/search_tight_core50_nc_b16_r200_q160/0,search_tight_core50_nc_b16_r200_q160,core50_nc,0,3,skipped,disabled,,,,,,,,,,,,,,,,,,,,,,,,,,,,,,,
effectiveness_v3_20260918T061925Z_1158848e,dev/core50_nc/static_search_tight/search_tight_core50_nc_b16_r200_q160/0,search_tight_core50_nc_b16_r200_q160,core50_nc,0,4,skipped,disabled,,,,,,,,,,,,,,,,,,,,,,,,,,,,,,,
effectiveness_v3_20260918T061925Z_1158848e,dev/core50_nc/static_search_tight/search_tight_core50_nc_b16_r200_q160/0,search_tight_core50_nc_b16_r200_q160,core50_nc,0,5,skipped,disabled,,,,,,,,,,,,,,,,,,,,,,,,,,,,,,,
effectiveness_v3_20260918T061925Z_1158848e,dev/core50_nc/static_search_tight/search_tight_core50_nc_b16_r200_q160/0,search_tight_core50_nc_b16_r200_q160,core50_nc,0,6,skipped,disabled,,,,,,,,,,,,,,,,,,,,,,,,,,,,,,,
effectiveness_v3_20260918T061925Z_1158848e,dev/core50_nc/static_search_tight/search_tight_core50_nc_b16_r200_q160/0,search_tight_core50_nc_b16_r200_q160,core50_nc,0,7,skipped,disabled,,,,,,,,,,,,,,,,,,,,,,,,,,,,,,,
effectiveness_v3_20260918T061925Z_1158848e,dev/core50_nc/static_search_tight/search_tight_core50_nc_b16_r200_q160/0,search_tight_core50_nc_b16_r200_q160,core50_nc,0,8,skipped,disabled,,,,,,,,,,,,,,,,,,,,,,,,,,,,,,,
effectiveness_v3_20260918T062258Z_fb2a4c31,dev/core50_nc/static_search_tight/search_tight_core50_nc_b16_r2000_q160/0,search_tight_core50_nc_b16_r2000_q160,core50_nc,0,0,skipped,disabled,,,,,,,,,,,,,,,,,,,,,,,,,,,,,,,
effectiveness_v3_20260918T062258Z_fb2a4c31,dev/core50_nc/static_search_tight/search_tight_core50_nc_b16_r2000_q160/0,search_tight_core50_nc_b16_r2000_q160,core50_nc,0,1,skipped,disabled,,,,,,,,,,,,,,,,,,,,,,,,,,,,,,,
effectiveness_v3_20260918T062258Z_fb2a4c31,dev/core50_nc/static_search_tight/search_tight_core50_nc_b16_r2000_q160/0,search_tight_core50_nc_b16_r2000_q160,core50_nc,0,2,skipped,disabled,,,,,,,,,,,,,,,,,,,,,,,,,,,,,,,
effectiveness_v3_20260918T062258Z_fb2a4c31,dev/core50_nc/static_search_tight/search_tight_core50_nc_b16_r2000_q160/0,search_tight_core50_nc_b16_r2000_q160,core50_nc,0,3,skipped,disabled,,,,,,,,,,,,,,,,,,,,,,,,,,,,,,,
effectiveness_v3_20260918T062258Z_fb2a4c31,dev/core50_nc/static_search_tight/search_tight_core50_nc_b16_r2000_q160/0,search_tight_core50_nc_b16_r2000_q160,core50_nc,0,4,skipped,disabled,,,,,,,,,,,,,,,,,,,,,,,,,,,,,,,
effectiveness_v3_20260918T062258Z_fb2a4c31,dev/core50_nc/static_search_tight/search_tight_core50_nc_b16_r2000_q160/0,search_tight_core50_nc_b16_r2000_q160,core50_nc,0,5,skipped,disabled,,,,,,,,,,,,,,,,,,,,,,,,,,,,,,,
effectiveness_v3_20260918T062258Z_fb2a4c31,dev/core50_nc/static_search_tight/search_tight_core50_nc_b16_r2000_q160/0,search_tight_core50_nc_b16_r2000_q160,core50_nc,0,6,skipped,disabled,,,,,,,,,,,,,,,,,,,,,,,,,,,,,,,
effectiveness_v3_20260918T062258Z_fb2a4c31,dev/core50_nc/static_search_tight/search_tight_core50_nc_b16_r2000_q160/0,search_tight_core50_nc_b16_r2000_q160,core50_nc,0,7,skipped,disabled,,,,,,,,,,,,,,,,,,,,,,,,,,,,,,,
effectiveness_v3_20260918T062258Z_fb2a4c31,dev/core50_nc/static_search_tight/search_tight_core50_nc_b16_r2000_q160/0,search_tight_core50_nc_b16_r2000_q160,core50_nc,0,8,skipped,disabled,,,,,,,,,,,,,,,,,,,,,,,,,,,,,,,
effectiveness_v3_20260918T062705Z_ce1e6152,dev/core50_nc/static_search_loose/search_loose_core50_nc_b16_r200_q320/0,search_loose_core50_nc_b16_r200_q320,core50_nc,0,0,skipped,disabled,,,,,,,,,,,,,,,,,,,,,,,,,,,,,,,
effectiveness_v3_20260918T062705Z_ce1e6152,dev/core50_nc/static_search_loose/search_loose_core50_nc_b16_r200_q320/0,search_loose_core50_nc_b16_r200_q320,core50_nc,0,1,skipped,disabled,,,,,,,,,,,,,,,,,,,,,,,,,,,,,,,
effectiveness_v3_20260918T062705Z_ce1e6152,dev/core50_nc/static_search_loose/search_loose_core50_nc_b16_r200_q320/0,search_loose_core50_nc_b16_r200_q320,core50_nc,0,2,skipped,disabled,,,,,,,,,,,,,,,,,,,,,,,,,,,,,,,
effectiveness_v3_20260918T062705Z_ce1e6152,dev/core50_nc/static_search_loose/search_loose_core50_nc_b16_r200_q320/0,search_loose_core50_nc_b16_r200_q320,core50_nc,0,3,skipped,disabled,,,,,,,,,,,,,,,,,,,,,,,,,,,,,,,
effectiveness_v3_20260918T062705Z_ce1e6152,dev/core50_nc/static_search_loose/search_loose_core50_nc_b16_r200_q320/0,search_loose_core50_nc_b16_r200_q320,core50_nc,0,4,skipped,disabled,,,,,,,,,,,,,,,,,,,,,,,,,,,,,,,
effectiveness_v3_20260918T062705Z_ce1e6152,dev/core50_nc/static_search_loose/search_loose_core50_nc_b16_r200_q320/0,search_loose_core50_nc_b16_r200_q320,core50_nc,0,5,skipped,disabled,,,,,,,,,,,,,,,,,,,,,,,,,,,,,,,
effectiveness_v3_20260918T062705Z_ce1e6152,dev/core50_nc/static_search_loose/search_loose_core50_nc_b16_r200_q320/0,search_loose_core50_nc_b16_r200_q320,core50_nc,0,6,skipped,disabled,,,,,,,,,,,,,,,,,,,,,,,,,,,,,,,
effectiveness_v3_20260918T062705Z_ce1e6152,dev/core50_nc/static_search_loose/search_loose_core50_nc_b16_r200_q320/0,search_loose_core50_nc_b16_r200_q320,core50_nc,0,7,skipped,disabled,,,,,,,,,,,,,,,,,,,,,,,,,,,,,,,
effectiveness_v3_20260918T062705Z_ce1e6152,dev/core50_nc/static_search_loose/search_loose_core50_nc_b16_r200_q320/0,search_loose_core50_nc_b16_r200_q320,core50_nc,0,8,skipped,disabled,,,,,,,,,,,,,,,,,,,,,,,,,,,,,,,
effectiveness_v3_20260918T063035Z_a97c2d26,dev/core50_nc/static_search_loose/search_loose_core50_nc_b16_r2000_q320/0,search_loose_core50_nc_b16_r2000_q320,core50_nc,0,0,skipped,disabled,,,,,,,,,,,,,,,,,,,,,,,,,,,,,,,
effectiveness_v3_20260918T063035Z_a97c2d26,dev/core50_nc/static_search_loose/search_loose_core50_nc_b16_r2000_q320/0,search_loose_core50_nc_b16_r2000_q320,core50_nc,0,1,skipped,disabled,,,,,,,,,,,,,,,,,,,,,,,,,,,,,,,
effectiveness_v3_20260918T063035Z_a97c2d26,dev/core50_nc/static_search_loose/search_loose_core50_nc_b16_r2000_q320/0,search_loose_core50_nc_b16_r2000_q320,core50_nc,0,2,skipped,disabled,,,,,,,,,,,,,,,,,,,,,,,,,,,,,,,
effectiveness_v3_20260918T063035Z_a97c2d26,dev/core50_nc/static_search_loose/search_loose_core50_nc_b16_r2000_q320/0,search_loose_core50_nc_b16_r2000_q320,core50_nc,0,3,skipped,disabled,,,,,,,,,,,,,,,,,,,,,,,,,,,,,,,
effectiveness_v3_20260918T063035Z_a97c2d26,dev/core50_nc/static_search_loose/search_loose_core50_nc_b16_r2000_q320/0,search_loose_core50_nc_b16_r2000_q320,core50_nc,0,4,skipped,disabled,,,,,,,,,,,,,,,,,,,,,,,,,,,,,,,
effectiveness_v3_20260918T063035Z_a97c2d26,dev/core50_nc/static_search_loose/search_loose_core50_nc_b16_r2000_q320/0,search_loose_core50_nc_b16_r2000_q320,core50_nc,0,5,skipped,disabled,,,,,,,,,,,,,,,,,,,,,,,,,,,,,,,
effectiveness_v3_20260918T063035Z_a97c2d26,dev/core50_nc/static_search_loose/search_loose_core50_nc_b16_r2000_q320/0,search_loose_core50_nc_b16_r2000_q320,core50_nc,0,6,skipped,disabled,,,,,,,,,,,,,,,,,,,,,,,,,,,,,,,
effectiveness_v3_20260918T063035Z_a97c2d26,dev/core50_nc/static_search_loose/search_loose_core50_nc_b16_r2000_q320/0,search_loose_core50_nc_b16_r2000_q320,core50_nc,0,7,skipped,disabled,,,,,,,,,,,,,,,,,,,,,,,,,,,,,,,
effectiveness_v3_20260918T063035Z_a97c2d26,dev/core50_nc/static_search_loose/search_loose_core50_nc_b16_r2000_q320/0,search_loose_core50_nc_b16_r2000_q320,core50_nc,0,8,skipped,disabled,,,,,,,,,,,,,,,,,,,,,,,,,,,,,,,
effectiveness_v3_20260918T063410Z_35400e3d,dev/core50_nc/static_search_loose/search_loose_core50_nc_b64_r200_q320/0,search_loose_core50_nc_b64_r200_q320,core50_nc,0,0,skipped,disabled,,,,,,,,,,,,,,,,,,,,,,,,,,,,,,,
effectiveness_v3_20260918T063410Z_35400e3d,dev/core50_nc/static_search_loose/search_loose_core50_nc_b64_r200_q320/0,search_loose_core50_nc_b64_r200_q320,core50_nc,0,1,skipped,disabled,,,,,,,,,,,,,,,,,,,,,,,,,,,,,,,
effectiveness_v3_20260918T063410Z_35400e3d,dev/core50_nc/static_search_loose/search_loose_core50_nc_b64_r200_q320/0,search_loose_core50_nc_b64_r200_q320,core50_nc,0,2,skipped,disabled,,,,,,,,,,,,,,,,,,,,,,,,,,,,,,,
effectiveness_v3_20260918T063410Z_35400e3d,dev/core50_nc/static_search_loose/search_loose_core50_nc_b64_r200_q320/0,search_loose_core50_nc_b64_r200_q320,core50_nc,0,3,skipped,disabled,,,,,,,,,,,,,,,,,,,,,,,,,,,,,,,
effectiveness_v3_20260918T063410Z_35400e3d,dev/core50_nc/static_search_loose/search_loose_core50_nc_b64_r200_q320/0,search_loose_core50_nc_b64_r200_q320,core50_nc,0,4,skipped,disabled,,,,,,,,,,,,,,,,,,,,,,,,,,,,,,,
effectiveness_v3_20260918T063410Z_35400e3d,dev/core50_nc/static_search_loose/search_loose_core50_nc_b64_r200_q320/0,search_loose_core50_nc_b64_r200_q320,core50_nc,0,5,skipped,disabled,,,,,,,,,,,,,,,,,,,,,,,,,,,,,,,
effectiveness_v3_20260918T063410Z_35400e3d,dev/core50_nc/static_search_loose/search_loose_core50_nc_b64_r200_q320/0,search_loose_core50_nc_b64_r200_q320,core50_nc,0,6,skipped,disabled,,,,,,,,,,,,,,,,,,,,,,,,,,,,,,,
effectiveness_v3_20260918T063410Z_35400e3d,dev/core50_nc/static_search_loose/search_loose_core50_nc_b64_r200_q320/0,search_loose_core50_nc_b64_r200_q320,core50_nc,0,7,skipped,disabled,,,,,,,,,,,,,,,,,,,,,,,,,,,,,,,
effectiveness_v3_20260918T063410Z_35400e3d,dev/core50_nc/static_search_loose/search_loose_core50_nc_b64_r200_q320/0,search_loose_core50_nc_b64_r200_q320,core50_nc,0,8,skipped,disabled,,,,,,,,,,,,,,,,,,,,,,,,,,,,,,,
effectiveness_v3_20260918T063618Z_0d2342fd,dev/core50_nc/static_search_loose/search_loose_core50_nc_b64_r2000_q320/0,search_loose_core50_nc_b64_r2000_q320,core50_nc,0,0,skipped,disabled,,,,,,,,,,,,,,,,,,,,,,,,,,,,,,,
effectiveness_v3_20260918T063618Z_0d2342fd,dev/core50_nc/static_search_loose/search_loose_core50_nc_b64_r2000_q320/0,search_loose_core50_nc_b64_r2000_q320,core50_nc,0,1,skipped,disabled,,,,,,,,,,,,,,,,,,,,,,,,,,,,,,,
effectiveness_v3_20260918T063618Z_0d2342fd,dev/core50_nc/static_search_loose/search_loose_core50_nc_b64_r2000_q320/0,search_loose_core50_nc_b64_r2000_q320,core50_nc,0,2,skipped,disabled,,,,,,,,,,,,,,,,,,,,,,,,,,,,,,,
effectiveness_v3_20260918T063618Z_0d2342fd,dev/core50_nc/static_search_loose/search_loose_core50_nc_b64_r2000_q320/0,search_loose_core50_nc_b64_r2000_q320,core50_nc,0,3,skipped,disabled,,,,,,,,,,,,,,,,,,,,,,,,,,,,,,,
effectiveness_v3_20260918T063618Z_0d2342fd,dev/core50_nc/static_search_loose/search_loose_core50_nc_b64_r2000_q320/0,search_loose_core50_nc_b64_r2000_q320,core50_nc,0,4,skipped,disabled,,,,,,,,,,,,,,,,,,,,,,,,,,,,,,,
effectiveness_v3_20260918T063618Z_0d2342fd,dev/core50_nc/static_search_loose/search_loose_core50_nc_b64_r2000_q320/0,search_loose_core50_nc_b64_r2000_q320,core50_nc,0,5,skipped,disabled,,,,,,,,,,,,,,,,,,,,,,,,,,,,,,,
effectiveness_v3_20260918T063618Z_0d2342fd,dev/core50_nc/static_search_loose/search_loose_core50_nc_b64_r2000_q320/0,search_loose_core50_nc_b64_r2000_q320,core50_nc,0,6,skipped,disabled,,,,,,,,,,,,,,,,,,,,,,,,,,,,,,,
effectiveness_v3_20260918T063618Z_0d2342fd,dev/core50_nc/static_search_loose/search_loose_core50_nc_b64_r2000_q320/0,search_loose_core50_nc_b64_r2000_q320,core50_nc,0,7,skipped,disabled,,,,,,,,,,,,,,,,,,,,,,,,,,,,,,,
effectiveness_v3_20260918T063618Z_0d2342fd,dev/core50_nc/static_search_loose/search_loose_core50_nc_b64_r2000_q320/0,search_loose_core50_nc_b64_r2000_q320,core50_nc,0,8,skipped,disabled,,,,,,,,,,,,,,,,,,,,,,,,,,,,,,,
effectiveness_v3_20260918T063857Z_99a791e7,dev/splitcifar100/q_loose_verify/loose_splitcifar100_q320/0,loose_splitcifar100_q320,splitcifar100,0,0,skipped,disabled,,,,,,,,,,,,,,,,,,,,,,,,,,,,,,,
effectiveness_v3_20260918T063857Z_99a791e7,dev/splitcifar100/q_loose_verify/loose_splitcifar100_q320/0,loose_splitcifar100_q320,splitcifar100,0,1,skipped,disabled,,,,,,,,,,,,,,,,,,,,,,,,,,,,,,,
effectiveness_v3_20260918T063857Z_99a791e7,dev/splitcifar100/q_loose_verify/loose_splitcifar100_q320/0,loose_splitcifar100_q320,splitcifar100,0,2,skipped,disabled,,,,,,,,,,,,,,,,,,,,,,,,,,,,,,,
effectiveness_v3_20260918T063857Z_99a791e7,dev/splitcifar100/q_loose_verify/loose_splitcifar100_q320/0,loose_splitcifar100_q320,splitcifar100,0,3,skipped,disabled,,,,,,,,,,,,,,,,,,,,,,,,,,,,,,,
effectiveness_v3_20260918T063857Z_99a791e7,dev/splitcifar100/q_loose_verify/loose_splitcifar100_q320/0,loose_splitcifar100_q320,splitcifar100,0,4,skipped,disabled,,,,,,,,,,,,,,,,,,,,,,,,,,,,,,,
effectiveness_v3_20260918T063857Z_99a791e7,dev/splitcifar100/q_loose_verify/loose_splitcifar100_q320/0,loose_splitcifar100_q320,splitcifar100,0,5,skipped,disabled,,,,,,,,,,,,,,,,,,,,,,,,,,,,,,,
effectiveness_v3_20260918T063857Z_99a791e7,dev/splitcifar100/q_loose_verify/loose_splitcifar100_q320/0,loose_splitcifar100_q320,splitcifar100,0,6,skipped,disabled,,,,,,,,,,,,,,,,,,,,,,,,,,,,,,,
effectiveness_v3_20260918T063857Z_99a791e7,dev/splitcifar100/q_loose_verify/loose_splitcifar100_q320/0,loose_splitcifar100_q320,splitcifar100,0,7,skipped,disabled,,,,,,,,,,,,,,,,,,,,,,,,,,,,,,,
effectiveness_v3_20260918T063857Z_99a791e7,dev/splitcifar100/q_loose_verify/loose_splitcifar100_q320/0,loose_splitcifar100_q320,splitcifar100,0,8,skipped,disabled,,,,,,,,,,,,,,,,,,,,,,,,,,,,,,,
effectiveness_v3_20260918T063857Z_99a791e7,dev/splitcifar100/q_loose_verify/loose_splitcifar100_q320/0,loose_splitcifar100_q320,splitcifar100,0,9,skipped,disabled,,,,,,,,,,,,,,,,,,,,,,,,,,,,,,,
effectiveness_v3_20260918T064028Z_cbe2cbf1,dev/splitcifar100/plugin_loose/plugin_loose_splitcifar100_q320/0,plugin_loose_splitcifar100_q320,splitcifar100,0,0,skipped,disabled,,,,,,,,,,,,,,,,,,,,,,,,,,,,,,,
effectiveness_v3_20260918T064028Z_cbe2cbf1,dev/splitcifar100/plugin_loose/plugin_loose_splitcifar100_q320/0,plugin_loose_splitcifar100_q320,splitcifar100,0,1,skipped,disabled,,,,,,,,,,,,,,,,,,,,,,,,,,,,,,,
effectiveness_v3_20260918T064028Z_cbe2cbf1,dev/splitcifar100/plugin_loose/plugin_loose_splitcifar100_q320/0,plugin_loose_splitcifar100_q320,splitcifar100,0,2,skipped,disabled,,,,,,,,,,,,,,,,,,,,,,,,,,,,,,,
effectiveness_v3_20260918T064028Z_cbe2cbf1,dev/splitcifar100/plugin_loose/plugin_loose_splitcifar100_q320/0,plugin_loose_splitcifar100_q320,splitcifar100,0,3,skipped,disabled,,,,,,,,,,,,,,,,,,,,,,,,,,,,,,,
effectiveness_v3_20260918T064028Z_cbe2cbf1,dev/splitcifar100/plugin_loose/plugin_loose_splitcifar100_q320/0,plugin_loose_splitcifar100_q320,splitcifar100,0,4,skipped,disabled,,,,,,,,,,,,,,,,,,,,,,,,,,,,,,,
effectiveness_v3_20260918T064028Z_cbe2cbf1,dev/splitcifar100/plugin_loose/plugin_loose_splitcifar100_q320/0,plugin_loose_splitcifar100_q320,splitcifar100,0,5,skipped,disabled,,,,,,,,,,,,,,,,,,,,,,,,,,,,,,,
effectiveness_v3_20260918T064028Z_cbe2cbf1,dev/splitcifar100/plugin_loose/plugin_loose_splitcifar100_q320/0,plugin_loose_splitcifar100_q320,splitcifar100,0,6,skipped,disabled,,,,,,,,,,,,,,,,,,,,,,,,,,,,,,,
effectiveness_v3_20260918T064028Z_cbe2cbf1,dev/splitcifar100/plugin_loose/plugin_loose_splitcifar100_q320/0,plugin_loose_splitcifar100_q320,splitcifar100,0,7,skipped,disabled,,,,,,,,,,,,,,,,,,,,,,,,,,,,,,,
effectiveness_v3_20260918T064028Z_cbe2cbf1,dev/splitcifar100/plugin_loose/plugin_loose_splitcifar100_q320/0,plugin_loose_splitcifar100_q320,splitcifar100,0,8,skipped,disabled,,,,,,,,,,,,,,,,,,,,,,,,,,,,,,,
effectiveness_v3_20260918T064028Z_cbe2cbf1,dev/splitcifar100/plugin_loose/plugin_loose_splitcifar100_q320/0,plugin_loose_splitcifar100_q320,splitcifar100,0,9,skipped,disabled,,,,,,,,,,,,,,,,,,,,,,,,,,,,,,,
effectiveness_v3_20260918T064650Z_7d7f8e57,dev/splitcifar100/l_cal/lcal_splitcifar100_q320_rep0/0,lcal_splitcifar100_q320_rep0,splitcifar100,0,0,skipped,disabled,,,,,,,,,,,,,,,,,,,,,,,,,,,,,,,
effectiveness_v3_20260918T064650Z_7d7f8e57,dev/splitcifar100/l_cal/lcal_splitcifar100_q320_rep0/0,lcal_splitcifar100_q320_rep0,splitcifar100,0,1,skipped,disabled,,,,,,,,,,,,,,,,,,,,,,,,,,,,,,,
effectiveness_v3_20260918T064650Z_7d7f8e57,dev/splitcifar100/l_cal/lcal_splitcifar100_q320_rep0/0,lcal_splitcifar100_q320_rep0,splitcifar100,0,2,skipped,disabled,,,,,,,,,,,,,,,,,,,,,,,,,,,,,,,
effectiveness_v3_20260918T064650Z_7d7f8e57,dev/splitcifar100/l_cal/lcal_splitcifar100_q320_rep0/0,lcal_splitcifar100_q320_rep0,splitcifar100,0,3,skipped,disabled,,,,,,,,,,,,,,,,,,,,,,,,,,,,,,,
effectiveness_v3_20260918T064650Z_7d7f8e57,dev/splitcifar100/l_cal/lcal_splitcifar100_q320_rep0/0,lcal_splitcifar100_q320_rep0,splitcifar100,0,4,skipped,disabled,,,,,,,,,,,,,,,,,,,,,,,,,,,,,,,
effectiveness_v3_20260918T064650Z_7d7f8e57,dev/splitcifar100/l_cal/lcal_splitcifar100_q320_rep0/0,lcal_splitcifar100_q320_rep0,splitcifar100,0,5,skipped,disabled,,,,,,,,,,,,,,,,,,,,,,,,,,,,,,,
effectiveness_v3_20260918T064650Z_7d7f8e57,dev/splitcifar100/l_cal/lcal_splitcifar100_q320_rep0/0,lcal_splitcifar100_q320_rep0,splitcifar100,0,6,skipped,disabled,,,,,,,,,,,,,,,,,,,,,,,,,,,,,,,
effectiveness_v3_20260918T064650Z_7d7f8e57,dev/splitcifar100/l_cal/lcal_splitcifar100_q320_rep0/0,lcal_splitcifar100_q320_rep0,splitcifar100,0,7,skipped,disabled,,,,,,,,,,,,,,,,,,,,,,,,,,,,,,,
effectiveness_v3_20260918T064650Z_7d7f8e57,dev/splitcifar100/l_cal/lcal_splitcifar100_q320_rep0/0,lcal_splitcifar100_q320_rep0,splitcifar100,0,8,skipped,disabled,,,,,,,,,,,,,,,,,,,,,,,,,,,,,,,
effectiveness_v3_20260918T064650Z_7d7f8e57,dev/splitcifar100/l_cal/lcal_splitcifar100_q320_rep0/0,lcal_splitcifar100_q320_rep0,splitcifar100,0,9,skipped,disabled,,,,,,,,,,,,,,,,,,,,,,,,,,,,,,,
effectiveness_v3_20260918T064813Z_08eabb50,dev/splitcifar100/l_cal/lcal_splitcifar100_q320_rep1/0,lcal_splitcifar100_q320_rep1,splitcifar100,0,0,skipped,disabled,,,,,,,,,,,,,,,,,,,,,,,,,,,,,,,
effectiveness_v3_20260918T064813Z_08eabb50,dev/splitcifar100/l_cal/lcal_splitcifar100_q320_rep1/0,lcal_splitcifar100_q320_rep1,splitcifar100,0,1,skipped,disabled,,,,,,,,,,,,,,,,,,,,,,,,,,,,,,,
effectiveness_v3_20260918T064813Z_08eabb50,dev/splitcifar100/l_cal/lcal_splitcifar100_q320_rep1/0,lcal_splitcifar100_q320_rep1,splitcifar100,0,2,skipped,disabled,,,,,,,,,,,,,,,,,,,,,,,,,,,,,,,
effectiveness_v3_20260918T064813Z_08eabb50,dev/splitcifar100/l_cal/lcal_splitcifar100_q320_rep1/0,lcal_splitcifar100_q320_rep1,splitcifar100,0,3,skipped,disabled,,,,,,,,,,,,,,,,,,,,,,,,,,,,,,,
effectiveness_v3_20260918T064813Z_08eabb50,dev/splitcifar100/l_cal/lcal_splitcifar100_q320_rep1/0,lcal_splitcifar100_q320_rep1,splitcifar100,0,4,skipped,disabled,,,,,,,,,,,,,,,,,,,,,,,,,,,,,,,
effectiveness_v3_20260918T064813Z_08eabb50,dev/splitcifar100/l_cal/lcal_splitcifar100_q320_rep1/0,lcal_splitcifar100_q320_rep1,splitcifar100,0,5,skipped,disabled,,,,,,,,,,,,,,,,,,,,,,,,,,,,,,,
effectiveness_v3_20260918T064813Z_08eabb50,dev/splitcifar100/l_cal/lcal_splitcifar100_q320_rep1/0,lcal_splitcifar100_q320_rep1,splitcifar100,0,6,skipped,disabled,,,,,,,,,,,,,,,,,,,,,,,,,,,,,,,
effectiveness_v3_20260918T064813Z_08eabb50,dev/splitcifar100/l_cal/lcal_splitcifar100_q320_rep1/0,lcal_splitcifar100_q320_rep1,splitcifar100,0,7,skipped,disabled,,,,,,,,,,,,,,,,,,,,,,,,,,,,,,,
effectiveness_v3_20260918T064813Z_08eabb50,dev/splitcifar100/l_cal/lcal_splitcifar100_q320_rep1/0,lcal_splitcifar100_q320_rep1,splitcifar100,0,8,skipped,disabled,,,,,,,,,,,,,,,,,,,,,,,,,,,,,,,
effectiveness_v3_20260918T064813Z_08eabb50,dev/splitcifar100/l_cal/lcal_splitcifar100_q320_rep1/0,lcal_splitcifar100_q320_rep1,splitcifar100,0,9,skipped,disabled,,,,,,,,,,,,,,,,,,,,,,,,,,,,,,,
effectiveness_v3_20260918T064943Z_874b24ea,dev/splitcifar100/static_search_tight/search_tight_splitcifar100_b16_r200_q160/0,search_tight_splitcifar100_b16_r200_q160,splitcifar100,0,0,skipped,disabled,,,,,,,,,,,,,,,,,,,,,,,,,,,,,,,
effectiveness_v3_20260918T064943Z_874b24ea,dev/splitcifar100/static_search_tight/search_tight_splitcifar100_b16_r200_q160/0,search_tight_splitcifar100_b16_r200_q160,splitcifar100,0,1,skipped,disabled,,,,,,,,,,,,,,,,,,,,,,,,,,,,,,,
effectiveness_v3_20260918T064943Z_874b24ea,dev/splitcifar100/static_search_tight/search_tight_splitcifar100_b16_r200_q160/0,search_tight_splitcifar100_b16_r200_q160,splitcifar100,0,2,skipped,disabled,,,,,,,,,,,,,,,,,,,,,,,,,,,,,,,
effectiveness_v3_20260918T064943Z_874b24ea,dev/splitcifar100/static_search_tight/search_tight_splitcifar100_b16_r200_q160/0,search_tight_splitcifar100_b16_r200_q160,splitcifar100,0,3,skipped,disabled,,,,,,,,,,,,,,,,,,,,,,,,,,,,,,,
effectiveness_v3_20260918T064943Z_874b24ea,dev/splitcifar100/static_search_tight/search_tight_splitcifar100_b16_r200_q160/0,search_tight_splitcifar100_b16_r200_q160,splitcifar100,0,4,skipped,disabled,,,,,,,,,,,,,,,,,,,,,,,,,,,,,,,
effectiveness_v3_20260918T064943Z_874b24ea,dev/splitcifar100/static_search_tight/search_tight_splitcifar100_b16_r200_q160/0,search_tight_splitcifar100_b16_r200_q160,splitcifar100,0,5,skipped,disabled,,,,,,,,,,,,,,,,,,,,,,,,,,,,,,,
effectiveness_v3_20260918T064943Z_874b24ea,dev/splitcifar100/static_search_tight/search_tight_splitcifar100_b16_r200_q160/0,search_tight_splitcifar100_b16_r200_q160,splitcifar100,0,6,skipped,disabled,,,,,,,,,,,,,,,,,,,,,,,,,,,,,,,
effectiveness_v3_20260918T064943Z_874b24ea,dev/splitcifar100/static_search_tight/search_tight_splitcifar100_b16_r200_q160/0,search_tight_splitcifar100_b16_r200_q160,splitcifar100,0,7,skipped,disabled,,,,,,,,,,,,,,,,,,,,,,,,,,,,,,,
effectiveness_v3_20260918T064943Z_874b24ea,dev/splitcifar100/static_search_tight/search_tight_splitcifar100_b16_r200_q160/0,search_tight_splitcifar100_b16_r200_q160,splitcifar100,0,8,skipped,disabled,,,,,,,,,,,,,,,,,,,,,,,,,,,,,,,
effectiveness_v3_20260918T064943Z_874b24ea,dev/splitcifar100/static_search_tight/search_tight_splitcifar100_b16_r200_q160/0,search_tight_splitcifar100_b16_r200_q160,splitcifar100,0,9,skipped,disabled,,,,,,,,,,,,,,,,,,,,,,,,,,,,,,,
effectiveness_v3_20260918T065109Z_f4622985,dev/splitcifar100/static_search_tight/search_tight_splitcifar100_b16_r2000_q160/0,search_tight_splitcifar100_b16_r2000_q160,splitcifar100,0,0,skipped,disabled,,,,,,,,,,,,,,,,,,,,,,,,,,,,,,,
effectiveness_v3_20260918T065109Z_f4622985,dev/splitcifar100/static_search_tight/search_tight_splitcifar100_b16_r2000_q160/0,search_tight_splitcifar100_b16_r2000_q160,splitcifar100,0,1,skipped,disabled,,,,,,,,,,,,,,,,,,,,,,,,,,,,,,,
effectiveness_v3_20260918T065109Z_f4622985,dev/splitcifar100/static_search_tight/search_tight_splitcifar100_b16_r2000_q160/0,search_tight_splitcifar100_b16_r2000_q160,splitcifar100,0,2,skipped,disabled,,,,,,,,,,,,,,,,,,,,,,,,,,,,,,,
effectiveness_v3_20260918T065109Z_f4622985,dev/splitcifar100/static_search_tight/search_tight_splitcifar100_b16_r2000_q160/0,search_tight_splitcifar100_b16_r2000_q160,splitcifar100,0,3,skipped,disabled,,,,,,,,,,,,,,,,,,,,,,,,,,,,,,,
effectiveness_v3_20260918T065109Z_f4622985,dev/splitcifar100/static_search_tight/search_tight_splitcifar100_b16_r2000_q160/0,search_tight_splitcifar100_b16_r2000_q160,splitcifar100,0,4,skipped,disabled,,,,,,,,,,,,,,,,,,,,,,,,,,,,,,,
effectiveness_v3_20260918T065109Z_f4622985,dev/splitcifar100/static_search_tight/search_tight_splitcifar100_b16_r2000_q160/0,search_tight_splitcifar100_b16_r2000_q160,splitcifar100,0,5,skipped,disabled,,,,,,,,,,,,,,,,,,,,,,,,,,,,,,,
effectiveness_v3_20260918T065109Z_f4622985,dev/splitcifar100/static_search_tight/search_tight_splitcifar100_b16_r2000_q160/0,search_tight_splitcifar100_b16_r2000_q160,splitcifar100,0,6,skipped,disabled,,,,,,,,,,,,,,,,,,,,,,,,,,,,,,,
effectiveness_v3_20260918T065109Z_f4622985,dev/splitcifar100/static_search_tight/search_tight_splitcifar100_b16_r2000_q160/0,search_tight_splitcifar100_b16_r2000_q160,splitcifar100,0,7,skipped,disabled,,,,,,,,,,,,,,,,,,,,,,,,,,,,,,,
effectiveness_v3_20260918T065109Z_f4622985,dev/splitcifar100/static_search_tight/search_tight_splitcifar100_b16_r2000_q160/0,search_tight_splitcifar100_b16_r2000_q160,splitcifar100,0,8,skipped,disabled,,,,,,,,,,,,,,,,,,,,,,,,,,,,,,,
effectiveness_v3_20260918T065109Z_f4622985,dev/splitcifar100/static_search_tight/search_tight_splitcifar100_b16_r2000_q160/0,search_tight_splitcifar100_b16_r2000_q160,splitcifar100,0,9,skipped,disabled,,,,,,,,,,,,,,,,,,,,,,,,,,,,,,,
effectiveness_v3_20260918T065316Z_09e88ab3,dev/splitcifar100/static_search_loose/search_loose_splitcifar100_b16_r200_q320/0,search_loose_splitcifar100_b16_r200_q320,splitcifar100,0,0,skipped,disabled,,,,,,,,,,,,,,,,,,,,,,,,,,,,,,,
effectiveness_v3_20260918T065316Z_09e88ab3,dev/splitcifar100/static_search_loose/search_loose_splitcifar100_b16_r200_q320/0,search_loose_splitcifar100_b16_r200_q320,splitcifar100,0,1,skipped,disabled,,,,,,,,,,,,,,,,,,,,,,,,,,,,,,,
effectiveness_v3_20260918T065316Z_09e88ab3,dev/splitcifar100/static_search_loose/search_loose_splitcifar100_b16_r200_q320/0,search_loose_splitcifar100_b16_r200_q320,splitcifar100,0,2,skipped,disabled,,,,,,,,,,,,,,,,,,,,,,,,,,,,,,,
effectiveness_v3_20260918T065316Z_09e88ab3,dev/splitcifar100/static_search_loose/search_loose_splitcifar100_b16_r200_q320/0,search_loose_splitcifar100_b16_r200_q320,splitcifar100,0,3,skipped,disabled,,,,,,,,,,,,,,,,,,,,,,,,,,,,,,,
effectiveness_v3_20260918T065316Z_09e88ab3,dev/splitcifar100/static_search_loose/search_loose_splitcifar100_b16_r200_q320/0,search_loose_splitcifar100_b16_r200_q320,splitcifar100,0,4,skipped,disabled,,,,,,,,,,,,,,,,,,,,,,,,,,,,,,,
effectiveness_v3_20260918T065316Z_09e88ab3,dev/splitcifar100/static_search_loose/search_loose_splitcifar100_b16_r200_q320/0,search_loose_splitcifar100_b16_r200_q320,splitcifar100,0,5,skipped,disabled,,,,,,,,,,,,,,,,,,,,,,,,,,,,,,,
effectiveness_v3_20260918T065316Z_09e88ab3,dev/splitcifar100/static_search_loose/search_loose_splitcifar100_b16_r200_q320/0,search_loose_splitcifar100_b16_r200_q320,splitcifar100,0,6,skipped,disabled,,,,,,,,,,,,,,,,,,,,,,,,,,,,,,,
effectiveness_v3_20260918T065316Z_09e88ab3,dev/splitcifar100/static_search_loose/search_loose_splitcifar100_b16_r200_q320/0,search_loose_splitcifar100_b16_r200_q320,splitcifar100,0,7,skipped,disabled,,,,,,,,,,,,,,,,,,,,,,,,,,,,,,,
effectiveness_v3_20260918T065316Z_09e88ab3,dev/splitcifar100/static_search_loose/search_loose_splitcifar100_b16_r200_q320/0,search_loose_splitcifar100_b16_r200_q320,splitcifar100,0,8,skipped,disabled,,,,,,,,,,,,,,,,,,,,,,,,,,,,,,,
effectiveness_v3_20260918T065316Z_09e88ab3,dev/splitcifar100/static_search_loose/search_loose_splitcifar100_b16_r200_q320/0,search_loose_splitcifar100_b16_r200_q320,splitcifar100,0,9,skipped,disabled,,,,,,,,,,,,,,,,,,,,,,,,,,,,,,,
effectiveness_v3_20260918T065440Z_b6aee39a,dev/splitcifar100/static_search_loose/search_loose_splitcifar100_b16_r2000_q320/0,search_loose_splitcifar100_b16_r2000_q320,splitcifar100,0,0,skipped,disabled,,,,,,,,,,,,,,,,,,,,,,,,,,,,,,,
effectiveness_v3_20260918T065440Z_b6aee39a,dev/splitcifar100/static_search_loose/search_loose_splitcifar100_b16_r2000_q320/0,search_loose_splitcifar100_b16_r2000_q320,splitcifar100,0,1,skipped,disabled,,,,,,,,,,,,,,,,,,,,,,,,,,,,,,,
effectiveness_v3_20260918T065440Z_b6aee39a,dev/splitcifar100/static_search_loose/search_loose_splitcifar100_b16_r2000_q320/0,search_loose_splitcifar100_b16_r2000_q320,splitcifar100,0,2,skipped,disabled,,,,,,,,,,,,,,,,,,,,,,,,,,,,,,,
effectiveness_v3_20260918T065440Z_b6aee39a,dev/splitcifar100/static_search_loose/search_loose_splitcifar100_b16_r2000_q320/0,search_loose_splitcifar100_b16_r2000_q320,splitcifar100,0,3,skipped,disabled,,,,,,,,,,,,,,,,,,,,,,,,,,,,,,,
effectiveness_v3_20260918T065440Z_b6aee39a,dev/splitcifar100/static_search_loose/search_loose_splitcifar100_b16_r2000_q320/0,search_loose_splitcifar100_b16_r2000_q320,splitcifar100,0,4,skipped,disabled,,,,,,,,,,,,,,,,,,,,,,,,,,,,,,,
effectiveness_v3_20260918T065440Z_b6aee39a,dev/splitcifar100/static_search_loose/search_loose_splitcifar100_b16_r2000_q320/0,search_loose_splitcifar100_b16_r2000_q320,splitcifar100,0,5,skipped,disabled,,,,,,,,,,,,,,,,,,,,,,,,,,,,,,,
effectiveness_v3_20260918T065440Z_b6aee39a,dev/splitcifar100/static_search_loose/search_loose_splitcifar100_b16_r2000_q320/0,search_loose_splitcifar100_b16_r2000_q320,splitcifar100,0,6,skipped,disabled,,,,,,,,,,,,,,,,,,,,,,,,,,,,,,,
effectiveness_v3_20260918T065440Z_b6aee39a,dev/splitcifar100/static_search_loose/search_loose_splitcifar100_b16_r2000_q320/0,search_loose_splitcifar100_b16_r2000_q320,splitcifar100,0,7,skipped,disabled,,,,,,,,,,,,,,,,,,,,,,,,,,,,,,,
effectiveness_v3_20260918T065440Z_b6aee39a,dev/splitcifar100/static_search_loose/search_loose_splitcifar100_b16_r2000_q320/0,search_loose_splitcifar100_b16_r2000_q320,splitcifar100,0,8,skipped,disabled,,,,,,,,,,,,,,,,,,,,,,,,,,,,,,,
effectiveness_v3_20260918T065440Z_b6aee39a,dev/splitcifar100/static_search_loose/search_loose_splitcifar100_b16_r2000_q320/0,search_loose_splitcifar100_b16_r2000_q320,splitcifar100,0,9,skipped,disabled,,,,,,,,,,,,,,,,,,,,,,,,,,,,,,,
effectiveness_v3_20260918T065602Z_2e52079b,dev/splitcifar100/static_search_loose/search_loose_splitcifar100_b64_r200_q320/0,search_loose_splitcifar100_b64_r200_q320,splitcifar100,0,0,skipped,disabled,,,,,,,,,,,,,,,,,,,,,,,,,,,,,,,
effectiveness_v3_20260918T065602Z_2e52079b,dev/splitcifar100/static_search_loose/search_loose_splitcifar100_b64_r200_q320/0,search_loose_splitcifar100_b64_r200_q320,splitcifar100,0,1,skipped,disabled,,,,,,,,,,,,,,,,,,,,,,,,,,,,,,,
effectiveness_v3_20260918T065602Z_2e52079b,dev/splitcifar100/static_search_loose/search_loose_splitcifar100_b64_r200_q320/0,search_loose_splitcifar100_b64_r200_q320,splitcifar100,0,2,skipped,disabled,,,,,,,,,,,,,,,,,,,,,,,,,,,,,,,
effectiveness_v3_20260918T065602Z_2e52079b,dev/splitcifar100/static_search_loose/search_loose_splitcifar100_b64_r200_q320/0,search_loose_splitcifar100_b64_r200_q320,splitcifar100,0,3,skipped,disabled,,,,,,,,,,,,,,,,,,,,,,,,,,,,,,,
effectiveness_v3_20260918T065602Z_2e52079b,dev/splitcifar100/static_search_loose/search_loose_splitcifar100_b64_r200_q320/0,search_loose_splitcifar100_b64_r200_q320,splitcifar100,0,4,skipped,disabled,,,,,,,,,,,,,,,,,,,,,,,,,,,,,,,
effectiveness_v3_20260918T065602Z_2e52079b,dev/splitcifar100/static_search_loose/search_loose_splitcifar100_b64_r200_q320/0,search_loose_splitcifar100_b64_r200_q320,splitcifar100,0,5,skipped,disabled,,,,,,,,,,,,,,,,,,,,,,,,,,,,,,,
effectiveness_v3_20260918T065602Z_2e52079b,dev/splitcifar100/static_search_loose/search_loose_splitcifar100_b64_r200_q320/0,search_loose_splitcifar100_b64_r200_q320,splitcifar100,0,6,skipped,disabled,,,,,,,,,,,,,,,,,,,,,,,,,,,,,,,
effectiveness_v3_20260918T065602Z_2e52079b,dev/splitcifar100/static_search_loose/search_loose_splitcifar100_b64_r200_q320/0,search_loose_splitcifar100_b64_r200_q320,splitcifar100,0,7,skipped,disabled,,,,,,,,,,,,,,,,,,,,,,,,,,,,,,,
effectiveness_v3_20260918T065602Z_2e52079b,dev/splitcifar100/static_search_loose/search_loose_splitcifar100_b64_r200_q320/0,search_loose_splitcifar100_b64_r200_q320,splitcifar100,0,8,skipped,disabled,,,,,,,,,,,,,,,,,,,,,,,,,,,,,,,
effectiveness_v3_20260918T065602Z_2e52079b,dev/splitcifar100/static_search_loose/search_loose_splitcifar100_b64_r200_q320/0,search_loose_splitcifar100_b64_r200_q320,splitcifar100,0,9,skipped,disabled,,,,,,,,,,,,,,,,,,,,,,,,,,,,,,,
effectiveness_v3_20260918T065647Z_f82fb9c8,dev/splitcifar100/static_search_loose/search_loose_splitcifar100_b64_r2000_q320/0,search_loose_splitcifar100_b64_r2000_q320,splitcifar100,0,0,skipped,disabled,,,,,,,,,,,,,,,,,,,,,,,,,,,,,,,
effectiveness_v3_20260918T065647Z_f82fb9c8,dev/splitcifar100/static_search_loose/search_loose_splitcifar100_b64_r2000_q320/0,search_loose_splitcifar100_b64_r2000_q320,splitcifar100,0,1,skipped,disabled,,,,,,,,,,,,,,,,,,,,,,,,,,,,,,,
effectiveness_v3_20260918T065647Z_f82fb9c8,dev/splitcifar100/static_search_loose/search_loose_splitcifar100_b64_r2000_q320/0,search_loose_splitcifar100_b64_r2000_q320,splitcifar100,0,2,skipped,disabled,,,,,,,,,,,,,,,,,,,,,,,,,,,,,,,
effectiveness_v3_20260918T065647Z_f82fb9c8,dev/splitcifar100/static_search_loose/search_loose_splitcifar100_b64_r2000_q320/0,search_loose_splitcifar100_b64_r2000_q320,splitcifar100,0,3,skipped,disabled,,,,,,,,,,,,,,,,,,,,,,,,,,,,,,,
effectiveness_v3_20260918T065647Z_f82fb9c8,dev/splitcifar100/static_search_loose/search_loose_splitcifar100_b64_r2000_q320/0,search_loose_splitcifar100_b64_r2000_q320,splitcifar100,0,4,skipped,disabled,,,,,,,,,,,,,,,,,,,,,,,,,,,,,,,
effectiveness_v3_20260918T065647Z_f82fb9c8,dev/splitcifar100/static_search_loose/search_loose_splitcifar100_b64_r2000_q320/0,search_loose_splitcifar100_b64_r2000_q320,splitcifar100,0,5,skipped,disabled,,,,,,,,,,,,,,,,,,,,,,,,,,,,,,,
effectiveness_v3_20260918T065647Z_f82fb9c8,dev/splitcifar100/static_search_loose/search_loose_splitcifar100_b64_r2000_q320/0,search_loose_splitcifar100_b64_r2000_q320,splitcifar100,0,6,skipped,disabled,,,,,,,,,,,,,,,,,,,,,,,,,,,,,,,
effectiveness_v3_20260918T065647Z_f82fb9c8,dev/splitcifar100/static_search_loose/search_loose_splitcifar100_b64_r2000_q320/0,search_loose_splitcifar100_b64_r2000_q320,splitcifar100,0,7,skipped,disabled,,,,,,,,,,,,,,,,,,,,,,,,,,,,,,,
effectiveness_v3_20260918T065647Z_f82fb9c8,dev/splitcifar100/static_search_loose/search_loose_splitcifar100_b64_r2000_q320/0,search_loose_splitcifar100_b64_r2000_q320,splitcifar100,0,8,skipped,disabled,,,,,,,,,,,,,,,,,,,,,,,,,,,,,,,
effectiveness_v3_20260918T065647Z_f82fb9c8,dev/splitcifar100/static_search_loose/search_loose_splitcifar100_b64_r2000_q320/0,search_loose_splitcifar100_b64_r2000_q320,splitcifar100,0,9,skipped,disabled,,,,,,,,,,,,,,,,,,,,,,,,,,,,,,,
effectiveness_v3_20260918T065758Z_923243ad,dev/core50_nc/control_2x2/control_core50_nc_O00_q160/0,control_core50_nc_O00_q160,core50_nc,0,0,,,0.07507496074201737,0.05,"{""factor_p"": 0.49549411397265514, ""factor_s"": 0.46879062662624377, ""factor_l"": 0.3232047200054632, ""factor_m"": 1.0, ""urge"": 0.07507496074201737}",16.0,200.0,16.040119937187228,201.0029984296807,16,201,advanced,adaptive,16,201,advanced,"{""gem"": true, ""ewc"": true}",201,200,201,,167772160,ok,device_allocator_enforced,0.0002044529828708619,0.00027000001864507794,0.5720961281708945,1.0,27.043668385013007,91.03076171875,91.03076171875,"{""gem"": true, ""ewc"": true}",
effectiveness_v3_20260918T065758Z_923243ad,dev/core50_nc/control_2x2/control_core50_nc_O00_q160/0,control_core50_nc_O00_q160,core50_nc,0,1,,,0.12541693925333566,0.05,"{""factor_p"": 0.49575305051395846, ""factor_s"": 0.4790815322100222, ""factor_l"": 0.528057691417065, ""factor_m"": 1.0, ""urge"": 0.12541693925333566}",16.040119937187228,201.0029984296807,16.161089612279135,204.03480461414262,16,204,advanced,adaptive,16,204,advanced,"{""gem"": true, ""ewc"": true}",204,201,204,,167772160,ok,device_allocator_enforced,0.00018848100444301963,0.0006899159925524145,0.5679528259902091,0.8348909657320873,30.449395164992893,116.2509765625,116.2509765625,"{""gem"": true, ""ewc"": true}",
effectiveness_v3_20260918T065908Z_f6fddf5b,dev/core50_nc/control_2x2/control_core50_nc_O10_q160/0,control_core50_nc_O10_q160,core50_nc,0,0,,,0.21706930942391217,0.05,"{""factor_p"": 0.5, ""factor_s"": 0.46879062662624377, ""factor_l"": 0.9260821232118049, ""factor_m"": 1.0, ""urge"": 0.21706930942391217}",16.0,200.0,16.26731089507826,206.68277237695648,16,206,advanced,adaptive,16,206,advanced,"{""gem"": true, ""ewc"": true}",206,200,206,,167772160,ok,device_allocator_enforced,0.00021996200666762888,0.00028868502704426646,0.5,1.0,26.02703892099089,91.03076171875,91.03076171875,"{""gem"": true, ""ewc"": true}",
effectiveness_v3_20260918T065908Z_f6fddf5b,dev/core50_nc/control_2x2/control_core50_nc_O10_q160/0,control_core50_nc_O10_q160,core50_nc,0,1,,,0.22953851231092404,0.05,"{""factor_p"": 0.495238239205805, ""factor_s"": 0.47658312029443506, ""factor_l"": 0.9725293916339268, ""factor_m"": 1.0, ""urge"": 0.22953851231092404}",16.26731089507826,206.68277237695648,16.559371774818423,214.1042758715277,16,214,advanced,adaptive,16,214,advanced,"{""gem"": true, ""ewc"": true}",214,206,214,,167772160,ok,device_allocator_enforced,0.0001887589751277119,0.0006286569987423718,0.5761904761904761,0.8749443702714731,30.182140674995026,116.2509765625,116.2509765625,"{""gem"": true, ""ewc"": true}",
effectiveness_v3_20260918T070016Z_313ede76,dev/core50_nc/control_2x2/control_core50_nc_O01_q160/0,control_core50_nc_O01_q160,core50_nc,0,0,,,0.06814049848815852,0.05,"{""factor_p"": 0.5050621323278847, ""factor_s"": 0.46879062662624377, ""factor_l"": 0.28779390566052665, ""factor_m"": 0.9999999675092239, ""urge"": 0.06814049848815852}",16.0,200.0,16.029024797581055,200.72561993952633,16,200,advanced,adaptive,16,200,advanced,"{""gem"": true, ""ewc"": true}",200,200,200,,167772160,ok,device_allocator_enforced,0.00019888000679202378,0.00027287998818792403,0.4190031152647975,1.0,26.375509163015522,91.03076171875,91.03076171875,"{""gem"": true, ""ewc"": true}",
effectiveness_v3_20260918T070016Z_313ede76,dev/core50_nc/control_2x2/control_core50_nc_O01_q160/0,control_core50_nc_O01_q160,core50_nc,0,1,,,0.12360387106973642,0.05,"{""factor_p"": 0.4975014115415895, ""factor_s"": 0.4683196441574984, ""factor_l"": 0.5305216394562122, ""factor_m"": 0.9999822171072174, ""urge"": 0.12360387106973642}",16.029024797581055,200.72561993952633,16.14700462503853,203.68045646961068,16,203,advanced,adaptive,16,203,advanced,"{""gem"": true, ""ewc"": true}",203,200,203,,167772160,ok,device_allocator_enforced,0.00020239799050614238,0.0007332410023082048,0.5399777481085892,1.0075656430796618,30.488954162981827,116.2509765625,116.2509765625,"{""gem"": true, ""ewc"": true}",
effectiveness_v3_20260918T070126Z_72e2b9e8,dev/core50_nc/control_2x2/control_core50_nc_O11_q160/0,control_core50_nc_O11_q160,core50_nc,0,0,,,0.22527312634485597,0.05,"{""factor_p"": 0.5064387851230984, ""factor_s"": 0.46879062662624377, ""factor_l"": 0.9488630229543042, ""factor_m"": 0.9999999675092239, ""urge"": 0.22527312634485597}",16.0,200.0,16.28043700215177,207.01092505379424,16,207,advanced,adaptive,16,207,advanced,"{""gem"": true, ""ewc"": true}",207,200,207,,167772160,ok,device_allocator_enforced,0.00022651799372397363,0.00028064800426363945,0.3969737427681353,1.0,27.598032442008844,91.03076171875,91.03076171875,"{""gem"": true, ""ewc"": true}",
effectiveness_v3_20260918T070126Z_72e2b9e8,dev/core50_nc/control_2x2/control_core50_nc_O11_q160/0,control_core50_nc_O11_q160,core50_nc,0,1,,,0.22899239312519168,0.05,"{""factor_p"": 0.49927611866329985, ""factor_s"": 0.4707859824351057, ""factor_l"": 0.9742366472756854, ""factor_m"": 0.9999822171072174, ""urge"": 0.22899239312519168}",16.28043700215177,207.01092505379424,16.57184444016568,214.4216012294819,16,214,advanced,adaptive,16,214,advanced,"{""gem"": true, ""ewc"": true}",214,207,214,,167772160,ok,device_allocator_enforced,0.00019541601068340242,0.0006248340068850666,0.5115821094793057,0.9679572763684914,30.44581084299716,116.2509765625,116.2509765625,"{""gem"": true, ""ewc"": true}",
effectiveness_v3_20260918T070247Z_4f265e8f,dev/splitcifar100/control_2x2/control_splitcifar100_O00_q160/0,control_splitcifar100_O00_q160,splitcifar100,0,0,,,0.0004914525729771542,0.05,"{""factor_p"": 0.5012499973958399, ""factor_s"": 0.46879062662624377, ""factor_l"": 0.0020914539675778734, ""factor_m"": 1.0, ""urge"": 0.0004914525729771542}",16.0,200.0,15.920786324116763,198.0196581029191,15,198,default,adaptive,15,198,default,"{""gem"": false, ""ewc"": false}",198,198,198,,167772160,ok,device_allocator_enforced,0.00031560202478431165,0.001477018988225609,0.48,1.0,5.328791470004944,91.05810546875,91.05810546875,"{""gem"": false, ""ewc"": false}",
effectiveness_v3_20260918T070247Z_4f265e8f,dev/splitcifar100/control_2x2/control_splitcifar100_O00_q160/0,control_splitcifar100_O00_q160,splitcifar100,0,1,,,0.0006584192788321293,0.05,"{""factor_p"": 0.5047186099109561, ""factor_s"": 0.47944908437962924, ""factor_l"": 0.002720888386065596, ""factor_m"": 1.0, ""urge"": 0.0006584192788321293}",15.920786324116763,198.0196581029191,15.842230647761175,196.06553751398644,15,196,default,adaptive,15,196,default,"{""gem"": false, ""ewc"": false}",196,196,196,,167772160,ok,device_allocator_enforced,0.00020594499073922634,0.0015731200110167265,0.4245,0.829,6.383711029018741,112.2587890625,112.2587890625,"{""gem"": false, ""ewc"": false}",
effectiveness_v3_20260918T070247Z_4f265e8f,dev/splitcifar100/control_2x2/control_splitcifar100_O00_q160/0,control_splitcifar100_O00_q160,splitcifar100,0,2,,,0.0006170654960521012,0.05,"{""factor_p"": 0.5064788040339178, ""factor_s"": 0.4871278448886959, ""factor_l"": 0.0025010768296133408, ""factor_m"": 1.0, ""urge"": 0.0006170654960521012}",15.842230647761175,196.06553751398644,15.763997063913694,194.12907919447952,15,194,default,adaptive,15,194,default,"{""gem"": false, ""ewc"": false}",194,194,194,,167772160,ok,device_allocator_enforced,0.0002734440204221755,0.0019635639910120517,0.39633333333333337,0.706,6.045881206984632,112.2587890625,112.2587890625,"{""gem"": false, ""ewc"": false}",
effectiveness_v3_20260918T070247Z_4f265e8f,dev/splitcifar100/control_2x2/control_splitcifar100_O00_q160/0,control_splitcifar100_O00_q160,splitcifar100,0,3,,,0.0006956422986248579,0.05,"{""factor_p"": 0.5062809195927569, ""factor_s"": 0.4901262837554316, ""factor_l"": 0.0028034087748131198, ""factor_m"": 1.0, ""urge"": 0.0006956422986248579}",15.763997063913694,194.12907919447952,15.68627368890943,192.21479728231088,15,192,default,adaptive,15,192,default,"{""gem"": false, ""ewc"": false}",192,192,192,,167772160,ok,device_allocator_enforced,0.000217018008697778,0.0017916939978022128,0.3995,0.6579999999999999,6.503552652022336,112.2587890625,112.2587890625,"{""gem"": false, ""ewc"": false}",
effectiveness_v3_20260918T070247Z_4f265e8f,dev/splitcifar100/control_2x2/control_splitcifar100_O00_q160/0,control_splitcifar100_O00_q160,splitcifar100,0,4,,,0.0007097872115298752,0.05,"{""factor_p"": 0.5052623056897011, ""factor_s"": 0.4900794271217417, ""factor_l"": 0.0028664528260920075, ""factor_m"": 1.0, ""urge"": 0.0007097872115298752}",15.68627368890943,192.21479728231088,15.608955712110978,190.31993563048331,15,190,default,adaptive,15,190,default,"{""gem"": false, ""ewc"": false}",190,190,190,,167772160,ok,device_allocator_enforced,0.00020306502119638026,0.003515138989314437,0.41580000000000006,0.65875,6.592762424988905,112.2587890625,112.2587890625,"{""gem"": false, ""ewc"": false}",
effectiveness_v3_20260918T070247Z_4f265e8f,dev/splitcifar100/control_2x2/control_splitcifar100_O00_q160/0,control_splitcifar100_O00_q160,splitcifar100,0,5,,,0.000720222106775896,0.05,"{""factor_p"": 0.5047394413806461, ""factor_s"": 0.49277550282402455, ""factor_l"": 0.0028956768570526617, ""factor_m"": 1.0, ""urge"": 0.000720222106775896}",15.608955712110978,190.31993563048331,15.532035125047178,188.44415079917871,15,188,default,adaptive,15,188,default,"{""gem"": false, ""ewc"": false}",188,188,188,,167772160,ok,device_allocator_enforced,0.0002699360193219036,0.0015852319775149226,0.42416666666666675,0.6156,6.633453936985461,112.2587890625,112.2587890625,"{""gem"": false, ""ewc"": false}",
effectiveness_v3_20260918T070247Z_4f265e8f,dev/splitcifar100/control_2x2/control_splitcifar100_O00_q160/0,control_splitcifar100_O00_q160,splitcifar100,0,6,,,0.0006668363330724306,0.05,"{""factor_p"": 0.5049551949071092, ""factor_s"": 0.49329206915321505, ""factor_l"": 0.002677085716718751, ""factor_m"": 1.0, ""urge"": 0.0006668363330724306}",15.532035125047178,188.44415079917871,15.455410681956735,186.5848415724885,15,186,default,adaptive,15,186,default,"{""gem"": false, ""ewc"": false}",186,186,186,,167772160,ok,device_allocator_enforced,0.0002619250153657049,0.002200749993789941,0.42071428571428576,0.6073333333333333,6.3186167210224085,112.2587890625,112.2587890625,"{""gem"": false, ""ewc"": false}",
effectiveness_v3_20260918T070247Z_4f265e8f,dev/splitcifar100/control_2x2/control_splitcifar100_O00_q160/0,control_splitcifar100_O00_q160,splitcifar100,0,7,,,0.0006415887816235539,0.05,"{""factor_p"": 0.5049842098975185, ""factor_s"": 0.49381281583319236, ""factor_l"": 0.002572862671746621, ""factor_m"": 1.0, ""urge"": 0.0006415887816235539}",15.455410681956735,186.5848415724885,15.379125230357845,184.7429353049984,15,184,default,adaptive,15,184,default,"{""gem"": false, ""ewc"": false}",184,184,184,,167772160,ok,device_allocator_enforced,0.0002545829920563847,0.00168289800058119,0.42025,0.599,6.159360232995823,112.2587890625,112.2587890625,"{""gem"": false, ""ewc"": false}",
effectiveness_v3_20260918T070247Z_4f265e8f,dev/splitcifar100/control_2x2/control_splitcifar100_O00_q160/0,control_splitcifar100_O00_q160,splitcifar100,0,8,,,0.000693027883912492,0.05,"{""factor_p"": 0.5045068223850429, ""factor_s"": 0.4935941005273166, ""factor_l"": 0.0027830031948589758, ""factor_m"": 1.0, ""urge"": 0.000693027883912492}",15.379125230357845,184.7429353049984,15.303295420467537,182.92111235305285,15,182,default,adaptive,15,182,default,"{""gem"": false, ""ewc"": false}",182,182,182,,167772160,ok,device_allocator_enforced,0.0002343050146009773,0.001705870992736891,0.4278888888888889,0.6025,6.474248938000528,112.2587890625,112.2587890625,"{""gem"": false, ""ewc"": false}",
effectiveness_v3_20260918T070247Z_4f265e8f,dev/splitcifar100/control_2x2/control_splitcifar100_O00_q160/0,control_splitcifar100_O00_q160,splitcifar100,0,9,,last_experience,0.0007035468761969748,0.05,"{""factor_p"": 0.5041374055632872, ""factor_s"": 0.49493072925642145, ""factor_l"": 0.002819679182106685, ""factor_m"": 1.0, ""urge"": 0.0007035468761969748}",15.303295420467537,182.92111235305285,15.227855601934058,181.1176399449596,15,181,default,,,,,,,,,,,,,0.0499680079810787,0.0,0.4338,0.5811111111111111,6.526765985006932,112.2587890625,112.2587890625,,
effectiveness_v3_20260918T070414Z_84ac12b9,dev/splitcifar100/control_2x2/control_splitcifar100_O10_q160/0,control_splitcifar100_O10_q160,splitcifar100,0,0,,,0.10917740246692717,0.05,"{""factor_p"": 0.502374982138182, ""factor_s"": 0.46879062662624377, ""factor_l"": 0.46358122012955133, ""factor_m"": 1.0, ""urge"": 0.10917740246692717}",16.0,200.0,16.094683843947085,202.36709609867708,16,202,advanced,adaptive,16,202,advanced,"{""gem"": true, ""ewc"": true}",202,200,202,,167772160,ok,device_allocator_enforced,0.00022339800489135087,0.0003136020095553249,0.462,1.0,5.339860578998923,91.05810546875,91.05810546875,"{""gem"": true, ""ewc"": true}",
effectiveness_v3_20260918T070414Z_84ac12b9,dev/splitcifar100/control_2x2/control_splitcifar100_O10_q160/0,control_splitcifar100_O10_q160,splitcifar100,0,1,,,0.19323230206894088,0.05,"{""factor_p"": 0.5057497465342417, ""factor_s"": 0.4803226681326921, ""factor_l"": 0.7954464922911211, ""factor_m"": 1.0, ""urge"": 0.19323230206894088}",16.094683843947085,202.36709609867708,16.32521170575112,208.1641971061211,16,208,advanced,adaptive,16,208,advanced,"{""gem"": true, ""ewc"": true}",208,202,208,,167772160,ok,device_allocator_enforced,0.00028506500530056655,0.0006962959887459874,0.40800000000000003,0.815,11.35589077800978,116.29345703125,116.29345703125,"{""gem"": true, ""ewc"": true}",
effectiveness_v3_20260918T070441Z_f953b85a,dev/splitcifar100/control_2x2/control_splitcifar100_O01_q160/0,control_splitcifar100_O01_q160,splitcifar100,0,0,,,0.0004857685347953504,0.05,"{""factor_p"": 0.5014999955000162, ""factor_s"": 0.46879062662624377, ""factor_l"": 0.0020662341809445143, ""factor_m"": 0.9999999672863582, ""urge"": 0.0004857685347953504}",16.0,200.0,15.920777229655673,198.0194307413918,15,198,default,adaptive,15,198,default,"{""gem"": false, ""ewc"": false}",198,198,198,,167772160,ok,device_allocator_enforced,0.00021143598132766783,0.00132403799216263,0.476,1.0,5.280163228017045,91.05810546875,91.05810546875,"{""gem"": false, ""ewc"": false}",
effectiveness_v3_20260918T070441Z_f953b85a,dev/splitcifar100/control_2x2/control_splitcifar100_O01_q160/0,control_splitcifar100_O01_q160,splitcifar100,0,1,,,0.0006620716797000826,0.05,"{""factor_p"": 0.5071557613930227, ""factor_s"": 0.47495846890065974, ""factor_l"": 0.0027485956732879215, ""factor_m"": 0.9999934451759894, ""urge"": 0.0006620716797000826}",15.920777229655673,198.0194307413918,15.842227413079652,196.06545704540272,15,196,default,adaptive,15,196,default,"{""gem"": false, ""ewc"": false}",196,196,196,,167772160,ok,device_allocator_enforced,0.00027731500449590385,0.001631777995498851,0.38549999999999995,0.901,6.424348872009432,112.2587890625,112.2587890625,"{""gem"": false, ""ewc"": false}",
effectiveness_v3_20260918T070441Z_f953b85a,dev/splitcifar100/control_2x2/control_splitcifar100_O01_q160/0,control_splitcifar100_O01_q160,splitcifar100,0,2,,,0.0006533342011751974,0.05,"{""factor_p"": 0.5081451127251474, ""factor_s"": 0.4827256279138048, ""factor_l"": 0.0026634842387403593, ""factor_m"": 0.9999934451759894, ""urge"": 0.0006533342011751974}",15.842227413079652,196.06545704540272,15.76405130291343,194.13042172870004,15,194,default,adaptive,15,194,default,"{""gem"": false, ""ewc"": false}",194,194,194,,167772160,ok,device_allocator_enforced,0.00019751899526454508,0.001293324021389708,0.36966666666666664,0.7765,6.298187553999014,112.2587890625,112.2587890625,"{""gem"": false, ""ewc"": false}",
effectiveness_v3_20260918T070441Z_f953b85a,dev/splitcifar100/control_2x2/control_splitcifar100_O01_q160/0,control_splitcifar100_O01_q160,splitcifar100,0,3,,,0.0006687048417139699,0.05,"{""factor_p"": 0.507718136890192, ""factor_s"": 0.48698210930767494, ""factor_l"": 0.0027045911978038316, ""factor_m"": 0.9999934451759894, ""urge"": 0.0006687048417139699}",15.76405130291343,194.13042172870004,15.686285196141991,192.21508070199985,15,192,default,adaptive,15,192,default,"{""gem"": false, ""ewc"": false}",192,192,192,,167772160,ok,device_allocator_enforced,0.00021850000484846532,0.003766843001358211,0.3765,0.7083333333333333,6.359614995017182,112.2587890625,112.2587890625,"{""gem"": false, ""ewc"": false}",
effectiveness_v3_20260918T070441Z_f953b85a,dev/splitcifar100/control_2x2/control_splitcifar100_O01_q160/0,control_splitcifar100_O01_q160,splitcifar100,0,4,,,0.0006909025139897459,0.05,"{""factor_p"": 0.5074619459447504, ""factor_s"": 0.48753383404142164, ""factor_l"": 0.00279261700858063, ""factor_m"": 0.9999934451759894, ""urge"": 0.0006909025139897459}",15.686285196141991,192.21508070199985,15.608937539548998,190.3194902714766,15,190,default,adaptive,15,190,default,"{""gem"": false, ""ewc"": false}",190,190,190,,167772160,ok,device_allocator_enforced,0.00023459200747311115,0.0018795369833242148,0.3806,0.6995,6.488081587012857,112.2587890625,112.2587890625,"{""gem"": false, ""ewc"": false}",
effectiveness_v3_20260918T070441Z_f953b85a,dev/splitcifar100/control_2x2/control_splitcifar100_O01_q160/0,control_splitcifar100_O01_q160,splitcifar100,0,5,,,0.0006638680669487701,0.05,"{""factor_p"": 0.5066350271619319, ""factor_s"": 0.49072606370382016, ""factor_l"": 0.0026702399447916664, ""factor_m"": 0.9999934451759894, ""urge"": 0.0006638680669487701}",15.608937539548998,190.3194902714766,15.531929079370403,188.4415647751837,15,188,default,adaptive,15,188,default,"{""gem"": false, ""ewc"": false}",188,188,188,,167772160,ok,device_allocator_enforced,0.0002755650202743709,0.0014981300046201795,0.3938333333333333,0.6484,6.308347471000161,112.2587890625,112.2587890625,"{""gem"": false, ""ewc"": false}",
effectiveness_v3_20260918T070441Z_f953b85a,dev/splitcifar100/control_2x2/control_splitcifar100_O01_q160/0,control_splitcifar100_O01_q160,splitcifar100,0,6,,,0.0006733954655105261,0.05,"{""factor_p"": 0.5066246123267035, ""factor_s"": 0.49159454194777213, ""factor_l"": 0.0027038319621276174, ""factor_m"": 0.9999934451759894, ""urge"": 0.0006733954655105261}",15.531929079370403,188.4415647751837,15.45531534703482,186.58252826647853,15,186,default,adaptive,15,186,default,"{""gem"": false, ""ewc"": false}",186,186,186,,167772160,ok,device_allocator_enforced,0.00022287899628281593,0.0020047500147484243,0.394,0.6345000000000001,6.3584889080084395,112.2587890625,112.2587890625,"{""gem"": false, ""ewc"": false}",
effectiveness_v3_20260918T070441Z_f953b85a,dev/splitcifar100/control_2x2/control_splitcifar100_O01_q160/0,control_splitcifar100_O01_q160,splitcifar100,0,7,,,0.0006612172904151033,0.05,"{""factor_p"": 0.5058669182196153, ""factor_s"": 0.49221491491905267, ""factor_l"": 0.0026555592749419278, ""factor_m"": 0.9999934451759894, ""urge"": 0.0006612172904151033}",15.45531534703482,186.58252826647853,15.379060702473273,184.7413773025696,15,184,default,adaptive,15,184,default,"{""gem"": false, ""ewc"": false}",184,184,184,,167772160,ok,device_allocator_enforced,0.00026406499091535807,0.0019392500107642263,0.40612499999999996,0.6245714285714286,6.286236379004549,112.2587890625,112.2587890625,"{""gem"": false, ""ewc"": false}",
effectiveness_v3_20260918T070441Z_f953b85a,dev/splitcifar100/control_2x2/control_splitcifar100_O01_q160/0,control_splitcifar100_O01_q160,splitcifar100,0,8,,,0.0006711005346635363,0.05,"{""factor_p"": 0.5051942575754257, ""factor_s"": 0.4931722994345503, ""factor_l"": 0.0026936015361877764, ""factor_m"": 0.9999934451759894, ""urge"": 0.0006711005346635363}",15.379060702473273,184.7413773025696,15.303197488546912,182.91875953696035,15,182,default,adaptive,15,182,default,"{""gem"": false, ""ewc"": false}",182,182,182,,167772160,ok,device_allocator_enforced,0.00020559199037961662,0.0016687129973433912,0.41688888888888886,0.60925,6.343284464004682,112.2587890625,112.2587890625,"{""gem"": false, ""ewc"": false}",
effectiveness_v3_20260918T070441Z_f953b85a,dev/splitcifar100/control_2x2/control_splitcifar100_O01_q160/0,control_splitcifar100_O01_q160,splitcifar100,0,9,,last_experience,0.0006666149285741124,0.05,"{""factor_p"": 0.5048998431406926, ""factor_s"": 0.4938822497628438, ""factor_l"": 0.002673309418277615, ""factor_m"": 0.9999934451759894, ""urge"": 0.0006666149285741124}",15.303197488546912,182.91875953696035,15.227701635094256,181.11395921675546,15,181,default,,,,,,,,,,,,,0.028630807006265968,0.0,0.42160000000000003,0.5978888888888889,6.312955189991044,112.2587890625,112.2587890625,,
effectiveness_v3_20260918T070608Z_9a93c0ae,dev/splitcifar100/control_2x2/control_splitcifar100_O11_q160/0,control_splitcifar100_O11_q160,splitcifar100,0,0,,,0.10843408647466742,0.05,"{""factor_p"": 0.503812426114674, ""factor_s"": 0.46879062662624377, ""factor_l"": 0.4591113664540007, ""factor_m"": 0.9999999672863582, ""urge"": 0.10843408647466742}",16.0,200.0,16.09349453835947,202.33736345898672,16,202,advanced,adaptive,16,202,advanced,"{""gem"": true, ""ewc"": true}",202,200,202,,167772160,ok,device_allocator_enforced,0.00021779700182378292,0.0002299170009791851,0.439,1.0,5.26791243601474,91.05810546875,91.05810546875,"{""gem"": true, ""ewc"": true}",
effectiveness_v3_20260918T070608Z_9a93c0ae,dev/splitcifar100/control_2x2/control_splitcifar100_O11_q160/0,control_splitcifar100_O11_q160,splitcifar100,0,1,,,0.18760146842604825,0.05,"{""factor_p"": 0.5060934483058888, ""factor_s"": 0.4811963722225017, ""factor_l"": 0.7703551306175723, ""factor_m"": 0.9999820272478264, ""urge"": 0.18760146842604825}",16.09349453835947,202.33736345898672,16.31494338641795,207.90574712486904,16,207,advanced,adaptive,16,207,advanced,"{""gem"": true, ""ewc"": true}",207,202,207,,167772160,ok,device_allocator_enforced,0.0002101580030284822,0.0005977870023343712,0.40249999999999997,0.8009999999999999,10.764865008997731,116.29345703125,116.29345703125,"{""gem"": true, ""ewc"": true}",
effectiveness_v3_20260918T070643Z_ca7c2157,dev/core50_nc/dyn_reservation_probe/dyn_core50_nc_R4/0,dyn_core50_nc_R4,core50_nc,0,0,,,0.22022023262768217,0.05,"{""factor_p"": 0.49905429574277377, ""factor_s"": 0.46879062662624377, ""factor_l"": 0.9413053205513979, ""factor_m"": 0.9999999675092239, ""urge"": 0.22022023262768217}",16.0,200.0,16.272352372204292,206.8088093051073,16,206,advanced,adaptive,16,206,advanced,"{""gem"": true, ""ewc"": true}",206,200,206,,167772160,ok,device_allocator_enforced,0.00022017600713297725,0.00027316701016388834,0.5151312861593236,1.0,27.014679940999486,91.03076171875,91.03076171875,"{""gem"": true, ""ewc"": true}",
effectiveness_v3_20260918T070643Z_ca7c2157,dev/core50_nc/dyn_reservation_probe/dyn_core50_nc_R4/0,dyn_core50_nc_R4,core50_nc,0,1,,,0.22617873050568796,0.05,"{""factor_p"": 0.48984104558499203, ""factor_s"": 0.47799875120575835, ""factor_l"": 0.9660009416667555, ""factor_m"": 0.9999822171072174, ""urge"": 0.22617873050568796}",16.272352372204292,206.8088093051073,16.55903661053191,214.09587200126066,16,214,advanced,adaptive,16,214,advanced,"{""gem"": true, ""ewc"": true}",214,206,214,,167772160,ok,device_allocator_enforced,0.00019936999888159335,0.0007251949864439666,0.6625656430796618,0.8522474410324877,29.302333992993226,116.2509765625,116.2509765625,"{""gem"": true, ""ewc"": true}",
effectiveness_v3_20260918T070802Z_9e915627,dev/core50_nc/io_off/io_off_core50_nc/0,io_off_core50_nc,core50_nc,0,0,skipped,disabled,,,,,,,,,,,,,,,,,,,,,,,,,,,,,,,
effectiveness_v3_20260918T070802Z_9e915627,dev/core50_nc/io_off/io_off_core50_nc/0,io_off_core50_nc,core50_nc,0,1,skipped,disabled,,,,,,,,,,,,,,,,,,,,,,,,,,,,,,,
effectiveness_v3_20260918T070802Z_9e915627,dev/core50_nc/io_off/io_off_core50_nc/0,io_off_core50_nc,core50_nc,0,2,skipped,disabled,,,,,,,,,,,,,,,,,,,,,,,,,,,,,,,
effectiveness_v3_20260918T070802Z_9e915627,dev/core50_nc/io_off/io_off_core50_nc/0,io_off_core50_nc,core50_nc,0,3,skipped,disabled,,,,,,,,,,,,,,,,,,,,,,,,,,,,,,,
effectiveness_v3_20260918T070802Z_9e915627,dev/core50_nc/io_off/io_off_core50_nc/0,io_off_core50_nc,core50_nc,0,4,skipped,disabled,,,,,,,,,,,,,,,,,,,,,,,,,,,,,,,
effectiveness_v3_20260918T070802Z_9e915627,dev/core50_nc/io_off/io_off_core50_nc/0,io_off_core50_nc,core50_nc,0,5,skipped,disabled,,,,,,,,,,,,,,,,,,,,,,,,,,,,,,,
effectiveness_v3_20260918T070802Z_9e915627,dev/core50_nc/io_off/io_off_core50_nc/0,io_off_core50_nc,core50_nc,0,6,skipped,disabled,,,,,,,,,,,,,,,,,,,,,,,,,,,,,,,
effectiveness_v3_20260918T070802Z_9e915627,dev/core50_nc/io_off/io_off_core50_nc/0,io_off_core50_nc,core50_nc,0,7,skipped,disabled,,,,,,,,,,,,,,,,,,,,,,,,,,,,,,,
effectiveness_v3_20260918T070802Z_9e915627,dev/core50_nc/io_off/io_off_core50_nc/0,io_off_core50_nc,core50_nc,0,8,skipped,disabled,,,,,,,,,,,,,,,,,,,,,,,,,,,,,,,
effectiveness_v3_20260918T071131Z_f68f3c56,dev/core50_nc/io_on/io_on_core50_nc/0,io_on_core50_nc,core50_nc,0,0,skipped,disabled,,,,,,,,,,,,,,,,,,,,,,,,,,,,,,,
effectiveness_v3_20260918T071131Z_f68f3c56,dev/core50_nc/io_on/io_on_core50_nc/0,io_on_core50_nc,core50_nc,0,1,skipped,disabled,,,,,,,,,,,,,,,,,,,,,,,,,,,,,,,
effectiveness_v3_20260918T071131Z_f68f3c56,dev/core50_nc/io_on/io_on_core50_nc/0,io_on_core50_nc,core50_nc,0,2,skipped,disabled,,,,,,,,,,,,,,,,,,,,,,,,,,,,,,,
effectiveness_v3_20260918T071131Z_f68f3c56,dev/core50_nc/io_on/io_on_core50_nc/0,io_on_core50_nc,core50_nc,0,3,skipped,disabled,,,,,,,,,,,,,,,,,,,,,,,,,,,,,,,
effectiveness_v3_20260918T071131Z_f68f3c56,dev/core50_nc/io_on/io_on_core50_nc/0,io_on_core50_nc,core50_nc,0,4,skipped,disabled,,,,,,,,,,,,,,,,,,,,,,,,,,,,,,,
effectiveness_v3_20260918T071131Z_f68f3c56,dev/core50_nc/io_on/io_on_core50_nc/0,io_on_core50_nc,core50_nc,0,5,skipped,disabled,,,,,,,,,,,,,,,,,,,,,,,,,,,,,,,
effectiveness_v3_20260918T071131Z_f68f3c56,dev/core50_nc/io_on/io_on_core50_nc/0,io_on_core50_nc,core50_nc,0,6,skipped,disabled,,,,,,,,,,,,,,,,,,,,,,,,,,,,,,,
effectiveness_v3_20260918T071131Z_f68f3c56,dev/core50_nc/io_on/io_on_core50_nc/0,io_on_core50_nc,core50_nc,0,7,skipped,disabled,,,,,,,,,,,,,,,,,,,,,,,,,,,,,,,
effectiveness_v3_20260918T071131Z_f68f3c56,dev/core50_nc/io_on/io_on_core50_nc/0,io_on_core50_nc,core50_nc,0,8,skipped,disabled,,,,,,,,,,,,,,,,,,,,,,,,,,,,,,,
effectiveness_v3_20260918T071448Z_a0c5f366,dev/core50_nc/sensitivity/sens_thr_half_q160/0,sens_thr_half_q160,core50_nc,0,0,,,0.21978047070817927,0.025,"{""factor_p"": 0.4990125736023187, ""factor_s"": 0.46879062662624377, ""factor_l"": 0.9395041550827592, ""factor_m"": 0.9999999675092239, ""urge"": 0.21978047070817927}",16.0,200.0,16.31164875313309,207.79121882832717,16,207,advanced,adaptive,16,207,advanced,"{""gem"": true, ""ewc"": true}",207,200,207,,167772160,ok,device_allocator_enforced,0.00021286102128215134,0.0002886299917008728,0.5157988429016467,1.0,26.886116301000584,91.03076171875,91.03076171875,"{""gem"": true, ""ewc"": true}",
effectiveness_v3_20260918T071448Z_a0c5f366,dev/core50_nc/sensitivity/sens_thr_half_q160/0,sens_thr_half_q160,core50_nc,0,1,,,0.23358025165149263,0.025,"{""factor_p"": 0.49950628631978267, ""factor_s"": 0.48009508245443344, ""factor_l"": 0.9740373922114997, ""factor_m"": 0.9999822171072174, ""urge"": 0.23358025165149263}",16.31164875313309,207.79121882832717,16.651877533311016,216.45944777116372,16,216,advanced,adaptive,16,216,advanced,"{""gem"": true, ""ewc"": true}",216,207,216,,167772160,ok,device_allocator_enforced,0.00018932399689219892,0.0006259729852899909,0.5078994214508233,0.8186470850022252,30.41417547900346,116.2509765625,116.2509765625,"{""gem"": true, ""ewc"": true}",
effectiveness_v3_20260918T071559Z_e01e3443,dev/core50_nc/sensitivity/sens_thr_double_q160/0,sens_thr_double_q160,core50_nc,0,0,,,0.22119685640418743,0.1,"{""factor_p"": 0.5018496800356638, ""factor_s"": 0.46879062662624377, ""factor_l"": 0.9402133072176918, ""factor_m"": 0.9999999675092239, ""urge"": 0.22119685640418743}",16.0,200.0,16.1939149702467,204.8478742561675,16,204,advanced,adaptive,16,204,advanced,"{""gem"": true, ""ewc"": true}",204,200,204,,167772160,ok,device_allocator_enforced,0.00022301898570731282,0.0003087960067205131,0.470404984423676,1.0,26.936300728004426,91.03076171875,91.03076171875,"{""gem"": true, ""ewc"": true}",
effectiveness_v3_20260918T071559Z_e01e3443,dev/core50_nc/sensitivity/sens_thr_double_q160/0,sens_thr_double_q160,core50_nc,0,1,,,0.22116390407578984,0.1,"{""factor_p"": 0.49349961526749997, ""factor_s"": 0.47437716010530495, ""factor_l"": 0.9447379940288338, ""factor_m"": 0.9999822171072174, ""urge"": 0.22116390407578984}",16.1939149702467,204.8478742561675,16.390126766253346,209.81190789346823,16,209,advanced,adaptive,16,209,advanced,"{""gem"": true, ""ewc"": true}",209,204,209,,167772160,ok,device_allocator_enforced,0.0001871109998319298,0.0005865459970664233,0.6040120160213618,0.9103248776145972,27.270294127985835,116.2509765625,116.2509765625,"{""gem"": true, ""ewc"": true}",
effectiveness_v3_20260918T071706Z_15ebee85,dev/core50_nc/sensitivity/sens_alpha_half_q160/0,sens_alpha_half_q160,core50_nc,0,0,,,0.2210616728935708,0.05,"{""factor_p"": 0.5024894097815762, ""factor_s"": 0.46879062662624377, ""factor_l"": 0.938442426262334, ""factor_m"": 0.9999999675092239, ""urge"": 0.2210616728935708}",16.0,200.0,16.136849338314857,206.84246691574285,16,206,advanced,adaptive,16,206,advanced,"{""gem"": true, ""ewc"": true}",206,200,206,,167772160,ok,device_allocator_enforced,0.00018656501197256148,0.0003042960015591234,0.46016911437472185,1.0,26.81200051898486,91.03076171875,91.03076171875,"{""gem"": true, ""ewc"": true}",
effectiveness_v3_20260918T071706Z_15ebee85,dev/core50_nc/sensitivity/sens_alpha_half_q160/0,sens_alpha_half_q160,core50_nc,0,1,,,0.2321348198931446,0.05,"{""factor_p"": 0.4998905485108715, ""factor_s"": 0.4755008316130442, ""factor_l"": 0.9766114361599888, ""factor_m"": 0.9999822171072174, ""urge"": 0.2321348198931446}",16.136849338314857,206.84246691574285,16.283803445708696,214.37711000733336,16,214,advanced,adaptive,16,214,advanced,"{""gem"": true, ""ewc"": true}",214,206,214,,167772160,ok,device_allocator_enforced,0.0003444629837758839,0.0007602219993714243,0.5017512238540276,0.8923008455718736,30.842372804007027,116.2509765625,116.2509765625,"{""gem"": true, ""ewc"": true}",
effectiveness_v3_20260918T071816Z_b64b58f9,dev/core50_nc/sensitivity/sens_alpha_double_q160/0,sens_alpha_double_q160,core50_nc,0,0,,,0.224039940928386,0.05,"{""factor_p"": 0.5073008829252099, ""factor_s"": 0.46879062662624377, ""factor_l"": 0.9420651235387439, ""factor_m"": 0.9999999675092239, ""urge"": 0.224039940928386}",16.0,200.0,16.556927810970834,206.9615976371354,16,206,advanced,adaptive,16,206,advanced,"{""gem"": true, ""ewc"": true}",206,200,206,,167772160,ok,device_allocator_enforced,0.00023302799672819674,0.00032736099092289805,0.38317757009345793,1.0,27.07002545101568,91.03076171875,91.03076171875,"{""gem"": true, ""ewc"": true}",
effectiveness_v3_20260918T071816Z_b64b58f9,dev/core50_nc/sensitivity/sens_alpha_double_q160/0,sens_alpha_double_q160,core50_nc,0,1,,,0.22654371380265062,0.05,"{""factor_p"": 0.5014929584023949, ""factor_s"": 0.4655918533830115, ""factor_l"": 0.9702631261382041, ""factor_m"": 0.9999822171072174, ""urge"": 0.22654371380265062}",16.556927810970834,206.9615976371354,17.14153211595307,214.26915144941336,17,214,advanced,adaptive,17,214,advanced,"{""gem"": true, ""ewc"": true}",214,206,214,,167772160,ok,device_allocator_enforced,0.00019306500325910747,0.0006983329949434847,0.47611259457053845,1.0514018691588785,29.85572398500517,116.2509765625,116.2509765625,"{""gem"": true, ""ewc"": true}",
effectiveness_v3_20260918T071926Z_2b894538,dev/core50_nc/sensitivity/sens_beta_half_q160/0,sens_beta_half_q160,core50_nc,0,0,,,0.21876764203065857,0.05,"{""factor_p"": 0.5054375915810173, ""factor_s"": 0.46879062662624377, ""factor_l"": 0.9232868312808223, ""factor_m"": 0.9999999675092239, ""urge"": 0.21876764203065857}",16.0,200.0,16.270028227249053,203.37535284061317,16,203,advanced,adaptive,16,203,advanced,"{""gem"": true, ""ewc"": true}",203,200,203,,167772160,ok,device_allocator_enforced,0.00019904598593711853,0.0002829719742294401,0.4129951045838896,1.0,25.866472313995473,91.03076171875,91.03076171875,"{""gem"": true, ""ewc"": true}",
effectiveness_v3_20260918T071926Z_2b894538,dev/core50_nc/sensitivity/sens_beta_half_q160/0,sens_beta_half_q160,core50_nc,0,1,,,0.22905157668648982,0.05,"{""factor_p"": 0.5032396909772875, ""factor_s"": 0.46651935651145454, ""factor_l"": 0.9756554026507531, ""factor_m"": 0.9999822171072174, ""urge"": 0.22905157668648982}",16.270028227249053,203.37535284061317,16.56134564793132,207.01682059914148,16,207,advanced,adaptive,16,207,advanced,"{""gem"": true, ""ewc"": true}",207,203,207,,167772160,ok,device_allocator_enforced,0.00032189799821935594,0.0006891569937579334,0.44816421895861147,1.0364931019136627,30.67820408102125,116.2509765625,116.2509765625,"{""gem"": true, ""ewc"": true}",
effectiveness_v3_20260918T072035Z_faee1189,dev/core50_nc/sensitivity/sens_beta_double_q160/0,sens_beta_double_q160,core50_nc,0,0,,,0.21994351041390417,0.05,"{""factor_p"": 0.5018635872760341, ""factor_s"": 0.46879062662624377, ""factor_l"": 0.9348599622295808, ""factor_m"": 0.9999999675092239, ""urge"": 0.21994351041390417}",16.0,200.0,16.271909616662246,213.59548083311233,16,213,advanced,adaptive,16,213,advanced,"{""gem"": true, ""ewc"": true}",213,200,213,,167772160,ok,device_allocator_enforced,0.0002122959995176643,0.00030625000363215804,0.4701824655095683,1.0,26.57043553100084,91.03076171875,91.03076171875,"{""gem"": true, ""ewc"": true}",
effectiveness_v3_20260918T072035Z_faee1189,dev/core50_nc/sensitivity/sens_beta_double_q160/0,sens_beta_double_q160,core50_nc,0,1,,,0.22438326285966786,0.05,"{""factor_p"": 0.49938417921659517, ""factor_s"": 0.47620845649861887, ""factor_l"": 0.9435529987684691, ""factor_m"": 0.9999822171072174, ""urge"": 0.22438326285966786}",16.271909616662246,213.59548083311233,16.555664485853363,228.49447158501548,16,228,advanced,adaptive,16,228,advanced,"{""gem"": true, ""ewc"": true}",228,213,228,,167772160,ok,device_allocator_enforced,0.00026589800836518407,0.0007053330191411078,0.5098531375166889,0.8809523809523809,27.180407545994967,116.2509765625,116.2509765625,"{""gem"": true, ""ewc"": true}",
effectiveness_v3_20260918T072142Z_620bd669,dev/core50_nc/sensitivity/sens_lr_half_q160/0,sens_lr_half_q160,core50_nc,0,0,,,0.22221542626778942,0.05,"{""factor_p"": 0.5052846274164593, ""factor_s"": 0.46879062662624377, ""factor_l"": 0.9381217683499008, ""factor_m"": 0.9999999675092239, ""urge"": 0.22221542626778942}",16.0,200.0,16.275544682028464,206.8886170507116,16,206,advanced,adaptive,16,206,advanced,"{""gem"": true, ""ewc"": true}",206,200,206,,167772160,ok,device_allocator_enforced,0.00031186098931357265,0.0003090190002694726,0.41544281263907434,1.0,26.789851306995843,91.03076171875,91.03076171875,"{""gem"": true, ""ewc"": true}",
effectiveness_v3_20260918T072142Z_620bd669,dev/core50_nc/sensitivity/sens_lr_half_q160/0,sens_lr_half_q160,core50_nc,0,1,,,0.2292403876923541,0.05,"{""factor_p"": 0.49700256706108714, ""factor_s"": 0.4718533308614574, ""factor_l"": 0.9775369905249004, ""factor_m"": 0.9999822171072174, ""urge"": 0.2292403876923541}",16.275544682028464,206.8886170507116,16.567268175899567,214.3051762365725,16,214,advanced,adaptive,16,214,advanced,"{""gem"": true, ""ewc"": true}",214,206,214,,167772160,ok,device_allocator_enforced,0.0001922230003401637,0.0006916950223967433,0.5479595015576324,0.9508233199821985,31.00767086999258,116.2509765625,116.2509765625,"{""gem"": true, ""ewc"": true}",
effectiveness_v3_20260918T072252Z_cfb0717e,dev/core50_nc/sensitivity/sens_lr_double_q160/0,sens_lr_double_q160,core50_nc,0,0,,,0.22060325056886315,0.05,"{""factor_p"": 0.5001112594552175, ""factor_s"": 0.46879062662624377, ""factor_l"": 0.9409496168804314, ""factor_m"": 0.9999999675092239, ""urge"": 0.22060325056886315}",16.0,200.0,16.272965200910182,206.82413002275456,16,206,advanced,adaptive,16,206,advanced,"{""gem"": true, ""ewc"": true}",206,200,206,,167772160,ok,device_allocator_enforced,0.0002848519943654537,0.0003643799864221364,0.4982198486871384,1.0,26.98900033099926,91.03076171875,91.03076171875,"{""gem"": true, ""ewc"": true}",
effectiveness_v3_20260918T072252Z_cfb0717e,dev/core50_nc/sensitivity/sens_lr_double_q160/0,sens_lr_double_q160,core50_nc,0,1,,,0.2301216870523108,0.05,"{""factor_p"": 0.49106848465173913, ""factor_s"": 0.47880387690980114, ""factor_l"": 0.9787359727177881, ""factor_m"": 0.9999822171072174, ""urge"": 0.2301216870523108}",16.272965200910182,206.82413002275456,16.56607659544333,214.27483226731954,16,214,advanced,adaptive,16,214,advanced,"{""gem"": true, ""ewc"": true}",214,206,214,,167772160,ok,device_allocator_enforced,0.00019956499454565346,0.000632110983133316,0.6429194481530931,0.8393413440142412,31.231986591010354,116.2509765625,116.2509765625,"{""gem"": true, ""ewc"": true}",
effectiveness_v3_20260918T072403Z_e3878a3f,dev/core50_nc/sensitivity/sens_delta_half_life_q160/0,sens_delta_half_life_q160,core50_nc,0,0,,,0.19592431382435996,0.05,"{""factor_p"": 0.505966005227888, ""factor_s"": 0.46879062662624377, ""factor_l"": 0.8260152978922523, ""factor_m"": 0.9999999675092239, ""urge"": 0.19592431382435996}",16.0,200.0,16.233478902118975,205.83697255297443,16,205,advanced,adaptive,16,205,advanced,"{""gem"": true, ""ewc"": true}",205,200,205,,167772160,ok,device_allocator_enforced,0.00021226800163276494,0.000221018010051921,0.4045393858477971,1.0,22.145589738996932,91.03076171875,91.03076171875,"{""gem"": true, ""ewc"": true}",
effectiveness_v3_20260918T072403Z_e3878a3f,dev/core50_nc/sensitivity/sens_delta_half_life_q160/0,sens_delta_half_life_q160,core50_nc,0,1,,,0.22668559206083747,0.04585020216023356,"{""factor_p"": 0.4948434460689014, ""factor_s"": 0.4690538469849809, ""factor_l"": 0.9766548607010207, ""factor_m"": 0.9999822171072174, ""urge"": 0.22668559206083747}",16.233478902118975,205.83697255297443,16.527037650789765,213.28149439048985,16,213,advanced,adaptive,16,213,advanced,"{""gem"": true, ""ewc"": true}",213,205,213,,167772160,ok,device_allocator_enforced,0.00018677799380384386,0.0006420929857995361,0.5825077881619938,0.9957721406319537,30.84998418900068,116.2509765625,116.2509765625,"{""gem"": true, ""ewc"": true}",
effectiveness_v3_20260918T072509Z_1bb76c1e,dev/core50_nc/sensitivity/sens_initial_batch32_q160/0,sens_initial_batch32_q160,core50_nc,0,0,,,0.1231323247511511,0.05,"{""factor_p"": 0.5002920560415511, ""factor_s"": 0.46879062662624377, ""factor_l"": 0.5250217264551436, ""factor_m"": 0.9999822171072174, ""urge"": 0.1231323247511511}",32.0,200.0,32.23402343920368,202.92529299004602,32,202,advanced,adaptive,32,202,advanced,"{""gem"": true, ""ewc"": true}",202,200,202,,167772160,ok,device_allocator_enforced,0.00020166600006632507,0.00030342600075528026,0.4953271028037383,1.0,16.315688399015926,116.2509765625,116.2509765625,"{""gem"": true, ""ewc"": true}",
effectiveness_v3_20260918T072535Z_a66b8f55,dev/core50_nc/sensitivity/sens_initial_replay1000_q160/0,sens_initial_replay1000_q160,core50_nc,0,0,,,0.22261836909261157,0.05,"{""factor_p"": 0.5028648996663937, ""factor_s"": 0.46879062662624377, ""factor_l"": 0.9443451817741899, ""factor_m"": 0.9999999675092239, ""urge"": 0.22261836909261157}",16.0,1000.0,16.27618939054818,1034.5236738185224,16,1034,advanced,adaptive,16,1034,advanced,"{""gem"": true, ""ewc"": true}",1034,1000,1034,,167772160,ok,device_allocator_enforced,0.00021102698519825935,0.0003125460061710328,0.45416110369381396,1.0,27.240298481978243,91.03076171875,91.03076171875,"{""gem"": true, ""ewc"": true}",
effectiveness_v3_20260918T072535Z_a66b8f55,dev/core50_nc/sensitivity/sens_initial_replay1000_q160/0,sens_initial_replay1000_q160,core50_nc,0,1,,,0.22335689701394257,0.05,"{""factor_p"": 0.5007777029776431, ""factor_s"": 0.4672393695806089, ""factor_l"": 0.9546027421690175, ""factor_m"": 0.9999822171072174, ""urge"": 0.22335689701394257}",16.27618939054818,1034.5236738185224,16.55834835934385,1070.392036614651,16,1070,advanced,adaptive,16,1070,advanced,"{""gem"": true, ""ewc"": true}",1070,1034,1070,,167772160,ok,device_allocator_enforced,0.00019906501984223723,0.0006687499990221113,0.4875567423230974,1.0249221183800623,28.098380366020137,116.2509765625,116.2509765625,"{""gem"": true, ""ewc"": true}",
effectiveness_v3_20260918T072643Z_8270ed07,dev/core50_nc/sensitivity/sens_quota_loose_q320/0,sens_quota_loose_q320,core50_nc,0,0,,,0.22549111921031514,0.05,"{""factor_p"": 0.5084132023007103, ""factor_s"": 0.46879062662624377, ""factor_l"": 0.9460927252618653, ""factor_m"": 1.0, ""urge"": 0.22549111921031514}",16.0,200.0,16.280785790736505,207.0196447684126,16,207,advanced,adaptive,16,207,advanced,"{""gem"": true, ""ewc"": true}",207,200,207,,335544320,ok,device_allocator_enforced,0.00020928701269440353,0.00031838001450523734,0.365376056964842,1.0,27.375306655012537,91.03076171875,91.03076171875,"{""gem"": true, ""ewc"": true}",
effectiveness_v3_20260918T072643Z_8270ed07,dev/core50_nc/sensitivity/sens_quota_loose_q320/0,sens_quota_loose_q320,core50_nc,0,1,,,0.22860046416236626,0.05,"{""factor_p"": 0.4998022363253996, ""factor_s"": 0.4684997190705771, ""factor_l"": 0.9762691774010194, ""factor_m"": 1.0, ""urge"": 0.22860046416236626}",16.280785790736505,207.0196447684126,16.571561380651865,214.41440569768594,16,214,advanced,adaptive,16,214,advanced,"{""gem"": true, ""ewc"": true}",214,207,214,,335544320,ok,device_allocator_enforced,0.0002580550208222121,0.0006991020054556429,0.5031642189586114,1.0046728971962617,30.782860509993043,116.2509765625,116.2509765625,"{""gem"": true, ""ewc"": true}",
effectiveness_v3_20260918T072643Z_8270ed07,dev/core50_nc/sensitivity/sens_quota_loose_q320/0,sens_quota_loose_q320,core50_nc,0,2,,,0.24027641741590633,0.05,"{""factor_p"": 0.5012607859549584, ""factor_s"": 0.4816976558899255, ""factor_l"": 0.9951141099958949, ""factor_m"": 1.0, ""urge"": 0.24027641741590633}",16.571561380651865,214.41440569768594,16.88687911370169,222.57400668938922,16,222,advanced,adaptive,16,222,advanced,"{""gem"": true, ""ewc"": true}",222,214,222,,335544320,ok,device_allocator_enforced,0.000210593017982319,0.0017609359929338098,0.47982738196590685,0.7929684023141967,37.18102988501778,148.1484375,148.1484375,"{""gem"": true, ""ewc"": true}",
effectiveness_v3_20260918T072643Z_8270ed07,dev/core50_nc/sensitivity/sens_quota_loose_q320/0,sens_quota_loose_q320,core50_nc,0,3,,,0.24483440673451384,0.05,"{""factor_p"": 0.5030080551787942, ""factor_s"": 0.48674494892040193, ""factor_l"": 0.9999909188831838, ""factor_m"": 1.0, ""urge"": 0.24483440673451384}",16.88687911370169,222.57400668938922,17.215893621073242,231.2470215989594,17,231,advanced,adaptive,17,231,advanced,"{""gem"": true, ""ewc"": true}",231,222,231,,335544320,ok,device_allocator_enforced,0.0001923249801620841,0.0019811110105365515,0.4518705364744301,0.7121305206759869,62.35222324699862,152.85546875,152.85546875,"{""gem"": true, ""ewc"": true}",
effectiveness_v3_20260918T072643Z_8270ed07,dev/core50_nc/sensitivity/sens_quota_loose_q320/0,sens_quota_loose_q320,core50_nc,0,4,,,0.2446721670566387,0.05,"{""factor_p"": 0.506134933855238, ""factor_s"": 0.4834211260688415, ""factor_l"": 0.9999830281473714, ""factor_m"": 1.0, ""urge"": 0.2446721670566387}",17.215893621073242,231.2470215989594,17.55103915297633,240.25049336297195,17,240,advanced,adaptive,17,240,advanced,"{""gem"": true, ""ewc"": true}",240,231,240,,335544320,ok,device_allocator_enforced,0.00019379600416868925,0.0025518239999655634,0.401836131939629,0.76535925995588,59.85075543698622,155.80517578125,155.80517578125,"{""gem"": true, ""ewc"": true}",
effectiveness_v3_20260918T072643Z_8270ed07,dev/core50_nc/sensitivity/sens_quota_loose_q320/0,sens_quota_loose_q320,core50_nc,0,5,,,0.2507532057612454,0.05,"{""factor_p"": 0.5103195691307146, ""factor_s"": 0.4913650605557969, ""factor_l"": 0.9999999990928277, ""factor_m"": 1.0, ""urge"": 0.2507532057612454}",17.55103915297633,240.25049336297195,17.903381890416444,249.89670470863942,17,249,advanced,adaptive,17,249,advanced,"{""gem"": true, ""ewc"": true}",249,240,249,,335544320,ok,device_allocator_enforced,0.0002103059960063547,0.002944648003904149,0.3348634432830242,0.6381727688169353,99.19776028799242,160.888671875,160.888671875,"{""gem"": true, ""ewc"": true}",
effectiveness_v3_20260918T072643Z_8270ed07,dev/core50_nc/sensitivity/sens_quota_loose_q320/0,sens_quota_loose_q320,core50_nc,0,6,,,0.2502876815896245,0.05,"{""factor_p"": 0.5133077432993455, ""factor_s"": 0.4875977128024938, ""factor_l"": 0.999999999972248, ""factor_m"": 1.0, ""urge"": 0.2502876815896245}",17.903381890416444,249.89670470863942,18.26196457556096,259.9069510332355,18,259,advanced,adaptive,18,259,advanced,"{""gem"": true, ""ewc"": true}",259,249,259,,335544320,ok,device_allocator_enforced,0.0001854719885159284,0.0030296299955807626,0.28702580852830645,0.6984773073474461,113.14586126999347,164.72802734375,164.72802734375,"{""gem"": true, ""ewc"": true}",
effectiveness_v3_20260918T072643Z_8270ed07,dev/core50_nc/sensitivity/sens_quota_loose_q320/0,sens_quota_loose_q320,core50_nc,0,7,,,0.24999326376167255,0.05,"{""factor_p"": 0.5155482614958116, ""factor_s"": 0.484907587584145, ""factor_l"": 0.9999999999861542, ""factor_m"": 1.0, ""urge"": 0.24999326376167255}",18.26196457556096,259.9069510332355,18.627191565377608,270.3028789155319,18,270,advanced,adaptive,18,270,advanced,"{""gem"": true, ""ewc"": true}",270,259,270,,335544320,ok,device_allocator_enforced,0.0002587500202935189,0.005003906990168616,0.25114758246226815,0.7415519777263824,115.92718262999551,169.1376953125,169.1376953125,"{""gem"": true, ""ewc"": true}",
effectiveness_v3_20260918T072643Z_8270ed07,dev/core50_nc/sensitivity/sens_quota_loose_q320/0,sens_quota_loose_q320,core50_nc,0,8,,last_experience,0.24979467904573702,0.05,"{""factor_p"": 0.5172904593731524, ""factor_s"": 0.48289055891047755, ""factor_l"": 0.999999999999911, ""factor_m"": 1.0, ""urge"": 0.24979467904573702}",18.627191565377608,270.3028789155319,18.999352941410415,281.1038943031454,18,281,advanced,,,,,,,,,,,,,0.02713970499462448,0.0,0.22324229552201613,0.7738579805105845,136.1102472039929,172.8056640625,172.8056640625,,
effectiveness_v3_20260918T073910Z_ebc842d3,dev/core50_nc/sensitivity/sens_quota_mid_q240/0,sens_quota_mid_q240,core50_nc,0,0,,,0.22296384671205088,0.05,"{""factor_p"": 0.5062023965620714, ""factor_s"": 0.46879062662624377, ""factor_l"": 0.9395747391435345, ""factor_m"": 1.0, ""urge"": 0.22296384671205088}",16.0,200.0,16.27674215473928,206.91855386848204,16,206,advanced,adaptive,16,206,advanced,"{""gem"": true, ""ewc"": true}",206,200,206,,251658240,ok,device_allocator_enforced,0.00021102698519825935,0.00022349099162966013,0.4007565643079662,1.0,26.891086566000013,91.03076171875,91.03076171875,"{""gem"": true, ""ewc"": true}",
effectiveness_v3_20260918T073910Z_ebc842d3,dev/core50_nc/sensitivity/sens_quota_mid_q240/0,sens_quota_mid_q240,core50_nc,0,1,,,0.22558363223197397,0.05,"{""factor_p"": 0.49775911046455407, ""factor_s"": 0.46988518153433073, ""factor_l"": 0.9644875330740559, ""factor_m"": 0.9999999999999634, ""urge"": 0.22558363223197397}",16.27674215473928,206.91855386848204,16.562535105582523,214.1848561213651,16,214,advanced,adaptive,16,214,advanced,"{""gem"": true, ""ewc"": true}",214,206,214,,251658240,ok,device_allocator_enforced,0.0002077499812003225,0.0006448329950217158,0.5358544726301736,0.9824210057854917,29.12185843201587,116.2509765625,116.2509765625,"{""gem"": true, ""ewc"": true}",
effectiveness_v3_20260918T073910Z_ebc842d3,dev/core50_nc/sensitivity/sens_quota_mid_q240/0,sens_quota_mid_q240,core50_nc,0,2,,,0.24184852701532963,0.05,"{""factor_p"": 0.5014009149912267, ""factor_s"": 0.4846817256202121, ""factor_l"": 0.9951800907916971, ""factor_m"": 0.9999999998935016, ""urge"": 0.24184852701532963}",16.562535105582523,214.1848561213651,16.880284901947093,222.40306595253992,16,222,advanced,adaptive,16,222,advanced,"{""gem"": true, ""ewc"": true}",222,214,222,,251658240,ok,device_allocator_enforced,0.0001869069819804281,0.001942074013641104,0.47758530148657713,0.7451691143747219,37.23568056998192,148.1484375,148.1484375,"{""gem"": true, ""ewc"": true}",
effectiveness_v3_20260918T073910Z_ebc842d3,dev/core50_nc/sensitivity/sens_quota_mid_q240/0,sens_quota_mid_q240,core50_nc,0,3,,,0.2427360638259996,0.05,"{""factor_p"": 0.5027173289064483, ""factor_s"": 0.4828534335603263, ""factor_l"": 0.9999887761535082, ""factor_m"": 0.9999999996545361, ""urge"": 0.2427360638259996}",16.880284901947093,222.40306595253992,17.205628868773367,230.97608425544527,17,230,advanced,adaptive,17,230,advanced,"{""gem"": true, ""ewc"": true}",230,222,230,,251658240,ok,device_allocator_enforced,0.00020587898325175047,0.002172806009184569,0.45652230944826616,0.7744526839823725,61.504840742010856,152.85546875,152.85546875,"{""gem"": true, ""ewc"": true}",
effectiveness_v3_20260918T073910Z_ebc842d3,dev/core50_nc/sensitivity/sens_quota_mid_q240/0,sens_quota_mid_q240,core50_nc,0,4,,,0.25124074336505026,0.05,"{""factor_p"": 0.5084230875857154, ""factor_s"": 0.4941572149397662, ""factor_l"": 0.9999992301177604, ""factor_m"": 0.9999999992777906, ""urge"": 0.25124074336505026}",17.205628868773367,230.97608425544527,17.55187622313488,240.27244403446812,17,240,advanced,adaptive,17,240,advanced,"{""gem"": true, ""ewc"": true}",240,230,240,,251658240,ok,device_allocator_enforced,0.00022339800489135087,0.0027501849981490523,0.3652178475586129,0.5934888164974392,72.22311606700532,155.80517578125,155.80517578125,"{""gem"": true, ""ewc"": true}",
effectiveness_v3_20260918T073910Z_ebc842d3,dev/core50_nc/sensitivity/sens_quota_mid_q240/0,sens_quota_mid_q240,core50_nc,0,5,,,0.2505180089814176,0.05,"{""factor_p"": 0.512225799708612, ""factor_s"": 0.4890772971899109, ""factor_l"": 0.9999999998156011, ""factor_m"": 0.9999999974260703, ""urge"": 0.2505180089814176}",17.55187622313488,240.27244403446812,17.90382295055001,249.90823445264624,17,249,advanced,adaptive,17,249,advanced,"{""gem"": true, ""ewc"": true}",249,240,249,,251658240,ok,device_allocator_enforced,0.00020860202494077384,0.00343140700715594,0.3043482062988441,0.6747910531979514,105.57068400099524,160.888671875,160.888671875,"{""gem"": true, ""ewc"": true}",
effectiveness_v3_20260918T073910Z_ebc842d3,dev/core50_nc/sensitivity/sens_quota_mid_q240/0,sens_quota_mid_q240,core50_nc,0,6,,,0.25010274581066333,0.05,"{""factor_p"": 0.5149411821499326, ""factor_s"": 0.48569187349294984, ""factor_l"": 0.9999999999783644, ""factor_m"": 0.99999999327876, ""urge"": 0.25010274581066333}",17.90382295055001,249.90823445264624,18.262083363841313,259.90969923558015,18,259,advanced,adaptive,18,259,advanced,"{""gem"": true, ""ewc"": true}",259,249,259,,251658240,ok,device_allocator_enforced,0.0002481119881849736,0.003241064987378195,0.26086989111329495,0.7289925443316261,114.14173695398495,164.72802734375,164.72802734375,"{""gem"": true, ""ewc"": true}",
effectiveness_v3_20260918T073910Z_ebc842d3,dev/core50_nc/sensitivity/sens_quota_mid_q240/0,sens_quota_mid_q240,core50_nc,0,7,,,0.24984186772699185,0.05,"{""factor_p"": 0.5169771490265013, ""factor_s"": 0.48327449918720405, ""factor_l"": 0.9999999999876965, ""factor_m"": 0.999999979759417, ""urge"": 0.24984186772699185}",18.262083363841313,259.90969923558015,18.62703624864292,270.2978671827,18,270,advanced,adaptive,18,270,advanced,"{""gem"": true, ""ewc"": true}",270,259,270,,251658240,ok,device_allocator_enforced,0.00022480599000118673,0.0035683329915627837,0.22826115472413308,0.7677078951413938,116.39958270199713,169.1376953125,169.1376953125,"{""gem"": true, ""ewc"": true}",
effectiveness_v3_20260918T073910Z_ebc842d3,dev/core50_nc/sensitivity/sens_quota_mid_q240/0,sens_quota_mid_q240,core50_nc,0,8,,last_experience,0.24966705046869864,0.05,"{""factor_p"": 0.5185602927057921, ""factor_s"": 0.4814619758261201, ""factor_l"": 0.9999999999999145, ""factor_m"": 0.999999949363037, ""urge"": 0.24966705046869864}",18.62703624864292,270.2978671827,18.998956787316928,281.0917827603699,18,281,advanced,,,,,,,,,,,,,0.026425353018566966,0.0,0.2028988041992294,0.7967444082487196,136.27683142598835,172.8056640625,172.8056640625,,
effectiveness_v3_20260918T075205Z_4e190a1d,dev/core50_nc/agem_profile/agem_static_q320/0,agem_static_q320,core50_nc,0,0,skipped,disabled,,,,,,,,,,,,,,,,,,,,,,,,,,,,,,,
effectiveness_v3_20260918T075205Z_4e190a1d,dev/core50_nc/agem_profile/agem_static_q320/0,agem_static_q320,core50_nc,0,1,skipped,disabled,,,,,,,,,,,,,,,,,,,,,,,,,,,,,,,
effectiveness_v3_20260918T075205Z_4e190a1d,dev/core50_nc/agem_profile/agem_static_q320/0,agem_static_q320,core50_nc,0,2,skipped,disabled,,,,,,,,,,,,,,,,,,,,,,,,,,,,,,,
effectiveness_v3_20260918T075205Z_4e190a1d,dev/core50_nc/agem_profile/agem_static_q320/0,agem_static_q320,core50_nc,0,3,skipped,disabled,,,,,,,,,,,,,,,,,,,,,,,,,,,,,,,
effectiveness_v3_20260918T075205Z_4e190a1d,dev/core50_nc/agem_profile/agem_static_q320/0,agem_static_q320,core50_nc,0,4,skipped,disabled,,,,,,,,,,,,,,,,,,,,,,,,,,,,,,,
effectiveness_v3_20260918T075205Z_4e190a1d,dev/core50_nc/agem_profile/agem_static_q320/0,agem_static_q320,core50_nc,0,5,skipped,disabled,,,,,,,,,,,,,,,,,,,,,,,,,,,,,,,
effectiveness_v3_20260918T075205Z_4e190a1d,dev/core50_nc/agem_profile/agem_static_q320/0,agem_static_q320,core50_nc,0,6,skipped,disabled,,,,,,,,,,,,,,,,,,,,,,,,,,,,,,,
effectiveness_v3_20260918T075205Z_4e190a1d,dev/core50_nc/agem_profile/agem_static_q320/0,agem_static_q320,core50_nc,0,7,skipped,disabled,,,,,,,,,,,,,,,,,,,,,,,,,,,,,,,
effectiveness_v3_20260918T075205Z_4e190a1d,dev/core50_nc/agem_profile/agem_static_q320/0,agem_static_q320,core50_nc,0,8,skipped,disabled,,,,,,,,,,,,,,,,,,,,,,,,,,,,,,,
effectiveness_v3_20260918T075722Z_0b1f08b5,dev/core50_nc/agem_profile/agem_adaptive_ewc_q320/0,agem_adaptive_ewc_q320,core50_nc,0,0,,,0.07661934719490948,0.05,"{""factor_p"": 0.4989291293632423, ""factor_s"": 0.46879062662624377, ""factor_l"": 0.3275824808072479, ""factor_m"": 1.0, ""urge"": 0.07661934719490948}",16.0,200.0,16.042590955511855,201.06477388779638,16,201,advanced,adaptive,16,201,advanced,"{""ewc"": true}",22,22,22,,335544320,ok,device_allocator_enforced,0.0002017130027525127,0.0005217500147409737,0.5171339563862928,1.0,27.123441668984015,91.03076171875,91.03076171875,"{""ewc"": true}",
effectiveness_v3_20260918T075722Z_0b1f08b5,dev/core50_nc/agem_profile/agem_adaptive_ewc_q320/0,agem_adaptive_ewc_q320,core50_nc,0,1,,,0.24157282765105811,0.05,"{""factor_p"": 0.49336376310457625, ""factor_s"": 0.5010708706367577, ""factor_l"": 0.9771959958243854, ""factor_m"": 1.0, ""urge"": 0.24157282765105811}",16.042590955511855,201.06477388779638,16.349923406731527,208.76848334273757,16,208,advanced,adaptive,16,208,advanced,"{""ewc"": true}",46,44,46,,335544320,ok,device_allocator_enforced,0.00019821300520561635,0.00046032402315177023,0.606186025812194,0.4828660436137072,45.03100439798436,93.16552734375,93.16552734375,"{""ewc"": true}",
effectiveness_v3_20260918T075722Z_0b1f08b5,dev/core50_nc/agem_profile/agem_adaptive_ewc_q320/0,agem_adaptive_ewc_q320,core50_nc,0,2,,,0.24746818140648427,0.05,"{""factor_p"": 0.4974974875098352, ""factor_s"": 0.5065320882921327, ""factor_l"": 0.9820226671277867, ""factor_m"": 1.0, ""urge"": 0.24746818140648427}",16.349923406731527,208.76848334273757,16.672782370857785,217.01350989087362,16,217,advanced,adaptive,16,217,advanced,"{""ewc"": true}",72,67,72,,335544320,ok,device_allocator_enforced,0.00019604599219746888,0.0005475650250446051,0.540040534187002,0.39548064085447265,46.00201084499713,95.36669921875,95.36669921875,"{""ewc"": true}",
effectiveness_v3_20260918T075722Z_0b1f08b5,dev/core50_nc/agem_profile/agem_adaptive_ewc_q320/0,agem_adaptive_ewc_q320,core50_nc,0,3,,,0.2512527896474433,0.05,"{""factor_p"": 0.5000293499599506, ""factor_s"": 0.5024971666311536, ""factor_l"": 0.9999580442566656, ""factor_m"": 1.0, ""urge"": 0.2512527896474433}",16.672782370857785,217.01350989087362,17.00832676718977,225.7484247422179,17,225,advanced,adaptive,17,225,advanced,"{""ewc"": true}",100,91,100,,335544320,ok,device_allocator_enforced,0.0001926389813888818,0.000717824004823342,0.49953040064025156,0.4600450016953006,70.31541307500447,97.52099609375,97.52099609375,"{""ewc"": true}",
effectiveness_v3_20260918T075722Z_0b1f08b5,dev/core50_nc/agem_profile/agem_adaptive_ewc_q320/0,agem_adaptive_ewc_q320,core50_nc,0,4,,,0.25142391947298076,0.05,"{""factor_p"": 0.506273150785338, ""factor_s"": 0.49684499654281233, ""factor_l"": 0.999541374302137, ""factor_m"": 1.0, ""urge"": 0.25142391947298076}",17.00832676718977,225.7484247422179,17.350915151302228,234.84265124750365,17,234,advanced,adaptive,17,234,advanced,"{""ewc"": true}",130,116,130,,335544320,ok,device_allocator_enforced,0.00020714799757115543,0.0008818520000204444,0.39962432051220126,0.5504807253054539,60.7472696909972,102.12890625,102.12890625,"{""ewc"": true}",
effectiveness_v3_20260918T075722Z_0b1f08b5,dev/core50_nc/agem_profile/agem_adaptive_ewc_q320/0,agem_adaptive_ewc_q320,core50_nc,0,5,,,0.2507382819620911,0.05,"{""factor_p"": 0.5104347180213927, ""factor_s"": 0.49122686423432177, ""factor_l"": 0.9999961554965825, ""factor_m"": 1.0, ""urge"": 0.2507382819620911}",17.350915151302228,234.84265124750365,17.699214441096473,244.2710333160729,17,244,advanced,adaptive,17,244,advanced,"{""ewc"": true}",162,142,162,,335544320,ok,device_allocator_enforced,0.00021243499941192567,0.0010123149841092527,0.333020267093501,0.6403845802443631,79.87544907600386,105.287109375,105.287109375,"{""ewc"": true}",
effectiveness_v3_20260918T075722Z_0b1f08b5,dev/core50_nc/agem_profile/agem_adaptive_ewc_q320/0,agem_adaptive_ewc_q320,core50_nc,0,6,,,0.2502762334262561,0.05,"{""factor_p"": 0.513406414414049, ""factor_s"": 0.4874825858284573, ""factor_l"": 0.9999981897905578, ""factor_m"": 1.0, ""urge"": 0.2502762334262561}",17.699214441096473,244.2710333160729,18.05368764138311,254.05536981360945,18,254,advanced,adaptive,18,254,advanced,"{""ewc"": true}",196,169,196,,335544320,ok,device_allocator_enforced,0.0003068980004172772,0.001213297015056014,0.2854459432230009,0.7003204835369692,82.88826478100964,108.4453125,108.4453125,"{""ewc"": true}",
effectiveness_v3_20260918T075722Z_0b1f08b5,dev/core50_nc/agem_profile/agem_adaptive_ewc_q320/0,agem_adaptive_ewc_q320,core50_nc,0,7,,,0.24998336530972168,0.05,"{""factor_p"": 0.5156345763678511, ""factor_s"": 0.48480893655769425, ""factor_l"": 0.9999964585306825, ""factor_m"": 1.0, ""urge"": 0.24998336530972168}",18.05368764138311,254.05536981360945,18.414731362460543,264.21673937967574,18,264,advanced,adaptive,18,264,advanced,"{""ewc"": true}",232,197,232,,335544320,ok,device_allocator_enforced,0.00022419498418457806,0.0013625840074382722,0.24976520032012575,0.743131843031688,80.20386125601362,113.0537109375,113.0537109375,"{""ewc"": true}",
effectiveness_v3_20260918T075722Z_0b1f08b5,dev/core50_nc/agem_profile/agem_adaptive_ewc_q320/0,agem_adaptive_ewc_q320,core50_nc,0,8,,last_experience,0.2497869697755822,0.05,"{""factor_p"": 0.5173671661336924, ""factor_s"": 0.4828042617049324, ""factor_l"": 0.9999995880492648, ""factor_m"": 1.0, ""urge"": 0.2497869697755822}",18.414731362460543,264.21673937967574,18.78263370027428,274.77415172460576,18,274,advanced,,,,,,,,,,,,,0.024788740993244573,0.0,0.22201351139566733,0.775240362652727,88.80944662998081,116.2119140625,116.2119140625,,
