run_id,cell_id,method,dataset,seed,phase,experience_index,start_monotonic_s,end_monotonic_s,duration_s,allocated_current_bytes,allocated_peak_bytes,reserved_current_bytes,reserved_peak_bytes,quota_bytes,external_reservation_bytes,proc_rss_bytes,children_rss_bytes,proc_pss_bytes,swap_used_bytes,sampled_rss_peak_bytes,sampled_children_rss_peak_bytes,sample_interval_s,sample_count,missing_reason,notes
effectiveness_v3_20260918T034951Z_79924874,dev/core50_nc/eval_batch/eval_core50_nc_b128/0,eval_core50_nc_b128,core50_nc,0,setup,,146301.883245664,146302.263462809,0.3802171449933667,1395712,1395712,2097152,2097152,1073741824,0,1348169728,0,1128103936,0,1318424576,0,0.1,1,,
effectiveness_v3_20260918T034951Z_79924874,dev/core50_nc/eval_batch/eval_core50_nc_b128/0,eval_core50_nc_b128,core50_nc,0,resource_transition,0,146302.288065541,146302.288506753,0.00044121197424829006,1395712,1395712,2097152,2097152,1073741824,0,1348280320,0,1128112128,0,0,0,0.1,0,no_interval_samples,
effectiveness_v3_20260918T034951Z_79924874,dev/core50_nc/eval_batch/eval_core50_nc_b128/0,eval_core50_nc_b128,core50_nc,0,training,0,146302.308315327,146328.041828693,25.73351336599444,70712320,95452672,117440512,117440512,1073741824,0,2038214656,0,1818042368,0,2036281344,0,0.1,161,,
effectiveness_v3_20260918T034951Z_79924874,dev/core50_nc/eval_batch/eval_core50_nc_b128/0,eval_core50_nc_b128,core50_nc,0,evaluation,0,146328.105102747,146330.030580153,1.9254774059809279,70712320,114230272,159383552,159383552,1073741824,0,2083880960,0,1863716864,0,2090536960,0,0.1,12,,
effectiveness_v3_20260918T035026Z_9d0bd278,dev/core50_nc/eval_batch/eval_core50_nc_b32/0,eval_core50_nc_b32,core50_nc,0,setup,,146337.172078571,146337.551590045,0.3795114740205463,1395712,1395712,2097152,2097152,1073741824,0,1350234112,0,1130160128,0,1323380736,0,0.1,1,,
effectiveness_v3_20260918T035026Z_9d0bd278,dev/core50_nc/eval_batch/eval_core50_nc_b32/0,eval_core50_nc_b32,core50_nc,0,resource_transition,0,146337.575372342,146337.575750416,0.00037807400804013014,1395712,1395712,2097152,2097152,1073741824,0,1350336512,0,1130168320,0,0,0,0.1,0,no_interval_samples,
effectiveness_v3_20260918T035026Z_9d0bd278,dev/core50_nc/eval_batch/eval_core50_nc_b32/0,eval_core50_nc_b32,core50_nc,0,training,0,146337.594012148,146363.790132329,26.196120181004517,70712320,95452672,117440512,117440512,1073741824,0,2039943168,0,1819770880,0,2038083584,0,0.1,163,,
effectiveness_v3_20260918T035026Z_9d0bd278,dev/core50_nc/eval_batch/eval_core50_nc_b32/0,eval_core50_nc_b32,core50_nc,0,evaluation,0,146363.858728782,146365.789486498,1.9307577159779612,70712320,81592320,117440512,117440512,1073741824,0,2085609472,0,1865457664,0,2086600704,0,0.1,11,,
effectiveness_v3_20260918T035102Z_024561a7,dev/core50_nc/eval_batch/eval_core50_nc_b8/0,eval_core50_nc_b8,core50_nc,0,setup,,146372.96719779,146373.343013275,0.37581548499292694,1395712,1395712,2097152,2097152,1073741824,0,1348276224,0,1128214528,0,1318547456,0,0.1,1,,
effectiveness_v3_20260918T035102Z_024561a7,dev/core50_nc/eval_batch/eval_core50_nc_b8/0,eval_core50_nc_b8,core50_nc,0,resource_transition,0,146373.370293163,146373.370701617,0.00040845401235856116,1395712,1395712,2097152,2097152,1073741824,0,1348390912,0,1128222720,0,0,0,0.1,0,no_interval_samples,
effectiveness_v3_20260918T035102Z_024561a7,dev/core50_nc/eval_batch/eval_core50_nc_b8/0,eval_core50_nc_b8,core50_nc,0,training,0,146373.389790746,146399.631886887,26.24209614098072,70712320,95452672,117440512,117440512,1073741824,0,2038358016,0,1818185728,0,2036432896,0,0.1,164,,
effectiveness_v3_20260918T035102Z_024561a7,dev/core50_nc/eval_batch/eval_core50_nc_b8/0,eval_core50_nc_b8,core50_nc,0,evaluation,0,146399.694592277,146402.565065424,2.8704731469915714,70712320,74629120,117440512,117440512,1073741824,0,2085363712,0,1865191424,0,2084388864,0,0.1,16,,
effectiveness_v3_20260918T035221Z_7b303cae,dev/splitcifar100/eval_batch/eval_splitcifar100_b128/0,eval_splitcifar100_b128,splitcifar100,0,setup,,146452.665308582,146453.849744406,1.1844358239904977,1408512,1408512,2097152,2097152,1073741824,0,1534971904,0,1314813952,0,1530433536,0,0.1,8,,
effectiveness_v3_20260918T035221Z_7b303cae,dev/splitcifar100/eval_batch/eval_splitcifar100_b128/0,eval_splitcifar100_b128,splitcifar100,0,resource_transition,0,146453.872780646,146453.873237914,0.00045726800453849137,1408512,1408512,2097152,2097152,1073741824,0,1534988288,0,1314826240,0,0,0,0.1,0,no_interval_samples,
effectiveness_v3_20260918T035221Z_7b303cae,dev/splitcifar100/eval_batch/eval_splitcifar100_b128/0,eval_splitcifar100_b128,splitcifar100,0,training,0,146453.89393672,146459.237501508,5.3435647879960015,70750720,95481344,117440512,117440512,1073741824,0,2206736384,0,1986562048,0,2208940032,0,0.1,35,,
effectiveness_v3_20260918T035221Z_7b303cae,dev/splitcifar100/eval_batch/eval_splitcifar100_b128/0,eval_splitcifar100_b128,splitcifar100,0,evaluation,0,146459.302429879,146459.60896157,0.30653169099241495,70750720,114268672,159383552,159383552,1073741824,0,2259603456,0,2039429120,0,2257358848,0,0.1,2,,
effectiveness_v3_20260918T035236Z_4f0930ef,dev/splitcifar100/eval_batch/eval_splitcifar100_b32/0,eval_splitcifar100_b32,splitcifar100,0,setup,,146466.759295083,146467.940712561,1.1814174779865425,1408512,1408512,2097152,2097152,1073741824,0,1536720896,0,1316562944,0,1532624896,0,0.1,8,,
effectiveness_v3_20260918T035236Z_4f0930ef,dev/splitcifar100/eval_batch/eval_splitcifar100_b32/0,eval_splitcifar100_b32,splitcifar100,0,resource_transition,0,146467.964781182,146467.965214182,0.0004330000083427876,1408512,1408512,2097152,2097152,1073741824,0,1536737280,0,1316575232,0,0,0,0.1,0,no_interval_samples,
effectiveness_v3_20260918T035236Z_4f0930ef,dev/splitcifar100/eval_batch/eval_splitcifar100_b32/0,eval_splitcifar100_b32,splitcifar100,0,training,0,146467.984652942,146473.278196601,5.293543659005081,70750720,95481344,117440512,117440512,1073741824,0,2208595968,0,1988421632,0,2210807808,0,0.1,35,,
effectiveness_v3_20260918T035236Z_4f0930ef,dev/splitcifar100/eval_batch/eval_splitcifar100_b32/0,eval_splitcifar100_b32,splitcifar100,0,evaluation,0,146473.353819757,146473.60965773,0.2558379730035085,70750720,81630720,117440512,117440512,1073741824,0,2257186816,0,2037012480,0,2256158720,0,0.1,2,,
effectiveness_v3_20260918T035250Z_e0948625,dev/splitcifar100/eval_batch/eval_splitcifar100_b8/0,eval_splitcifar100_b8,splitcifar100,0,setup,,146480.78606857,146481.97484268,1.1887741099926643,1408512,1408512,2097152,2097152,1073741824,0,1534808064,0,1314658304,0,1527930880,0,0.1,7,,
effectiveness_v3_20260918T035250Z_e0948625,dev/splitcifar100/eval_batch/eval_splitcifar100_b8/0,eval_splitcifar100_b8,splitcifar100,0,resource_transition,0,146481.996400533,146481.996847533,0.000446999998530373,1408512,1408512,2097152,2097152,1073741824,0,1534836736,0,1314670592,0,0,0,0.1,0,no_interval_samples,
effectiveness_v3_20260918T035250Z_e0948625,dev/splitcifar100/eval_batch/eval_splitcifar100_b8/0,eval_splitcifar100_b8,splitcifar100,0,training,0,146482.016076718,146487.387862028,5.371785310009727,70750720,95481344,117440512,117440512,1073741824,0,2206605312,0,1986430976,0,2208821248,0,0.1,35,,
effectiveness_v3_20260918T035250Z_e0948625,dev/splitcifar100/eval_batch/eval_splitcifar100_b8/0,eval_splitcifar100_b8,splitcifar100,0,evaluation,0,146487.450541193,146487.88532546,0.43478426701040007,70750720,74667520,117440512,117440512,1073741824,0,2253963264,0,2033866752,0,2253950976,0,0.1,3,,
effectiveness_v3_20260918T040734Z_93bd9bba,dev/core50_nc/s0_profile/s0_core50_nc_rep0/0,s0_core50_nc_rep0,core50_nc,0,setup,,147364.945432505,147365.320093804,0.37466129902168177,1395712,1395712,2097152,2097152,8589934592,0,1348268032,0,1128192000,0,1318567936,0,0.1,1,,
effectiveness_v3_20260918T040734Z_93bd9bba,dev/core50_nc/s0_profile/s0_core50_nc_rep0/0,s0_core50_nc_rep0,core50_nc,0,resource_transition,0,147365.344939971,147365.345375934,0.00043596301111392677,1395712,1395712,2097152,2097152,8589934592,0,1348370432,0,1128208384,0,0,0,0.1,0,no_interval_samples,
effectiveness_v3_20260918T040734Z_93bd9bba,dev/core50_nc/s0_profile/s0_core50_nc_rep0/0,s0_core50_nc_rep0,core50_nc,0,training,0,147365.363886629,147393.334588771,27.970702141989022,70712320,95452672,117440512,117440512,8589934592,0,2038312960,0,1818138624,0,2036379648,0,0.1,175,,
effectiveness_v3_20260918T040734Z_93bd9bba,dev/core50_nc/s0_profile/s0_core50_nc_rep0/0,s0_core50_nc_rep0,core50_nc,0,evaluation,0,147393.398212939,147395.207669954,1.8094570149842184,70712320,114230272,159383552,159383552,8589934592,0,2083991552,0,1863825408,0,2090647552,0,0.1,10,,
effectiveness_v3_20260918T040734Z_93bd9bba,dev/core50_nc/s0_profile/s0_core50_nc_rep0/0,s0_core50_nc_rep0,core50_nc,0,resource_transition,1,147395.235084519,147395.235556954,0.00047243500011973083,70712320,70712320,159383552,159383552,8589934592,0,2084003840,0,1863833600,0,0,0,0.1,0,no_interval_samples,
effectiveness_v3_20260918T040734Z_93bd9bba,dev/core50_nc/s0_profile/s0_core50_nc_rep0/0,s0_core50_nc_rep0,core50_nc,0,training,1,147395.286232842,147411.781303322,16.495070480013965,70712320,121897984,159383552,159383552,8589934592,0,2087788544,0,1867614208,0,2087264256,0,0.1,103,,
effectiveness_v3_20260918T040734Z_93bd9bba,dev/core50_nc/s0_profile/s0_core50_nc_rep0/0,s0_core50_nc_rep0,core50_nc,0,evaluation,1,147411.840248858,147414.776933051,2.936684193002293,70712320,114230272,159383552,159383552,8589934592,0,2092126208,0,1871951872,0,2092367872,0,0.1,17,,
effectiveness_v3_20260918T040734Z_93bd9bba,dev/core50_nc/s0_profile/s0_core50_nc_rep0/0,s0_core50_nc_rep0,core50_nc,0,resource_transition,2,147414.814528994,147414.815016466,0.00048747198889032006,70712320,70712320,159383552,159383552,8589934592,0,2092126208,0,1871951872,0,0,0,0.1,0,no_interval_samples,
effectiveness_v3_20260918T040734Z_93bd9bba,dev/core50_nc/s0_profile/s0_core50_nc_rep0/0,s0_core50_nc_rep0,core50_nc,0,training,2,147414.842386049,147428.522740933,13.68035488401074,70712320,121897984,159383552,159383552,8589934592,0,2088415232,0,1868240896,0,2092154880,0,0.1,84,,
effectiveness_v3_20260918T040734Z_93bd9bba,dev/core50_nc/s0_profile/s0_core50_nc_rep0/0,s0_core50_nc_rep0,core50_nc,0,evaluation,2,147428.603080815,147433.350717227,4.747636412008433,70712320,114230272,159383552,159383552,8589934592,0,2088435712,0,1868261376,0,2095423488,0,0.1,28,,
effectiveness_v3_20260918T040734Z_93bd9bba,dev/core50_nc/s0_profile/s0_core50_nc_rep0/0,s0_core50_nc_rep0,core50_nc,0,resource_transition,3,147433.391208791,147433.391679486,0.00047069499851204455,70712320,70712320,159383552,159383552,8589934592,0,2088439808,0,1868265472,0,0,0,0.1,0,no_interval_samples,
effectiveness_v3_20260918T040734Z_93bd9bba,dev/core50_nc/s0_profile/s0_core50_nc_rep0/0,s0_core50_nc_rep0,core50_nc,0,training,3,147433.418825893,147450.974287078,17.555461184994783,70712320,121897984,159383552,159383552,8589934592,0,2096959488,0,1876785152,0,2097717248,0,0.1,109,,
effectiveness_v3_20260918T040734Z_93bd9bba,dev/core50_nc/s0_profile/s0_core50_nc_rep0/0,s0_core50_nc_rep0,core50_nc,0,evaluation,3,147451.033051496,147456.300778823,5.267727327009197,70712320,114230272,159383552,159383552,8589934592,0,2101641216,0,1881466880,0,2103816192,0,0.1,31,,
effectiveness_v3_20260918T040734Z_93bd9bba,dev/core50_nc/s0_profile/s0_core50_nc_rep0/0,s0_core50_nc_rep0,core50_nc,0,resource_transition,4,147456.330382184,147456.330835897,0.0004537130007520318,70712320,70712320,159383552,159383552,8589934592,0,2101641216,0,1881466880,0,0,0,0.1,0,no_interval_samples,
effectiveness_v3_20260918T040734Z_93bd9bba,dev/core50_nc/s0_profile/s0_core50_nc_rep0/0,s0_core50_nc_rep0,core50_nc,0,training,4,147456.359442694,147470.932990509,14.573547815001803,70712320,121897984,159383552,159383552,8589934592,0,2097795072,0,1877620736,0,2101673984,0,0.1,91,,
effectiveness_v3_20260918T040734Z_93bd9bba,dev/core50_nc/s0_profile/s0_core50_nc_rep0/0,s0_core50_nc_rep0,core50_nc,0,evaluation,4,147470.990993139,147477.608676897,6.617683757998748,70712320,114230272,159383552,159383552,8589934592,0,2097729536,0,1877555200,0,2103668736,0,0.1,39,,
effectiveness_v3_20260918T040734Z_93bd9bba,dev/core50_nc/s0_profile/s0_core50_nc_rep0/0,s0_core50_nc_rep0,core50_nc,0,resource_transition,5,147477.641153934,147477.641667795,0.0005138609849382192,70712320,70712320,159383552,159383552,8589934592,0,2097733632,0,1877559296,0,0,0,0.1,0,no_interval_samples,
effectiveness_v3_20260918T040734Z_93bd9bba,dev/core50_nc/s0_profile/s0_core50_nc_rep0/0,s0_core50_nc_rep0,core50_nc,0,training,5,147477.673266889,147494.678303231,17.00503634198685,70712320,121897984,159383552,159383552,8589934592,0,2098667520,0,1878493184,0,2098753536,0,0.1,106,,
effectiveness_v3_20260918T040734Z_93bd9bba,dev/core50_nc/s0_profile/s0_core50_nc_rep0/0,s0_core50_nc_rep0,core50_nc,0,evaluation,5,147494.736860149,147502.134215023,7.397354874003213,70712320,114230272,159383552,159383552,8589934592,0,2102861824,0,1882687488,0,2104467456,0,0.1,43,,
effectiveness_v3_20260918T040734Z_93bd9bba,dev/core50_nc/s0_profile/s0_core50_nc_rep0/0,s0_core50_nc_rep0,core50_nc,0,resource_transition,6,147502.1871847,147502.187668561,0.0004838610184378922,70712320,70712320,159383552,159383552,8589934592,0,2102865920,0,1882691584,0,0,0,0.1,0,no_interval_samples,
effectiveness_v3_20260918T040734Z_93bd9bba,dev/core50_nc/s0_profile/s0_core50_nc_rep0/0,s0_core50_nc_rep0,core50_nc,0,training,6,147502.217706312,147518.957842867,16.74013655501767,70712320,121897984,159383552,159383552,8589934592,0,2099048448,0,1878874112,0,2099630080,0,0.1,104,,
effectiveness_v3_20260918T040734Z_93bd9bba,dev/core50_nc/s0_profile/s0_core50_nc_rep0/0,s0_core50_nc_rep0,core50_nc,0,evaluation,6,147519.03761818,147527.224324445,8.186706264998065,70712320,114230272,159383552,159383552,8589934592,0,2103635968,0,1883461632,0,2105208832,0,0.1,48,,
effectiveness_v3_20260918T040734Z_93bd9bba,dev/core50_nc/s0_profile/s0_core50_nc_rep0/0,s0_core50_nc_rep0,core50_nc,0,resource_transition,7,147527.253946278,147527.254389204,0.0004429259861353785,70712320,70712320,159383552,159383552,8589934592,0,2103635968,0,1883461632,0,0,0,0.1,0,no_interval_samples,
effectiveness_v3_20260918T040734Z_93bd9bba,dev/core50_nc/s0_profile/s0_core50_nc_rep0/0,s0_core50_nc_rep0,core50_nc,0,training,7,147527.284539379,147538.938414481,11.653875101997983,70712320,121897984,159383552,159383552,8589934592,0,2100154368,0,1879980032,0,2102702080,0,0.1,70,,
effectiveness_v3_20260918T040734Z_93bd9bba,dev/core50_nc/s0_profile/s0_core50_nc_rep0/0,s0_core50_nc_rep0,core50_nc,0,evaluation,7,147538.998114894,147548.011374767,9.013259872997878,70712320,114230272,159383552,159383552,8589934592,0,2106753024,0,1886578688,0,2106761216,0,0.1,53,,
effectiveness_v3_20260918T040734Z_93bd9bba,dev/core50_nc/s0_profile/s0_core50_nc_rep0/0,s0_core50_nc_rep0,core50_nc,0,resource_transition,8,147548.042560888,147548.043022842,0.00046195401228033006,70712320,70712320,159383552,159383552,8589934592,0,2106753024,0,1886578688,0,0,0,0.1,0,no_interval_samples,
effectiveness_v3_20260918T040734Z_93bd9bba,dev/core50_nc/s0_profile/s0_core50_nc_rep0/0,s0_core50_nc_rep0,core50_nc,0,training,8,147548.091240723,147563.869834517,15.778593794006156,70712320,121897984,159383552,159383552,8589934592,0,2100031488,0,1879857152,0,2107772928,0,0.1,98,,
effectiveness_v3_20260918T040734Z_93bd9bba,dev/core50_nc/s0_profile/s0_core50_nc_rep0/0,s0_core50_nc_rep0,core50_nc,0,evaluation,8,147563.929183888,147573.965966374,10.036782486015,70712320,114230272,159383552,159383552,8589934592,0,2104332288,0,1884157952,0,2108354560,0,0.1,59,,
effectiveness_v3_20260918T041110Z_7da6f0cf,dev/core50_nc/s0_profile/s0_core50_nc_rep1/0,s0_core50_nc_rep1,core50_nc,0,setup,,147581.611302183,147581.990471395,0.3791692119848449,1395712,1395712,2097152,2097152,8589934592,0,1348227072,0,1128167424,0,1316646912,0,0.1,1,,
effectiveness_v3_20260918T041110Z_7da6f0cf,dev/core50_nc/s0_profile/s0_core50_nc_rep1/0,s0_core50_nc_rep1,core50_nc,0,resource_transition,0,147582.01932247,147582.019764331,0.0004418609896674752,1395712,1395712,2097152,2097152,8589934592,0,1348329472,0,1128187904,0,0,0,0.1,0,no_interval_samples,
effectiveness_v3_20260918T041110Z_7da6f0cf,dev/core50_nc/s0_profile/s0_core50_nc_rep1/0,s0_core50_nc_rep1,core50_nc,0,training,0,147582.041679257,147610.34850319,28.306823933002306,70712320,95452672,117440512,117440512,8589934592,0,2038272000,0,1818114048,0,2036338688,0,0.1,176,,
effectiveness_v3_20260918T041110Z_7da6f0cf,dev/core50_nc/s0_profile/s0_core50_nc_rep1/0,s0_core50_nc_rep1,core50_nc,0,evaluation,0,147610.413535765,147612.43286186,2.0193260950036347,70712320,114230272,159383552,159383552,8589934592,0,2085675008,0,1865525248,0,2090602496,0,0.1,12,,
effectiveness_v3_20260918T041110Z_7da6f0cf,dev/core50_nc/s0_profile/s0_core50_nc_rep1/0,s0_core50_nc_rep1,core50_nc,0,resource_transition,1,147612.462152989,147612.462675989,0.00052299999515526,70712320,70712320,159383552,159383552,8589934592,0,2085691392,0,1865545728,0,0,0,0.1,0,no_interval_samples,
effectiveness_v3_20260918T041110Z_7da6f0cf,dev/core50_nc/s0_profile/s0_core50_nc_rep1/0,s0_core50_nc_rep1,core50_nc,0,training,1,147612.49246572,147629.967226025,17.474760305020027,70712320,121897984,159383552,159383552,8589934592,0,2087583744,0,1867425792,0,2087424000,0,0.1,106,,
effectiveness_v3_20260918T041110Z_7da6f0cf,dev/core50_nc/s0_profile/s0_core50_nc_rep1/0,s0_core50_nc_rep1,core50_nc,0,evaluation,1,147630.056649833,147632.923328619,2.866678786027478,70712320,114230272,159383552,159383552,8589934592,0,2091868160,0,1871710208,0,2092032000,0,0.1,17,,
effectiveness_v3_20260918T041110Z_7da6f0cf,dev/core50_nc/s0_profile/s0_core50_nc_rep1/0,s0_core50_nc_rep1,core50_nc,0,resource_transition,2,147632.953546175,147632.954061555,0.0005153800011612475,70712320,70712320,159383552,159383552,8589934592,0,2091868160,0,1871710208,0,0,0,0.1,0,no_interval_samples,
effectiveness_v3_20260918T041110Z_7da6f0cf,dev/core50_nc/s0_profile/s0_core50_nc_rep1/0,s0_core50_nc_rep1,core50_nc,0,training,2,147632.984378537,147646.878102421,13.893723884015344,70712320,121897984,159383552,159383552,8589934592,0,2088353792,0,1868195840,0,2092175360,0,0.1,84,,
effectiveness_v3_20260918T041110Z_7da6f0cf,dev/core50_nc/s0_profile/s0_core50_nc_rep1/0,s0_core50_nc_rep1,core50_nc,0,evaluation,2,147646.956490636,147651.357091601,4.400600965018384,70712320,114230272,159383552,159383552,8589934592,0,2088361984,0,1868204032,0,2095411200,0,0.1,27,,
effectiveness_v3_20260918T041110Z_7da6f0cf,dev/core50_nc/s0_profile/s0_core50_nc_rep1/0,s0_core50_nc_rep1,core50_nc,0,resource_transition,3,147651.392730248,147651.393241174,0.0005109260091558099,70712320,70712320,159383552,159383552,8589934592,0,2088366080,0,1868208128,0,0,0,0.1,0,no_interval_samples,
effectiveness_v3_20260918T041110Z_7da6f0cf,dev/core50_nc/s0_profile/s0_core50_nc_rep1/0,s0_core50_nc_rep1,core50_nc,0,training,3,147651.425643979,147669.137930407,17.712286428024527,70712320,121897984,159383552,159383552,8589934592,0,2096500736,0,1876342784,0,2097090560,0,0.1,109,,
effectiveness_v3_20260918T041110Z_7da6f0cf,dev/core50_nc/s0_profile/s0_core50_nc_rep1/0,s0_core50_nc_rep1,core50_nc,0,evaluation,3,147669.198529601,147674.290726175,5.092196573998081,70712320,114230272,159383552,159383552,8589934592,0,2101178368,0,1881020416,0,2103291904,0,0.1,30,,
effectiveness_v3_20260918T041110Z_7da6f0cf,dev/core50_nc/s0_profile/s0_core50_nc_rep1/0,s0_core50_nc_rep1,core50_nc,0,resource_transition,4,147674.321114739,147674.321591128,0.0004763890174217522,70712320,70712320,159383552,159383552,8589934592,0,2101178368,0,1881020416,0,0,0,0.1,0,no_interval_samples,
effectiveness_v3_20260918T041110Z_7da6f0cf,dev/core50_nc/s0_profile/s0_core50_nc_rep1/0,s0_core50_nc_rep1,core50_nc,0,training,4,147674.353549109,147688.55873671,14.20518760100822,70712320,121897984,159383552,159383552,8589934592,0,2097340416,0,1877182464,0,2101207040,0,0.1,88,,
effectiveness_v3_20260918T041110Z_7da6f0cf,dev/core50_nc/s0_profile/s0_core50_nc_rep1/0,s0_core50_nc_rep1,core50_nc,0,evaluation,4,147688.616685375,147695.0112951,6.394609725015471,70712320,114230272,159383552,159383552,8589934592,0,2102026240,0,1881868288,0,2103214080,0,0.1,38,,
effectiveness_v3_20260918T041110Z_7da6f0cf,dev/core50_nc/s0_profile/s0_core50_nc_rep1/0,s0_core50_nc_rep1,core50_nc,0,resource_transition,5,147695.042362138,147695.042827443,0.0004653049982152879,70712320,70712320,159383552,159383552,8589934592,0,2102030336,0,1881872384,0,0,0,0.1,0,no_interval_samples,
effectiveness_v3_20260918T041110Z_7da6f0cf,dev/core50_nc/s0_profile/s0_core50_nc_rep1/0,s0_core50_nc_rep1,core50_nc,0,training,5,147695.074282287,147706.985402065,11.911119778000284,70712320,121897984,159383552,159383552,8589934592,0,2099523584,0,1879365632,0,2099109888,0,0.1,73,,
effectiveness_v3_20260918T041110Z_7da6f0cf,dev/core50_nc/s0_profile/s0_core50_nc_rep1/0,s0_core50_nc_rep1,core50_nc,0,evaluation,5,147707.039005166,147714.026879394,6.987874227983411,70712320,114230272,159383552,159383552,8589934592,0,2103500800,0,1883342848,0,2104688640,0,0.1,41,,
effectiveness_v3_20260918T041110Z_7da6f0cf,dev/core50_nc/s0_profile/s0_core50_nc_rep1/0,s0_core50_nc_rep1,core50_nc,0,resource_transition,6,147714.05937031,147714.059826264,0.00045595402480103076,70712320,70712320,159383552,159383552,8589934592,0,2103504896,0,1883346944,0,0,0,0.1,0,no_interval_samples,
effectiveness_v3_20260918T041110Z_7da6f0cf,dev/core50_nc/s0_profile/s0_core50_nc_rep1/0,s0_core50_nc_rep1,core50_nc,0,training,6,147714.091343254,147725.954398727,11.8630554729898,70712320,121897984,159383552,159383552,8589934592,0,2099322880,0,1879164928,0,2103504896,0,0.1,73,,
effectiveness_v3_20260918T041110Z_7da6f0cf,dev/core50_nc/s0_profile/s0_core50_nc_rep1/0,s0_core50_nc_rep1,core50_nc,0,evaluation,6,147726.006502681,147733.876499069,7.869996388006257,70712320,114230272,159383552,159383552,8589934592,0,2103910400,0,1883752448,0,2105483264,0,0.1,46,,
effectiveness_v3_20260918T041110Z_7da6f0cf,dev/core50_nc/s0_profile/s0_core50_nc_rep1/0,s0_core50_nc_rep1,core50_nc,0,resource_transition,7,147733.906439301,147733.90688944,0.000450138992164284,70712320,70712320,159383552,159383552,8589934592,0,2103910400,0,1883752448,0,0,0,0.1,0,no_interval_samples,
effectiveness_v3_20260918T041110Z_7da6f0cf,dev/core50_nc/s0_profile/s0_core50_nc_rep1/0,s0_core50_nc_rep1,core50_nc,0,training,7,147733.938114885,147745.225381521,11.28726663600537,70712320,121897984,159383552,159383552,8589934592,0,2100441088,0,1880283136,0,2102964224,0,0.1,68,,
effectiveness_v3_20260918T041110Z_7da6f0cf,dev/core50_nc/s0_profile/s0_core50_nc_rep1/0,s0_core50_nc_rep1,core50_nc,0,evaluation,7,147745.277251439,147754.240511282,8.96325984300347,70712320,114230272,159383552,159383552,8589934592,0,2107039744,0,1886881792,0,2107052032,0,0.1,52,,
effectiveness_v3_20260918T041110Z_7da6f0cf,dev/core50_nc/s0_profile/s0_core50_nc_rep1/0,s0_core50_nc_rep1,core50_nc,0,resource_transition,8,147754.271626857,147754.272074737,0.00044788001105189323,70712320,70712320,159383552,159383552,8589934592,0,2107039744,0,1886881792,0,0,0,0.1,0,no_interval_samples,
effectiveness_v3_20260918T041110Z_7da6f0cf,dev/core50_nc/s0_profile/s0_core50_nc_rep1/0,s0_core50_nc_rep1,core50_nc,0,training,8,147754.304242987,147768.161167619,13.85692463198211,70712320,121897984,159383552,159383552,8589934592,0,2099834880,0,1879675904,0,2107641856,0,0.1,85,,
effectiveness_v3_20260918T041110Z_7da6f0cf,dev/core50_nc/s0_profile/s0_core50_nc_rep1/0,s0_core50_nc_rep1,core50_nc,0,evaluation,8,147768.221073562,147778.326595202,10.10552164001274,70712320,114230272,159383552,159383552,8589934592,0,2104123392,0,1883965440,0,2108137472,0,0.1,59,,
effectiveness_v3_20260918T041442Z_64049f11,dev/core50_nc/plugin_cost/cost_core50_nc_b64/0,cost_core50_nc_b64,core50_nc,0,setup,,147793.812859689,147794.194059905,0.38120021601207554,1395712,1395712,2097152,2097152,8589934592,0,1349193728,0,1129054208,0,1315696640,0,0.1,1,,
effectiveness_v3_20260918T041442Z_64049f11,dev/core50_nc/plugin_cost/cost_core50_nc_b64/0,cost_core50_nc_b64,core50_nc,0,resource_transition,0,147794.214719636,147794.215144275,0.00042463900172151625,1395712,1395712,2097152,2097152,8589934592,0,1349292032,0,1129074688,0,0,0,0.1,0,no_interval_samples,
effectiveness_v3_20260918T041442Z_64049f11,dev/core50_nc/plugin_cost/cost_core50_nc_b64/0,cost_core50_nc_b64,core50_nc,0,training,0,147794.236430942,147804.497432977,10.261002034996636,70712320,182889984,264241152,264241152,8589934592,0,2120888320,0,1900654592,0,2118922240,0,0.1,72,,
effectiveness_v3_20260918T041442Z_64049f11,dev/core50_nc/plugin_cost/cost_core50_nc_b64/0,cost_core50_nc_b64,core50_nc,0,evaluation,0,147804.551445837,147806.189774014,1.6383281770104077,70712320,114230272,264241152,264241152,8589934592,0,2181881856,0,1961648128,0,2172383232,0,0.1,12,,
effectiveness_v3_20260918T041442Z_64049f11,dev/core50_nc/plugin_cost/cost_core50_nc_b64/0,cost_core50_nc_b64,core50_nc,0,resource_transition,1,147806.220122569,147806.220633532,0.0005109630001243204,70712320,70712320,264241152,264241152,8589934592,0,2181881856,0,1961648128,0,0,0,0.1,0,no_interval_samples,
effectiveness_v3_20260918T041442Z_64049f11,dev/core50_nc/plugin_cost/cost_core50_nc_b64/0,cost_core50_nc_b64,core50_nc,0,training,1,147806.250536125,147813.883994796,7.633458670985419,70712320,356979200,396361728,396361728,8589934592,0,2191392768,0,1971159040,0,2193494016,0,0.1,50,,
effectiveness_v3_20260918T041442Z_64049f11,dev/core50_nc/plugin_cost/cost_core50_nc_b64/0,cost_core50_nc_b64,core50_nc,0,evaluation,1,147813.938017138,147816.672239055,2.734221917024115,70712320,114230272,396361728,396361728,8589934592,0,2194939904,0,1974706176,0,2195210240,0,0.1,16,,
effectiveness_v3_20260918T041442Z_64049f11,dev/core50_nc/plugin_cost/cost_core50_nc_b64/0,cost_core50_nc_b64,core50_nc,0,resource_transition,2,147816.702546712,147816.703035721,0.0004890089912805706,70712320,70712320,396361728,396361728,8589934592,0,2194939904,0,1974706176,0,0,0,0.1,0,no_interval_samples,
effectiveness_v3_20260918T041442Z_64049f11,dev/core50_nc/plugin_cost/cost_core50_nc_b64/0,cost_core50_nc_b64,core50_nc,0,training,2,147816.731780554,147822.985696045,6.253915491019143,70712320,356979200,396361728,396361728,8589934592,0,2192703488,0,1972469760,0,2195144704,0,0.1,37,,
effectiveness_v3_20260918T041442Z_64049f11,dev/core50_nc/plugin_cost/cost_core50_nc_b64/0,cost_core50_nc_b64,core50_nc,0,evaluation,2,147823.036826257,147827.211390003,4.174563745997148,70712320,114230272,396361728,396361728,8589934592,0,2196578304,0,1976344576,0,2199142400,0,0.1,25,,
effectiveness_v3_20260918T041442Z_64049f11,dev/core50_nc/plugin_cost/cost_core50_nc_b64/0,cost_core50_nc_b64,core50_nc,0,resource_transition,3,147827.242032521,147827.242507021,0.00047450000420212746,70712320,70712320,396361728,396361728,8589934592,0,2196578304,0,1976344576,0,0,0,0.1,0,no_interval_samples,
effectiveness_v3_20260918T041442Z_64049f11,dev/core50_nc/plugin_cost/cost_core50_nc_b64/0,cost_core50_nc_b64,core50_nc,0,training,3,147827.272324661,147835.747610286,8.475285624997923,70712320,356979200,396361728,396361728,8589934592,0,2201382912,0,1981149184,0,2204098560,0,0.1,51,,
effectiveness_v3_20260918T041442Z_64049f11,dev/core50_nc/plugin_cost/cost_core50_nc_b64/0,cost_core50_nc_b64,core50_nc,0,evaluation,3,147835.80502988,147840.437687721,4.632657840993488,70712320,114230272,396361728,396361728,8589934592,0,2200399872,0,1980166144,0,2206339072,0,0.1,32,,
effectiveness_v3_20260918T041442Z_64049f11,dev/core50_nc/plugin_cost/cost_core50_nc_b64/0,cost_core50_nc_b64,core50_nc,0,resource_transition,4,147840.469555999,147840.470055416,0.0004994169867131859,70712320,70712320,396361728,396361728,8589934592,0,2200399872,0,1980166144,0,0,0,0.1,0,no_interval_samples,
effectiveness_v3_20260918T041442Z_64049f11,dev/core50_nc/plugin_cost/cost_core50_nc_b64/0,cost_core50_nc_b64,core50_nc,0,training,4,147840.501827184,147847.155265924,6.653438740002457,70712320,356979200,396361728,396361728,8589934592,0,2202140672,0,1981906944,0,2205118464,0,0.1,43,,
effectiveness_v3_20260918T041442Z_64049f11,dev/core50_nc/plugin_cost/cost_core50_nc_b64/0,cost_core50_nc_b64,core50_nc,0,evaluation,4,147847.210612852,147853.702380227,6.491767375002382,70712320,114230272,396361728,396361728,8589934592,0,2206273536,0,1986039808,0,2209558528,0,0.1,37,,
effectiveness_v3_20260918T041442Z_64049f11,dev/core50_nc/plugin_cost/cost_core50_nc_b64/0,cost_core50_nc_b64,core50_nc,0,resource_transition,5,147853.734399958,147853.734905106,0.0005051479965914041,70712320,70712320,396361728,396361728,8589934592,0,2206277632,0,1986043904,0,0,0,0.1,0,no_interval_samples,
effectiveness_v3_20260918T041442Z_64049f11,dev/core50_nc/plugin_cost/cost_core50_nc_b64/0,cost_core50_nc_b64,core50_nc,0,training,5,147853.768038903,147862.252978193,8.484939289977774,70712320,356979200,400556032,400556032,8589934592,0,2207453184,0,1987219456,0,2206887936,0,0.1,50,,
effectiveness_v3_20260918T041442Z_64049f11,dev/core50_nc/plugin_cost/cost_core50_nc_b64/0,cost_core50_nc_b64,core50_nc,0,evaluation,5,147862.332068701,147869.504342519,7.172273817996029,70712320,114230272,400556032,400556032,8589934592,0,2208989184,0,1988755456,0,2213310464,0,0.1,44,,
effectiveness_v3_20260918T041442Z_64049f11,dev/core50_nc/plugin_cost/cost_core50_nc_b64/0,cost_core50_nc_b64,core50_nc,0,resource_transition,6,147869.538489741,147869.538998093,0.000508351979078725,70712320,70712320,400556032,400556032,8589934592,0,2208989184,0,1988755456,0,0,0,0.1,0,no_interval_samples,
effectiveness_v3_20260918T041442Z_64049f11,dev/core50_nc/plugin_cost/cost_core50_nc_b64/0,cost_core50_nc_b64,core50_nc,0,training,6,147869.572858546,147877.181223254,7.608364708023146,70712320,356979200,400556032,400556032,8589934592,0,2210177024,0,1989943296,0,2212421632,0,0.1,52,,
effectiveness_v3_20260918T041442Z_64049f11,dev/core50_nc/plugin_cost/cost_core50_nc_b64/0,cost_core50_nc_b64,core50_nc,0,evaluation,6,147877.233318392,147884.635747633,7.4024292409885675,70712320,114230272,400556032,400556032,8589934592,0,2213687296,0,1993453568,0,2217316352,0,0.1,50,,
effectiveness_v3_20260918T041442Z_64049f11,dev/core50_nc/plugin_cost/cost_core50_nc_b64/0,cost_core50_nc_b64,core50_nc,0,resource_transition,7,147884.667601671,147884.668109384,0.0005077129753772169,70712320,70712320,400556032,400556032,8589934592,0,2213687296,0,1993453568,0,0,0,0.1,0,no_interval_samples,
effectiveness_v3_20260918T041442Z_64049f11,dev/core50_nc/plugin_cost/cost_core50_nc_b64/0,cost_core50_nc_b64,core50_nc,0,training,7,147884.698450227,147891.376631236,6.6781810089887585,70712320,356979200,400556032,400556032,8589934592,0,2211143680,0,1990909952,0,2213896192,0,0.1,45,,
effectiveness_v3_20260918T041442Z_64049f11,dev/core50_nc/plugin_cost/cost_core50_nc_b64/0,cost_core50_nc_b64,core50_nc,0,evaluation,7,147891.430986441,147900.131909893,8.700923452008283,70712320,114230272,400556032,400556032,8589934592,0,2214289408,0,1994055680,0,2215464960,0,0.1,59,,
effectiveness_v3_20260918T041442Z_64049f11,dev/core50_nc/plugin_cost/cost_core50_nc_b64/0,cost_core50_nc_b64,core50_nc,0,resource_transition,8,147900.16649481,147900.167049606,0.0005547960172407329,70712320,70712320,400556032,400556032,8589934592,0,2214289408,0,1994055680,0,0,0,0.1,0,no_interval_samples,
effectiveness_v3_20260918T041442Z_64049f11,dev/core50_nc/plugin_cost/cost_core50_nc_b64/0,cost_core50_nc_b64,core50_nc,0,training,8,147900.197058978,147907.371040366,7.17398138801218,70712320,356979200,400556032,400556032,8589934592,0,2213425152,0,1993191424,0,2214424576,0,0.1,45,,
effectiveness_v3_20260918T041442Z_64049f11,dev/core50_nc/plugin_cost/cost_core50_nc_b64/0,cost_core50_nc_b64,core50_nc,0,evaluation,8,147907.421207809,147917.139421513,9.718213704007212,70712320,114230272,400556032,400556032,8589934592,0,2214350848,0,1994117120,0,2217684992,0,0.1,56,,
effectiveness_v3_20260918T041653Z_27f9e4f1,dev/core50_nc/plugin_cost/cost_core50_nc_b256/0,cost_core50_nc_b256,core50_nc,0,setup,,147924.19789585,147924.577397829,0.3795019790122751,1395712,1395712,2097152,2097152,8589934592,0,1349238784,0,1129103360,0,1318690816,0,0.1,1,,
effectiveness_v3_20260918T041653Z_27f9e4f1,dev/core50_nc/plugin_cost/cost_core50_nc_b256/0,cost_core50_nc_b256,core50_nc,0,resource_transition,0,147924.597373505,147924.597784292,0.0004107870045118034,1395712,1395712,2097152,2097152,8589934592,0,1349341184,0,1129119744,0,0,0,0.1,0,no_interval_samples,
effectiveness_v3_20260918T041653Z_27f9e4f1,dev/core50_nc/plugin_cost/cost_core50_nc_b256/0,cost_core50_nc_b256,core50_nc,0,training,0,147924.616497182,147932.180752655,7.56425547300023,70712320,625442304,700448768,700448768,8589934592,0,2035646464,0,1815412736,0,2041266176,0,0.1,43,,
effectiveness_v3_20260918T041653Z_27f9e4f1,dev/core50_nc/plugin_cost/cost_core50_nc_b256/0,cost_core50_nc_b256,core50_nc,0,evaluation,0,147932.238543654,147933.965516181,1.7269725269870833,70712320,114230272,700448768,700448768,8589934592,0,2094952448,0,1874718720,0,2087489536,0,0.1,10,,
effectiveness_v3_20260918T041653Z_27f9e4f1,dev/core50_nc/plugin_cost/cost_core50_nc_b256/0,cost_core50_nc_b256,core50_nc,0,resource_transition,1,147934.003639653,147934.004185717,0.0005460639949887991,70712320,70712320,700448768,700448768,8589934592,0,2094952448,0,1874718720,0,0,0,0.1,0,no_interval_samples,
effectiveness_v3_20260918T041653Z_27f9e4f1,dev/core50_nc/plugin_cost/cost_core50_nc_b256/0,cost_core50_nc_b256,core50_nc,0,training,1,147934.030932134,147940.082976283,6.052044149022549,70712320,1042787328,1432354816,1432354816,8589934592,0,2106945536,0,1886711808,0,2113290240,0,0.1,35,,
effectiveness_v3_20260918T041653Z_27f9e4f1,dev/core50_nc/plugin_cost/cost_core50_nc_b256/0,cost_core50_nc_b256,core50_nc,0,evaluation,1,147940.125861932,147942.801333543,2.6754716110008303,70712320,114230272,1432354816,1432354816,8589934592,0,2102726656,0,1882492928,0,2108018688,0,0.1,16,,
effectiveness_v3_20260918T041653Z_27f9e4f1,dev/core50_nc/plugin_cost/cost_core50_nc_b256/0,cost_core50_nc_b256,core50_nc,0,resource_transition,2,147942.842257812,147942.842747877,0.0004900649946648628,70712320,70712320,1432354816,1432354816,8589934592,0,2102726656,0,1882492928,0,0,0,0.1,0,no_interval_samples,
effectiveness_v3_20260918T041653Z_27f9e4f1,dev/core50_nc/plugin_cost/cost_core50_nc_b256/0,cost_core50_nc_b256,core50_nc,0,training,2,147942.867613517,147947.890948856,5.023335338977631,70712320,1042787328,1432354816,1432354816,8589934592,0,2107248640,0,1887014912,0,2116423680,0,0.1,29,,
effectiveness_v3_20260918T041653Z_27f9e4f1,dev/core50_nc/plugin_cost/cost_core50_nc_b256/0,cost_core50_nc_b256,core50_nc,0,evaluation,2,147947.940119524,147952.197333572,4.2572140480042435,70712320,114230272,1432354816,1432354816,8589934592,0,2104442880,0,1884209152,0,2107248640,0,0.1,25,,
effectiveness_v3_20260918T041653Z_27f9e4f1,dev/core50_nc/plugin_cost/cost_core50_nc_b256/0,cost_core50_nc_b256,core50_nc,0,resource_transition,3,147952.240437025,147952.240883867,0.00044684199383482337,70712320,70712320,1432354816,1432354816,8589934592,0,2104446976,0,1884213248,0,0,0,0.1,0,no_interval_samples,
effectiveness_v3_20260918T041653Z_27f9e4f1,dev/core50_nc/plugin_cost/cost_core50_nc_b256/0,cost_core50_nc_b256,core50_nc,0,training,3,147952.269545358,147958.56534218,6.295796821999829,70712320,1042787328,1432354816,1432354816,8589934592,0,2118303744,0,1898070016,0,2124562432,0,0.1,36,,
effectiveness_v3_20260918T041653Z_27f9e4f1,dev/core50_nc/plugin_cost/cost_core50_nc_b256/0,cost_core50_nc_b256,core50_nc,0,evaluation,3,147958.612153032,147963.690466985,5.0783139529812615,70712320,114230272,1432354816,1432354816,8589934592,0,2108669952,0,1888436224,0,2119401472,0,0.1,30,,
effectiveness_v3_20260918T041653Z_27f9e4f1,dev/core50_nc/plugin_cost/cost_core50_nc_b256/0,cost_core50_nc_b256,core50_nc,0,resource_transition,4,147963.722755698,147963.723290614,0.0005349160055629909,70712320,70712320,1432354816,1432354816,8589934592,0,2108669952,0,1888436224,0,0,0,0.1,0,no_interval_samples,
effectiveness_v3_20260918T041653Z_27f9e4f1,dev/core50_nc/plugin_cost/cost_core50_nc_b256/0,cost_core50_nc_b256,core50_nc,0,training,4,147963.754725161,147968.976976543,5.222251381987007,70712320,1042787328,1432354816,1432354816,8589934592,0,2119561216,0,1899327488,0,2125803520,0,0.1,29,,
effectiveness_v3_20260918T041653Z_27f9e4f1,dev/core50_nc/plugin_cost/cost_core50_nc_b256/0,cost_core50_nc_b256,core50_nc,0,evaluation,4,147969.05128298,147975.184535148,6.133252167986939,70712320,114230272,1432354816,1432354816,8589934592,0,2114183168,0,1893949440,0,2119987200,0,0.1,36,,
effectiveness_v3_20260918T041653Z_27f9e4f1,dev/core50_nc/plugin_cost/cost_core50_nc_b256/0,cost_core50_nc_b256,core50_nc,0,resource_transition,5,147975.216630918,147975.217085399,0.0004544809926301241,70712320,70712320,1432354816,1432354816,8589934592,0,2114187264,0,1893953536,0,0,0,0.1,0,no_interval_samples,
effectiveness_v3_20260918T041653Z_27f9e4f1,dev/core50_nc/plugin_cost/cost_core50_nc_b256/0,cost_core50_nc_b256,core50_nc,0,training,5,147975.247616103,147981.324891515,6.077275411982555,70712320,1042787328,1432354816,1432354816,8589934592,0,2120056832,0,1899823104,0,2126581760,0,0.1,34,,
effectiveness_v3_20260918T041653Z_27f9e4f1,dev/core50_nc/plugin_cost/cost_core50_nc_b256/0,cost_core50_nc_b256,core50_nc,0,evaluation,5,147981.379811479,147988.09399697,6.714185491000535,70712320,114230272,1432354816,1432354816,8589934592,0,2115932160,0,1895698432,0,2120331264,0,0.1,40,,
effectiveness_v3_20260918T041653Z_27f9e4f1,dev/core50_nc/plugin_cost/cost_core50_nc_b256/0,cost_core50_nc_b256,core50_nc,0,resource_transition,6,147988.123883276,147988.124341711,0.000458434980828315,70712320,70712320,1432354816,1432354816,8589934592,0,2115936256,0,1895702528,0,0,0,0.1,0,no_interval_samples,
effectiveness_v3_20260918T041653Z_27f9e4f1,dev/core50_nc/plugin_cost/cost_core50_nc_b256/0,cost_core50_nc_b256,core50_nc,0,training,6,147988.152430249,147994.292350338,6.1399200889864005,70712320,1042787328,1432354816,1432354816,8589934592,0,2120593408,0,1900359680,0,2126966784,0,0.1,34,,
effectiveness_v3_20260918T041653Z_27f9e4f1,dev/core50_nc/plugin_cost/cost_core50_nc_b256/0,cost_core50_nc_b256,core50_nc,0,evaluation,6,147994.341787941,148002.165168191,7.823380249988986,70712320,114230272,1432354816,1432354816,8589934592,0,2115743744,0,1895510016,0,2121965568,0,0.1,46,,
effectiveness_v3_20260918T041653Z_27f9e4f1,dev/core50_nc/plugin_cost/cost_core50_nc_b256/0,cost_core50_nc_b256,core50_nc,0,resource_transition,7,148002.194542701,148002.195008988,0.0004662869905587286,70712320,70712320,1432354816,1432354816,8589934592,0,2115743744,0,1895510016,0,0,0,0.1,0,no_interval_samples,
effectiveness_v3_20260918T041653Z_27f9e4f1,dev/core50_nc/plugin_cost/cost_core50_nc_b256/0,cost_core50_nc_b256,core50_nc,0,training,7,148002.223377785,148007.80578513,5.582407345005777,70712320,1042787328,1432354816,1432354816,8589934592,0,2118287360,0,1898053632,0,2127749120,0,0.1,32,,
effectiveness_v3_20260918T041653Z_27f9e4f1,dev/core50_nc/plugin_cost/cost_core50_nc_b256/0,cost_core50_nc_b256,core50_nc,0,evaluation,7,148007.852130891,148017.303974526,9.45184363500448,70712320,114230272,1432354816,1432354816,8589934592,0,2111795200,0,1891561472,0,2120589312,0,0.1,56,,
effectiveness_v3_20260918T041653Z_27f9e4f1,dev/core50_nc/plugin_cost/cost_core50_nc_b256/0,cost_core50_nc_b256,core50_nc,0,resource_transition,8,148017.33367871,148017.33411734,0.0004386299988254905,70712320,70712320,1432354816,1432354816,8589934592,0,2111795200,0,1891561472,0,0,0,0.1,0,no_interval_samples,
effectiveness_v3_20260918T041653Z_27f9e4f1,dev/core50_nc/plugin_cost/cost_core50_nc_b256/0,cost_core50_nc_b256,core50_nc,0,training,8,148017.362684089,148023.28340481,5.920720721012913,70712320,1042787328,1432354816,1432354816,8589934592,0,2121588736,0,1901355008,0,2130468864,0,0.1,33,,
effectiveness_v3_20260918T041653Z_27f9e4f1,dev/core50_nc/plugin_cost/cost_core50_nc_b256/0,cost_core50_nc_b256,core50_nc,0,evaluation,8,148023.334216383,148033.037575875,9.703359492006712,70712320,114230272,1432354816,1432354816,8589934592,0,2117324800,0,1897091072,0,2122694656,0,0.1,58,,
effectiveness_v3_20260918T041849Z_142c7d28,dev/core50_nc/plugin_cost/cost_core50_nc_gem/0,cost_core50_nc_gem,core50_nc,0,setup,,148040.158704367,148040.534927072,0.37622270500287414,1395712,1395712,2097152,2097152,8589934592,0,1348366336,0,1128230912,0,1321713664,0,0.1,1,,
effectiveness_v3_20260918T041849Z_142c7d28,dev/core50_nc/plugin_cost/cost_core50_nc_gem/0,cost_core50_nc_gem,core50_nc,0,resource_transition,0,148040.563285943,148040.563706776,0.0004208330065011978,1395712,1395712,2097152,2097152,8589934592,0,1348464640,0,1128251392,0,0,0,0.1,0,no_interval_samples,
effectiveness_v3_20260918T041849Z_142c7d28,dev/core50_nc/plugin_cost/cost_core50_nc_gem/0,cost_core50_nc_gem,core50_nc,0,training,0,148040.583018119,148066.061883684,25.478865564975422,70712320,95452672,117440512,117440512,8589934592,0,2040283136,0,1820053504,0,2036506624,0,0.1,158,,
effectiveness_v3_20260918T041849Z_142c7d28,dev/core50_nc/plugin_cost/cost_core50_nc_gem/0,cost_core50_nc_gem,core50_nc,0,evaluation,0,148066.123309016,148068.09180834,1.9684993239934556,70712320,114230272,159383552,159383552,8589934592,0,2089910272,0,1869688832,0,2091081728,0,0.1,12,,
effectiveness_v3_20260918T041849Z_142c7d28,dev/core50_nc/plugin_cost/cost_core50_nc_gem/0,cost_core50_nc_gem,core50_nc,0,resource_transition,1,148068.119359646,148068.119827877,0.00046823101001791656,70712320,70712320,159383552,159383552,8589934592,0,2089926656,0,1869713408,0,0,0,0.1,0,no_interval_samples,
effectiveness_v3_20260918T041849Z_142c7d28,dev/core50_nc/plugin_cost/cost_core50_nc_gem/0,cost_core50_nc_gem,core50_nc,0,training,1,148068.146417323,148091.462189225,23.315771902009146,71801856,153137152,180355072,180355072,8589934592,0,2123276288,0,1903003648,0,2128789504,0,0.1,154,,
effectiveness_v3_20260918T041849Z_142c7d28,dev/core50_nc/plugin_cost/cost_core50_nc_gem/0,cost_core50_nc_gem,core50_nc,0,evaluation,1,148091.514110457,148094.403211693,2.889101235981798,71801856,115762176,180355072,180355072,8589934592,0,2127089664,0,1906817024,0,2128023552,0,0.1,16,,
effectiveness_v3_20260918T041849Z_142c7d28,dev/core50_nc/plugin_cost/cost_core50_nc_gem/0,cost_core50_nc_gem,core50_nc,0,resource_transition,2,148094.431580546,148094.432075342,0.0004947959969285876,71801856,71801856,180355072,180355072,8589934592,0,2127089664,0,1906817024,0,0,0,0.1,0,no_interval_samples,
effectiveness_v3_20260918T041849Z_142c7d28,dev/core50_nc/plugin_cost/cost_core50_nc_gem/0,cost_core50_nc_gem,core50_nc,0,training,2,148094.477864732,148121.087548194,26.60968346198206,72891392,155865088,180355072,180355072,8589934592,0,2180358144,0,1960085504,0,2189750272,0,0.1,178,,
effectiveness_v3_20260918T041849Z_142c7d28,dev/core50_nc/plugin_cost/cost_core50_nc_gem/0,cost_core50_nc_gem,core50_nc,0,evaluation,2,148121.143645648,148125.398403524,4.254757876013173,72891392,116409344,180355072,180355072,8589934592,0,2179608576,0,1959335936,0,2186874880,0,0.1,25,,
effectiveness_v3_20260918T041849Z_142c7d28,dev/core50_nc/plugin_cost/cost_core50_nc_gem/0,cost_core50_nc_gem,core50_nc,0,resource_transition,3,148125.429708775,148125.43015421,0.00044543499825522304,72891392,72891392,180355072,180355072,8589934592,0,2179612672,0,1959340032,0,0,0,0.1,0,no_interval_samples,
effectiveness_v3_20260918T041849Z_142c7d28,dev/core50_nc/plugin_cost/cost_core50_nc_gem/0,cost_core50_nc_gem,core50_nc,0,training,3,148125.461074007,148168.528962925,43.06788891798351,73980928,156725248,201326592,201326592,8589934592,0,2189733888,0,1969461248,0,2201653248,0,0.1,288,,
effectiveness_v3_20260918T041849Z_142c7d28,dev/core50_nc/plugin_cost/cost_core50_nc_gem/0,cost_core50_nc_gem,core50_nc,0,evaluation,3,148168.58213275,148173.42651733,4.84438458000659,73980928,117498880,201326592,201326592,8589934592,0,2189217792,0,1968945152,0,2195505152,0,0.1,30,,
effectiveness_v3_20260918T041849Z_142c7d28,dev/core50_nc/plugin_cost/cost_core50_nc_gem/0,cost_core50_nc_gem,core50_nc,0,resource_transition,4,148173.457654581,148173.45810997,0.0004553890030365437,73980928,73980928,201326592,201326592,8589934592,0,2189217792,0,1968945152,0,0,0,0.1,0,no_interval_samples,
effectiveness_v3_20260918T041849Z_142c7d28,dev/core50_nc/plugin_cost/cost_core50_nc_gem/0,cost_core50_nc_gem,core50_nc,0,training,4,148173.487690591,148217.669191212,44.181500620994484,75069952,159847936,201326592,201326592,8589934592,0,2192220160,0,1971947520,0,2204418048,0,0.1,298,,
effectiveness_v3_20260918T041849Z_142c7d28,dev/core50_nc/plugin_cost/cost_core50_nc_gem/0,cost_core50_nc_gem,core50_nc,0,evaluation,4,148217.724497639,148224.123813072,6.3993154329946265,75069952,118915072,201326592,201326592,8589934592,0,2194976768,0,1974704128,0,2196701184,0,0.1,37,,
effectiveness_v3_20260918T041849Z_142c7d28,dev/core50_nc/plugin_cost/cost_core50_nc_gem/0,cost_core50_nc_gem,core50_nc,0,resource_transition,5,148224.169121404,148224.16959471,0.0004733059904538095,75069952,75069952,201326592,201326592,8589934592,0,2194980864,0,1974708224,0,0,0,0.1,0,no_interval_samples,
effectiveness_v3_20260918T041849Z_142c7d28,dev/core50_nc/plugin_cost/cost_core50_nc_gem/0,cost_core50_nc_gem,core50_nc,0,training,5,148224.200130681,148283.738073003,59.53794232200016,76158976,161666048,201326592,201326592,8589934592,0,2193678336,0,1973405696,0,2214973440,0,0.1,404,,
effectiveness_v3_20260918T041849Z_142c7d28,dev/core50_nc/plugin_cost/cost_core50_nc_gem/0,cost_core50_nc_gem,core50_nc,0,evaluation,5,148283.797729319,148290.79849348,7.000764160999097,76158976,119676928,201326592,201326592,8589934592,0,2194362368,0,1974089728,0,2198601728,0,0.1,41,,
effectiveness_v3_20260918T041849Z_142c7d28,dev/core50_nc/plugin_cost/cost_core50_nc_gem/0,cost_core50_nc_gem,core50_nc,0,resource_transition,6,148290.833392544,148290.833890739,0.000498195004183799,76158976,76158976,201326592,201326592,8589934592,0,2194366464,0,1974093824,0,0,0,0.1,0,no_interval_samples,
effectiveness_v3_20260918T041849Z_142c7d28,dev/core50_nc/plugin_cost/cost_core50_nc_gem/0,cost_core50_nc_gem,core50_nc,0,training,6,148290.884086988,148356.198583213,65.31449622500804,77248512,164057088,201326592,201326592,8589934592,0,2194366464,0,1974093824,0,2215116800,0,0.1,447,,
effectiveness_v3_20260918T041849Z_142c7d28,dev/core50_nc/plugin_cost/cost_core50_nc_gem/0,cost_core50_nc_gem,core50_nc,0,evaluation,6,148356.246361112,148364.320101091,8.073739979008678,77248512,120766464,201326592,201326592,8589934592,0,2198675456,0,1978402816,0,2199732224,0,0.1,48,,
effectiveness_v3_20260918T041849Z_142c7d28,dev/core50_nc/plugin_cost/cost_core50_nc_gem/0,cost_core50_nc_gem,core50_nc,0,resource_transition,7,148364.354975553,148364.355526266,0.0005507130117621273,77248512,77248512,201326592,201326592,8589934592,0,2198675456,0,1978402816,0,0,0,0.1,0,no_interval_samples,
effectiveness_v3_20260918T041849Z_142c7d28,dev/core50_nc/plugin_cost/cost_core50_nc_gem/0,cost_core50_nc_gem,core50_nc,0,training,7,148364.386381997,148435.090760325,70.70437832799507,78337536,165695488,201326592,201326592,8589934592,0,2215657472,0,1995384832,0,2222178304,0,0.1,488,,
effectiveness_v3_20260918T041849Z_142c7d28,dev/core50_nc/plugin_cost/cost_core50_nc_gem/0,cost_core50_nc_gem,core50_nc,0,evaluation,7,148435.15287887,148444.214816721,9.06193785101641,78337536,121855488,201326592,201326592,8589934592,0,2197065728,0,1976793088,0,2218926080,0,0.1,53,,
effectiveness_v3_20260918T041849Z_142c7d28,dev/core50_nc/plugin_cost/cost_core50_nc_gem/0,cost_core50_nc_gem,core50_nc,0,resource_transition,8,148444.250169434,148444.250641758,0.00047232399811036885,78337536,78337536,201326592,201326592,8589934592,0,2197065728,0,1976793088,0,0,0,0.1,0,no_interval_samples,
effectiveness_v3_20260918T041849Z_142c7d28,dev/core50_nc/plugin_cost/cost_core50_nc_gem/0,cost_core50_nc_gem,core50_nc,0,training,8,148444.27950798,148527.869905389,83.59039740898879,79427072,167619072,201326592,201326592,8589934592,0,2214866944,0,1994594304,0,2224795648,0,0.1,580,,
effectiveness_v3_20260918T041849Z_142c7d28,dev/core50_nc/plugin_cost/cost_core50_nc_gem/0,cost_core50_nc_gem,core50_nc,0,evaluation,8,148527.922704694,148538.015133963,10.09242926898878,79427072,122945024,201326592,201326592,8589934592,0,2200715264,0,1980442624,0,2218049536,0,0.1,59,,
effectiveness_v3_20260918T042714Z_1547820b,dev/core50_nc/plugin_cost/cost_core50_nc_ewc/0,cost_core50_nc_ewc,core50_nc,0,setup,,148545.16113994,148545.536908441,0.37576850099139847,1395712,1395712,2097152,2097152,8589934592,0,1348362240,0,1128226816,0,1318678528,0,0.1,1,,
effectiveness_v3_20260918T042714Z_1547820b,dev/core50_nc/plugin_cost/cost_core50_nc_ewc/0,cost_core50_nc_ewc,core50_nc,0,resource_transition,0,148545.566220191,148545.566611941,0.00039175001438707113,1395712,1395712,2097152,2097152,8589934592,0,1348464640,0,1128243200,0,0,0,0.1,0,no_interval_samples,
effectiveness_v3_20260918T042714Z_1547820b,dev/core50_nc/plugin_cost/cost_core50_nc_ewc/0,cost_core50_nc_ewc,core50_nc,0,training,0,148545.585877172,148601.212231173,55.6263540009968,72920064,96714240,119537664,119537664,8589934592,0,2152849408,0,1932615680,0,2133262336,0,0.1,349,,
effectiveness_v3_20260918T042714Z_1547820b,dev/core50_nc/plugin_cost/cost_core50_nc_ewc/0,cost_core50_nc_ewc,core50_nc,0,evaluation,0,148601.278084952,148603.125119823,1.84703487099614,72920064,116438016,161480704,161480704,8589934592,0,2201505792,0,1981280256,0,2201415680,0,0.1,11,,
effectiveness_v3_20260918T042714Z_1547820b,dev/core50_nc/plugin_cost/cost_core50_nc_ewc/0,cost_core50_nc_ewc,core50_nc,0,resource_transition,1,148603.154206924,148603.154663119,0.0004561950045172125,72920064,72920064,161480704,161480704,8589934592,0,2201518080,0,1981288448,0,0,0,0.1,0,no_interval_samples,
effectiveness_v3_20260918T042714Z_1547820b,dev/core50_nc/plugin_cost/cost_core50_nc_ewc/0,cost_core50_nc_ewc,core50_nc,0,training,1,148603.183028896,148645.411691433,42.2286625370034,75127808,125195264,163577856,163577856,8589934592,0,2219200512,0,1998966784,0,2217193472,0,0.1,260,,
effectiveness_v3_20260918T042714Z_1547820b,dev/core50_nc/plugin_cost/cost_core50_nc_ewc/0,cost_core50_nc_ewc,core50_nc,0,evaluation,1,148645.50052274,148648.363414767,2.8628920269839,75127808,118645760,163577856,163577856,8589934592,0,2232647680,0,2012413952,0,2232565760,0,0.1,16,,
effectiveness_v3_20260918T042714Z_1547820b,dev/core50_nc/plugin_cost/cost_core50_nc_ewc/0,cost_core50_nc_ewc,core50_nc,0,resource_transition,2,148648.39086372,148648.391372507,0.0005087869940325618,75127808,75127808,163577856,163577856,8589934592,0,2232647680,0,2012413952,0,0,0,0.1,0,no_interval_samples,
effectiveness_v3_20260918T042714Z_1547820b,dev/core50_nc/plugin_cost/cost_core50_nc_ewc/0,cost_core50_nc_ewc,core50_nc,0,training,2,148648.420980238,148691.150372869,42.72939263097942,77335552,127403008,165675008,165675008,8589934592,0,2227920896,0,2007687168,0,2232950784,0,0.1,267,,
effectiveness_v3_20260918T042714Z_1547820b,dev/core50_nc/plugin_cost/cost_core50_nc_ewc/0,cost_core50_nc_ewc,core50_nc,0,evaluation,2,148691.220028028,148695.672223792,4.452195763995405,77335552,120853504,165675008,165675008,8589934592,0,2235703296,0,2015469568,0,2235703296,0,0.1,26,,
effectiveness_v3_20260918T042714Z_1547820b,dev/core50_nc/plugin_cost/cost_core50_nc_ewc/0,cost_core50_nc_ewc,core50_nc,0,resource_transition,3,148695.705699143,148695.706176162,0.00047701899893581867,77335552,77335552,165675008,165675008,8589934592,0,2235707392,0,2015473664,0,0,0,0.1,0,no_interval_samples,
effectiveness_v3_20260918T042714Z_1547820b,dev/core50_nc/plugin_cost/cost_core50_nc_ewc/0,cost_core50_nc_ewc,core50_nc,0,training,3,148695.756031088,148758.667030599,62.91099951099022,79543296,129610752,167772160,167772160,8589934592,0,2229092352,0,2008858624,0,2235748352,0,0.1,401,,
effectiveness_v3_20260918T042714Z_1547820b,dev/core50_nc/plugin_cost/cost_core50_nc_ewc/0,cost_core50_nc_ewc,core50_nc,0,evaluation,3,148758.755492088,148763.765497654,5.010005566000473,79543296,123061248,167772160,167772160,8589934592,0,2233786368,0,2013552640,0,2235424768,0,0.1,30,,
effectiveness_v3_20260918T042714Z_1547820b,dev/core50_nc/plugin_cost/cost_core50_nc_ewc/0,cost_core50_nc_ewc,core50_nc,0,resource_transition,4,148763.795049673,148763.795553405,0.0005037320079281926,79543296,79543296,167772160,167772160,8589934592,0,2233786368,0,2013552640,0,0,0,0.1,0,no_interval_samples,
effectiveness_v3_20260918T042714Z_1547820b,dev/core50_nc/plugin_cost/cost_core50_nc_ewc/0,cost_core50_nc_ewc,core50_nc,0,training,4,148763.825205368,148823.84091004,60.01570467199781,81751040,132115968,169869312,169869312,8589934592,0,2231414784,0,2011181056,0,2231508992,0,0.1,366,,
effectiveness_v3_20260918T042714Z_1547820b,dev/core50_nc/plugin_cost/cost_core50_nc_ewc/0,cost_core50_nc_ewc,core50_nc,0,evaluation,4,148823.93756432,148830.370521499,6.432957179000368,81751040,125268992,169869312,169869312,8589934592,0,2236059648,0,2015825920,0,2236059648,0,0.1,38,,
effectiveness_v3_20260918T042714Z_1547820b,dev/core50_nc/plugin_cost/cost_core50_nc_ewc/0,cost_core50_nc_ewc,core50_nc,0,resource_transition,5,148830.399673831,148830.4001571,0.0004832689883187413,81751040,81751040,169869312,169869312,8589934592,0,2236063744,0,2015830016,0,0,0,0.1,0,no_interval_samples,
effectiveness_v3_20260918T042714Z_1547820b,dev/core50_nc/plugin_cost/cost_core50_nc_ewc/0,cost_core50_nc_ewc,core50_nc,0,training,5,148830.429090201,148904.558651107,74.12956090600346,83958784,135427584,174063616,174063616,8589934592,0,2233114624,0,2012880896,0,2233081856,0,0.1,470,,
effectiveness_v3_20260918T042714Z_1547820b,dev/core50_nc/plugin_cost/cost_core50_nc_ewc/0,cost_core50_nc_ewc,core50_nc,0,evaluation,5,148904.652375367,148911.660053257,7.007677889982006,83958784,127476736,174063616,174063616,8589934592,0,2235432960,0,2015199232,0,2239262720,0,0.1,41,,
effectiveness_v3_20260918T042714Z_1547820b,dev/core50_nc/plugin_cost/cost_core50_nc_ewc/0,cost_core50_nc_ewc,core50_nc,0,resource_transition,6,148911.698866916,148911.699418128,0.000551211996935308,83958784,83958784,174063616,174063616,8589934592,0,2235437056,0,2015203328,0,0,0,0.1,0,no_interval_samples,
effectiveness_v3_20260918T042714Z_1547820b,dev/core50_nc/plugin_cost/cost_core50_nc_ewc/0,cost_core50_nc_ewc,core50_nc,0,training,6,148911.733553138,148991.301461108,79.56790796999121,86166528,138739200,176160768,176160768,8589934592,0,2233790464,0,2013556736,0,2234687488,0,0.1,508,,
effectiveness_v3_20260918T042714Z_1547820b,dev/core50_nc/plugin_cost/cost_core50_nc_ewc/0,cost_core50_nc_ewc,core50_nc,0,evaluation,6,148991.370118857,148999.35350592,7.983387062995462,86166528,129684480,176160768,176160768,8589934592,0,2238271488,0,2018037760,0,2239930368,0,0.1,47,,
effectiveness_v3_20260918T042714Z_1547820b,dev/core50_nc/plugin_cost/cost_core50_nc_ewc/0,cost_core50_nc_ewc,core50_nc,0,resource_transition,7,148999.386157005,148999.38663593,0.0004789249796885997,86166528,86166528,176160768,176160768,8589934592,0,2238271488,0,2018037760,0,0,0,0.1,0,no_interval_samples,
effectiveness_v3_20260918T042714Z_1547820b,dev/core50_nc/plugin_cost/cost_core50_nc_ewc/0,cost_core50_nc_ewc,core50_nc,0,training,7,148999.42056282,149080.618375877,81.19781305699144,88374272,142050816,178257920,178257920,8589934592,0,2234789888,0,2014556160,0,2237800448,0,0.1,522,,
effectiveness_v3_20260918T042714Z_1547820b,dev/core50_nc/plugin_cost/cost_core50_nc_ewc/0,cost_core50_nc_ewc,core50_nc,0,evaluation,7,149080.710614495,149089.692883867,8.982269372005248,88374272,131892224,178257920,178257920,8589934592,0,2234609664,0,2014375936,0,2242379776,0,0.1,52,,
effectiveness_v3_20260918T042714Z_1547820b,dev/core50_nc/plugin_cost/cost_core50_nc_ewc/0,cost_core50_nc_ewc,core50_nc,0,resource_transition,8,149089.723907718,149089.724388496,0.0004807779914699495,88374272,88374272,178257920,178257920,8589934592,0,2234609664,0,2014375936,0,0,0,0.1,0,no_interval_samples,
effectiveness_v3_20260918T042714Z_1547820b,dev/core50_nc/plugin_cost/cost_core50_nc_ewc/0,cost_core50_nc_ewc,core50_nc,0,training,8,149089.752876709,149180.956883728,91.2040070189978,90582016,145362432,180355072,180355072,8589934592,0,2236239872,0,2016005120,0,2236854272,0,0.1,588,,
effectiveness_v3_20260918T042714Z_1547820b,dev/core50_nc/plugin_cost/cost_core50_nc_ewc/0,cost_core50_nc_ewc,core50_nc,0,evaluation,8,149181.028977523,149191.16517307,10.136195547005627,90582016,134099968,180355072,180355072,8589934592,0,2240458752,0,2020224000,0,2243928064,0,0.1,63,,
effectiveness_v3_20260918T043807Z_ed855c65,dev/core50_nc/plugin_cost/cost_core50_nc_gem_ewc/0,cost_core50_nc_gem_ewc,core50_nc,0,setup,,149198.422751591,149198.814603583,0.39185199202620424,1395712,1395712,2097152,2097152,8589934592,0,1348554752,0,1128430592,0,1308180480,0,0.1,1,,
effectiveness_v3_20260918T043807Z_ed855c65,dev/core50_nc/plugin_cost/cost_core50_nc_gem_ewc/0,cost_core50_nc_gem_ewc,core50_nc,0,resource_transition,0,149198.8414385,149198.841875093,0.0004365929926279932,1395712,1395712,2097152,2097152,8589934592,0,1348657152,0,1128451072,0,0,0,0.1,0,no_interval_samples,
effectiveness_v3_20260918T043807Z_ed855c65,dev/core50_nc/plugin_cost/cost_core50_nc_gem_ewc/0,cost_core50_nc_gem_ewc,core50_nc,0,training,0,149198.862848834,149251.561903746,52.69905491202371,72920064,96714240,119537664,119537664,8589934592,0,2154143744,0,1933929472,0,2134360064,0,0.1,330,,
effectiveness_v3_20260918T043807Z_ed855c65,dev/core50_nc/plugin_cost/cost_core50_nc_gem_ewc/0,cost_core50_nc_gem_ewc,core50_nc,0,evaluation,0,149251.622143062,149253.62296695,2.0008238879963756,72920064,116438016,161480704,161480704,8589934592,0,2201788416,0,1981574144,0,2201690112,0,0.1,12,,
effectiveness_v3_20260918T043807Z_ed855c65,dev/core50_nc/plugin_cost/cost_core50_nc_gem_ewc/0,cost_core50_nc_gem_ewc,core50_nc,0,resource_transition,1,149253.652511079,149253.652987644,0.0004765649791806936,72920064,72920064,161480704,161480704,8589934592,0,2201800704,0,1981586432,0,0,0,0.1,0,no_interval_samples,
effectiveness_v3_20260918T043807Z_ed855c65,dev/core50_nc/plugin_cost/cost_core50_nc_gem_ewc/0,cost_core50_nc_gem_ewc,core50_nc,0,training,1,149253.679752625,149297.443561089,43.763808463991154,76217344,155344896,184549376,184549376,8589934592,0,2252976128,0,2032709632,0,2257498112,0,0.1,284,,
effectiveness_v3_20260918T043807Z_ed855c65,dev/core50_nc/plugin_cost/cost_core50_nc_gem_ewc/0,cost_core50_nc_gem_ewc,core50_nc,0,evaluation,1,149297.510194746,149300.320057949,2.8098632030014414,76217344,120177664,184549376,184549376,8589934592,0,2265788416,0,2045521920,0,2265780224,0,0.1,16,,
effectiveness_v3_20260918T043807Z_ed855c65,dev/core50_nc/plugin_cost/cost_core50_nc_gem_ewc/0,cost_core50_nc_gem_ewc,core50_nc,0,resource_transition,2,149300.353406606,149300.353908541,0.0005019349919166416,76217344,76217344,184549376,184549376,8589934592,0,2265788416,0,2045521920,0,0,0,0.1,0,no_interval_samples,
effectiveness_v3_20260918T043807Z_ed855c65,dev/core50_nc/plugin_cost/cost_core50_nc_gem_ewc/0,cost_core50_nc_gem_ewc,core50_nc,0,training,2,149300.382531227,149347.371794304,46.98926307700458,79514624,160280576,186646528,186646528,8589934592,0,2317795328,0,2097528832,0,2327982080,0,0.1,301,,
effectiveness_v3_20260918T043807Z_ed855c65,dev/core50_nc/plugin_cost/cost_core50_nc_gem_ewc/0,cost_core50_nc_gem_ewc,core50_nc,0,evaluation,2,149347.472879107,149351.838306508,4.365427401004126,79514624,123032576,186646528,186646528,8589934592,0,2324078592,0,2103812096,0,2324070400,0,0.1,26,,
effectiveness_v3_20260918T043807Z_ed855c65,dev/core50_nc/plugin_cost/cost_core50_nc_gem_ewc/0,cost_core50_nc_gem_ewc,core50_nc,0,resource_transition,3,149351.870106952,149351.870571776,0.0004648239992093295,79514624,79514624,186646528,186646528,8589934592,0,2324082688,0,2103816192,0,0,0,0.1,0,no_interval_samples,
effectiveness_v3_20260918T043807Z_ed855c65,dev/core50_nc/plugin_cost/cost_core50_nc_gem_ewc/0,cost_core50_nc_gem_ewc,core50_nc,0,training,3,149351.90121072,149443.35555006,91.45433933997992,82811904,163348480,209715200,209715200,8589934592,0,2320384000,0,2100117504,0,2332008448,0,0.1,586,,
effectiveness_v3_20260918T043807Z_ed855c65,dev/core50_nc/plugin_cost/cost_core50_nc_gem_ewc/0,cost_core50_nc_gem_ewc,core50_nc,0,evaluation,3,149443.44684454,149448.608822285,5.161977744981414,82811904,126329856,209715200,209715200,8589934592,0,2325065728,0,2104799232,0,2326609920,0,0.1,31,,
effectiveness_v3_20260918T043807Z_ed855c65,dev/core50_nc/plugin_cost/cost_core50_nc_gem_ewc/0,cost_core50_nc_gem_ewc,core50_nc,0,resource_transition,4,149448.639060628,149448.639554656,0.0004940280050504953,82811904,82811904,209715200,209715200,8589934592,0,2325065728,0,2104799232,0,0,0,0.1,0,no_interval_samples,
effectiveness_v3_20260918T043807Z_ed855c65,dev/core50_nc/plugin_cost/cost_core50_nc_gem_ewc/0,cost_core50_nc_gem_ewc,core50_nc,0,training,4,149448.672087963,149541.315784801,92.64369683800032,86108672,168678912,211812352,211812352,8589934592,0,2321559552,0,2101293056,0,2323140608,0,0.1,596,,
effectiveness_v3_20260918T043807Z_ed855c65,dev/core50_nc/plugin_cost/cost_core50_nc_gem_ewc/0,cost_core50_nc_gem_ewc,core50_nc,0,evaluation,4,149541.38061921,149548.04467394,6.664054730004864,86108672,129953792,211812352,211812352,8589934592,0,2326634496,0,2106368000,0,2328178688,0,0.1,39,,
effectiveness_v3_20260918T043807Z_ed855c65,dev/core50_nc/plugin_cost/cost_core50_nc_gem_ewc/0,cost_core50_nc_gem_ewc,core50_nc,0,resource_transition,5,149548.075727617,149548.076209811,0.0004821940092369914,86108672,86108672,211812352,211812352,8589934592,0,2326638592,0,2106372096,0,0,0,0.1,0,no_interval_samples,
effectiveness_v3_20260918T043807Z_ed855c65,dev/core50_nc/plugin_cost/cost_core50_nc_gem_ewc/0,cost_core50_nc_gem_ewc,core50_nc,0,training,5,149548.120241238,149671.904023439,123.78378220100421,89405440,172704768,216006656,216006656,8589934592,0,2324586496,0,2104318976,0,2324860928,0,0.1,773,,
effectiveness_v3_20260918T043807Z_ed855c65,dev/core50_nc/plugin_cost/cost_core50_nc_gem_ewc/0,cost_core50_nc_gem_ewc,core50_nc,0,evaluation,5,149671.975718802,149679.377052538,7.401333736022934,89405440,132923392,216006656,216006656,8589934592,0,2329329664,0,2109062144,0,2332024832,0,0.1,43,,
effectiveness_v3_20260918T043807Z_ed855c65,dev/core50_nc/plugin_cost/cost_core50_nc_gem_ewc/0,cost_core50_nc_gem_ewc,core50_nc,0,resource_transition,6,149679.407683463,149679.408180556,0.0004970929876435548,89405440,89405440,216006656,216006656,8589934592,0,2329333760,0,2109066240,0,0,0,0.1,0,no_interval_samples,
effectiveness_v3_20260918T043807Z_ed855c65,dev/core50_nc/plugin_cost/cost_core50_nc_gem_ewc/0,cost_core50_nc_gem_ewc,core50_nc,0,training,6,149679.438617638,149814.719354107,135.2807364689943,92702720,177303552,218103808,218103808,8589934592,0,2325893120,0,2105625600,0,2329333760,0,0.1,866,,
effectiveness_v3_20260918T043807Z_ed855c65,dev/core50_nc/plugin_cost/cost_core50_nc_gem_ewc/0,cost_core50_nc_gem_ewc,core50_nc,0,evaluation,6,149814.781591994,149822.697856189,7.916264195024269,92702720,136220672,218103808,218103808,8589934592,0,2330841088,0,2110573568,0,2332852224,0,0.1,50,,
effectiveness_v3_20260918T043807Z_ed855c65,dev/core50_nc/plugin_cost/cost_core50_nc_gem_ewc/0,cost_core50_nc_gem_ewc,core50_nc,0,resource_transition,7,149822.728848957,149822.729324874,0.0004759170114994049,92702720,92702720,218103808,218103808,8589934592,0,2330841088,0,2110573568,0,0,0,0.1,0,no_interval_samples,
effectiveness_v3_20260918T043807Z_ed855c65,dev/core50_nc/plugin_cost/cost_core50_nc_gem_ewc/0,cost_core50_nc_gem_ewc,core50_nc,0,training,7,149822.760030412,149965.357343412,142.59731300000567,95999488,181149696,220200960,220200960,8589934592,0,2328207360,0,2107940864,0,2330841088,0,0.1,916,,
effectiveness_v3_20260918T043807Z_ed855c65,dev/core50_nc/plugin_cost/cost_core50_nc_gem_ewc/0,cost_core50_nc_gem_ewc,core50_nc,0,evaluation,7,149965.429132967,149974.766995055,9.337862087995745,95999488,139517440,220200960,220200960,8589934592,0,2328518656,0,2108252160,0,2336309248,0,0.1,57,,
effectiveness_v3_20260918T043807Z_ed855c65,dev/core50_nc/plugin_cost/cost_core50_nc_gem_ewc/0,cost_core50_nc_gem_ewc,core50_nc,0,resource_transition,8,149974.817809415,149974.818279739,0.00047032401198521256,95999488,95999488,220200960,220200960,8589934592,0,2328518656,0,2108252160,0,0,0,0.1,0,no_interval_samples,
effectiveness_v3_20260918T043807Z_ed855c65,dev/core50_nc/plugin_cost/cost_core50_nc_gem_ewc/0,cost_core50_nc_gem_ewc,core50_nc,0,training,8,149974.852783285,150141.238793699,166.38601041401853,99296768,185281024,222298112,222298112,8589934592,0,2331193344,0,2110926848,0,2332413952,0,0.1,1071,,
effectiveness_v3_20260918T043807Z_ed855c65,dev/core50_nc/plugin_cost/cost_core50_nc_gem_ewc/0,cost_core50_nc_gem_ewc,core50_nc,0,evaluation,8,150141.311532043,150151.571486524,10.259954480978195,99296768,142814720,222298112,222298112,8589934592,0,2336063488,0,2115796992,0,2337988608,0,0.1,60,,
effectiveness_v3_20260918T045416Z_2e6c108f,dev/splitcifar100/s0_profile/s0_splitcifar100_rep0/0,s0_splitcifar100_rep0,splitcifar100,0,setup,,150166.74277211,150167.937111933,1.1943398229777813,1408512,1408512,2097152,2097152,8589934592,0,1535053824,0,1314847744,0,1529835520,0,0.1,8,,
effectiveness_v3_20260918T045416Z_2e6c108f,dev/splitcifar100/s0_profile/s0_splitcifar100_rep0/0,s0_splitcifar100_rep0,splitcifar100,0,resource_transition,0,150167.959576127,150167.960093293,0.0005171659868210554,1408512,1408512,2097152,2097152,8589934592,0,1535082496,0,1314860032,0,0,0,0.1,0,no_interval_samples,
effectiveness_v3_20260918T045416Z_2e6c108f,dev/splitcifar100/s0_profile/s0_splitcifar100_rep0/0,s0_splitcifar100_rep0,splitcifar100,0,training,0,150167.98212308,150173.409371498,5.427248418011004,70750720,95481344,117440512,117440512,8589934592,0,2206846976,0,1986612224,0,2209067008,0,0.1,35,,
effectiveness_v3_20260918T045416Z_2e6c108f,dev/splitcifar100/s0_profile/s0_splitcifar100_rep0/0,s0_splitcifar100_rep0,splitcifar100,0,evaluation,0,150173.476774055,150173.745926153,0.2691520980151836,70750720,114268672,159383552,159383552,8589934592,0,2260135936,0,2039901184,0,2258436096,0,0.1,1,,
effectiveness_v3_20260918T045416Z_2e6c108f,dev/splitcifar100/s0_profile/s0_splitcifar100_rep0/0,s0_splitcifar100_rep0,splitcifar100,0,resource_transition,1,150173.778673255,150173.779298644,0.0006253889878280461,70750720,70750720,159383552,159383552,8589934592,0,2260135936,0,2039901184,0,0,0,0.1,0,no_interval_samples,
effectiveness_v3_20260918T045416Z_2e6c108f,dev/splitcifar100/s0_profile/s0_splitcifar100_rep0/0,s0_splitcifar100_rep0,splitcifar100,0,training,1,150173.826179701,150179.990694217,6.164514516014606,70750720,121942528,159383552,159383552,8589934592,0,2256551936,0,2036317184,0,2261868544,0,0.1,38,,
effectiveness_v3_20260918T045416Z_2e6c108f,dev/splitcifar100/s0_profile/s0_splitcifar100_rep0/0,s0_splitcifar100_rep0,splitcifar100,0,evaluation,1,150180.080639497,150180.52505218,0.44441268299124204,70750720,114268672,159383552,159383552,8589934592,0,2261241856,0,2041007104,0,2262306816,0,0.1,2,,
effectiveness_v3_20260918T045416Z_2e6c108f,dev/splitcifar100/s0_profile/s0_splitcifar100_rep0/0,s0_splitcifar100_rep0,splitcifar100,0,resource_transition,2,150180.580373753,150180.580943633,0.0005698799795936793,70750720,70750720,159383552,159383552,8589934592,0,2261241856,0,2041007104,0,0,0,0.1,0,no_interval_samples,
effectiveness_v3_20260918T045416Z_2e6c108f,dev/splitcifar100/s0_profile/s0_splitcifar100_rep0/0,s0_splitcifar100_rep0,splitcifar100,0,training,2,150180.609156234,150186.66687008,6.0577138460066635,70750720,121942528,159383552,159383552,8589934592,0,2256654336,0,2036419584,0,2261676032,0,0.1,38,,
effectiveness_v3_20260918T045416Z_2e6c108f,dev/splitcifar100/s0_profile/s0_splitcifar100_rep0/0,s0_splitcifar100_rep0,splitcifar100,0,evaluation,2,150186.740541301,150187.436183228,0.6956419270136394,70750720,114268672,159383552,159383552,8589934592,0,2260815872,0,2040581120,0,2260836352,0,0.1,4,,
effectiveness_v3_20260918T045416Z_2e6c108f,dev/splitcifar100/s0_profile/s0_splitcifar100_rep0/0,s0_splitcifar100_rep0,splitcifar100,0,resource_transition,3,150187.47106121,150187.471676108,0.0006148979882709682,70750720,70750720,159383552,159383552,8589934592,0,2260815872,0,2040581120,0,0,0,0.1,0,no_interval_samples,
effectiveness_v3_20260918T045416Z_2e6c108f,dev/splitcifar100/s0_profile/s0_splitcifar100_rep0/0,s0_splitcifar100_rep0,splitcifar100,0,training,3,150187.510378128,150193.577437059,6.0670589309884235,70750720,121942528,159383552,159383552,8589934592,0,2256830464,0,2036595712,0,2257969152,0,0.1,37,,
effectiveness_v3_20260918T045416Z_2e6c108f,dev/splitcifar100/s0_profile/s0_splitcifar100_rep0/0,s0_splitcifar100_rep0,splitcifar100,0,evaluation,3,150193.678479922,150194.665267153,0.9867872309987433,70750720,114268672,159383552,159383552,8589934592,0,2260992000,0,2040757248,0,2261131264,0,0.1,6,,
effectiveness_v3_20260918T045416Z_2e6c108f,dev/splitcifar100/s0_profile/s0_splitcifar100_rep0/0,s0_splitcifar100_rep0,splitcifar100,0,resource_transition,4,150194.703486707,150194.704169939,0.0006832320068497211,70750720,70750720,159383552,159383552,8589934592,0,2260996096,0,2040761344,0,0,0,0.1,0,no_interval_samples,
effectiveness_v3_20260918T045416Z_2e6c108f,dev/splitcifar100/s0_profile/s0_splitcifar100_rep0/0,s0_splitcifar100_rep0,splitcifar100,0,training,4,150194.734069605,150201.063795542,6.329725936986506,70750720,121942528,159383552,159383552,8589934592,0,2256785408,0,2036550656,0,2260996096,0,0.1,38,,
effectiveness_v3_20260918T045416Z_2e6c108f,dev/splitcifar100/s0_profile/s0_splitcifar100_rep0/0,s0_splitcifar100_rep0,splitcifar100,0,evaluation,4,150201.129267516,150202.480314701,1.351047185016796,70750720,114268672,159383552,159383552,8589934592,0,2256711680,0,2036476928,0,2261024768,0,0.1,8,,
effectiveness_v3_20260918T045416Z_2e6c108f,dev/splitcifar100/s0_profile/s0_splitcifar100_rep0/0,s0_splitcifar100_rep0,splitcifar100,0,resource_transition,5,150202.520678922,150202.521359784,0.0006808619946241379,70750720,70750720,159383552,159383552,8589934592,0,2256715776,0,2036481024,0,0,0,0.1,0,no_interval_samples,
effectiveness_v3_20260918T045416Z_2e6c108f,dev/splitcifar100/s0_profile/s0_splitcifar100_rep0/0,s0_splitcifar100_rep0,splitcifar100,0,training,5,150202.550728533,150208.559606886,6.008878352993634,70750720,121942528,159383552,159383552,8589934592,0,2257674240,0,2037439488,0,2257772544,0,0.1,37,,
effectiveness_v3_20260918T045416Z_2e6c108f,dev/splitcifar100/s0_profile/s0_splitcifar100_rep0/0,s0_splitcifar100_rep0,splitcifar100,0,evaluation,5,150208.655846397,150210.204793995,1.5489475979993585,70750720,114268672,159383552,159383552,8589934592,0,2260996096,0,2040761344,0,2261012480,0,0.1,9,,
effectiveness_v3_20260918T045416Z_2e6c108f,dev/splitcifar100/s0_profile/s0_splitcifar100_rep0/0,s0_splitcifar100_rep0,splitcifar100,0,resource_transition,6,150210.242724967,150210.243471782,0.0007468149997293949,70750720,70750720,159383552,159383552,8589934592,0,2261000192,0,2040765440,0,0,0,0.1,0,no_interval_samples,
effectiveness_v3_20260918T045416Z_2e6c108f,dev/splitcifar100/s0_profile/s0_splitcifar100_rep0/0,s0_splitcifar100_rep0,splitcifar100,0,training,6,150210.295874088,150216.169870814,5.873996725975303,70750720,121942528,159383552,159383552,8589934592,0,2256871424,0,2036636672,0,2261368832,0,0.1,36,,
effectiveness_v3_20260918T045416Z_2e6c108f,dev/splitcifar100/s0_profile/s0_splitcifar100_rep0/0,s0_splitcifar100_rep0,splitcifar100,0,evaluation,6,150216.244926322,150217.94686585,1.7019395280221943,70750720,114268672,159383552,159383552,8589934592,0,2261094400,0,2040859648,0,2261237760,0,0.1,10,,
effectiveness_v3_20260918T045416Z_2e6c108f,dev/splitcifar100/s0_profile/s0_splitcifar100_rep0/0,s0_splitcifar100_rep0,splitcifar100,0,resource_transition,7,150217.983214692,150217.983847997,0.000633304996881634,70750720,70750720,159383552,159383552,8589934592,0,2261094400,0,2040859648,0,0,0,0.1,0,no_interval_samples,
effectiveness_v3_20260918T045416Z_2e6c108f,dev/splitcifar100/s0_profile/s0_splitcifar100_rep0/0,s0_splitcifar100_rep0,splitcifar100,0,training,7,150218.016562219,150223.893574578,5.877012358978391,70750720,121942528,159383552,159383552,8589934592,0,2257043456,0,2036808704,0,2261594112,0,0.1,36,,
effectiveness_v3_20260918T045416Z_2e6c108f,dev/splitcifar100/s0_profile/s0_splitcifar100_rep0/0,s0_splitcifar100_rep0,splitcifar100,0,evaluation,7,150223.960171959,150226.056741976,2.0965700169908814,70750720,114268672,159383552,159383552,8589934592,0,2261192704,0,2040957952,0,2261196800,0,0.1,12,,
effectiveness_v3_20260918T045416Z_2e6c108f,dev/splitcifar100/s0_profile/s0_splitcifar100_rep0/0,s0_splitcifar100_rep0,splitcifar100,0,resource_transition,8,150226.094211957,150226.094820846,0.0006088889786042273,70750720,70750720,159383552,159383552,8589934592,0,2261192704,0,2040957952,0,0,0,0.1,0,no_interval_samples,
effectiveness_v3_20260918T045416Z_2e6c108f,dev/splitcifar100/s0_profile/s0_splitcifar100_rep0/0,s0_splitcifar100_rep0,splitcifar100,0,training,8,150226.122982939,150232.084200702,5.9612177629896905,70750720,121942528,159383552,159383552,8589934592,0,2257039360,0,2036804608,0,2261561344,0,0.1,37,,
effectiveness_v3_20260918T045416Z_2e6c108f,dev/splitcifar100/s0_profile/s0_splitcifar100_rep0/0,s0_splitcifar100_rep0,splitcifar100,0,evaluation,8,150232.14593596,150234.571376705,2.425440744991647,70750720,114268672,159383552,159383552,8589934592,0,2256977920,0,2036743168,0,2261688320,0,0.1,15,,
effectiveness_v3_20260918T045416Z_2e6c108f,dev/splitcifar100/s0_profile/s0_splitcifar100_rep0/0,s0_splitcifar100_rep0,splitcifar100,0,resource_transition,9,150234.614361604,150234.615106808,0.0007452039862982929,70750720,70750720,159383552,159383552,8589934592,0,2256982016,0,2036747264,0,0,0,0.1,0,no_interval_samples,
effectiveness_v3_20260918T045416Z_2e6c108f,dev/splitcifar100/s0_profile/s0_splitcifar100_rep0/0,s0_splitcifar100_rep0,splitcifar100,0,training,9,150234.647138836,150240.600390114,5.953251277998788,70750720,121942528,159383552,159383552,8589934592,0,2257108992,0,2036874240,0,2258042880,0,0.1,37,,
effectiveness_v3_20260918T045416Z_2e6c108f,dev/splitcifar100/s0_profile/s0_splitcifar100_rep0/0,s0_splitcifar100_rep0,splitcifar100,0,evaluation,9,150240.664708363,150243.414012734,2.7493043709837366,70750720,114268672,159383552,159383552,8589934592,0,2257043456,0,2036808704,0,2261291008,0,0.1,17,,
effectiveness_v3_20260918T045539Z_46e01d7e,dev/splitcifar100/s0_profile/s0_splitcifar100_rep1/0,s0_splitcifar100_rep1,splitcifar100,0,setup,,150250.516252061,150251.704964588,1.1887125269859098,1408512,1408512,2097152,2097152,8589934592,0,1536954368,0,1316744192,0,1530048512,0,0.1,7,,
effectiveness_v3_20260918T045539Z_46e01d7e,dev/splitcifar100/s0_profile/s0_splitcifar100_rep1/0,s0_splitcifar100_rep1,splitcifar100,0,resource_transition,0,150251.729170227,150251.729614736,0.00044450900168158114,1408512,1408512,2097152,2097152,8589934592,0,1536978944,0,1316756480,0,0,0,0.1,0,no_interval_samples,
effectiveness_v3_20260918T045539Z_46e01d7e,dev/splitcifar100/s0_profile/s0_splitcifar100_rep1/0,s0_splitcifar100_rep1,splitcifar100,0,training,0,150251.750700422,150257.044157851,5.293457428982947,70750720,95481344,117440512,117440512,8589934592,0,2208788480,0,1988553728,0,2211000320,0,0.1,34,,
effectiveness_v3_20260918T045539Z_46e01d7e,dev/splitcifar100/s0_profile/s0_splitcifar100_rep1/0,s0_splitcifar100_rep1,splitcifar100,0,evaluation,0,150257.111380074,150257.378997597,0.26761752300080843,70750720,114268672,159383552,159383552,8589934592,0,2261749760,0,2041515008,0,2260307968,0,0.1,2,,
effectiveness_v3_20260918T045539Z_46e01d7e,dev/splitcifar100/s0_profile/s0_splitcifar100_rep1/0,s0_splitcifar100_rep1,splitcifar100,0,resource_transition,1,150257.411733986,150257.412290078,0.0005560920108109713,70750720,70750720,159383552,159383552,8589934592,0,2261749760,0,2041515008,0,0,0,0.1,0,no_interval_samples,
effectiveness_v3_20260918T045539Z_46e01d7e,dev/splitcifar100/s0_profile/s0_splitcifar100_rep1/0,s0_splitcifar100_rep1,splitcifar100,0,training,1,150257.440049957,150263.236958988,5.796909031021642,70750720,121942528,159383552,159383552,8589934592,0,2259259392,0,2039024640,0,2259148800,0,0.1,35,,
effectiveness_v3_20260918T045539Z_46e01d7e,dev/splitcifar100/s0_profile/s0_splitcifar100_rep1/0,s0_splitcifar100_rep1,splitcifar100,0,evaluation,1,150263.309931592,150263.738669882,0.428738290007459,70750720,114268672,159383552,159383552,8589934592,0,2264174592,0,2043939840,0,2264174592,0,0.1,2,,
effectiveness_v3_20260918T045539Z_46e01d7e,dev/splitcifar100/s0_profile/s0_splitcifar100_rep1/0,s0_splitcifar100_rep1,splitcifar100,0,resource_transition,2,150263.771381892,150263.771943781,0.0005618889990728348,70750720,70750720,159383552,159383552,8589934592,0,2264174592,0,2043939840,0,0,0,0.1,0,no_interval_samples,
effectiveness_v3_20260918T045539Z_46e01d7e,dev/splitcifar100/s0_profile/s0_splitcifar100_rep1/0,s0_splitcifar100_rep1,splitcifar100,0,training,2,150263.827377458,150269.518666405,5.691288947011344,70750720,121942528,159383552,159383552,8589934592,0,2258567168,0,2038332416,0,2264649728,0,0.1,35,,
effectiveness_v3_20260918T045539Z_46e01d7e,dev/splitcifar100/s0_profile/s0_splitcifar100_rep1/0,s0_splitcifar100_rep1,splitcifar100,0,evaluation,2,150269.585214277,150270.263399674,0.6781853970023803,70750720,114268672,159383552,159383552,8589934592,0,2263257088,0,2043022336,0,2264317952,0,0.1,4,,
effectiveness_v3_20260918T045539Z_46e01d7e,dev/splitcifar100/s0_profile/s0_splitcifar100_rep1/0,s0_splitcifar100_rep1,splitcifar100,0,resource_transition,3,150270.321283432,150270.321896247,0.0006128150271251798,70750720,70750720,159383552,159383552,8589934592,0,2263257088,0,2043022336,0,0,0,0.1,0,no_interval_samples,
effectiveness_v3_20260918T045539Z_46e01d7e,dev/splitcifar100/s0_profile/s0_splitcifar100_rep1/0,s0_splitcifar100_rep1,splitcifar100,0,training,3,150270.350696506,150276.215580979,5.864884473005077,70750720,121942528,159383552,159383552,8589934592,0,2258653184,0,2038418432,0,2263670784,0,0.1,36,,
effectiveness_v3_20260918T045539Z_46e01d7e,dev/splitcifar100/s0_profile/s0_splitcifar100_rep1/0,s0_splitcifar100_rep1,splitcifar100,0,evaluation,3,150276.305375246,150277.312760696,1.0073854499787558,70750720,114268672,159383552,159383552,8589934592,0,2262818816,0,2042584064,0,2262884352,0,0.1,6,,
effectiveness_v3_20260918T045539Z_46e01d7e,dev/splitcifar100/s0_profile/s0_splitcifar100_rep1/0,s0_splitcifar100_rep1,splitcifar100,0,resource_transition,4,150277.346747427,150277.347406593,0.0006591660203412175,70750720,70750720,159383552,159383552,8589934592,0,2262822912,0,2042588160,0,0,0,0.1,0,no_interval_samples,
effectiveness_v3_20260918T045539Z_46e01d7e,dev/splitcifar100/s0_profile/s0_splitcifar100_rep1/0,s0_splitcifar100_rep1,splitcifar100,0,training,4,150277.375195538,150283.27615973,5.900964191998355,70750720,121942528,159383552,159383552,8589934592,0,2258739200,0,2038504448,0,2262835200,0,0.1,35,,
effectiveness_v3_20260918T045539Z_46e01d7e,dev/splitcifar100/s0_profile/s0_splitcifar100_rep1/0,s0_splitcifar100_rep1,splitcifar100,0,evaluation,4,150283.338444454,150284.495777693,1.1573332389816642,70750720,114268672,159383552,159383552,8589934592,0,2262896640,0,2042661888,0,2262917120,0,0.1,7,,
effectiveness_v3_20260918T045539Z_46e01d7e,dev/splitcifar100/s0_profile/s0_splitcifar100_rep1/0,s0_splitcifar100_rep1,splitcifar100,0,resource_transition,5,150284.529360092,150284.529962324,0.0006022320012561977,70750720,70750720,159383552,159383552,8589934592,0,2262900736,0,2042665984,0,0,0,0.1,0,no_interval_samples,
effectiveness_v3_20260918T045539Z_46e01d7e,dev/splitcifar100/s0_profile/s0_splitcifar100_rep1/0,s0_splitcifar100_rep1,splitcifar100,0,training,5,150284.557510315,150290.651757293,6.094246977998409,70750720,121942528,159383552,159383552,8589934592,0,2258796544,0,2038561792,0,2262917120,0,0.1,38,,
effectiveness_v3_20260918T045539Z_46e01d7e,dev/splitcifar100/s0_profile/s0_splitcifar100_rep1/0,s0_splitcifar100_rep1,splitcifar100,0,evaluation,5,150290.71336269,150292.272255711,1.5588930209924001,70750720,114268672,159383552,159383552,8589934592,0,2258673664,0,2038438912,0,2262978560,0,0.1,10,,
effectiveness_v3_20260918T045539Z_46e01d7e,dev/splitcifar100/s0_profile/s0_splitcifar100_rep1/0,s0_splitcifar100_rep1,splitcifar100,0,resource_transition,6,150292.307133877,150292.307844229,0.000710352003807202,70750720,70750720,159383552,159383552,8589934592,0,2258677760,0,2038443008,0,0,0,0.1,0,no_interval_samples,
effectiveness_v3_20260918T045539Z_46e01d7e,dev/splitcifar100/s0_profile/s0_splitcifar100_rep1/0,s0_splitcifar100_rep1,splitcifar100,0,training,6,150292.335149812,150298.497238137,6.162088325014338,70750720,121942528,159383552,159383552,8589934592,0,2258870272,0,2038635520,0,2259718144,0,0.1,38,,
effectiveness_v3_20260918T045539Z_46e01d7e,dev/splitcifar100/s0_profile/s0_splitcifar100_rep1/0,s0_splitcifar100_rep1,splitcifar100,0,evaluation,6,150298.580292663,150300.298807561,1.718514897977002,70750720,114268672,159383552,159383552,8589934592,0,2263093248,0,2042858496,0,2263240704,0,0.1,10,,
effectiveness_v3_20260918T045539Z_46e01d7e,dev/splitcifar100/s0_profile/s0_splitcifar100_rep1/0,s0_splitcifar100_rep1,splitcifar100,0,resource_transition,7,150300.333587783,150300.334243394,0.0006556109874509275,70750720,70750720,159383552,159383552,8589934592,0,2263093248,0,2042858496,0,0,0,0.1,0,no_interval_samples,
effectiveness_v3_20260918T045539Z_46e01d7e,dev/splitcifar100/s0_profile/s0_splitcifar100_rep1/0,s0_splitcifar100_rep1,splitcifar100,0,training,7,150300.362684125,150306.393465341,6.030781216017203,70750720,121942528,159383552,159383552,8589934592,0,2258911232,0,2038676480,0,2263470080,0,0.1,37,,
effectiveness_v3_20260918T045539Z_46e01d7e,dev/splitcifar100/s0_profile/s0_splitcifar100_rep1/0,s0_splitcifar100_rep1,splitcifar100,0,evaluation,7,150306.477101831,150308.608137092,2.1310352610016707,70750720,114268672,159383552,159383552,8589934592,0,2263072768,0,2042838016,0,2263072768,0,0.1,13,,
effectiveness_v3_20260918T045539Z_46e01d7e,dev/splitcifar100/s0_profile/s0_splitcifar100_rep1/0,s0_splitcifar100_rep1,splitcifar100,0,resource_transition,8,150308.650948147,150308.65172823,0.0007800830062478781,70750720,70750720,159383552,159383552,8589934592,0,2263072768,0,2042838016,0,0,0,0.1,0,no_interval_samples,
effectiveness_v3_20260918T045539Z_46e01d7e,dev/splitcifar100/s0_profile/s0_splitcifar100_rep1/0,s0_splitcifar100_rep1,splitcifar100,0,training,8,150308.685269044,150314.75298896,6.067719915998168,70750720,121942528,159383552,159383552,8589934592,0,2259009536,0,2038774784,0,2263072768,0,0.1,37,,
effectiveness_v3_20260918T045539Z_46e01d7e,dev/splitcifar100/s0_profile/s0_splitcifar100_rep1/0,s0_splitcifar100_rep1,splitcifar100,0,evaluation,8,150314.83421248,150317.331001897,2.496789416996762,70750720,114268672,159383552,159383552,8589934592,0,2258948096,0,2038713344,0,2263654400,0,0.1,15,,
effectiveness_v3_20260918T045539Z_46e01d7e,dev/splitcifar100/s0_profile/s0_splitcifar100_rep1/0,s0_splitcifar100_rep1,splitcifar100,0,resource_transition,9,150317.371267545,150317.371934452,0.0006669069989584386,70750720,70750720,159383552,159383552,8589934592,0,2258952192,0,2038717440,0,0,0,0.1,0,no_interval_samples,
effectiveness_v3_20260918T045539Z_46e01d7e,dev/splitcifar100/s0_profile/s0_splitcifar100_rep1/0,s0_splitcifar100_rep1,splitcifar100,0,training,9,150317.402681998,150322.373519176,4.970837177999783,70750720,121942528,159383552,159383552,8589934592,0,2259857408,0,2039622656,0,2259959808,0,0.1,30,,
effectiveness_v3_20260918T045539Z_46e01d7e,dev/splitcifar100/s0_profile/s0_splitcifar100_rep1/0,s0_splitcifar100_rep1,splitcifar100,0,evaluation,9,150322.431442203,150324.813817886,2.382375682995189,70750720,114268672,159383552,159383552,8589934592,0,2263183360,0,2042948608,0,2263199744,0,0.1,14,,
effectiveness_v3_20260918T045709Z_0b11e29d,dev/splitcifar100/plugin_cost/cost_splitcifar100_b64/0,cost_splitcifar100_b64,splitcifar100,0,setup,,150339.730893318,150340.929177162,1.1982838440162595,1408512,1408512,2097152,2097152,8589934592,0,1535057920,0,1314853888,0,1531322368,0,0.1,9,,
effectiveness_v3_20260918T045709Z_0b11e29d,dev/splitcifar100/plugin_cost/cost_splitcifar100_b64/0,cost_splitcifar100_b64,splitcifar100,0,resource_transition,0,150340.952954209,150340.953396329,0.0004421199846547097,1408512,1408512,2097152,2097152,8589934592,0,1535086592,0,1314866176,0,0,0,0.1,0,no_interval_samples,
effectiveness_v3_20260918T045709Z_0b11e29d,dev/splitcifar100/plugin_cost/cost_splitcifar100_b64/0,cost_splitcifar100_b64,splitcifar100,0,training,0,150340.972700478,150343.15056018,2.1778597019729204,70750720,182941184,264241152,264241152,8589934592,0,2288996352,0,2068763648,0,2286227456,0,0.1,15,,
effectiveness_v3_20260918T045709Z_0b11e29d,dev/splitcifar100/plugin_cost/cost_splitcifar100_b64/0,cost_splitcifar100_b64,splitcifar100,0,evaluation,0,150343.231272821,150343.415361091,0.18408827000530437,70750720,114268672,264241152,264241152,8589934592,0,2343219200,0,2122986496,0,2341187584,0,0.1,1,,
effectiveness_v3_20260918T045709Z_0b11e29d,dev/splitcifar100/plugin_cost/cost_splitcifar100_b64/0,cost_splitcifar100_b64,splitcifar100,0,resource_transition,1,150343.444508239,150343.44502123,0.0005129910132382065,70750720,70750720,264241152,264241152,8589934592,0,2343223296,0,2122990592,0,0,0,0.1,0,no_interval_samples,
effectiveness_v3_20260918T045709Z_0b11e29d,dev/splitcifar100/plugin_cost/cost_splitcifar100_b64/0,cost_splitcifar100_b64,splitcifar100,0,training,1,150343.474041118,150345.743146998,2.269105879997369,70750720,357043200,396361728,396361728,8589934592,0,2347515904,0,2127283200,0,2351841280,0,0.1,15,,
effectiveness_v3_20260918T045709Z_0b11e29d,dev/splitcifar100/plugin_cost/cost_splitcifar100_b64/0,cost_splitcifar100_b64,splitcifar100,0,evaluation,1,150345.7922287,150346.109876478,0.3176477779925335,70750720,114268672,396361728,396361728,8589934592,0,2351882240,0,2131649536,0,2351878144,0,0.1,2,,
effectiveness_v3_20260918T045709Z_0b11e29d,dev/splitcifar100/plugin_cost/cost_splitcifar100_b64/0,cost_splitcifar100_b64,splitcifar100,0,resource_transition,2,150346.137257738,150346.137696719,0.0004389809910207987,70750720,70750720,396361728,396361728,8589934592,0,2351882240,0,2131649536,0,0,0,0.1,0,no_interval_samples,
effectiveness_v3_20260918T045709Z_0b11e29d,dev/splitcifar100/plugin_cost/cost_splitcifar100_b64/0,cost_splitcifar100_b64,splitcifar100,0,training,2,150346.162778599,150348.277683384,2.1149047849758063,70750720,357043200,396361728,396361728,8589934592,0,2347589632,0,2127356928,0,2352541696,0,0.1,14,,
effectiveness_v3_20260918T045709Z_0b11e29d,dev/splitcifar100/plugin_cost/cost_splitcifar100_b64/0,cost_splitcifar100_b64,splitcifar100,0,evaluation,2,150348.325777014,150348.798616978,0.472839964000741,70750720,114268672,396361728,396361728,8589934592,0,2351980544,0,2131747840,0,2351980544,0,0.1,3,,
effectiveness_v3_20260918T045709Z_0b11e29d,dev/splitcifar100/plugin_cost/cost_splitcifar100_b64/0,cost_splitcifar100_b64,splitcifar100,0,resource_transition,3,150348.82482946,150348.825378729,0.000549268996110186,70750720,70750720,396361728,396361728,8589934592,0,2351980544,0,2131747840,0,0,0,0.1,0,no_interval_samples,
effectiveness_v3_20260918T045709Z_0b11e29d,dev/splitcifar100/plugin_cost/cost_splitcifar100_b64/0,cost_splitcifar100_b64,splitcifar100,0,training,3,150348.867224091,150351.143010249,2.2757861580175813,70750720,357043200,396361728,396361728,8589934592,0,2349875200,0,2129642496,0,2352791552,0,0.1,14,,
effectiveness_v3_20260918T045709Z_0b11e29d,dev/splitcifar100/plugin_cost/cost_splitcifar100_b64/0,cost_splitcifar100_b64,splitcifar100,0,evaluation,3,150351.195634445,150351.955864766,0.760230321000563,70750720,114268672,396361728,396361728,8589934592,0,2350862336,0,2130629632,0,2352250880,0,0.1,5,,
effectiveness_v3_20260918T045709Z_0b11e29d,dev/splitcifar100/plugin_cost/cost_splitcifar100_b64/0,cost_splitcifar100_b64,splitcifar100,0,resource_transition,4,150351.987637655,150351.988183673,0.0005460180109366775,70750720,70750720,396361728,396361728,8589934592,0,2350866432,0,2130633728,0,0,0,0.1,0,no_interval_samples,
effectiveness_v3_20260918T045709Z_0b11e29d,dev/splitcifar100/plugin_cost/cost_splitcifar100_b64/0,cost_splitcifar100_b64,splitcifar100,0,training,4,150352.014894275,150354.602555825,2.5876615500019398,70750720,357043200,396361728,396361728,8589934592,0,2349359104,0,2129126400,0,2350886912,0,0.1,14,,
effectiveness_v3_20260918T045709Z_0b11e29d,dev/splitcifar100/plugin_cost/cost_splitcifar100_b64/0,cost_splitcifar100_b64,splitcifar100,0,evaluation,4,150354.679581398,150355.696607116,1.0170257179997861,70750720,114268672,396361728,396361728,8589934592,0,2351325184,0,2131092480,0,2351849472,0,0.1,6,,
effectiveness_v3_20260918T045709Z_0b11e29d,dev/splitcifar100/plugin_cost/cost_splitcifar100_b64/0,cost_splitcifar100_b64,splitcifar100,0,resource_transition,5,150355.730067209,150355.730618598,0.0005513890064321458,70750720,70750720,396361728,396361728,8589934592,0,2351329280,0,2131096576,0,0,0,0.1,0,no_interval_samples,
effectiveness_v3_20260918T045709Z_0b11e29d,dev/splitcifar100/plugin_cost/cost_splitcifar100_b64/0,cost_splitcifar100_b64,splitcifar100,0,training,5,150355.759496488,150358.123072813,2.3635763250058517,70750720,357043200,396361728,396361728,8589934592,0,2347732992,0,2127500288,0,2351214592,0,0.1,14,,
effectiveness_v3_20260918T045709Z_0b11e29d,dev/splitcifar100/plugin_cost/cost_splitcifar100_b64/0,cost_splitcifar100_b64,splitcifar100,0,evaluation,5,150358.178409404,150359.418933837,1.240524433000246,70750720,114268672,396361728,396361728,8589934592,0,2350403584,0,2130170880,0,2352013312,0,0.1,8,,
effectiveness_v3_20260918T045709Z_0b11e29d,dev/splitcifar100/plugin_cost/cost_splitcifar100_b64/0,cost_splitcifar100_b64,splitcifar100,0,resource_transition,6,150359.451925522,150359.4524958,0.0005702780035790056,70750720,70750720,396361728,396361728,8589934592,0,2350403584,0,2130170880,0,0,0,0.1,0,no_interval_samples,
effectiveness_v3_20260918T045709Z_0b11e29d,dev/splitcifar100/plugin_cost/cost_splitcifar100_b64/0,cost_splitcifar100_b64,splitcifar100,0,training,6,150359.479907809,150361.940459406,2.4605515970033593,70750720,357043200,396361728,396361728,8589934592,0,2349957120,0,2129724416,0,2350854144,0,0.1,15,,
effectiveness_v3_20260918T045709Z_0b11e29d,dev/splitcifar100/plugin_cost/cost_splitcifar100_b64/0,cost_splitcifar100_b64,splitcifar100,0,evaluation,6,150361.991907722,150363.446250331,1.4543426090094727,70750720,114268672,396361728,396361728,8589934592,0,2350952448,0,2130719744,0,2351697920,0,0.1,9,,
effectiveness_v3_20260918T045709Z_0b11e29d,dev/splitcifar100/plugin_cost/cost_splitcifar100_b64/0,cost_splitcifar100_b64,splitcifar100,0,resource_transition,7,150363.479719693,150363.480315109,0.0005954160005785525,70750720,70750720,396361728,396361728,8589934592,0,2350952448,0,2130719744,0,0,0,0.1,0,no_interval_samples,
effectiveness_v3_20260918T045709Z_0b11e29d,dev/splitcifar100/plugin_cost/cost_splitcifar100_b64/0,cost_splitcifar100_b64,splitcifar100,0,training,7,150363.507994397,150365.942223758,2.434229361009784,70750720,357043200,396361728,396361728,8589934592,0,2347819008,0,2127586304,0,2350952448,0,0.1,15,,
effectiveness_v3_20260918T045709Z_0b11e29d,dev/splitcifar100/plugin_cost/cost_splitcifar100_b64/0,cost_splitcifar100_b64,splitcifar100,0,evaluation,7,150365.988788768,150367.462978738,1.474189970002044,70750720,114268672,396361728,396361728,8589934592,0,2351300608,0,2131067904,0,2351300608,0,0.1,11,,
effectiveness_v3_20260918T045709Z_0b11e29d,dev/splitcifar100/plugin_cost/cost_splitcifar100_b64/0,cost_splitcifar100_b64,splitcifar100,0,resource_transition,8,150367.495372498,150367.495886072,0.0005135739920660853,70750720,70750720,396361728,396361728,8589934592,0,2351300608,0,2131067904,0,0,0,0.1,0,no_interval_samples,
effectiveness_v3_20260918T045709Z_0b11e29d,dev/splitcifar100/plugin_cost/cost_splitcifar100_b64/0,cost_splitcifar100_b64,splitcifar100,0,training,8,150367.523211249,150369.934276481,2.4110652320086956,70750720,357043200,396361728,396361728,8589934592,0,2347831296,0,2127598592,0,2351304704,0,0.1,15,,
effectiveness_v3_20260918T045709Z_0b11e29d,dev/splitcifar100/plugin_cost/cost_splitcifar100_b64/0,cost_splitcifar100_b64,splitcifar100,0,evaluation,8,150369.984203915,150371.999373351,2.015169435995631,70750720,114268672,396361728,396361728,8589934592,0,2346213376,0,2125980672,0,2353762304,0,0.1,12,,
effectiveness_v3_20260918T045709Z_0b11e29d,dev/splitcifar100/plugin_cost/cost_splitcifar100_b64/0,cost_splitcifar100_b64,splitcifar100,0,resource_transition,9,150372.049357796,150372.050064241,0.0007064449891913682,70750720,70750720,396361728,396361728,8589934592,0,2346217472,0,2125984768,0,0,0,0.1,0,no_interval_samples,
effectiveness_v3_20260918T045709Z_0b11e29d,dev/splitcifar100/plugin_cost/cost_splitcifar100_b64/0,cost_splitcifar100_b64,splitcifar100,0,training,9,150372.081253695,150374.523118878,2.4418651829764713,70750720,357043200,396361728,396361728,8589934592,0,2347810816,0,2127578112,0,2350936064,0,0.1,14,,
effectiveness_v3_20260918T045709Z_0b11e29d,dev/splitcifar100/plugin_cost/cost_splitcifar100_b64/0,cost_splitcifar100_b64,splitcifar100,0,evaluation,9,150374.587382367,150376.782644859,2.1952624919940718,70750720,114268672,396361728,396361728,8589934592,0,2351128576,0,2130895872,0,2351472640,0,0.1,13,,
effectiveness_v3_20260918T045753Z_531aff64,dev/splitcifar100/plugin_cost/cost_splitcifar100_b256/0,cost_splitcifar100_b256,splitcifar100,0,setup,,150384.077942378,150385.261846665,1.1839042869978584,1408512,1408512,2097152,2097152,8589934592,0,1535049728,0,1314845696,0,1528164352,0,0.1,7,,
effectiveness_v3_20260918T045753Z_531aff64,dev/splitcifar100/plugin_cost/cost_splitcifar100_b256/0,cost_splitcifar100_b256,splitcifar100,0,resource_transition,0,150385.284236239,150385.284700146,0.0004639069957192987,1408512,1408512,2097152,2097152,8589934592,0,1535078400,0,1314857984,0,0,0,0.1,0,no_interval_samples,
effectiveness_v3_20260918T045753Z_531aff64,dev/splitcifar100/plugin_cost/cost_splitcifar100_b256/0,cost_splitcifar100_b256,splitcifar100,0,training,0,150385.306839813,150386.987607683,1.6807678699842654,70750720,625531904,679477248,679477248,8589934592,0,2202828800,0,1982596096,0,2209894400,0,0.1,11,,
effectiveness_v3_20260918T045753Z_531aff64,dev/splitcifar100/plugin_cost/cost_splitcifar100_b256/0,cost_splitcifar100_b256,splitcifar100,0,evaluation,0,150387.038286358,150387.234014197,0.1957278389891144,70750720,114268672,679477248,679477248,8589934592,0,2253348864,0,2033116160,0,2252423168,0,0.1,1,,
effectiveness_v3_20260918T045753Z_531aff64,dev/splitcifar100/plugin_cost/cost_splitcifar100_b256/0,cost_splitcifar100_b256,splitcifar100,0,resource_transition,1,150387.260667004,150387.261116309,0.00044930499279871583,70750720,70750720,679477248,679477248,8589934592,0,2253348864,0,2033116160,0,0,0,0.1,0,no_interval_samples,
effectiveness_v3_20260918T045753Z_531aff64,dev/splitcifar100/plugin_cost/cost_splitcifar100_b256/0,cost_splitcifar100_b256,splitcifar100,0,training,1,150387.304308255,150389.251324998,1.9470167430117726,70750720,1042916864,1411383296,1411383296,8589934592,0,2259075072,0,2038842368,0,2266161152,0,0.1,12,,
effectiveness_v3_20260918T045753Z_531aff64,dev/splitcifar100/plugin_cost/cost_splitcifar100_b256/0,cost_splitcifar100_b256,splitcifar100,0,evaluation,1,150389.310398108,150389.712822046,0.4024239380087238,70750720,114268672,1411383296,1411383296,8589934592,0,2260307968,0,2040075264,0,2260307968,0,0.1,2,,
effectiveness_v3_20260918T045753Z_531aff64,dev/splitcifar100/plugin_cost/cost_splitcifar100_b256/0,cost_splitcifar100_b256,splitcifar100,0,resource_transition,2,150389.751860166,150389.752399981,0.000539814995136112,70750720,70750720,1411383296,1411383296,8589934592,0,2260307968,0,2040075264,0,0,0,0.1,0,no_interval_samples,
effectiveness_v3_20260918T045753Z_531aff64,dev/splitcifar100/plugin_cost/cost_splitcifar100_b256/0,cost_splitcifar100_b256,splitcifar100,0,training,2,150389.778172406,150391.707648365,1.929475959012052,70750720,1042916864,1411383296,1411383296,8589934592,0,2259144704,0,2038912000,0,2266431488,0,0.1,11,,
effectiveness_v3_20260918T045753Z_531aff64,dev/splitcifar100/plugin_cost/cost_splitcifar100_b256/0,cost_splitcifar100_b256,splitcifar100,0,evaluation,2,150391.759909125,150392.341967804,0.5820586790214293,70750720,114268672,1411383296,1411383296,8589934592,0,2260107264,0,2039874560,0,2260107264,0,0.1,3,,
effectiveness_v3_20260918T045753Z_531aff64,dev/splitcifar100/plugin_cost/cost_splitcifar100_b256/0,cost_splitcifar100_b256,splitcifar100,0,resource_transition,3,150392.370455823,150392.370909675,0.00045385200064629316,70750720,70750720,1411383296,1411383296,8589934592,0,2260107264,0,2039874560,0,0,0,0.1,0,no_interval_samples,
effectiveness_v3_20260918T045753Z_531aff64,dev/splitcifar100/plugin_cost/cost_splitcifar100_b256/0,cost_splitcifar100_b256,splitcifar100,0,training,3,150392.394031073,150394.305656453,1.9116253800166305,70750720,1042916864,1411383296,1411383296,8589934592,0,2259288064,0,2039055360,0,2267357184,0,0.1,11,,
effectiveness_v3_20260918T045753Z_531aff64,dev/splitcifar100/plugin_cost/cost_splitcifar100_b256/0,cost_splitcifar100_b256,splitcifar100,0,evaluation,3,150394.361766072,150395.154136024,0.792369952017907,70750720,114268672,1411383296,1411383296,8589934592,0,2253656064,0,2033423360,0,2259984384,0,0.1,5,,
effectiveness_v3_20260918T045753Z_531aff64,dev/splitcifar100/plugin_cost/cost_splitcifar100_b256/0,cost_splitcifar100_b256,splitcifar100,0,resource_transition,4,150395.179421533,150395.1799607,0.0005391670274548233,70750720,70750720,1411383296,1411383296,8589934592,0,2253660160,0,2033427456,0,0,0,0.1,0,no_interval_samples,
effectiveness_v3_20260918T045753Z_531aff64,dev/splitcifar100/plugin_cost/cost_splitcifar100_b256/0,cost_splitcifar100_b256,splitcifar100,0,training,4,150395.204470052,150397.161067452,1.956597399985185,70750720,1042916864,1411383296,1411383296,8589934592,0,2259324928,0,2039092224,0,2267365376,0,0.1,12,,
effectiveness_v3_20260918T045753Z_531aff64,dev/splitcifar100/plugin_cost/cost_splitcifar100_b256/0,cost_splitcifar100_b256,splitcifar100,0,evaluation,4,150397.209393535,150398.163021898,0.9536283630004618,70750720,114268672,1411383296,1411383296,8589934592,0,2260336640,0,2040103936,0,2260336640,0,0.1,6,,
effectiveness_v3_20260918T045753Z_531aff64,dev/splitcifar100/plugin_cost/cost_splitcifar100_b256/0,cost_splitcifar100_b256,splitcifar100,0,resource_transition,5,150398.193480555,150398.193990666,0.00051011101459153,70750720,70750720,1411383296,1411383296,8589934592,0,2260340736,0,2040108032,0,0,0,0.1,0,no_interval_samples,
effectiveness_v3_20260918T045753Z_531aff64,dev/splitcifar100/plugin_cost/cost_splitcifar100_b256/0,cost_splitcifar100_b256,splitcifar100,0,training,5,150398.22038711,150400.416820305,2.1964331950002816,70750720,1042916864,1411383296,1411383296,8589934592,0,2259292160,0,2039059456,0,2267475968,0,0.1,12,,
effectiveness_v3_20260918T045753Z_531aff64,dev/splitcifar100/plugin_cost/cost_splitcifar100_b256/0,cost_splitcifar100_b256,splitcifar100,0,evaluation,5,150400.463596277,150401.629509674,1.1659133970097173,70750720,114268672,1411383296,1411383296,8589934592,0,2260414464,0,2040181760,0,2260414464,0,0.1,7,,
effectiveness_v3_20260918T045753Z_531aff64,dev/splitcifar100/plugin_cost/cost_splitcifar100_b256/0,cost_splitcifar100_b256,splitcifar100,0,resource_transition,6,150401.661768202,150401.662286109,0.0005179069994483143,70750720,70750720,1411383296,1411383296,8589934592,0,2260418560,0,2040185856,0,0,0,0.1,0,no_interval_samples,
effectiveness_v3_20260918T045753Z_531aff64,dev/splitcifar100/plugin_cost/cost_splitcifar100_b256/0,cost_splitcifar100_b256,splitcifar100,0,training,6,150401.689504757,150403.639942124,1.9504373669915367,70750720,1042916864,1411383296,1411383296,8589934592,0,2259546112,0,2039313408,0,2267598848,0,0.1,12,,
effectiveness_v3_20260918T045753Z_531aff64,dev/splitcifar100/plugin_cost/cost_splitcifar100_b256/0,cost_splitcifar100_b256,splitcifar100,0,evaluation,6,150403.698105273,150405.213832106,1.5157268329930957,70750720,114268672,1411383296,1411383296,8589934592,0,2254442496,0,2034209792,0,2254598144,0,0.1,9,,
effectiveness_v3_20260918T045753Z_531aff64,dev/splitcifar100/plugin_cost/cost_splitcifar100_b256/0,cost_splitcifar100_b256,splitcifar100,0,resource_transition,7,150405.24871494,150405.249294773,0.0005798329948447645,70750720,70750720,1411383296,1411383296,8589934592,0,2254442496,0,2034209792,0,0,0,0.1,0,no_interval_samples,
effectiveness_v3_20260918T045753Z_531aff64,dev/splitcifar100/plugin_cost/cost_splitcifar100_b256/0,cost_splitcifar100_b256,splitcifar100,0,training,7,150405.278210968,150407.274743721,1.9965327529935166,70750720,1042916864,1411383296,1411383296,8589934592,0,2259496960,0,2039264256,0,2267516928,0,0.1,11,,
effectiveness_v3_20260918T045753Z_531aff64,dev/splitcifar100/plugin_cost/cost_splitcifar100_b256/0,cost_splitcifar100_b256,splitcifar100,0,evaluation,7,150407.323254164,150408.964150878,1.6408967140014283,70750720,114268672,1411383296,1411383296,8589934592,0,2254467072,0,2034234368,0,2260504576,0,0.1,10,,
effectiveness_v3_20260918T045753Z_531aff64,dev/splitcifar100/plugin_cost/cost_splitcifar100_b256/0,cost_splitcifar100_b256,splitcifar100,0,resource_transition,8,150408.997967813,150408.998530017,0.0005622040189336985,70750720,70750720,1411383296,1411383296,8589934592,0,2254467072,0,2034234368,0,0,0,0.1,0,no_interval_samples,
effectiveness_v3_20260918T045753Z_531aff64,dev/splitcifar100/plugin_cost/cost_splitcifar100_b256/0,cost_splitcifar100_b256,splitcifar100,0,training,8,150409.026873405,150411.026107601,1.9992341960023623,70750720,1042916864,1411383296,1411383296,8589934592,0,2259513344,0,2039280640,0,2267619328,0,0.1,12,,
effectiveness_v3_20260918T045753Z_531aff64,dev/splitcifar100/plugin_cost/cost_splitcifar100_b256/0,cost_splitcifar100_b256,splitcifar100,0,evaluation,8,150411.082812945,150413.087706357,2.004893411998637,70750720,114268672,1411383296,1411383296,8589934592,0,2255011840,0,2034779136,0,2260541440,0,0.1,12,,
effectiveness_v3_20260918T045753Z_531aff64,dev/splitcifar100/plugin_cost/cost_splitcifar100_b256/0,cost_splitcifar100_b256,splitcifar100,0,resource_transition,9,150413.124450773,150413.12504743,0.0005966569879092276,70750720,70750720,1411383296,1411383296,8589934592,0,2255015936,0,2034783232,0,0,0,0.1,0,no_interval_samples,
effectiveness_v3_20260918T045753Z_531aff64,dev/splitcifar100/plugin_cost/cost_splitcifar100_b256/0,cost_splitcifar100_b256,splitcifar100,0,training,9,150413.154385254,150415.183303693,2.0289184389985166,70750720,1042916864,1411383296,1411383296,8589934592,0,2259570688,0,2039337984,0,2267701248,0,0.1,11,,
effectiveness_v3_20260918T045753Z_531aff64,dev/splitcifar100/plugin_cost/cost_splitcifar100_b256/0,cost_splitcifar100_b256,splitcifar100,0,evaluation,9,150415.230357517,150417.463001378,2.232643861003453,70750720,114268672,1411383296,1411383296,8589934592,0,2256551936,0,2036319232,0,2261614592,0,0.1,13,,
effectiveness_v3_20260918T045833Z_3ea4231e,dev/splitcifar100/plugin_cost/cost_splitcifar100_gem/0,cost_splitcifar100_gem,splitcifar100,0,setup,,150424.542789237,150425.731255377,1.1884661400108598,1408512,1408512,2097152,2097152,8589934592,0,1536991232,0,1316783104,0,1530093568,0,0.1,7,,
effectiveness_v3_20260918T045833Z_3ea4231e,dev/splitcifar100/plugin_cost/cost_splitcifar100_gem/0,cost_splitcifar100_gem,splitcifar100,0,resource_transition,0,150425.754042656,150425.754505146,0.0004624900175258517,1408512,1408512,2097152,2097152,8589934592,0,1537024000,0,1316795392,0,0,0,0.1,0,no_interval_samples,
effectiveness_v3_20260918T045833Z_3ea4231e,dev/splitcifar100/plugin_cost/cost_splitcifar100_gem/0,cost_splitcifar100_gem,splitcifar100,0,training,0,150425.774235267,150431.091911266,5.317675999016501,70750720,95481344,117440512,117440512,8589934592,0,2209656832,0,1989424128,0,2210996224,0,0.1,34,,
effectiveness_v3_20260918T045833Z_3ea4231e,dev/splitcifar100/plugin_cost/cost_splitcifar100_gem/0,cost_splitcifar100_gem,splitcifar100,0,evaluation,0,150431.156928876,150431.375298744,0.2183698680019006,70750720,114268672,159383552,159383552,8589934592,0,2265120768,0,2044888064,0,2263257088,0,0.1,1,,
effectiveness_v3_20260918T045833Z_3ea4231e,dev/splitcifar100/plugin_cost/cost_splitcifar100_gem/0,cost_splitcifar100_gem,splitcifar100,0,resource_transition,1,150431.406064189,150431.406549457,0.0004852679849136621,70750720,70750720,159383552,159383552,8589934592,0,2265120768,0,2044888064,0,0,0,0.1,0,no_interval_samples,
effectiveness_v3_20260918T045833Z_3ea4231e,dev/splitcifar100/plugin_cost/cost_splitcifar100_gem/0,cost_splitcifar100_gem,splitcifar100,0,training,1,150431.432389004,150440.365796614,8.933407609991264,71853056,153179136,180355072,180355072,8589934592,0,2293985280,0,2073708544,0,2300354560,0,0.1,59,,
effectiveness_v3_20260918T045833Z_3ea4231e,dev/splitcifar100/plugin_cost/cost_splitcifar100_gem/0,cost_splitcifar100_gem,splitcifar100,0,evaluation,1,150440.431588514,150440.832166495,0.4005779809958767,71853056,116890112,180355072,180355072,8589934592,0,2297692160,0,2077415424,0,2299445248,0,0.1,2,,
effectiveness_v3_20260918T045833Z_3ea4231e,dev/splitcifar100/plugin_cost/cost_splitcifar100_gem/0,cost_splitcifar100_gem,splitcifar100,0,resource_transition,2,150440.863807254,150440.864340837,0.0005335829919204116,71853056,71853056,180355072,180355072,8589934592,0,2297692160,0,2077415424,0,0,0,0.1,0,no_interval_samples,
effectiveness_v3_20260918T045833Z_3ea4231e,dev/splitcifar100/plugin_cost/cost_splitcifar100_gem/0,cost_splitcifar100_gem,splitcifar100,0,training,2,150440.906266986,150453.164759812,12.258492825989379,72955392,155919872,180355072,180355072,8589934592,0,2326781952,0,2106505216,0,2337099776,0,0.1,81,,
effectiveness_v3_20260918T045833Z_3ea4231e,dev/splitcifar100/plugin_cost/cost_splitcifar100_gem/0,cost_splitcifar100_gem,splitcifar100,0,evaluation,2,150453.212047774,150453.748957247,0.5369094730122015,72955392,116473344,180355072,180355072,8589934592,0,2331897856,0,2111621120,0,2331897856,0,0.1,3,,
effectiveness_v3_20260918T045833Z_3ea4231e,dev/splitcifar100/plugin_cost/cost_splitcifar100_gem/0,cost_splitcifar100_gem,splitcifar100,0,resource_transition,3,150453.780089089,150453.780552654,0.00046356499660760164,72955392,72955392,180355072,180355072,8589934592,0,2331897856,0,2111621120,0,0,0,0.1,0,no_interval_samples,
effectiveness_v3_20260918T045833Z_3ea4231e,dev/splitcifar100/plugin_cost/cost_splitcifar100_gem/0,cost_splitcifar100_gem,splitcifar100,0,training,3,150453.804932301,150469.42488959,15.619957289018203,74057728,156844032,201326592,201326592,8589934592,0,2327453696,0,2107176960,0,2340864000,0,0.1,104,,
effectiveness_v3_20260918T045833Z_3ea4231e,dev/splitcifar100/plugin_cost/cost_splitcifar100_gem/0,cost_splitcifar100_gem,splitcifar100,0,evaluation,3,150469.475559943,150470.222496348,0.7469364049902651,74057728,117575680,201326592,201326592,8589934592,0,2333503488,0,2113226752,0,2333503488,0,0.1,5,,
effectiveness_v3_20260918T045833Z_3ea4231e,dev/splitcifar100/plugin_cost/cost_splitcifar100_gem/0,cost_splitcifar100_gem,splitcifar100,0,resource_transition,4,150470.254759153,150470.255317958,0.0005588050116784871,74057728,74057728,201326592,201326592,8589934592,0,2333507584,0,2113230848,0,0,0,0.1,0,no_interval_samples,
effectiveness_v3_20260918T045833Z_3ea4231e,dev/splitcifar100/plugin_cost/cost_splitcifar100_gem/0,cost_splitcifar100_gem,splitcifar100,0,training,4,150470.283931383,150489.262590124,18.9786587410199,75160064,159841792,201326592,201326592,8589934592,0,2328297472,0,2108020736,0,2341945344,0,0.1,126,,
effectiveness_v3_20260918T045833Z_3ea4231e,dev/splitcifar100/plugin_cost/cost_splitcifar100_gem/0,cost_splitcifar100_gem,splitcifar100,0,evaluation,4,150489.314523487,150490.277632875,0.9631093879870605,75160064,119108096,201326592,201326592,8589934592,0,2331230208,0,2110953472,0,2333495296,0,0.1,6,,
effectiveness_v3_20260918T045833Z_3ea4231e,dev/splitcifar100/plugin_cost/cost_splitcifar100_gem/0,cost_splitcifar100_gem,splitcifar100,0,resource_transition,5,150490.310465254,150490.311011837,0.000546583003597334,75160064,75160064,201326592,201326592,8589934592,0,2331234304,0,2110957568,0,0,0,0.1,0,no_interval_samples,
effectiveness_v3_20260918T045833Z_3ea4231e,dev/splitcifar100/plugin_cost/cost_splitcifar100_gem/0,cost_splitcifar100_gem,splitcifar100,0,training,5,150490.339255226,150512.633361219,22.294105993001722,76262400,161591808,201326592,201326592,8589934592,0,2345873408,0,2125596672,0,2345271296,0,0.1,149,,
effectiveness_v3_20260918T045833Z_3ea4231e,dev/splitcifar100/plugin_cost/cost_splitcifar100_gem/0,cost_splitcifar100_gem,splitcifar100,0,evaluation,5,150512.685776628,150513.86454461,1.1787679819972254,76262400,119780352,201326592,201326592,8589934592,0,2332438528,0,2112161792,0,2346242048,0,0.1,7,,
effectiveness_v3_20260918T045833Z_3ea4231e,dev/splitcifar100/plugin_cost/cost_splitcifar100_gem/0,cost_splitcifar100_gem,splitcifar100,0,resource_transition,6,150513.899730508,150513.900312878,0.000582369975745678,76262400,76262400,201326592,201326592,8589934592,0,2332442624,0,2112165888,0,0,0,0.1,0,no_interval_samples,
effectiveness_v3_20260918T045833Z_3ea4231e,dev/splitcifar100/plugin_cost/cost_splitcifar100_gem/0,cost_splitcifar100_gem,splitcifar100,0,training,6,150513.929083868,150539.104129525,25.175045657000737,77364736,164111872,201326592,201326592,8589934592,0,2352640000,0,2132363264,0,2351833088,0,0.1,172,,
effectiveness_v3_20260918T045833Z_3ea4231e,dev/splitcifar100/plugin_cost/cost_splitcifar100_gem/0,cost_splitcifar100_gem,splitcifar100,0,evaluation,6,150539.156450415,150540.435832841,1.2793824260006659,77364736,120882688,201326592,201326592,8589934592,0,2352644096,0,2132367360,0,2352644096,0,0.1,9,,
effectiveness_v3_20260918T045833Z_3ea4231e,dev/splitcifar100/plugin_cost/cost_splitcifar100_gem/0,cost_splitcifar100_gem,splitcifar100,0,resource_transition,7,150540.468403794,150540.468954359,0.0005505650187842548,77364736,77364736,201326592,201326592,8589934592,0,2352644096,0,2132367360,0,0,0,0.1,0,no_interval_samples,
effectiveness_v3_20260918T045833Z_3ea4231e,dev/splitcifar100/plugin_cost/cost_splitcifar100_gem/0,cost_splitcifar100_gem,splitcifar100,0,training,7,150540.497399136,150569.245750128,28.748350992013002,78467072,165750272,201326592,201326592,8589934592,0,2331435008,0,2111158272,0,2373402624,0,0.1,200,,
effectiveness_v3_20260918T045833Z_3ea4231e,dev/splitcifar100/plugin_cost/cost_splitcifar100_gem/0,cost_splitcifar100_gem,splitcifar100,0,evaluation,7,150569.301553331,150570.985765831,1.6842124999966472,78467072,121985024,201326592,201326592,8589934592,0,2333843456,0,2113566720,0,2335182848,0,0.1,10,,
effectiveness_v3_20260918T045833Z_3ea4231e,dev/splitcifar100/plugin_cost/cost_splitcifar100_gem/0,cost_splitcifar100_gem,splitcifar100,0,resource_transition,8,150571.046480043,150571.047115497,0.0006354539946187288,78467072,78467072,201326592,201326592,8589934592,0,2333843456,0,2113566720,0,0,0,0.1,0,no_interval_samples,
effectiveness_v3_20260918T045833Z_3ea4231e,dev/splitcifar100/plugin_cost/cost_splitcifar100_gem/0,cost_splitcifar100_gem,splitcifar100,0,training,8,150571.079120172,150603.236608526,32.15748835398699,79569408,167867392,201326592,201326592,8589934592,0,2331664384,0,2111387648,0,2358517760,0,0.1,226,,
effectiveness_v3_20260918T045833Z_3ea4231e,dev/splitcifar100/plugin_cost/cost_splitcifar100_gem/0,cost_splitcifar100_gem,splitcifar100,0,evaluation,8,150603.291168481,150605.224692978,1.9335244969988707,79569408,123087360,201326592,201326592,8589934592,0,2335178752,0,2114902016,0,2335731712,0,0.1,12,,
effectiveness_v3_20260918T045833Z_3ea4231e,dev/splitcifar100/plugin_cost/cost_splitcifar100_gem/0,cost_splitcifar100_gem,splitcifar100,0,resource_transition,9,150605.261224424,150605.261809887,0.0005854629853274673,79569408,79569408,201326592,201326592,8589934592,0,2335182848,0,2114906112,0,0,0,0.1,0,no_interval_samples,
effectiveness_v3_20260918T045833Z_3ea4231e,dev/splitcifar100/plugin_cost/cost_splitcifar100_gem/0,cost_splitcifar100_gem,splitcifar100,0,training,9,150605.291028276,150640.552236283,35.26120800699573,80671744,170665472,201326592,201326592,8589934592,0,2353954816,0,2133678080,0,2363641856,0,0.1,249,,
effectiveness_v3_20260918T045833Z_3ea4231e,dev/splitcifar100/plugin_cost/cost_splitcifar100_gem/0,cost_splitcifar100_gem,splitcifar100,0,evaluation,9,150640.606733717,150642.935320892,2.328587174997665,80671744,124189696,201326592,201326592,8589934592,0,2336210944,0,2115934208,0,2357514240,0,0.1,14,,
effectiveness_v3_20260918T050219Z_ee7b9532,dev/splitcifar100/plugin_cost/cost_splitcifar100_ewc/0,cost_splitcifar100_ewc,splitcifar100,0,setup,,150650.097925702,150651.287414988,1.1894892860145774,1408512,1408512,2097152,2097152,8589934592,0,1536987136,0,1316783104,0,1615794176,0,0.1,7,,
effectiveness_v3_20260918T050219Z_ee7b9532,dev/splitcifar100/plugin_cost/cost_splitcifar100_ewc/0,cost_splitcifar100_ewc,splitcifar100,0,resource_transition,0,150651.310443219,150651.310932302,0.0004890830023214221,1408512,1408512,2097152,2097152,8589934592,0,1537015808,0,1316795392,0,0,0,0.1,0,no_interval_samples,
effectiveness_v3_20260918T050219Z_ee7b9532,dev/splitcifar100/plugin_cost/cost_splitcifar100_ewc/0,cost_splitcifar100_ewc,splitcifar100,0,training,0,150651.331143858,150661.721898229,10.39075437100837,72984064,96783872,119537664,119537664,8589934592,0,2321424384,0,2101191680,0,2305261568,0,0.1,67,,
effectiveness_v3_20260918T050219Z_ee7b9532,dev/splitcifar100/plugin_cost/cost_splitcifar100_ewc/0,cost_splitcifar100_ewc,splitcifar100,0,evaluation,0,150661.78777111,150662.068952988,0.2811818780028261,72984064,116502016,161480704,161480704,8589934592,0,2372325376,0,2152092672,0,2371403776,0,0.1,2,,
effectiveness_v3_20260918T050219Z_ee7b9532,dev/splitcifar100/plugin_cost/cost_splitcifar100_ewc/0,cost_splitcifar100_ewc,splitcifar100,0,resource_transition,1,150662.103394246,150662.103945728,0.0005514820222742856,72984064,72984064,161480704,161480704,8589934592,0,2372325376,0,2152092672,0,0,0,0.1,0,no_interval_samples,
effectiveness_v3_20260918T050219Z_ee7b9532,dev/splitcifar100/plugin_cost/cost_splitcifar100_ewc/0,cost_splitcifar100_ewc,splitcifar100,0,training,1,150662.134952135,150676.482419422,14.34746728700702,75217408,125265408,163577856,163577856,8589934592,0,2386456576,0,2166223872,0,2390827008,0,0.1,92,,
effectiveness_v3_20260918T050219Z_ee7b9532,dev/splitcifar100/plugin_cost/cost_splitcifar100_ewc/0,cost_splitcifar100_ewc,splitcifar100,0,evaluation,1,150676.594897346,150677.066758274,0.47186092802439816,75217408,118735360,163577856,163577856,8589934592,0,2391408640,0,2171175936,0,2392457216,0,0.1,3,,
effectiveness_v3_20260918T050219Z_ee7b9532,dev/splitcifar100/plugin_cost/cost_splitcifar100_ewc/0,cost_splitcifar100_ewc,splitcifar100,0,resource_transition,2,150677.102225532,150677.102835097,0.0006095650023780763,75217408,75217408,163577856,163577856,8589934592,0,2391408640,0,2171175936,0,0,0,0.1,0,no_interval_samples,
effectiveness_v3_20260918T050219Z_ee7b9532,dev/splitcifar100/plugin_cost/cost_splitcifar100_ewc/0,cost_splitcifar100_ewc,splitcifar100,0,training,2,150677.131827033,150695.423423259,18.291596225986723,77450752,127498752,165675008,165675008,8589934592,0,2387177472,0,2166944768,0,2392080384,0,0.1,116,,
effectiveness_v3_20260918T050219Z_ee7b9532,dev/splitcifar100/plugin_cost/cost_splitcifar100_ewc/0,cost_splitcifar100_ewc,splitcifar100,0,evaluation,2,150695.48884576,150696.227012229,0.7381664690037724,77450752,120968704,165675008,165675008,8589934592,0,2391343104,0,2171110400,0,2391351296,0,0.1,4,,
effectiveness_v3_20260918T050219Z_ee7b9532,dev/splitcifar100/plugin_cost/cost_splitcifar100_ewc/0,cost_splitcifar100_ewc,splitcifar100,0,resource_transition,3,150696.264591312,150696.265222562,0.0006312500045169145,77450752,77450752,165675008,165675008,8589934592,0,2391343104,0,2171110400,0,0,0,0.1,0,no_interval_samples,
effectiveness_v3_20260918T050219Z_ee7b9532,dev/splitcifar100/plugin_cost/cost_splitcifar100_ewc/0,cost_splitcifar100_ewc,splitcifar100,0,training,3,150696.308793913,150717.41592296,21.107129047013586,79684096,129732096,167772160,167772160,8589934592,0,2387378176,0,2167145472,0,2391810048,0,0.1,134,,
effectiveness_v3_20260918T050219Z_ee7b9532,dev/splitcifar100/plugin_cost/cost_splitcifar100_ewc/0,cost_splitcifar100_ewc,splitcifar100,0,evaluation,3,150717.480469366,150718.487171739,1.006702372978907,79684096,123202048,167772160,167772160,8589934592,0,2391797760,0,2171565056,0,2391810048,0,0.1,6,,
effectiveness_v3_20260918T050219Z_ee7b9532,dev/splitcifar100/plugin_cost/cost_splitcifar100_ewc/0,cost_splitcifar100_ewc,splitcifar100,0,resource_transition,4,150718.524708599,150718.525329942,0.0006213430024217814,79684096,79684096,167772160,167772160,8589934592,0,2391801856,0,2171569152,0,0,0,0.1,0,no_interval_samples,
effectiveness_v3_20260918T050219Z_ee7b9532,dev/splitcifar100/plugin_cost/cost_splitcifar100_ewc/0,cost_splitcifar100_ewc,splitcifar100,0,training,4,150718.555295404,150742.160175053,23.60487964900676,81917440,132307456,171966464,171966464,8589934592,0,2387988480,0,2167755776,0,2392440832,0,0.1,157,,
effectiveness_v3_20260918T050219Z_ee7b9532,dev/splitcifar100/plugin_cost/cost_splitcifar100_ewc/0,cost_splitcifar100_ewc,splitcifar100,0,evaluation,4,150742.259258748,150743.52622757,1.2669688219903037,81917440,125435392,171966464,171966464,8589934592,0,2391846912,0,2171614208,0,2392412160,0,0.1,8,,
effectiveness_v3_20260918T050219Z_ee7b9532,dev/splitcifar100/plugin_cost/cost_splitcifar100_ewc/0,cost_splitcifar100_ewc,splitcifar100,0,resource_transition,5,150743.565162421,150743.565806616,0.0006441950099542737,81917440,81917440,171966464,171966464,8589934592,0,2391851008,0,2171618304,0,0,0,0.1,0,no_interval_samples,
effectiveness_v3_20260918T050219Z_ee7b9532,dev/splitcifar100/plugin_cost/cost_splitcifar100_ewc/0,cost_splitcifar100_ewc,splitcifar100,0,training,5,150743.596443735,150770.948515097,27.352071361994604,84150784,135657472,174063616,174063616,8589934592,0,2388746240,0,2168513536,0,2392629248,0,0.1,176,,
effectiveness_v3_20260918T050219Z_ee7b9532,dev/splitcifar100/plugin_cost/cost_splitcifar100_ewc/0,cost_splitcifar100_ewc,splitcifar100,0,evaluation,5,150771.018626496,150772.837743061,1.819116565020522,84150784,127668736,174063616,174063616,8589934592,0,2388684800,0,2168452096,0,2392920064,0,0.1,11,,
effectiveness_v3_20260918T050219Z_ee7b9532,dev/splitcifar100/plugin_cost/cost_splitcifar100_ewc/0,cost_splitcifar100_ewc,splitcifar100,0,resource_transition,6,150772.881735386,150772.882513081,0.0007776949787512422,84150784,84150784,174063616,174063616,8589934592,0,2388688896,0,2168456192,0,0,0,0.1,0,no_interval_samples,
effectiveness_v3_20260918T050219Z_ee7b9532,dev/splitcifar100/plugin_cost/cost_splitcifar100_ewc/0,cost_splitcifar100_ewc,splitcifar100,0,training,6,150772.944881286,150803.17433468,30.22945339398575,86384128,139007488,176160768,176160768,8589934592,0,2389815296,0,2169582592,0,2390376448,0,0.1,193,,
effectiveness_v3_20260918T050219Z_ee7b9532,dev/splitcifar100/plugin_cost/cost_splitcifar100_ewc/0,cost_splitcifar100_ewc,splitcifar100,0,evaluation,6,150803.272424532,150805.42511619,2.152691657975083,86384128,129902080,176160768,176160768,8589934592,0,2389680128,0,2169447424,0,2393907200,0,0.1,13,,
effectiveness_v3_20260918T050219Z_ee7b9532,dev/splitcifar100/plugin_cost/cost_splitcifar100_ewc/0,cost_splitcifar100_ewc,splitcifar100,0,resource_transition,7,150805.468578485,150805.46927493,0.0006964450003579259,86384128,86384128,176160768,176160768,8589934592,0,2389680128,0,2169447424,0,0,0,0.1,0,no_interval_samples,
effectiveness_v3_20260918T050219Z_ee7b9532,dev/splitcifar100/plugin_cost/cost_splitcifar100_ewc/0,cost_splitcifar100_ewc,splitcifar100,0,training,7,150805.501132838,150836.884064843,31.382932005013572,88617472,142357504,178257920,178257920,8589934592,0,2390183936,0,2169951232,0,2391040000,0,0.1,203,,
effectiveness_v3_20260918T050219Z_ee7b9532,dev/splitcifar100/plugin_cost/cost_splitcifar100_ewc/0,cost_splitcifar100_ewc,splitcifar100,0,evaluation,7,150836.952604767,150839.451661451,2.4990566839987878,88617472,132135424,178257920,178257920,8589934592,0,2390061056,0,2169828352,0,2394357760,0,0.1,15,,
effectiveness_v3_20260918T050219Z_ee7b9532,dev/splitcifar100/plugin_cost/cost_splitcifar100_ewc/0,cost_splitcifar100_ewc,splitcifar100,0,resource_transition,8,150839.527340083,150839.528174842,0.0008347590046469122,88617472,88617472,178257920,178257920,8589934592,0,2390061056,0,2169828352,0,0,0,0.1,0,no_interval_samples,
effectiveness_v3_20260918T050219Z_ee7b9532,dev/splitcifar100/plugin_cost/cost_splitcifar100_ewc/0,cost_splitcifar100_ewc,splitcifar100,0,training,8,150839.567244704,150873.53292611,33.96568140599993,90850816,145707520,180355072,180355072,8589934592,0,2390523904,0,2170291200,0,2391445504,0,0.1,222,,
effectiveness_v3_20260918T050219Z_ee7b9532,dev/splitcifar100/plugin_cost/cost_splitcifar100_ewc/0,cost_splitcifar100_ewc,splitcifar100,0,evaluation,8,150873.595842019,150876.62536658,3.029524560988648,90850816,134368768,180355072,180355072,8589934592,0,2390716416,0,2170483712,0,2394955776,0,0.1,18,,
effectiveness_v3_20260918T050219Z_ee7b9532,dev/splitcifar100/plugin_cost/cost_splitcifar100_ewc/0,cost_splitcifar100_ewc,splitcifar100,0,resource_transition,9,150876.700964134,150876.701782209,0.000818075001006946,90850816,90850816,180355072,180355072,8589934592,0,2390720512,0,2170487808,0,0,0,0.1,0,no_interval_samples,
effectiveness_v3_20260918T050219Z_ee7b9532,dev/splitcifar100/plugin_cost/cost_splitcifar100_ewc/0,cost_splitcifar100_ewc,splitcifar100,0,training,9,150876.740263653,150912.444160914,35.70389726100257,93084160,149057536,184549376,184549376,8589934592,0,2391175168,0,2170942464,0,2392051712,0,0.1,234,,
effectiveness_v3_20260918T050219Z_ee7b9532,dev/splitcifar100/plugin_cost/cost_splitcifar100_ewc/0,cost_splitcifar100_ewc,splitcifar100,0,evaluation,9,150912.516192536,150915.804744932,3.2885523959994316,93084160,136602112,184549376,184549376,8589934592,0,2395811840,0,2175579136,0,2395815936,0,0.1,20,,
effectiveness_v3_20260918T050652Z_3e217be9,dev/splitcifar100/plugin_cost/cost_splitcifar100_gem_ewc/0,cost_splitcifar100_gem_ewc,splitcifar100,0,setup,,150923.122976656,150924.317787914,1.1948112579993904,1408512,1408512,2097152,2097152,8589934592,0,1535053824,0,1314841600,0,1579278336,0,0.1,7,,
effectiveness_v3_20260918T050652Z_3e217be9,dev/splitcifar100/plugin_cost/cost_splitcifar100_gem_ewc/0,cost_splitcifar100_gem_ewc,splitcifar100,0,resource_transition,0,150924.340553117,150924.340985775,0.0004326579801272601,1408512,1408512,2097152,2097152,8589934592,0,1535074304,0,1314853888,0,0,0,0.1,0,no_interval_samples,
effectiveness_v3_20260918T050652Z_3e217be9,dev/splitcifar100/plugin_cost/cost_splitcifar100_gem_ewc/0,cost_splitcifar100_gem_ewc,splitcifar100,0,training,0,150924.360331719,150934.59490332,10.23457160097314,72984064,96783872,119537664,119537664,8589934592,0,2320175104,0,2099942400,0,2304348160,0,0.1,66,,
effectiveness_v3_20260918T050652Z_3e217be9,dev/splitcifar100/plugin_cost/cost_splitcifar100_gem_ewc/0,cost_splitcifar100_gem_ewc,splitcifar100,0,evaluation,0,150934.664118208,150934.944707147,0.2805889390001539,72984064,116502016,161480704,161480704,8589934592,0,2372669440,0,2152436736,0,2371235840,0,0.1,2,,
effectiveness_v3_20260918T050652Z_3e217be9,dev/splitcifar100/plugin_cost/cost_splitcifar100_gem_ewc/0,cost_splitcifar100_gem_ewc,splitcifar100,0,resource_transition,1,150934.979058842,150934.979602907,0.0005440649983938783,72984064,72984064,161480704,161480704,8589934592,0,2372669440,0,2152436736,0,0,0,0.1,0,no_interval_samples,
effectiveness_v3_20260918T050652Z_3e217be9,dev/splitcifar100/plugin_cost/cost_splitcifar100_gem_ewc/0,cost_splitcifar100_gem_ewc,splitcifar100,0,training,1,150935.007775925,150951.29212861,16.2843526849756,76319744,155412480,184549376,184549376,8589934592,0,2418569216,0,2198292480,0,2425663488,0,0.1,106,,
effectiveness_v3_20260918T050652Z_3e217be9,dev/splitcifar100/plugin_cost/cost_splitcifar100_gem_ewc/0,cost_splitcifar100_gem_ewc,splitcifar100,0,evaluation,1,150951.358006963,150951.85703576,0.49902879699948244,76319744,121356800,184549376,184549376,8589934592,0,2423533568,0,2203256832,0,2425446400,0,0.1,4,,
effectiveness_v3_20260918T050652Z_3e217be9,dev/splitcifar100/plugin_cost/cost_splitcifar100_gem_ewc/0,cost_splitcifar100_gem_ewc,splitcifar100,0,resource_transition,2,150951.901701797,150951.902352704,0.0006509069935418665,76319744,76319744,184549376,184549376,8589934592,0,2423533568,0,2203256832,0,0,0,0.1,0,no_interval_samples,
effectiveness_v3_20260918T050652Z_3e217be9,dev/splitcifar100/plugin_cost/cost_splitcifar100_gem_ewc/0,cost_splitcifar100_gem_ewc,splitcifar100,0,training,2,150951.931940768,150973.593428167,21.661487398989266,79655424,160386560,186646528,186646528,8589934592,0,2450800640,0,2230523904,0,2463342592,0,0.1,140,,
effectiveness_v3_20260918T050652Z_3e217be9,dev/splitcifar100/plugin_cost/cost_splitcifar100_gem_ewc/0,cost_splitcifar100_gem_ewc,splitcifar100,0,evaluation,2,150973.663035148,150974.461303792,0.7982686439936515,79655424,123173376,186646528,186646528,8589934592,0,2455760896,0,2235484160,0,2456231936,0,0.1,5,,
effectiveness_v3_20260918T050652Z_3e217be9,dev/splitcifar100/plugin_cost/cost_splitcifar100_gem_ewc/0,cost_splitcifar100_gem_ewc,splitcifar100,0,resource_transition,3,150974.49974845,150974.500403838,0.000655387993901968,79655424,79655424,186646528,186646528,8589934592,0,2455760896,0,2235484160,0,0,0,0.1,0,no_interval_samples,
effectiveness_v3_20260918T050652Z_3e217be9,dev/splitcifar100/plugin_cost/cost_splitcifar100_gem_ewc/0,cost_splitcifar100_gem_ewc,splitcifar100,0,training,3,150974.530569635,151000.283907051,25.75333741598297,82991104,163544064,209715200,209715200,8589934592,0,2452754432,0,2232477696,0,2466828288,0,0.1,169,,
effectiveness_v3_20260918T050652Z_3e217be9,dev/splitcifar100/plugin_cost/cost_splitcifar100_gem_ewc/0,cost_splitcifar100_gem_ewc,splitcifar100,0,evaluation,3,151000.354294257,151001.442066999,1.087772742001107,82991104,126509056,209715200,209715200,8589934592,0,2452639744,0,2232363008,0,2459430912,0,0.1,7,,
effectiveness_v3_20260918T050652Z_3e217be9,dev/splitcifar100/plugin_cost/cost_splitcifar100_gem_ewc/0,cost_splitcifar100_gem_ewc,splitcifar100,0,resource_transition,4,151001.484742147,151001.485494526,0.0007523789827246219,82991104,82991104,209715200,209715200,8589934592,0,2452643840,0,2232367104,0,0,0,0.1,0,no_interval_samples,
effectiveness_v3_20260918T050652Z_3e217be9,dev/splitcifar100/plugin_cost/cost_splitcifar100_gem_ewc/0,cost_splitcifar100_gem_ewc,splitcifar100,0,training,4,151001.518364313,151032.532404921,31.014040607988136,86326784,168775168,213909504,213909504,8589934592,0,2454331392,0,2234054656,0,2469502976,0,0.1,210,,
effectiveness_v3_20260918T050652Z_3e217be9,dev/splitcifar100/plugin_cost/cost_splitcifar100_gem_ewc/0,cost_splitcifar100_gem_ewc,splitcifar100,0,evaluation,4,151032.642566053,151034.084997928,1.4424318750097882,86326784,130274816,213909504,213909504,8589934592,0,2454212608,0,2233935872,0,2458521600,0,0.1,9,,
effectiveness_v3_20260918T050652Z_3e217be9,dev/splitcifar100/plugin_cost/cost_splitcifar100_gem_ewc/0,cost_splitcifar100_gem_ewc,splitcifar100,0,resource_transition,5,151034.12760414,151034.128321918,0.0007177779916673899,86326784,86326784,213909504,213909504,8589934592,0,2454216704,0,2233939968,0,0,0,0.1,0,no_interval_samples,
effectiveness_v3_20260918T050652Z_3e217be9,dev/splitcifar100/plugin_cost/cost_splitcifar100_gem_ewc/0,cost_splitcifar100_gem_ewc,splitcifar100,0,training,5,151034.16036375,151070.116658277,35.95629452698631,89662464,172758528,216006656,216006656,8589934592,0,2455945216,0,2235668480,0,2474553344,0,0.1,247,,
effectiveness_v3_20260918T050652Z_3e217be9,dev/splitcifar100/plugin_cost/cost_splitcifar100_gem_ewc/0,cost_splitcifar100_gem_ewc,splitcifar100,0,evaluation,5,151070.181576702,151071.853457312,1.671880610025255,89662464,133180416,216006656,216006656,8589934592,0,2460057600,0,2239780864,0,2462167040,0,0.1,10,,
effectiveness_v3_20260918T050652Z_3e217be9,dev/splitcifar100/plugin_cost/cost_splitcifar100_gem_ewc/0,cost_splitcifar100_gem_ewc,splitcifar100,0,resource_transition,6,151071.929518842,151071.93032099,0.0008021480171009898,89662464,89662464,216006656,216006656,8589934592,0,2460061696,0,2239784960,0,0,0,0.1,0,no_interval_samples,
effectiveness_v3_20260918T050652Z_3e217be9,dev/splitcifar100/plugin_cost/cost_splitcifar100_gem_ewc/0,cost_splitcifar100_gem_ewc,splitcifar100,0,training,6,151071.969248519,151113.408550007,41.43930148801883,92998144,177511936,218103808,218103808,8589934592,0,2457915392,0,2237638656,0,2481561600,0,0.1,290,,
effectiveness_v3_20260918T050652Z_3e217be9,dev/splitcifar100/plugin_cost/cost_splitcifar100_gem_ewc/0,cost_splitcifar100_gem_ewc,splitcifar100,0,evaluation,6,151113.486380107,151115.170480987,1.6841008799965493,92998144,136516096,218103808,218103808,8589934592,0,2462019584,0,2241742848,0,2462097408,0,0.1,10,,
effectiveness_v3_20260918T050652Z_3e217be9,dev/splitcifar100/plugin_cost/cost_splitcifar100_gem_ewc/0,cost_splitcifar100_gem_ewc,splitcifar100,0,resource_transition,7,151115.210731884,151115.21153156,0.0007996759959496558,92998144,92998144,218103808,218103808,8589934592,0,2462019584,0,2241742848,0,0,0,0.1,0,no_interval_samples,
effectiveness_v3_20260918T050652Z_3e217be9,dev/splitcifar100/plugin_cost/cost_splitcifar100_gem_ewc/0,cost_splitcifar100_gem_ewc,splitcifar100,0,training,7,151115.271867265,151163.621417814,48.349550548999105,96333824,181383680,220200960,220200960,8589934592,0,2459234304,0,2238957568,0,2487164928,0,0.1,333,,
effectiveness_v3_20260918T050652Z_3e217be9,dev/splitcifar100/plugin_cost/cost_splitcifar100_gem_ewc/0,cost_splitcifar100_gem_ewc,splitcifar100,0,evaluation,7,151163.687204054,151166.250983147,2.563779093004996,96333824,139851776,220200960,220200960,8589934592,0,2459172864,0,2238896128,0,2463412224,0,0.1,15,,
effectiveness_v3_20260918T050652Z_3e217be9,dev/splitcifar100/plugin_cost/cost_splitcifar100_gem_ewc/0,cost_splitcifar100_gem_ewc,splitcifar100,0,resource_transition,8,151166.323426213,151166.324297843,0.0008716300071682781,96333824,96333824,220200960,220200960,8589934592,0,2459172864,0,2238896128,0,0,0,0.1,0,no_interval_samples,
effectiveness_v3_20260918T050652Z_3e217be9,dev/splitcifar100/plugin_cost/cost_splitcifar100_gem_ewc/0,cost_splitcifar100_gem_ewc,splitcifar100,0,training,8,151166.364387066,151219.683016933,53.3186298670189,99669504,185734144,222298112,222298112,8589934592,0,2460823552,0,2240546816,0,2488111104,0,0.1,369,,
effectiveness_v3_20260918T050652Z_3e217be9,dev/splitcifar100/plugin_cost/cost_splitcifar100_gem_ewc/0,cost_splitcifar100_gem_ewc,splitcifar100,0,evaluation,8,151219.748932562,151222.135762607,2.386830044997623,99669504,143187456,222298112,222298112,8589934592,0,2460762112,0,2240485376,0,2465071104,0,0.1,14,,
effectiveness_v3_20260918T050652Z_3e217be9,dev/splitcifar100/plugin_cost/cost_splitcifar100_gem_ewc/0,cost_splitcifar100_gem_ewc,splitcifar100,0,resource_transition,9,151222.17905684,151222.179739997,0.0006831570062786341,99669504,99669504,222298112,222298112,8589934592,0,2460766208,0,2240489472,0,0,0,0.1,0,no_interval_samples,
effectiveness_v3_20260918T050652Z_3e217be9,dev/splitcifar100/plugin_cost/cost_splitcifar100_gem_ewc/0,cost_splitcifar100_gem_ewc,splitcifar100,0,training,9,151222.213031868,151283.003685238,60.790653370000655,103005184,190765568,226492416,226492416,8589934592,0,2462720000,0,2242447360,0,2494304256,0,0.1,418,,
effectiveness_v3_20260918T050652Z_3e217be9,dev/splitcifar100/plugin_cost/cost_splitcifar100_gem_ewc/0,cost_splitcifar100_gem_ewc,splitcifar100,0,evaluation,9,151283.06834608,151286.346971665,3.2786255850223824,103005184,146523136,226492416,226492416,8589934592,0,2462552064,0,2242275328,0,2466910208,0,0.1,19,,
effectiveness_v3_20260918T051310Z_753bf737,dev/core50_nc/quota_scan/quota_core50_nc_q160/0,quota_core50_nc_q160,core50_nc,0,setup,,151301.443059468,151301.821127041,0.37806757300859317,1395712,1395712,2097152,2097152,167772160,0,1348317184,0,1128176640,0,1319944192,0,0.1,1,,
effectiveness_v3_20260918T051310Z_753bf737,dev/core50_nc/quota_scan/quota_core50_nc_q160/0,quota_core50_nc_q160,core50_nc,0,resource_transition,0,151301.842935097,151301.843362097,0.00042699999175965786,1395712,1395712,2097152,2097152,167772160,0,1348415488,0,1128193024,0,0,0,0.1,0,no_interval_samples,
effectiveness_v3_20260918T051310Z_753bf737,dev/core50_nc/quota_scan/quota_core50_nc_q160/0,quota_core50_nc_q160,core50_nc,0,training,0,151301.862437328,151328.957676106,27.095238777983468,70712320,95452672,117440512,117440512,167772160,0,2038411264,0,1818176512,0,2036490240,0,0.1,170,,
effectiveness_v3_20260918T051310Z_753bf737,dev/core50_nc/quota_scan/quota_core50_nc_q160/0,quota_core50_nc_q160,core50_nc,0,evaluation,0,151329.025847125,151330.990173342,1.964326216984773,70712320,114230272,159383552,159383552,167772160,0,2089484288,0,1869257728,0,2090758144,0,0.1,12,,
effectiveness_v3_20260918T051310Z_753bf737,dev/core50_nc/quota_scan/quota_core50_nc_q160/0,quota_core50_nc_q160,core50_nc,0,resource_transition,1,151331.017735823,151331.018178008,0.00044218500261195004,70712320,70712320,159383552,159383552,167772160,0,2089500672,0,1869282304,0,0,0,0.1,0,no_interval_samples,
effectiveness_v3_20260918T051310Z_753bf737,dev/core50_nc/quota_scan/quota_core50_nc_q160/0,quota_core50_nc_q160,core50_nc,0,training,1,151331.044356313,151346.851261175,15.806904861994553,70712320,121897984,159383552,159383552,167772160,0,2087616512,0,1867381760,0,2089517056,0,0.1,99,,
effectiveness_v3_20260918T051310Z_753bf737,dev/core50_nc/quota_scan/quota_core50_nc_q160/0,quota_core50_nc_q160,core50_nc,0,evaluation,1,151346.922493396,151349.613096208,2.690602811984718,70712320,114230272,159383552,159383552,167772160,0,2091962368,0,1871727616,0,2092195840,0,0.1,16,,
effectiveness_v3_20260918T051310Z_753bf737,dev/core50_nc/quota_scan/quota_core50_nc_q160/0,quota_core50_nc_q160,core50_nc,0,resource_transition,2,151349.640810005,151349.641293042,0.0004830370016861707,70712320,70712320,159383552,159383552,167772160,0,2091962368,0,1871727616,0,0,0,0.1,0,no_interval_samples,
effectiveness_v3_20260918T051310Z_753bf737,dev/core50_nc/quota_scan/quota_core50_nc_q160/0,quota_core50_nc_q160,core50_nc,0,training,2,151349.667945163,151362.725664581,13.057719417993212,70712320,121897984,159383552,159383552,167772160,0,2088325120,0,1868090368,0,2092265472,0,0.1,80,,
effectiveness_v3_20260918T051310Z_753bf737,dev/core50_nc/quota_scan/quota_core50_nc_q160/0,quota_core50_nc_q160,core50_nc,0,evaluation,2,151362.813704055,151367.229373572,4.415669516980415,70712320,114230272,159383552,159383552,167772160,0,2088333312,0,1868098560,0,2095321088,0,0.1,26,,
effectiveness_v3_20260918T051310Z_753bf737,dev/core50_nc/quota_scan/quota_core50_nc_q160/0,quota_core50_nc_q160,core50_nc,0,resource_transition,3,151367.281271629,151367.281852351,0.0005807220004498959,70712320,70712320,159383552,159383552,167772160,0,2088337408,0,1868102656,0,0,0,0.1,0,no_interval_samples,
effectiveness_v3_20260918T051310Z_753bf737,dev/core50_nc/quota_scan/quota_core50_nc_q160/0,quota_core50_nc_q160,core50_nc,0,training,3,151367.31448162,151384.269715184,16.955233563989168,70712320,121897984,159383552,159383552,167772160,0,2096525312,0,1876290560,0,2097303552,0,0.1,105,,
effectiveness_v3_20260918T051310Z_753bf737,dev/core50_nc/quota_scan/quota_core50_nc_q160/0,quota_core50_nc_q160,core50_nc,0,evaluation,3,151384.337513259,151389.180614412,4.843101153004682,70712320,114230272,159383552,159383552,167772160,0,2101202944,0,1880968192,0,2103373824,0,0.1,29,,
effectiveness_v3_20260918T051310Z_753bf737,dev/core50_nc/quota_scan/quota_core50_nc_q160/0,quota_core50_nc_q160,core50_nc,0,resource_transition,4,151389.209833679,151389.210286577,0.0004528980061877519,70712320,70712320,159383552,159383552,167772160,0,2101202944,0,1880968192,0,0,0,0.1,0,no_interval_samples,
effectiveness_v3_20260918T051310Z_753bf737,dev/core50_nc/quota_scan/quota_core50_nc_q160/0,quota_core50_nc_q160,core50_nc,0,training,4,151389.23995952,151403.100304952,13.860345432010945,70712320,121897984,159383552,159383552,167772160,0,2097401856,0,1877167104,0,2101248000,0,0.1,86,,
effectiveness_v3_20260918T051310Z_753bf737,dev/core50_nc/quota_scan/quota_core50_nc_q160/0,quota_core50_nc_q160,core50_nc,0,evaluation,4,151403.169729185,151409.314700099,6.144970913999714,70712320,114230272,159383552,159383552,167772160,0,2102087680,0,1881852928,0,2103275520,0,0.1,37,,
effectiveness_v3_20260918T051310Z_753bf737,dev/core50_nc/quota_scan/quota_core50_nc_q160/0,quota_core50_nc_q160,core50_nc,0,resource_transition,5,151409.341340692,151409.341806979,0.00046628701966255903,70712320,70712320,159383552,159383552,167772160,0,2102091776,0,1881857024,0,0,0,0.1,0,no_interval_samples,
effectiveness_v3_20260918T051310Z_753bf737,dev/core50_nc/quota_scan/quota_core50_nc_q160/0,quota_core50_nc_q160,core50_nc,0,training,5,151409.370135452,151426.068610849,16.69847539701732,70712320,121897984,159383552,159383552,167772160,0,2098221056,0,1877986304,0,2098331648,0,0.1,104,,
effectiveness_v3_20260918T051310Z_753bf737,dev/core50_nc/quota_scan/quota_core50_nc_q160/0,quota_core50_nc_q160,core50_nc,0,evaluation,5,151426.129387978,151433.043528906,6.914140928012785,70712320,114230272,159383552,159383552,167772160,0,2102935552,0,1882700800,0,2104078336,0,0.1,41,,
effectiveness_v3_20260918T051310Z_753bf737,dev/core50_nc/quota_scan/quota_core50_nc_q160/0,quota_core50_nc_q160,core50_nc,0,resource_transition,6,151433.0728921,151433.073346646,0.00045454601058736444,70712320,70712320,159383552,159383552,167772160,0,2102939648,0,1882704896,0,0,0,0.1,0,no_interval_samples,
effectiveness_v3_20260918T051310Z_753bf737,dev/core50_nc/quota_scan/quota_core50_nc_q160/0,quota_core50_nc_q160,core50_nc,0,training,6,151433.103909914,151449.235885229,16.131975314987358,70712320,121897984,159383552,159383552,167772160,0,2098696192,0,1878461440,0,2099306496,0,0.1,101,,
effectiveness_v3_20260918T051310Z_753bf737,dev/core50_nc/quota_scan/quota_core50_nc_q160/0,quota_core50_nc_q160,core50_nc,0,evaluation,6,151449.305777527,151457.22024051,7.914462982997065,70712320,114230272,159383552,159383552,167772160,0,2103336960,0,1883102208,0,2104918016,0,0.1,52,,
effectiveness_v3_20260918T051310Z_753bf737,dev/core50_nc/quota_scan/quota_core50_nc_q160/0,quota_core50_nc_q160,core50_nc,0,resource_transition,7,151457.24932251,151457.249807899,0.0004853889986407012,70712320,70712320,159383552,159383552,167772160,0,2103336960,0,1883102208,0,0,0,0.1,0,no_interval_samples,
effectiveness_v3_20260918T051310Z_753bf737,dev/core50_nc/quota_scan/quota_core50_nc_q160/0,quota_core50_nc_q160,core50_nc,0,training,7,151457.294882815,151472.533132259,15.2382494439953,70712320,121897984,159383552,159383552,167772160,0,2098958336,0,1878723584,0,2102337536,0,0.1,92,,
effectiveness_v3_20260918T051310Z_753bf737,dev/core50_nc/quota_scan/quota_core50_nc_q160/0,quota_core50_nc_q160,core50_nc,0,evaluation,7,151472.617349563,151481.604161675,8.98681211200892,70712320,114230272,159383552,159383552,167772160,0,2101014528,0,1880779776,0,2106417152,0,0.1,53,,
effectiveness_v3_20260918T051310Z_753bf737,dev/core50_nc/quota_scan/quota_core50_nc_q160/0,quota_core50_nc_q160,core50_nc,0,resource_transition,8,151481.635465536,151481.635938527,0.00047299099969677627,70712320,70712320,159383552,159383552,167772160,0,2101014528,0,1880779776,0,0,0,0.1,0,no_interval_samples,
effectiveness_v3_20260918T051310Z_753bf737,dev/core50_nc/quota_scan/quota_core50_nc_q160/0,quota_core50_nc_q160,core50_nc,0,training,8,151481.663862878,151497.734044847,16.07018196900026,70712320,121897984,159383552,159383552,167772160,0,2099195904,0,1878961152,0,2101207040,0,0.1,99,,
effectiveness_v3_20260918T051310Z_753bf737,dev/core50_nc/quota_scan/quota_core50_nc_q160/0,quota_core50_nc_q160,core50_nc,0,evaluation,8,151497.788774181,151508.231904694,10.443130512983771,70712320,114230272,159383552,159383552,167772160,0,2103484416,0,1883249664,0,2107498496,0,0.1,62,,
effectiveness_v3_20260918T051644Z_afe539fc,dev/core50_nc/quota_scan/quota_core50_nc_q176/0,quota_core50_nc_q176,core50_nc,0,setup,,151515.370747775,151515.748175028,0.37742725299904123,1395712,1395712,2097152,2097152,184549376,0,1348456448,0,1128324096,0,1320153088,0,0.1,1,,
effectiveness_v3_20260918T051644Z_afe539fc,dev/core50_nc/quota_scan/quota_core50_nc_q176/0,quota_core50_nc_q176,core50_nc,0,resource_transition,0,151515.769839907,151515.770282472,0.00044256498222239316,1395712,1395712,2097152,2097152,184549376,0,1348562944,0,1128340480,0,0,0,0.1,0,no_interval_samples,
effectiveness_v3_20260918T051644Z_afe539fc,dev/core50_nc/quota_scan/quota_core50_nc_q176/0,quota_core50_nc_q176,core50_nc,0,training,0,151515.789705092,151542.693383707,26.903678614995442,70712320,95452672,117440512,117440512,184549376,0,2038464512,0,1818229760,0,2036551680,0,0.1,168,,
effectiveness_v3_20260918T051644Z_afe539fc,dev/core50_nc/quota_scan/quota_core50_nc_q176/0,quota_core50_nc_q176,core50_nc,0,evaluation,0,151542.754045253,151544.533477629,1.77943237600266,70712320,114230272,159383552,159383552,184549376,0,2085896192,0,1865669632,0,2090811392,0,0.1,11,,
effectiveness_v3_20260918T051644Z_afe539fc,dev/core50_nc/quota_scan/quota_core50_nc_q176/0,quota_core50_nc_q176,core50_nc,0,resource_transition,1,151544.563932703,151544.564460991,0.0005282880156300962,70712320,70712320,159383552,159383552,184549376,0,2085912576,0,1865690112,0,0,0,0.1,0,no_interval_samples,
effectiveness_v3_20260918T051644Z_afe539fc,dev/core50_nc/quota_scan/quota_core50_nc_q176/0,quota_core50_nc_q176,core50_nc,0,training,1,151544.591519686,151558.447045527,13.855525841005147,70712320,121897984,159383552,159383552,184549376,0,2087952384,0,1867717632,0,2087493632,0,0.1,86,,
effectiveness_v3_20260918T051644Z_afe539fc,dev/core50_nc/quota_scan/quota_core50_nc_q176/0,quota_core50_nc_q176,core50_nc,0,evaluation,1,151558.512245416,151561.142588193,2.630342777003534,70712320,114230272,159383552,159383552,184549376,0,2092298240,0,1872063488,0,2092535808,0,0.1,16,,
effectiveness_v3_20260918T051644Z_afe539fc,dev/core50_nc/quota_scan/quota_core50_nc_q176/0,quota_core50_nc_q176,core50_nc,0,resource_transition,2,151561.170051064,151561.170533324,0.0004822600167244673,70712320,70712320,159383552,159383552,184549376,0,2092298240,0,1872063488,0,0,0,0.1,0,no_interval_samples,
effectiveness_v3_20260918T051644Z_afe539fc,dev/core50_nc/quota_scan/quota_core50_nc_q176/0,quota_core50_nc_q176,core50_nc,0,training,2,151561.196727204,151573.019328707,11.82260150302318,70712320,121897984,159383552,159383552,184549376,0,2088386560,0,1868151808,0,2092318720,0,0.1,73,,
effectiveness_v3_20260918T051644Z_afe539fc,dev/core50_nc/quota_scan/quota_core50_nc_q176/0,quota_core50_nc_q176,core50_nc,0,evaluation,2,151573.070289356,151577.345675876,4.275386519992026,70712320,114230272,159383552,159383552,184549376,0,2088402944,0,1868168192,0,2095386624,0,0.1,26,,
effectiveness_v3_20260918T051644Z_afe539fc,dev/core50_nc/quota_scan/quota_core50_nc_q176/0,quota_core50_nc_q176,core50_nc,0,resource_transition,3,151577.372269866,151577.372726088,0.00045622201287187636,70712320,70712320,159383552,159383552,184549376,0,2088407040,0,1868172288,0,0,0,0.1,0,no_interval_samples,
effectiveness_v3_20260918T051644Z_afe539fc,dev/core50_nc/quota_scan/quota_core50_nc_q176/0,quota_core50_nc_q176,core50_nc,0,training,3,151577.398370421,151589.123542683,11.725172261998523,70712320,121897984,159383552,159383552,184549376,0,2096955392,0,1876720640,0,2097459200,0,0.1,72,,
effectiveness_v3_20260918T051644Z_afe539fc,dev/core50_nc/quota_scan/quota_core50_nc_q176/0,quota_core50_nc_q176,core50_nc,0,evaluation,3,151589.173306821,151594.167025458,4.993718637007987,70712320,114230272,159383552,159383552,184549376,0,2101276672,0,1881041920,0,2103451648,0,0.1,30,,
effectiveness_v3_20260918T051644Z_afe539fc,dev/core50_nc/quota_scan/quota_core50_nc_q176/0,quota_core50_nc_q176,core50_nc,0,resource_transition,4,151594.196918311,151594.197444228,0.000525916984770447,70712320,70712320,159383552,159383552,184549376,0,2101276672,0,1881041920,0,0,0,0.1,0,no_interval_samples,
effectiveness_v3_20260918T051644Z_afe539fc,dev/core50_nc/quota_scan/quota_core50_nc_q176/0,quota_core50_nc_q176,core50_nc,0,training,4,151594.224630432,151606.640779837,12.416149405005854,70712320,121897984,159383552,159383552,184549376,0,2097455104,0,1877220352,0,2101276672,0,0.1,82,,
effectiveness_v3_20260918T051644Z_afe539fc,dev/core50_nc/quota_scan/quota_core50_nc_q176/0,quota_core50_nc_q176,core50_nc,0,evaluation,4,151606.706289736,151612.558666554,5.852376817987533,70712320,114230272,159383552,159383552,184549376,0,2102149120,0,1881914368,0,2103336960,0,0.1,41,,
effectiveness_v3_20260918T051644Z_afe539fc,dev/core50_nc/quota_scan/quota_core50_nc_q176/0,quota_core50_nc_q176,core50_nc,0,resource_transition,5,151612.584554942,151612.585009924,0.0004549819859676063,70712320,70712320,159383552,159383552,184549376,0,2102153216,0,1881918464,0,0,0,0.1,0,no_interval_samples,
effectiveness_v3_20260918T051644Z_afe539fc,dev/core50_nc/quota_scan/quota_core50_nc_q176/0,quota_core50_nc_q176,core50_nc,0,training,5,151612.612366312,151628.584769115,15.972402802988654,70712320,121897984,159383552,159383552,184549376,0,2099113984,0,1878879232,0,2099224576,0,0.1,102,,
effectiveness_v3_20260918T051644Z_afe539fc,dev/core50_nc/quota_scan/quota_core50_nc_q176/0,quota_core50_nc_q176,core50_nc,0,evaluation,5,151628.6576012,151635.910171768,7.252570568001829,70712320,114230272,159383552,159383552,184549376,0,2100547584,0,1880312832,0,2104913920,0,0.1,43,,
effectiveness_v3_20260918T051644Z_afe539fc,dev/core50_nc/quota_scan/quota_core50_nc_q176/0,quota_core50_nc_q176,core50_nc,0,resource_transition,6,151635.946337397,151635.946886175,0.0005487779853865504,70712320,70712320,159383552,159383552,184549376,0,2100551680,0,1880316928,0,0,0,0.1,0,no_interval_samples,
effectiveness_v3_20260918T051644Z_afe539fc,dev/core50_nc/quota_scan/quota_core50_nc_q176/0,quota_core50_nc_q176,core50_nc,0,training,6,151635.977153887,151651.242951138,15.265797250991454,70712320,121897984,159383552,159383552,184549376,0,2099560448,0,1879325696,0,2100666368,0,0.1,102,,
effectiveness_v3_20260918T051644Z_afe539fc,dev/core50_nc/quota_scan/quota_core50_nc_q176/0,quota_core50_nc_q176,core50_nc,0,evaluation,6,151651.301013239,151658.538357732,7.2373444930126425,70712320,114230272,159383552,159383552,184549376,0,2104143872,0,1883909120,0,2105720832,0,0.1,49,,
effectiveness_v3_20260918T051644Z_afe539fc,dev/core50_nc/quota_scan/quota_core50_nc_q176/0,quota_core50_nc_q176,core50_nc,0,resource_transition,7,151658.570030796,151658.570484009,0.0004532129969447851,70712320,70712320,159383552,159383552,184549376,0,2104143872,0,1883909120,0,0,0,0.1,0,no_interval_samples,
effectiveness_v3_20260918T051644Z_afe539fc,dev/core50_nc/quota_scan/quota_core50_nc_q176/0,quota_core50_nc_q176,core50_nc,0,training,7,151658.617540425,151673.079650858,14.462110432999907,70712320,121897984,159383552,159383552,184549376,0,2100662272,0,1880427520,0,2103119872,0,0.1,95,,
effectiveness_v3_20260918T051644Z_afe539fc,dev/core50_nc/quota_scan/quota_core50_nc_q176/0,quota_core50_nc_q176,core50_nc,0,evaluation,7,151673.135743211,151681.500911989,8.365168777992949,70712320,114230272,159383552,159383552,184549376,0,2107256832,0,1887022080,0,2107269120,0,0.1,58,,
effectiveness_v3_20260918T051644Z_afe539fc,dev/core50_nc/quota_scan/quota_core50_nc_q176/0,quota_core50_nc_q176,core50_nc,0,resource_transition,8,151681.530537563,151681.530983933,0.00044636998791247606,70712320,70712320,159383552,159383552,184549376,0,2107256832,0,1887022080,0,0,0,0.1,0,no_interval_samples,
effectiveness_v3_20260918T051644Z_afe539fc,dev/core50_nc/quota_scan/quota_core50_nc_q176/0,quota_core50_nc_q176,core50_nc,0,training,8,151681.559482377,151696.949914801,15.3904324239993,70712320,121897984,159383552,159383552,184549376,0,2100142080,0,1879907328,0,2107441152,0,0.1,103,,
effectiveness_v3_20260918T051644Z_afe539fc,dev/core50_nc/quota_scan/quota_core50_nc_q176/0,quota_core50_nc_q176,core50_nc,0,evaluation,8,151697.008437134,151706.958552212,9.950115077983355,70712320,114230272,159383552,159383552,184549376,0,2104369152,0,1884134400,0,2107580416,0,0.1,61,,
effectiveness_v3_20260918T052003Z_0326cd41,dev/core50_nc/quota_scan/quota_core50_nc_q192/0,quota_core50_nc_q192,core50_nc,0,setup,,151714.041856079,151714.427359488,0.3855034089938272,1395712,1395712,2097152,2097152,201326592,0,1348382720,0,1128242176,0,1308184576,0,0.1,1,,
effectiveness_v3_20260918T052003Z_0326cd41,dev/core50_nc/quota_scan/quota_core50_nc_q192/0,quota_core50_nc_q192,core50_nc,0,resource_transition,0,151714.44964558,151714.450052654,0.0004070739960297942,1395712,1395712,2097152,2097152,201326592,0,1348481024,0,1128262656,0,0,0,0.1,0,no_interval_samples,
effectiveness_v3_20260918T052003Z_0326cd41,dev/core50_nc/quota_scan/quota_core50_nc_q192/0,quota_core50_nc_q192,core50_nc,0,training,0,151714.468217996,151742.130877728,27.662659731984604,70712320,95452672,117440512,117440512,201326592,0,2038444032,0,1818209280,0,2036539392,0,0.1,174,,
effectiveness_v3_20260918T052003Z_0326cd41,dev/core50_nc/quota_scan/quota_core50_nc_q192/0,quota_core50_nc_q192,core50_nc,0,evaluation,0,151742.211089671,151744.332620248,2.121530576987425,70712320,114230272,159383552,159383552,201326592,0,2085871616,0,1865653248,0,2090790912,0,0.1,13,,
effectiveness_v3_20260918T052003Z_0326cd41,dev/core50_nc/quota_scan/quota_core50_nc_q192/0,quota_core50_nc_q192,core50_nc,0,resource_transition,1,151744.361595673,151744.362128108,0.0005324350204318762,70712320,70712320,159383552,159383552,201326592,0,2085896192,0,1865677824,0,0,0,0.1,0,no_interval_samples,
effectiveness_v3_20260918T052003Z_0326cd41,dev/core50_nc/quota_scan/quota_core50_nc_q192/0,quota_core50_nc_q192,core50_nc,0,training,1,151744.387280459,151760.67332882,16.286048361012945,70712320,121897984,159383552,159383552,201326592,0,2087800832,0,1867566080,0,2087403520,0,0.1,101,,
effectiveness_v3_20260918T052003Z_0326cd41,dev/core50_nc/quota_scan/quota_core50_nc_q192/0,quota_core50_nc_q192,core50_nc,0,evaluation,1,151760.756406535,151763.471181938,2.714775403001113,70712320,114230272,159383552,159383552,201326592,0,2092142592,0,1871907840,0,2092380160,0,0.1,16,,
effectiveness_v3_20260918T052003Z_0326cd41,dev/core50_nc/quota_scan/quota_core50_nc_q192/0,quota_core50_nc_q192,core50_nc,0,resource_transition,2,151763.49901317,151763.499488207,0.00047503699897788465,70712320,70712320,159383552,159383552,201326592,0,2092142592,0,1871907840,0,0,0,0.1,0,no_interval_samples,
effectiveness_v3_20260918T052003Z_0326cd41,dev/core50_nc/quota_scan/quota_core50_nc_q192/0,quota_core50_nc_q192,core50_nc,0,training,2,151763.52605742,151776.300994858,12.774937437992776,70712320,121897984,159383552,159383552,201326592,0,2088361984,0,1868127232,0,2092163072,0,0.1,80,,
effectiveness_v3_20260918T052003Z_0326cd41,dev/core50_nc/quota_scan/quota_core50_nc_q192/0,quota_core50_nc_q192,core50_nc,0,evaluation,2,151776.360174051,151780.87414095,4.513966899015941,70712320,114230272,159383552,159383552,201326592,0,2088374272,0,1868139520,0,2095362048,0,0.1,27,,
effectiveness_v3_20260918T052003Z_0326cd41,dev/core50_nc/quota_scan/quota_core50_nc_q192/0,quota_core50_nc_q192,core50_nc,0,resource_transition,3,151780.907961366,151780.90860231,0.0006409439956769347,70712320,70712320,159383552,159383552,201326592,0,2088378368,0,1868143616,0,0,0,0.1,0,no_interval_samples,
effectiveness_v3_20260918T052003Z_0326cd41,dev/core50_nc/quota_scan/quota_core50_nc_q192/0,quota_core50_nc_q192,core50_nc,0,training,3,151780.943726087,151797.834497705,16.890771617996506,70712320,121897984,159383552,159383552,201326592,0,2097098752,0,1876864000,0,2097856512,0,0.1,107,,
effectiveness_v3_20260918T052003Z_0326cd41,dev/core50_nc/quota_scan/quota_core50_nc_q192/0,quota_core50_nc_q192,core50_nc,0,evaluation,3,151797.89175026,151802.96444155,5.072691289999057,70712320,114230272,159383552,159383552,201326592,0,2101784576,0,1881549824,0,2103902208,0,0.1,32,,
effectiveness_v3_20260918T052003Z_0326cd41,dev/core50_nc/quota_scan/quota_core50_nc_q192/0,quota_core50_nc_q192,core50_nc,0,resource_transition,4,151802.991296004,151802.991765106,0.00046910200035199523,70712320,70712320,159383552,159383552,201326592,0,2101784576,0,1881549824,0,0,0,0.1,0,no_interval_samples,
effectiveness_v3_20260918T052003Z_0326cd41,dev/core50_nc/quota_scan/quota_core50_nc_q192/0,quota_core50_nc_q192,core50_nc,0,training,4,151803.032679273,151816.75380796,13.7211286870006,70712320,121897984,159383552,159383552,201326592,0,2097836032,0,1877601280,0,2101817344,0,0.1,85,,
effectiveness_v3_20260918T052003Z_0326cd41,dev/core50_nc/quota_scan/quota_core50_nc_q192/0,quota_core50_nc_q192,core50_nc,0,evaluation,4,151816.804097193,151822.972891052,6.168793858989375,70712320,114230272,159383552,159383552,201326592,0,2102525952,0,1882291200,0,2103705600,0,0.1,37,,
effectiveness_v3_20260918T052003Z_0326cd41,dev/core50_nc/quota_scan/quota_core50_nc_q192/0,quota_core50_nc_q192,core50_nc,0,resource_transition,5,151823.00060483,151823.001062738,0.00045790799777023494,70712320,70712320,159383552,159383552,201326592,0,2102530048,0,1882295296,0,0,0,0.1,0,no_interval_samples,
effectiveness_v3_20260918T052003Z_0326cd41,dev/core50_nc/quota_scan/quota_core50_nc_q192/0,quota_core50_nc_q192,core50_nc,0,training,5,151823.028775831,151834.579642301,11.550866470002802,70712320,121897984,159383552,159383552,201326592,0,2099089408,0,1878854656,0,2102530048,0,0.1,71,,
effectiveness_v3_20260918T052003Z_0326cd41,dev/core50_nc/quota_scan/quota_core50_nc_q192/0,quota_core50_nc_q192,core50_nc,0,evaluation,5,151834.629635718,151841.496424522,6.866788803978125,70712320,114230272,159383552,159383552,201326592,0,2103705600,0,1883470848,0,2104893440,0,0.1,41,,
effectiveness_v3_20260918T052003Z_0326cd41,dev/core50_nc/quota_scan/quota_core50_nc_q192/0,quota_core50_nc_q192,core50_nc,0,resource_transition,6,151841.525049707,151841.525490124,0.0004404170031193644,70712320,70712320,159383552,159383552,201326592,0,2103709696,0,1883474944,0,0,0,0.1,0,no_interval_samples,
effectiveness_v3_20260918T052003Z_0326cd41,dev/core50_nc/quota_scan/quota_core50_nc_q192/0,quota_core50_nc_q192,core50_nc,0,training,6,151841.552510625,151854.752670008,13.20015938297729,70712320,121897984,159383552,159383552,201326592,0,2099523584,0,1879288832,0,2100068352,0,0.1,86,,
effectiveness_v3_20260918T052003Z_0326cd41,dev/core50_nc/quota_scan/quota_core50_nc_q192/0,quota_core50_nc_q192,core50_nc,0,evaluation,6,151854.809888378,151862.009980784,7.200092406012118,70712320,114230272,159383552,159383552,201326592,0,2104107008,0,1883872256,0,2105688064,0,0.1,51,,
effectiveness_v3_20260918T052003Z_0326cd41,dev/core50_nc/quota_scan/quota_core50_nc_q192/0,quota_core50_nc_q192,core50_nc,0,resource_transition,7,151862.038713433,151862.039163451,0.00045001800754107535,70712320,70712320,159383552,159383552,201326592,0,2104107008,0,1883872256,0,0,0,0.1,0,no_interval_samples,
effectiveness_v3_20260918T052003Z_0326cd41,dev/core50_nc/quota_scan/quota_core50_nc_q192/0,quota_core50_nc_q192,core50_nc,0,training,7,151862.067372082,151877.255598241,15.18822615899262,70712320,121897984,159383552,159383552,201326592,0,2099712000,0,1879477248,0,2103619584,0,0.1,93,,
effectiveness_v3_20260918T052003Z_0326cd41,dev/core50_nc/quota_scan/quota_core50_nc_q192/0,quota_core50_nc_q192,core50_nc,0,evaluation,7,151877.338805999,151886.34119762,9.00239162100479,70712320,114230272,159383552,159383552,201326592,0,2101764096,0,1881529344,0,2107166720,0,0.1,54,,
effectiveness_v3_20260918T052003Z_0326cd41,dev/core50_nc/quota_scan/quota_core50_nc_q192/0,quota_core50_nc_q192,core50_nc,0,resource_transition,8,151886.368679861,151886.369130879,0.00045101798605173826,70712320,70712320,159383552,159383552,201326592,0,2101764096,0,1881529344,0,0,0,0.1,0,no_interval_samples,
effectiveness_v3_20260918T052003Z_0326cd41,dev/core50_nc/quota_scan/quota_core50_nc_q192/0,quota_core50_nc_q192,core50_nc,0,training,8,151886.395946295,151902.573466617,16.177520322002238,70712320,121897984,159383552,159383552,201326592,0,2099953664,0,1879718912,0,2101764096,0,0.1,102,,
effectiveness_v3_20260918T052003Z_0326cd41,dev/core50_nc/quota_scan/quota_core50_nc_q192/0,quota_core50_nc_q192,core50_nc,0,evaluation,8,151902.62757373,151912.819077904,10.19150417399942,70712320,114230272,159383552,159383552,201326592,0,2104238080,0,1884003328,0,2107449344,0,0.1,61,,
effectiveness_v3_20260918T052329Z_c1d89672,dev/core50_nc/quota_scan/quota_core50_nc_q208/0,quota_core50_nc_q208,core50_nc,0,setup,,151920.007471712,151920.388175268,0.3807035560021177,1395712,1395712,2097152,2097152,218103808,0,1351188480,0,1131052032,0,1318699008,0,0.1,1,,
effectiveness_v3_20260918T052329Z_c1d89672,dev/core50_nc/quota_scan/quota_core50_nc_q208/0,quota_core50_nc_q208,core50_nc,0,resource_transition,0,151920.408310249,151920.408725768,0.0004155189963057637,1395712,1395712,2097152,2097152,218103808,0,1351290880,0,1131068416,0,0,0,0.1,0,no_interval_samples,
effectiveness_v3_20260918T052329Z_c1d89672,dev/core50_nc/quota_scan/quota_core50_nc_q208/0,quota_core50_nc_q208,core50_nc,0,training,0,151920.427249731,151947.334595802,26.90734607100603,70712320,95452672,117440512,117440512,218103808,0,2040438784,0,1820204032,0,2038493184,0,0.1,169,,
effectiveness_v3_20260918T052329Z_c1d89672,dev/core50_nc/quota_scan/quota_core50_nc_q208/0,quota_core50_nc_q208,core50_nc,0,evaluation,0,151947.395136468,151949.244113712,1.8489772439934313,70712320,114230272,159383552,159383552,218103808,0,2087837696,0,1867611136,0,2092756992,0,0.1,11,,
effectiveness_v3_20260918T052329Z_c1d89672,dev/core50_nc/quota_scan/quota_core50_nc_q208/0,quota_core50_nc_q208,core50_nc,0,resource_transition,1,151949.302265833,151949.302864083,0.0005982500151731074,70712320,70712320,159383552,159383552,218103808,0,2087854080,0,1867635712,0,0,0,0.1,0,no_interval_samples,
effectiveness_v3_20260918T052329Z_c1d89672,dev/core50_nc/quota_scan/quota_core50_nc_q208/0,quota_core50_nc_q208,core50_nc,0,training,1,151949.332811658,151964.737795517,15.40498385898536,70712320,121897984,159383552,159383552,218103808,0,2089627648,0,1869392896,0,2089435136,0,0.1,96,,
effectiveness_v3_20260918T052329Z_c1d89672,dev/core50_nc/quota_scan/quota_core50_nc_q208/0,quota_core50_nc_q208,core50_nc,0,evaluation,1,151964.797357775,151967.455198296,2.65784052098752,70712320,114230272,159383552,159383552,218103808,0,2093969408,0,1873734656,0,2094206976,0,0.1,16,,
effectiveness_v3_20260918T052329Z_c1d89672,dev/core50_nc/quota_scan/quota_core50_nc_q208/0,quota_core50_nc_q208,core50_nc,0,resource_transition,2,151967.481280833,151967.481750685,0.00046985200606286526,70712320,70712320,159383552,159383552,218103808,0,2093969408,0,1873734656,0,0,0,0.1,0,no_interval_samples,
effectiveness_v3_20260918T052329Z_c1d89672,dev/core50_nc/quota_scan/quota_core50_nc_q208/0,quota_core50_nc_q208,core50_nc,0,training,2,151967.507479333,151980.740564236,13.233084903011331,70712320,121897984,159383552,159383552,218103808,0,2090524672,0,1870289920,0,2093969408,0,0.1,83,,
effectiveness_v3_20260918T052329Z_c1d89672,dev/core50_nc/quota_scan/quota_core50_nc_q208/0,quota_core50_nc_q208,core50_nc,0,evaluation,2,151980.798906254,151985.07128699,4.272380735987099,70712320,114230272,159383552,159383552,218103808,0,2090536960,0,1870302208,0,2097524736,0,0.1,25,,
effectiveness_v3_20260918T052329Z_c1d89672,dev/core50_nc/quota_scan/quota_core50_nc_q208/0,quota_core50_nc_q208,core50_nc,0,resource_transition,3,151985.103741999,151985.10431485,0.0005728510150220245,70712320,70712320,159383552,159383552,218103808,0,2090541056,0,1870306304,0,0,0,0.1,0,no_interval_samples,
effectiveness_v3_20260918T052329Z_c1d89672,dev/core50_nc/quota_scan/quota_core50_nc_q208/0,quota_core50_nc_q208,core50_nc,0,training,3,151985.161139303,152002.25958757,17.098448267002823,70712320,121897984,159383552,159383552,218103808,0,2098675712,0,1878440960,0,2099462144,0,0.1,107,,
effectiveness_v3_20260918T052329Z_c1d89672,dev/core50_nc/quota_scan/quota_core50_nc_q208/0,quota_core50_nc_q208,core50_nc,0,evaluation,3,152002.332223775,152007.622894407,5.290670631977264,70712320,114230272,159383552,159383552,218103808,0,2103357440,0,1883122688,0,2105470976,0,0.1,32,,
effectiveness_v3_20260918T052329Z_c1d89672,dev/core50_nc/quota_scan/quota_core50_nc_q208/0,quota_core50_nc_q208,core50_nc,0,resource_transition,4,152007.650511971,152007.650970323,0.00045835200580768287,70712320,70712320,159383552,159383552,218103808,0,2103357440,0,1883122688,0,0,0,0.1,0,no_interval_samples,
effectiveness_v3_20260918T052329Z_c1d89672,dev/core50_nc/quota_scan/quota_core50_nc_q208/0,quota_core50_nc_q208,core50_nc,0,training,4,152007.678356823,152021.815562703,14.137205880018882,70712320,121897984,159383552,159383552,218103808,0,2099519488,0,1879284736,0,2103357440,0,0.1,89,,
effectiveness_v3_20260918T052329Z_c1d89672,dev/core50_nc/quota_scan/quota_core50_nc_q208/0,quota_core50_nc_q208,core50_nc,0,evaluation,4,152021.877730081,152028.224482357,6.346752276003826,70712320,114230272,159383552,159383552,218103808,0,2104201216,0,1883966464,0,2105389056,0,0.1,38,,
effectiveness_v3_20260918T052329Z_c1d89672,dev/core50_nc/quota_scan/quota_core50_nc_q208/0,quota_core50_nc_q208,core50_nc,0,resource_transition,5,152028.272421171,152028.272877541,0.00045637000584974885,70712320,70712320,159383552,159383552,218103808,0,2104205312,0,1883970560,0,0,0,0.1,0,no_interval_samples,
effectiveness_v3_20260918T052329Z_c1d89672,dev/core50_nc/quota_scan/quota_core50_nc_q208/0,quota_core50_nc_q208,core50_nc,0,training,5,152028.298919355,152045.339188136,17.04026878098375,70712320,121897984,159383552,159383552,218103808,0,2100244480,0,1880009728,0,2100441088,0,0.1,106,,
effectiveness_v3_20260918T052329Z_c1d89672,dev/core50_nc/quota_scan/quota_core50_nc_q208/0,quota_core50_nc_q208,core50_nc,0,evaluation,5,152045.396879832,152052.602665179,7.205785347003257,70712320,114230272,159383552,159383552,218103808,0,2104958976,0,1884724224,0,2106101760,0,0.1,43,,
effectiveness_v3_20260918T052329Z_c1d89672,dev/core50_nc/quota_scan/quota_core50_nc_q208/0,quota_core50_nc_q208,core50_nc,0,resource_transition,6,152052.632252309,152052.632710661,0.00045835200580768287,70712320,70712320,159383552,159383552,218103808,0,2104963072,0,1884728320,0,0,0,0.1,0,no_interval_samples,
effectiveness_v3_20260918T052329Z_c1d89672,dev/core50_nc/quota_scan/quota_core50_nc_q208/0,quota_core50_nc_q208,core50_nc,0,training,6,152052.661659606,152068.638702803,15.97704319699551,70712320,121897984,159383552,159383552,218103808,0,2100744192,0,1880509440,0,2104963072,0,0.1,102,,
effectiveness_v3_20260918T052329Z_c1d89672,dev/core50_nc/quota_scan/quota_core50_nc_q208/0,quota_core50_nc_q208,core50_nc,0,evaluation,6,152068.691150341,152076.197614793,7.506464451987995,70712320,114230272,159383552,159383552,218103808,0,2105380864,0,1885146112,0,2106953728,0,0.1,51,,
effectiveness_v3_20260918T052329Z_c1d89672,dev/core50_nc/quota_scan/quota_core50_nc_q208/0,quota_core50_nc_q208,core50_nc,0,resource_transition,7,152076.231273023,152076.231817218,0.0005441950052045286,70712320,70712320,159383552,159383552,218103808,0,2105380864,0,1885146112,0,0,0,0.1,0,no_interval_samples,
effectiveness_v3_20260918T052329Z_c1d89672,dev/core50_nc/quota_scan/quota_core50_nc_q208/0,quota_core50_nc_q208,core50_nc,0,training,7,152076.261727523,152091.073278942,14.811551418999443,70712320,121897984,159383552,159383552,218103808,0,2100977664,0,1880742912,0,2105380864,0,0.1,101,,
effectiveness_v3_20260918T052329Z_c1d89672,dev/core50_nc/quota_scan/quota_core50_nc_q208/0,quota_core50_nc_q208,core50_nc,0,evaluation,7,152091.127115823,152099.519320626,8.392204802978085,70712320,114230272,159383552,159383552,218103808,0,2108428288,0,1888193536,0,2108436480,0,0.1,57,,
effectiveness_v3_20260918T052329Z_c1d89672,dev/core50_nc/quota_scan/quota_core50_nc_q208/0,quota_core50_nc_q208,core50_nc,0,resource_transition,8,152099.549371552,152099.54981396,0.00044240799616090953,70712320,70712320,159383552,159383552,218103808,0,2108428288,0,1888193536,0,0,0,0.1,0,no_interval_samples,
effectiveness_v3_20260918T052329Z_c1d89672,dev/core50_nc/quota_scan/quota_core50_nc_q208/0,quota_core50_nc_q208,core50_nc,0,training,8,152099.578634553,152115.989353581,16.410719028004678,70712320,121897984,159383552,159383552,218103808,0,2101989376,0,1881754624,0,2109825024,0,0.1,103,,
effectiveness_v3_20260918T052329Z_c1d89672,dev/core50_nc/quota_scan/quota_core50_nc_q208/0,quota_core50_nc_q208,core50_nc,0,evaluation,8,152116.05077737,152125.83215998,9.781382610002765,70712320,114230272,159383552,159383552,218103808,0,2106273792,0,1886039040,0,2109546496,0,0.1,58,,
effectiveness_v3_20260918T052702Z_ca15a41b,dev/core50_nc/quota_scan/quota_core50_nc_q224/0,quota_core50_nc_q224,core50_nc,0,setup,,152133.013902248,152133.391484393,0.37758214501081966,1395712,1395712,2097152,2097152,234881024,0,1348358144,0,1128229888,0,1321746432,0,0.1,1,,
effectiveness_v3_20260918T052702Z_ca15a41b,dev/core50_nc/quota_scan/quota_core50_nc_q224/0,quota_core50_nc_q224,core50_nc,0,resource_transition,0,152133.412648708,152133.413085652,0.00043694398482330143,1395712,1395712,2097152,2097152,234881024,0,1348468736,0,1128246272,0,0,0,0.1,0,no_interval_samples,
effectiveness_v3_20260918T052702Z_ca15a41b,dev/core50_nc/quota_scan/quota_core50_nc_q224/0,quota_core50_nc_q224,core50_nc,0,training,0,152133.431678448,152159.848706784,26.41702833599993,70712320,95452672,117440512,117440512,234881024,0,2038538240,0,1818303488,0,2036514816,0,0.1,165,,
effectiveness_v3_20260918T052702Z_ca15a41b,dev/core50_nc/quota_scan/quota_core50_nc_q224/0,quota_core50_nc_q224,core50_nc,0,evaluation,0,152159.937591773,152161.912349636,1.9747578630049247,70712320,114230272,159383552,159383552,234881024,0,2089480192,0,1869253632,0,2090758144,0,0.1,12,,
effectiveness_v3_20260918T052702Z_ca15a41b,dev/core50_nc/quota_scan/quota_core50_nc_q224/0,quota_core50_nc_q224,core50_nc,0,resource_transition,1,152161.940306248,152161.940753517,0.00044726900523528457,70712320,70712320,159383552,159383552,234881024,0,2089496576,0,1869278208,0,0,0,0.1,0,no_interval_samples,
effectiveness_v3_20260918T052702Z_ca15a41b,dev/core50_nc/quota_scan/quota_core50_nc_q224/0,quota_core50_nc_q224,core50_nc,0,training,1,152161.96766748,152177.37777184,15.410104359994875,70712320,121897984,159383552,159383552,234881024,0,2087755776,0,1867521024,0,2091237376,0,0.1,94,,
effectiveness_v3_20260918T052702Z_ca15a41b,dev/core50_nc/quota_scan/quota_core50_nc_q224/0,quota_core50_nc_q224,core50_nc,0,evaluation,1,152177.449463718,152180.127878239,2.678414521011291,70712320,114230272,159383552,159383552,234881024,0,2092101632,0,1871866880,0,2092199936,0,0.1,16,,
effectiveness_v3_20260918T052702Z_ca15a41b,dev/core50_nc/quota_scan/quota_core50_nc_q224/0,quota_core50_nc_q224,core50_nc,0,resource_transition,2,152180.156369044,152180.156828109,0.00045906499144621193,70712320,70712320,159383552,159383552,234881024,0,2092101632,0,1871866880,0,0,0,0.1,0,no_interval_samples,
effectiveness_v3_20260918T052702Z_ca15a41b,dev/core50_nc/quota_scan/quota_core50_nc_q224/0,quota_core50_nc_q224,core50_nc,0,training,2,152180.185013488,152190.309668764,10.124655276013073,70712320,121897984,159383552,159383552,234881024,0,2088525824,0,1868291072,0,2092101632,0,0.1,63,,
effectiveness_v3_20260918T052702Z_ca15a41b,dev/core50_nc/quota_scan/quota_core50_nc_q224/0,quota_core50_nc_q224,core50_nc,0,evaluation,2,152190.359863562,152194.495774545,4.135910983022768,70712320,114230272,159383552,159383552,234881024,0,2088534016,0,1868299264,0,2095517696,0,0.1,25,,
effectiveness_v3_20260918T052702Z_ca15a41b,dev/core50_nc/quota_scan/quota_core50_nc_q224/0,quota_core50_nc_q224,core50_nc,0,resource_transition,3,152194.526438026,152194.526890517,0.0004524910182226449,70712320,70712320,159383552,159383552,234881024,0,2088538112,0,1868303360,0,0,0,0.1,0,no_interval_samples,
effectiveness_v3_20260918T052702Z_ca15a41b,dev/core50_nc/quota_scan/quota_core50_nc_q224/0,quota_core50_nc_q224,core50_nc,0,training,3,152194.56759647,152209.087167713,14.519571242999518,70712320,121897984,159383552,159383552,234881024,0,2096672768,0,1876438016,0,2097905664,0,0.1,89,,
effectiveness_v3_20260918T052702Z_ca15a41b,dev/core50_nc/quota_scan/quota_core50_nc_q224/0,quota_core50_nc_q224,core50_nc,0,evaluation,3,152209.143362824,152214.039295542,4.895932718005497,70712320,114230272,159383552,159383552,234881024,0,2101350400,0,1881115648,0,2103521280,0,0.1,29,,
effectiveness_v3_20260918T052702Z_ca15a41b,dev/core50_nc/quota_scan/quota_core50_nc_q224/0,quota_core50_nc_q224,core50_nc,0,resource_transition,4,152214.068533867,152214.068987515,0.0004536480118986219,70712320,70712320,159383552,159383552,234881024,0,2101350400,0,1881115648,0,0,0,0.1,0,no_interval_samples,
effectiveness_v3_20260918T052702Z_ca15a41b,dev/core50_nc/quota_scan/quota_core50_nc_q224/0,quota_core50_nc_q224,core50_nc,0,training,4,152214.097348886,152228.195249829,14.097900943015702,70712320,121897984,159383552,159383552,234881024,0,2097397760,0,1877163008,0,2101374976,0,0.1,87,,
effectiveness_v3_20260918T052702Z_ca15a41b,dev/core50_nc/quota_scan/quota_core50_nc_q224/0,quota_core50_nc_q224,core50_nc,0,evaluation,4,152228.257759173,152234.762433478,6.5046743050043005,70712320,114230272,159383552,159383552,234881024,0,2102075392,0,1881840640,0,2103263232,0,0.1,39,,
effectiveness_v3_20260918T052702Z_ca15a41b,dev/core50_nc/quota_scan/quota_core50_nc_q224/0,quota_core50_nc_q224,core50_nc,0,resource_transition,5,152234.790034811,152234.790528792,0.0004939809732604772,70712320,70712320,159383552,159383552,234881024,0,2102079488,0,1881844736,0,0,0,0.1,0,no_interval_samples,
effectiveness_v3_20260918T052702Z_ca15a41b,dev/core50_nc/quota_scan/quota_core50_nc_q224/0,quota_core50_nc_q224,core50_nc,0,training,5,152234.817186208,152251.850841494,17.033655285980785,70712320,121897984,159383552,159383552,234881024,0,2098216960,0,1877982208,0,2098298880,0,0.1,105,,
effectiveness_v3_20260918T052702Z_ca15a41b,dev/core50_nc/quota_scan/quota_core50_nc_q224/0,quota_core50_nc_q224,core50_nc,0,evaluation,5,152251.925844589,152259.178845115,7.253000526019605,70712320,114230272,159383552,159383552,234881024,0,2102935552,0,1882700800,0,2104074240,0,0.1,43,,
effectiveness_v3_20260918T052702Z_ca15a41b,dev/core50_nc/quota_scan/quota_core50_nc_q224/0,quota_core50_nc_q224,core50_nc,0,resource_transition,6,152259.205555087,152259.206006217,0.0004511299775913358,70712320,70712320,159383552,159383552,234881024,0,2102939648,0,1882704896,0,0,0,0.1,0,no_interval_samples,
effectiveness_v3_20260918T052702Z_ca15a41b,dev/core50_nc/quota_scan/quota_core50_nc_q224/0,quota_core50_nc_q224,core50_nc,0,training,6,152259.232930059,152275.976818016,16.743887957010884,70712320,121897984,159383552,159383552,234881024,0,2098757632,0,1878522880,0,2102939648,0,0.1,103,,
effectiveness_v3_20260918T052702Z_ca15a41b,dev/core50_nc/quota_scan/quota_core50_nc_q224/0,quota_core50_nc_q224,core50_nc,0,evaluation,6,152276.034964293,152284.128971476,8.09400718298275,70712320,114230272,159383552,159383552,234881024,0,2103345152,0,1883110400,0,2104926208,0,0.1,47,,
effectiveness_v3_20260918T052702Z_ca15a41b,dev/core50_nc/quota_scan/quota_core50_nc_q224/0,quota_core50_nc_q224,core50_nc,0,resource_transition,7,152284.159490384,152284.159977986,0.00048760202480480075,70712320,70712320,159383552,159383552,234881024,0,2103345152,0,1883110400,0,0,0,0.1,0,no_interval_samples,
effectiveness_v3_20260918T052702Z_ca15a41b,dev/core50_nc/quota_scan/quota_core50_nc_q224/0,quota_core50_nc_q224,core50_nc,0,training,7,152284.187271403,152299.7137051,15.526433696999447,70712320,121897984,159383552,159383552,234881024,0,2099781632,0,1879546880,0,2102312960,0,0.1,94,,
effectiveness_v3_20260918T052702Z_ca15a41b,dev/core50_nc/quota_scan/quota_core50_nc_q224/0,quota_core50_nc_q224,core50_nc,0,evaluation,7,152299.796971858,152309.155922516,9.358950657973764,70712320,114230272,159383552,159383552,234881024,0,2101821440,0,1881586688,0,2107228160,0,0.1,56,,
effectiveness_v3_20260918T052702Z_ca15a41b,dev/core50_nc/quota_scan/quota_core50_nc_q224/0,quota_core50_nc_q224,core50_nc,0,resource_transition,8,152309.182342739,152309.182779748,0.0004370090027805418,70712320,70712320,159383552,159383552,234881024,0,2101821440,0,1881586688,0,0,0,0.1,0,no_interval_samples,
effectiveness_v3_20260918T052702Z_ca15a41b,dev/core50_nc/quota_scan/quota_core50_nc_q224/0,quota_core50_nc_q224,core50_nc,0,training,8,152309.208396656,152325.354628809,16.14623215299798,70712320,121897984,159383552,159383552,234881024,0,2100023296,0,1879788544,0,2101940224,0,0.1,99,,
effectiveness_v3_20260918T052702Z_ca15a41b,dev/core50_nc/quota_scan/quota_core50_nc_q224/0,quota_core50_nc_q224,core50_nc,0,evaluation,8,152325.440942098,152335.875626434,10.434684335981729,70712320,114230272,159383552,159383552,234881024,0,2104311808,0,1884077056,0,2108325888,0,0.1,61,,
effectiveness_v3_20260918T053032Z_b8606185,dev/core50_nc/quota_scan/quota_core50_nc_q240/0,quota_core50_nc_q240,core50_nc,0,setup,,152342.983213628,152343.361031515,0.3778178869979456,1395712,1395712,2097152,2097152,251658240,0,1348399104,0,1128279040,0,0,0,0.1,0,no_interval_samples,
effectiveness_v3_20260918T053032Z_b8606185,dev/core50_nc/quota_scan/quota_core50_nc_q240/0,quota_core50_nc_q240,core50_nc,0,resource_transition,0,152343.382892005,152343.383336625,0.0004446200036909431,1395712,1395712,2097152,2097152,251658240,0,1348517888,0,1128295424,0,0,0,0.1,0,no_interval_samples,
effectiveness_v3_20260918T053032Z_b8606185,dev/core50_nc/quota_scan/quota_core50_nc_q240/0,quota_core50_nc_q240,core50_nc,0,training,0,152343.402064745,152369.836995228,26.434930482995696,70712320,95452672,117440512,117440512,251658240,0,2038509568,0,1818274816,0,2036572160,0,0.1,166,,
effectiveness_v3_20260918T053032Z_b8606185,dev/core50_nc/quota_scan/quota_core50_nc_q240/0,quota_core50_nc_q240,core50_nc,0,evaluation,0,152369.901696359,152371.725608388,1.8239120289799757,70712320,114230272,159383552,159383552,251658240,0,2089574400,0,1869347840,0,2090852352,0,0.1,11,,
effectiveness_v3_20260918T053032Z_b8606185,dev/core50_nc/quota_scan/quota_core50_nc_q240/0,quota_core50_nc_q240,core50_nc,0,resource_transition,1,152371.754797008,152371.755263545,0.0004665369924623519,70712320,70712320,159383552,159383552,251658240,0,2089590784,0,1869372416,0,0,0,0.1,0,no_interval_samples,
effectiveness_v3_20260918T053032Z_b8606185,dev/core50_nc/quota_scan/quota_core50_nc_q240/0,quota_core50_nc_q240,core50_nc,0,training,1,152371.789747637,152387.853646744,16.06389910701546,70712320,121897984,159383552,159383552,251658240,0,2087841792,0,1867607040,0,2091327488,0,0.1,99,,
effectiveness_v3_20260918T053032Z_b8606185,dev/core50_nc/quota_scan/quota_core50_nc_q240/0,quota_core50_nc_q240,core50_nc,0,evaluation,1,152387.91314769,152390.585555565,2.672407874983037,70712320,114230272,159383552,159383552,251658240,0,2092122112,0,1871887360,0,2092421120,0,0.1,16,,
effectiveness_v3_20260918T053032Z_b8606185,dev/core50_nc/quota_scan/quota_core50_nc_q240/0,quota_core50_nc_q240,core50_nc,0,resource_transition,2,152390.614183138,152390.614668453,0.0004853149875998497,70712320,70712320,159383552,159383552,251658240,0,2092122112,0,1871887360,0,0,0,0.1,0,no_interval_samples,
effectiveness_v3_20260918T053032Z_b8606185,dev/core50_nc/quota_scan/quota_core50_nc_q240/0,quota_core50_nc_q240,core50_nc,0,training,2,152390.641775979,152403.538935897,12.897159918007674,70712320,121897984,159383552,159383552,251658240,0,2088607744,0,1868372992,0,2092122112,0,0.1,80,,
effectiveness_v3_20260918T053032Z_b8606185,dev/core50_nc/quota_scan/quota_core50_nc_q240/0,quota_core50_nc_q240,core50_nc,0,evaluation,2,152403.599003222,152407.721811192,4.122807969979476,70712320,114230272,159383552,159383552,251658240,0,2088620032,0,1868385280,0,2095603712,0,0.1,26,,
effectiveness_v3_20260918T053032Z_b8606185,dev/core50_nc/quota_scan/quota_core50_nc_q240/0,quota_core50_nc_q240,core50_nc,0,resource_transition,3,152407.752401348,152407.7528772,0.00047585199354216456,70712320,70712320,159383552,159383552,251658240,0,2088624128,0,1868389376,0,0,0,0.1,0,no_interval_samples,
effectiveness_v3_20260918T053032Z_b8606185,dev/core50_nc/quota_scan/quota_core50_nc_q240/0,quota_core50_nc_q240,core50_nc,0,training,3,152407.785088339,152424.459548042,16.674459703004686,70712320,121897984,159383552,159383552,251658240,0,2096758784,0,1876524032,0,2097659904,0,0.1,109,,
effectiveness_v3_20260918T053032Z_b8606185,dev/core50_nc/quota_scan/quota_core50_nc_q240/0,quota_core50_nc_q240,core50_nc,0,evaluation,3,152424.525061497,152429.763790646,5.238729148986749,70712320,114230272,159383552,159383552,251658240,0,2101440512,0,1881205760,0,2103549952,0,0.1,30,,
effectiveness_v3_20260918T053032Z_b8606185,dev/core50_nc/quota_scan/quota_core50_nc_q240/0,quota_core50_nc_q240,core50_nc,0,resource_transition,4,152429.802978682,152429.80344746,0.0004687779874075204,70712320,70712320,159383552,159383552,251658240,0,2101440512,0,1881205760,0,0,0,0.1,0,no_interval_samples,
effectiveness_v3_20260918T053032Z_b8606185,dev/core50_nc/quota_scan/quota_core50_nc_q240/0,quota_core50_nc_q240,core50_nc,0,training,4,152429.830791645,152443.817206812,13.9864151669899,70712320,121897984,159383552,159383552,251658240,0,2097491968,0,1877257216,0,2101473280,0,0.1,86,,
effectiveness_v3_20260918T053032Z_b8606185,dev/core50_nc/quota_scan/quota_core50_nc_q240/0,quota_core50_nc_q240,core50_nc,0,evaluation,4,152443.88183236,152450.162808804,6.280976443988038,70712320,114230272,159383552,159383552,251658240,0,2102169600,0,1881934848,0,2103357440,0,0.1,37,,
effectiveness_v3_20260918T053032Z_b8606185,dev/core50_nc/quota_scan/quota_core50_nc_q240/0,quota_core50_nc_q240,core50_nc,0,resource_transition,5,152450.212182695,152450.212708343,0.0005256480071693659,70712320,70712320,159383552,159383552,251658240,0,2102173696,0,1881938944,0,0,0,0.1,0,no_interval_samples,
effectiveness_v3_20260918T053032Z_b8606185,dev/core50_nc/quota_scan/quota_core50_nc_q240/0,quota_core50_nc_q240,core50_nc,0,training,5,152450.241004389,152466.916472079,16.675467689987272,70712320,121897984,159383552,159383552,251658240,0,2098307072,0,1878072320,0,2098384896,0,0.1,103,,
effectiveness_v3_20260918T053032Z_b8606185,dev/core50_nc/quota_scan/quota_core50_nc_q240/0,quota_core50_nc_q240,core50_nc,0,evaluation,5,152466.975724272,152474.214505394,7.2387811219959985,70712320,114230272,159383552,159383552,251658240,0,2103021568,0,1882786816,0,2104164352,0,0.1,44,,
effectiveness_v3_20260918T053032Z_b8606185,dev/core50_nc/quota_scan/quota_core50_nc_q240/0,quota_core50_nc_q240,core50_nc,0,resource_transition,6,152474.249488227,152474.250093931,0.0006057040009181947,70712320,70712320,159383552,159383552,251658240,0,2103025664,0,1882790912,0,0,0,0.1,0,no_interval_samples,
effectiveness_v3_20260918T053032Z_b8606185,dev/core50_nc/quota_scan/quota_core50_nc_q240/0,quota_core50_nc_q240,core50_nc,0,training,6,152474.279697209,152490.58740908,16.30771187102073,70712320,121897984,159383552,159383552,251658240,0,2098860032,0,1878625280,0,2102587392,0,0.1,101,,
effectiveness_v3_20260918T053032Z_b8606185,dev/core50_nc/quota_scan/quota_core50_nc_q240/0,quota_core50_nc_q240,core50_nc,0,evaluation,6,152490.646495014,152498.824465583,8.177970568998717,70712320,114230272,159383552,159383552,251658240,0,2103447552,0,1883212800,0,2105028608,0,0.1,48,,
effectiveness_v3_20260918T053032Z_b8606185,dev/core50_nc/quota_scan/quota_core50_nc_q240/0,quota_core50_nc_q240,core50_nc,0,resource_transition,7,152498.856132695,152498.856615297,0.00048260201583616436,70712320,70712320,159383552,159383552,251658240,0,2103447552,0,1883212800,0,0,0,0.1,0,no_interval_samples,
effectiveness_v3_20260918T053032Z_b8606185,dev/core50_nc/quota_scan/quota_core50_nc_q240/0,quota_core50_nc_q240,core50_nc,0,training,7,152498.906896185,152514.549111772,15.642215586995007,70712320,121897984,159383552,159383552,251658240,0,2099384320,0,1879149568,0,2102468608,0,0.1,95,,
effectiveness_v3_20260918T053032Z_b8606185,dev/core50_nc/quota_scan/quota_core50_nc_q240/0,quota_core50_nc_q240,core50_nc,0,evaluation,7,152514.608503873,152523.934533848,9.326029974996345,70712320,114230272,159383552,159383552,251658240,0,2101432320,0,1881197568,0,2106839040,0,0.1,55,,
effectiveness_v3_20260918T053032Z_b8606185,dev/core50_nc/quota_scan/quota_core50_nc_q240/0,quota_core50_nc_q240,core50_nc,0,resource_transition,8,152523.971437959,152523.972040875,0.0006029159994795918,70712320,70712320,159383552,159383552,251658240,0,2101432320,0,1881197568,0,0,0,0.1,0,no_interval_samples,
effectiveness_v3_20260918T053032Z_b8606185,dev/core50_nc/quota_scan/quota_core50_nc_q240/0,quota_core50_nc_q240,core50_nc,0,training,8,152524.008335291,152539.925008663,15.91667337200488,70712320,121897984,159383552,159383552,251658240,0,2100105216,0,1879870464,0,2102444032,0,0.1,100,,
effectiveness_v3_20260918T053032Z_b8606185,dev/core50_nc/quota_scan/quota_core50_nc_q240/0,quota_core50_nc_q240,core50_nc,0,evaluation,8,152539.982767267,152549.437136082,9.454368815000635,70712320,114230272,159383552,159383552,251658240,0,2104385536,0,1884150784,0,2107596800,0,0.1,65,,
effectiveness_v3_20260918T053405Z_da48ec62,dev/core50_nc/quota_scan/quota_core50_nc_q256/0,quota_core50_nc_q256,core50_nc,0,setup,,152556.588318401,152556.965889265,0.37757086401688866,1395712,1395712,2097152,2097152,268435456,0,1348374528,0,1128261632,0,1316745216,0,0.1,1,,
effectiveness_v3_20260918T053405Z_da48ec62,dev/core50_nc/quota_scan/quota_core50_nc_q256/0,quota_core50_nc_q256,core50_nc,0,resource_transition,0,152556.994809654,152556.995243246,0.00043359200935810804,1395712,1395712,2097152,2097152,268435456,0,1348485120,0,1128282112,0,0,0,0.1,0,no_interval_samples,
effectiveness_v3_20260918T053405Z_da48ec62,dev/core50_nc/quota_scan/quota_core50_nc_q256/0,quota_core50_nc_q256,core50_nc,0,training,0,152557.014679607,152583.338824953,26.324145346006844,70712320,95452672,117440512,117440512,268435456,0,2038579200,0,1818359808,0,2036498432,0,0.1,163,,
effectiveness_v3_20260918T053405Z_da48ec62,dev/core50_nc/quota_scan/quota_core50_nc_q256/0,quota_core50_nc_q256,core50_nc,0,evaluation,0,152583.427509463,152585.261803524,1.834294060972752,70712320,114230272,159383552,159383552,268435456,0,2084114432,0,1863903232,0,2090786816,0,0.1,11,,
effectiveness_v3_20260918T053405Z_da48ec62,dev/core50_nc/quota_scan/quota_core50_nc_q256/0,quota_core50_nc_q256,core50_nc,0,resource_transition,1,152585.289457051,152585.289912597,0.0004555460182018578,70712320,70712320,159383552,159383552,268435456,0,2084130816,0,1863915520,0,0,0,0.1,0,no_interval_samples,
effectiveness_v3_20260918T053405Z_da48ec62,dev/core50_nc/quota_scan/quota_core50_nc_q256/0,quota_core50_nc_q256,core50_nc,0,training,1,152585.316436254,152601.602302553,16.285866298974724,70712320,121897984,159383552,159383552,268435456,0,2087628800,0,1867409408,0,2087460864,0,0.1,100,,
effectiveness_v3_20260918T053405Z_da48ec62,dev/core50_nc/quota_scan/quota_core50_nc_q256/0,quota_core50_nc_q256,core50_nc,0,evaluation,1,152601.674788839,152604.384601017,2.709812177985441,70712320,114230272,159383552,159383552,268435456,0,2091974656,0,1871755264,0,2092208128,0,0.1,16,,
effectiveness_v3_20260918T053405Z_da48ec62,dev/core50_nc/quota_scan/quota_core50_nc_q256/0,quota_core50_nc_q256,core50_nc,0,resource_transition,2,152604.411786776,152604.412272785,0.00048600899754092097,70712320,70712320,159383552,159383552,268435456,0,2091974656,0,1871755264,0,0,0,0.1,0,no_interval_samples,
effectiveness_v3_20260918T053405Z_da48ec62,dev/core50_nc/quota_scan/quota_core50_nc_q256/0,quota_core50_nc_q256,core50_nc,0,training,2,152604.438530331,152617.831295204,13.392764872987755,70712320,121897984,159383552,159383552,268435456,0,2088349696,0,1868130304,0,2091995136,0,0.1,83,,
effectiveness_v3_20260918T053405Z_da48ec62,dev/core50_nc/quota_scan/quota_core50_nc_q256/0,quota_core50_nc_q256,core50_nc,0,evaluation,2,152617.891804157,152622.290753388,4.398949230992002,70712320,114230272,159383552,159383552,268435456,0,2088357888,0,1868138496,0,2095345664,0,0.1,27,,
effectiveness_v3_20260918T053405Z_da48ec62,dev/core50_nc/quota_scan/quota_core50_nc_q256/0,quota_core50_nc_q256,core50_nc,0,resource_transition,3,152622.325066204,152622.32561488,0.00054867600556463,70712320,70712320,159383552,159383552,268435456,0,2088361984,0,1868142592,0,0,0,0.1,0,no_interval_samples,
effectiveness_v3_20260918T053405Z_da48ec62,dev/core50_nc/quota_scan/quota_core50_nc_q256/0,quota_core50_nc_q256,core50_nc,0,training,3,152622.355353908,152639.537111552,17.18175764399348,70712320,121897984,159383552,159383552,268435456,0,2096984064,0,1876764672,0,2097876992,0,0.1,106,,
effectiveness_v3_20260918T053405Z_da48ec62,dev/core50_nc/quota_scan/quota_core50_nc_q256/0,quota_core50_nc_q256,core50_nc,0,evaluation,3,152639.596595653,152644.773991292,5.17739563898067,70712320,114230272,159383552,159383552,268435456,0,2101665792,0,1881446400,0,2103836672,0,0.1,31,,
effectiveness_v3_20260918T053405Z_da48ec62,dev/core50_nc/quota_scan/quota_core50_nc_q256/0,quota_core50_nc_q256,core50_nc,0,resource_transition,4,152644.800301654,152644.800758191,0.0004565370036289096,70712320,70712320,159383552,159383552,268435456,0,2101665792,0,1881446400,0,0,0,0.1,0,no_interval_samples,
effectiveness_v3_20260918T053405Z_da48ec62,dev/core50_nc/quota_scan/quota_core50_nc_q256/0,quota_core50_nc_q256,core50_nc,0,training,4,152644.826972534,152657.445652119,12.618679584993515,70712320,121897984,159383552,159383552,268435456,0,2097876992,0,1877657600,0,2101682176,0,0.1,78,,
effectiveness_v3_20260918T053405Z_da48ec62,dev/core50_nc/quota_scan/quota_core50_nc_q256/0,quota_core50_nc_q256,core50_nc,0,evaluation,4,152657.496299592,152663.493449633,5.9971500410174485,70712320,114230272,159383552,159383552,268435456,0,2102501376,0,1882281984,0,2103689216,0,0.1,36,,
effectiveness_v3_20260918T053405Z_da48ec62,dev/core50_nc/quota_scan/quota_core50_nc_q256/0,quota_core50_nc_q256,core50_nc,0,resource_transition,5,152663.52214242,152663.522593189,0.0004507690027821809,70712320,70712320,159383552,159383552,268435456,0,2102505472,0,1882286080,0,0,0,0.1,0,no_interval_samples,
effectiveness_v3_20260918T053405Z_da48ec62,dev/core50_nc/quota_scan/quota_core50_nc_q256/0,quota_core50_nc_q256,core50_nc,0,training,5,152663.560492273,152679.676760246,16.116267972975038,70712320,121897984,159383552,159383552,268435456,0,2098634752,0,1878415360,0,2098761728,0,0.1,99,,
effectiveness_v3_20260918T053405Z_da48ec62,dev/core50_nc/quota_scan/quota_core50_nc_q256/0,quota_core50_nc_q256,core50_nc,0,evaluation,5,152679.761804579,152686.833417203,7.071612623985857,70712320,114230272,159383552,159383552,268435456,0,2100178944,0,1879959552,0,2104500224,0,0.1,42,,
effectiveness_v3_20260918T053405Z_da48ec62,dev/core50_nc/quota_scan/quota_core50_nc_q256/0,quota_core50_nc_q256,core50_nc,0,resource_transition,6,152686.865079092,152686.865633453,0.0005543610022868961,70712320,70712320,159383552,159383552,268435456,0,2100183040,0,1879963648,0,0,0,0.1,0,no_interval_samples,
effectiveness_v3_20260918T053405Z_da48ec62,dev/core50_nc/quota_scan/quota_core50_nc_q256/0,quota_core50_nc_q256,core50_nc,0,training,6,152686.893401073,152702.967219606,16.073818533011945,70712320,121897984,159383552,159383552,268435456,0,2099171328,0,1878951936,0,2099720192,0,0.1,100,,
effectiveness_v3_20260918T053405Z_da48ec62,dev/core50_nc/quota_scan/quota_core50_nc_q256/0,quota_core50_nc_q256,core50_nc,0,evaluation,6,152703.026697487,152711.37227419,8.345576703024562,70712320,114230272,159383552,159383552,268435456,0,2103762944,0,1883543552,0,2105335808,0,0.1,50,,
effectiveness_v3_20260918T053405Z_da48ec62,dev/core50_nc/quota_scan/quota_core50_nc_q256/0,quota_core50_nc_q256,core50_nc,0,resource_transition,7,152711.398569828,152711.399026828,0.00045700001646764576,70712320,70712320,159383552,159383552,268435456,0,2103762944,0,1883543552,0,0,0,0.1,0,no_interval_samples,
effectiveness_v3_20260918T053405Z_da48ec62,dev/core50_nc/quota_scan/quota_core50_nc_q256/0,quota_core50_nc_q256,core50_nc,0,training,7,152711.424981383,152726.708112633,15.283131250005681,70712320,121897984,159383552,159383552,268435456,0,2099367936,0,1879148544,0,2102824960,0,0.1,93,,
effectiveness_v3_20260918T053405Z_da48ec62,dev/core50_nc/quota_scan/quota_core50_nc_q256/0,quota_core50_nc_q256,core50_nc,0,evaluation,7,152726.767708662,152736.035674917,9.267966254992643,70712320,114230272,159383552,159383552,268435456,0,2106814464,0,1886595072,0,2106822656,0,0.1,54,,
effectiveness_v3_20260918T053405Z_da48ec62,dev/core50_nc/quota_scan/quota_core50_nc_q256/0,quota_core50_nc_q256,core50_nc,0,resource_transition,8,152736.065978907,152736.066422647,0.0004437400202732533,70712320,70712320,159383552,159383552,268435456,0,2106814464,0,1886595072,0,0,0,0.1,0,no_interval_samples,
effectiveness_v3_20260918T053405Z_da48ec62,dev/core50_nc/quota_scan/quota_core50_nc_q256/0,quota_core50_nc_q256,core50_nc,0,training,8,152736.095278045,152752.247997878,16.152719833015,70712320,121897984,159383552,159383552,268435456,0,2100006912,0,1879787520,0,2106814464,0,0.1,100,,
effectiveness_v3_20260918T053405Z_da48ec62,dev/core50_nc/quota_scan/quota_core50_nc_q256/0,quota_core50_nc_q256,core50_nc,0,evaluation,8,152752.305990101,152762.568207165,10.262217063980643,70712320,114230272,159383552,159383552,268435456,0,2104295424,0,1884076032,0,2108309504,0,0.1,60,,
effectiveness_v3_20260918T053739Z_7f296087,dev/core50_nc/quota_scan/quota_core50_nc_q272/0,quota_core50_nc_q272,core50_nc,0,setup,,152769.655167013,152770.031206795,0.3760397820151411,1395712,1395712,2097152,2097152,285212672,0,1350275072,0,1130142720,0,0,0,0.1,0,no_interval_samples,
effectiveness_v3_20260918T053739Z_7f296087,dev/core50_nc/quota_scan/quota_core50_nc_q272/0,quota_core50_nc_q272,core50_nc,0,resource_transition,0,152770.053142526,152770.053585415,0.00044288899516686797,1395712,1395712,2097152,2097152,285212672,0,1350377472,0,1130163200,0,0,0,0.1,0,no_interval_samples,
effectiveness_v3_20260918T053739Z_7f296087,dev/core50_nc/quota_scan/quota_core50_nc_q272/0,quota_core50_nc_q272,core50_nc,0,training,0,152770.072781516,152797.243439701,27.17065818500123,70712320,95452672,117440512,117440512,285212672,0,2040360960,0,1820130304,0,2038448128,0,0.1,170,,
effectiveness_v3_20260918T053739Z_7f296087,dev/core50_nc/quota_scan/quota_core50_nc_q272/0,quota_core50_nc_q272,core50_nc,0,evaluation,0,152797.307612462,152799.243736792,1.9361243300081696,70712320,114230272,159383552,159383552,285212672,0,2086039552,0,1865829376,0,2092691456,0,0.1,12,,
effectiveness_v3_20260918T053739Z_7f296087,dev/core50_nc/quota_scan/quota_core50_nc_q272/0,quota_core50_nc_q272,core50_nc,0,resource_transition,1,152799.268705598,152799.269160968,0.0004553699982352555,70712320,70712320,159383552,159383552,285212672,0,2086064128,0,1865841664,0,0,0,0.1,0,no_interval_samples,
effectiveness_v3_20260918T053739Z_7f296087,dev/core50_nc/quota_scan/quota_core50_nc_q272/0,quota_core50_nc_q272,core50_nc,0,training,1,152799.294723069,152811.409605638,12.114882569003385,70712320,121897984,159383552,159383552,285212672,0,2089807872,0,1869577216,0,2089373696,0,0.1,74,,
effectiveness_v3_20260918T053739Z_7f296087,dev/core50_nc/quota_scan/quota_core50_nc_q272/0,quota_core50_nc_q272,core50_nc,0,evaluation,1,152811.460442518,152814.262246692,2.801804173999699,70712320,114230272,159383552,159383552,285212672,0,2094149632,0,1873918976,0,2094387200,0,0.1,16,,
effectiveness_v3_20260918T053739Z_7f296087,dev/core50_nc/quota_scan/quota_core50_nc_q272/0,quota_core50_nc_q272,core50_nc,0,resource_transition,2,152814.291381202,152814.291873387,0.0004921850049868226,70712320,70712320,159383552,159383552,285212672,0,2094149632,0,1873918976,0,0,0,0.1,0,no_interval_samples,
effectiveness_v3_20260918T053739Z_7f296087,dev/core50_nc/quota_scan/quota_core50_nc_q272/0,quota_core50_nc_q272,core50_nc,0,training,2,152814.318188758,152823.603415635,9.285226876992965,70712320,121897984,159383552,159383552,285212672,0,2090459136,0,1870228480,0,2091118592,0,0.1,56,,
effectiveness_v3_20260918T053739Z_7f296087,dev/core50_nc/quota_scan/quota_core50_nc_q272/0,quota_core50_nc_q272,core50_nc,0,evaluation,2,152823.658316615,152828.053846294,4.395529678993626,70712320,114230272,159383552,159383552,285212672,0,2090471424,0,1870240768,0,2097459200,0,0.1,26,,
effectiveness_v3_20260918T053739Z_7f296087,dev/core50_nc/quota_scan/quota_core50_nc_q272/0,quota_core50_nc_q272,core50_nc,0,resource_transition,3,152828.100935043,152828.101395654,0.00046061098692007363,70712320,70712320,159383552,159383552,285212672,0,2090475520,0,1870244864,0,0,0,0.1,0,no_interval_samples,
effectiveness_v3_20260918T053739Z_7f296087,dev/core50_nc/quota_scan/quota_core50_nc_q272/0,quota_core50_nc_q272,core50_nc,0,training,3,152828.128307727,152845.386079667,17.257771939999657,70712320,121897984,159383552,159383552,285212672,0,2098610176,0,1878379520,0,2099503104,0,0.1,107,,
effectiveness_v3_20260918T053739Z_7f296087,dev/core50_nc/quota_scan/quota_core50_nc_q272/0,quota_core50_nc_q272,core50_nc,0,evaluation,3,152845.45207661,152850.363824711,4.911748101003468,70712320,114230272,159383552,159383552,285212672,0,2103287808,0,1883057152,0,2105405440,0,0.1,29,,
effectiveness_v3_20260918T053739Z_7f296087,dev/core50_nc/quota_scan/quota_core50_nc_q272/0,quota_core50_nc_q272,core50_nc,0,resource_transition,4,152850.394962767,152850.395408322,0.00044555499334819615,70712320,70712320,159383552,159383552,285212672,0,2103287808,0,1883057152,0,0,0,0.1,0,no_interval_samples,
effectiveness_v3_20260918T053739Z_7f296087,dev/core50_nc/quota_scan/quota_core50_nc_q272/0,quota_core50_nc_q272,core50_nc,0,training,4,152850.421668286,152864.57610656,14.154438274010317,70712320,121897984,159383552,159383552,285212672,0,2099339264,0,1879108608,0,2103324672,0,0.1,87,,
effectiveness_v3_20260918T053739Z_7f296087,dev/core50_nc/quota_scan/quota_core50_nc_q272/0,quota_core50_nc_q272,core50_nc,0,evaluation,4,152864.63513231,152870.966082723,6.330950412986567,70712320,114230272,159383552,159383552,285212672,0,2099269632,0,1879038976,0,2105208832,0,0.1,36,,
effectiveness_v3_20260918T053739Z_7f296087,dev/core50_nc/quota_scan/quota_core50_nc_q272/0,quota_core50_nc_q272,core50_nc,0,resource_transition,5,152870.998589048,152870.999082076,0.0004930280265398324,70712320,70712320,159383552,159383552,285212672,0,2099273728,0,1879043072,0,0,0,0.1,0,no_interval_samples,
effectiveness_v3_20260918T053739Z_7f296087,dev/core50_nc/quota_scan/quota_core50_nc_q272/0,quota_core50_nc_q272,core50_nc,0,training,5,152871.030339697,152887.537414754,16.507075057015754,70712320,121897984,159383552,159383552,285212672,0,2100994048,0,1880763392,0,2101145600,0,0.1,101,,
effectiveness_v3_20260918T053739Z_7f296087,dev/core50_nc/quota_scan/quota_core50_nc_q272/0,quota_core50_nc_q272,core50_nc,0,evaluation,5,152887.606669012,152894.58317387,6.976504858001135,70712320,114230272,159383552,159383552,285212672,0,2105606144,0,1885375488,0,2106793984,0,0.1,41,,
effectiveness_v3_20260918T053739Z_7f296087,dev/core50_nc/quota_scan/quota_core50_nc_q272/0,quota_core50_nc_q272,core50_nc,0,resource_transition,6,152894.614775768,152894.61528875,0.0005129820201545954,70712320,70712320,159383552,159383552,285212672,0,2105610240,0,1885379584,0,0,0,0.1,0,no_interval_samples,
effectiveness_v3_20260918T053739Z_7f296087,dev/core50_nc/quota_scan/quota_core50_nc_q272/0,quota_core50_nc_q272,core50_nc,0,training,6,152894.646010342,152910.364760661,15.718750319007086,70712320,121897984,159383552,159383552,285212672,0,2101428224,0,1881197568,0,2102034432,0,0.1,100,,
effectiveness_v3_20260918T053739Z_7f296087,dev/core50_nc/quota_scan/quota_core50_nc_q272/0,quota_core50_nc_q272,core50_nc,0,evaluation,6,152910.418770172,152917.69948812,7.280717948015081,70712320,114230272,159383552,159383552,285212672,0,2106007552,0,1885776896,0,2107588608,0,0.1,51,,
effectiveness_v3_20260918T053739Z_7f296087,dev/core50_nc/quota_scan/quota_core50_nc_q272/0,quota_core50_nc_q272,core50_nc,0,resource_transition,7,152917.733378547,152917.733892213,0.0005136659892741591,70712320,70712320,159383552,159383552,285212672,0,2106007552,0,1885776896,0,0,0,0.1,0,no_interval_samples,
effectiveness_v3_20260918T053739Z_7f296087,dev/core50_nc/quota_scan/quota_core50_nc_q272/0,quota_core50_nc_q272,core50_nc,0,training,7,152917.76278724,152932.723425856,14.960638616001233,70712320,121897984,159383552,159383552,285212672,0,2101624832,0,1881394176,0,2105425920,0,0.1,99,,
effectiveness_v3_20260918T053739Z_7f296087,dev/core50_nc/quota_scan/quota_core50_nc_q272/0,quota_core50_nc_q272,core50_nc,0,evaluation,7,152932.779042191,152941.750080787,8.97103859600611,70712320,114230272,159383552,159383552,285212672,0,2103676928,0,1883446272,0,2109079552,0,0.1,53,,
effectiveness_v3_20260918T053739Z_7f296087,dev/core50_nc/quota_scan/quota_core50_nc_q272/0,quota_core50_nc_q272,core50_nc,0,resource_transition,8,152941.784788286,152941.785324879,0.0005365929973777384,70712320,70712320,159383552,159383552,285212672,0,2103676928,0,1883446272,0,0,0,0.1,0,no_interval_samples,
effectiveness_v3_20260918T053739Z_7f296087,dev/core50_nc/quota_scan/quota_core50_nc_q272/0,quota_core50_nc_q272,core50_nc,0,training,8,152941.827913887,152957.689790174,15.861876286973711,70712320,121897984,159383552,159383552,285212672,0,2101960704,0,1881730048,0,2104475648,0,0.1,97,,
effectiveness_v3_20260918T053739Z_7f296087,dev/core50_nc/quota_scan/quota_core50_nc_q272/0,quota_core50_nc_q272,core50_nc,0,evaluation,8,152957.775600386,152967.631008512,9.855408125993563,70712320,114230272,159383552,159383552,285212672,0,2106253312,0,1886022656,0,2110275584,0,0.1,58,,
effectiveness_v3_20260918T054112Z_d4208e97,dev/splitcifar100/quota_scan/quota_splitcifar100_q160/0,quota_splitcifar100_q160,splitcifar100,0,setup,,152982.922950015,152984.11669007,1.193740054994123,1408512,1408512,2097152,2097152,167772160,0,1535062016,0,1314874368,0,1623740416,0,0.1,7,,
effectiveness_v3_20260918T054112Z_d4208e97,dev/splitcifar100/quota_scan/quota_splitcifar100_q160/0,quota_splitcifar100_q160,splitcifar100,0,resource_transition,0,152984.141617356,152984.142085152,0.00046779599506407976,1408512,1408512,2097152,2097152,167772160,0,1535107072,0,1314882560,0,0,0,0.1,0,no_interval_samples,
effectiveness_v3_20260918T054112Z_d4208e97,dev/splitcifar100/quota_scan/quota_splitcifar100_q160/0,quota_splitcifar100_q160,splitcifar100,0,training,0,152984.162612374,152989.362642535,5.200030161009636,70750720,95481344,117440512,117440512,167772160,0,2206855168,0,1986622464,0,2209067008,0,0.1,33,,
effectiveness_v3_20260918T054112Z_d4208e97,dev/splitcifar100/quota_scan/quota_splitcifar100_q160/0,quota_splitcifar100_q160,splitcifar100,0,evaluation,0,152989.440233019,152989.677016757,0.23678373798611574,70750720,114268672,159383552,159383552,167772160,0,2260086784,0,2039854080,0,2258305024,0,0.1,1,,
effectiveness_v3_20260918T054112Z_d4208e97,dev/splitcifar100/quota_scan/quota_splitcifar100_q160/0,quota_splitcifar100_q160,splitcifar100,0,resource_transition,1,152989.708642413,152989.709174525,0.0005321119970176369,70750720,70750720,159383552,159383552,167772160,0,2260086784,0,2039854080,0,0,0,0.1,0,no_interval_samples,
effectiveness_v3_20260918T054112Z_d4208e97,dev/splitcifar100/quota_scan/quota_splitcifar100_q160/0,quota_splitcifar100_q160,splitcifar100,0,training,1,152989.734611126,152995.543118404,5.8085072779795155,70750720,121942528,159383552,159383552,167772160,0,2256527360,0,2036294656,0,2261843968,0,0.1,36,,
effectiveness_v3_20260918T054112Z_d4208e97,dev/splitcifar100/quota_scan/quota_splitcifar100_q160/0,quota_splitcifar100_q160,splitcifar100,0,evaluation,1,152995.611497711,152996.06874842,0.457250708976062,70750720,114268672,159383552,159383552,167772160,0,2262286336,0,2042053632,0,2262286336,0,0.1,3,,
effectiveness_v3_20260918T054112Z_d4208e97,dev/splitcifar100/quota_scan/quota_splitcifar100_q160/0,quota_splitcifar100_q160,splitcifar100,0,resource_transition,2,152996.101193207,152996.101755753,0.0005625460180453956,70750720,70750720,159383552,159383552,167772160,0,2262286336,0,2042053632,0,0,0,0.1,0,no_interval_samples,
effectiveness_v3_20260918T054112Z_d4208e97,dev/splitcifar100/quota_scan/quota_splitcifar100_q160/0,quota_splitcifar100_q160,splitcifar100,0,training,2,152996.12850855,153001.988402907,5.859894357010489,70750720,121942528,159383552,159383552,167772160,0,2256691200,0,2036458496,0,2262286336,0,0.1,36,,
effectiveness_v3_20260918T054112Z_d4208e97,dev/splitcifar100/quota_scan/quota_splitcifar100_q160/0,quota_splitcifar100_q160,splitcifar100,0,evaluation,2,153002.067382545,153002.759507376,0.6921248309954535,70750720,114268672,159383552,159383552,167772160,0,2261377024,0,2041144320,0,2262450176,0,0.1,4,,
effectiveness_v3_20260918T054112Z_d4208e97,dev/splitcifar100/quota_scan/quota_splitcifar100_q160/0,quota_splitcifar100_q160,splitcifar100,0,resource_transition,3,153002.791387431,153002.791988135,0.0006007039919495583,70750720,70750720,159383552,159383552,167772160,0,2261377024,0,2041144320,0,0,0,0.1,0,no_interval_samples,
effectiveness_v3_20260918T054112Z_d4208e97,dev/splitcifar100/quota_scan/quota_splitcifar100_q160/0,quota_splitcifar100_q160,splitcifar100,0,training,3,153002.819388903,153008.955493682,6.136104778997833,70750720,121942528,159383552,159383552,167772160,0,2256875520,0,2036642816,0,2261377024,0,0.1,38,,
effectiveness_v3_20260918T054112Z_d4208e97,dev/splitcifar100/quota_scan/quota_splitcifar100_q160/0,quota_splitcifar100_q160,splitcifar100,0,evaluation,3,153009.056649902,153010.028627859,0.9719779570004903,70750720,114268672,159383552,159383552,167772160,0,2261041152,0,2040808448,0,2261184512,0,0.1,6,,
effectiveness_v3_20260918T054112Z_d4208e97,dev/splitcifar100/quota_scan/quota_splitcifar100_q160/0,quota_splitcifar100_q160,splitcifar100,0,resource_transition,4,153010.06388159,153010.064521794,0.0006402040016837418,70750720,70750720,159383552,159383552,167772160,0,2261045248,0,2040812544,0,0,0,0.1,0,no_interval_samples,
effectiveness_v3_20260918T054112Z_d4208e97,dev/splitcifar100/quota_scan/quota_splitcifar100_q160/0,quota_splitcifar100_q160,splitcifar100,0,training,4,153010.093711367,153016.486594022,6.392882654996356,70750720,121942528,159383552,159383552,167772160,0,2256830464,0,2036597760,0,2261045248,0,0.1,39,,
effectiveness_v3_20260918T054112Z_d4208e97,dev/splitcifar100/quota_scan/quota_splitcifar100_q160/0,quota_splitcifar100_q160,splitcifar100,0,evaluation,4,153016.549551875,153017.790643267,1.2410913920029998,70750720,114268672,159383552,159383552,167772160,0,2260983808,0,2040751104,0,2261061632,0,0.1,8,,
effectiveness_v3_20260918T054112Z_d4208e97,dev/splitcifar100/quota_scan/quota_splitcifar100_q160/0,quota_splitcifar100_q160,splitcifar100,0,resource_transition,5,153017.82557861,153017.826195795,0.0006171849963720888,70750720,70750720,159383552,159383552,167772160,0,2260987904,0,2040755200,0,0,0,0.1,0,no_interval_samples,
effectiveness_v3_20260918T054112Z_d4208e97,dev/splitcifar100/quota_scan/quota_splitcifar100_q160/0,quota_splitcifar100_q160,splitcifar100,0,training,5,153017.855213787,153024.045109719,6.1898959320096765,70750720,121942528,159383552,159383552,167772160,0,2256896000,0,2036663296,0,2260987904,0,0.1,39,,
effectiveness_v3_20260918T054112Z_d4208e97,dev/splitcifar100/quota_scan/quota_splitcifar100_q160/0,quota_splitcifar100_q160,splitcifar100,0,evaluation,5,153024.143803138,153025.783238746,1.6394356079981662,70750720,114268672,159383552,159383552,167772160,0,2260996096,0,2040763392,0,2261073920,0,0.1,10,,
effectiveness_v3_20260918T054112Z_d4208e97,dev/splitcifar100/quota_scan/quota_splitcifar100_q160/0,quota_splitcifar100_q160,splitcifar100,0,resource_transition,6,153025.82245621,153025.823087765,0.0006315549835562706,70750720,70750720,159383552,159383552,167772160,0,2261000192,0,2040767488,0,0,0,0.1,0,no_interval_samples,
effectiveness_v3_20260918T054112Z_d4208e97,dev/splitcifar100/quota_scan/quota_splitcifar100_q160/0,quota_splitcifar100_q160,splitcifar100,0,training,6,153025.854219386,153031.940964439,6.08674505300587,70750720,121942528,159383552,159383552,167772160,0,2257797120,0,2037564416,0,2261106688,0,0.1,38,,
effectiveness_v3_20260918T054112Z_d4208e97,dev/splitcifar100/quota_scan/quota_splitcifar100_q160/0,quota_splitcifar100_q160,splitcifar100,0,evaluation,6,153032.0017198,153033.768404666,1.7666848660155665,70750720,114268672,159383552,159383552,167772160,0,2261192704,0,2040960000,0,2261204992,0,0.1,10,,
effectiveness_v3_20260918T054112Z_d4208e97,dev/splitcifar100/quota_scan/quota_splitcifar100_q160/0,quota_splitcifar100_q160,splitcifar100,0,resource_transition,7,153033.833642927,153033.834367232,0.0007243049913085997,70750720,70750720,159383552,159383552,167772160,0,2261192704,0,2040960000,0,0,0,0.1,0,no_interval_samples,
effectiveness_v3_20260918T054112Z_d4208e97,dev/splitcifar100/quota_scan/quota_splitcifar100_q160/0,quota_splitcifar100_q160,splitcifar100,0,training,7,153033.870828547,153039.758594376,5.887765829014825,70750720,121942528,159383552,159383552,167772160,0,2257014784,0,2036782080,0,2261217280,0,0.1,36,,
effectiveness_v3_20260918T054112Z_d4208e97,dev/splitcifar100/quota_scan/quota_splitcifar100_q160/0,quota_splitcifar100_q160,splitcifar100,0,evaluation,7,153039.865666088,153042.186790886,2.3211247979779728,70750720,114268672,159383552,159383552,167772160,0,2256941056,0,2036708352,0,2261176320,0,0.1,14,,
effectiveness_v3_20260918T054112Z_d4208e97,dev/splitcifar100/quota_scan/quota_splitcifar100_q160/0,quota_splitcifar100_q160,splitcifar100,0,resource_transition,8,153042.229713276,153042.230587526,0.0008742499921936542,70750720,70750720,159383552,159383552,167772160,0,2256941056,0,2036708352,0,0,0,0.1,0,no_interval_samples,
effectiveness_v3_20260918T054112Z_d4208e97,dev/splitcifar100/quota_scan/quota_splitcifar100_q160/0,quota_splitcifar100_q160,splitcifar100,0,training,8,153042.301710074,153048.364824328,6.063114253978711,70750720,121942528,159383552,159383552,167772160,0,2257055744,0,2036823040,0,2257932288,0,0.1,37,,
effectiveness_v3_20260918T054112Z_d4208e97,dev/splitcifar100/quota_scan/quota_splitcifar100_q160/0,quota_splitcifar100_q160,splitcifar100,0,evaluation,8,153048.452495692,153051.057423543,2.6049278510035947,70750720,114268672,159383552,159383552,167772160,0,2256986112,0,2036753408,0,2261704704,0,0.1,16,,
effectiveness_v3_20260918T054112Z_d4208e97,dev/splitcifar100/quota_scan/quota_splitcifar100_q160/0,quota_splitcifar100_q160,splitcifar100,0,resource_transition,9,153051.096782311,153051.09745382,0.0006715089839417487,70750720,70750720,159383552,159383552,167772160,0,2256990208,0,2036757504,0,0,0,0.1,0,no_interval_samples,
effectiveness_v3_20260918T054112Z_d4208e97,dev/splitcifar100/quota_scan/quota_splitcifar100_q160/0,quota_splitcifar100_q160,splitcifar100,0,training,9,153051.126956755,153057.200737739,6.073780984006589,70750720,121942528,159383552,159383552,167772160,0,2257113088,0,2036880384,0,2257981440,0,0.1,38,,
effectiveness_v3_20260918T054112Z_d4208e97,dev/splitcifar100/quota_scan/quota_splitcifar100_q160/0,quota_splitcifar100_q160,splitcifar100,0,evaluation,9,153057.264055303,153060.129563432,2.8655081290053204,70750720,114268672,159383552,159383552,167772160,0,2257047552,0,2036814848,0,2261299200,0,0.1,17,,
effectiveness_v3_20260918T054236Z_cc768590,dev/splitcifar100/quota_scan/quota_splitcifar100_q176/0,quota_splitcifar100_q176,splitcifar100,0,setup,,153067.269926954,153068.459716906,1.189789952011779,1408512,1408512,2097152,2097152,184549376,0,1535062016,0,1314870272,0,1528168448,0,0.1,7,,
effectiveness_v3_20260918T054236Z_cc768590,dev/splitcifar100/quota_scan/quota_splitcifar100_q176/0,quota_splitcifar100_q176,splitcifar100,0,resource_transition,0,153068.482623378,153068.483058656,0.0004352780233602971,1408512,1408512,2097152,2097152,184549376,0,1535102976,0,1314870272,0,0,0,0.1,0,no_interval_samples,
effectiveness_v3_20260918T054236Z_cc768590,dev/splitcifar100/quota_scan/quota_splitcifar100_q176/0,quota_splitcifar100_q176,splitcifar100,0,training,0,153068.502945646,153073.797655754,5.294710107991705,70750720,95481344,117440512,117440512,184549376,0,2206801920,0,1986569216,0,2209009664,0,0.1,34,,
effectiveness_v3_20260918T054236Z_cc768590,dev/splitcifar100/quota_scan/quota_splitcifar100_q176/0,quota_splitcifar100_q176,splitcifar100,0,evaluation,0,153073.863089762,153074.104127147,0.24103738501435146,70750720,114268672,159383552,159383552,184549376,0,2260013056,0,2039780352,0,2259099648,0,0.1,2,,
effectiveness_v3_20260918T054236Z_cc768590,dev/splitcifar100/quota_scan/quota_splitcifar100_q176/0,quota_splitcifar100_q176,splitcifar100,0,resource_transition,1,153074.132246952,153074.13276998,0.0005230279930401593,70750720,70750720,159383552,159383552,184549376,0,2260013056,0,2039780352,0,0,0,0.1,0,no_interval_samples,
effectiveness_v3_20260918T054236Z_cc768590,dev/splitcifar100/quota_scan/quota_splitcifar100_q176/0,quota_splitcifar100_q176,splitcifar100,0,training,1,153074.157628507,153080.282821204,6.125192696985323,70750720,121942528,159383552,159383552,184549376,0,2256478208,0,2036245504,0,2260353024,0,0.1,39,,
effectiveness_v3_20260918T054236Z_cc768590,dev/splitcifar100/quota_scan/quota_splitcifar100_q176/0,quota_splitcifar100_q176,splitcifar100,0,evaluation,1,153080.345975101,153080.748750349,0.4027752480178606,70750720,114268672,159383552,159383552,184549376,0,2262228992,0,2041996288,0,2262228992,0,0.1,2,,
effectiveness_v3_20260918T054236Z_cc768590,dev/splitcifar100/quota_scan/quota_splitcifar100_q176/0,quota_splitcifar100_q176,splitcifar100,0,resource_transition,2,153080.804770434,153080.805363277,0.0005928429891355336,70750720,70750720,159383552,159383552,184549376,0,2262228992,0,2041996288,0,0,0,0.1,0,no_interval_samples,
effectiveness_v3_20260918T054236Z_cc768590,dev/splitcifar100/quota_scan/quota_splitcifar100_q176/0,quota_splitcifar100_q176,splitcifar100,0,training,2,153080.835934398,153086.848182512,6.012248114013346,70750720,121942528,159383552,159383552,184549376,0,2256629760,0,2036397056,0,2262704128,0,0.1,38,,
effectiveness_v3_20260918T054236Z_cc768590,dev/splitcifar100/quota_scan/quota_splitcifar100_q176/0,quota_splitcifar100_q176,splitcifar100,0,evaluation,2,153086.915434791,153087.601238769,0.6858039780054241,70750720,114268672,159383552,159383552,184549376,0,2261270528,0,2041037824,0,2262380544,0,0.1,4,,
effectiveness_v3_20260918T054236Z_cc768590,dev/splitcifar100/quota_scan/quota_splitcifar100_q176/0,quota_splitcifar100_q176,splitcifar100,0,resource_transition,3,153087.634848111,153087.635450269,0.0006021580193191767,70750720,70750720,159383552,159383552,184549376,0,2261270528,0,2041037824,0,0,0,0.1,0,no_interval_samples,
effectiveness_v3_20260918T054236Z_cc768590,dev/splitcifar100/quota_scan/quota_splitcifar100_q176/0,quota_splitcifar100_q176,splitcifar100,0,training,3,153087.662458851,153093.682670913,6.020212061994243,70750720,121942528,159383552,159383552,184549376,0,2256719872,0,2036487168,0,2261291008,0,0.1,38,,
effectiveness_v3_20260918T054236Z_cc768590,dev/splitcifar100/quota_scan/quota_splitcifar100_q176/0,quota_splitcifar100_q176,splitcifar100,0,evaluation,3,153093.747955285,153094.711793976,0.9638386909791734,70750720,114268672,159383552,159383552,184549376,0,2260930560,0,2040697856,0,2261082112,0,0.1,6,,
effectiveness_v3_20260918T054236Z_cc768590,dev/splitcifar100/quota_scan/quota_splitcifar100_q176/0,quota_splitcifar100_q176,splitcifar100,0,resource_transition,4,153094.746704199,153094.747296588,0.000592388998484239,70750720,70750720,159383552,159383552,184549376,0,2260934656,0,2040701952,0,0,0,0.1,0,no_interval_samples,
effectiveness_v3_20260918T054236Z_cc768590,dev/splitcifar100/quota_scan/quota_splitcifar100_q176/0,quota_splitcifar100_q176,splitcifar100,0,training,4,153094.776191949,153101.050460422,6.274268473003758,70750720,121942528,159383552,159383552,184549376,0,2257625088,0,2037392384,0,2260934656,0,0.1,38,,
effectiveness_v3_20260918T054236Z_cc768590,dev/splitcifar100/quota_scan/quota_splitcifar100_q176/0,quota_splitcifar100_q176,splitcifar100,0,evaluation,4,153101.116248627,153102.398678934,1.282430307008326,70750720,114268672,159383552,159383552,184549376,0,2260942848,0,2040710144,0,2261020672,0,0.1,8,,
effectiveness_v3_20260918T054236Z_cc768590,dev/splitcifar100/quota_scan/quota_splitcifar100_q176/0,quota_splitcifar100_q176,splitcifar100,0,resource_transition,5,153102.434817573,153102.435448499,0.0006309259915724397,70750720,70750720,159383552,159383552,184549376,0,2260946944,0,2040714240,0,0,0,0.1,0,no_interval_samples,
effectiveness_v3_20260918T054236Z_cc768590,dev/splitcifar100/quota_scan/quota_splitcifar100_q176/0,quota_splitcifar100_q176,splitcifar100,0,training,5,153102.464419581,153108.577260758,6.112841177004157,70750720,121942528,159383552,159383552,184549376,0,2256785408,0,2036552704,0,2260946944,0,0.1,38,,
effectiveness_v3_20260918T054236Z_cc768590,dev/splitcifar100/quota_scan/quota_splitcifar100_q176/0,quota_splitcifar100_q176,splitcifar100,0,evaluation,5,153108.64472597,153110.207622231,1.5628962610207964,70750720,114268672,159383552,159383552,184549376,0,2260946944,0,2040714240,0,2260967424,0,0.1,10,,
effectiveness_v3_20260918T054236Z_cc768590,dev/splitcifar100/quota_scan/quota_splitcifar100_q176/0,quota_splitcifar100_q176,splitcifar100,0,resource_transition,6,153110.245710101,153110.246353305,0.0006432039954233915,70750720,70750720,159383552,159383552,184549376,0,2260951040,0,2040718336,0,0,0,0.1,0,no_interval_samples,
effectiveness_v3_20260918T054236Z_cc768590,dev/splitcifar100/quota_scan/quota_splitcifar100_q176/0,quota_splitcifar100_q176,splitcifar100,0,training,6,153110.275446073,153116.390244664,6.114798591006547,70750720,121942528,159383552,159383552,184549376,0,2256936960,0,2036704256,0,2260967424,0,0.1,38,,
effectiveness_v3_20260918T054236Z_cc768590,dev/splitcifar100/quota_scan/quota_splitcifar100_q176/0,quota_splitcifar100_q176,splitcifar100,0,evaluation,6,153116.456416619,153118.46670105,2.0102844309876673,70750720,114268672,159383552,159383552,184549376,0,2256867328,0,2036634624,0,2261164032,0,0.1,11,,
effectiveness_v3_20260918T054236Z_cc768590,dev/splitcifar100/quota_scan/quota_splitcifar100_q176/0,quota_splitcifar100_q176,splitcifar100,0,resource_transition,7,153118.509010273,153118.509873115,0.0008628419891465455,70750720,70750720,159383552,159383552,184549376,0,2256867328,0,2036634624,0,0,0,0.1,0,no_interval_samples,
effectiveness_v3_20260918T054236Z_cc768590,dev/splitcifar100/quota_scan/quota_splitcifar100_q176/0,quota_splitcifar100_q176,splitcifar100,0,training,7,153118.550015644,153124.581825682,6.031810037995456,70750720,121942528,159383552,159383552,184549376,0,2256986112,0,2036753408,0,2258079744,0,0.1,37,,
effectiveness_v3_20260918T054236Z_cc768590,dev/splitcifar100/quota_scan/quota_splitcifar100_q176/0,quota_splitcifar100_q176,splitcifar100,0,evaluation,7,153124.663348023,153126.884893144,2.221545120992232,70750720,114268672,159383552,159383552,184549376,0,2256920576,0,2036687872,0,2261147648,0,0.1,13,,
effectiveness_v3_20260918T054236Z_cc768590,dev/splitcifar100/quota_scan/quota_splitcifar100_q176/0,quota_splitcifar100_q176,splitcifar100,0,resource_transition,8,153126.929106217,153126.929888643,0.0007824260101187974,70750720,70750720,159383552,159383552,184549376,0,2256920576,0,2036687872,0,0,0,0.1,0,no_interval_samples,
effectiveness_v3_20260918T054236Z_cc768590,dev/splitcifar100/quota_scan/quota_splitcifar100_q176/0,quota_splitcifar100_q176,splitcifar100,0,training,8,153126.964111587,153132.762003517,5.797891930007609,70750720,121942528,159383552,159383552,184549376,0,2257854464,0,2037621760,0,2257895424,0,0.1,36,,
effectiveness_v3_20260918T054236Z_cc768590,dev/splitcifar100/quota_scan/quota_splitcifar100_q176/0,quota_splitcifar100_q176,splitcifar100,0,evaluation,8,153132.826944898,153135.229858758,2.402913859987166,70750720,114268672,159383552,159383552,184549376,0,2256957440,0,2036724736,0,2261663744,0,0.1,15,,
effectiveness_v3_20260918T054236Z_cc768590,dev/splitcifar100/quota_scan/quota_splitcifar100_q176/0,quota_splitcifar100_q176,splitcifar100,0,resource_transition,9,153135.271760868,153135.272555488,0.0007946199912112206,70750720,70750720,159383552,159383552,184549376,0,2256961536,0,2036728832,0,0,0,0.1,0,no_interval_samples,
effectiveness_v3_20260918T054236Z_cc768590,dev/splitcifar100/quota_scan/quota_splitcifar100_q176/0,quota_splitcifar100_q176,splitcifar100,0,training,9,153135.304734627,153141.358996445,6.054261818004306,70750720,121942528,159383552,159383552,184549376,0,2257063936,0,2036831232,0,2258001920,0,0.1,38,,
effectiveness_v3_20260918T054236Z_cc768590,dev/splitcifar100/quota_scan/quota_splitcifar100_q176/0,quota_splitcifar100_q176,splitcifar100,0,evaluation,9,153141.42175199,153144.447795245,3.0260432549985126,70750720,114268672,159383552,159383552,184549376,0,2256998400,0,2036765696,0,2261241856,0,0.1,19,,
effectiveness_v3_20260918T054400Z_e4bd3c8e,dev/splitcifar100/quota_scan/quota_splitcifar100_q192/0,quota_splitcifar100_q192,splitcifar100,0,setup,,153151.550737545,153152.739412405,1.1886748599936254,1408512,1408512,2097152,2097152,201326592,0,1535033344,0,1314833408,0,1528139776,0,0.1,7,,
effectiveness_v3_20260918T054400Z_e4bd3c8e,dev/splitcifar100/quota_scan/quota_splitcifar100_q192/0,quota_splitcifar100_q192,splitcifar100,0,resource_transition,0,153152.762355775,153152.762788886,0.0004331110103521496,1408512,1408512,2097152,2097152,201326592,0,1535066112,0,1314845696,0,0,0,0.1,0,no_interval_samples,
effectiveness_v3_20260918T054400Z_e4bd3c8e,dev/splitcifar100/quota_scan/quota_splitcifar100_q192/0,quota_splitcifar100_q192,splitcifar100,0,training,0,153152.782306469,153157.98083294,5.198526471009245,70750720,95481344,117440512,117440512,201326592,0,2206842880,0,1986610176,0,2209050624,0,0.1,34,,
effectiveness_v3_20260918T054400Z_e4bd3c8e,dev/splitcifar100/quota_scan/quota_splitcifar100_q192/0,quota_splitcifar100_q192,splitcifar100,0,evaluation,0,153158.050786506,153158.315302046,0.2645155399804935,70750720,114268672,159383552,159383552,201326592,0,2260058112,0,2039825408,0,2259144704,0,0.1,2,,
effectiveness_v3_20260918T054400Z_e4bd3c8e,dev/splitcifar100/quota_scan/quota_splitcifar100_q192/0,quota_splitcifar100_q192,splitcifar100,0,resource_transition,1,153158.347941147,153158.348487536,0.0005463889974635094,70750720,70750720,159383552,159383552,201326592,0,2260058112,0,2039825408,0,0,0,0.1,0,no_interval_samples,
effectiveness_v3_20260918T054400Z_e4bd3c8e,dev/splitcifar100/quota_scan/quota_splitcifar100_q192/0,quota_splitcifar100_q192,splitcifar100,0,training,1,153158.375203961,153164.379851971,6.004648009984521,70750720,121942528,159383552,159383552,201326592,0,2256580608,0,2036347904,0,2260353024,0,0.1,37,,
effectiveness_v3_20260918T054400Z_e4bd3c8e,dev/splitcifar100/quota_scan/quota_splitcifar100_q192/0,quota_splitcifar100_q192,splitcifar100,0,evaluation,1,153164.443876991,153164.872787467,0.42891047601005994,70750720,114268672,159383552,159383552,201326592,0,2261270528,0,2041037824,0,2262331392,0,0.1,2,,
effectiveness_v3_20260918T054400Z_e4bd3c8e,dev/splitcifar100/quota_scan/quota_splitcifar100_q192/0,quota_splitcifar100_q192,splitcifar100,0,resource_transition,2,153164.919751745,153164.920363718,0.0006119729951024055,70750720,70750720,159383552,159383552,201326592,0,2261270528,0,2041037824,0,0,0,0.1,0,no_interval_samples,
effectiveness_v3_20260918T054400Z_e4bd3c8e,dev/splitcifar100/quota_scan/quota_splitcifar100_q192/0,quota_splitcifar100_q192,splitcifar100,0,training,2,153164.947638376,153170.825807971,5.878169595001964,70750720,121942528,159383552,159383552,201326592,0,2256756736,0,2036524032,0,2261778432,0,0.1,36,,
effectiveness_v3_20260918T054400Z_e4bd3c8e,dev/splitcifar100/quota_scan/quota_splitcifar100_q192/0,quota_splitcifar100_q192,splitcifar100,0,evaluation,2,153170.909532654,153171.613107393,0.7035747389891185,70750720,114268672,159383552,159383552,201326592,0,2260922368,0,2040689664,0,2260934656,0,0.1,4,,
effectiveness_v3_20260918T054400Z_e4bd3c8e,dev/splitcifar100/quota_scan/quota_splitcifar100_q192/0,quota_splitcifar100_q192,splitcifar100,0,resource_transition,3,153171.647888264,153171.648494348,0.0006060839805286378,70750720,70750720,159383552,159383552,201326592,0,2260922368,0,2040689664,0,0,0,0.1,0,no_interval_samples,
effectiveness_v3_20260918T054400Z_e4bd3c8e,dev/splitcifar100/quota_scan/quota_splitcifar100_q192/0,quota_splitcifar100_q192,splitcifar100,0,training,3,153171.676729969,153177.565160796,5.888430826977128,70750720,121942528,159383552,159383552,201326592,0,2256896000,0,2036663296,0,2257752064,0,0.1,36,,
effectiveness_v3_20260918T054400Z_e4bd3c8e,dev/splitcifar100/quota_scan/quota_splitcifar100_q192/0,quota_splitcifar100_q192,splitcifar100,0,evaluation,3,153177.630808878,153178.571556884,0.9407480060181115,70750720,114268672,159383552,159383552,201326592,0,2261057536,0,2040824832,0,2261258240,0,0.1,6,,
effectiveness_v3_20260918T054400Z_e4bd3c8e,dev/splitcifar100/quota_scan/quota_splitcifar100_q192/0,quota_splitcifar100_q192,splitcifar100,0,resource_transition,4,153178.606359487,153178.606927885,0.0005683980125468224,70750720,70750720,159383552,159383552,201326592,0,2261061632,0,2040828928,0,0,0,0.1,0,no_interval_samples,
effectiveness_v3_20260918T054400Z_e4bd3c8e,dev/splitcifar100/quota_scan/quota_splitcifar100_q192/0,quota_splitcifar100_q192,splitcifar100,0,training,4,153178.634971099,153184.693075293,6.058104194002226,70750720,121942528,159383552,159383552,201326592,0,2256887808,0,2036655104,0,2261061632,0,0.1,37,,
effectiveness_v3_20260918T054400Z_e4bd3c8e,dev/splitcifar100/quota_scan/quota_splitcifar100_q192/0,quota_splitcifar100_q192,splitcifar100,0,evaluation,4,153184.761322341,153186.012966528,1.2516441870247945,70750720,114268672,159383552,159383552,201326592,0,2261045248,0,2040812544,0,2261123072,0,0.1,8,,
effectiveness_v3_20260918T054400Z_e4bd3c8e,dev/splitcifar100/quota_scan/quota_splitcifar100_q192/0,quota_splitcifar100_q192,splitcifar100,0,resource_transition,5,153186.049880361,153186.050504444,0.0006240829825401306,70750720,70750720,159383552,159383552,201326592,0,2261049344,0,2040816640,0,0,0,0.1,0,no_interval_samples,
effectiveness_v3_20260918T054400Z_e4bd3c8e,dev/splitcifar100/quota_scan/quota_splitcifar100_q192/0,quota_splitcifar100_q192,splitcifar100,0,training,5,153186.079176962,153192.007853869,5.928676907002227,70750720,121942528,159383552,159383552,201326592,0,2257813504,0,2037580800,0,2261086208,0,0.1,37,,
effectiveness_v3_20260918T054400Z_e4bd3c8e,dev/splitcifar100/quota_scan/quota_splitcifar100_q192/0,quota_splitcifar100_q192,splitcifar100,0,evaluation,5,153192.073028145,153193.623797287,1.5507691419916227,70750720,114268672,159383552,159383552,201326592,0,2261073920,0,2040841216,0,2261151744,0,0.1,9,,
effectiveness_v3_20260918T054400Z_e4bd3c8e,dev/splitcifar100/quota_scan/quota_splitcifar100_q192/0,quota_splitcifar100_q192,splitcifar100,0,resource_transition,6,153193.662827953,153193.663496092,0.0006681389932055026,70750720,70750720,159383552,159383552,201326592,0,2261078016,0,2040845312,0,0,0,0.1,0,no_interval_samples,
effectiveness_v3_20260918T054400Z_e4bd3c8e,dev/splitcifar100/quota_scan/quota_splitcifar100_q192/0,quota_splitcifar100_q192,splitcifar100,0,training,6,153193.692887489,153199.668871607,5.975984117976623,70750720,121942528,159383552,159383552,201326592,0,2257027072,0,2036794368,0,2261078016,0,0.1,37,,
effectiveness_v3_20260918T054400Z_e4bd3c8e,dev/splitcifar100/quota_scan/quota_splitcifar100_q192/0,quota_splitcifar100_q192,splitcifar100,0,evaluation,6,153199.736286775,153201.555085287,1.818798511987552,70750720,114268672,159383552,159383552,201326592,0,2256957440,0,2036724736,0,2261266432,0,0.1,11,,
effectiveness_v3_20260918T054400Z_e4bd3c8e,dev/splitcifar100/quota_scan/quota_splitcifar100_q192/0,quota_splitcifar100_q192,splitcifar100,0,resource_transition,7,153201.594176962,153201.59483549,0.0006585279770661145,70750720,70750720,159383552,159383552,201326592,0,2256957440,0,2036724736,0,0,0,0.1,0,no_interval_samples,
effectiveness_v3_20260918T054400Z_e4bd3c8e,dev/splitcifar100/quota_scan/quota_splitcifar100_q192/0,quota_splitcifar100_q192,splitcifar100,0,training,7,153201.626939582,153207.606096387,5.979156804998638,70750720,121942528,159383552,159383552,201326592,0,2257084416,0,2036851712,0,2258186240,0,0.1,37,,
effectiveness_v3_20260918T054400Z_e4bd3c8e,dev/splitcifar100/quota_scan/quota_splitcifar100_q192/0,quota_splitcifar100_q192,splitcifar100,0,evaluation,7,153207.672592148,153209.733230255,2.0606381069810595,70750720,114268672,159383552,159383552,201326592,0,2257018880,0,2036786176,0,2261245952,0,0.1,13,,
effectiveness_v3_20260918T054400Z_e4bd3c8e,dev/splitcifar100/quota_scan/quota_splitcifar100_q192/0,quota_splitcifar100_q192,splitcifar100,0,resource_transition,8,153209.772135728,153209.772785219,0.0006494909757748246,70750720,70750720,159383552,159383552,201326592,0,2257018880,0,2036786176,0,0,0,0.1,0,no_interval_samples,
effectiveness_v3_20260918T054400Z_e4bd3c8e,dev/splitcifar100/quota_scan/quota_splitcifar100_q192/0,quota_splitcifar100_q192,splitcifar100,0,training,8,153209.802270145,153215.795044893,5.992774747981457,70750720,121942528,159383552,159383552,201326592,0,2257133568,0,2036900864,0,2258075648,0,0.1,37,,
effectiveness_v3_20260918T054400Z_e4bd3c8e,dev/splitcifar100/quota_scan/quota_splitcifar100_q192/0,quota_splitcifar100_q192,splitcifar100,0,evaluation,8,153215.855724913,153218.003406328,2.1476814149937127,70750720,114268672,159383552,159383552,201326592,0,2261315584,0,2041082880,0,2261774336,0,0.1,13,,
effectiveness_v3_20260918T054400Z_e4bd3c8e,dev/splitcifar100/quota_scan/quota_splitcifar100_q192/0,quota_splitcifar100_q192,splitcifar100,0,resource_transition,9,153218.042867635,153218.043594292,0.0007266569882631302,70750720,70750720,159383552,159383552,201326592,0,2261319680,0,2041086976,0,0,0,0.1,0,no_interval_samples,
effectiveness_v3_20260918T054400Z_e4bd3c8e,dev/splitcifar100/quota_scan/quota_splitcifar100_q192/0,quota_splitcifar100_q192,splitcifar100,0,training,9,153218.07470758,153223.174780902,5.100073321984382,70750720,121942528,159383552,159383552,201326592,0,2257989632,0,2037756928,0,2258026496,0,0.1,31,,
effectiveness_v3_20260918T054400Z_e4bd3c8e,dev/splitcifar100/quota_scan/quota_splitcifar100_q192/0,quota_splitcifar100_q192,splitcifar100,0,evaluation,9,153223.2586647,153225.513127137,2.2544624370057136,70750720,114268672,159383552,159383552,201326592,0,2261315584,0,2041082880,0,2261331968,0,0.1,14,,
effectiveness_v3_20260918T054522Z_0bab737f,dev/splitcifar100/quota_scan/quota_splitcifar100_q208/0,quota_splitcifar100_q208,splitcifar100,0,setup,,153232.707176665,153233.901795229,1.194618564011762,1408512,1408512,2097152,2097152,218103808,0,1535045632,0,1314866176,0,1528143872,0,0.1,7,,
effectiveness_v3_20260918T054522Z_0bab737f,dev/splitcifar100/quota_scan/quota_splitcifar100_q208/0,quota_splitcifar100_q208,splitcifar100,0,resource_transition,0,153233.927626413,153233.928095839,0.0004694259841926396,1408512,1408512,2097152,2097152,218103808,0,1535090688,0,1314874368,0,0,0,0.1,0,no_interval_samples,
effectiveness_v3_20260918T054522Z_0bab737f,dev/splitcifar100/quota_scan/quota_splitcifar100_q208/0,quota_splitcifar100_q208,splitcifar100,0,training,0,153233.9476952,153239.259756684,5.312061484000878,70750720,95481344,117440512,117440512,218103808,0,2206834688,0,1986610176,0,2209038336,0,0.1,34,,
effectiveness_v3_20260918T054522Z_0bab737f,dev/splitcifar100/quota_scan/quota_splitcifar100_q208/0,quota_splitcifar100_q208,splitcifar100,0,evaluation,0,153239.323670278,153239.596330932,0.2726606539799832,70750720,114268672,159383552,159383552,218103808,0,2259865600,0,2039641088,0,2258558976,0,0.1,2,,
effectiveness_v3_20260918T054522Z_0bab737f,dev/splitcifar100/quota_scan/quota_splitcifar100_q208/0,quota_splitcifar100_q208,splitcifar100,0,resource_transition,1,153239.627770811,153239.628340431,0.0005696199950762093,70750720,70750720,159383552,159383552,218103808,0,2259865600,0,2039641088,0,0,0,0.1,0,no_interval_samples,
effectiveness_v3_20260918T054522Z_0bab737f,dev/splitcifar100/quota_scan/quota_splitcifar100_q208/0,quota_splitcifar100_q208,splitcifar100,0,training,1,153239.655662829,153245.699264527,6.043601698009297,70750720,121942528,159383552,159383552,218103808,0,2256420864,0,2036196352,0,2261618688,0,0.1,37,,
effectiveness_v3_20260918T054522Z_0bab737f,dev/splitcifar100/quota_scan/quota_splitcifar100_q208/0,quota_splitcifar100_q208,splitcifar100,0,evaluation,1,153245.802720877,153246.26655198,0.4638311029993929,70750720,114268672,159383552,159383552,218103808,0,2262171648,0,2041947136,0,2262171648,0,0.1,3,,
effectiveness_v3_20260918T054522Z_0bab737f,dev/splitcifar100/quota_scan/quota_splitcifar100_q208/0,quota_splitcifar100_q208,splitcifar100,0,resource_transition,2,153246.301034582,153246.301623859,0.0005892770132049918,70750720,70750720,159383552,159383552,218103808,0,2262171648,0,2041947136,0,0,0,0.1,0,no_interval_samples,
effectiveness_v3_20260918T054522Z_0bab737f,dev/splitcifar100/quota_scan/quota_splitcifar100_q208/0,quota_splitcifar100_q208,splitcifar100,0,training,2,153246.329341526,153252.264582318,5.935240791994147,70750720,121942528,159383552,159383552,218103808,0,2256572416,0,2036347904,0,2262171648,0,0.1,37,,
effectiveness_v3_20260918T054522Z_0bab737f,dev/splitcifar100/quota_scan/quota_splitcifar100_q208/0,quota_splitcifar100_q208,splitcifar100,0,evaluation,2,153252.348271607,153253.004551926,0.656280318973586,70750720,114268672,159383552,159383552,218103808,0,2262323200,0,2042098688,0,2262323200,0,0.1,4,,
effectiveness_v3_20260918T054522Z_0bab737f,dev/splitcifar100/quota_scan/quota_splitcifar100_q208/0,quota_splitcifar100_q208,splitcifar100,0,resource_transition,3,153253.03755336,153253.038134536,0.0005811760202050209,70750720,70750720,159383552,159383552,218103808,0,2262323200,0,2042098688,0,0,0,0.1,0,no_interval_samples,
effectiveness_v3_20260918T054522Z_0bab737f,dev/splitcifar100/quota_scan/quota_splitcifar100_q208/0,quota_splitcifar100_q208,splitcifar100,0,training,3,153253.065717369,153258.954376531,5.888659162010299,70750720,121942528,159383552,159383552,218103808,0,2256695296,0,2036470784,0,2262409216,0,0.1,37,,
effectiveness_v3_20260918T054522Z_0bab737f,dev/splitcifar100/quota_scan/quota_splitcifar100_q208/0,quota_splitcifar100_q208,splitcifar100,0,evaluation,3,153259.01872706,153259.98930958,0.9705825200071558,70750720,114268672,159383552,159383552,218103808,0,2261315584,0,2041091072,0,2262507520,0,0.1,6,,
effectiveness_v3_20260918T054522Z_0bab737f,dev/splitcifar100/quota_scan/quota_splitcifar100_q208/0,quota_splitcifar100_q208,splitcifar100,0,resource_transition,4,153260.024193357,153260.024760366,0.0005670090031344444,70750720,70750720,159383552,159383552,218103808,0,2261319680,0,2041095168,0,0,0,0.1,0,no_interval_samples,
effectiveness_v3_20260918T054522Z_0bab737f,dev/splitcifar100/quota_scan/quota_splitcifar100_q208/0,quota_splitcifar100_q208,splitcifar100,0,training,4,153260.08006656,153265.897096335,5.817029774974799,70750720,121942528,159383552,159383552,218103808,0,2256703488,0,2036478976,0,2261331968,0,0.1,35,,
effectiveness_v3_20260918T054522Z_0bab737f,dev/splitcifar100/quota_scan/quota_splitcifar100_q208/0,quota_splitcifar100_q208,splitcifar100,0,evaluation,4,153265.960039778,153267.129194676,1.1691548980015796,70750720,114268672,159383552,159383552,218103808,0,2260860928,0,2040636416,0,2260942848,0,0.1,7,,
effectiveness_v3_20260918T054522Z_0bab737f,dev/splitcifar100/quota_scan/quota_splitcifar100_q208/0,quota_splitcifar100_q208,splitcifar100,0,resource_transition,5,153267.163864724,153267.164530196,0.0006654720054939389,70750720,70750720,159383552,159383552,218103808,0,2260865024,0,2040640512,0,0,0,0.1,0,no_interval_samples,
effectiveness_v3_20260918T054522Z_0bab737f,dev/splitcifar100/quota_scan/quota_splitcifar100_q208/0,quota_splitcifar100_q208,splitcifar100,0,training,5,153267.193451863,153273.260691579,6.067239716008771,70750720,121942528,159383552,159383552,218103808,0,2256785408,0,2036560896,0,2260897792,0,0.1,38,,
effectiveness_v3_20260918T054522Z_0bab737f,dev/splitcifar100/quota_scan/quota_splitcifar100_q208/0,quota_splitcifar100_q208,splitcifar100,0,evaluation,5,153273.326005606,153274.969263894,1.6432582879788242,70750720,114268672,159383552,159383552,218103808,0,2256658432,0,2036433920,0,2260959232,0,0.1,10,,
effectiveness_v3_20260918T054522Z_0bab737f,dev/splitcifar100/quota_scan/quota_splitcifar100_q208/0,quota_splitcifar100_q208,splitcifar100,0,resource_transition,6,153275.009164041,153275.009987532,0.0008234909910243005,70750720,70750720,159383552,159383552,218103808,0,2256662528,0,2036438016,0,0,0,0.1,0,no_interval_samples,
effectiveness_v3_20260918T054522Z_0bab737f,dev/splitcifar100/quota_scan/quota_splitcifar100_q208/0,quota_splitcifar100_q208,splitcifar100,0,training,6,153275.058295226,153281.153127923,6.094832697010133,70750720,121942528,159383552,159383552,218103808,0,2256855040,0,2036630528,0,2257764352,0,0.1,38,,
effectiveness_v3_20260918T054522Z_0bab737f,dev/splitcifar100/quota_scan/quota_splitcifar100_q208/0,quota_splitcifar100_q208,splitcifar100,0,evaluation,6,153281.217968903,153283.156694952,1.9387260490038898,70750720,114268672,159383552,159383552,218103808,0,2256789504,0,2036564992,0,2261221376,0,0.1,12,,
effectiveness_v3_20260918T054522Z_0bab737f,dev/splitcifar100/quota_scan/quota_splitcifar100_q208/0,quota_splitcifar100_q208,splitcifar100,0,resource_transition,7,153283.196764731,153283.197460194,0.0006954630080144852,70750720,70750720,159383552,159383552,218103808,0,2256789504,0,2036564992,0,0,0,0.1,0,no_interval_samples,
effectiveness_v3_20260918T054522Z_0bab737f,dev/splitcifar100/quota_scan/quota_splitcifar100_q208/0,quota_splitcifar100_q208,splitcifar100,0,training,7,153283.227564556,153289.160623967,5.93305941100698,70750720,121942528,159383552,159383552,218103808,0,2256900096,0,2036675584,0,2257989632,0,0.1,37,,
effectiveness_v3_20260918T054522Z_0bab737f,dev/splitcifar100/quota_scan/quota_splitcifar100_q208/0,quota_splitcifar100_q208,splitcifar100,0,evaluation,7,153289.221751735,153291.277034387,2.0552826519997325,70750720,114268672,159383552,159383552,218103808,0,2256826368,0,2036601856,0,2261057536,0,0.1,13,,
effectiveness_v3_20260918T054522Z_0bab737f,dev/splitcifar100/quota_scan/quota_splitcifar100_q208/0,quota_splitcifar100_q208,splitcifar100,0,resource_transition,8,153291.315973266,153291.316707599,0.0007343330071307719,70750720,70750720,159383552,159383552,218103808,0,2256826368,0,2036601856,0,0,0,0.1,0,no_interval_samples,
effectiveness_v3_20260918T054522Z_0bab737f,dev/splitcifar100/quota_scan/quota_splitcifar100_q208/0,quota_splitcifar100_q208,splitcifar100,0,training,8,153291.346658561,153296.953630507,5.6069719459919725,70750720,121942528,159383552,159383552,218103808,0,2257801216,0,2037576704,0,2257854464,0,0.1,35,,
effectiveness_v3_20260918T054522Z_0bab737f,dev/splitcifar100/quota_scan/quota_splitcifar100_q208/0,quota_splitcifar100_q208,splitcifar100,0,evaluation,8,153297.012132904,153299.073250481,2.061117576988181,70750720,114268672,159383552,159383552,218103808,0,2261131264,0,2040906752,0,2261626880,0,0.1,12,,
effectiveness_v3_20260918T054522Z_0bab737f,dev/splitcifar100/quota_scan/quota_splitcifar100_q208/0,quota_splitcifar100_q208,splitcifar100,0,resource_transition,9,153299.107636054,153299.108267415,0.0006313610065262765,70750720,70750720,159383552,159383552,218103808,0,2261135360,0,2040910848,0,0,0,0.1,0,no_interval_samples,
effectiveness_v3_20260918T054522Z_0bab737f,dev/splitcifar100/quota_scan/quota_splitcifar100_q208/0,quota_splitcifar100_q208,splitcifar100,0,training,9,153299.155975794,153304.997332694,5.841356899996754,70750720,121942528,159383552,159383552,218103808,0,2256973824,0,2036749312,0,2261504000,0,0.1,36,,
effectiveness_v3_20260918T054522Z_0bab737f,dev/splitcifar100/quota_scan/quota_splitcifar100_q208/0,quota_splitcifar100_q208,splitcifar100,0,evaluation,9,153305.086901979,153307.884821656,2.7979196770174894,70750720,114268672,159383552,159383552,218103808,0,2256904192,0,2036679680,0,2261151744,0,0.1,17,,
effectiveness_v3_20260918T054644Z_7e5cb9f5,dev/splitcifar100/quota_scan/quota_splitcifar100_q224/0,quota_splitcifar100_q224,splitcifar100,0,setup,,153315.023987397,153316.21386982,1.1898824230011087,1408512,1408512,2097152,2097152,234881024,0,1535074304,0,1314874368,0,1528160256,0,0.1,7,,
effectiveness_v3_20260918T054644Z_7e5cb9f5,dev/splitcifar100/quota_scan/quota_splitcifar100_q224/0,quota_splitcifar100_q224,splitcifar100,0,resource_transition,0,153316.256801691,153316.257263034,0.0004613430064637214,1408512,1408512,2097152,2097152,234881024,0,1535107072,0,1314874368,0,0,0,0.1,0,no_interval_samples,
effectiveness_v3_20260918T054644Z_7e5cb9f5,dev/splitcifar100/quota_scan/quota_splitcifar100_q224/0,quota_splitcifar100_q224,splitcifar100,0,training,0,153316.276903645,153321.43392861,5.157024965010351,70750720,95481344,117440512,117440512,234881024,0,2206855168,0,1986622464,0,2209071104,0,0.1,33,,
effectiveness_v3_20260918T054644Z_7e5cb9f5,dev/splitcifar100/quota_scan/quota_splitcifar100_q224/0,quota_splitcifar100_q224,splitcifar100,0,evaluation,0,153321.500184174,153321.771978393,0.27179421900655143,70750720,114268672,159383552,159383552,234881024,0,2260066304,0,2039833600,0,2259152896,0,0.1,2,,
effectiveness_v3_20260918T054644Z_7e5cb9f5,dev/splitcifar100/quota_scan/quota_splitcifar100_q224/0,quota_splitcifar100_q224,splitcifar100,0,resource_transition,1,153321.804081459,153321.804601051,0.0005195919948164374,70750720,70750720,159383552,159383552,234881024,0,2260066304,0,2039833600,0,0,0,0.1,0,no_interval_samples,
effectiveness_v3_20260918T054644Z_7e5cb9f5,dev/splitcifar100/quota_scan/quota_splitcifar100_q224/0,quota_splitcifar100_q224,splitcifar100,0,training,1,153321.831926524,153327.500245146,5.668318621988874,70750720,121942528,159383552,159383552,234881024,0,2256465920,0,2036233216,0,2260066304,0,0.1,36,,
effectiveness_v3_20260918T054644Z_7e5cb9f5,dev/splitcifar100/quota_scan/quota_splitcifar100_q224/0,quota_splitcifar100_q224,splitcifar100,0,evaluation,1,153327.585942648,153328.042728004,0.4567853559856303,70750720,114268672,159383552,159383552,234881024,0,2262224896,0,2041992192,0,2262224896,0,0.1,3,,
effectiveness_v3_20260918T054644Z_7e5cb9f5,dev/splitcifar100/quota_scan/quota_splitcifar100_q224/0,quota_splitcifar100_q224,splitcifar100,0,resource_transition,2,153328.07574094,153328.076359533,0.0006185930105857551,70750720,70750720,159383552,159383552,234881024,0,2262224896,0,2041992192,0,0,0,0.1,0,no_interval_samples,
effectiveness_v3_20260918T054644Z_7e5cb9f5,dev/splitcifar100/quota_scan/quota_splitcifar100_q224/0,quota_splitcifar100_q224,splitcifar100,0,training,2,153328.10386357,153333.893066888,5.78920331801055,70750720,121942528,159383552,159383552,234881024,0,2256617472,0,2036384768,0,2262343680,0,0.1,36,,
effectiveness_v3_20260918T054644Z_7e5cb9f5,dev/splitcifar100/quota_scan/quota_splitcifar100_q224/0,quota_splitcifar100_q224,splitcifar100,0,evaluation,2,153333.955458489,153334.645300959,0.6898424699902534,70750720,114268672,159383552,159383552,234881024,0,2261299200,0,2041066496,0,2262368256,0,0.1,4,,
effectiveness_v3_20260918T054644Z_7e5cb9f5,dev/splitcifar100/quota_scan/quota_splitcifar100_q224/0,quota_splitcifar100_q224,splitcifar100,0,resource_transition,3,153334.679572773,153334.680187606,0.0006148329994175583,70750720,70750720,159383552,159383552,234881024,0,2261299200,0,2041066496,0,0,0,0.1,0,no_interval_samples,
effectiveness_v3_20260918T054644Z_7e5cb9f5,dev/splitcifar100/quota_scan/quota_splitcifar100_q224/0,quota_splitcifar100_q224,splitcifar100,0,training,3,153334.707411596,153340.313463692,5.606052096001804,70750720,121942528,159383552,159383552,234881024,0,2256687104,0,2036454400,0,2257825792,0,0.1,34,,
effectiveness_v3_20260918T054644Z_7e5cb9f5,dev/splitcifar100/quota_scan/quota_splitcifar100_q224/0,quota_splitcifar100_q224,splitcifar100,0,evaluation,3,153340.4020946,153341.373956691,0.9718620910134632,70750720,114268672,159383552,159383552,234881024,0,2260848640,0,2040615936,0,2260987904,0,0.1,6,,
effectiveness_v3_20260918T054644Z_7e5cb9f5,dev/splitcifar100/quota_scan/quota_splitcifar100_q224/0,quota_splitcifar100_q224,splitcifar100,0,resource_transition,4,153341.408901581,153341.409494433,0.0005928520113229752,70750720,70750720,159383552,159383552,234881024,0,2260852736,0,2040620032,0,0,0,0.1,0,no_interval_samples,
effectiveness_v3_20260918T054644Z_7e5cb9f5,dev/splitcifar100/quota_scan/quota_splitcifar100_q224/0,quota_splitcifar100_q224,splitcifar100,0,training,4,153341.437576489,153347.197439081,5.759862592007266,70750720,121942528,159383552,159383552,234881024,0,2256744448,0,2036511744,0,2260869120,0,0.1,34,,
effectiveness_v3_20260918T054644Z_7e5cb9f5,dev/splitcifar100/quota_scan/quota_splitcifar100_q224/0,quota_splitcifar100_q224,splitcifar100,0,evaluation,4,153347.258638673,153348.36624046,1.1076017869927455,70750720,114268672,159383552,159383552,234881024,0,2260901888,0,2040669184,0,2260926464,0,0.1,7,,
effectiveness_v3_20260918T054644Z_7e5cb9f5,dev/splitcifar100/quota_scan/quota_splitcifar100_q224/0,quota_splitcifar100_q224,splitcifar100,0,resource_transition,5,153348.412702061,153348.413304765,0.000602704007178545,70750720,70750720,159383552,159383552,234881024,0,2260905984,0,2040673280,0,0,0,0.1,0,no_interval_samples,
effectiveness_v3_20260918T054644Z_7e5cb9f5,dev/splitcifar100/quota_scan/quota_splitcifar100_q224/0,quota_splitcifar100_q224,splitcifar100,0,training,5,153348.441479524,153354.556665007,6.1151854830095544,70750720,121942528,159383552,159383552,234881024,0,2256814080,0,2036581376,0,2261274624,0,0.1,38,,
effectiveness_v3_20260918T054644Z_7e5cb9f5,dev/splitcifar100/quota_scan/quota_splitcifar100_q224/0,quota_splitcifar100_q224,splitcifar100,0,evaluation,5,153354.623726182,153356.208912351,1.5851861689880025,70750720,114268672,159383552,159383552,234881024,0,2260914176,0,2040681472,0,2260987904,0,0.1,10,,
effectiveness_v3_20260918T054644Z_7e5cb9f5,dev/splitcifar100/quota_scan/quota_splitcifar100_q224/0,quota_splitcifar100_q224,splitcifar100,0,resource_transition,6,153356.246601313,153356.247300017,0.0006987040105741471,70750720,70750720,159383552,159383552,234881024,0,2260918272,0,2040685568,0,0,0,0.1,0,no_interval_samples,
effectiveness_v3_20260918T054644Z_7e5cb9f5,dev/splitcifar100/quota_scan/quota_splitcifar100_q224/0,quota_splitcifar100_q224,splitcifar100,0,training,6,153356.277375683,153362.169676265,5.892300581996096,70750720,121942528,159383552,159383552,234881024,0,2256900096,0,2036667392,0,2260918272,0,0.1,38,,
effectiveness_v3_20260918T054644Z_7e5cb9f5,dev/splitcifar100/quota_scan/quota_splitcifar100_q224/0,quota_splitcifar100_q224,splitcifar100,0,evaluation,6,153362.26646298,153363.916973412,1.6505104319949169,70750720,114268672,159383552,159383552,234881024,0,2261123072,0,2040890368,0,2261127168,0,0.1,11,,
effectiveness_v3_20260918T054644Z_7e5cb9f5,dev/splitcifar100/quota_scan/quota_splitcifar100_q224/0,quota_splitcifar100_q224,splitcifar100,0,resource_transition,7,153363.953427237,153363.954031422,0.0006041850137989968,70750720,70750720,159383552,159383552,234881024,0,2261123072,0,2040890368,0,0,0,0.1,0,no_interval_samples,
effectiveness_v3_20260918T054644Z_7e5cb9f5,dev/splitcifar100/quota_scan/quota_splitcifar100_q224/0,quota_splitcifar100_q224,splitcifar100,0,training,7,153363.983372506,153369.965256727,5.981884221022483,70750720,121942528,159383552,159383552,234881024,0,2257055744,0,2036823040,0,2261123072,0,0.1,38,,
effectiveness_v3_20260918T054644Z_7e5cb9f5,dev/splitcifar100/quota_scan/quota_splitcifar100_q224/0,quota_splitcifar100_q224,splitcifar100,0,evaluation,7,153370.043249633,153372.054498666,2.0112490330066066,70750720,114268672,159383552,159383552,234881024,0,2261209088,0,2040976384,0,2261213184,0,0.1,13,,
effectiveness_v3_20260918T054644Z_7e5cb9f5,dev/splitcifar100/quota_scan/quota_splitcifar100_q224/0,quota_splitcifar100_q224,splitcifar100,0,resource_transition,8,153372.09393522,153372.094555952,0.0006207319966051728,70750720,70750720,159383552,159383552,234881024,0,2261209088,0,2040976384,0,0,0,0.1,0,no_interval_samples,
effectiveness_v3_20260918T054644Z_7e5cb9f5,dev/splitcifar100/quota_scan/quota_splitcifar100_q224/0,quota_splitcifar100_q224,splitcifar100,0,training,8,153372.126464544,153378.171321656,6.0448571119923145,70750720,121942528,159383552,159383552,234881024,0,2257055744,0,2036823040,0,2261577728,0,0.1,38,,
effectiveness_v3_20260918T054644Z_7e5cb9f5,dev/splitcifar100/quota_scan/quota_splitcifar100_q224/0,quota_splitcifar100_q224,splitcifar100,0,evaluation,8,153378.261554277,153380.446301434,2.184747157007223,70750720,114268672,159383552,159383552,234881024,0,2261233664,0,2041000960,0,2261708800,0,0.1,15,,
effectiveness_v3_20260918T054644Z_7e5cb9f5,dev/splitcifar100/quota_scan/quota_splitcifar100_q224/0,quota_splitcifar100_q224,splitcifar100,0,resource_transition,9,153380.504653925,153380.505300776,0.0006468510255217552,70750720,70750720,159383552,159383552,234881024,0,2261237760,0,2041005056,0,0,0,0.1,0,no_interval_samples,
effectiveness_v3_20260918T054644Z_7e5cb9f5,dev/splitcifar100/quota_scan/quota_splitcifar100_q224/0,quota_splitcifar100_q224,splitcifar100,0,training,9,153380.536125073,153386.529882249,5.993757175980136,70750720,121942528,159383552,159383552,234881024,0,2257137664,0,2036904960,0,2261319680,0,0.1,38,,
effectiveness_v3_20260918T054644Z_7e5cb9f5,dev/splitcifar100/quota_scan/quota_splitcifar100_q224/0,quota_splitcifar100_q224,splitcifar100,0,evaluation,9,153386.597638371,153389.289892755,2.6922543840191793,70750720,114268672,159383552,159383552,234881024,0,2257063936,0,2036831232,0,2261315584,0,0.1,17,,
effectiveness_v3_20260918T054805Z_038271a2,dev/splitcifar100/quota_scan/quota_splitcifar100_q240/0,quota_splitcifar100_q240,splitcifar100,0,setup,,153396.435938451,153397.631066996,1.195128544990439,1408512,1408512,2097152,2097152,251658240,0,1535152128,0,1314948096,0,1528250368,0,0.1,7,,
effectiveness_v3_20260918T054805Z_038271a2,dev/splitcifar100/quota_scan/quota_splitcifar100_q240/0,quota_splitcifar100_q240,splitcifar100,0,resource_transition,0,153397.651356746,153397.651778088,0.00042134200339205563,1408512,1408512,2097152,2097152,251658240,0,1535184896,0,1314960384,0,0,0,0.1,0,no_interval_samples,
effectiveness_v3_20260918T054805Z_038271a2,dev/splitcifar100/quota_scan/quota_splitcifar100_q240/0,quota_splitcifar100_q240,splitcifar100,0,training,0,153397.669494301,153403.006443238,5.336948937008856,70750720,95481344,117440512,117440512,251658240,0,2206924800,0,1986692096,0,2209132544,0,0.1,34,,
effectiveness_v3_20260918T054805Z_038271a2,dev/splitcifar100/quota_scan/quota_splitcifar100_q240/0,quota_splitcifar100_q240,splitcifar100,0,evaluation,0,153403.090609833,153403.345670051,0.2550602180126589,70750720,114268672,159383552,159383552,251658240,0,2259943424,0,2039710720,0,2258382848,0,0.1,1,,
effectiveness_v3_20260918T054805Z_038271a2,dev/splitcifar100/quota_scan/quota_splitcifar100_q240/0,quota_splitcifar100_q240,splitcifar100,0,resource_transition,1,153403.378976283,153403.379469134,0.000492850987939164,70750720,70750720,159383552,159383552,251658240,0,2259943424,0,2039710720,0,0,0,0.1,0,no_interval_samples,
effectiveness_v3_20260918T054805Z_038271a2,dev/splitcifar100/quota_scan/quota_splitcifar100_q240/0,quota_splitcifar100_q240,splitcifar100,0,training,1,153403.404605783,153409.410747683,6.006141899997601,70750720,121942528,159383552,159383552,251658240,0,2256588800,0,2036356096,0,2261725184,0,0.1,37,,
effectiveness_v3_20260918T054805Z_038271a2,dev/splitcifar100/quota_scan/quota_splitcifar100_q240/0,quota_splitcifar100_q240,splitcifar100,0,evaluation,1,153409.477959525,153409.951039415,0.4730798900127411,70750720,114268672,159383552,159383552,251658240,0,2262335488,0,2042102784,0,2262335488,0,0.1,3,,
effectiveness_v3_20260918T054805Z_038271a2,dev/splitcifar100/quota_scan/quota_splitcifar100_q240/0,quota_splitcifar100_q240,splitcifar100,0,resource_transition,2,153409.98591822,153409.986488766,0.0005705460207536817,70750720,70750720,159383552,159383552,251658240,0,2262335488,0,2042102784,0,0,0,0.1,0,no_interval_samples,
effectiveness_v3_20260918T054805Z_038271a2,dev/splitcifar100/quota_scan/quota_splitcifar100_q240/0,quota_splitcifar100_q240,splitcifar100,0,training,2,153410.016635683,153416.020090507,6.003454824007349,70750720,121942528,159383552,159383552,251658240,0,2256719872,0,2036487168,0,2257555456,0,0.1,37,,
effectiveness_v3_20260918T054805Z_038271a2,dev/splitcifar100/quota_scan/quota_splitcifar100_q240/0,quota_splitcifar100_q240,splitcifar100,0,evaluation,2,153416.088418203,153416.789213359,0.7007951560080983,70750720,114268672,159383552,159383552,251658240,0,2261405696,0,2041172992,0,2262466560,0,0.1,4,,
effectiveness_v3_20260918T054805Z_038271a2,dev/splitcifar100/quota_scan/quota_splitcifar100_q240/0,quota_splitcifar100_q240,splitcifar100,0,resource_transition,3,153416.838158904,153416.838814617,0.0006557129963766783,70750720,70750720,159383552,159383552,251658240,0,2261405696,0,2041172992,0,0,0,0.1,0,no_interval_samples,
effectiveness_v3_20260918T054805Z_038271a2,dev/splitcifar100/quota_scan/quota_splitcifar100_q240/0,quota_splitcifar100_q240,splitcifar100,0,training,3,153416.868603098,153422.871446842,6.002843744005077,70750720,121942528,159383552,159383552,251658240,0,2256887808,0,2036655104,0,2261897216,0,0.1,37,,
effectiveness_v3_20260918T054805Z_038271a2,dev/splitcifar100/quota_scan/quota_splitcifar100_q240/0,quota_splitcifar100_q240,splitcifar100,0,evaluation,3,153422.937929591,153423.966131333,1.028201742010424,70750720,114268672,159383552,159383552,251658240,0,2261049344,0,2040816640,0,2261250048,0,0.1,5,,
effectiveness_v3_20260918T054805Z_038271a2,dev/splitcifar100/quota_scan/quota_splitcifar100_q240/0,quota_splitcifar100_q240,splitcifar100,0,resource_transition,4,153424.028148841,153424.02891761,0.0007687690085731447,70750720,70750720,159383552,159383552,251658240,0,2261053440,0,2040820736,0,0,0,0.1,0,no_interval_samples,
effectiveness_v3_20260918T054805Z_038271a2,dev/splitcifar100/quota_scan/quota_splitcifar100_q240/0,quota_splitcifar100_q240,splitcifar100,0,training,4,153424.063055304,153430.260237212,6.197181908006314,70750720,121942528,159383552,159383552,251658240,0,2256850944,0,2036618240,0,2261065728,0,0.1,37,,
effectiveness_v3_20260918T054805Z_038271a2,dev/splitcifar100/quota_scan/quota_splitcifar100_q240/0,quota_splitcifar100_q240,splitcifar100,0,evaluation,4,153430.326336387,153431.594317403,1.2679810160188936,70750720,114268672,159383552,159383552,251658240,0,2261016576,0,2040783872,0,2261090304,0,0.1,8,,
effectiveness_v3_20260918T054805Z_038271a2,dev/splitcifar100/quota_scan/quota_splitcifar100_q240/0,quota_splitcifar100_q240,splitcifar100,0,resource_transition,5,153431.631027079,153431.631641931,0.0006148519751150161,70750720,70750720,159383552,159383552,251658240,0,2261020672,0,2040787968,0,0,0,0.1,0,no_interval_samples,
effectiveness_v3_20260918T054805Z_038271a2,dev/splitcifar100/quota_scan/quota_splitcifar100_q240/0,quota_splitcifar100_q240,splitcifar100,0,training,5,153431.661091024,153437.766223052,6.105132027994841,70750720,121942528,159383552,159383552,251658240,0,2256957440,0,2036724736,0,2257805312,0,0.1,37,,
effectiveness_v3_20260918T054805Z_038271a2,dev/splitcifar100/quota_scan/quota_splitcifar100_q240/0,quota_splitcifar100_q240,splitcifar100,0,evaluation,5,153437.858591217,153439.446496765,1.5879055480181705,70750720,114268672,159383552,159383552,251658240,0,2261061632,0,2040828928,0,2261139456,0,0.1,9,,
effectiveness_v3_20260918T054805Z_038271a2,dev/splitcifar100/quota_scan/quota_splitcifar100_q240/0,quota_splitcifar100_q240,splitcifar100,0,resource_transition,6,153439.487785236,153439.488541764,0.0007565279956907034,70750720,70750720,159383552,159383552,251658240,0,2261065728,0,2040833024,0,0,0,0.1,0,no_interval_samples,
effectiveness_v3_20260918T054805Z_038271a2,dev/splitcifar100/quota_scan/quota_splitcifar100_q240/0,quota_splitcifar100_q240,splitcifar100,0,training,6,153439.546868671,153445.659496376,6.112627705006162,70750720,121942528,159383552,159383552,251658240,0,2257002496,0,2036769792,0,2261499904,0,0.1,38,,
effectiveness_v3_20260918T054805Z_038271a2,dev/splitcifar100/quota_scan/quota_splitcifar100_q240/0,quota_splitcifar100_q240,splitcifar100,0,evaluation,6,153445.725132894,153447.601059488,1.8759265939879697,70750720,114268672,159383552,159383552,251658240,0,2261225472,0,2040992768,0,2261372928,0,0.1,11,,
effectiveness_v3_20260918T054805Z_038271a2,dev/splitcifar100/quota_scan/quota_splitcifar100_q240/0,quota_splitcifar100_q240,splitcifar100,0,resource_transition,7,153447.640577035,153447.641240174,0.0006631390133406967,70750720,70750720,159383552,159383552,251658240,0,2261225472,0,2040992768,0,0,0,0.1,0,no_interval_samples,
effectiveness_v3_20260918T054805Z_038271a2,dev/splitcifar100/quota_scan/quota_splitcifar100_q240/0,quota_splitcifar100_q240,splitcifar100,0,training,7,153447.672212962,153453.746213448,6.074000485998113,70750720,121942528,159383552,159383552,251658240,0,2257108992,0,2036876288,0,2261671936,0,0.1,37,,
effectiveness_v3_20260918T054805Z_038271a2,dev/splitcifar100/quota_scan/quota_splitcifar100_q240/0,quota_splitcifar100_q240,splitcifar100,0,evaluation,7,153453.818825941,153456.039288237,2.2204622959834523,70750720,114268672,159383552,159383552,251658240,0,2257051648,0,2036818944,0,2261278720,0,0.1,13,,
effectiveness_v3_20260918T054805Z_038271a2,dev/splitcifar100/quota_scan/quota_splitcifar100_q240/0,quota_splitcifar100_q240,splitcifar100,0,resource_transition,8,153456.081410654,153456.082083349,0.0006726949941366911,70750720,70750720,159383552,159383552,251658240,0,2257051648,0,2036818944,0,0,0,0.1,0,no_interval_samples,
effectiveness_v3_20260918T054805Z_038271a2,dev/splitcifar100/quota_scan/quota_splitcifar100_q240/0,quota_splitcifar100_q240,splitcifar100,0,training,8,153456.150528091,153462.351283571,6.200755480007501,70750720,121942528,159383552,159383552,251658240,0,2257113088,0,2036880384,0,2257993728,0,0.1,38,,
effectiveness_v3_20260918T054805Z_038271a2,dev/splitcifar100/quota_scan/quota_splitcifar100_q240/0,quota_splitcifar100_q240,splitcifar100,0,evaluation,8,153462.424279767,153464.994491476,2.570211709011346,70750720,114268672,159383552,159383552,251658240,0,2257051648,0,2036818944,0,2261286912,0,0.1,16,,
effectiveness_v3_20260918T054805Z_038271a2,dev/splitcifar100/quota_scan/quota_splitcifar100_q240/0,quota_splitcifar100_q240,splitcifar100,0,resource_transition,9,153465.061510478,153465.062365876,0.0008553979860153049,70750720,70750720,159383552,159383552,251658240,0,2257055744,0,2036823040,0,0,0,0.1,0,no_interval_samples,
effectiveness_v3_20260918T054805Z_038271a2,dev/splitcifar100/quota_scan/quota_splitcifar100_q240/0,quota_splitcifar100_q240,splitcifar100,0,training,9,153465.102827127,153471.147474958,6.044647831004113,70750720,121942528,159383552,159383552,251658240,0,2258055168,0,2037822464,0,2258161664,0,0.1,37,,
effectiveness_v3_20260918T054805Z_038271a2,dev/splitcifar100/quota_scan/quota_splitcifar100_q240/0,quota_splitcifar100_q240,splitcifar100,0,evaluation,9,153471.209977355,153474.044464374,2.8344870189903304,70750720,114268672,159383552,159383552,251658240,0,2257149952,0,2036917248,0,2261393408,0,0.1,17,,
effectiveness_v3_20260918T054930Z_6d7360cb,dev/splitcifar100/quota_scan/quota_splitcifar100_q256/0,quota_splitcifar100_q256,splitcifar100,0,setup,,153481.195755943,153482.386411849,1.1906559060153086,1408512,1408512,2097152,2097152,268435456,0,1535197184,0,1314964480,0,1531629568,0,0.1,8,,
effectiveness_v3_20260918T054930Z_6d7360cb,dev/splitcifar100/quota_scan/quota_splitcifar100_q256/0,quota_splitcifar100_q256,splitcifar100,0,resource_transition,0,153482.412507117,153482.412946765,0.0004396479926072061,1408512,1408512,2097152,2097152,268435456,0,1535197184,0,1314964480,0,0,0,0.1,0,no_interval_samples,
effectiveness_v3_20260918T054930Z_6d7360cb,dev/splitcifar100/quota_scan/quota_splitcifar100_q256/0,quota_splitcifar100_q256,splitcifar100,0,training,0,153482.431864422,153487.394031017,4.962166595010785,70750720,95481344,117440512,117440512,268435456,0,2206883840,0,1986651136,0,2209091584,0,0.1,31,,
effectiveness_v3_20260918T054930Z_6d7360cb,dev/splitcifar100/quota_scan/quota_splitcifar100_q256/0,quota_splitcifar100_q256,splitcifar100,0,evaluation,0,153487.499769774,153487.735633776,0.23586400199565105,70750720,114268672,159383552,159383552,268435456,0,2259947520,0,2039714816,0,2258173952,0,0.1,1,,
effectiveness_v3_20260918T054930Z_6d7360cb,dev/splitcifar100/quota_scan/quota_splitcifar100_q256/0,quota_splitcifar100_q256,splitcifar100,0,resource_transition,1,153487.784115879,153487.784662703,0.0005468239833135158,70750720,70750720,159383552,159383552,268435456,0,2259947520,0,2039714816,0,0,0,0.1,0,no_interval_samples,
effectiveness_v3_20260918T054930Z_6d7360cb,dev/splitcifar100/quota_scan/quota_splitcifar100_q256/0,quota_splitcifar100_q256,splitcifar100,0,training,1,153487.81379512,153493.710991654,5.897196534002433,70750720,121942528,159383552,159383552,268435456,0,2256359424,0,2036126720,0,2261696512,0,0.1,37,,
effectiveness_v3_20260918T054930Z_6d7360cb,dev/splitcifar100/quota_scan/quota_splitcifar100_q256/0,quota_splitcifar100_q256,splitcifar100,0,evaluation,1,153493.777544977,153494.21887322,0.4413282430032268,70750720,114268672,159383552,159383552,268435456,0,2262106112,0,2041873408,0,2262114304,0,0.1,3,,
effectiveness_v3_20260918T054930Z_6d7360cb,dev/splitcifar100/quota_scan/quota_splitcifar100_q256/0,quota_splitcifar100_q256,splitcifar100,0,resource_transition,2,153494.249990396,153494.250595377,0.0006049810035619885,70750720,70750720,159383552,159383552,268435456,0,2262106112,0,2041873408,0,0,0,0.1,0,no_interval_samples,
effectiveness_v3_20260918T054930Z_6d7360cb,dev/splitcifar100/quota_scan/quota_splitcifar100_q256/0,quota_splitcifar100_q256,splitcifar100,0,training,2,153494.277181441,153500.023558069,5.746376627997961,70750720,121942528,159383552,159383552,268435456,0,2256547840,0,2036315136,0,2262257664,0,0.1,36,,
effectiveness_v3_20260918T054930Z_6d7360cb,dev/splitcifar100/quota_scan/quota_splitcifar100_q256/0,quota_splitcifar100_q256,splitcifar100,0,evaluation,2,153500.083908291,153500.814148213,0.730239921977045,70750720,114268672,159383552,159383552,268435456,0,2261229568,0,2040996864,0,2262302720,0,0.1,5,,
effectiveness_v3_20260918T054930Z_6d7360cb,dev/splitcifar100/quota_scan/quota_splitcifar100_q256/0,quota_splitcifar100_q256,splitcifar100,0,resource_transition,3,153500.848522501,153500.849114871,0.0005923699936829507,70750720,70750720,159383552,159383552,268435456,0,2261229568,0,2040996864,0,0,0,0.1,0,no_interval_samples,
effectiveness_v3_20260918T054930Z_6d7360cb,dev/splitcifar100/quota_scan/quota_splitcifar100_q256/0,quota_splitcifar100_q256,splitcifar100,0,training,3,153500.876351936,153506.817027476,5.9406755400123075,70750720,121942528,159383552,159383552,268435456,0,2256674816,0,2036442112,0,2261250048,0,0.1,37,,
effectiveness_v3_20260918T054930Z_6d7360cb,dev/splitcifar100/quota_scan/quota_splitcifar100_q256/0,quota_splitcifar100_q256,splitcifar100,0,evaluation,3,153506.875840865,153507.745286859,0.8694459940015804,70750720,114268672,159383552,159383552,268435456,0,2261057536,0,2040824832,0,2261057536,0,0.1,5,,
effectiveness_v3_20260918T054930Z_6d7360cb,dev/splitcifar100/quota_scan/quota_splitcifar100_q256/0,quota_splitcifar100_q256,splitcifar100,0,resource_transition,4,153507.776129507,153507.776706942,0.0005774350138381124,70750720,70750720,159383552,159383552,268435456,0,2261061632,0,2040828928,0,0,0,0.1,0,no_interval_samples,
effectiveness_v3_20260918T054930Z_6d7360cb,dev/splitcifar100/quota_scan/quota_splitcifar100_q256/0,quota_splitcifar100_q256,splitcifar100,0,training,4,153507.803204108,153513.475860663,5.672656554990681,70750720,121942528,159383552,159383552,268435456,0,2256658432,0,2036425728,0,2261061632,0,0.1,34,,
effectiveness_v3_20260918T054930Z_6d7360cb,dev/splitcifar100/quota_scan/quota_splitcifar100_q256/0,quota_splitcifar100_q256,splitcifar100,0,evaluation,4,153513.536747792,153514.726492698,1.1897449060052168,70750720,114268672,159383552,159383552,268435456,0,2260819968,0,2040587264,0,2260893696,0,0.1,8,,
effectiveness_v3_20260918T054930Z_6d7360cb,dev/splitcifar100/quota_scan/quota_splitcifar100_q256/0,quota_splitcifar100_q256,splitcifar100,0,resource_transition,5,153514.761746014,153514.762380894,0.0006348800088744611,70750720,70750720,159383552,159383552,268435456,0,2260824064,0,2040591360,0,0,0,0.1,0,no_interval_samples,
effectiveness_v3_20260918T054930Z_6d7360cb,dev/splitcifar100/quota_scan/quota_splitcifar100_q256/0,quota_splitcifar100_q256,splitcifar100,0,training,5,153514.790802542,153520.46285509,5.672052548005013,70750720,121942528,159383552,159383552,268435456,0,2256699392,0,2036466688,0,2260836352,0,0.1,35,,
effectiveness_v3_20260918T054930Z_6d7360cb,dev/splitcifar100/quota_scan/quota_splitcifar100_q256/0,quota_splitcifar100_q256,splitcifar100,0,evaluation,5,153520.55672575,153521.927782173,1.371056422998663,70750720,114268672,159383552,159383552,268435456,0,2260856832,0,2040624128,0,2260877312,0,0.1,8,,
effectiveness_v3_20260918T054930Z_6d7360cb,dev/splitcifar100/quota_scan/quota_splitcifar100_q256/0,quota_splitcifar100_q256,splitcifar100,0,resource_transition,6,153521.963910182,153521.964536904,0.0006267220014706254,70750720,70750720,159383552,159383552,268435456,0,2260860928,0,2040628224,0,0,0,0.1,0,no_interval_samples,
effectiveness_v3_20260918T054930Z_6d7360cb,dev/splitcifar100/quota_scan/quota_splitcifar100_q256/0,quota_splitcifar100_q256,splitcifar100,0,training,6,153521.99372608,153527.740609171,5.746883091022028,70750720,121942528,159383552,159383552,268435456,0,2256789504,0,2036556800,0,2258026496,0,0.1,35,,
effectiveness_v3_20260918T054930Z_6d7360cb,dev/splitcifar100/quota_scan/quota_splitcifar100_q256/0,quota_splitcifar100_q256,splitcifar100,0,evaluation,6,153527.805990849,153529.678076897,1.8720860479807016,70750720,114268672,159383552,159383552,268435456,0,2256723968,0,2036491264,0,2261168128,0,0.1,12,,
effectiveness_v3_20260918T054930Z_6d7360cb,dev/splitcifar100/quota_scan/quota_splitcifar100_q256/0,quota_splitcifar100_q256,splitcifar100,0,resource_transition,7,153529.722837889,153529.72358837,0.000750480976421386,70750720,70750720,159383552,159383552,268435456,0,2256723968,0,2036491264,0,0,0,0.1,0,no_interval_samples,
effectiveness_v3_20260918T054930Z_6d7360cb,dev/splitcifar100/quota_scan/quota_splitcifar100_q256/0,quota_splitcifar100_q256,splitcifar100,0,training,7,153529.755084286,153535.557129784,5.802045497985091,70750720,121942528,159383552,159383552,268435456,0,2256900096,0,2036667392,0,2257997824,0,0.1,36,,
effectiveness_v3_20260918T054930Z_6d7360cb,dev/splitcifar100/quota_scan/quota_splitcifar100_q256/0,quota_splitcifar100_q256,splitcifar100,0,evaluation,7,153535.624795273,153537.829202136,2.2044068629911635,70750720,114268672,159383552,159383552,268435456,0,2256834560,0,2036601856,0,2261078016,0,0.1,13,,
effectiveness_v3_20260918T054930Z_6d7360cb,dev/splitcifar100/quota_scan/quota_splitcifar100_q256/0,quota_splitcifar100_q256,splitcifar100,0,resource_transition,8,153537.877755894,153537.878492755,0.0007368609949480742,70750720,70750720,159383552,159383552,268435456,0,2256834560,0,2036601856,0,0,0,0.1,0,no_interval_samples,
effectiveness_v3_20260918T054930Z_6d7360cb,dev/splitcifar100/quota_scan/quota_splitcifar100_q256/0,quota_splitcifar100_q256,splitcifar100,0,training,8,153537.911654504,153543.973323822,6.061669318005443,70750720,121942528,159383552,159383552,268435456,0,2256896000,0,2036663296,0,2257776640,0,0.1,38,,
effectiveness_v3_20260918T054930Z_6d7360cb,dev/splitcifar100/quota_scan/quota_splitcifar100_q256/0,quota_splitcifar100_q256,splitcifar100,0,evaluation,8,153544.078968505,153546.555412981,2.4764444759930484,70750720,114268672,159383552,159383552,268435456,0,2256834560,0,2036601856,0,2261544960,0,0.1,15,,
effectiveness_v3_20260918T054930Z_6d7360cb,dev/splitcifar100/quota_scan/quota_splitcifar100_q256/0,quota_splitcifar100_q256,splitcifar100,0,resource_transition,9,153546.631576241,153546.632463574,0.0008873330079950392,70750720,70750720,159383552,159383552,268435456,0,2256838656,0,2036605952,0,0,0,0.1,0,no_interval_samples,
effectiveness_v3_20260918T054930Z_6d7360cb,dev/splitcifar100/quota_scan/quota_splitcifar100_q256/0,quota_splitcifar100_q256,splitcifar100,0,training,9,153546.670308166,153552.773369823,6.1030616569914855,70750720,121942528,159383552,159383552,268435456,0,2256994304,0,2036761600,0,2257920000,0,0.1,38,,
effectiveness_v3_20260918T054930Z_6d7360cb,dev/splitcifar100/quota_scan/quota_splitcifar100_q256/0,quota_splitcifar100_q256,splitcifar100,0,evaluation,9,153552.838793148,153555.306461543,2.467668394994689,70750720,114268672,159383552,159383552,268435456,0,2256920576,0,2036687872,0,2261176320,0,0.1,15,,
effectiveness_v3_20260918T055051Z_91f34914,dev/splitcifar100/quota_scan/quota_splitcifar100_q272/0,quota_splitcifar100_q272,splitcifar100,0,setup,,153562.433816573,153563.611665408,1.1778488350100815,1408512,1408512,2097152,2097152,285212672,0,1535070208,0,1314870272,0,1530728448,0,0.1,8,,
effectiveness_v3_20260918T055051Z_91f34914,dev/splitcifar100/quota_scan/quota_splitcifar100_q272/0,quota_splitcifar100_q272,splitcifar100,0,resource_transition,0,153563.633164139,153563.633611657,0.0004475179885048419,1408512,1408512,2097152,2097152,285212672,0,1535094784,0,1314882560,0,0,0,0.1,0,no_interval_samples,
effectiveness_v3_20260918T055051Z_91f34914,dev/splitcifar100/quota_scan/quota_splitcifar100_q272/0,quota_splitcifar100_q272,splitcifar100,0,training,0,153563.653015,153568.932406857,5.279391857009614,70750720,95481344,117440512,117440512,285212672,0,2206846976,0,1986622464,0,2209062912,0,0.1,35,,
effectiveness_v3_20260918T055051Z_91f34914,dev/splitcifar100/quota_scan/quota_splitcifar100_q272/0,quota_splitcifar100_q272,splitcifar100,0,evaluation,0,153569.028601635,153569.289973611,0.2613719760265667,70750720,114268672,159383552,159383552,285212672,0,2253258752,0,2033034240,0,2259173376,0,0.1,2,,
effectiveness_v3_20260918T055051Z_91f34914,dev/splitcifar100/quota_scan/quota_splitcifar100_q272/0,quota_splitcifar100_q272,splitcifar100,0,resource_transition,1,153569.324413842,153569.32496687,0.0005530279886443168,70750720,70750720,159383552,159383552,285212672,0,2253258752,0,2033034240,0,0,0,0.1,0,no_interval_samples,
effectiveness_v3_20260918T055051Z_91f34914,dev/splitcifar100/quota_scan/quota_splitcifar100_q272/0,quota_splitcifar100_q272,splitcifar100,0,training,1,153569.352592721,153575.473724269,6.121131547988625,70750720,121942528,159383552,159383552,285212672,0,2256662528,0,2036438016,0,2257514496,0,0.1,39,,
effectiveness_v3_20260918T055051Z_91f34914,dev/splitcifar100/quota_scan/quota_splitcifar100_q272/0,quota_splitcifar100_q272,splitcifar100,0,evaluation,1,153575.543364287,153575.977734497,0.43437020998680964,70750720,114268672,159383552,159383552,285212672,0,2262417408,0,2042192896,0,2262417408,0,0.1,3,,
effectiveness_v3_20260918T055051Z_91f34914,dev/splitcifar100/quota_scan/quota_splitcifar100_q272/0,quota_splitcifar100_q272,splitcifar100,0,resource_transition,2,153576.010111683,153576.010655322,0.0005436390056274831,70750720,70750720,159383552,159383552,285212672,0,2262417408,0,2042192896,0,0,0,0.1,0,no_interval_samples,
effectiveness_v3_20260918T055051Z_91f34914,dev/splitcifar100/quota_scan/quota_splitcifar100_q272/0,quota_splitcifar100_q272,splitcifar100,0,training,2,153576.037415276,153582.033621004,5.996205728006316,70750720,121942528,159383552,159383552,285212672,0,2256777216,0,2036552704,0,2257920000,0,0.1,38,,
effectiveness_v3_20260918T055051Z_91f34914,dev/splitcifar100/quota_scan/quota_splitcifar100_q272/0,quota_splitcifar100_q272,splitcifar100,0,evaluation,2,153582.098955679,153582.765658341,0.6667026620125398,70750720,114268672,159383552,159383552,285212672,0,2261458944,0,2041234432,0,2262532096,0,0.1,5,,
effectiveness_v3_20260918T055051Z_91f34914,dev/splitcifar100/quota_scan/quota_splitcifar100_q272/0,quota_splitcifar100_q272,splitcifar100,0,resource_transition,3,153582.804211796,153582.80477062,0.0005588239873759449,70750720,70750720,159383552,159383552,285212672,0,2261458944,0,2041234432,0,0,0,0.1,0,no_interval_samples,
effectiveness_v3_20260918T055051Z_91f34914,dev/splitcifar100/quota_scan/quota_splitcifar100_q272/0,quota_splitcifar100_q272,splitcifar100,0,training,3,153582.832112954,153588.840855373,6.008742419013288,70750720,121942528,159383552,159383552,285212672,0,2256908288,0,2036683776,0,2261921792,0,0.1,38,,
effectiveness_v3_20260918T055051Z_91f34914,dev/splitcifar100/quota_scan/quota_splitcifar100_q272/0,quota_splitcifar100_q272,splitcifar100,0,evaluation,3,153588.911862513,153589.775861516,0.8639990030205809,70750720,114268672,159383552,159383552,285212672,0,2261094400,0,2040869888,0,2261307392,0,0.1,6,,
effectiveness_v3_20260918T055051Z_91f34914,dev/splitcifar100/quota_scan/quota_splitcifar100_q272/0,quota_splitcifar100_q272,splitcifar100,0,resource_transition,4,153589.808430561,153589.808988765,0.0005582039884757251,70750720,70750720,159383552,159383552,285212672,0,2261098496,0,2040873984,0,0,0,0.1,0,no_interval_samples,
effectiveness_v3_20260918T055051Z_91f34914,dev/splitcifar100/quota_scan/quota_splitcifar100_q272/0,quota_splitcifar100_q272,splitcifar100,0,training,4,153589.836291477,153595.859062537,6.022771060001105,70750720,121942528,159383552,159383552,285212672,0,2256875520,0,2036651008,0,2261106688,0,0.1,37,,
effectiveness_v3_20260918T055051Z_91f34914,dev/splitcifar100/quota_scan/quota_splitcifar100_q272/0,quota_splitcifar100_q272,splitcifar100,0,evaluation,4,153595.925425184,153596.996842463,1.0714172790176235,70750720,114268672,159383552,159383552,285212672,0,2261032960,0,2040808448,0,2261098496,0,0.1,7,,
effectiveness_v3_20260918T055051Z_91f34914,dev/splitcifar100/quota_scan/quota_splitcifar100_q272/0,quota_splitcifar100_q272,splitcifar100,0,resource_transition,5,153597.03007936,153597.03062349,0.0005441299872472882,70750720,70750720,159383552,159383552,285212672,0,2261037056,0,2040812544,0,0,0,0.1,0,no_interval_samples,
effectiveness_v3_20260918T055051Z_91f34914,dev/splitcifar100/quota_scan/quota_splitcifar100_q272/0,quota_splitcifar100_q272,splitcifar100,0,training,5,153597.058083795,153602.986635457,5.9285516619856935,70750720,121942528,159383552,159383552,285212672,0,2257047552,0,2036823040,0,2258124800,0,0.1,37,,
effectiveness_v3_20260918T055051Z_91f34914,dev/splitcifar100/quota_scan/quota_splitcifar100_q272/0,quota_splitcifar100_q272,splitcifar100,0,evaluation,5,153603.050000292,153604.368435768,1.3184354760160204,70750720,114268672,159383552,159383552,285212672,0,2261147648,0,2040923136,0,2261225472,0,0.1,9,,
effectiveness_v3_20260918T055051Z_91f34914,dev/splitcifar100/quota_scan/quota_splitcifar100_q272/0,quota_splitcifar100_q272,splitcifar100,0,resource_transition,6,153604.403259971,153604.403855795,0.0005958240071777254,70750720,70750720,159383552,159383552,285212672,0,2261151744,0,2040927232,0,0,0,0.1,0,no_interval_samples,
effectiveness_v3_20260918T055051Z_91f34914,dev/splitcifar100/quota_scan/quota_splitcifar100_q272/0,quota_splitcifar100_q272,splitcifar100,0,training,6,153604.432968906,153610.367744355,5.934775448986329,70750720,121942528,159383552,159383552,285212672,0,2257027072,0,2036802560,0,2261151744,0,0.1,38,,
effectiveness_v3_20260918T055051Z_91f34914,dev/splitcifar100/quota_scan/quota_splitcifar100_q272/0,quota_splitcifar100_q272,splitcifar100,0,evaluation,6,153610.432190005,153612.130379684,1.6981896790093742,70750720,114268672,159383552,159383552,285212672,0,2261254144,0,2041029632,0,2261405696,0,0.1,11,,
effectiveness_v3_20260918T055051Z_91f34914,dev/splitcifar100/quota_scan/quota_splitcifar100_q272/0,quota_splitcifar100_q272,splitcifar100,0,resource_transition,7,153612.176042092,153612.176703009,0.000660916994092986,70750720,70750720,159383552,159383552,285212672,0,2261254144,0,2041029632,0,0,0,0.1,0,no_interval_samples,
effectiveness_v3_20260918T055051Z_91f34914,dev/splitcifar100/quota_scan/quota_splitcifar100_q272/0,quota_splitcifar100_q272,splitcifar100,0,training,7,153612.207989833,153618.173066525,5.965076691994909,70750720,121942528,159383552,159383552,285212672,0,2257133568,0,2036909056,0,2261684224,0,0.1,38,,
effectiveness_v3_20260918T055051Z_91f34914,dev/splitcifar100/quota_scan/quota_splitcifar100_q272/0,quota_splitcifar100_q272,splitcifar100,0,evaluation,7,153618.239008776,153620.269366162,2.030357386014657,70750720,114268672,159383552,159383552,285212672,0,2257063936,0,2036839424,0,2261372928,0,0.1,14,,
effectiveness_v3_20260918T055051Z_91f34914,dev/splitcifar100/quota_scan/quota_splitcifar100_q272/0,quota_splitcifar100_q272,splitcifar100,0,resource_transition,8,153620.325665511,153620.326348344,0.0006828330224379897,70750720,70750720,159383552,159383552,285212672,0,2257063936,0,2036839424,0,0,0,0.1,0,no_interval_samples,
effectiveness_v3_20260918T055051Z_91f34914,dev/splitcifar100/quota_scan/quota_splitcifar100_q272/0,quota_splitcifar100_q272,splitcifar100,0,training,8,153620.357015879,153626.394430407,6.037414527992951,70750720,121942528,159383552,159383552,285212672,0,2257137664,0,2036913152,0,2258006016,0,0.1,38,,
effectiveness_v3_20260918T055051Z_91f34914,dev/splitcifar100/quota_scan/quota_splitcifar100_q272/0,quota_splitcifar100_q272,splitcifar100,0,evaluation,8,153626.461372794,153628.917991296,2.456618502008496,70750720,114268672,159383552,159383552,285212672,0,2257072128,0,2036847616,0,2261790720,0,0.1,15,,
effectiveness_v3_20260918T055051Z_91f34914,dev/splitcifar100/quota_scan/quota_splitcifar100_q272/0,quota_splitcifar100_q272,splitcifar100,0,resource_transition,9,153628.956578601,153628.957287906,0.000709304993506521,70750720,70750720,159383552,159383552,285212672,0,2257076224,0,2036851712,0,0,0,0.1,0,no_interval_samples,
effectiveness_v3_20260918T055051Z_91f34914,dev/splitcifar100/quota_scan/quota_splitcifar100_q272/0,quota_splitcifar100_q272,splitcifar100,0,training,9,153628.994850082,153634.527193729,5.532343647006201,70750720,121942528,159383552,159383552,285212672,0,2257244160,0,2037019648,0,2258173952,0,0.1,34,,
effectiveness_v3_20260918T055051Z_91f34914,dev/splitcifar100/quota_scan/quota_splitcifar100_q272/0,quota_splitcifar100_q272,splitcifar100,0,evaluation,9,153634.594865388,153637.355246862,2.760381473985035,70750720,114268672,159383552,159383552,285212672,0,2261397504,0,2041172992,0,2261426176,0,0.1,16,,
effectiveness_v3_20260918T055222Z_53e5a22d,dev/core50_nc/q_loose_verify/loose_core50_nc_q320/0,loose_core50_nc_q320,core50_nc,0,setup,,153652.769792619,153653.147608406,0.377815787011059,1395712,1395712,2097152,2097152,335544320,0,1350246400,0,1130114048,0,1321852928,0,0.1,1,,
effectiveness_v3_20260918T055222Z_53e5a22d,dev/core50_nc/q_loose_verify/loose_core50_nc_q320/0,loose_core50_nc_q320,core50_nc,0,resource_transition,0,153653.173667869,153653.174083721,0.00041585200233384967,1395712,1395712,2097152,2097152,335544320,0,1350352896,0,1130130432,0,0,0,0.1,0,no_interval_samples,
effectiveness_v3_20260918T055222Z_53e5a22d,dev/core50_nc/q_loose_verify/loose_core50_nc_q320/0,loose_core50_nc_q320,core50_nc,0,training,0,153653.192668546,153680.678940605,27.48627205900266,70712320,95452672,117440512,117440512,335544320,0,2040295424,0,1820060672,0,2038362112,0,0.1,173,,
effectiveness_v3_20260918T055222Z_53e5a22d,dev/core50_nc/q_loose_verify/loose_core50_nc_q320/0,loose_core50_nc_q320,core50_nc,0,evaluation,0,153680.741674031,153682.721911646,1.9802376150037162,70712320,114230272,159383552,159383552,335544320,0,2085982208,0,1865755648,0,2092642304,0,0.1,12,,
effectiveness_v3_20260918T055222Z_53e5a22d,dev/core50_nc/q_loose_verify/loose_core50_nc_q320/0,loose_core50_nc_q320,core50_nc,0,resource_transition,1,153682.749200766,153682.749674266,0.0004734999965876341,70712320,70712320,159383552,159383552,335544320,0,2085994496,0,1865763840,0,0,0,0.1,0,no_interval_samples,
effectiveness_v3_20260918T055222Z_53e5a22d,dev/core50_nc/q_loose_verify/loose_core50_nc_q320/0,loose_core50_nc_q320,core50_nc,0,training,1,153682.776520192,153698.354050473,15.577530280977953,70712320,121897984,159383552,159383552,335544320,0,2089644032,0,1869409280,0,2089324544,0,0.1,96,,
effectiveness_v3_20260918T055222Z_53e5a22d,dev/core50_nc/q_loose_verify/loose_core50_nc_q320/0,loose_core50_nc_q320,core50_nc,0,evaluation,1,153698.41209713,153701.092620164,2.680523034010548,70712320,114230272,159383552,159383552,335544320,0,2093985792,0,1873751040,0,2094215168,0,0.1,15,,
effectiveness_v3_20260918T055222Z_53e5a22d,dev/core50_nc/q_loose_verify/loose_core50_nc_q320/0,loose_core50_nc_q320,core50_nc,0,resource_transition,2,153701.120365581,153701.120824359,0.0004587779985740781,70712320,70712320,159383552,159383552,335544320,0,2093985792,0,1873751040,0,0,0,0.1,0,no_interval_samples,
effectiveness_v3_20260918T055222Z_53e5a22d,dev/core50_nc/q_loose_verify/loose_core50_nc_q320/0,loose_core50_nc_q320,core50_nc,0,training,2,153701.147160776,153714.136898351,12.989737575000618,70712320,121897984,159383552,159383552,335544320,0,2090389504,0,1870154752,0,2093985792,0,0.1,82,,
effectiveness_v3_20260918T055222Z_53e5a22d,dev/core50_nc/q_loose_verify/loose_core50_nc_q320/0,loose_core50_nc_q320,core50_nc,0,evaluation,2,153714.197687565,153718.691942643,4.494255077996058,70712320,114230272,159383552,159383552,335544320,0,2090401792,0,1870167040,0,2097389568,0,0.1,27,,
effectiveness_v3_20260918T055222Z_53e5a22d,dev/core50_nc/q_loose_verify/loose_core50_nc_q320/0,loose_core50_nc_q320,core50_nc,0,resource_transition,3,153718.717194468,153718.717655459,0.00046099102473817766,70712320,70712320,159383552,159383552,335544320,0,2090405888,0,1870171136,0,0,0,0.1,0,no_interval_samples,
effectiveness_v3_20260918T055222Z_53e5a22d,dev/core50_nc/q_loose_verify/loose_core50_nc_q320/0,loose_core50_nc_q320,core50_nc,0,training,3,153718.742646071,153735.566612868,16.823966796975583,70712320,121897984,159383552,159383552,335544320,0,2098528256,0,1878293504,0,2099765248,0,0.1,105,,
effectiveness_v3_20260918T055222Z_53e5a22d,dev/core50_nc/q_loose_verify/loose_core50_nc_q320/0,loose_core50_nc_q320,core50_nc,0,evaluation,3,153735.626707915,153740.57631386,4.949605944973882,70712320,114230272,159383552,159383552,335544320,0,2103209984,0,1882975232,0,2105376768,0,0.1,29,,
effectiveness_v3_20260918T055222Z_53e5a22d,dev/core50_nc/q_loose_verify/loose_core50_nc_q320/0,loose_core50_nc_q320,core50_nc,0,resource_transition,4,153740.604953388,153740.605407323,0.0004539349756669253,70712320,70712320,159383552,159383552,335544320,0,2103209984,0,1882975232,0,0,0,0.1,0,no_interval_samples,
effectiveness_v3_20260918T055222Z_53e5a22d,dev/core50_nc/q_loose_verify/loose_core50_nc_q320/0,loose_core50_nc_q320,core50_nc,0,training,4,153740.635078276,153754.58522807,13.95014979399275,70712320,121897984,159383552,159383552,335544320,0,2099269632,0,1879034880,0,2103226368,0,0.1,86,,
effectiveness_v3_20260918T055222Z_53e5a22d,dev/core50_nc/q_loose_verify/loose_core50_nc_q320/0,loose_core50_nc_q320,core50_nc,0,evaluation,4,153754.649175544,153761.1355612,6.486385655996855,70712320,114230272,159383552,159383552,335544320,0,2103947264,0,1883712512,0,2105135104,0,0.1,38,,
effectiveness_v3_20260918T055222Z_53e5a22d,dev/core50_nc/q_loose_verify/loose_core50_nc_q320/0,loose_core50_nc_q320,core50_nc,0,resource_transition,5,153761.18267168,153761.183104421,0.00043274101335555315,70712320,70712320,159383552,159383552,335544320,0,2103951360,0,1883716608,0,0,0,0.1,0,no_interval_samples,
effectiveness_v3_20260918T055222Z_53e5a22d,dev/core50_nc/q_loose_verify/loose_core50_nc_q320/0,loose_core50_nc_q320,core50_nc,0,training,5,153761.209878032,153776.737010056,15.527132023999002,70712320,121897984,159383552,159383552,335544320,0,2100932608,0,1880697856,0,2101145600,0,0.1,96,,
effectiveness_v3_20260918T055222Z_53e5a22d,dev/core50_nc/q_loose_verify/loose_core50_nc_q320/0,loose_core50_nc_q320,core50_nc,0,evaluation,5,153776.79999112,153783.906465634,7.106474514002912,70712320,114230272,159383552,159383552,335544320,0,2105544704,0,1885309952,0,2106728448,0,0.1,42,,
effectiveness_v3_20260918T055222Z_53e5a22d,dev/core50_nc/q_loose_verify/loose_core50_nc_q320/0,loose_core50_nc_q320,core50_nc,0,resource_transition,6,153783.938272884,153783.938744736,0.00047185199218802154,70712320,70712320,159383552,159383552,335544320,0,2105548800,0,1885314048,0,0,0,0.1,0,no_interval_samples,
effectiveness_v3_20260918T055222Z_53e5a22d,dev/core50_nc/q_loose_verify/loose_core50_nc_q320/0,loose_core50_nc_q320,core50_nc,0,training,6,153783.972254404,153799.928409276,15.956154871993931,70712320,121897984,159383552,159383552,335544320,0,2101358592,0,1881123840,0,2101964800,0,0.1,98,,
effectiveness_v3_20260918T055222Z_53e5a22d,dev/core50_nc/q_loose_verify/loose_core50_nc_q320/0,loose_core50_nc_q320,core50_nc,0,evaluation,6,153799.989545601,153807.944370563,7.954824961983832,70712320,114230272,159383552,159383552,335544320,0,2105942016,0,1885707264,0,2107518976,0,0.1,47,,
effectiveness_v3_20260918T055222Z_53e5a22d,dev/core50_nc/q_loose_verify/loose_core50_nc_q320/0,loose_core50_nc_q320,core50_nc,0,resource_transition,7,153807.973877785,153807.974351498,0.0004737130075227469,70712320,70712320,159383552,159383552,335544320,0,2105942016,0,1885707264,0,0,0,0.1,0,no_interval_samples,
effectiveness_v3_20260918T055222Z_53e5a22d,dev/core50_nc/q_loose_verify/loose_core50_nc_q320/0,loose_core50_nc_q320,core50_nc,0,training,7,153808.013009451,153823.164223792,15.151214340992738,70712320,121897984,159383552,159383552,335544320,0,2101559296,0,1881324544,0,2105004032,0,0.1,96,,
effectiveness_v3_20260918T055222Z_53e5a22d,dev/core50_nc/q_loose_verify/loose_core50_nc_q320/0,loose_core50_nc_q320,core50_nc,0,evaluation,7,153823.223588025,153831.767404998,8.543816973018693,70712320,114230272,159383552,159383552,335544320,0,2109005824,0,1888771072,0,2109022208,0,0.1,59,,
effectiveness_v3_20260918T055222Z_53e5a22d,dev/core50_nc/q_loose_verify/loose_core50_nc_q320/0,loose_core50_nc_q320,core50_nc,0,resource_transition,8,153831.795299823,153831.795756415,0.0004565920098684728,70712320,70712320,159383552,159383552,335544320,0,2109005824,0,1888771072,0,0,0,0.1,0,no_interval_samples,
effectiveness_v3_20260918T055222Z_53e5a22d,dev/core50_nc/q_loose_verify/loose_core50_nc_q320/0,loose_core50_nc_q320,core50_nc,0,training,8,153831.823646666,153847.340610941,15.51696427501156,70712320,121897984,159383552,159383552,335544320,0,2101858304,0,1881623552,0,2109804544,0,0.1,103,,
effectiveness_v3_20260918T055222Z_53e5a22d,dev/core50_nc/q_loose_verify/loose_core50_nc_q320/0,loose_core50_nc_q320,core50_nc,0,evaluation,8,153847.39713394,153857.540738274,10.14360433400725,70712320,114230272,159383552,159383552,335544320,0,2106142720,0,1885907968,0,2110164992,0,0.1,60,,
effectiveness_v3_20260918T055602Z_9b29b8f8,dev/core50_nc/plugin_loose/plugin_loose_core50_nc_q320/0,plugin_loose_core50_nc_q320,core50_nc,0,setup,,153873.006060108,153873.382337195,0.3762770870234817,1395712,1395712,2097152,2097152,335544320,0,1348591616,0,1128453120,0,1321721856,0,0.1,1,,
effectiveness_v3_20260918T055602Z_9b29b8f8,dev/core50_nc/plugin_loose/plugin_loose_core50_nc_q320/0,plugin_loose_core50_nc_q320,core50_nc,0,resource_transition,0,153873.410528241,153873.410933204,0.00040496300789527595,1395712,1395712,2097152,2097152,335544320,0,1348689920,0,1128473600,0,0,0,0.1,0,no_interval_samples,
effectiveness_v3_20260918T055602Z_9b29b8f8,dev/core50_nc/plugin_loose/plugin_loose_core50_nc_q320/0,plugin_loose_core50_nc_q320,core50_nc,0,training,0,153873.428940611,153929.005929007,55.57698839600198,72920064,96714240,119537664,119537664,335544320,0,2154070016,0,1933837312,0,2134253568,0,0.1,349,,
effectiveness_v3_20260918T055602Z_9b29b8f8,dev/core50_nc/plugin_loose/plugin_loose_core50_nc_q320/0,plugin_loose_core50_nc_q320,core50_nc,0,evaluation,0,153929.062974055,153930.968361414,1.9053873590019066,72920064,116438016,161480704,161480704,335544320,0,2201714688,0,1981490176,0,2201624576,0,0.1,12,,
effectiveness_v3_20260918T055602Z_9b29b8f8,dev/core50_nc/plugin_loose/plugin_loose_core50_nc_q320/0,plugin_loose_core50_nc_q320,core50_nc,0,resource_transition,1,153930.991999247,153930.99247595,0.0004767030186485499,72920064,72920064,161480704,161480704,335544320,0,2201731072,0,1981502464,0,0,0,0.1,0,no_interval_samples,
effectiveness_v3_20260918T055602Z_9b29b8f8,dev/core50_nc/plugin_loose/plugin_loose_core50_nc_q320/0,plugin_loose_core50_nc_q320,core50_nc,0,training,1,153931.017290376,153974.925485111,43.90819473497686,76217344,155344896,184549376,184549376,335544320,0,2252296192,0,2032019456,0,2256879616,0,0.1,286,,
effectiveness_v3_20260918T055602Z_9b29b8f8,dev/core50_nc/plugin_loose/plugin_loose_core50_nc_q320/0,plugin_loose_core50_nc_q320,core50_nc,0,evaluation,1,153975.010426267,153977.651143573,2.640717305999715,76217344,120177664,184549376,184549376,335544320,0,2264788992,0,2044512256,0,2264715264,0,0.1,17,,
effectiveness_v3_20260918T055602Z_9b29b8f8,dev/core50_nc/plugin_loose/plugin_loose_core50_nc_q320/0,plugin_loose_core50_nc_q320,core50_nc,0,resource_transition,2,153977.677737369,153977.678195981,0.0004586119903251529,76217344,76217344,184549376,184549376,335544320,0,2264788992,0,2044512256,0,0,0,0.1,0,no_interval_samples,
effectiveness_v3_20260918T055602Z_9b29b8f8,dev/core50_nc/plugin_loose/plugin_loose_core50_nc_q320/0,plugin_loose_core50_nc_q320,core50_nc,0,training,2,153977.703336685,154024.945710984,47.24237429900677,79514624,160280576,186646528,186646528,335544320,0,2318671872,0,2098395136,0,2328985600,0,0.1,304,,
effectiveness_v3_20260918T055602Z_9b29b8f8,dev/core50_nc/plugin_loose/plugin_loose_core50_nc_q320/0,plugin_loose_core50_nc_q320,core50_nc,0,evaluation,2,154025.018265089,154029.448453522,4.430188433005242,79514624,123032576,186646528,186646528,335544320,0,2324643840,0,2104367104,0,2324488192,0,0.1,26,,
effectiveness_v3_20260918T055602Z_9b29b8f8,dev/core50_nc/plugin_loose/plugin_loose_core50_nc_q320/0,plugin_loose_core50_nc_q320,core50_nc,0,resource_transition,3,154029.477993411,154029.478450151,0.00045673997374251485,79514624,79514624,186646528,186646528,335544320,0,2324647936,0,2104371200,0,0,0,0.1,0,no_interval_samples,
effectiveness_v3_20260918T055602Z_9b29b8f8,dev/core50_nc/plugin_loose/plugin_loose_core50_nc_q320/0,plugin_loose_core50_nc_q320,core50_nc,0,training,3,154029.506739791,154121.000031079,91.49329128800309,82811904,163348480,209715200,209715200,335544320,0,2320293888,0,2100017152,0,2334498816,0,0.1,589,,
effectiveness_v3_20260918T055602Z_9b29b8f8,dev/core50_nc/plugin_loose/plugin_loose_core50_nc_q320/0,plugin_loose_core50_nc_q320,core50_nc,0,evaluation,3,154121.06387217,154126.061310737,4.997438566992059,82811904,126329856,209715200,209715200,335544320,0,2325385216,0,2105108480,0,2326446080,0,0.1,29,,
effectiveness_v3_20260918T055602Z_9b29b8f8,dev/core50_nc/plugin_loose/plugin_loose_core50_nc_q320/0,plugin_loose_core50_nc_q320,core50_nc,0,resource_transition,4,154126.092820329,154126.093277431,0.00045710199628956616,82811904,82811904,209715200,209715200,335544320,0,2325385216,0,2105108480,0,0,0,0.1,0,no_interval_samples,
effectiveness_v3_20260918T055602Z_9b29b8f8,dev/core50_nc/plugin_loose/plugin_loose_core50_nc_q320/0,plugin_loose_core50_nc_q320,core50_nc,0,training,4,154126.123791709,154217.154331935,91.03054022599827,86108672,168678912,211812352,211812352,335544320,0,2321592320,0,2101315584,0,2325385216,0,0.1,588,,
effectiveness_v3_20260918T055602Z_9b29b8f8,dev/core50_nc/plugin_loose/plugin_loose_core50_nc_q320/0,plugin_loose_core50_nc_q320,core50_nc,0,evaluation,4,154217.218102712,154223.613161856,6.3950591439788695,86108672,129953792,211812352,211812352,335544320,0,2325835776,0,2105559040,0,2327547904,0,0.1,38,,
effectiveness_v3_20260918T055602Z_9b29b8f8,dev/core50_nc/plugin_loose/plugin_loose_core50_nc_q320/0,plugin_loose_core50_nc_q320,core50_nc,0,resource_transition,5,154223.643732561,154223.644229829,0.0004972679889760911,86108672,86108672,211812352,211812352,335544320,0,2325839872,0,2105563136,0,0,0,0.1,0,no_interval_samples,
effectiveness_v3_20260918T055602Z_9b29b8f8,dev/core50_nc/plugin_loose/plugin_loose_core50_nc_q320/0,plugin_loose_core50_nc_q320,core50_nc,0,training,5,154223.673358284,154346.778373626,123.10501534200739,89405440,172704768,216006656,216006656,335544320,0,2324271104,0,2103994368,0,2325839872,0,0.1,777,,
effectiveness_v3_20260918T055602Z_9b29b8f8,dev/core50_nc/plugin_loose/plugin_loose_core50_nc_q320/0,plugin_loose_core50_nc_q320,core50_nc,0,evaluation,5,154346.87234131,154354.058433942,7.186092632007785,89405440,132923392,216006656,216006656,335544320,0,2329133056,0,2108856320,0,2330660864,0,0.1,42,,
effectiveness_v3_20260918T055602Z_9b29b8f8,dev/core50_nc/plugin_loose/plugin_loose_core50_nc_q320/0,plugin_loose_core50_nc_q320,core50_nc,0,resource_transition,6,154354.087385395,154354.087851506,0.0004661109996959567,89405440,89405440,216006656,216006656,335544320,0,2329137152,0,2108860416,0,0,0,0.1,0,no_interval_samples,
effectiveness_v3_20260918T055602Z_9b29b8f8,dev/core50_nc/plugin_loose/plugin_loose_core50_nc_q320/0,plugin_loose_core50_nc_q320,core50_nc,0,training,6,154354.137260533,154490.440357999,136.30309746600688,92702720,177303552,218103808,218103808,335544320,0,2325610496,0,2105333760,0,2327547904,0,0.1,870,,
effectiveness_v3_20260918T055602Z_9b29b8f8,dev/core50_nc/plugin_loose/plugin_loose_core50_nc_q320/0,plugin_loose_core50_nc_q320,core50_nc,0,evaluation,6,154490.509165416,154498.638363153,8.129197736998321,92702720,136220672,218103808,218103808,335544320,0,2330607616,0,2110330880,0,2331848704,0,0.1,47,,
effectiveness_v3_20260918T055602Z_9b29b8f8,dev/core50_nc/plugin_loose/plugin_loose_core50_nc_q320/0,plugin_loose_core50_nc_q320,core50_nc,0,resource_transition,7,154498.671379691,154498.671856154,0.00047646299935877323,92702720,92702720,218103808,218103808,335544320,0,2330607616,0,2110330880,0,0,0,0.1,0,no_interval_samples,
effectiveness_v3_20260918T055602Z_9b29b8f8,dev/core50_nc/plugin_loose/plugin_loose_core50_nc_q320/0,plugin_loose_core50_nc_q320,core50_nc,0,training,7,154498.707027396,154640.324979521,141.61795212500147,95999488,181149696,220200960,220200960,335544320,0,2327965696,0,2107688960,0,2330808320,0,0.1,913,,
effectiveness_v3_20260918T055602Z_9b29b8f8,dev/core50_nc/plugin_loose/plugin_loose_core50_nc_q320/0,plugin_loose_core50_nc_q320,core50_nc,0,evaluation,7,154640.424751189,154649.366576643,8.941825453977799,95999488,139517440,220200960,220200960,335544320,0,2328059904,0,2107783168,0,2335068160,0,0.1,53,,
effectiveness_v3_20260918T055602Z_9b29b8f8,dev/core50_nc/plugin_loose/plugin_loose_core50_nc_q320/0,plugin_loose_core50_nc_q320,core50_nc,0,resource_transition,8,154649.405004051,154649.405572486,0.0005684350035153329,95999488,95999488,220200960,220200960,335544320,0,2328059904,0,2107783168,0,0,0,0.1,0,no_interval_samples,
effectiveness_v3_20260918T055602Z_9b29b8f8,dev/core50_nc/plugin_loose/plugin_loose_core50_nc_q320/0,plugin_loose_core50_nc_q320,core50_nc,0,training,8,154649.43830632,154816.355134744,166.9168284240004,99296768,185281024,222298112,222298112,335544320,0,2330750976,0,2110474240,0,2331295744,0,0.1,1081,,
effectiveness_v3_20260918T055602Z_9b29b8f8,dev/core50_nc/plugin_loose/plugin_loose_core50_nc_q320/0,plugin_loose_core50_nc_q320,core50_nc,0,evaluation,8,154816.42551369,154826.571938966,10.146425276005175,99296768,142814720,222298112,222298112,335544320,0,2335895552,0,2115618816,0,2337026048,0,0.1,59,,
effectiveness_v3_20260918T061211Z_f25203dd,dev/core50_nc/l_cal/lcal_core50_nc_q320_rep0/0,lcal_core50_nc_q320_rep0,core50_nc,0,setup,,154842.143682508,154842.521830508,0.37814799998886883,1395712,1395712,2097152,2097152,335544320,0,1348362240,0,1128241152,0,1319948288,0,0.1,1,,
effectiveness_v3_20260918T061211Z_f25203dd,dev/core50_nc/l_cal/lcal_core50_nc_q320_rep0/0,lcal_core50_nc_q320_rep0,core50_nc,0,resource_transition,0,154842.547766463,154842.54823624,0.00046977700549177825,1395712,1395712,2097152,2097152,335544320,0,1348464640,0,1128261632,0,0,0,0.1,0,no_interval_samples,
effectiveness_v3_20260918T061211Z_f25203dd,dev/core50_nc/l_cal/lcal_core50_nc_q320_rep0/0,lcal_core50_nc_q320_rep0,core50_nc,0,training,0,154842.567695269,154869.523135153,26.955439883982763,70712320,95452672,117440512,117440512,335544320,0,2038448128,0,1818228736,0,2036535296,0,0.1,176,,
effectiveness_v3_20260918T061211Z_f25203dd,dev/core50_nc/l_cal/lcal_core50_nc_q320_rep0/0,lcal_core50_nc_q320_rep0,core50_nc,0,evaluation,0,154869.588531692,154871.568247693,1.9797160010202788,70712320,114230272,159383552,159383552,335544320,0,2089529344,0,1869314048,0,2090790912,0,0.1,14,,
effectiveness_v3_20260918T061211Z_f25203dd,dev/core50_nc/l_cal/lcal_core50_nc_q320_rep0/0,lcal_core50_nc_q320_rep0,core50_nc,0,resource_transition,1,154871.596491924,154871.596957479,0.00046555500011891127,70712320,70712320,159383552,159383552,335544320,0,2089537536,0,1869326336,0,0,0,0.1,0,no_interval_samples,
effectiveness_v3_20260918T061211Z_f25203dd,dev/core50_nc/l_cal/lcal_core50_nc_q320_rep0/0,lcal_core50_nc_q320_rep0,core50_nc,0,training,1,154871.623279479,154886.929872849,15.306593369983602,70712320,121897984,159383552,159383552,335544320,0,2087800832,0,1867581440,0,2091286528,0,0.1,103,,
effectiveness_v3_20260918T061211Z_f25203dd,dev/core50_nc/l_cal/lcal_core50_nc_q320_rep0/0,lcal_core50_nc_q320_rep0,core50_nc,0,evaluation,1,154887.013256838,154889.621990509,2.608733671018854,70712320,114230272,159383552,159383552,335544320,0,2092142592,0,1871923200,0,2092236800,0,0.1,18,,
effectiveness_v3_20260918T061211Z_f25203dd,dev/core50_nc/l_cal/lcal_core50_nc_q320_rep0/0,lcal_core50_nc_q320_rep0,core50_nc,0,resource_transition,2,154889.650544332,154889.651006406,0.0004620740073733032,70712320,70712320,159383552,159383552,335544320,0,2092142592,0,1871923200,0,0,0,0.1,0,no_interval_samples,
effectiveness_v3_20260918T061211Z_f25203dd,dev/core50_nc/l_cal/lcal_core50_nc_q320_rep0/0,lcal_core50_nc_q320_rep0,core50_nc,0,training,2,154889.677451915,154901.878553701,12.201101786020445,70712320,121897984,159383552,159383552,335544320,0,2088562688,0,1868343296,0,2092142592,0,0.1,84,,
effectiveness_v3_20260918T061211Z_f25203dd,dev/core50_nc/l_cal/lcal_core50_nc_q320_rep0/0,lcal_core50_nc_q320_rep0,core50_nc,0,evaluation,2,154901.937450471,154906.317602312,4.380151840974577,70712320,114230272,159383552,159383552,335544320,0,2088570880,0,1868351488,0,2095558656,0,0.1,29,,
effectiveness_v3_20260918T061211Z_f25203dd,dev/core50_nc/l_cal/lcal_core50_nc_q320_rep0/0,lcal_core50_nc_q320_rep0,core50_nc,0,resource_transition,3,154906.346847794,154906.347292877,0.0004450830165296793,70712320,70712320,159383552,159383552,335544320,0,2088574976,0,1868355584,0,0,0,0.1,0,no_interval_samples,
effectiveness_v3_20260918T061211Z_f25203dd,dev/core50_nc/l_cal/lcal_core50_nc_q320_rep0/0,lcal_core50_nc_q320_rep0,core50_nc,0,training,3,154906.37483273,154922.66993705,16.29510431998642,70712320,121897984,159383552,159383552,335544320,0,2097090560,0,1876871168,0,2097840128,0,0.1,109,,
effectiveness_v3_20260918T061211Z_f25203dd,dev/core50_nc/l_cal/lcal_core50_nc_q320_rep0/0,lcal_core50_nc_q320_rep0,core50_nc,0,evaluation,3,154922.754455901,154927.505670879,4.7512149779940955,70712320,114230272,159383552,159383552,335544320,0,2101772288,0,1881552896,0,2103877632,0,0.1,33,,
effectiveness_v3_20260918T061211Z_f25203dd,dev/core50_nc/l_cal/lcal_core50_nc_q320_rep0/0,lcal_core50_nc_q320_rep0,core50_nc,0,resource_transition,4,154927.536642841,154927.537141128,0.0004982870013918728,70712320,70712320,159383552,159383552,335544320,0,2101772288,0,1881552896,0,0,0,0.1,0,no_interval_samples,
effectiveness_v3_20260918T061211Z_f25203dd,dev/core50_nc/l_cal/lcal_core50_nc_q320_rep0/0,lcal_core50_nc_q320_rep0,core50_nc,0,training,4,154927.564319794,154940.880239285,13.315919490996748,70712320,121897984,159383552,159383552,335544320,0,2097926144,0,1877706752,0,2101772288,0,0.1,88,,
effectiveness_v3_20260918T061211Z_f25203dd,dev/core50_nc/l_cal/lcal_core50_nc_q320_rep0/0,lcal_core50_nc_q320_rep0,core50_nc,0,evaluation,4,154940.951056712,154947.220974657,6.269917944999179,70712320,114230272,159383552,159383552,335544320,0,2102607872,0,1882388480,0,2103795712,0,0.1,38,,
effectiveness_v3_20260918T061211Z_f25203dd,dev/core50_nc/l_cal/lcal_core50_nc_q320_rep0/0,lcal_core50_nc_q320_rep0,core50_nc,0,resource_transition,5,154947.250685157,154947.251110573,0.00042541601578705013,70712320,70712320,159383552,159383552,335544320,0,2102611968,0,1882392576,0,0,0,0.1,0,no_interval_samples,
effectiveness_v3_20260918T061211Z_f25203dd,dev/core50_nc/l_cal/lcal_core50_nc_q320_rep0/0,lcal_core50_nc_q320_rep0,core50_nc,0,training,5,154947.279284527,154963.76651946,16.487234933010768,70712320,121897984,159383552,159383552,335544320,0,2098638848,0,1878419456,0,2102550528,0,0.1,102,,
effectiveness_v3_20260918T061211Z_f25203dd,dev/core50_nc/l_cal/lcal_core50_nc_q320_rep0/0,lcal_core50_nc_q320_rep0,core50_nc,0,evaluation,5,154963.826320728,154971.150340793,7.324020065017976,70712320,114230272,159383552,159383552,335544320,0,2103353344,0,1883133952,0,2104492032,0,0.1,43,,
effectiveness_v3_20260918T061211Z_f25203dd,dev/core50_nc/l_cal/lcal_core50_nc_q320_rep0/0,lcal_core50_nc_q320_rep0,core50_nc,0,resource_transition,6,154971.178882413,154971.17929071,0.0004082969971932471,70712320,70712320,159383552,159383552,335544320,0,2103357440,0,1883138048,0,0,0,0.1,0,no_interval_samples,
effectiveness_v3_20260918T061211Z_f25203dd,dev/core50_nc/l_cal/lcal_core50_nc_q320_rep0/0,lcal_core50_nc_q320_rep0,core50_nc,0,training,6,154971.204333737,154987.198193469,15.993859731999692,70712320,121897984,159383552,159383552,335544320,0,2099175424,0,1878956032,0,2099724288,0,0.1,98,,
effectiveness_v3_20260918T061211Z_f25203dd,dev/core50_nc/l_cal/lcal_core50_nc_q320_rep0/0,lcal_core50_nc_q320_rep0,core50_nc,0,evaluation,6,154987.283420785,154995.273395259,7.98997447398142,70712320,114230272,159383552,159383552,335544320,0,2103762944,0,1883543552,0,2105339904,0,0.1,47,,
effectiveness_v3_20260918T061211Z_f25203dd,dev/core50_nc/l_cal/lcal_core50_nc_q320_rep0/0,lcal_core50_nc_q320_rep0,core50_nc,0,resource_transition,7,154995.304146851,154995.30459962,0.0004527689889073372,70712320,70712320,159383552,159383552,335544320,0,2103762944,0,1883543552,0,0,0,0.1,0,no_interval_samples,
effectiveness_v3_20260918T061211Z_f25203dd,dev/core50_nc/l_cal/lcal_core50_nc_q320_rep0/0,lcal_core50_nc_q320_rep0,core50_nc,0,training,7,154995.333636684,155010.050345416,14.716708732012194,70712320,121897984,159383552,159383552,335544320,0,2099363840,0,1879144448,0,2103762944,0,0.1,94,,
effectiveness_v3_20260918T061211Z_f25203dd,dev/core50_nc/l_cal/lcal_core50_nc_q320_rep0/0,lcal_core50_nc_q320_rep0,core50_nc,0,evaluation,7,155010.136718053,155018.84134171,8.704623657016782,70712320,114230272,159383552,159383552,335544320,0,2101424128,0,1881204736,0,2106826752,0,0.1,58,,
effectiveness_v3_20260918T061211Z_f25203dd,dev/core50_nc/l_cal/lcal_core50_nc_q320_rep0/0,lcal_core50_nc_q320_rep0,core50_nc,0,resource_transition,8,155018.870467896,155018.870910581,0.0004426850064191967,70712320,70712320,159383552,159383552,335544320,0,2101424128,0,1881204736,0,0,0,0.1,0,no_interval_samples,
effectiveness_v3_20260918T061211Z_f25203dd,dev/core50_nc/l_cal/lcal_core50_nc_q320_rep0/0,lcal_core50_nc_q320_rep0,core50_nc,0,training,8,155018.899391795,155034.782738563,15.883346767979674,70712320,121897984,159383552,159383552,335544320,0,2099609600,0,1879390208,0,2101600256,0,0.1,98,,
effectiveness_v3_20260918T061211Z_f25203dd,dev/core50_nc/l_cal/lcal_core50_nc_q320_rep0/0,lcal_core50_nc_q320_rep0,core50_nc,0,evaluation,8,155034.84022587,155044.95279513,10.11256926000351,70712320,114230272,159383552,159383552,335544320,0,2103889920,0,1883670528,0,2107097088,0,0.1,60,,
effectiveness_v3_20260918T061541Z_8747fb0e,dev/core50_nc/l_cal/lcal_core50_nc_q320_rep1/0,lcal_core50_nc_q320_rep1,core50_nc,0,setup,,155052.017783774,155052.396102944,0.37831917000585236,1395712,1395712,2097152,2097152,335544320,0,1350328320,0,1130191872,0,1321885696,0,0.1,1,,
effectiveness_v3_20260918T061541Z_8747fb0e,dev/core50_nc/l_cal/lcal_core50_nc_q320_rep1/0,lcal_core50_nc_q320_rep1,core50_nc,0,resource_transition,0,155052.420368129,155052.420800833,0.0004327039932832122,1395712,1395712,2097152,2097152,335544320,0,1350430720,0,1130208256,0,0,0,0.1,0,no_interval_samples,
effectiveness_v3_20260918T061541Z_8747fb0e,dev/core50_nc/l_cal/lcal_core50_nc_q320_rep1/0,lcal_core50_nc_q320_rep1,core50_nc,0,training,0,155052.43896212,155079.011054254,26.57209213398164,70712320,95452672,117440512,117440512,335544320,0,2040344576,0,1820109824,0,2038403072,0,0.1,167,,
effectiveness_v3_20260918T061541Z_8747fb0e,dev/core50_nc/l_cal/lcal_core50_nc_q320_rep1/0,lcal_core50_nc_q320_rep1,core50_nc,0,evaluation,0,155079.096609895,155081.096917099,2.0003072039980907,70712320,114230272,159383552,159383552,335544320,0,2091421696,0,1871195136,0,2092695552,0,0.1,12,,
effectiveness_v3_20260918T061541Z_8747fb0e,dev/core50_nc/l_cal/lcal_core50_nc_q320_rep1/0,lcal_core50_nc_q320_rep1,core50_nc,0,resource_transition,1,155081.124078496,155081.124532876,0.0004543800023384392,70712320,70712320,159383552,159383552,335544320,0,2091433984,0,1871219712,0,0,0,0.1,0,no_interval_samples,
effectiveness_v3_20260918T061541Z_8747fb0e,dev/core50_nc/l_cal/lcal_core50_nc_q320_rep1/0,lcal_core50_nc_q320_rep1,core50_nc,0,training,1,155081.150489116,155097.272111726,16.12162260999321,70712320,121897984,159383552,159383552,335544320,0,2089799680,0,1869564928,0,2093174784,0,0.1,105,,
effectiveness_v3_20260918T061541Z_8747fb0e,dev/core50_nc/l_cal/lcal_core50_nc_q320_rep1/0,lcal_core50_nc_q320_rep1,core50_nc,0,evaluation,1,155097.332571315,155100.075060814,2.742489499010844,70712320,114230272,159383552,159383552,335544320,0,2094141440,0,1873906688,0,2094370816,0,0.1,16,,
effectiveness_v3_20260918T061541Z_8747fb0e,dev/core50_nc/l_cal/lcal_core50_nc_q320_rep1/0,lcal_core50_nc_q320_rep1,core50_nc,0,resource_transition,2,155100.097663398,155100.098160417,0.0004970190057065338,70712320,70712320,159383552,159383552,335544320,0,2094141440,0,1873906688,0,0,0,0.1,0,no_interval_samples,
effectiveness_v3_20260918T061541Z_8747fb0e,dev/core50_nc/l_cal/lcal_core50_nc_q320_rep1/0,lcal_core50_nc_q320_rep1,core50_nc,0,training,2,155100.121850676,155113.414024365,13.292173688998446,70712320,121897984,159383552,159383552,335544320,0,2090446848,0,1870212096,0,2094166016,0,0.1,83,,
effectiveness_v3_20260918T061541Z_8747fb0e,dev/core50_nc/l_cal/lcal_core50_nc_q320_rep1/0,lcal_core50_nc_q320_rep1,core50_nc,0,evaluation,2,155113.472124966,155117.814212886,4.342087919998448,70712320,114230272,159383552,159383552,335544320,0,2090467328,0,1870232576,0,2097455104,0,0.1,26,,
effectiveness_v3_20260918T061541Z_8747fb0e,dev/core50_nc/l_cal/lcal_core50_nc_q320_rep1/0,lcal_core50_nc_q320_rep1,core50_nc,0,resource_transition,3,155117.845449404,155117.84591345,0.0004640459956135601,70712320,70712320,159383552,159383552,335544320,0,2090471424,0,1870236672,0,0,0,0.1,0,no_interval_samples,
effectiveness_v3_20260918T061541Z_8747fb0e,dev/core50_nc/l_cal/lcal_core50_nc_q320_rep1/0,lcal_core50_nc_q320_rep1,core50_nc,0,training,3,155117.87084933,155135.285528008,17.41467867800384,70712320,121897984,159383552,159383552,335544320,0,2098601984,0,1878367232,0,2099437568,0,0.1,108,,
effectiveness_v3_20260918T061541Z_8747fb0e,dev/core50_nc/l_cal/lcal_core50_nc_q320_rep1/0,lcal_core50_nc_q320_rep1,core50_nc,0,evaluation,3,155135.341698961,155140.592596485,5.250897523976164,70712320,114230272,159383552,159383552,335544320,0,2103283712,0,1883048960,0,2104471552,0,0.1,31,,
effectiveness_v3_20260918T061541Z_8747fb0e,dev/core50_nc/l_cal/lcal_core50_nc_q320_rep1/0,lcal_core50_nc_q320_rep1,core50_nc,0,resource_transition,4,155140.622001263,155140.622459152,0.0004578889929689467,70712320,70712320,159383552,159383552,335544320,0,2103283712,0,1883048960,0,0,0,0.1,0,no_interval_samples,
effectiveness_v3_20260918T061541Z_8747fb0e,dev/core50_nc/l_cal/lcal_core50_nc_q320_rep1/0,lcal_core50_nc_q320_rep1,core50_nc,0,training,4,155140.650377791,155155.172237709,14.521859917993424,70712320,121897984,159383552,159383552,335544320,0,2099441664,0,1879206912,0,2103300096,0,0.1,90,,
effectiveness_v3_20260918T061541Z_8747fb0e,dev/core50_nc/l_cal/lcal_core50_nc_q320_rep1/0,lcal_core50_nc_q320_rep1,core50_nc,0,evaluation,4,155155.235848412,155161.771293241,6.53544482900179,70712320,114230272,159383552,159383552,335544320,0,2099372032,0,1879137280,0,2105311232,0,0.1,39,,
effectiveness_v3_20260918T061541Z_8747fb0e,dev/core50_nc/l_cal/lcal_core50_nc_q320_rep1/0,lcal_core50_nc_q320_rep1,core50_nc,0,resource_transition,5,155161.803430175,155161.803966935,0.0005367599951568991,70712320,70712320,159383552,159383552,335544320,0,2099376128,0,1879141376,0,0,0,0.1,0,no_interval_samples,
effectiveness_v3_20260918T061541Z_8747fb0e,dev/core50_nc/l_cal/lcal_core50_nc_q320_rep1/0,lcal_core50_nc_q320_rep1,core50_nc,0,training,5,155161.856994591,155179.000595777,17.14360118599143,70712320,121897984,159383552,159383552,335544320,0,2100162560,0,1879927808,0,2100281344,0,0.1,106,,
effectiveness_v3_20260918T061541Z_8747fb0e,dev/core50_nc/l_cal/lcal_core50_nc_q320_rep1/0,lcal_core50_nc_q320_rep1,core50_nc,0,evaluation,5,155179.055456221,155186.556781839,7.501325618010014,70712320,114230272,159383552,159383552,335544320,0,2104348672,0,1884113920,0,2106011648,0,0.1,44,,
effectiveness_v3_20260918T061541Z_8747fb0e,dev/core50_nc/l_cal/lcal_core50_nc_q320_rep1/0,lcal_core50_nc_q320_rep1,core50_nc,0,resource_transition,6,155186.61117681,155186.611681829,0.0005050190084148198,70712320,70712320,159383552,159383552,335544320,0,2104352768,0,1884118016,0,0,0,0.1,0,no_interval_samples,
effectiveness_v3_20260918T061541Z_8747fb0e,dev/core50_nc/l_cal/lcal_core50_nc_q320_rep1/0,lcal_core50_nc_q320_rep1,core50_nc,0,training,6,155186.640355024,155203.516960311,16.87660528701963,70712320,121897984,159383552,159383552,335544320,0,2100695040,0,1880460288,0,2101243904,0,0.1,103,,
effectiveness_v3_20260918T061541Z_8747fb0e,dev/core50_nc/l_cal/lcal_core50_nc_q320_rep1/0,lcal_core50_nc_q320_rep1,core50_nc,0,evaluation,6,155203.579187375,155211.395245589,7.816058213997167,70712320,114230272,159383552,159383552,335544320,0,2105282560,0,1885047808,0,2106863616,0,0.1,46,,
effectiveness_v3_20260918T061541Z_8747fb0e,dev/core50_nc/l_cal/lcal_core50_nc_q320_rep1/0,lcal_core50_nc_q320_rep1,core50_nc,0,resource_transition,7,155211.425558255,155211.426008996,0.00045074100489728153,70712320,70712320,159383552,159383552,335544320,0,2105282560,0,1885047808,0,0,0,0.1,0,no_interval_samples,
effectiveness_v3_20260918T061541Z_8747fb0e,dev/core50_nc/l_cal/lcal_core50_nc_q320_rep1/0,lcal_core50_nc_q320_rep1,core50_nc,0,training,7,155211.457037532,155227.036385241,15.579347708990099,70712320,121897984,159383552,159383552,335544320,0,2100879360,0,1880644608,0,2104270848,0,0.1,96,,
effectiveness_v3_20260918T061541Z_8747fb0e,dev/core50_nc/l_cal/lcal_core50_nc_q320_rep1/0,lcal_core50_nc_q320_rep1,core50_nc,0,evaluation,7,155227.094719018,155236.036533702,8.941814683988923,70712320,114230272,159383552,159383552,335544320,0,2102943744,0,1882708992,0,2108342272,0,0.1,53,,
effectiveness_v3_20260918T061541Z_8747fb0e,dev/core50_nc/l_cal/lcal_core50_nc_q320_rep1/0,lcal_core50_nc_q320_rep1,core50_nc,0,resource_transition,8,155236.069207388,155236.069670425,0.0004630369949154556,70712320,70712320,159383552,159383552,335544320,0,2102943744,0,1882708992,0,0,0,0.1,0,no_interval_samples,
effectiveness_v3_20260918T061541Z_8747fb0e,dev/core50_nc/l_cal/lcal_core50_nc_q320_rep1/0,lcal_core50_nc_q320_rep1,core50_nc,0,training,8,155236.098567713,155250.421384165,14.322816452011466,70712320,121897984,159383552,159383552,335544320,0,2101141504,0,1880906752,0,2102943744,0,0.1,89,,
effectiveness_v3_20260918T061541Z_8747fb0e,dev/core50_nc/l_cal/lcal_core50_nc_q320_rep1/0,lcal_core50_nc_q320_rep1,core50_nc,0,evaluation,8,155250.480492259,155260.576180815,10.095688556000823,70712320,114230272,159383552,159383552,335544320,0,2105434112,0,1885199360,0,2109448192,0,0.1,59,,
effectiveness_v3_20260918T061925Z_1158848e,dev/core50_nc/static_search_tight/search_tight_core50_nc_b16_r200_q160/0,search_tight_core50_nc_b16_r200_q160,core50_nc,0,setup,,155276.058352887,155276.435808037,0.37745515001006424,1395712,1395712,2097152,2097152,167772160,0,1348374528,0,1128242176,0,1321713664,0,0.1,1,,
effectiveness_v3_20260918T061925Z_1158848e,dev/core50_nc/static_search_tight/search_tight_core50_nc_b16_r200_q160/0,search_tight_core50_nc_b16_r200_q160,core50_nc,0,resource_transition,0,155276.463579362,155276.464028001,0.0004486390098463744,1395712,1395712,2097152,2097152,167772160,0,1348481024,0,1128262656,0,0,0,0.1,0,no_interval_samples,
effectiveness_v3_20260918T061925Z_1158848e,dev/core50_nc/static_search_tight/search_tight_core50_nc_b16_r200_q160/0,search_tight_core50_nc_b16_r200_q160,core50_nc,0,training,0,155276.482624741,155302.268158971,25.785534230002668,70712320,95452672,117440512,117440512,167772160,0,2038452224,0,1818217472,0,2036510720,0,0.1,162,,
effectiveness_v3_20260918T061925Z_1158848e,dev/core50_nc/static_search_tight/search_tight_core50_nc_b16_r200_q160/0,search_tight_core50_nc_b16_r200_q160,core50_nc,0,evaluation,0,155302.325674859,155304.09391345,1.7682385910011362,70712320,114230272,159383552,159383552,167772160,0,2085892096,0,1865665536,0,2090811392,0,0.1,11,,
effectiveness_v3_20260918T061925Z_1158848e,dev/core50_nc/static_search_tight/search_tight_core50_nc_b16_r200_q160/0,search_tight_core50_nc_b16_r200_q160,core50_nc,0,resource_transition,1,155304.122391885,155304.122873394,0.00048150899237953126,70712320,70712320,159383552,159383552,167772160,0,2085904384,0,1865669632,0,0,0,0.1,0,no_interval_samples,
effectiveness_v3_20260918T061925Z_1158848e,dev/core50_nc/static_search_tight/search_tight_core50_nc_b16_r200_q160/0,search_tight_core50_nc_b16_r200_q160,core50_nc,0,training,1,155304.148728644,155319.644033823,15.495305178978015,70712320,121897984,159383552,159383552,167772160,0,2087804928,0,1867570176,0,2087493632,0,0.1,96,,
effectiveness_v3_20260918T061925Z_1158848e,dev/core50_nc/static_search_tight/search_tight_core50_nc_b16_r200_q160/0,search_tight_core50_nc_b16_r200_q160,core50_nc,0,evaluation,1,155319.701011982,155322.396810097,2.695798115018988,70712320,114230272,159383552,159383552,167772160,0,2092146688,0,1871911936,0,2092376064,0,0.1,16,,
effectiveness_v3_20260918T061925Z_1158848e,dev/core50_nc/static_search_tight/search_tight_core50_nc_b16_r200_q160/0,search_tight_core50_nc_b16_r200_q160,core50_nc,0,resource_transition,2,155322.425277227,155322.425738061,0.0004608339804690331,70712320,70712320,159383552,159383552,167772160,0,2092146688,0,1871911936,0,0,0,0.1,0,no_interval_samples,
effectiveness_v3_20260918T061925Z_1158848e,dev/core50_nc/static_search_tight/search_tight_core50_nc_b16_r200_q160/0,search_tight_core50_nc_b16_r200_q160,core50_nc,0,training,2,155322.452675497,155335.380546989,12.927871491992846,70712320,121897984,159383552,159383552,167772160,0,2088374272,0,1868139520,0,2092146688,0,0.1,81,,
effectiveness_v3_20260918T061925Z_1158848e,dev/core50_nc/static_search_tight/search_tight_core50_nc_b16_r200_q160/0,search_tight_core50_nc_b16_r200_q160,core50_nc,0,evaluation,2,155335.439979395,155339.855443166,4.415463770972565,70712320,114230272,159383552,159383552,167772160,0,2088382464,0,1868147712,0,2095370240,0,0.1,27,,
effectiveness_v3_20260918T061925Z_1158848e,dev/core50_nc/static_search_tight/search_tight_core50_nc_b16_r200_q160/0,search_tight_core50_nc_b16_r200_q160,core50_nc,0,resource_transition,3,155339.888646767,155339.889212202,0.0005654349806718528,70712320,70712320,159383552,159383552,167772160,0,2088386560,0,1868151808,0,0,0,0.1,0,no_interval_samples,
effectiveness_v3_20260918T061925Z_1158848e,dev/core50_nc/static_search_tight/search_tight_core50_nc_b16_r200_q160/0,search_tight_core50_nc_b16_r200_q160,core50_nc,0,training,3,155339.919136517,155356.885191563,16.966055045981193,70712320,121897984,159383552,159383552,167772160,0,2096574464,0,1876339712,0,2097377280,0,0.1,108,,
effectiveness_v3_20260918T061925Z_1158848e,dev/core50_nc/static_search_tight/search_tight_core50_nc_b16_r200_q160/0,search_tight_core50_nc_b16_r200_q160,core50_nc,0,evaluation,3,155356.967641275,155362.151272393,5.183631118008634,70712320,114230272,159383552,159383552,167772160,0,2101256192,0,1881021440,0,2103361536,0,0.1,31,,
effectiveness_v3_20260918T061925Z_1158848e,dev/core50_nc/static_search_tight/search_tight_core50_nc_b16_r200_q160/0,search_tight_core50_nc_b16_r200_q160,core50_nc,0,resource_transition,4,155362.178387448,155362.178859365,0.0004719170101452619,70712320,70712320,159383552,159383552,167772160,0,2101256192,0,1881021440,0,0,0,0.1,0,no_interval_samples,
effectiveness_v3_20260918T061925Z_1158848e,dev/core50_nc/static_search_tight/search_tight_core50_nc_b16_r200_q160/0,search_tight_core50_nc_b16_r200_q160,core50_nc,0,training,4,155362.20603667,155376.653221504,14.447184834018117,70712320,121897984,159383552,159383552,167772160,0,2097434624,0,1877199872,0,2101256192,0,0.1,90,,
effectiveness_v3_20260918T061925Z_1158848e,dev/core50_nc/static_search_tight/search_tight_core50_nc_b16_r200_q160/0,search_tight_core50_nc_b16_r200_q160,core50_nc,0,evaluation,4,155376.712530496,155383.402664625,6.690134128992213,70712320,114230272,159383552,159383552,167772160,0,2102112256,0,1881877504,0,2103300096,0,0.1,40,,
effectiveness_v3_20260918T061925Z_1158848e,dev/core50_nc/static_search_tight/search_tight_core50_nc_b16_r200_q160/0,search_tight_core50_nc_b16_r200_q160,core50_nc,0,resource_transition,5,155383.432656274,155383.43312808,0.0004718060081358999,70712320,70712320,159383552,159383552,167772160,0,2102116352,0,1881881600,0,0,0,0.1,0,no_interval_samples,
effectiveness_v3_20260918T061925Z_1158848e,dev/core50_nc/static_search_tight/search_tight_core50_nc_b16_r200_q160/0,search_tight_core50_nc_b16_r200_q160,core50_nc,0,training,5,155383.472714951,155400.36741031,16.894695358991157,70712320,121897984,159383552,159383552,167772160,0,2099093504,0,1878858752,0,2099175424,0,0.1,104,,
effectiveness_v3_20260918T061925Z_1158848e,dev/core50_nc/static_search_tight/search_tight_core50_nc_b16_r200_q160/0,search_tight_core50_nc_b16_r200_q160,core50_nc,0,evaluation,5,155400.452242858,155407.653044458,7.200801600003615,70712320,114230272,159383552,159383552,167772160,0,2103705600,0,1883470848,0,2104889344,0,0.1,43,,
effectiveness_v3_20260918T061925Z_1158848e,dev/core50_nc/static_search_tight/search_tight_core50_nc_b16_r200_q160/0,search_tight_core50_nc_b16_r200_q160,core50_nc,0,resource_transition,6,155407.686180578,155407.686721717,0.0005411390156950802,70712320,70712320,159383552,159383552,167772160,0,2103709696,0,1883474944,0,0,0,0.1,0,no_interval_samples,
effectiveness_v3_20260918T061925Z_1158848e,dev/core50_nc/static_search_tight/search_tight_core50_nc_b16_r200_q160/0,search_tight_core50_nc_b16_r200_q160,core50_nc,0,training,6,155407.715658124,155424.090580406,16.37492228197516,70712320,121897984,159383552,159383552,167772160,0,2099523584,0,1879288832,0,2103390208,0,0.1,102,,
effectiveness_v3_20260918T061925Z_1158848e,dev/core50_nc/static_search_tight/search_tight_core50_nc_b16_r200_q160/0,search_tight_core50_nc_b16_r200_q160,core50_nc,0,evaluation,6,155424.161921813,155432.190513292,8.02859147900017,70712320,114230272,159383552,159383552,167772160,0,2104115200,0,1883880448,0,2105692160,0,0.1,48,,
effectiveness_v3_20260918T061925Z_1158848e,dev/core50_nc/static_search_tight/search_tight_core50_nc_b16_r200_q160/0,search_tight_core50_nc_b16_r200_q160,core50_nc,0,resource_transition,7,155432.219222227,155432.219674579,0.00045235201832838356,70712320,70712320,159383552,159383552,167772160,0,2104115200,0,1883880448,0,0,0,0.1,0,no_interval_samples,
effectiveness_v3_20260918T061925Z_1158848e,dev/core50_nc/static_search_tight/search_tight_core50_nc_b16_r200_q160/0,search_tight_core50_nc_b16_r200_q160,core50_nc,0,training,7,155432.248021209,155446.494066087,14.246044878003886,70712320,121897984,159383552,159383552,167772160,0,2100740096,0,1880505344,0,2104115200,0,0.1,87,,
effectiveness_v3_20260918T061925Z_1158848e,dev/core50_nc/static_search_tight/search_tight_core50_nc_b16_r200_q160/0,search_tight_core50_nc_b16_r200_q160,core50_nc,0,evaluation,7,155446.551522375,155455.647581916,9.096059541014256,70712320,114230272,159383552,159383552,167772160,0,2101932032,0,1881697280,0,2107338752,0,0.1,54,,
effectiveness_v3_20260918T061925Z_1158848e,dev/core50_nc/static_search_tight/search_tight_core50_nc_b16_r200_q160/0,search_tight_core50_nc_b16_r200_q160,core50_nc,0,resource_transition,8,155455.677280796,155455.677732768,0.00045197200961411,70712320,70712320,159383552,159383552,167772160,0,2101932032,0,1881697280,0,0,0,0.1,0,no_interval_samples,
effectiveness_v3_20260918T061925Z_1158848e,dev/core50_nc/static_search_tight/search_tight_core50_nc_b16_r200_q160/0,search_tight_core50_nc_b16_r200_q160,core50_nc,0,training,8,155455.706877573,155471.576641415,15.869763842027169,70712320,121897984,159383552,159383552,167772160,0,2100060160,0,1879825408,0,2101932032,0,0.1,98,,
effectiveness_v3_20260918T061925Z_1158848e,dev/core50_nc/static_search_tight/search_tight_core50_nc_b16_r200_q160/0,search_tight_core50_nc_b16_r200_q160,core50_nc,0,evaluation,8,155471.652520665,155482.03893205,10.38641138499952,70712320,114230272,159383552,159383552,167772160,0,2104348672,0,1884113920,0,2108366848,0,0.1,61,,
effectiveness_v3_20260918T062258Z_fb2a4c31,dev/core50_nc/static_search_tight/search_tight_core50_nc_b16_r2000_q160/0,search_tight_core50_nc_b16_r2000_q160,core50_nc,0,setup,,155489.255546709,155489.637254329,0.3817076199920848,1395712,1395712,2097152,2097152,167772160,0,1351131136,0,1130998784,0,1318670336,0,0.1,1,,
effectiveness_v3_20260918T062258Z_fb2a4c31,dev/core50_nc/static_search_tight/search_tight_core50_nc_b16_r2000_q160/0,search_tight_core50_nc_b16_r2000_q160,core50_nc,0,resource_transition,0,155489.657414904,155489.657841709,0.00042680499609559774,1395712,1395712,2097152,2097152,167772160,0,1351237632,0,1131015168,0,0,0,0.1,0,no_interval_samples,
effectiveness_v3_20260918T062258Z_fb2a4c31,dev/core50_nc/static_search_tight/search_tight_core50_nc_b16_r2000_q160/0,search_tight_core50_nc_b16_r2000_q160,core50_nc,0,training,0,155489.676595635,155516.316771322,26.640175686974544,70712320,95452672,117440512,117440512,167772160,0,2042146816,0,1821912064,0,2038439936,0,0.1,175,,
effectiveness_v3_20260918T062258Z_fb2a4c31,dev/core50_nc/static_search_tight/search_tight_core50_nc_b16_r2000_q160/0,search_tight_core50_nc_b16_r2000_q160,core50_nc,0,evaluation,0,155516.394324886,155518.151906959,1.7575820730125997,70712320,114230272,159383552,159383552,167772160,0,2093395968,0,1873177600,0,2093215744,0,0.1,12,,
effectiveness_v3_20260918T062258Z_fb2a4c31,dev/core50_nc/static_search_tight/search_tight_core50_nc_b16_r2000_q160/0,search_tight_core50_nc_b16_r2000_q160,core50_nc,0,resource_transition,1,155518.176357208,155518.176802754,0.000445546000264585,70712320,70712320,159383552,159383552,167772160,0,2093416448,0,1873189888,0,0,0,0.1,0,no_interval_samples,
effectiveness_v3_20260918T062258Z_fb2a4c31,dev/core50_nc/static_search_tight/search_tight_core50_nc_b16_r2000_q160/0,search_tight_core50_nc_b16_r2000_q160,core50_nc,0,training,1,155518.201065671,155534.126871238,15.925805567007046,70712320,121897984,159383552,159383552,167772160,0,2092314624,0,1872079872,0,2094292992,0,0.1,100,,
effectiveness_v3_20260918T062258Z_fb2a4c31,dev/core50_nc/static_search_tight/search_tight_core50_nc_b16_r2000_q160/0,search_tight_core50_nc_b16_r2000_q160,core50_nc,0,evaluation,1,155534.184540404,155536.847469648,2.66292924399022,70712320,114230272,159383552,159383552,167772160,0,2096689152,0,1876454400,0,2097016832,0,0.1,16,,
effectiveness_v3_20260918T062258Z_fb2a4c31,dev/core50_nc/static_search_tight/search_tight_core50_nc_b16_r2000_q160/0,search_tight_core50_nc_b16_r2000_q160,core50_nc,0,resource_transition,2,155536.875349703,155536.875809286,0.0004595829814206809,70712320,70712320,159383552,159383552,167772160,0,2096689152,0,1876454400,0,0,0,0.1,0,no_interval_samples,
effectiveness_v3_20260918T062258Z_fb2a4c31,dev/core50_nc/static_search_tight/search_tight_core50_nc_b16_r2000_q160/0,search_tight_core50_nc_b16_r2000_q160,core50_nc,0,training,2,155536.901294647,155548.167791633,11.266496986005222,70712320,121897984,159383552,159383552,167772160,0,2092707840,0,1872472064,0,2097115136,0,0.1,69,,
effectiveness_v3_20260918T062258Z_fb2a4c31,dev/core50_nc/static_search_tight/search_tight_core50_nc_b16_r2000_q160/0,search_tight_core50_nc_b16_r2000_q160,core50_nc,0,evaluation,2,155548.253187901,155552.52805222,4.274864319013432,70712320,114230272,159383552,159383552,167772160,0,2097594368,0,1877358592,0,2099441664,0,0.1,25,,
effectiveness_v3_20260918T062258Z_fb2a4c31,dev/core50_nc/static_search_tight/search_tight_core50_nc_b16_r2000_q160/0,search_tight_core50_nc_b16_r2000_q160,core50_nc,0,resource_transition,3,155552.567435802,155552.567926562,0.00049076002324,70712320,70712320,159383552,159383552,167772160,0,2097594368,0,1877358592,0,0,0,0.1,0,no_interval_samples,
effectiveness_v3_20260918T062258Z_fb2a4c31,dev/core50_nc/static_search_tight/search_tight_core50_nc_b16_r2000_q160/0,search_tight_core50_nc_b16_r2000_q160,core50_nc,0,training,3,155552.629168616,155569.387059869,16.75789125301526,70712320,121897984,159383552,159383552,167772160,0,2101604352,0,1881369600,0,2101338112,0,0.1,103,,
effectiveness_v3_20260918T062258Z_fb2a4c31,dev/core50_nc/static_search_tight/search_tight_core50_nc_b16_r2000_q160/0,search_tight_core50_nc_b16_r2000_q160,core50_nc,0,evaluation,3,155569.472412386,155574.378046788,4.905634402006399,70712320,114230272,159383552,159383552,167772160,0,2105925632,0,1885690880,0,2107068416,0,0.1,29,,
effectiveness_v3_20260918T062258Z_fb2a4c31,dev/core50_nc/static_search_tight/search_tight_core50_nc_b16_r2000_q160/0,search_tight_core50_nc_b16_r2000_q160,core50_nc,0,resource_transition,4,155574.41192025,155574.412354139,0.000433889013947919,70712320,70712320,159383552,159383552,167772160,0,2105925632,0,1885690880,0,0,0,0.1,0,no_interval_samples,
effectiveness_v3_20260918T062258Z_fb2a4c31,dev/core50_nc/static_search_tight/search_tight_core50_nc_b16_r2000_q160/0,search_tight_core50_nc_b16_r2000_q160,core50_nc,0,training,4,155574.445390814,155588.060650008,13.615259193989914,70712320,121897984,159383552,159383552,167772160,0,2101637120,0,1881402368,0,2105925632,0,0.1,85,,
effectiveness_v3_20260918T062258Z_fb2a4c31,dev/core50_nc/static_search_tight/search_tight_core50_nc_b16_r2000_q160/0,search_tight_core50_nc_b16_r2000_q160,core50_nc,0,evaluation,4,155588.11943122,155594.395953275,6.276522055006353,70712320,114230272,159383552,159383552,167772160,0,2101608448,0,1881373696,0,2107658240,0,0.1,37,,
effectiveness_v3_20260918T062258Z_fb2a4c31,dev/core50_nc/static_search_tight/search_tight_core50_nc_b16_r2000_q160/0,search_tight_core50_nc_b16_r2000_q160,core50_nc,0,resource_transition,5,155594.433125015,155594.433544774,0.00041975898784585297,70712320,70712320,159383552,159383552,167772160,0,2101608448,0,1881373696,0,0,0,0.1,0,no_interval_samples,
effectiveness_v3_20260918T062258Z_fb2a4c31,dev/core50_nc/static_search_tight/search_tight_core50_nc_b16_r2000_q160/0,search_tight_core50_nc_b16_r2000_q160,core50_nc,0,training,5,155594.485340273,155611.255346059,16.77000578600564,70712320,121897984,159383552,159383552,167772160,0,2102644736,0,1882409984,0,2102607872,0,0.1,102,,
effectiveness_v3_20260918T062258Z_fb2a4c31,dev/core50_nc/static_search_tight/search_tight_core50_nc_b16_r2000_q160/0,search_tight_core50_nc_b16_r2000_q160,core50_nc,0,evaluation,5,155611.314621014,155618.507245866,7.192624852003064,70712320,114230272,159383552,159383552,167772160,0,2107265024,0,1887030272,0,2108796928,0,0.1,43,,
effectiveness_v3_20260918T062258Z_fb2a4c31,dev/core50_nc/static_search_tight/search_tight_core50_nc_b16_r2000_q160/0,search_tight_core50_nc_b16_r2000_q160,core50_nc,0,resource_transition,6,155618.540349488,155618.54079158,0.0004420919867698103,70712320,70712320,159383552,159383552,167772160,0,2107265024,0,1887030272,0,0,0,0.1,0,no_interval_samples,
effectiveness_v3_20260918T062258Z_fb2a4c31,dev/core50_nc/static_search_tight/search_tight_core50_nc_b16_r2000_q160/0,search_tight_core50_nc_b16_r2000_q160,core50_nc,0,training,6,155618.573406164,155631.800475044,13.227068879990838,70712320,121897984,159383552,159383552,167772160,0,2103529472,0,1883294720,0,2106773504,0,0.1,81,,
effectiveness_v3_20260918T062258Z_fb2a4c31,dev/core50_nc/static_search_tight/search_tight_core50_nc_b16_r2000_q160/0,search_tight_core50_nc_b16_r2000_q160,core50_nc,0,evaluation,6,155631.850763221,155639.977730996,8.126967774995137,70712320,114230272,159383552,159383552,167772160,0,2102947840,0,1882713088,0,2108882944,0,0.1,48,,
effectiveness_v3_20260918T062258Z_fb2a4c31,dev/core50_nc/static_search_tight/search_tight_core50_nc_b16_r2000_q160/0,search_tight_core50_nc_b16_r2000_q160,core50_nc,0,resource_transition,7,155640.026151235,155640.026661837,0.0005106019962113351,70712320,70712320,159383552,159383552,167772160,0,2102947840,0,1882713088,0,0,0,0.1,0,no_interval_samples,
effectiveness_v3_20260918T062258Z_fb2a4c31,dev/core50_nc/static_search_tight/search_tight_core50_nc_b16_r2000_q160/0,search_tight_core50_nc_b16_r2000_q160,core50_nc,0,training,7,155640.061667466,155653.199705046,13.138037579978118,70712320,121897984,159383552,159383552,167772160,0,2103160832,0,1882926080,0,2103877632,0,0.1,81,,
effectiveness_v3_20260918T062258Z_fb2a4c31,dev/core50_nc/static_search_tight/search_tight_core50_nc_b16_r2000_q160/0,search_tight_core50_nc_b16_r2000_q160,core50_nc,0,evaluation,7,155653.256368352,155662.181788255,8.925419902981957,70712320,114230272,159383552,159383552,167772160,0,2108895232,0,1888660480,0,2108981248,0,0.1,53,,
effectiveness_v3_20260918T062258Z_fb2a4c31,dev/core50_nc/static_search_tight/search_tight_core50_nc_b16_r2000_q160/0,search_tight_core50_nc_b16_r2000_q160,core50_nc,0,resource_transition,8,155662.218313135,155662.218724626,0.0004114909970667213,70712320,70712320,159383552,159383552,167772160,0,2108895232,0,1888660480,0,0,0,0.1,0,no_interval_samples,
effectiveness_v3_20260918T062258Z_fb2a4c31,dev/core50_nc/static_search_tight/search_tight_core50_nc_b16_r2000_q160/0,search_tight_core50_nc_b16_r2000_q160,core50_nc,0,training,8,155662.271161211,155678.262530897,15.99136968597304,70712320,121897984,159383552,159383552,167772160,0,2103754752,0,1883520000,0,2104442880,0,0.1,98,,
effectiveness_v3_20260918T062258Z_fb2a4c31,dev/core50_nc/static_search_tight/search_tight_core50_nc_b16_r2000_q160/0,search_tight_core50_nc_b16_r2000_q160,core50_nc,0,evaluation,8,155678.32463372,155688.178708626,9.854074905975722,70712320,114230272,159383552,159383552,167772160,0,2108026880,0,1887792128,0,2111234048,0,0.1,59,,
effectiveness_v3_20260918T062624Z_021adce6,dev/core50_nc/static_search_tight/search_tight_core50_nc_b64_r200_q160/0,search_tight_core50_nc_b64_r200_q160,core50_nc,0,setup,,155695.355263014,155695.732877971,0.3776149569894187,1395712,1395712,2097152,2097152,167772160,0,1348362240,0,1128250368,0,1321750528,0,0.1,1,,
effectiveness_v3_20260918T062624Z_021adce6,dev/core50_nc/static_search_tight/search_tight_core50_nc_b64_r200_q160/0,search_tight_core50_nc_b64_r200_q160,core50_nc,0,resource_transition,0,155695.761124517,155695.761573665,0.00044914797763340175,1395712,1395712,2097152,2097152,167772160,0,1348489216,0,1128270848,0,0,0,0.1,0,no_interval_samples,
effectiveness_v3_20260918T062624Z_021adce6,dev/core50_nc/static_search_tight/search_tight_core50_nc_b64_r200_q160/0,search_tight_core50_nc_b64_r200_q160,core50_nc,0,training,0,155695.78095572,155696.375518146,0.594562426005723,165807104,166872064,167772160,167772160,167772160,0,1826893824,0,1606351872,0,1828253696,0,0.1,3,,failed
effectiveness_v3_20260918T062632Z_f14a7bae,dev/core50_nc/static_search_tight/search_tight_core50_nc_b64_r2000_q160/0,search_tight_core50_nc_b64_r2000_q160,core50_nc,0,setup,,155703.428708681,155703.821110246,0.39240156501182355,1395712,1395712,2097152,2097152,167772160,0,1348337664,0,1128209408,0,1321721856,0,0.1,1,,
effectiveness_v3_20260918T062632Z_f14a7bae,dev/core50_nc/static_search_tight/search_tight_core50_nc_b64_r2000_q160/0,search_tight_core50_nc_b64_r2000_q160,core50_nc,0,resource_transition,0,155703.841405051,155703.84183032,0.0004252689832355827,1395712,1395712,2097152,2097152,167772160,0,1348448256,0,1128229888,0,0,0,0.1,0,no_interval_samples,
effectiveness_v3_20260918T062632Z_f14a7bae,dev/core50_nc/static_search_tight/search_tight_core50_nc_b64_r2000_q160/0,search_tight_core50_nc_b64_r2000_q160,core50_nc,0,training,0,155703.860696699,155704.435686912,0.5749902130046394,165807104,166872064,167772160,167772160,167772160,0,1826852864,0,1606294528,0,1827942400,0,0.1,3,,failed
effectiveness_v3_20260918T062640Z_1ae47bce,dev/core50_nc/static_search_tight/search_tight_core50_nc_b256_r200_q160/0,search_tight_core50_nc_b256_r200_q160,core50_nc,0,setup,,155711.539227694,155711.921513801,0.3822861069929786,1395712,1395712,2097152,2097152,167772160,0,1348415488,0,1128279040,0,1315700736,0,0.1,1,,
effectiveness_v3_20260918T062640Z_1ae47bce,dev/core50_nc/static_search_tight/search_tight_core50_nc_b256_r200_q160/0,search_tight_core50_nc_b256_r200_q160,core50_nc,0,resource_transition,0,155711.950139015,155711.950570274,0.00043125898810103536,1395712,1395712,2097152,2097152,167772160,0,1348517888,0,1128299520,0,0,0,0.1,0,no_interval_samples,
effectiveness_v3_20260918T062640Z_1ae47bce,dev/core50_nc/static_search_tight/search_tight_core50_nc_b256_r200_q160/0,search_tight_core50_nc_b256_r200_q160,core50_nc,0,training,0,155711.969654867,155712.383786792,0.41413192500476725,156593152,156593152,157286400,157286400,167772160,0,1438302208,0,1217772544,0,1352671232,0,0.1,1,,failed
effectiveness_v3_20260918T062648Z_a187fa33,dev/core50_nc/static_search_tight/search_tight_core50_nc_b256_r2000_q160/0,search_tight_core50_nc_b256_r2000_q160,core50_nc,0,setup,,155719.45077848,155719.829974201,0.3791957210050896,1395712,1395712,2097152,2097152,167772160,0,1349087232,0,1128950784,0,1318535168,0,0.1,1,,
effectiveness_v3_20260918T062648Z_a187fa33,dev/core50_nc/static_search_tight/search_tight_core50_nc_b256_r2000_q160/0,search_tight_core50_nc_b256_r2000_q160,core50_nc,0,resource_transition,0,155719.850203609,155719.850624535,0.0004209259932395071,1395712,1395712,2097152,2097152,167772160,0,1349189632,0,1128971264,0,0,0,0.1,0,no_interval_samples,
effectiveness_v3_20260918T062648Z_a187fa33,dev/core50_nc/static_search_tight/search_tight_core50_nc_b256_r2000_q160/0,search_tight_core50_nc_b256_r2000_q160,core50_nc,0,training,0,155719.869588795,155720.271395838,0.40180704300291836,156593152,156593152,157286400,157286400,167772160,0,1438138368,0,1217600512,0,1437978624,0,0.1,2,,failed
effectiveness_v3_20260918T062705Z_ce1e6152,dev/core50_nc/static_search_loose/search_loose_core50_nc_b16_r200_q320/0,search_loose_core50_nc_b16_r200_q320,core50_nc,0,setup,,155735.947001488,155736.323913944,0.3769124560058117,1395712,1395712,2097152,2097152,335544320,0,1348341760,0,1128217600,0,0,0,0.1,0,no_interval_samples,
effectiveness_v3_20260918T062705Z_ce1e6152,dev/core50_nc/static_search_loose/search_loose_core50_nc_b16_r200_q320/0,search_loose_core50_nc_b16_r200_q320,core50_nc,0,resource_transition,0,155736.346365472,155736.346798491,0.0004330189840402454,1395712,1395712,2097152,2097152,335544320,0,1348456448,0,1128233984,0,0,0,0.1,0,no_interval_samples,
effectiveness_v3_20260918T062705Z_ce1e6152,dev/core50_nc/static_search_loose/search_loose_core50_nc_b16_r200_q320/0,search_loose_core50_nc_b16_r200_q320,core50_nc,0,training,0,155736.366097621,155763.655524841,27.28942721997737,70712320,95452672,117440512,117440512,335544320,0,2038423552,0,1818188800,0,2036510720,0,0.1,171,,
effectiveness_v3_20260918T062705Z_ce1e6152,dev/core50_nc/static_search_loose/search_loose_core50_nc_b16_r200_q320/0,search_loose_core50_nc_b16_r200_q320,core50_nc,0,evaluation,0,155763.720344728,155765.656645254,1.9363005259947386,70712320,114230272,159383552,159383552,335544320,0,2089492480,0,1869265920,0,2090766336,0,0.1,12,,
effectiveness_v3_20260918T062705Z_ce1e6152,dev/core50_nc/static_search_loose/search_loose_core50_nc_b16_r200_q320/0,search_loose_core50_nc_b16_r200_q320,core50_nc,0,resource_transition,1,155765.684352319,155765.684795912,0.00044359301682561636,70712320,70712320,159383552,159383552,335544320,0,2089508864,0,1869294592,0,0,0,0.1,0,no_interval_samples,
effectiveness_v3_20260918T062705Z_ce1e6152,dev/core50_nc/static_search_loose/search_loose_core50_nc_b16_r200_q320/0,search_loose_core50_nc_b16_r200_q320,core50_nc,0,training,1,155765.711164765,155781.717626007,16.00646124201012,70712320,121897984,159383552,159383552,335544320,0,2087608320,0,1867373568,0,2089533440,0,0.1,99,,
effectiveness_v3_20260918T062705Z_ce1e6152,dev/core50_nc/static_search_loose/search_loose_core50_nc_b16_r200_q320/0,search_loose_core50_nc_b16_r200_q320,core50_nc,0,evaluation,1,155781.780057423,155784.542094683,2.762037260021316,70712320,114230272,159383552,159383552,335544320,0,2091950080,0,1871715328,0,2092187648,0,0.1,17,,
effectiveness_v3_20260918T062705Z_ce1e6152,dev/core50_nc/static_search_loose/search_loose_core50_nc_b16_r200_q320/0,search_loose_core50_nc_b16_r200_q320,core50_nc,0,resource_transition,2,155784.569141822,155784.569635562,0.0004937399935442954,70712320,70712320,159383552,159383552,335544320,0,2091950080,0,1871715328,0,0,0,0.1,0,no_interval_samples,
effectiveness_v3_20260918T062705Z_ce1e6152,dev/core50_nc/static_search_loose/search_loose_core50_nc_b16_r200_q320/0,search_loose_core50_nc_b16_r200_q320,core50_nc,0,training,2,155784.596387775,155797.693230486,13.096842711005593,70712320,121897984,159383552,159383552,335544320,0,2088534016,0,1868299264,0,2091974656,0,0.1,81,,
effectiveness_v3_20260918T062705Z_ce1e6152,dev/core50_nc/static_search_loose/search_loose_core50_nc_b16_r200_q320/0,search_loose_core50_nc_b16_r200_q320,core50_nc,0,evaluation,2,155797.755797496,155802.213314561,4.457517064991407,70712320,114230272,159383552,159383552,335544320,0,2088546304,0,1868311552,0,2095534080,0,0.1,27,,
effectiveness_v3_20260918T062705Z_ce1e6152,dev/core50_nc/static_search_loose/search_loose_core50_nc_b16_r200_q320/0,search_loose_core50_nc_b16_r200_q320,core50_nc,0,resource_transition,3,155802.244279069,155802.24477556,0.0004964909749105573,70712320,70712320,159383552,159383552,335544320,0,2088550400,0,1868315648,0,0,0,0.1,0,no_interval_samples,
effectiveness_v3_20260918T062705Z_ce1e6152,dev/core50_nc/static_search_loose/search_loose_core50_nc_b16_r200_q320/0,search_loose_core50_nc_b16_r200_q320,core50_nc,0,training,3,155802.272761078,155819.254514486,16.981753408006625,70712320,121897984,159383552,159383552,335544320,0,2096680960,0,1876446208,0,2097893376,0,0.1,105,,
effectiveness_v3_20260918T062705Z_ce1e6152,dev/core50_nc/static_search_loose/search_loose_core50_nc_b16_r200_q320/0,search_loose_core50_nc_b16_r200_q320,core50_nc,0,evaluation,3,155819.312504107,155824.355206836,5.042702728998847,70712320,114230272,159383552,159383552,335544320,0,2096607232,0,1876372480,0,2103472128,0,0.1,30,,
effectiveness_v3_20260918T062705Z_ce1e6152,dev/core50_nc/static_search_loose/search_loose_core50_nc_b16_r200_q320/0,search_loose_core50_nc_b16_r200_q320,core50_nc,0,resource_transition,4,155824.38747742,155824.388079402,0.0006019819993525743,70712320,70712320,159383552,159383552,335544320,0,2096607232,0,1876372480,0,0,0,0.1,0,no_interval_samples,
effectiveness_v3_20260918T062705Z_ce1e6152,dev/core50_nc/static_search_loose/search_loose_core50_nc_b16_r200_q320/0,search_loose_core50_nc_b16_r200_q320,core50_nc,0,training,4,155824.41736118,155835.833780047,11.416418866981985,70712320,121897984,159383552,159383552,335544320,0,2097516544,0,1877281792,0,2097618944,0,0.1,73,,
effectiveness_v3_20260918T062705Z_ce1e6152,dev/core50_nc/static_search_loose/search_loose_core50_nc_b16_r200_q320/0,search_loose_core50_nc_b16_r200_q320,core50_nc,0,evaluation,4,155835.897832667,155842.111543528,6.213710861018626,70712320,114230272,159383552,159383552,335544320,0,2102198272,0,1881963520,0,2103386112,0,0.1,38,,
effectiveness_v3_20260918T062705Z_ce1e6152,dev/core50_nc/static_search_loose/search_loose_core50_nc_b16_r200_q320/0,search_loose_core50_nc_b16_r200_q320,core50_nc,0,resource_transition,5,155842.14102125,155842.141471166,0.0004499159986153245,70712320,70712320,159383552,159383552,335544320,0,2102202368,0,1881967616,0,0,0,0.1,0,no_interval_samples,
effectiveness_v3_20260918T062705Z_ce1e6152,dev/core50_nc/static_search_loose/search_loose_core50_nc_b16_r200_q320/0,search_loose_core50_nc_b16_r200_q320,core50_nc,0,training,5,155842.168372953,155858.451297958,16.282925005012657,70712320,121897984,159383552,159383552,335544320,0,2099064832,0,1878830080,0,2099216384,0,0.1,100,,
effectiveness_v3_20260918T062705Z_ce1e6152,dev/core50_nc/static_search_loose/search_loose_core50_nc_b16_r200_q320/0,search_loose_core50_nc_b16_r200_q320,core50_nc,0,evaluation,5,155858.537174561,155865.571521313,7.03434675198514,70712320,114230272,159383552,159383552,335544320,0,2103672832,0,1883438080,0,2104860672,0,0.1,42,,
effectiveness_v3_20260918T062705Z_ce1e6152,dev/core50_nc/static_search_loose/search_loose_core50_nc_b16_r200_q320/0,search_loose_core50_nc_b16_r200_q320,core50_nc,0,resource_transition,6,155865.605047416,155865.60556486,0.0005174439866095781,70712320,70712320,159383552,159383552,335544320,0,2103676928,0,1883442176,0,0,0,0.1,0,no_interval_samples,
effectiveness_v3_20260918T062705Z_ce1e6152,dev/core50_nc/static_search_loose/search_loose_core50_nc_b16_r200_q320/0,search_loose_core50_nc_b16_r200_q320,core50_nc,0,training,6,155865.635283601,155881.64469632,16.00941271899501,70712320,121897984,159383552,159383552,335544320,0,2099449856,0,1879215104,0,2103357440,0,0.1,99,,
effectiveness_v3_20260918T062705Z_ce1e6152,dev/core50_nc/static_search_loose/search_loose_core50_nc_b16_r200_q320/0,search_loose_core50_nc_b16_r200_q320,core50_nc,0,evaluation,6,155881.703050384,155889.634608406,7.931558021984529,70712320,114230272,159383552,159383552,335544320,0,2104090624,0,1883855872,0,2105671680,0,0.1,46,,
effectiveness_v3_20260918T062705Z_ce1e6152,dev/core50_nc/static_search_loose/search_loose_core50_nc_b16_r200_q320/0,search_loose_core50_nc_b16_r200_q320,core50_nc,0,resource_transition,7,155889.666695267,155889.667177091,0.00048182401224039495,70712320,70712320,159383552,159383552,335544320,0,2104090624,0,1883855872,0,0,0,0.1,0,no_interval_samples,
effectiveness_v3_20260918T062705Z_ce1e6152,dev/core50_nc/static_search_loose/search_loose_core50_nc_b16_r200_q320/0,search_loose_core50_nc_b16_r200_q320,core50_nc,0,training,7,155889.709152747,155905.301851324,15.592698577005649,70712320,121897984,159383552,159383552,335544320,0,2099707904,0,1879473152,0,2103136256,0,0.1,95,,
effectiveness_v3_20260918T062705Z_ce1e6152,dev/core50_nc/static_search_loose/search_loose_core50_nc_b16_r200_q320/0,search_loose_core50_nc_b16_r200_q320,core50_nc,0,evaluation,7,155905.361393594,155914.498224277,9.13683068298269,70712320,114230272,159383552,159383552,335544320,0,2101764096,0,1881529344,0,2107166720,0,0.1,53,,
effectiveness_v3_20260918T062705Z_ce1e6152,dev/core50_nc/static_search_loose/search_loose_core50_nc_b16_r200_q320/0,search_loose_core50_nc_b16_r200_q320,core50_nc,0,resource_transition,8,155914.551808554,155914.552340036,0.00053148198639974,70712320,70712320,159383552,159383552,335544320,0,2101764096,0,1881529344,0,0,0,0.1,0,no_interval_samples,
effectiveness_v3_20260918T062705Z_ce1e6152,dev/core50_nc/static_search_loose/search_loose_core50_nc_b16_r200_q320/0,search_loose_core50_nc_b16_r200_q320,core50_nc,0,training,8,155914.582179868,155929.216521915,14.634342046978418,70712320,121897984,159383552,159383552,335544320,0,2099957760,0,1879723008,0,2101833728,0,0.1,97,,
effectiveness_v3_20260918T062705Z_ce1e6152,dev/core50_nc/static_search_loose/search_loose_core50_nc_b16_r200_q320/0,search_loose_core50_nc_b16_r200_q320,core50_nc,0,evaluation,8,155929.277473722,155939.36589943,10.088425708003342,70712320,114230272,159383552,159383552,335544320,0,2104246272,0,1884011520,0,2108260352,0,0.1,59,,
effectiveness_v3_20260918T063035Z_a97c2d26,dev/core50_nc/static_search_loose/search_loose_core50_nc_b16_r2000_q320/0,search_loose_core50_nc_b16_r2000_q320,core50_nc,0,setup,,155946.399445741,155946.774243153,0.3747974119905848,1395712,1395712,2097152,2097152,335544320,0,1348313088,0,1128224768,0,1318637568,0,0.1,1,,
effectiveness_v3_20260918T063035Z_a97c2d26,dev/core50_nc/static_search_loose/search_loose_core50_nc_b16_r2000_q320/0,search_loose_core50_nc_b16_r2000_q320,core50_nc,0,resource_transition,0,155946.795805653,155946.796253533,0.0004478799819480628,1395712,1395712,2097152,2097152,335544320,0,1348448256,0,1128241152,0,0,0,0.1,0,no_interval_samples,
effectiveness_v3_20260918T063035Z_a97c2d26,dev/core50_nc/static_search_loose/search_loose_core50_nc_b16_r2000_q320/0,search_loose_core50_nc_b16_r2000_q320,core50_nc,0,training,0,155946.815503959,155974.026637229,27.211133270000573,70712320,95452672,117440512,117440512,335544320,0,2040254464,0,1820035072,0,2036514816,0,0.1,170,,
effectiveness_v3_20260918T063035Z_a97c2d26,dev/core50_nc/static_search_loose/search_loose_core50_nc_b16_r2000_q320/0,search_loose_core50_nc_b16_r2000_q320,core50_nc,0,evaluation,0,155974.089561796,155976.174054959,2.0844931630126666,70712320,114230272,159383552,159383552,335544320,0,2087874560,0,1867659264,0,2092789760,0,0.1,12,,
effectiveness_v3_20260918T063035Z_a97c2d26,dev/core50_nc/static_search_loose/search_loose_core50_nc_b16_r2000_q320/0,search_loose_core50_nc_b16_r2000_q320,core50_nc,0,resource_transition,1,155976.19805182,155976.198517033,0.00046521297190338373,70712320,70712320,159383552,159383552,335544320,0,2087882752,0,1867671552,0,0,0,0.1,0,no_interval_samples,
effectiveness_v3_20260918T063035Z_a97c2d26,dev/core50_nc/static_search_loose/search_loose_core50_nc_b16_r2000_q320/0,search_loose_core50_nc_b16_r2000_q320,core50_nc,0,training,1,155976.223080636,155992.012181402,15.789100766007323,70712320,121897984,159383552,159383552,335544320,0,2090442752,0,1870223360,0,2089426944,0,0.1,98,,
effectiveness_v3_20260918T063035Z_a97c2d26,dev/core50_nc/static_search_loose/search_loose_core50_nc_b16_r2000_q320/0,search_loose_core50_nc_b16_r2000_q320,core50_nc,0,evaluation,1,155992.070682598,155994.719628616,2.6489460180164315,70712320,114230272,159383552,159383552,335544320,0,2094813184,0,1874593792,0,2095140864,0,0.1,16,,
effectiveness_v3_20260918T063035Z_a97c2d26,dev/core50_nc/static_search_loose/search_loose_core50_nc_b16_r2000_q320/0,search_loose_core50_nc_b16_r2000_q320,core50_nc,0,resource_transition,2,155994.746566014,155994.747014422,0.0004484080127440393,70712320,70712320,159383552,159383552,335544320,0,2094813184,0,1874593792,0,0,0,0.1,0,no_interval_samples,
effectiveness_v3_20260918T063035Z_a97c2d26,dev/core50_nc/static_search_loose/search_loose_core50_nc_b16_r2000_q320/0,search_loose_core50_nc_b16_r2000_q320,core50_nc,0,training,2,155994.773074635,156007.832983572,13.059908936993452,70712320,121897984,159383552,159383552,335544320,0,2090835968,0,1870616576,0,2095239168,0,0.1,80,,
effectiveness_v3_20260918T063035Z_a97c2d26,dev/core50_nc/static_search_loose/search_loose_core50_nc_b16_r2000_q320/0,search_loose_core50_nc_b16_r2000_q320,core50_nc,0,evaluation,2,156007.892295071,156012.051294654,4.158999582985416,70712320,114230272,159383552,159383552,335544320,0,2095730688,0,1875511296,0,2097569792,0,0.1,24,,
effectiveness_v3_20260918T063035Z_a97c2d26,dev/core50_nc/static_search_loose/search_loose_core50_nc_b16_r2000_q320/0,search_loose_core50_nc_b16_r2000_q320,core50_nc,0,resource_transition,3,156012.097820923,156012.098296451,0.0004755280097015202,70712320,70712320,159383552,159383552,335544320,0,2095730688,0,1875511296,0,0,0,0.1,0,no_interval_samples,
effectiveness_v3_20260918T063035Z_a97c2d26,dev/core50_nc/static_search_loose/search_loose_core50_nc_b16_r2000_q320/0,search_loose_core50_nc_b16_r2000_q320,core50_nc,0,training,3,156012.156760175,156028.96058393,16.803823754977202,70712320,121897984,159383552,159383552,335544320,0,2099732480,0,1879513088,0,2099474432,0,0.1,103,,
effectiveness_v3_20260918T063035Z_a97c2d26,dev/core50_nc/static_search_loose/search_loose_core50_nc_b16_r2000_q320/0,search_loose_core50_nc_b16_r2000_q320,core50_nc,0,evaluation,3,156029.01694194,156034.056066495,5.039124554983573,70712320,114230272,159383552,159383552,335544320,0,2104053760,0,1883834368,0,2105241600,0,0.1,30,,
effectiveness_v3_20260918T063035Z_a97c2d26,dev/core50_nc/static_search_loose/search_loose_core50_nc_b16_r2000_q320/0,search_loose_core50_nc_b16_r2000_q320,core50_nc,0,resource_transition,4,156034.088389568,156034.088817346,0.00042777799535542727,70712320,70712320,159383552,159383552,335544320,0,2104053760,0,1883834368,0,0,0,0.1,0,no_interval_samples,
effectiveness_v3_20260918T063035Z_a97c2d26,dev/core50_nc/static_search_loose/search_loose_core50_nc_b16_r2000_q320/0,search_loose_core50_nc_b16_r2000_q320,core50_nc,0,training,4,156034.120871994,156048.315050908,14.194178913981887,70712320,121897984,159383552,159383552,335544320,0,2099773440,0,1879554048,0,2104061952,0,0.1,88,,
effectiveness_v3_20260918T063035Z_a97c2d26,dev/core50_nc/static_search_loose/search_loose_core50_nc_b16_r2000_q320/0,search_loose_core50_nc_b16_r2000_q320,core50_nc,0,evaluation,4,156048.374731473,156054.631691806,6.256960332975723,70712320,114230272,159383552,159383552,335544320,0,2104492032,0,1884272640,0,2105679872,0,0.1,37,,
effectiveness_v3_20260918T063035Z_a97c2d26,dev/core50_nc/static_search_loose/search_loose_core50_nc_b16_r2000_q320/0,search_loose_core50_nc_b16_r2000_q320,core50_nc,0,resource_transition,5,156054.679511499,156054.679973499,0.0004619999963324517,70712320,70712320,159383552,159383552,335544320,0,2104492032,0,1884272640,0,0,0,0.1,0,no_interval_samples,
effectiveness_v3_20260918T063035Z_a97c2d26,dev/core50_nc/static_search_loose/search_loose_core50_nc_b16_r2000_q320/0,search_loose_core50_nc_b16_r2000_q320,core50_nc,0,training,5,156054.733380498,156071.560512083,16.827131585014286,70712320,121897984,159383552,159383552,335544320,0,2100748288,0,1880528896,0,2104492032,0,0.1,103,,
effectiveness_v3_20260918T063035Z_a97c2d26,dev/core50_nc/static_search_loose/search_loose_core50_nc_b16_r2000_q320/0,search_loose_core50_nc_b16_r2000_q320,core50_nc,0,evaluation,5,156071.646104759,156078.864323136,7.218218376976438,70712320,114230272,159383552,159383552,335544320,0,2104844288,0,1884624896,0,2106900480,0,0.1,43,,
effectiveness_v3_20260918T063035Z_a97c2d26,dev/core50_nc/static_search_loose/search_loose_core50_nc_b16_r2000_q320/0,search_loose_core50_nc_b16_r2000_q320,core50_nc,0,resource_transition,6,156078.900071915,156078.900489304,0.00041738900472410023,70712320,70712320,159383552,159383552,335544320,0,2104844288,0,1884624896,0,0,0,0.1,0,no_interval_samples,
effectiveness_v3_20260918T063035Z_a97c2d26,dev/core50_nc/static_search_loose/search_loose_core50_nc_b16_r2000_q320/0,search_loose_core50_nc_b16_r2000_q320,core50_nc,0,training,6,156078.934364795,156094.862551531,15.928186736011412,70712320,121897984,159383552,159383552,335544320,0,2101018624,0,1880799232,0,2104844288,0,0.1,98,,
effectiveness_v3_20260918T063035Z_a97c2d26,dev/core50_nc/static_search_loose/search_loose_core50_nc_b16_r2000_q320/0,search_loose_core50_nc_b16_r2000_q320,core50_nc,0,evaluation,6,156094.94276006,156102.800938774,7.858178713999223,70712320,114230272,159383552,159383552,335544320,0,2105229312,0,1885009920,0,2106888192,0,0.1,47,,
effectiveness_v3_20260918T063035Z_a97c2d26,dev/core50_nc/static_search_loose/search_loose_core50_nc_b16_r2000_q320/0,search_loose_core50_nc_b16_r2000_q320,core50_nc,0,resource_transition,7,156102.836536701,156102.836972886,0.0004361849860288203,70712320,70712320,159383552,159383552,335544320,0,2105229312,0,1885009920,0,0,0,0.1,0,no_interval_samples,
effectiveness_v3_20260918T063035Z_a97c2d26,dev/core50_nc/static_search_loose/search_loose_core50_nc_b16_r2000_q320/0,search_loose_core50_nc_b16_r2000_q320,core50_nc,0,training,7,156102.873484711,156117.994556283,15.121071572008077,70712320,121897984,159383552,159383552,335544320,0,2101198848,0,1880979456,0,2105229312,0,0.1,95,,
effectiveness_v3_20260918T063035Z_a97c2d26,dev/core50_nc/static_search_loose/search_loose_core50_nc_b16_r2000_q320/0,search_loose_core50_nc_b16_r2000_q320,core50_nc,0,evaluation,7,156118.054621191,156127.194863246,9.140242055000272,70712320,114230272,159383552,159383552,335544320,0,2106933248,0,1886713856,0,2107019264,0,0.1,53,,
effectiveness_v3_20260918T063035Z_a97c2d26,dev/core50_nc/static_search_loose/search_loose_core50_nc_b16_r2000_q320/0,search_loose_core50_nc_b16_r2000_q320,core50_nc,0,resource_transition,8,156127.230182349,156127.230592904,0.0004105549887754023,70712320,70712320,159383552,159383552,335544320,0,2106933248,0,1886713856,0,0,0,0.1,0,no_interval_samples,
effectiveness_v3_20260918T063035Z_a97c2d26,dev/core50_nc/static_search_loose/search_loose_core50_nc_b16_r2000_q320/0,search_loose_core50_nc_b16_r2000_q320,core50_nc,0,training,8,156127.265332201,156143.563205192,16.29787299101008,70712320,121897984,159383552,159383552,335544320,0,2101927936,0,1881708544,0,2106933248,0,0.1,101,,
effectiveness_v3_20260918T063035Z_a97c2d26,dev/core50_nc/static_search_loose/search_loose_core50_nc_b16_r2000_q320/0,search_loose_core50_nc_b16_r2000_q320,core50_nc,0,evaluation,8,156143.621799922,156153.450699441,9.828899518994149,70712320,114230272,159383552,159383552,335544320,0,2106200064,0,1885980672,0,2109407232,0,0.1,58,,
effectiveness_v3_20260918T063410Z_35400e3d,dev/core50_nc/static_search_loose/search_loose_core50_nc_b64_r200_q320/0,search_loose_core50_nc_b64_r200_q320,core50_nc,0,setup,,156160.712273513,156161.092132711,0.37985919800121337,1395712,1395712,2097152,2097152,335544320,0,1350291456,0,1130163200,0,0,0,0.1,0,no_interval_samples,
effectiveness_v3_20260918T063410Z_35400e3d,dev/core50_nc/static_search_loose/search_loose_core50_nc_b64_r200_q320/0,search_loose_core50_nc_b64_r200_q320,core50_nc,0,resource_transition,0,156161.113777692,156161.114206164,0.00042847200529649854,1395712,1395712,2097152,2097152,335544320,0,1350397952,0,1130183680,0,0,0,0.1,0,no_interval_samples,
effectiveness_v3_20260918T063410Z_35400e3d,dev/core50_nc/static_search_loose/search_loose_core50_nc_b64_r200_q320/0,search_loose_core50_nc_b64_r200_q320,core50_nc,0,training,0,156161.134019367,156171.806796662,10.672777294996195,70712320,182889984,264241152,264241152,335544320,0,2122850304,0,1902619648,0,2121191424,0,0.1,65,,
effectiveness_v3_20260918T063410Z_35400e3d,dev/core50_nc/static_search_loose/search_loose_core50_nc_b64_r200_q320/0,search_loose_core50_nc_b64_r200_q320,core50_nc,0,evaluation,0,156171.862191395,156173.623497297,1.7613059020077344,70712320,114230272,264241152,264241152,335544320,0,2183872512,0,1963641856,0,2174373888,0,0.1,10,,
effectiveness_v3_20260918T063410Z_35400e3d,dev/core50_nc/static_search_loose/search_loose_core50_nc_b64_r200_q320/0,search_loose_core50_nc_b64_r200_q320,core50_nc,0,resource_transition,1,156173.665701907,156173.666182851,0.0004809439997188747,70712320,70712320,264241152,264241152,335544320,0,2183872512,0,1963641856,0,0,0,0.1,0,no_interval_samples,
effectiveness_v3_20260918T063410Z_35400e3d,dev/core50_nc/static_search_loose/search_loose_core50_nc_b64_r200_q320/0,search_loose_core50_nc_b64_r200_q320,core50_nc,0,training,1,156173.694040221,156181.037042222,7.34300200099824,70712320,306795008,262144000,331350016,335544320,0,2212364288,0,1991728128,0,2214506496,0,0.1,43,,
effectiveness_v3_20260918T063410Z_35400e3d,dev/core50_nc/static_search_loose/search_loose_core50_nc_b64_r200_q320/0,search_loose_core50_nc_b64_r200_q320,core50_nc,0,evaluation,1,156181.090240887,156183.77672197,2.6864810830156785,70712320,114230272,266338304,266338304,335544320,0,2211405824,0,1990769664,0,2216169472,0,0.1,16,,
effectiveness_v3_20260918T063410Z_35400e3d,dev/core50_nc/static_search_loose/search_loose_core50_nc_b64_r200_q320/0,search_loose_core50_nc_b64_r200_q320,core50_nc,0,resource_transition,2,156183.810682082,156183.811255119,0.0005730370176024735,70712320,70712320,266338304,266338304,335544320,0,2211405824,0,1990769664,0,0,0,0.1,0,no_interval_samples,
effectiveness_v3_20260918T063410Z_35400e3d,dev/core50_nc/static_search_loose/search_loose_core50_nc_b64_r200_q320/0,search_loose_core50_nc_b64_r200_q320,core50_nc,0,training,2,156183.84004961,156189.447826268,5.607776657998329,70712320,284127744,329252864,329252864,335544320,0,2213691392,0,1993055232,0,2216083456,0,0.1,37,,
effectiveness_v3_20260918T063410Z_35400e3d,dev/core50_nc/static_search_loose/search_loose_core50_nc_b64_r200_q320/0,search_loose_core50_nc_b64_r200_q320,core50_nc,0,evaluation,2,156189.52019624,156193.376785766,3.8565895260253455,70712320,114230272,329252864,329252864,335544320,0,2217558016,0,1996921856,0,2220122112,0,0.1,26,,
effectiveness_v3_20260918T063410Z_35400e3d,dev/core50_nc/static_search_loose/search_loose_core50_nc_b64_r200_q320/0,search_loose_core50_nc_b64_r200_q320,core50_nc,0,resource_transition,3,156193.406345859,156193.406803424,0.00045756500912830234,70712320,70712320,329252864,329252864,335544320,0,2217558016,0,1996921856,0,0,0,0.1,0,no_interval_samples,
effectiveness_v3_20260918T063410Z_35400e3d,dev/core50_nc/static_search_loose/search_loose_core50_nc_b64_r200_q320/0,search_loose_core50_nc_b64_r200_q320,core50_nc,0,training,3,156193.435479563,156201.039880637,7.604401074000634,70712320,284127744,329252864,329252864,335544320,0,2222358528,0,2001722368,0,2225258496,0,0.1,45,,
effectiveness_v3_20260918T063410Z_35400e3d,dev/core50_nc/static_search_loose/search_loose_core50_nc_b64_r200_q320/0,search_loose_core50_nc_b64_r200_q320,core50_nc,0,evaluation,3,156201.091702796,156205.915088467,4.823385671013966,70712320,114230272,329252864,329252864,335544320,0,2221383680,0,2000747520,0,2227322880,0,0.1,27,,
effectiveness_v3_20260918T063410Z_35400e3d,dev/core50_nc/static_search_loose/search_loose_core50_nc_b64_r200_q320/0,search_loose_core50_nc_b64_r200_q320,core50_nc,0,resource_transition,4,156205.968757373,156205.969285355,0.0005279820179566741,70712320,70712320,329252864,329252864,335544320,0,2221383680,0,2000747520,0,0,0,0.1,0,no_interval_samples,
effectiveness_v3_20260918T063410Z_35400e3d,dev/core50_nc/static_search_loose/search_loose_core50_nc_b64_r200_q320/0,search_loose_core50_nc_b64_r200_q320,core50_nc,0,training,4,156205.99952054,156212.389354833,6.38983429298969,70712320,284127744,257949696,335544320,335544320,0,2223271936,0,2002635776,0,2226016256,0,0.1,38,,
effectiveness_v3_20260918T063410Z_35400e3d,dev/core50_nc/static_search_loose/search_loose_core50_nc_b64_r200_q320/0,search_loose_core50_nc_b64_r200_q320,core50_nc,0,evaluation,4,156212.438828628,156218.561962536,6.12313390802592,70712320,114230272,257949696,257949696,335544320,0,2227408896,0,2006772736,0,2230693888,0,0.1,36,,
effectiveness_v3_20260918T063410Z_35400e3d,dev/core50_nc/static_search_loose/search_loose_core50_nc_b64_r200_q320/0,search_loose_core50_nc_b64_r200_q320,core50_nc,0,resource_transition,5,156218.590656685,156218.591112472,0.00045578699791803956,70712320,70712320,257949696,257949696,335544320,0,2227412992,0,2006776832,0,0,0,0.1,0,no_interval_samples,
effectiveness_v3_20260918T063410Z_35400e3d,dev/core50_nc/static_search_loose/search_loose_core50_nc_b64_r200_q320/0,search_loose_core50_nc_b64_r200_q320,core50_nc,0,training,5,156218.618959703,156226.090105062,7.471145359013462,70712320,284127744,117440512,335544320,335544320,0,2230792192,0,2010156032,0,2228051968,0,0.1,44,,
effectiveness_v3_20260918T063410Z_35400e3d,dev/core50_nc/static_search_loose/search_loose_core50_nc_b64_r200_q320/0,search_loose_core50_nc_b64_r200_q320,core50_nc,0,evaluation,5,156226.146229274,156233.078332049,6.932102774997475,70712320,114230272,159383552,159383552,335544320,0,2233217024,0,2012580864,0,2234355712,0,0.1,40,,
effectiveness_v3_20260918T063410Z_35400e3d,dev/core50_nc/static_search_loose/search_loose_core50_nc_b64_r200_q320/0,search_loose_core50_nc_b64_r200_q320,core50_nc,0,resource_transition,6,156233.133464087,156233.133951976,0.00048788898857310414,70712320,70712320,159383552,159383552,335544320,0,2233217024,0,2012580864,0,0,0,0.1,0,no_interval_samples,
effectiveness_v3_20260918T063410Z_35400e3d,dev/core50_nc/static_search_loose/search_loose_core50_nc_b64_r200_q320/0,search_loose_core50_nc_b64_r200_q320,core50_nc,0,training,6,156233.163091374,156240.531064823,7.367973448999692,70712320,284127744,262144000,331350016,335544320,0,2231209984,0,2010573824,0,2233511936,0,0.1,42,,
effectiveness_v3_20260918T063410Z_35400e3d,dev/core50_nc/static_search_loose/search_loose_core50_nc_b64_r200_q320/0,search_loose_core50_nc_b64_r200_q320,core50_nc,0,evaluation,6,156240.58284584,156248.894539565,8.311693725001533,70712320,114230272,266338304,266338304,335544320,0,2234716160,0,2014080000,0,2238345216,0,0.1,49,,
effectiveness_v3_20260918T063410Z_35400e3d,dev/core50_nc/static_search_loose/search_loose_core50_nc_b64_r200_q320/0,search_loose_core50_nc_b64_r200_q320,core50_nc,0,resource_transition,7,156248.921906408,156248.922366695,0.00046028700307942927,70712320,70712320,266338304,266338304,335544320,0,2234716160,0,2014080000,0,0,0,0.1,0,no_interval_samples,
effectiveness_v3_20260918T063410Z_35400e3d,dev/core50_nc/static_search_loose/search_loose_core50_nc_b64_r200_q320/0,search_loose_core50_nc_b64_r200_q320,core50_nc,0,training,7,156248.949814724,156255.776124821,6.826310096977977,70712320,284127744,329252864,329252864,335544320,0,2232172544,0,2011536384,0,2234871808,0,0.1,40,,
effectiveness_v3_20260918T063410Z_35400e3d,dev/core50_nc/static_search_loose/search_loose_core50_nc_b64_r200_q320/0,search_loose_core50_nc_b64_r200_q320,core50_nc,0,evaluation,7,156255.854457116,156264.83487921,8.98042209399864,70712320,114230272,329252864,329252864,335544320,0,2235322368,0,2014686208,0,2236854272,0,0.1,53,,
effectiveness_v3_20260918T063410Z_35400e3d,dev/core50_nc/static_search_loose/search_loose_core50_nc_b64_r200_q320/0,search_loose_core50_nc_b64_r200_q320,core50_nc,0,resource_transition,8,156264.864954534,156264.865385691,0.00043115700827911496,70712320,70712320,329252864,329252864,335544320,0,2235322368,0,2014686208,0,0,0,0.1,0,no_interval_samples,
effectiveness_v3_20260918T063410Z_35400e3d,dev/core50_nc/static_search_loose/search_loose_core50_nc_b64_r200_q320/0,search_loose_core50_nc_b64_r200_q320,core50_nc,0,training,8,156264.894830626,156272.118137323,7.2233066970075015,70712320,284127744,329252864,329252864,335544320,0,2234179584,0,2013543424,0,2236469248,0,0.1,43,,
effectiveness_v3_20260918T063410Z_35400e3d,dev/core50_nc/static_search_loose/search_loose_core50_nc_b64_r200_q320/0,search_loose_core50_nc_b64_r200_q320,core50_nc,0,evaluation,8,156272.168905877,156282.078615556,9.90970967899193,70712320,114230272,329252864,329252864,335544320,0,2235105280,0,2014469120,0,2238439424,0,0.1,58,,
effectiveness_v3_20260918T063618Z_0d2342fd,dev/core50_nc/static_search_loose/search_loose_core50_nc_b64_r2000_q320/0,search_loose_core50_nc_b64_r2000_q320,core50_nc,0,setup,,156289.275853839,156289.656189414,0.38033557499875315,1395712,1395712,2097152,2097152,335544320,0,1349206016,0,1129077760,0,1316790272,0,0.1,1,,
effectiveness_v3_20260918T063618Z_0d2342fd,dev/core50_nc/static_search_loose/search_loose_core50_nc_b64_r2000_q320/0,search_loose_core50_nc_b64_r2000_q320,core50_nc,0,resource_transition,0,156289.676611349,156289.677031432,0.0004200830007903278,1395712,1395712,2097152,2097152,335544320,0,1349312512,0,1129094144,0,0,0,0.1,0,no_interval_samples,
effectiveness_v3_20260918T063618Z_0d2342fd,dev/core50_nc/static_search_loose/search_loose_core50_nc_b64_r2000_q320/0,search_loose_core50_nc_b64_r2000_q320,core50_nc,0,training,0,156289.696164802,156300.284710689,10.58854588700342,70712320,182889984,264241152,264241152,335544320,0,2122645504,0,1902414848,0,2119385088,0,0.1,65,,
effectiveness_v3_20260918T063618Z_0d2342fd,dev/core50_nc/static_search_loose/search_loose_core50_nc_b64_r2000_q320/0,search_loose_core50_nc_b64_r2000_q320,core50_nc,0,evaluation,0,156300.337162633,156302.094022007,1.7568593739997596,70712320,114230272,264241152,264241152,335544320,0,2183917568,0,1963686912,0,2174427136,0,0.1,11,,
effectiveness_v3_20260918T063618Z_0d2342fd,dev/core50_nc/static_search_loose/search_loose_core50_nc_b64_r2000_q320/0,search_loose_core50_nc_b64_r2000_q320,core50_nc,0,resource_transition,1,156302.127018674,156302.127528443,0.0005097690154798329,70712320,70712320,264241152,264241152,335544320,0,2183917568,0,1963686912,0,0,0,0.1,0,no_interval_samples,
effectiveness_v3_20260918T063618Z_0d2342fd,dev/core50_nc/static_search_loose/search_loose_core50_nc_b64_r2000_q320/0,search_loose_core50_nc_b64_r2000_q320,core50_nc,0,training,1,156302.155139267,156310.26819798,8.113058713002829,70712320,306795008,262144000,335544320,335544320,0,2213425152,0,1992788992,0,2214187008,0,0.1,49,,
effectiveness_v3_20260918T063618Z_0d2342fd,dev/core50_nc/static_search_loose/search_loose_core50_nc_b64_r2000_q320/0,search_loose_core50_nc_b64_r2000_q320,core50_nc,0,evaluation,1,156310.323012738,156313.080099925,2.7570871869975235,70712320,114230272,266338304,266338304,335544320,0,2216927232,0,1996291072,0,2217496576,0,0.1,17,,
effectiveness_v3_20260918T063618Z_0d2342fd,dev/core50_nc/static_search_loose/search_loose_core50_nc_b64_r2000_q320/0,search_loose_core50_nc_b64_r2000_q320,core50_nc,0,resource_transition,2,156313.110521258,156313.111034359,0.0005131009966135025,70712320,70712320,266338304,266338304,335544320,0,2216927232,0,1996291072,0,0,0,0.1,0,no_interval_samples,
effectiveness_v3_20260918T063618Z_0d2342fd,dev/core50_nc/static_search_loose/search_loose_core50_nc_b64_r2000_q320/0,search_loose_core50_nc_b64_r2000_q320,core50_nc,0,training,2,156313.137713822,156319.555334837,6.417621014988981,70712320,284127744,329252864,329252864,335544320,0,2214371328,0,1993735168,0,2217123840,0,0.1,38,,
effectiveness_v3_20260918T063618Z_0d2342fd,dev/core50_nc/static_search_loose/search_loose_core50_nc_b64_r2000_q320/0,search_loose_core50_nc_b64_r2000_q320,core50_nc,0,evaluation,2,156319.607811595,156323.744554657,4.136743062001187,70712320,114230272,329252864,329252864,335544320,0,2218225664,0,1997589504,0,2220400640,0,0.1,25,,
effectiveness_v3_20260918T063618Z_0d2342fd,dev/core50_nc/static_search_loose/search_loose_core50_nc_b64_r2000_q320/0,search_loose_core50_nc_b64_r2000_q320,core50_nc,0,resource_transition,3,156323.781097851,156323.781502693,0.00040484199416823685,70712320,70712320,329252864,329252864,335544320,0,2218225664,0,1997589504,0,0,0,0.1,0,no_interval_samples,
effectiveness_v3_20260918T063618Z_0d2342fd,dev/core50_nc/static_search_loose/search_loose_core50_nc_b64_r2000_q320/0,search_loose_core50_nc_b64_r2000_q320,core50_nc,0,training,3,156323.81837485,156331.879271588,8.06089673799579,70712320,305664000,325058560,329252864,335544320,0,2223972352,0,2003336192,0,2225688576,0,0.1,53,,
effectiveness_v3_20260918T063618Z_0d2342fd,dev/core50_nc/static_search_loose/search_loose_core50_nc_b64_r2000_q320/0,search_loose_core50_nc_b64_r2000_q320,core50_nc,0,evaluation,3,156331.931868578,156336.794797767,4.862929189024726,70712320,114230272,329252864,329252864,335544320,0,2226704384,0,2006068224,0,2228240384,0,0.1,29,,
effectiveness_v3_20260918T063618Z_0d2342fd,dev/core50_nc/static_search_loose/search_loose_core50_nc_b64_r2000_q320/0,search_loose_core50_nc_b64_r2000_q320,core50_nc,0,resource_transition,4,156336.829598035,156336.830024526,0.00042649099486880004,70712320,70712320,329252864,329252864,335544320,0,2226704384,0,2006068224,0,0,0,0.1,0,no_interval_samples,
effectiveness_v3_20260918T063618Z_0d2342fd,dev/core50_nc/static_search_loose/search_loose_core50_nc_b64_r2000_q320/0,search_loose_core50_nc_b64_r2000_q320,core50_nc,0,training,4,156336.862351396,156343.748443052,6.8860916559933685,70712320,285035008,333447168,333447168,335544320,0,2224615424,0,2003979264,0,2227101696,0,0.1,40,,
effectiveness_v3_20260918T063618Z_0d2342fd,dev/core50_nc/static_search_loose/search_loose_core50_nc_b64_r2000_q320/0,search_loose_core50_nc_b64_r2000_q320,core50_nc,0,evaluation,4,156343.798737662,156350.017601079,6.218863416987006,70712320,114230272,140509184,335544320,335544320,0,2227245056,0,2006608896,0,2228432896,0,0.1,37,,
effectiveness_v3_20260918T063618Z_0d2342fd,dev/core50_nc/static_search_loose/search_loose_core50_nc_b64_r2000_q320/0,search_loose_core50_nc_b64_r2000_q320,core50_nc,0,resource_transition,5,156350.053975939,156350.054405161,0.00042922201100736856,70712320,70712320,140509184,140509184,335544320,0,2227245056,0,2006608896,0,0,0,0.1,0,no_interval_samples,
effectiveness_v3_20260918T063618Z_0d2342fd,dev/core50_nc/static_search_loose/search_loose_core50_nc_b64_r2000_q320/0,search_loose_core50_nc_b64_r2000_q320,core50_nc,0,training,5,156350.090247994,156358.416031867,8.325783873006003,70712320,284127744,130023424,335544320,335544320,0,2225614848,0,2004978688,0,2227724288,0,0.1,50,,
effectiveness_v3_20260918T063618Z_0d2342fd,dev/core50_nc/static_search_loose/search_loose_core50_nc_b64_r2000_q320/0,search_loose_core50_nc_b64_r2000_q320,core50_nc,0,evaluation,5,156358.465155857,156365.434711616,6.969555758987553,70712320,114230272,150994944,150994944,335544320,0,2230648832,0,2010012672,0,2231320576,0,0.1,41,,
effectiveness_v3_20260918T063618Z_0d2342fd,dev/core50_nc/static_search_loose/search_loose_core50_nc_b64_r2000_q320/0,search_loose_core50_nc_b64_r2000_q320,core50_nc,0,resource_transition,6,156365.48446257,156365.484909839,0.00044726900523528457,70712320,70712320,150994944,150994944,335544320,0,2230648832,0,2010012672,0,0,0,0.1,0,no_interval_samples,
effectiveness_v3_20260918T063618Z_0d2342fd,dev/core50_nc/static_search_loose/search_loose_core50_nc_b64_r2000_q320/0,search_loose_core50_nc_b64_r2000_q320,core50_nc,0,training,6,156365.519870793,156373.996602737,8.476731943985214,70712320,284127744,262144000,335544320,335544320,0,2225774592,0,2005138432,0,2230648832,0,0.1,50,,
effectiveness_v3_20260918T063618Z_0d2342fd,dev/core50_nc/static_search_loose/search_loose_core50_nc_b64_r2000_q320/0,search_loose_core50_nc_b64_r2000_q320,core50_nc,0,evaluation,6,156374.045951785,156382.129655238,8.083703453012276,70712320,114230272,266338304,266338304,335544320,0,2228441088,0,2007804928,0,2232131584,0,0.1,48,,
effectiveness_v3_20260918T063618Z_0d2342fd,dev/core50_nc/static_search_loose/search_loose_core50_nc_b64_r2000_q320/0,search_loose_core50_nc_b64_r2000_q320,core50_nc,0,resource_transition,7,156382.163378904,156382.163836135,0.00045723101356998086,70712320,70712320,266338304,266338304,335544320,0,2228441088,0,2007804928,0,0,0,0.1,0,no_interval_samples,
effectiveness_v3_20260918T063618Z_0d2342fd,dev/core50_nc/static_search_loose/search_loose_core50_nc_b64_r2000_q320/0,search_loose_core50_nc_b64_r2000_q320,core50_nc,0,training,7,156382.207026755,156389.864620186,7.657593431009445,70712320,284127744,329252864,329252864,335544320,0,2226405376,0,2005769216,0,2229346304,0,0.1,47,,
effectiveness_v3_20260918T063618Z_0d2342fd,dev/core50_nc/static_search_loose/search_loose_core50_nc_b64_r2000_q320/0,search_loose_core50_nc_b64_r2000_q320,core50_nc,0,evaluation,7,156389.918289731,156398.664476569,8.74618683801964,70712320,114230272,329252864,329252864,335544320,0,2224791552,0,2004155392,0,2232569856,0,0.1,52,,
effectiveness_v3_20260918T063618Z_0d2342fd,dev/core50_nc/static_search_loose/search_loose_core50_nc_b64_r2000_q320/0,search_loose_core50_nc_b64_r2000_q320,core50_nc,0,resource_transition,8,156398.700580078,156398.70101705,0.00043697201181203127,70712320,70712320,329252864,329252864,335544320,0,2224791552,0,2004155392,0,0,0,0.1,0,no_interval_samples,
effectiveness_v3_20260918T063618Z_0d2342fd,dev/core50_nc/static_search_loose/search_loose_core50_nc_b64_r2000_q320/0,search_loose_core50_nc_b64_r2000_q320,core50_nc,0,training,8,156398.736226568,156406.495015912,7.758789343992248,70712320,284127744,329252864,329252864,335544320,0,2226749440,0,2006113280,0,2229682176,0,0.1,46,,
effectiveness_v3_20260918T063618Z_0d2342fd,dev/core50_nc/static_search_loose/search_loose_core50_nc_b64_r2000_q320/0,search_loose_core50_nc_b64_r2000_q320,core50_nc,0,evaluation,8,156406.546682874,156416.601407729,10.054724854999222,70712320,114230272,329252864,329252864,335544320,0,2230284288,0,2009648128,0,2233774080,0,0.1,59,,
effectiveness_v3_20260918T063833Z_0e8cd303,dev/core50_nc/static_search_loose/search_loose_core50_nc_b256_r200_q320/0,search_loose_core50_nc_b256_r200_q320,core50_nc,0,setup,,156423.81102172,156424.18751746,0.3764957399980631,1395712,1395712,2097152,2097152,335544320,0,1348362240,0,1128229888,0,1318649856,0,0.1,1,,
effectiveness_v3_20260918T063833Z_0e8cd303,dev/core50_nc/static_search_loose/search_loose_core50_nc_b256_r200_q320/0,search_loose_core50_nc_b256_r200_q320,core50_nc,0,resource_transition,0,156424.215694062,156424.216154312,0.0004602499830070883,1395712,1395712,2097152,2097152,335544320,0,1348468736,0,1128250368,0,0,0,0.1,0,no_interval_samples,
effectiveness_v3_20260918T063833Z_0e8cd303,dev/core50_nc/static_search_loose/search_loose_core50_nc_b256_r200_q320/0,search_loose_core50_nc_b256_r200_q320,core50_nc,0,training,0,156424.235183081,156424.804742319,0.5695592379779555,307595264,307595264,318767104,318767104,335544320,0,1765490688,0,1544854528,0,1753423872,0,0.1,3,,failed
effectiveness_v3_20260918T063841Z_ee57fce9,dev/core50_nc/static_search_loose/search_loose_core50_nc_b256_r2000_q320/0,search_loose_core50_nc_b256_r2000_q320,core50_nc,0,setup,,156431.740652917,156432.118001771,0.3773488540027756,1395712,1395712,2097152,2097152,335544320,0,1348362240,0,1128233984,0,0,0,0.1,0,no_interval_samples,
effectiveness_v3_20260918T063841Z_ee57fce9,dev/core50_nc/static_search_loose/search_loose_core50_nc_b256_r2000_q320/0,search_loose_core50_nc_b256_r2000_q320,core50_nc,0,resource_transition,0,156432.140391707,156432.140821827,0.0004301199805922806,1395712,1395712,2097152,2097152,335544320,0,1348472832,0,1128254464,0,0,0,0.1,0,no_interval_samples,
effectiveness_v3_20260918T063841Z_ee57fce9,dev/core50_nc/static_search_loose/search_loose_core50_nc_b256_r2000_q320/0,search_loose_core50_nc_b256_r2000_q320,core50_nc,0,training,0,156432.160312902,156432.734228081,0.5739151790039614,307595264,307595264,318767104,318767104,335544320,0,1765486592,0,1544850432,0,1753309184,0,0.1,3,,failed
effectiveness_v3_20260918T063857Z_99a791e7,dev/splitcifar100/q_loose_verify/loose_splitcifar100_q320/0,loose_splitcifar100_q320,splitcifar100,0,setup,,156448.309972607,156449.498971977,1.1889993700024206,1408512,1408512,2097152,2097152,335544320,0,1536970752,0,1316760576,0,1530073088,0,0.1,7,,
effectiveness_v3_20260918T063857Z_99a791e7,dev/splitcifar100/q_loose_verify/loose_splitcifar100_q320/0,loose_splitcifar100_q320,splitcifar100,0,resource_transition,0,156449.521171774,156449.521637524,0.00046575002488680184,1408512,1408512,2097152,2097152,335544320,0,1536995328,0,1316771840,0,0,0,0.1,0,no_interval_samples,
effectiveness_v3_20260918T063857Z_99a791e7,dev/splitcifar100/q_loose_verify/loose_splitcifar100_q320/0,loose_splitcifar100_q320,splitcifar100,0,training,0,156449.542024988,156454.888102454,5.346077465976123,70750720,95481344,117440512,117440512,335544320,0,2208776192,0,1988541440,0,2210983936,0,0.1,35,,
effectiveness_v3_20260918T063857Z_99a791e7,dev/splitcifar100/q_loose_verify/loose_splitcifar100_q320/0,loose_splitcifar100_q320,splitcifar100,0,evaluation,0,156454.958627721,156455.187788754,0.22916103299940005,70750720,114268672,159383552,159383552,335544320,0,2262003712,0,2041768960,0,2258141184,0,0.1,1,,
effectiveness_v3_20260918T063857Z_99a791e7,dev/splitcifar100/q_loose_verify/loose_splitcifar100_q320/0,loose_splitcifar100_q320,splitcifar100,0,resource_transition,1,156455.24082155,156455.241378679,0.0005571290093939751,70750720,70750720,159383552,159383552,335544320,0,2262003712,0,2041768960,0,0,0,0.1,0,no_interval_samples,
effectiveness_v3_20260918T063857Z_99a791e7,dev/splitcifar100/q_loose_verify/loose_splitcifar100_q320/0,loose_splitcifar100_q320,splitcifar100,0,training,1,156455.269743495,156461.303655265,6.033911769976839,70750720,121942528,159383552,159383552,335544320,0,2258546688,0,2038311936,0,2263748608,0,0.1,37,,
effectiveness_v3_20260918T063857Z_99a791e7,dev/splitcifar100/q_loose_verify/loose_splitcifar100_q320/0,loose_splitcifar100_q320,splitcifar100,0,evaluation,1,156461.396455097,156461.854464478,0.4580093809927348,70750720,114268672,159383552,159383552,335544320,0,2264293376,0,2044058624,0,2264301568,0,0.1,3,,
effectiveness_v3_20260918T063857Z_99a791e7,dev/splitcifar100/q_loose_verify/loose_splitcifar100_q320/0,loose_splitcifar100_q320,splitcifar100,0,resource_transition,2,156461.885574561,156461.886139385,0.0005648240039590746,70750720,70750720,159383552,159383552,335544320,0,2264293376,0,2044058624,0,0,0,0.1,0,no_interval_samples,
effectiveness_v3_20260918T063857Z_99a791e7,dev/splitcifar100/q_loose_verify/loose_splitcifar100_q320/0,loose_splitcifar100_q320,splitcifar100,0,training,2,156461.91252194,156467.925555972,6.013034032017458,70750720,121942528,159383552,159383552,335544320,0,2258710528,0,2038475776,0,2264432640,0,0.1,38,,
effectiveness_v3_20260918T063857Z_99a791e7,dev/splitcifar100/q_loose_verify/loose_splitcifar100_q320/0,loose_splitcifar100_q320,splitcifar100,0,evaluation,2,156467.99270035,156468.653751274,0.6610509239835665,70750720,114268672,159383552,159383552,335544320,0,2263396352,0,2043161600,0,2264465408,0,0.1,4,,
effectiveness_v3_20260918T063857Z_99a791e7,dev/splitcifar100/q_loose_verify/loose_splitcifar100_q320/0,loose_splitcifar100_q320,splitcifar100,0,resource_transition,3,156468.684784589,156468.685363515,0.0005789260030724108,70750720,70750720,159383552,159383552,335544320,0,2263396352,0,2043161600,0,0,0,0.1,0,no_interval_samples,
effectiveness_v3_20260918T063857Z_99a791e7,dev/splitcifar100/q_loose_verify/loose_splitcifar100_q320/0,loose_splitcifar100_q320,splitcifar100,0,training,3,156468.735059838,156474.790137517,6.055077678989619,70750720,121942528,159383552,159383552,335544320,0,2258862080,0,2038627328,0,2259804160,0,0.1,38,,
effectiveness_v3_20260918T063857Z_99a791e7,dev/splitcifar100/q_loose_verify/loose_splitcifar100_q320/0,loose_splitcifar100_q320,splitcifar100,0,evaluation,3,156474.860067969,156475.829245629,0.9691776599793229,70750720,114268672,159383552,159383552,335544320,0,2263023616,0,2042788864,0,2263162880,0,0.1,6,,
effectiveness_v3_20260918T063857Z_99a791e7,dev/splitcifar100/q_loose_verify/loose_splitcifar100_q320/0,loose_splitcifar100_q320,splitcifar100,0,resource_transition,4,156475.861464564,156475.862066953,0.0006023890164215118,70750720,70750720,159383552,159383552,335544320,0,2263027712,0,2042792960,0,0,0,0.1,0,no_interval_samples,
effectiveness_v3_20260918T063857Z_99a791e7,dev/splitcifar100/q_loose_verify/loose_splitcifar100_q320/0,loose_splitcifar100_q320,splitcifar100,0,training,4,156475.888229666,156481.906191226,6.017961560020922,70750720,121942528,159383552,159383552,335544320,0,2258817024,0,2038582272,0,2263027712,0,0.1,37,,
effectiveness_v3_20260918T063857Z_99a791e7,dev/splitcifar100/q_loose_verify/loose_splitcifar100_q320/0,loose_splitcifar100_q320,splitcifar100,0,evaluation,4,156481.9704127,156482.969360383,0.998947682994185,70750720,114268672,159383552,159383552,335544320,0,2262970368,0,2042735616,0,2263056384,0,0.1,6,,
effectiveness_v3_20260918T063857Z_99a791e7,dev/splitcifar100/q_loose_verify/loose_splitcifar100_q320/0,loose_splitcifar100_q320,splitcifar100,0,resource_transition,5,156483.001929874,156483.002627716,0.0006978419842198491,70750720,70750720,159383552,159383552,335544320,0,2262974464,0,2042739712,0,0,0,0.1,0,no_interval_samples,
effectiveness_v3_20260918T063857Z_99a791e7,dev/splitcifar100/q_loose_verify/loose_splitcifar100_q320/0,loose_splitcifar100_q320,splitcifar100,0,training,5,156483.031078384,156488.89607473,5.864996346004773,70750720,121942528,159383552,159383552,335544320,0,2258960384,0,2038725632,0,2263420928,0,0.1,37,,
effectiveness_v3_20260918T063857Z_99a791e7,dev/splitcifar100/q_loose_verify/loose_splitcifar100_q320/0,loose_splitcifar100_q320,splitcifar100,0,evaluation,5,156488.952437988,156490.258584051,1.3061460629978683,70750720,114268672,159383552,159383552,335544320,0,2263060480,0,2042825728,0,2263134208,0,0.1,8,,
effectiveness_v3_20260918T063857Z_99a791e7,dev/splitcifar100/q_loose_verify/loose_splitcifar100_q320/0,loose_splitcifar100_q320,splitcifar100,0,resource_transition,6,156490.289442996,156490.289988468,0.0005454719939734787,70750720,70750720,159383552,159383552,335544320,0,2263064576,0,2042829824,0,0,0,0.1,0,no_interval_samples,
effectiveness_v3_20260918T063857Z_99a791e7,dev/splitcifar100/q_loose_verify/loose_splitcifar100_q320/0,loose_splitcifar100_q320,splitcifar100,0,training,6,156490.317721339,156495.546809758,5.229088419000618,70750720,121942528,159383552,159383552,335544320,0,2258935808,0,2038701056,0,2263064576,0,0.1,33,,
effectiveness_v3_20260918T063857Z_99a791e7,dev/splitcifar100/q_loose_verify/loose_splitcifar100_q320/0,loose_splitcifar100_q320,splitcifar100,0,evaluation,6,156495.610394666,156497.624494652,2.0140999860013835,70750720,114268672,159383552,159383552,335544320,0,2258866176,0,2038631424,0,2263162880,0,0.1,12,,
effectiveness_v3_20260918T063857Z_99a791e7,dev/splitcifar100/q_loose_verify/loose_splitcifar100_q320/0,loose_splitcifar100_q320,splitcifar100,0,resource_transition,7,156497.666680746,156497.667460579,0.0007798329752404243,70750720,70750720,159383552,159383552,335544320,0,2258866176,0,2038631424,0,0,0,0.1,0,no_interval_samples,
effectiveness_v3_20260918T063857Z_99a791e7,dev/splitcifar100/q_loose_verify/loose_splitcifar100_q320/0,loose_splitcifar100_q320,splitcifar100,0,training,7,156497.699762784,156503.913630551,6.213867766986368,70750720,121942528,159383552,159383552,335544320,0,2259980288,0,2039745536,0,2260230144,0,0.1,39,,
effectiveness_v3_20260918T063857Z_99a791e7,dev/splitcifar100/q_loose_verify/loose_splitcifar100_q320/0,loose_splitcifar100_q320,splitcifar100,0,evaluation,7,156503.975866413,156505.886472109,1.9106056960008573,70750720,114268672,159383552,159383552,335544320,0,2263293952,0,2043059200,0,2263298048,0,0.1,12,,
effectiveness_v3_20260918T063857Z_99a791e7,dev/splitcifar100/q_loose_verify/loose_splitcifar100_q320/0,loose_splitcifar100_q320,splitcifar100,0,resource_transition,8,156505.920930349,156505.921548488,0.0006181389908306301,70750720,70750720,159383552,159383552,335544320,0,2263293952,0,2043059200,0,0,0,0.1,0,no_interval_samples,
effectiveness_v3_20260918T063857Z_99a791e7,dev/splitcifar100/q_loose_verify/loose_splitcifar100_q320/0,loose_splitcifar100_q320,splitcifar100,0,training,8,156505.950560525,156512.054956925,6.104396400012774,70750720,121942528,159383552,159383552,335544320,0,2259140608,0,2038905856,0,2260004864,0,0.1,38,,
effectiveness_v3_20260918T063857Z_99a791e7,dev/splitcifar100/q_loose_verify/loose_splitcifar100_q320/0,loose_splitcifar100_q320,splitcifar100,0,evaluation,8,156512.119108942,156514.713186765,2.5940778230142314,70750720,114268672,159383552,159383552,335544320,0,2259079168,0,2038844416,0,2263785472,0,0.1,16,,
effectiveness_v3_20260918T063857Z_99a791e7,dev/splitcifar100/q_loose_verify/loose_splitcifar100_q320/0,loose_splitcifar100_q320,splitcifar100,0,resource_transition,9,156514.756808044,156514.757622303,0.0008142589940689504,70750720,70750720,159383552,159383552,335544320,0,2259083264,0,2038848512,0,0,0,0.1,0,no_interval_samples,
effectiveness_v3_20260918T063857Z_99a791e7,dev/splitcifar100/q_loose_verify/loose_splitcifar100_q320/0,loose_splitcifar100_q320,splitcifar100,0,training,9,156514.791430322,156520.338880812,5.547450490004849,70750720,121942528,159383552,159383552,335544320,0,2259181568,0,2038946816,0,2260115456,0,0.1,34,,
effectiveness_v3_20260918T063857Z_99a791e7,dev/splitcifar100/q_loose_verify/loose_splitcifar100_q320/0,loose_splitcifar100_q320,splitcifar100,0,evaluation,9,156520.416612332,156523.019331468,2.6027191360190045,70750720,114268672,159383552,159383552,335544320,0,2263343104,0,2043108352,0,2263363584,0,0.1,16,,
effectiveness_v3_20260918T064028Z_cbe2cbf1,dev/splitcifar100/plugin_loose/plugin_loose_splitcifar100_q320/0,plugin_loose_splitcifar100_q320,splitcifar100,0,setup,,156538.690479748,156539.883155098,1.1926753500010818,1408512,1408512,2097152,2097152,335544320,0,1536962560,0,1316740096,0,1533181952,0,0.1,8,,
effectiveness_v3_20260918T064028Z_cbe2cbf1,dev/splitcifar100/plugin_loose/plugin_loose_splitcifar100_q320/0,plugin_loose_splitcifar100_q320,splitcifar100,0,resource_transition,0,156539.9054057,156539.905843329,0.0004376290016807616,1408512,1408512,2097152,2097152,335544320,0,1536978944,0,1316752384,0,0,0,0.1,0,no_interval_samples,
effectiveness_v3_20260918T064028Z_cbe2cbf1,dev/splitcifar100/plugin_loose/plugin_loose_splitcifar100_q320/0,plugin_loose_splitcifar100_q320,splitcifar100,0,training,0,156539.927006801,156550.336508718,10.409501916990848,72984064,96783872,119537664,119537664,335544320,0,2322055168,0,2101820416,0,2306211840,0,0.1,67,,
effectiveness_v3_20260918T064028Z_cbe2cbf1,dev/splitcifar100/plugin_loose/plugin_loose_splitcifar100_q320/0,plugin_loose_splitcifar100_q320,splitcifar100,0,evaluation,0,156550.399703507,156550.659488848,0.2597853410115931,72984064,116502016,161480704,161480704,335544320,0,2374545408,0,2154310656,0,2373627904,0,0.1,2,,
effectiveness_v3_20260918T064028Z_cbe2cbf1,dev/splitcifar100/plugin_loose/plugin_loose_splitcifar100_q320/0,plugin_loose_splitcifar100_q320,splitcifar100,0,resource_transition,1,156550.690222968,156550.690729375,0.0005064069991931319,72984064,72984064,161480704,161480704,335544320,0,2374545408,0,2154310656,0,0,0,0.1,0,no_interval_samples,
effectiveness_v3_20260918T064028Z_cbe2cbf1,dev/splitcifar100/plugin_loose/plugin_loose_splitcifar100_q320/0,plugin_loose_splitcifar100_q320,splitcifar100,0,training,1,156550.717022477,156567.049311386,16.332288909005,76319744,155412480,184549376,184549376,335544320,0,2420400128,0,2200121344,0,2427580416,0,0.1,106,,
effectiveness_v3_20260918T064028Z_cbe2cbf1,dev/splitcifar100/plugin_loose/plugin_loose_splitcifar100_q320/0,plugin_loose_splitcifar100_q320,splitcifar100,0,evaluation,1,156567.114872227,156567.675942764,0.5610705370199867,76319744,121356800,184549376,184549376,335544320,0,2425360384,0,2205081600,0,2427269120,0,0.1,4,,
effectiveness_v3_20260918T064028Z_cbe2cbf1,dev/splitcifar100/plugin_loose/plugin_loose_splitcifar100_q320/0,plugin_loose_splitcifar100_q320,splitcifar100,0,resource_transition,2,156567.721295726,156567.721960874,0.0006651480216532946,76319744,76319744,184549376,184549376,335544320,0,2425360384,0,2205081600,0,0,0,0.1,0,no_interval_samples,
effectiveness_v3_20260918T064028Z_cbe2cbf1,dev/splitcifar100/plugin_loose/plugin_loose_splitcifar100_q320/0,plugin_loose_splitcifar100_q320,splitcifar100,0,training,2,156567.751730958,156588.932614703,21.18088374499348,79655424,160386560,186646528,186646528,335544320,0,2453266432,0,2232987648,0,2465177600,0,0.1,137,,
effectiveness_v3_20260918T064028Z_cbe2cbf1,dev/splitcifar100/plugin_loose/plugin_loose_splitcifar100_q320/0,plugin_loose_splitcifar100_q320,splitcifar100,0,evaluation,2,156588.997586331,156589.82947634,0.8318900089943781,79655424,123173376,186646528,186646528,335544320,0,2457432064,0,2237153280,0,2457440256,0,0.1,6,,
effectiveness_v3_20260918T064028Z_cbe2cbf1,dev/splitcifar100/plugin_loose/plugin_loose_splitcifar100_q320/0,plugin_loose_splitcifar100_q320,splitcifar100,0,resource_transition,3,156589.867326702,156589.868025757,0.0006990550027694553,79655424,79655424,186646528,186646528,335544320,0,2457432064,0,2237153280,0,0,0,0.1,0,no_interval_samples,
effectiveness_v3_20260918T064028Z_cbe2cbf1,dev/splitcifar100/plugin_loose/plugin_loose_splitcifar100_q320/0,plugin_loose_splitcifar100_q320,splitcifar100,0,training,3,156589.897964499,156616.082411257,26.184446758008562,82991104,163544064,209715200,209715200,335544320,0,2455355392,0,2235076608,0,2468257792,0,0.1,173,,
effectiveness_v3_20260918T064028Z_cbe2cbf1,dev/splitcifar100/plugin_loose/plugin_loose_splitcifar100_q320/0,plugin_loose_splitcifar100_q320,splitcifar100,0,evaluation,3,156616.151095434,156617.172545516,1.0214500819856767,82991104,126509056,209715200,209715200,335544320,0,2460991488,0,2240712704,0,2463801344,0,0.1,7,,
effectiveness_v3_20260918T064028Z_cbe2cbf1,dev/splitcifar100/plugin_loose/plugin_loose_splitcifar100_q320/0,plugin_loose_splitcifar100_q320,splitcifar100,0,resource_transition,4,156617.239053489,156617.239766563,0.0007130739977583289,82991104,82991104,209715200,209715200,335544320,0,2460995584,0,2240716800,0,0,0,0.1,0,no_interval_samples,
effectiveness_v3_20260918T064028Z_cbe2cbf1,dev/splitcifar100/plugin_loose/plugin_loose_splitcifar100_q320/0,plugin_loose_splitcifar100_q320,splitcifar100,0,training,4,156617.275465518,156647.793142433,30.517676914983895,86326784,168775168,213909504,213909504,335544320,0,2456969216,0,2236690432,0,2472927232,0,0.1,207,,
effectiveness_v3_20260918T064028Z_cbe2cbf1,dev/splitcifar100/plugin_loose/plugin_loose_splitcifar100_q320/0,plugin_loose_splitcifar100_q320,splitcifar100,0,evaluation,4,156647.859144394,156649.26785718,1.408712786011165,86326784,130274816,213909504,213909504,335544320,0,2456907776,0,2236628992,0,2463698944,0,0.1,8,,
effectiveness_v3_20260918T064028Z_cbe2cbf1,dev/splitcifar100/plugin_loose/plugin_loose_splitcifar100_q320/0,plugin_loose_splitcifar100_q320,splitcifar100,0,resource_transition,5,156649.308800281,156649.309521096,0.0007208150054793805,86326784,86326784,213909504,213909504,335544320,0,2456911872,0,2236633088,0,0,0,0.1,0,no_interval_samples,
effectiveness_v3_20260918T064028Z_cbe2cbf1,dev/splitcifar100/plugin_loose/plugin_loose_splitcifar100_q320/0,plugin_loose_splitcifar100_q320,splitcifar100,0,training,5,156649.34181754,156684.593713728,35.251896188012324,89662464,172758528,216006656,216006656,335544320,0,2458537984,0,2238259200,0,2477309952,0,0.1,245,,
effectiveness_v3_20260918T064028Z_cbe2cbf1,dev/splitcifar100/plugin_loose/plugin_loose_splitcifar100_q320/0,plugin_loose_splitcifar100_q320,splitcifar100,0,evaluation,5,156684.665651263,156686.341895218,1.6762439550075214,89662464,133180416,216006656,216006656,335544320,0,2458468352,0,2238189568,0,2467090432,0,0.1,10,,
effectiveness_v3_20260918T064028Z_cbe2cbf1,dev/splitcifar100/plugin_loose/plugin_loose_splitcifar100_q320/0,plugin_loose_splitcifar100_q320,splitcifar100,0,resource_transition,6,156686.384274746,156686.384939774,0.000665027997456491,89662464,89662464,216006656,216006656,335544320,0,2458472448,0,2238193664,0,0,0,0.1,0,no_interval_samples,
effectiveness_v3_20260918T064028Z_cbe2cbf1,dev/splitcifar100/plugin_loose/plugin_loose_splitcifar100_q320/0,plugin_loose_splitcifar100_q320,splitcifar100,0,training,6,156686.4158617,156726.266089486,39.85022778599523,92998144,177511936,218103808,218103808,335544320,0,2460225536,0,2239946752,0,2482860032,0,0.1,282,,
effectiveness_v3_20260918T064028Z_cbe2cbf1,dev/splitcifar100/plugin_loose/plugin_loose_splitcifar100_q320/0,plugin_loose_splitcifar100_q320,splitcifar100,0,evaluation,6,156726.333585645,156728.476252699,2.1426670539949555,92998144,136516096,218103808,218103808,335544320,0,2460094464,0,2239815680,0,2467606528,0,0.1,13,,
effectiveness_v3_20260918T064028Z_cbe2cbf1,dev/splitcifar100/plugin_loose/plugin_loose_splitcifar100_q320/0,plugin_loose_splitcifar100_q320,splitcifar100,0,resource_transition,7,156728.51949545,156728.520589172,0.0010937220067717135,92998144,92998144,218103808,218103808,335544320,0,2460094464,0,2239815680,0,0,0,0.1,0,no_interval_samples,
effectiveness_v3_20260918T064028Z_cbe2cbf1,dev/splitcifar100/plugin_loose/plugin_loose_splitcifar100_q320/0,plugin_loose_splitcifar100_q320,splitcifar100,0,training,7,156728.57763521,156775.261377466,46.68374225599109,96333824,181383680,220200960,220200960,335544320,0,2461200384,0,2240921600,0,2491355136,0,0.1,323,,
effectiveness_v3_20260918T064028Z_cbe2cbf1,dev/splitcifar100/plugin_loose/plugin_loose_splitcifar100_q320/0,plugin_loose_splitcifar100_q320,splitcifar100,0,evaluation,7,156775.329702792,156777.909860218,2.580157426011283,96333824,139851776,220200960,220200960,335544320,0,2461409280,0,2241130496,0,2469974016,0,0.1,16,,
effectiveness_v3_20260918T064028Z_cbe2cbf1,dev/splitcifar100/plugin_loose/plugin_loose_splitcifar100_q320/0,plugin_loose_splitcifar100_q320,splitcifar100,0,resource_transition,8,156777.952226236,156777.953031838,0.0008056020014919341,96333824,96333824,220200960,220200960,335544320,0,2461409280,0,2241130496,0,0,0,0.1,0,no_interval_samples,
effectiveness_v3_20260918T064028Z_cbe2cbf1,dev/splitcifar100/plugin_loose/plugin_loose_splitcifar100_q320/0,plugin_loose_splitcifar100_q320,splitcifar100,0,training,8,156777.987094828,156830.273249967,52.28615513900877,99669504,185734144,222298112,222298112,335544320,0,2463264768,0,2242985984,0,2493489152,0,0.1,363,,
effectiveness_v3_20260918T064028Z_cbe2cbf1,dev/splitcifar100/plugin_loose/plugin_loose_splitcifar100_q320/0,plugin_loose_splitcifar100_q320,splitcifar100,0,evaluation,8,156830.339798225,156832.840987934,2.501189709000755,99669504,143187456,222298112,222298112,335544320,0,2463145984,0,2242867200,0,2470223872,0,0.1,15,,
effectiveness_v3_20260918T064028Z_cbe2cbf1,dev/splitcifar100/plugin_loose/plugin_loose_splitcifar100_q320/0,plugin_loose_splitcifar100_q320,splitcifar100,0,resource_transition,9,156832.886618777,156832.887340119,0.0007213419885374606,99669504,99669504,222298112,222298112,335544320,0,2463150080,0,2242871296,0,0,0,0.1,0,no_interval_samples,
effectiveness_v3_20260918T064028Z_cbe2cbf1,dev/splitcifar100/plugin_loose/plugin_loose_splitcifar100_q320/0,plugin_loose_splitcifar100_q320,splitcifar100,0,training,9,156832.922428063,156902.331611078,69.40918301499914,103005184,190765568,226492416,226492416,335544320,0,2464325632,0,2244046848,0,2498420736,0,0.1,457,,
effectiveness_v3_20260918T064028Z_cbe2cbf1,dev/splitcifar100/plugin_loose/plugin_loose_splitcifar100_q320/0,plugin_loose_splitcifar100_q320,splitcifar100,0,evaluation,9,156902.425343598,156905.354866663,2.929523064987734,103005184,146523136,226492416,226492416,335544320,0,2464534528,0,2244255744,0,2473095168,0,0.1,18,,
effectiveness_v3_20260918T064650Z_7d7f8e57,dev/splitcifar100/l_cal/lcal_splitcifar100_q320_rep0/0,lcal_splitcifar100_q320_rep0,splitcifar100,0,setup,,156921.148779383,156922.342472941,1.1936935580160934,1408512,1408512,2097152,2097152,335544320,0,1534930944,0,1314741248,0,1531203584,0,0.1,8,,
effectiveness_v3_20260918T064650Z_7d7f8e57,dev/splitcifar100/l_cal/lcal_splitcifar100_q320_rep0/0,lcal_splitcifar100_q320_rep0,splitcifar100,0,resource_transition,0,156922.368499089,156922.368956117,0.0004570279852487147,1408512,1408512,2097152,2097152,335544320,0,1534976000,0,1314749440,0,0,0,0.1,0,no_interval_samples,
effectiveness_v3_20260918T064650Z_7d7f8e57,dev/splitcifar100/l_cal/lcal_splitcifar100_q320_rep0/0,lcal_splitcifar100_q320_rep0,splitcifar100,0,training,0,156922.39075559,156927.481775333,5.091019743005745,70750720,95481344,117440512,117440512,335544320,0,2206728192,0,1986493440,0,2208935936,0,0.1,33,,
effectiveness_v3_20260918T064650Z_7d7f8e57,dev/splitcifar100/l_cal/lcal_splitcifar100_q320_rep0/0,lcal_splitcifar100_q320_rep0,splitcifar100,0,evaluation,0,156927.552217721,156927.807918534,0.255700812995201,70750720,114268672,159383552,159383552,335544320,0,2253119488,0,2032884736,0,2259034112,0,0.1,2,,
effectiveness_v3_20260918T064650Z_7d7f8e57,dev/splitcifar100/l_cal/lcal_splitcifar100_q320_rep0/0,lcal_splitcifar100_q320_rep0,splitcifar100,0,resource_transition,1,156927.841639063,156927.842176109,0.0005370459984987974,70750720,70750720,159383552,159383552,335544320,0,2253119488,0,2032884736,0,0,0,0.1,0,no_interval_samples,
effectiveness_v3_20260918T064650Z_7d7f8e57,dev/splitcifar100/l_cal/lcal_splitcifar100_q320_rep0/0,lcal_splitcifar100_q320_rep0,splitcifar100,0,training,1,156927.86950536,156933.920443515,6.050938155007316,70750720,121942528,159383552,159383552,335544320,0,2256453632,0,2036218880,0,2257342464,0,0.1,38,,
effectiveness_v3_20260918T064650Z_7d7f8e57,dev/splitcifar100/l_cal/lcal_splitcifar100_q320_rep0/0,lcal_splitcifar100_q320_rep0,splitcifar100,0,evaluation,1,156933.984791153,156934.461402478,0.47661132499342784,70750720,114268672,159383552,159383552,335544320,0,2262200320,0,2041965568,0,2262200320,0,0.1,3,,
effectiveness_v3_20260918T064650Z_7d7f8e57,dev/splitcifar100/l_cal/lcal_splitcifar100_q320_rep0/0,lcal_splitcifar100_q320_rep0,splitcifar100,0,resource_transition,2,156934.494390283,156934.494957477,0.0005671939870808274,70750720,70750720,159383552,159383552,335544320,0,2262200320,0,2041965568,0,0,0,0.1,0,no_interval_samples,
effectiveness_v3_20260918T064650Z_7d7f8e57,dev/splitcifar100/l_cal/lcal_splitcifar100_q320_rep0/0,lcal_splitcifar100_q320_rep0,splitcifar100,0,training,2,156934.521198181,156940.384902813,5.863704632007284,70750720,121942528,159383552,159383552,335544320,0,2256613376,0,2036378624,0,2262200320,0,0.1,37,,
effectiveness_v3_20260918T064650Z_7d7f8e57,dev/splitcifar100/l_cal/lcal_splitcifar100_q320_rep0/0,lcal_splitcifar100_q320_rep0,splitcifar100,0,evaluation,2,156940.452251287,156941.113038027,0.6607867399870884,70750720,114268672,159383552,159383552,335544320,0,2261299200,0,2041064448,0,2262360064,0,0.1,4,,
effectiveness_v3_20260918T064650Z_7d7f8e57,dev/splitcifar100/l_cal/lcal_splitcifar100_q320_rep0/0,lcal_splitcifar100_q320_rep0,splitcifar100,0,resource_transition,3,156941.144805119,156941.145373489,0.000568370014661923,70750720,70750720,159383552,159383552,335544320,0,2261299200,0,2041064448,0,0,0,0.1,0,no_interval_samples,
effectiveness_v3_20260918T064650Z_7d7f8e57,dev/splitcifar100/l_cal/lcal_splitcifar100_q320_rep0/0,lcal_splitcifar100_q320_rep0,splitcifar100,0,training,3,156941.197205016,156947.083040614,5.885835597990081,70750720,121942528,159383552,159383552,335544320,0,2256760832,0,2036526080,0,2257702912,0,0.1,36,,
effectiveness_v3_20260918T064650Z_7d7f8e57,dev/splitcifar100/l_cal/lcal_splitcifar100_q320_rep0/0,lcal_splitcifar100_q320_rep0,splitcifar100,0,evaluation,3,156947.154949939,156948.080281246,0.92533130699303,70750720,114268672,159383552,159383552,335544320,0,2260930560,0,2040695808,0,2260996096,0,0.1,5,,
effectiveness_v3_20260918T064650Z_7d7f8e57,dev/splitcifar100/l_cal/lcal_splitcifar100_q320_rep0/0,lcal_splitcifar100_q320_rep0,splitcifar100,0,resource_transition,4,156948.134593875,156948.13527431,0.0006804350123275071,70750720,70750720,159383552,159383552,335544320,0,2260934656,0,2040699904,0,0,0,0.1,0,no_interval_samples,
effectiveness_v3_20260918T064650Z_7d7f8e57,dev/splitcifar100/l_cal/lcal_splitcifar100_q320_rep0/0,lcal_splitcifar100_q320_rep0,splitcifar100,0,training,4,156948.167286846,156954.26145333,6.094166483992012,70750720,121942528,159383552,159383552,335544320,0,2256719872,0,2036489216,0,2260942848,0,0.1,36,,
effectiveness_v3_20260918T064650Z_7d7f8e57,dev/splitcifar100/l_cal/lcal_splitcifar100_q320_rep0/0,lcal_splitcifar100_q320_rep0,splitcifar100,0,evaluation,4,156954.358007199,156955.472743357,1.1147361579933204,70750720,114268672,159383552,159383552,335544320,0,2260885504,0,2040650752,0,2260955136,0,0.1,7,,
effectiveness_v3_20260918T064650Z_7d7f8e57,dev/splitcifar100/l_cal/lcal_splitcifar100_q320_rep0/0,lcal_splitcifar100_q320_rep0,splitcifar100,0,resource_transition,5,156955.504906996,156955.505457172,0.0005501759878825396,70750720,70750720,159383552,159383552,335544320,0,2260889600,0,2040654848,0,0,0,0.1,0,no_interval_samples,
effectiveness_v3_20260918T064650Z_7d7f8e57,dev/splitcifar100/l_cal/lcal_splitcifar100_q320_rep0/0,lcal_splitcifar100_q320_rep0,splitcifar100,0,training,5,156955.534517376,156961.429529986,5.895012609980768,70750720,121942528,159383552,159383552,335544320,0,2256773120,0,2036538368,0,2260951040,0,0.1,37,,
effectiveness_v3_20260918T064650Z_7d7f8e57,dev/splitcifar100/l_cal/lcal_splitcifar100_q320_rep0/0,lcal_splitcifar100_q320_rep0,splitcifar100,0,evaluation,5,156961.494674458,156963.064162543,1.5694880850205664,70750720,114268672,159383552,159383552,335544320,0,2256711680,0,2036476928,0,2260959232,0,0.1,10,,
effectiveness_v3_20260918T064650Z_7d7f8e57,dev/splitcifar100/l_cal/lcal_splitcifar100_q320_rep0/0,lcal_splitcifar100_q320_rep0,splitcifar100,0,resource_transition,6,156963.104068124,156963.104740513,0.000672388996463269,70750720,70750720,159383552,159383552,335544320,0,2256715776,0,2036481024,0,0,0,0.1,0,no_interval_samples,
effectiveness_v3_20260918T064650Z_7d7f8e57,dev/splitcifar100/l_cal/lcal_splitcifar100_q320_rep0/0,lcal_splitcifar100_q320_rep0,splitcifar100,0,training,6,156963.134956475,156969.153666458,6.018709983007284,70750720,121942528,159383552,159383552,335544320,0,2256875520,0,2036640768,0,2257780736,0,0.1,37,,
effectiveness_v3_20260918T064650Z_7d7f8e57,dev/splitcifar100/l_cal/lcal_splitcifar100_q320_rep0/0,lcal_splitcifar100_q320_rep0,splitcifar100,0,evaluation,6,156969.221369413,156971.023983315,1.8026139020221308,70750720,114268672,159383552,159383552,335544320,0,2261102592,0,2040867840,0,2261250048,0,0.1,11,,
effectiveness_v3_20260918T064650Z_7d7f8e57,dev/splitcifar100/l_cal/lcal_splitcifar100_q320_rep0/0,lcal_splitcifar100_q320_rep0,splitcifar100,0,resource_transition,7,156971.067810684,156971.068542203,0.0007315189868677408,70750720,70750720,159383552,159383552,335544320,0,2261102592,0,2040867840,0,0,0,0.1,0,no_interval_samples,
effectiveness_v3_20260918T064650Z_7d7f8e57,dev/splitcifar100/l_cal/lcal_splitcifar100_q320_rep0/0,lcal_splitcifar100_q320_rep0,splitcifar100,0,training,7,156971.099271424,156977.119302137,6.020030712999869,70750720,121942528,159383552,159383552,335544320,0,2256945152,0,2036710400,0,2261512192,0,0.1,37,,
effectiveness_v3_20260918T064650Z_7d7f8e57,dev/splitcifar100/l_cal/lcal_splitcifar100_q320_rep0/0,lcal_splitcifar100_q320_rep0,splitcifar100,0,evaluation,7,156977.212238685,156979.30407008,2.091831394995097,70750720,114268672,159383552,159383552,335544320,0,2261110784,0,2040876032,0,2261110784,0,0.1,13,,
effectiveness_v3_20260918T064650Z_7d7f8e57,dev/splitcifar100/l_cal/lcal_splitcifar100_q320_rep0/0,lcal_splitcifar100_q320_rep0,splitcifar100,0,resource_transition,8,156979.343356997,156979.344050136,0.0006931389798410237,70750720,70750720,159383552,159383552,335544320,0,2261110784,0,2040876032,0,0,0,0.1,0,no_interval_samples,
effectiveness_v3_20260918T064650Z_7d7f8e57,dev/splitcifar100/l_cal/lcal_splitcifar100_q320_rep0/0,lcal_splitcifar100_q320_rep0,splitcifar100,0,training,8,156979.374022554,156985.462786791,6.088764237007126,70750720,121942528,159383552,159383552,335544320,0,2256982016,0,2036747264,0,2261110784,0,0.1,38,,
effectiveness_v3_20260918T064650Z_7d7f8e57,dev/splitcifar100/l_cal/lcal_splitcifar100_q320_rep0/0,lcal_splitcifar100_q320_rep0,splitcifar100,0,evaluation,8,156985.528065347,156988.096167433,2.5681020859919954,70750720,114268672,159383552,159383552,335544320,0,2256920576,0,2036685824,0,2261626880,0,0.1,16,,
effectiveness_v3_20260918T064650Z_7d7f8e57,dev/splitcifar100/l_cal/lcal_splitcifar100_q320_rep0/0,lcal_splitcifar100_q320_rep0,splitcifar100,0,resource_transition,9,156988.135526322,156988.136242822,0.0007164999842643738,70750720,70750720,159383552,159383552,335544320,0,2256924672,0,2036689920,0,0,0,0.1,0,no_interval_samples,
effectiveness_v3_20260918T064650Z_7d7f8e57,dev/splitcifar100/l_cal/lcal_splitcifar100_q320_rep0/0,lcal_splitcifar100_q320_rep0,splitcifar100,0,training,9,156988.166273108,156994.158564415,5.9922913069895,70750720,121942528,159383552,159383552,335544320,0,2257027072,0,2036792320,0,2258186240,0,0.1,37,,
effectiveness_v3_20260918T064650Z_7d7f8e57,dev/splitcifar100/l_cal/lcal_splitcifar100_q320_rep0/0,lcal_splitcifar100_q320_rep0,splitcifar100,0,evaluation,9,156994.223334879,156996.973677209,2.7503423299931455,70750720,114268672,159383552,159383552,335544320,0,2256961536,0,2036726784,0,2261188608,0,0.1,17,,
effectiveness_v3_20260918T064813Z_08eabb50,dev/splitcifar100/l_cal/lcal_splitcifar100_q320_rep1/0,lcal_splitcifar100_q320_rep1,splitcifar100,0,setup,,157004.154878468,157005.336473585,1.1815951169992331,1408512,1408512,2097152,2097152,335544320,0,1534955520,0,1314745344,0,1528639488,0,0.1,7,,
effectiveness_v3_20260918T064813Z_08eabb50,dev/splitcifar100/l_cal/lcal_splitcifar100_q320_rep1/0,lcal_splitcifar100_q320_rep1,splitcifar100,0,resource_transition,0,157005.35968591,157005.360122327,0.00043641700176522136,1408512,1408512,2097152,2097152,335544320,0,1534984192,0,1314757632,0,0,0,0.1,0,no_interval_samples,
effectiveness_v3_20260918T064813Z_08eabb50,dev/splitcifar100/l_cal/lcal_splitcifar100_q320_rep1/0,lcal_splitcifar100_q320_rep1,splitcifar100,0,training,0,157005.379031253,157010.657851403,5.2788201500079595,70750720,95481344,117440512,117440512,335544320,0,2206765056,0,1986530304,0,2208980992,0,0.1,34,,
effectiveness_v3_20260918T064813Z_08eabb50,dev/splitcifar100/l_cal/lcal_splitcifar100_q320_rep1/0,lcal_splitcifar100_q320_rep1,splitcifar100,0,evaluation,0,157010.757524026,157011.018870405,0.2613463790039532,70750720,114268672,159383552,159383552,335544320,0,2259992576,0,2039757824,0,2258223104,0,0.1,1,,
effectiveness_v3_20260918T064813Z_08eabb50,dev/splitcifar100/l_cal/lcal_splitcifar100_q320_rep1/0,lcal_splitcifar100_q320_rep1,splitcifar100,0,resource_transition,1,157011.052413237,157011.052953608,0.0005403710238169879,70750720,70750720,159383552,159383552,335544320,0,2259992576,0,2039757824,0,0,0,0.1,0,no_interval_samples,
effectiveness_v3_20260918T064813Z_08eabb50,dev/splitcifar100/l_cal/lcal_splitcifar100_q320_rep1/0,lcal_splitcifar100_q320_rep1,splitcifar100,0,training,1,157011.079346746,157017.120142824,6.040796077984851,70750720,121942528,159383552,159383552,335544320,0,2256400384,0,2036165632,0,2261737472,0,0.1,37,,
effectiveness_v3_20260918T064813Z_08eabb50,dev/splitcifar100/l_cal/lcal_splitcifar100_q320_rep1/0,lcal_splitcifar100_q320_rep1,splitcifar100,0,evaluation,1,157017.214945766,157017.698778036,0.48383226999430917,70750720,114268672,159383552,159383552,335544320,0,2261090304,0,2040855552,0,2262155264,0,0.1,3,,
effectiveness_v3_20260918T064813Z_08eabb50,dev/splitcifar100/l_cal/lcal_splitcifar100_q320_rep1/0,lcal_splitcifar100_q320_rep1,splitcifar100,0,resource_transition,2,157017.732821656,157017.73341273,0.0005910740001127124,70750720,70750720,159383552,159383552,335544320,0,2261090304,0,2040855552,0,0,0,0.1,0,no_interval_samples,
effectiveness_v3_20260918T064813Z_08eabb50,dev/splitcifar100/l_cal/lcal_splitcifar100_q320_rep1/0,lcal_splitcifar100_q320_rep1,splitcifar100,0,training,2,157017.761928989,157023.608875801,5.846946812001988,70750720,121942528,159383552,159383552,335544320,0,2256568320,0,2036333568,0,2261241856,0,0.1,36,,
effectiveness_v3_20260918T064813Z_08eabb50,dev/splitcifar100/l_cal/lcal_splitcifar100_q320_rep1/0,lcal_splitcifar100_q320_rep1,splitcifar100,0,evaluation,2,157023.673925052,157024.389688266,0.7157632140151691,70750720,114268672,159383552,159383552,335544320,0,2260676608,0,2040441856,0,2260750336,0,0.1,4,,
effectiveness_v3_20260918T064813Z_08eabb50,dev/splitcifar100/l_cal/lcal_splitcifar100_q320_rep1/0,lcal_splitcifar100_q320_rep1,splitcifar100,0,resource_transition,3,157024.422728943,157024.423337545,0.0006086020148359239,70750720,70750720,159383552,159383552,335544320,0,2260676608,0,2040441856,0,0,0,0.1,0,no_interval_samples,
effectiveness_v3_20260918T064813Z_08eabb50,dev/splitcifar100/l_cal/lcal_splitcifar100_q320_rep1/0,lcal_splitcifar100_q320_rep1,splitcifar100,0,training,3,157024.451035749,157030.244081488,5.7930457390029915,70750720,121942528,159383552,159383552,335544320,0,2256654336,0,2036419584,0,2260676608,0,0.1,36,,
effectiveness_v3_20260918T064813Z_08eabb50,dev/splitcifar100/l_cal/lcal_splitcifar100_q320_rep1/0,lcal_splitcifar100_q320_rep1,splitcifar100,0,evaluation,3,157030.324531839,157031.23267875,0.9081469110096805,70750720,114268672,159383552,159383552,335544320,0,2260873216,0,2040638464,0,2260959232,0,0.1,5,,
effectiveness_v3_20260918T064813Z_08eabb50,dev/splitcifar100/l_cal/lcal_splitcifar100_q320_rep1/0,lcal_splitcifar100_q320_rep1,splitcifar100,0,resource_transition,4,157031.289033786,157031.289672583,0.0006387970061041415,70750720,70750720,159383552,159383552,335544320,0,2260877312,0,2040642560,0,0,0,0.1,0,no_interval_samples,
effectiveness_v3_20260918T064813Z_08eabb50,dev/splitcifar100/l_cal/lcal_splitcifar100_q320_rep1/0,lcal_splitcifar100_q320_rep1,splitcifar100,0,training,4,157031.319094665,157037.357759983,6.038665317988489,70750720,121942528,159383552,159383552,335544320,0,2256703488,0,2036468736,0,2260893696,0,0.1,36,,
effectiveness_v3_20260918T064813Z_08eabb50,dev/splitcifar100/l_cal/lcal_splitcifar100_q320_rep1/0,lcal_splitcifar100_q320_rep1,splitcifar100,0,evaluation,4,157037.423273935,157038.521665747,1.0983918119745795,70750720,114268672,159383552,159383552,335544320,0,2260865024,0,2040630272,0,2260881408,0,0.1,7,,
effectiveness_v3_20260918T064813Z_08eabb50,dev/splitcifar100/l_cal/lcal_splitcifar100_q320_rep1/0,lcal_splitcifar100_q320_rep1,splitcifar100,0,resource_transition,5,157038.557103748,157038.557690192,0.0005864440172445029,70750720,70750720,159383552,159383552,335544320,0,2260869120,0,2040634368,0,0,0,0.1,0,no_interval_samples,
effectiveness_v3_20260918T064813Z_08eabb50,dev/splitcifar100/l_cal/lcal_splitcifar100_q320_rep1/0,lcal_splitcifar100_q320_rep1,splitcifar100,0,training,5,157038.606068629,157044.505361746,5.899293117021443,70750720,121942528,159383552,159383552,335544320,0,2256785408,0,2036550656,0,2261262336,0,0.1,37,,
effectiveness_v3_20260918T064813Z_08eabb50,dev/splitcifar100/l_cal/lcal_splitcifar100_q320_rep1/0,lcal_splitcifar100_q320_rep1,splitcifar100,0,evaluation,5,157044.568358293,157045.740599035,1.1722407419874799,70750720,114268672,159383552,159383552,335544320,0,2260885504,0,2040650752,0,2260963328,0,0.1,8,,
effectiveness_v3_20260918T064813Z_08eabb50,dev/splitcifar100/l_cal/lcal_splitcifar100_q320_rep1/0,lcal_splitcifar100_q320_rep1,splitcifar100,0,resource_transition,6,157045.772490851,157045.77306712,0.0005762689979746938,70750720,70750720,159383552,159383552,335544320,0,2260889600,0,2040654848,0,0,0,0.1,0,no_interval_samples,
effectiveness_v3_20260918T064813Z_08eabb50,dev/splitcifar100/l_cal/lcal_splitcifar100_q320_rep1/0,lcal_splitcifar100_q320_rep1,splitcifar100,0,training,6,157045.804864398,157051.709673479,5.904809080995619,70750720,121942528,159383552,159383552,335544320,0,2256818176,0,2036583424,0,2261323776,0,0.1,37,,
effectiveness_v3_20260918T064813Z_08eabb50,dev/splitcifar100/l_cal/lcal_splitcifar100_q320_rep1/0,lcal_splitcifar100_q320_rep1,splitcifar100,0,evaluation,6,157051.771561848,157053.225266195,1.45370434698998,70750720,114268672,159383552,159383552,335544320,0,2261045248,0,2040810496,0,2261196800,0,0.1,10,,
effectiveness_v3_20260918T064813Z_08eabb50,dev/splitcifar100/l_cal/lcal_splitcifar100_q320_rep1/0,lcal_splitcifar100_q320_rep1,splitcifar100,0,resource_transition,7,157053.256872759,157053.257480787,0.0006080279999878258,70750720,70750720,159383552,159383552,335544320,0,2261045248,0,2040810496,0,0,0,0.1,0,no_interval_samples,
effectiveness_v3_20260918T064813Z_08eabb50,dev/splitcifar100/l_cal/lcal_splitcifar100_q320_rep1/0,lcal_splitcifar100_q320_rep1,splitcifar100,0,training,7,157053.284284102,157059.349565201,6.065281098999549,70750720,121942528,159383552,159383552,335544320,0,2256896000,0,2036661248,0,2261102592,0,0.1,38,,
effectiveness_v3_20260918T064813Z_08eabb50,dev/splitcifar100/l_cal/lcal_splitcifar100_q320_rep1/0,lcal_splitcifar100_q320_rep1,splitcifar100,0,evaluation,7,157059.414904166,157061.42467357,2.0097694039868657,70750720,114268672,159383552,159383552,335544320,0,2261057536,0,2040822784,0,2261065728,0,0.1,13,,
effectiveness_v3_20260918T064813Z_08eabb50,dev/splitcifar100/l_cal/lcal_splitcifar100_q320_rep1/0,lcal_splitcifar100_q320_rep1,splitcifar100,0,resource_transition,8,157061.464096162,157061.464741328,0.0006451660010498017,70750720,70750720,159383552,159383552,335544320,0,2261057536,0,2040822784,0,0,0,0.1,0,no_interval_samples,
effectiveness_v3_20260918T064813Z_08eabb50,dev/splitcifar100/l_cal/lcal_splitcifar100_q320_rep1/0,lcal_splitcifar100_q320_rep1,splitcifar100,0,training,8,157061.494887829,157067.566080673,6.071192843985045,70750720,121942528,159383552,159383552,335544320,0,2256891904,0,2036657152,0,2261434368,0,0.1,37,,
effectiveness_v3_20260918T064813Z_08eabb50,dev/splitcifar100/l_cal/lcal_splitcifar100_q320_rep1/0,lcal_splitcifar100_q320_rep1,splitcifar100,0,evaluation,8,157067.630230163,157070.208082296,2.5778521330212243,70750720,114268672,159383552,159383552,335544320,0,2256826368,0,2036591616,0,2261540864,0,0.1,16,,
effectiveness_v3_20260918T064813Z_08eabb50,dev/splitcifar100/l_cal/lcal_splitcifar100_q320_rep1/0,lcal_splitcifar100_q320_rep1,splitcifar100,0,resource_transition,9,157070.252843102,157070.25353488,0.0006917779974173754,70750720,70750720,159383552,159383552,335544320,0,2256830464,0,2036595712,0,0,0,0.1,0,no_interval_samples,
effectiveness_v3_20260918T064813Z_08eabb50,dev/splitcifar100/l_cal/lcal_splitcifar100_q320_rep1/0,lcal_splitcifar100_q320_rep1,splitcifar100,0,training,9,157070.285006268,157075.83650626,5.551499991997844,70750720,121942528,159383552,159383552,335544320,0,2256969728,0,2036734976,0,2257833984,0,0.1,34,,
effectiveness_v3_20260918T064813Z_08eabb50,dev/splitcifar100/l_cal/lcal_splitcifar100_q320_rep1/0,lcal_splitcifar100_q320_rep1,splitcifar100,0,evaluation,9,157075.901277778,157078.381954347,2.4806765689863823,70750720,114268672,159383552,159383552,335544320,0,2256896000,0,2036661248,0,2261151744,0,0.1,15,,
effectiveness_v3_20260918T064943Z_874b24ea,dev/splitcifar100/static_search_tight/search_tight_splitcifar100_b16_r200_q160/0,search_tight_splitcifar100_b16_r200_q160,splitcifar100,0,setup,,157094.348443156,157095.537290087,1.1888469310069922,1408512,1408512,2097152,2097152,167772160,0,1536942080,0,1316763648,0,1530056704,0,0.1,7,,
effectiveness_v3_20260918T064943Z_874b24ea,dev/splitcifar100/static_search_tight/search_tight_splitcifar100_b16_r200_q160/0,search_tight_splitcifar100_b16_r200_q160,splitcifar100,0,resource_transition,0,157095.561481773,157095.561890384,0.0004086109984200448,1408512,1408512,2097152,2097152,167772160,0,1536983040,0,1316775936,0,0,0,0.1,0,no_interval_samples,
effectiveness_v3_20260918T064943Z_874b24ea,dev/splitcifar100/static_search_tight/search_tight_splitcifar100_b16_r200_q160/0,search_tight_splitcifar100_b16_r200_q160,splitcifar100,0,training,0,157095.586317255,157100.807394286,5.221077031019377,70750720,95481344,117440512,117440512,167772160,0,2208710656,0,1988491264,0,2210918400,0,0.1,33,,
effectiveness_v3_20260918T064943Z_874b24ea,dev/splitcifar100/static_search_tight/search_tight_splitcifar100_b16_r200_q160/0,search_tight_splitcifar100_b16_r200_q160,splitcifar100,0,evaluation,0,157100.874442174,157101.196228116,0.3217859419819433,70750720,114268672,159383552,159383552,167772160,0,2261659648,0,2041440256,0,2259398656,0,0.1,2,,
effectiveness_v3_20260918T064943Z_874b24ea,dev/splitcifar100/static_search_tight/search_tight_splitcifar100_b16_r200_q160/0,search_tight_splitcifar100_b16_r200_q160,splitcifar100,0,resource_transition,1,157101.228671025,157101.229204867,0.0005338420160114765,70750720,70750720,159383552,159383552,167772160,0,2261659648,0,2041440256,0,0,0,0.1,0,no_interval_samples,
effectiveness_v3_20260918T064943Z_874b24ea,dev/splitcifar100/static_search_tight/search_tight_splitcifar100_b16_r200_q160/0,search_tight_splitcifar100_b16_r200_q160,splitcifar100,0,training,1,157101.261217655,157107.336135716,6.074918061000062,70750720,121942528,159383552,159383552,167772160,0,2258464768,0,2038245376,0,2263433216,0,0.1,37,,
effectiveness_v3_20260918T064943Z_874b24ea,dev/splitcifar100/static_search_tight/search_tight_splitcifar100_b16_r200_q160/0,search_tight_splitcifar100_b16_r200_q160,splitcifar100,0,evaluation,1,157107.419282643,157107.870326615,0.45104397198883817,70750720,114268672,159383552,159383552,167772160,0,2264207360,0,2043987968,0,2264211456,0,0.1,3,,
effectiveness_v3_20260918T064943Z_874b24ea,dev/splitcifar100/static_search_tight/search_tight_splitcifar100_b16_r200_q160/0,search_tight_splitcifar100_b16_r200_q160,splitcifar100,0,resource_transition,2,157107.900908199,157107.901542357,0.0006341580010484904,70750720,70750720,159383552,159383552,167772160,0,2264207360,0,2043987968,0,0,0,0.1,0,no_interval_samples,
effectiveness_v3_20260918T064943Z_874b24ea,dev/splitcifar100/static_search_tight/search_tight_splitcifar100_b16_r200_q160/0,search_tight_splitcifar100_b16_r200_q160,splitcifar100,0,training,2,157107.927706867,157114.101925828,6.174218961008592,70750720,121942528,159383552,159383552,167772160,0,2258636800,0,2038417408,0,2264363008,0,0.1,38,,
effectiveness_v3_20260918T064943Z_874b24ea,dev/splitcifar100/static_search_tight/search_tight_splitcifar100_b16_r200_q160/0,search_tight_splitcifar100_b16_r200_q160,splitcifar100,0,evaluation,2,157114.203316867,157114.928685164,0.7253682969894726,70750720,114268672,159383552,159383552,167772160,0,2263322624,0,2043103232,0,2264383488,0,0.1,4,,
effectiveness_v3_20260918T064943Z_874b24ea,dev/splitcifar100/static_search_tight/search_tight_splitcifar100_b16_r200_q160/0,search_tight_splitcifar100_b16_r200_q160,splitcifar100,0,resource_transition,3,157114.986285295,157114.986964119,0.0006788239988964051,70750720,70750720,159383552,159383552,167772160,0,2263322624,0,2043103232,0,0,0,0.1,0,no_interval_samples,
effectiveness_v3_20260918T064943Z_874b24ea,dev/splitcifar100/static_search_tight/search_tight_splitcifar100_b16_r200_q160/0,search_tight_splitcifar100_b16_r200_q160,splitcifar100,0,training,3,157115.018256693,157121.19548473,6.177228037005989,70750720,121942528,159383552,159383552,167772160,0,2258780160,0,2038560768,0,2263789568,0,0.1,38,,
effectiveness_v3_20260918T064943Z_874b24ea,dev/splitcifar100/static_search_tight/search_tight_splitcifar100_b16_r200_q160/0,search_tight_splitcifar100_b16_r200_q160,splitcifar100,0,evaluation,3,157121.255672997,157122.190925212,0.9352522149856668,70750720,114268672,159383552,159383552,167772160,0,2262941696,0,2042722304,0,2263011328,0,0.1,5,,
effectiveness_v3_20260918T064943Z_874b24ea,dev/splitcifar100/static_search_tight/search_tight_splitcifar100_b16_r200_q160/0,search_tight_splitcifar100_b16_r200_q160,splitcifar100,0,resource_transition,4,157122.244166888,157122.244821138,0.0006542500050272793,70750720,70750720,159383552,159383552,167772160,0,2262945792,0,2042726400,0,0,0,0.1,0,no_interval_samples,
effectiveness_v3_20260918T064943Z_874b24ea,dev/splitcifar100/static_search_tight/search_tight_splitcifar100_b16_r200_q160/0,search_tight_splitcifar100_b16_r200_q160,splitcifar100,0,training,4,157122.274133416,157128.603162108,6.3290286919800565,70750720,121942528,159383552,159383552,167772160,0,2258739200,0,2038519808,0,2262949888,0,0.1,38,,
effectiveness_v3_20260918T064943Z_874b24ea,dev/splitcifar100/static_search_tight/search_tight_splitcifar100_b16_r200_q160/0,search_tight_splitcifar100_b16_r200_q160,splitcifar100,0,evaluation,4,157128.705136903,157129.902271635,1.1971347319777124,70750720,114268672,159383552,159383552,167772160,0,2262900736,0,2042681344,0,2262970368,0,0.1,7,,
effectiveness_v3_20260918T064943Z_874b24ea,dev/splitcifar100/static_search_tight/search_tight_splitcifar100_b16_r200_q160/0,search_tight_splitcifar100_b16_r200_q160,splitcifar100,0,resource_transition,5,157129.936055525,157129.936744312,0.0006887869967613369,70750720,70750720,159383552,159383552,167772160,0,2262904832,0,2042685440,0,0,0,0.1,0,no_interval_samples,
effectiveness_v3_20260918T064943Z_874b24ea,dev/splitcifar100/static_search_tight/search_tight_splitcifar100_b16_r200_q160/0,search_tight_splitcifar100_b16_r200_q160,splitcifar100,0,training,5,157129.985601081,157136.11938331,6.13378222900792,70750720,121942528,159383552,159383552,167772160,0,2258792448,0,2038573056,0,2263322624,0,0.1,38,,
effectiveness_v3_20260918T064943Z_874b24ea,dev/splitcifar100/static_search_tight/search_tight_splitcifar100_b16_r200_q160/0,search_tight_splitcifar100_b16_r200_q160,splitcifar100,0,evaluation,5,157136.189340478,157137.725860876,1.5365203979890794,70750720,114268672,159383552,159383552,167772160,0,2262953984,0,2042734592,0,2262974464,0,0.1,9,,
effectiveness_v3_20260918T064943Z_874b24ea,dev/splitcifar100/static_search_tight/search_tight_splitcifar100_b16_r200_q160/0,search_tight_splitcifar100_b16_r200_q160,splitcifar100,0,resource_transition,6,157137.761874523,157137.762766708,0.0008921849948819727,70750720,70750720,159383552,159383552,167772160,0,2262958080,0,2042738688,0,0,0,0.1,0,no_interval_samples,
effectiveness_v3_20260918T064943Z_874b24ea,dev/splitcifar100/static_search_tight/search_tight_splitcifar100_b16_r200_q160/0,search_tight_splitcifar100_b16_r200_q160,splitcifar100,0,training,6,157137.820651448,157144.072322114,6.251670665980782,70750720,121942528,159383552,159383552,167772160,0,2258911232,0,2038691840,0,2263404544,0,0.1,39,,
effectiveness_v3_20260918T064943Z_874b24ea,dev/splitcifar100/static_search_tight/search_tight_splitcifar100_b16_r200_q160/0,search_tight_splitcifar100_b16_r200_q160,splitcifar100,0,evaluation,6,157144.134262374,157145.976130102,1.8418677280133124,70750720,114268672,159383552,159383552,167772160,0,2263134208,0,2042914816,0,2263281664,0,0.1,11,,
effectiveness_v3_20260918T064943Z_874b24ea,dev/splitcifar100/static_search_tight/search_tight_splitcifar100_b16_r200_q160/0,search_tight_splitcifar100_b16_r200_q160,splitcifar100,0,resource_transition,7,157146.014451518,157146.015019611,0.0005680929752998054,70750720,70750720,159383552,159383552,167772160,0,2263134208,0,2042914816,0,0,0,0.1,0,no_interval_samples,
effectiveness_v3_20260918T064943Z_874b24ea,dev/splitcifar100/static_search_tight/search_tight_splitcifar100_b16_r200_q160/0,search_tight_splitcifar100_b16_r200_q160,splitcifar100,0,training,7,157146.043084508,157152.073325126,6.030240617983509,70750720,121942528,159383552,159383552,167772160,0,2258997248,0,2038777856,0,2263564288,0,0.1,37,,
effectiveness_v3_20260918T064943Z_874b24ea,dev/splitcifar100/static_search_tight/search_tight_splitcifar100_b16_r200_q160/0,search_tight_splitcifar100_b16_r200_q160,splitcifar100,0,evaluation,7,157152.166223036,157154.532879462,2.3666564259910956,70750720,114268672,159383552,159383552,167772160,0,2258935808,0,2038716416,0,2263162880,0,0.1,14,,
effectiveness_v3_20260918T064943Z_874b24ea,dev/splitcifar100/static_search_tight/search_tight_splitcifar100_b16_r200_q160/0,search_tight_splitcifar100_b16_r200_q160,splitcifar100,0,resource_transition,8,157154.572852628,157154.573871554,0.0010189259774051607,70750720,70750720,159383552,159383552,167772160,0,2258935808,0,2038716416,0,0,0,0.1,0,no_interval_samples,
effectiveness_v3_20260918T064943Z_874b24ea,dev/splitcifar100/static_search_tight/search_tight_splitcifar100_b16_r200_q160/0,search_tight_splitcifar100_b16_r200_q160,splitcifar100,0,training,8,157154.625414951,157160.761901711,6.136486759991385,70750720,121942528,159383552,159383552,167772160,0,2259001344,0,2038781952,0,2259877888,0,0.1,38,,
effectiveness_v3_20260918T064943Z_874b24ea,dev/splitcifar100/static_search_tight/search_tight_splitcifar100_b16_r200_q160/0,search_tight_splitcifar100_b16_r200_q160,splitcifar100,0,evaluation,8,157160.825186099,157163.582858054,2.7576719549833797,70750720,114268672,159383552,159383552,167772160,0,2258944000,0,2038724608,0,2263650304,0,0.1,17,,
effectiveness_v3_20260918T064943Z_874b24ea,dev/splitcifar100/static_search_tight/search_tight_splitcifar100_b16_r200_q160/0,search_tight_splitcifar100_b16_r200_q160,splitcifar100,0,resource_transition,9,157163.624343275,157163.625411618,0.0010683430009521544,70750720,70750720,159383552,159383552,167772160,0,2258948096,0,2038728704,0,0,0,0.1,0,no_interval_samples,
effectiveness_v3_20260918T064943Z_874b24ea,dev/splitcifar100/static_search_tight/search_tight_splitcifar100_b16_r200_q160/0,search_tight_splitcifar100_b16_r200_q160,splitcifar100,0,training,9,157163.669080784,157169.850285961,6.18120517701027,70750720,121942528,159383552,159383552,167772160,0,2259046400,0,2038827008,0,2259918848,0,0.1,38,,
effectiveness_v3_20260918T064943Z_874b24ea,dev/splitcifar100/static_search_tight/search_tight_splitcifar100_b16_r200_q160/0,search_tight_splitcifar100_b16_r200_q160,splitcifar100,0,evaluation,9,157169.918906256,157172.898335375,2.979429119004635,70750720,114268672,159383552,159383552,167772160,0,2258976768,0,2038757376,0,2263220224,0,0.1,18,,
effectiveness_v3_20260918T065109Z_f4622985,dev/splitcifar100/static_search_tight/search_tight_splitcifar100_b16_r2000_q160/0,search_tight_splitcifar100_b16_r2000_q160,splitcifar100,0,setup,,157180.014168137,157181.202696617,1.1885284800082445,1408512,1408512,2097152,2097152,167772160,0,1535074304,0,1314864128,0,1528176640,0,0.1,7,,
effectiveness_v3_20260918T065109Z_f4622985,dev/splitcifar100/static_search_tight/search_tight_splitcifar100_b16_r2000_q160/0,search_tight_splitcifar100_b16_r2000_q160,splitcifar100,0,resource_transition,0,157181.225387136,157181.225842265,0.0004551290185190737,1408512,1408512,2097152,2097152,167772160,0,1535102976,0,1314876416,0,0,0,0.1,0,no_interval_samples,
effectiveness_v3_20260918T065109Z_f4622985,dev/splitcifar100/static_search_tight/search_tight_splitcifar100_b16_r2000_q160/0,search_tight_splitcifar100_b16_r2000_q160,splitcifar100,0,training,0,157181.246746459,157186.571628153,5.324881694017677,70750720,95481344,117440512,117440512,167772160,0,2207567872,0,1987333120,0,2209107968,0,0.1,34,,
effectiveness_v3_20260918T065109Z_f4622985,dev/splitcifar100/static_search_tight/search_tight_splitcifar100_b16_r2000_q160/0,search_tight_splitcifar100_b16_r2000_q160,splitcifar100,0,evaluation,0,157186.658808739,157186.885877015,0.227068275999045,70750720,114268672,159383552,159383552,167772160,0,2260213760,0,2039979008,0,2258513920,0,0.1,1,,
effectiveness_v3_20260918T065109Z_f4622985,dev/splitcifar100/static_search_tight/search_tight_splitcifar100_b16_r2000_q160/0,search_tight_splitcifar100_b16_r2000_q160,splitcifar100,0,resource_transition,1,157186.91661557,157186.917120246,0.0005046760197728872,70750720,70750720,159383552,159383552,167772160,0,2260213760,0,2039979008,0,0,0,0.1,0,no_interval_samples,
effectiveness_v3_20260918T065109Z_f4622985,dev/splitcifar100/static_search_tight/search_tight_splitcifar100_b16_r2000_q160/0,search_tight_splitcifar100_b16_r2000_q160,splitcifar100,0,training,1,157186.94499457,157192.91887747,5.973882899997989,70750720,121942528,159383552,159383552,167772160,0,2255867904,0,2035633152,0,2256547840,0,0.1,36,,
effectiveness_v3_20260918T065109Z_f4622985,dev/splitcifar100/static_search_tight/search_tight_splitcifar100_b16_r2000_q160/0,search_tight_splitcifar100_b16_r2000_q160,splitcifar100,0,evaluation,1,157193.023240934,157193.480556324,0.45731538999825716,70750720,114268672,159383552,159383552,167772160,0,2262556672,0,2042321920,0,2262556672,0,0.1,3,,
effectiveness_v3_20260918T065109Z_f4622985,dev/splitcifar100/static_search_tight/search_tight_splitcifar100_b16_r2000_q160/0,search_tight_splitcifar100_b16_r2000_q160,splitcifar100,0,resource_transition,2,157193.514119611,157193.514729648,0.0006100370083004236,70750720,70750720,159383552,159383552,167772160,0,2262556672,0,2042321920,0,0,0,0.1,0,no_interval_samples,
effectiveness_v3_20260918T065109Z_f4622985,dev/splitcifar100/static_search_tight/search_tight_splitcifar100_b16_r2000_q160/0,search_tight_splitcifar100_b16_r2000_q160,splitcifar100,0,training,2,157193.54246837,157199.435711115,5.893242744990857,70750720,121942528,159383552,159383552,167772160,0,2255896576,0,2035661824,0,2262601728,0,0.1,37,,
effectiveness_v3_20260918T065109Z_f4622985,dev/splitcifar100/static_search_tight/search_tight_splitcifar100_b16_r2000_q160/0,search_tight_splitcifar100_b16_r2000_q160,splitcifar100,0,evaluation,2,157199.496670828,157200.152541499,0.6558706710056867,70750720,114268672,159383552,159383552,167772160,0,2260570112,0,2040335360,0,2261643264,0,0.1,4,,
effectiveness_v3_20260918T065109Z_f4622985,dev/splitcifar100/static_search_tight/search_tight_splitcifar100_b16_r2000_q160/0,search_tight_splitcifar100_b16_r2000_q160,splitcifar100,0,resource_transition,3,157200.185642111,157200.186187852,0.0005457410006783903,70750720,70750720,159383552,159383552,167772160,0,2260570112,0,2040335360,0,0,0,0.1,0,no_interval_samples,
effectiveness_v3_20260918T065109Z_f4622985,dev/splitcifar100/static_search_tight/search_tight_splitcifar100_b16_r2000_q160/0,search_tight_splitcifar100_b16_r2000_q160,splitcifar100,0,training,3,157200.214314927,157206.38890872,6.174593792995438,70750720,121942528,159383552,159383552,167772160,0,2256384000,0,2036149248,0,2257231872,0,0.1,36,,
effectiveness_v3_20260918T065109Z_f4622985,dev/splitcifar100/static_search_tight/search_tight_splitcifar100_b16_r2000_q160/0,search_tight_splitcifar100_b16_r2000_q160,splitcifar100,0,evaluation,3,157206.44860798,157207.337471957,0.8888639769866131,70750720,114268672,159383552,159383552,167772160,0,2260545536,0,2040310784,0,2260557824,0,0.1,5,,
effectiveness_v3_20260918T065109Z_f4622985,dev/splitcifar100/static_search_tight/search_tight_splitcifar100_b16_r2000_q160/0,search_tight_splitcifar100_b16_r2000_q160,splitcifar100,0,resource_transition,4,157207.392756828,157207.393423013,0.0006661850202362984,70750720,70750720,159383552,159383552,167772160,0,2260545536,0,2040310784,0,0,0,0.1,0,no_interval_samples,
effectiveness_v3_20260918T065109Z_f4622985,dev/splitcifar100/static_search_tight/search_tight_splitcifar100_b16_r2000_q160/0,search_tight_splitcifar100_b16_r2000_q160,splitcifar100,0,training,4,157207.427340811,157213.35084748,5.923506669001654,70750720,121942528,159383552,159383552,167772160,0,2256412672,0,2036177920,0,2260643840,0,0.1,37,,
effectiveness_v3_20260918T065109Z_f4622985,dev/splitcifar100/static_search_tight/search_tight_splitcifar100_b16_r2000_q160/0,search_tight_splitcifar100_b16_r2000_q160,splitcifar100,0,evaluation,4,157213.411022766,157214.623739857,1.2127170909952838,70750720,114268672,159383552,159383552,167772160,0,2260570112,0,2040335360,0,2260590592,0,0.1,7,,
effectiveness_v3_20260918T065109Z_f4622985,dev/splitcifar100/static_search_tight/search_tight_splitcifar100_b16_r2000_q160/0,search_tight_splitcifar100_b16_r2000_q160,splitcifar100,0,resource_transition,5,157214.680022976,157214.680686782,0.0006638059858232737,70750720,70750720,159383552,159383552,167772160,0,2260570112,0,2040335360,0,0,0,0.1,0,no_interval_samples,
effectiveness_v3_20260918T065109Z_f4622985,dev/splitcifar100/static_search_tight/search_tight_splitcifar100_b16_r2000_q160/0,search_tight_splitcifar100_b16_r2000_q160,splitcifar100,0,training,5,157214.712159124,157220.661362407,5.949203283002134,70750720,121942528,159383552,159383552,167772160,0,2256429056,0,2036194304,0,2260963328,0,0.1,36,,
effectiveness_v3_20260918T065109Z_f4622985,dev/splitcifar100/static_search_tight/search_tight_splitcifar100_b16_r2000_q160/0,search_tight_splitcifar100_b16_r2000_q160,splitcifar100,0,evaluation,5,157220.75222897,157222.249095367,1.49686639700667,70750720,114268672,159383552,159383552,167772160,0,2261127168,0,2040892416,0,2261127168,0,0.1,9,,
effectiveness_v3_20260918T065109Z_f4622985,dev/splitcifar100/static_search_tight/search_tight_splitcifar100_b16_r2000_q160/0,search_tight_splitcifar100_b16_r2000_q160,splitcifar100,0,resource_transition,6,157222.287117961,157222.287754137,0.0006361760024446994,70750720,70750720,159383552,159383552,167772160,0,2261127168,0,2040892416,0,0,0,0.1,0,no_interval_samples,
effectiveness_v3_20260918T065109Z_f4622985,dev/splitcifar100/static_search_tight/search_tight_splitcifar100_b16_r2000_q160/0,search_tight_splitcifar100_b16_r2000_q160,splitcifar100,0,training,6,157222.317483119,157228.269082126,5.951599007006735,70750720,121942528,159383552,159383552,167772160,0,2256527360,0,2036292608,0,2261127168,0,0.1,37,,
effectiveness_v3_20260918T065109Z_f4622985,dev/splitcifar100/static_search_tight/search_tight_splitcifar100_b16_r2000_q160/0,search_tight_splitcifar100_b16_r2000_q160,splitcifar100,0,evaluation,6,157228.332418544,157229.983327643,1.6509090990002733,70750720,114268672,159383552,159383552,167772160,0,2261159936,0,2040925184,0,2262167552,0,0.1,10,,
effectiveness_v3_20260918T065109Z_f4622985,dev/splitcifar100/static_search_tight/search_tight_splitcifar100_b16_r2000_q160/0,search_tight_splitcifar100_b16_r2000_q160,splitcifar100,0,resource_transition,7,157230.043097653,157230.043777589,0.000679935998050496,70750720,70750720,159383552,159383552,167772160,0,2261159936,0,2040925184,0,0,0,0.1,0,no_interval_samples,
effectiveness_v3_20260918T065109Z_f4622985,dev/splitcifar100/static_search_tight/search_tight_splitcifar100_b16_r2000_q160/0,search_tight_splitcifar100_b16_r2000_q160,splitcifar100,0,training,7,157230.076371274,157236.077682636,6.001311362022534,70750720,121942528,159383552,159383552,167772160,0,2256510976,0,2036276224,0,2261213184,0,0.1,37,,
effectiveness_v3_20260918T065109Z_f4622985,dev/splitcifar100/static_search_tight/search_tight_splitcifar100_b16_r2000_q160/0,search_tight_splitcifar100_b16_r2000_q160,splitcifar100,0,evaluation,7,157236.142092616,157238.483611643,2.341519026987953,70750720,114268672,159383552,159383552,167772160,0,2256441344,0,2036206592,0,2260692992,0,0.1,14,,
effectiveness_v3_20260918T065109Z_f4622985,dev/splitcifar100/static_search_tight/search_tight_splitcifar100_b16_r2000_q160/0,search_tight_splitcifar100_b16_r2000_q160,splitcifar100,0,resource_transition,8,157238.524302949,157238.524961227,0.0006582780042663217,70750720,70750720,159383552,159383552,167772160,0,2256441344,0,2036206592,0,0,0,0.1,0,no_interval_samples,
effectiveness_v3_20260918T065109Z_f4622985,dev/splitcifar100/static_search_tight/search_tight_splitcifar100_b16_r2000_q160/0,search_tight_splitcifar100_b16_r2000_q160,splitcifar100,0,training,8,157238.555907718,157244.678987478,6.12307976000011,70750720,121942528,159383552,159383552,167772160,0,2256834560,0,2036599808,0,2257440768,0,0.1,38,,
effectiveness_v3_20260918T065109Z_f4622985,dev/splitcifar100/static_search_tight/search_tight_splitcifar100_b16_r2000_q160/0,search_tight_splitcifar100_b16_r2000_q160,splitcifar100,0,evaluation,8,157244.744584767,157247.381714718,2.6371299510065,70750720,114268672,159383552,159383552,167772160,0,2256445440,0,2036210688,0,2260692992,0,0.1,16,,
effectiveness_v3_20260918T065109Z_f4622985,dev/splitcifar100/static_search_tight/search_tight_splitcifar100_b16_r2000_q160/0,search_tight_splitcifar100_b16_r2000_q160,splitcifar100,0,resource_transition,9,157247.424132495,157247.425186597,0.0010541020019445568,70750720,70750720,159383552,159383552,167772160,0,2256445440,0,2036210688,0,0,0,0.1,0,no_interval_samples,
effectiveness_v3_20260918T065109Z_f4622985,dev/splitcifar100/static_search_tight/search_tight_splitcifar100_b16_r2000_q160/0,search_tight_splitcifar100_b16_r2000_q160,splitcifar100,0,training,9,157247.468121087,157253.534681377,6.066560289997142,70750720,121942528,159383552,159383552,167772160,0,2256515072,0,2036280320,0,2257338368,0,0.1,37,,
effectiveness_v3_20260918T065109Z_f4622985,dev/splitcifar100/static_search_tight/search_tight_splitcifar100_b16_r2000_q160/0,search_tight_splitcifar100_b16_r2000_q160,splitcifar100,0,evaluation,9,157253.615433209,157256.614390202,2.99895699301851,70750720,114268672,159383552,159383552,167772160,0,2256445440,0,2036210688,0,2262204416,0,0.1,18,,
effectiveness_v3_20260918T065233Z_9139655f,dev/splitcifar100/static_search_tight/search_tight_splitcifar100_b64_r200_q160/0,search_tight_splitcifar100_b64_r200_q160,splitcifar100,0,setup,,157263.73741633,157264.928800329,1.1913839990156703,1408512,1408512,2097152,2097152,167772160,0,1534930944,0,1314753536,0,1528033280,0,0.1,7,,
effectiveness_v3_20260918T065233Z_9139655f,dev/splitcifar100/static_search_tight/search_tight_splitcifar100_b64_r200_q160/0,search_tight_splitcifar100_b64_r200_q160,splitcifar100,0,resource_transition,0,157264.954032959,157264.954490042,0.0004570829914882779,1408512,1408512,2097152,2097152,167772160,0,1534976000,0,1314753536,0,0,0,0.1,0,no_interval_samples,
effectiveness_v3_20260918T065233Z_9139655f,dev/splitcifar100/static_search_tight/search_tight_splitcifar100_b64_r200_q160/0,search_tight_splitcifar100_b64_r200_q160,splitcifar100,0,training,0,157264.973974551,157265.359438823,0.3854642720252741,165845504,166910464,167772160,167772160,167772160,0,1994432512,0,1773894656,0,1996046336,0,0.1,3,,failed
effectiveness_v3_20260918T065241Z_e0d38c65,dev/splitcifar100/static_search_tight/search_tight_splitcifar100_b64_r2000_q160/0,search_tight_splitcifar100_b64_r2000_q160,splitcifar100,0,setup,,157272.507628341,157273.708754112,1.201125771010993,1408512,1408512,2097152,2097152,167772160,0,1535062016,0,1314868224,0,1568337920,0,0.1,7,,
effectiveness_v3_20260918T065241Z_e0d38c65,dev/splitcifar100/static_search_tight/search_tight_splitcifar100_b64_r2000_q160/0,search_tight_splitcifar100_b64_r2000_q160,splitcifar100,0,resource_transition,0,157273.734160603,157273.734632316,0.0004717129922937602,1408512,1408512,2097152,2097152,167772160,0,1535102976,0,1314868224,0,0,0,0.1,0,no_interval_samples,
effectiveness_v3_20260918T065241Z_e0d38c65,dev/splitcifar100/static_search_tight/search_tight_splitcifar100_b64_r2000_q160/0,search_tight_splitcifar100_b64_r2000_q160,splitcifar100,0,training,0,157273.75467075,157274.150680921,0.39601017101085745,165845504,166910464,167772160,167772160,167772160,0,1994567680,0,1774021632,0,1996115968,0,0.1,3,,failed
effectiveness_v3_20260918T065250Z_18890833,dev/splitcifar100/static_search_tight/search_tight_splitcifar100_b256_r200_q160/0,search_tight_splitcifar100_b256_r200_q160,splitcifar100,0,setup,,157281.2284486,157282.422380006,1.193931405985495,1408512,1408512,2097152,2097152,167772160,0,1536974848,0,1316789248,0,1503961088,0,0.1,7,,
effectiveness_v3_20260918T065250Z_18890833,dev/splitcifar100/static_search_tight/search_tight_splitcifar100_b256_r200_q160/0,search_tight_splitcifar100_b256_r200_q160,splitcifar100,0,resource_transition,0,157282.446301969,157282.446749145,0.00044717598939314485,1408512,1408512,2097152,2097152,167772160,0,1537024000,0,1316789248,0,0,0,0.1,0,no_interval_samples,
effectiveness_v3_20260918T065250Z_18890833,dev/splitcifar100/static_search_tight/search_tight_splitcifar100_b256_r200_q160/0,search_tight_splitcifar100_b256_r200_q160,splitcifar100,0,training,0,157282.466918913,157282.624575217,0.1576563039852772,156605952,156605952,157286400,157286400,167772160,0,1585508352,0,1364978688,0,1547874304,0,0.1,1,,failed
effectiveness_v3_20260918T065258Z_826cd4bf,dev/splitcifar100/static_search_tight/search_tight_splitcifar100_b256_r2000_q160/0,search_tight_splitcifar100_b256_r2000_q160,splitcifar100,0,setup,,157289.56704435,157290.756234369,1.189190019009402,1408512,1408512,2097152,2097152,167772160,0,1535070208,0,1314864128,0,1528201216,0,0.1,7,,
effectiveness_v3_20260918T065258Z_826cd4bf,dev/splitcifar100/static_search_tight/search_tight_splitcifar100_b256_r2000_q160/0,search_tight_splitcifar100_b256_r2000_q160,splitcifar100,0,resource_transition,0,157290.779102174,157290.779572295,0.0004701209836639464,1408512,1408512,2097152,2097152,167772160,0,1535098880,0,1314876416,0,0,0,0.1,0,no_interval_samples,
effectiveness_v3_20260918T065258Z_826cd4bf,dev/splitcifar100/static_search_tight/search_tight_splitcifar100_b256_r2000_q160/0,search_tight_splitcifar100_b256_r2000_q160,splitcifar100,0,training,0,157290.799457489,157290.956029634,0.15657214500242844,156605952,156605952,157286400,157286400,167772160,0,1583607808,0,1363078144,0,1541369856,0,0.1,1,,failed
effectiveness_v3_20260918T065316Z_09e88ab3,dev/splitcifar100/static_search_loose/search_loose_splitcifar100_b16_r200_q320/0,search_loose_splitcifar100_b16_r200_q320,splitcifar100,0,setup,,157307.359645968,157308.553274967,1.1936289989971556,1408512,1408512,2097152,2097152,335544320,0,1535070208,0,1314880512,0,1528172544,0,0.1,7,,
effectiveness_v3_20260918T065316Z_09e88ab3,dev/splitcifar100/static_search_loose/search_loose_splitcifar100_b16_r200_q320/0,search_loose_splitcifar100_b16_r200_q320,splitcifar100,0,resource_transition,0,157308.578715327,157308.579157762,0.0004424350045155734,1408512,1408512,2097152,2097152,335544320,0,1535115264,0,1314888704,0,0,0,0.1,0,no_interval_samples,
effectiveness_v3_20260918T065316Z_09e88ab3,dev/splitcifar100/static_search_loose/search_loose_splitcifar100_b16_r200_q320/0,search_loose_splitcifar100_b16_r200_q320,splitcifar100,0,training,0,157308.59868591,157313.738982184,5.140296274010325,70750720,95481344,117440512,117440512,335544320,0,2206838784,0,1986604032,0,2209058816,0,0.1,33,,
effectiveness_v3_20260918T065316Z_09e88ab3,dev/splitcifar100/static_search_loose/search_loose_splitcifar100_b16_r200_q320/0,search_loose_splitcifar100_b16_r200_q320,splitcifar100,0,evaluation,0,157313.802553074,157314.039535211,0.2369821369939018,70750720,114268672,159383552,159383552,335544320,0,2253164544,0,2032929792,0,2259066880,0,0.1,2,,
effectiveness_v3_20260918T065316Z_09e88ab3,dev/splitcifar100/static_search_loose/search_loose_splitcifar100_b16_r200_q320/0,search_loose_splitcifar100_b16_r200_q320,splitcifar100,0,resource_transition,1,157314.07326434,157314.073868284,0.0006039440049789846,70750720,70750720,159383552,159383552,335544320,0,2253164544,0,2032929792,0,0,0,0.1,0,no_interval_samples,
effectiveness_v3_20260918T065316Z_09e88ab3,dev/splitcifar100/static_search_loose/search_loose_splitcifar100_b16_r200_q320/0,search_loose_splitcifar100_b16_r200_q320,splitcifar100,0,training,1,157314.101507839,157319.706524386,5.605016547022387,70750720,121942528,159383552,159383552,335544320,0,2257289216,0,2037054464,0,2257289216,0,0.1,35,,
effectiveness_v3_20260918T065316Z_09e88ab3,dev/splitcifar100/static_search_loose/search_loose_splitcifar100_b16_r200_q320/0,search_loose_splitcifar100_b16_r200_q320,splitcifar100,0,evaluation,1,157319.770621432,157320.208457721,0.4378362889983691,70750720,114268672,159383552,159383552,335544320,0,2262200320,0,2041965568,0,2262200320,0,0.1,3,,
effectiveness_v3_20260918T065316Z_09e88ab3,dev/splitcifar100/static_search_loose/search_loose_splitcifar100_b16_r200_q320/0,search_loose_splitcifar100_b16_r200_q320,splitcifar100,0,resource_transition,2,157320.239426933,157320.239966702,0.0005397690110839903,70750720,70750720,159383552,159383552,335544320,0,2262200320,0,2041965568,0,0,0,0.1,0,no_interval_samples,
effectiveness_v3_20260918T065316Z_09e88ab3,dev/splitcifar100/static_search_loose/search_loose_splitcifar100_b16_r200_q320/0,search_loose_splitcifar100_b16_r200_q320,splitcifar100,0,training,2,157320.266619174,157326.242033728,5.975414553977316,70750720,121942528,159383552,159383552,335544320,0,2256621568,0,2036386816,0,2262200320,0,0.1,37,,
effectiveness_v3_20260918T065316Z_09e88ab3,dev/splitcifar100/static_search_loose/search_loose_splitcifar100_b16_r200_q320/0,search_loose_splitcifar100_b16_r200_q320,splitcifar100,0,evaluation,2,157326.33647073,157327.014378071,0.677907341014361,70750720,114268672,159383552,159383552,335544320,0,2261303296,0,2041068544,0,2262372352,0,0.1,4,,
effectiveness_v3_20260918T065316Z_09e88ab3,dev/splitcifar100/static_search_loose/search_loose_splitcifar100_b16_r200_q320/0,search_loose_splitcifar100_b16_r200_q320,splitcifar100,0,resource_transition,3,157327.047835802,157327.048415969,0.0005801670195069164,70750720,70750720,159383552,159383552,335544320,0,2261303296,0,2041068544,0,0,0,0.1,0,no_interval_samples,
effectiveness_v3_20260918T065316Z_09e88ab3,dev/splitcifar100/static_search_loose/search_loose_splitcifar100_b16_r200_q320/0,search_loose_splitcifar100_b16_r200_q320,splitcifar100,0,training,3,157327.075688089,157333.018982517,5.943294427997898,70750720,121942528,159383552,159383552,335544320,0,2256695296,0,2036460544,0,2261315584,0,0.1,37,,
effectiveness_v3_20260918T065316Z_09e88ab3,dev/splitcifar100/static_search_loose/search_loose_splitcifar100_b16_r200_q320/0,search_loose_splitcifar100_b16_r200_q320,splitcifar100,0,evaluation,3,157333.084308388,157334.054772931,0.9704645430028904,70750720,114268672,159383552,159383552,335544320,0,2260856832,0,2040622080,0,2261065728,0,0.1,6,,
effectiveness_v3_20260918T065316Z_09e88ab3,dev/splitcifar100/static_search_loose/search_loose_splitcifar100_b16_r200_q320/0,search_loose_splitcifar100_b16_r200_q320,splitcifar100,0,resource_transition,4,157334.090927821,157334.091704821,0.0007770000083837658,70750720,70750720,159383552,159383552,335544320,0,2260860928,0,2040626176,0,0,0,0.1,0,no_interval_samples,
effectiveness_v3_20260918T065316Z_09e88ab3,dev/splitcifar100/static_search_loose/search_loose_splitcifar100_b16_r200_q320/0,search_loose_splitcifar100_b16_r200_q320,splitcifar100,0,training,4,157334.138280165,157340.337475672,6.199195506982505,70750720,121942528,159383552,159383552,335544320,0,2257514496,0,2037279744,0,2260873216,0,0.1,37,,
effectiveness_v3_20260918T065316Z_09e88ab3,dev/splitcifar100/static_search_loose/search_loose_splitcifar100_b16_r200_q320/0,search_loose_splitcifar100_b16_r200_q320,splitcifar100,0,evaluation,4,157340.401602905,157341.577859925,1.176257019978948,70750720,114268672,159383552,159383552,335544320,0,2260828160,0,2040593408,0,2260910080,0,0.1,7,,
effectiveness_v3_20260918T065316Z_09e88ab3,dev/splitcifar100/static_search_loose/search_loose_splitcifar100_b16_r200_q320/0,search_loose_splitcifar100_b16_r200_q320,splitcifar100,0,resource_transition,5,157341.613745342,157341.614378176,0.0006328339804895222,70750720,70750720,159383552,159383552,335544320,0,2260832256,0,2040597504,0,0,0,0.1,0,no_interval_samples,
effectiveness_v3_20260918T065316Z_09e88ab3,dev/splitcifar100/static_search_loose/search_loose_splitcifar100_b16_r200_q320/0,search_loose_splitcifar100_b16_r200_q320,splitcifar100,0,training,5,157341.643453962,157347.535610412,5.89215644999058,70750720,121942528,159383552,159383552,335544320,0,2256756736,0,2036521984,0,2260856832,0,0.1,36,,
effectiveness_v3_20260918T065316Z_09e88ab3,dev/splitcifar100/static_search_loose/search_loose_splitcifar100_b16_r200_q320/0,search_loose_splitcifar100_b16_r200_q320,splitcifar100,0,evaluation,5,157347.621052753,157349.307520136,1.6864673829986714,70750720,114268672,159383552,159383552,335544320,0,2256629760,0,2036395008,0,2260930560,0,0.1,10,,
effectiveness_v3_20260918T065316Z_09e88ab3,dev/splitcifar100/static_search_loose/search_loose_splitcifar100_b16_r200_q320/0,search_loose_splitcifar100_b16_r200_q320,splitcifar100,0,resource_transition,6,157349.349023451,157349.349727609,0.0007041579810902476,70750720,70750720,159383552,159383552,335544320,0,2256633856,0,2036399104,0,0,0,0.1,0,no_interval_samples,
effectiveness_v3_20260918T065316Z_09e88ab3,dev/splitcifar100/static_search_loose/search_loose_splitcifar100_b16_r200_q320/0,search_loose_splitcifar100_b16_r200_q320,splitcifar100,0,training,6,157349.38247036,157355.428601321,6.046130961010931,70750720,121942528,159383552,159383552,335544320,0,2256891904,0,2036657152,0,2257797120,0,0.1,37,,
effectiveness_v3_20260918T065316Z_09e88ab3,dev/splitcifar100/static_search_loose/search_loose_splitcifar100_b16_r200_q320/0,search_loose_splitcifar100_b16_r200_q320,splitcifar100,0,evaluation,6,157355.499211279,157357.284292299,1.7850810200034175,70750720,114268672,159383552,159383552,335544320,0,2261114880,0,2040880128,0,2261118976,0,0.1,11,,
effectiveness_v3_20260918T065316Z_09e88ab3,dev/splitcifar100/static_search_loose/search_loose_splitcifar100_b16_r200_q320/0,search_loose_splitcifar100_b16_r200_q320,splitcifar100,0,resource_transition,7,157357.326898374,157357.327617356,0.0007189819880295545,70750720,70750720,159383552,159383552,335544320,0,2261114880,0,2040880128,0,0,0,0.1,0,no_interval_samples,
effectiveness_v3_20260918T065316Z_09e88ab3,dev/splitcifar100/static_search_loose/search_loose_splitcifar100_b16_r200_q320/0,search_loose_splitcifar100_b16_r200_q320,splitcifar100,0,training,7,157357.357658662,157363.382160232,6.024501570005668,70750720,121942528,159383552,159383552,335544320,0,2256932864,0,2036698112,0,2261487616,0,0.1,37,,
effectiveness_v3_20260918T065316Z_09e88ab3,dev/splitcifar100/static_search_loose/search_loose_splitcifar100_b16_r200_q320/0,search_loose_splitcifar100_b16_r200_q320,splitcifar100,0,evaluation,7,157363.452655375,157365.70859674,2.2559413650014903,70750720,114268672,159383552,159383552,335544320,0,2256859136,0,2036624384,0,2261090304,0,0.1,13,,
effectiveness_v3_20260918T065316Z_09e88ab3,dev/splitcifar100/static_search_loose/search_loose_splitcifar100_b16_r200_q320/0,search_loose_splitcifar100_b16_r200_q320,splitcifar100,0,resource_transition,8,157365.750863821,157365.751735701,0.000871879979968071,70750720,70750720,159383552,159383552,335544320,0,2256859136,0,2036624384,0,0,0,0.1,0,no_interval_samples,
effectiveness_v3_20260918T065316Z_09e88ab3,dev/splitcifar100/static_search_loose/search_loose_splitcifar100_b16_r200_q320/0,search_loose_splitcifar100_b16_r200_q320,splitcifar100,0,training,8,157365.817849447,157371.899160042,6.0813105950073805,70750720,121942528,159383552,159383552,335544320,0,2257031168,0,2036796416,0,2257899520,0,0.1,37,,
effectiveness_v3_20260918T065316Z_09e88ab3,dev/splitcifar100/static_search_loose/search_loose_splitcifar100_b16_r200_q320/0,search_loose_splitcifar100_b16_r200_q320,splitcifar100,0,evaluation,8,157371.983872868,157374.450016156,2.4661432880093344,70750720,114268672,159383552,159383552,335544320,0,2256973824,0,2036739072,0,2261209088,0,0.1,15,,
effectiveness_v3_20260918T065316Z_09e88ab3,dev/splitcifar100/static_search_loose/search_loose_splitcifar100_b16_r200_q320/0,search_loose_splitcifar100_b16_r200_q320,splitcifar100,0,resource_transition,9,157374.49258834,157374.493273618,0.000685277977026999,70750720,70750720,159383552,159383552,335544320,0,2256977920,0,2036743168,0,0,0,0.1,0,no_interval_samples,
effectiveness_v3_20260918T065316Z_09e88ab3,dev/splitcifar100/static_search_loose/search_loose_splitcifar100_b16_r200_q320/0,search_loose_splitcifar100_b16_r200_q320,splitcifar100,0,training,9,157374.524600756,157380.657829953,6.133229197002947,70750720,121942528,159383552,159383552,335544320,0,2257883136,0,2037648384,0,2257977344,0,0.1,38,,
effectiveness_v3_20260918T065316Z_09e88ab3,dev/splitcifar100/static_search_loose/search_loose_splitcifar100_b16_r200_q320/0,search_loose_splitcifar100_b16_r200_q320,splitcifar100,0,evaluation,9,157380.723003692,157383.704087717,2.9810840249992907,70750720,114268672,159383552,159383552,335544320,0,2256969728,0,2036734976,0,2261221376,0,0.1,18,,
effectiveness_v3_20260918T065440Z_b6aee39a,dev/splitcifar100/static_search_loose/search_loose_splitcifar100_b16_r2000_q320/0,search_loose_splitcifar100_b16_r2000_q320,splitcifar100,0,setup,,157390.822448305,157392.013503193,1.191054888011422,1408512,1408512,2097152,2097152,335544320,0,1535045632,0,1314847744,0,1531310080,0,0.1,9,,
effectiveness_v3_20260918T065440Z_b6aee39a,dev/splitcifar100/static_search_loose/search_loose_splitcifar100_b16_r2000_q320/0,search_loose_splitcifar100_b16_r2000_q320,splitcifar100,0,resource_transition,0,157392.034491128,157392.034934979,0.00044385099317878485,1408512,1408512,2097152,2097152,335544320,0,1535078400,0,1314847744,0,0,0,0.1,0,no_interval_samples,
effectiveness_v3_20260918T065440Z_b6aee39a,dev/splitcifar100/static_search_loose/search_loose_splitcifar100_b16_r2000_q320/0,search_loose_splitcifar100_b16_r2000_q320,splitcifar100,0,training,0,157392.054308757,157397.431327777,5.377019020001171,70750720,95481344,117440512,117440512,335544320,0,2207461376,0,1987230720,0,2209013760,0,0.1,35,,
effectiveness_v3_20260918T065440Z_b6aee39a,dev/splitcifar100/static_search_loose/search_loose_splitcifar100_b16_r2000_q320/0,search_loose_splitcifar100_b16_r2000_q320,splitcifar100,0,evaluation,0,157397.496303686,157397.72229427,0.22599058400373906,70750720,114268672,159383552,159383552,335544320,0,2260287488,0,2040056832,0,2258980864,0,0.1,1,,
effectiveness_v3_20260918T065440Z_b6aee39a,dev/splitcifar100/static_search_loose/search_loose_splitcifar100_b16_r2000_q320/0,search_loose_splitcifar100_b16_r2000_q320,splitcifar100,0,resource_transition,1,157397.750863594,157397.751407112,0.000543517991900444,70750720,70750720,159383552,159383552,335544320,0,2260287488,0,2040056832,0,0,0,0.1,0,no_interval_samples,
effectiveness_v3_20260918T065440Z_b6aee39a,dev/splitcifar100/static_search_loose/search_loose_splitcifar100_b16_r2000_q320/0,search_loose_splitcifar100_b16_r2000_q320,splitcifar100,0,training,1,157397.789666371,157403.476450587,5.686784215999069,70750720,121942528,159383552,159383552,335544320,0,2256064512,0,2035833856,0,2262487040,0,0.1,36,,
effectiveness_v3_20260918T065440Z_b6aee39a,dev/splitcifar100/static_search_loose/search_loose_splitcifar100_b16_r2000_q320/0,search_loose_splitcifar100_b16_r2000_q320,splitcifar100,0,evaluation,1,157403.539018116,157403.949088525,0.41007040900876746,70750720,114268672,159383552,159383552,335544320,0,2260688896,0,2040458240,0,2262753280,0,0.1,2,,
effectiveness_v3_20260918T065440Z_b6aee39a,dev/splitcifar100/static_search_loose/search_loose_splitcifar100_b16_r2000_q320/0,search_loose_splitcifar100_b16_r2000_q320,splitcifar100,0,resource_transition,2,157403.980551054,157403.981075202,0.0005241479957476258,70750720,70750720,159383552,159383552,335544320,0,2260688896,0,2040458240,0,0,0,0.1,0,no_interval_samples,
effectiveness_v3_20260918T065440Z_b6aee39a,dev/splitcifar100/static_search_loose/search_loose_splitcifar100_b16_r2000_q320/0,search_loose_splitcifar100_b16_r2000_q320,splitcifar100,0,training,2,157404.007861656,157409.806292813,5.798431157018058,70750720,121942528,159383552,159383552,335544320,0,2256343040,0,2036112384,0,2257149952,0,0.1,35,,
effectiveness_v3_20260918T065440Z_b6aee39a,dev/splitcifar100/static_search_loose/search_loose_splitcifar100_b16_r2000_q320/0,search_loose_splitcifar100_b16_r2000_q320,splitcifar100,0,evaluation,2,157409.889526135,157410.54484131,0.6553151750122197,70750720,114268672,159383552,159383552,335544320,0,2260496384,0,2040265728,0,2260525056,0,0.1,4,,
effectiveness_v3_20260918T065440Z_b6aee39a,dev/splitcifar100/static_search_loose/search_loose_splitcifar100_b16_r2000_q320/0,search_loose_splitcifar100_b16_r2000_q320,splitcifar100,0,resource_transition,3,157410.577437216,157410.577986253,0.0005490369803737849,70750720,70750720,159383552,159383552,335544320,0,2260496384,0,2040265728,0,0,0,0.1,0,no_interval_samples,
effectiveness_v3_20260918T065440Z_b6aee39a,dev/splitcifar100/static_search_loose/search_loose_splitcifar100_b16_r2000_q320/0,search_loose_splitcifar100_b16_r2000_q320,splitcifar100,0,training,3,157410.605100457,157416.646584145,6.041483687993605,70750720,121942528,159383552,159383552,335544320,0,2256584704,0,2036354048,0,2260496384,0,0.1,36,,
effectiveness_v3_20260918T065440Z_b6aee39a,dev/splitcifar100/static_search_loose/search_loose_splitcifar100_b16_r2000_q320/0,search_loose_splitcifar100_b16_r2000_q320,splitcifar100,0,evaluation,3,157416.734335977,157417.589568556,0.8552325789933093,70750720,114268672,159383552,159383552,335544320,0,2260774912,0,2040544256,0,2260774912,0,0.1,5,,
effectiveness_v3_20260918T065440Z_b6aee39a,dev/splitcifar100/static_search_loose/search_loose_splitcifar100_b16_r2000_q320/0,search_loose_splitcifar100_b16_r2000_q320,splitcifar100,0,resource_transition,4,157417.622726213,157417.623264491,0.0005382779927458614,70750720,70750720,159383552,159383552,335544320,0,2260774912,0,2040544256,0,0,0,0.1,0,no_interval_samples,
effectiveness_v3_20260918T065440Z_b6aee39a,dev/splitcifar100/static_search_loose/search_loose_splitcifar100_b16_r2000_q320/0,search_loose_splitcifar100_b16_r2000_q320,splitcifar100,0,training,4,157417.650900148,157423.724362201,6.073462052998366,70750720,121942528,159383552,159383552,335544320,0,2256855040,0,2036624384,0,2260774912,0,0.1,38,,
effectiveness_v3_20260918T065440Z_b6aee39a,dev/splitcifar100/static_search_loose/search_loose_splitcifar100_b16_r2000_q320/0,search_loose_splitcifar100_b16_r2000_q320,splitcifar100,0,evaluation,4,157423.785125739,157424.897882924,1.1127571850083768,70750720,114268672,159383552,159383552,335544320,0,2260692992,0,2040462336,0,2260713472,0,0.1,7,,
effectiveness_v3_20260918T065440Z_b6aee39a,dev/splitcifar100/static_search_loose/search_loose_splitcifar100_b16_r2000_q320/0,search_loose_splitcifar100_b16_r2000_q320,splitcifar100,0,resource_transition,5,157424.931575999,157424.932175471,0.0005994719977024943,70750720,70750720,159383552,159383552,335544320,0,2260692992,0,2040462336,0,0,0,0.1,0,no_interval_samples,
effectiveness_v3_20260918T065440Z_b6aee39a,dev/splitcifar100/static_search_loose/search_loose_splitcifar100_b16_r2000_q320/0,search_loose_splitcifar100_b16_r2000_q320,splitcifar100,0,training,5,157424.959821148,157431.047280681,6.087459533009678,70750720,121942528,159383552,159383552,335544320,0,2256519168,0,2036288512,0,2260692992,0,0.1,38,,
effectiveness_v3_20260918T065440Z_b6aee39a,dev/splitcifar100/static_search_loose/search_loose_splitcifar100_b16_r2000_q320/0,search_loose_splitcifar100_b16_r2000_q320,splitcifar100,0,evaluation,5,157431.109979599,157432.546712033,1.4367324340273626,70750720,114268672,159383552,159383552,335544320,0,2261213184,0,2040982528,0,2262212608,0,0.1,9,,
effectiveness_v3_20260918T065440Z_b6aee39a,dev/splitcifar100/static_search_loose/search_loose_splitcifar100_b16_r2000_q320/0,search_loose_splitcifar100_b16_r2000_q320,splitcifar100,0,resource_transition,6,157432.582466051,157432.583025894,0.0005598429997917265,70750720,70750720,159383552,159383552,335544320,0,2261213184,0,2040982528,0,0,0,0.1,0,no_interval_samples,
effectiveness_v3_20260918T065440Z_b6aee39a,dev/splitcifar100/static_search_loose/search_loose_splitcifar100_b16_r2000_q320/0,search_loose_splitcifar100_b16_r2000_q320,splitcifar100,0,training,6,157432.611681477,157438.690444519,6.078763041994534,70750720,121942528,159383552,159383552,335544320,0,2256613376,0,2036382720,0,2261213184,0,0.1,38,,
effectiveness_v3_20260918T065440Z_b6aee39a,dev/splitcifar100/static_search_loose/search_loose_splitcifar100_b16_r2000_q320/0,search_loose_splitcifar100_b16_r2000_q320,splitcifar100,0,evaluation,6,157438.753736788,157440.494298602,1.7405618139891885,70750720,114268672,159383552,159383552,335544320,0,2261245952,0,2041015296,0,2262253568,0,0.1,10,,
effectiveness_v3_20260918T065440Z_b6aee39a,dev/splitcifar100/static_search_loose/search_loose_splitcifar100_b16_r2000_q320/0,search_loose_splitcifar100_b16_r2000_q320,splitcifar100,0,resource_transition,7,157440.531055499,157440.53167799,0.0006224909739103168,70750720,70750720,159383552,159383552,335544320,0,2261245952,0,2041015296,0,0,0,0.1,0,no_interval_samples,
effectiveness_v3_20260918T065440Z_b6aee39a,dev/splitcifar100/static_search_loose/search_loose_splitcifar100_b16_r2000_q320/0,search_loose_splitcifar100_b16_r2000_q320,splitcifar100,0,training,7,157440.561962406,157446.682506767,6.120544361008797,70750720,121942528,159383552,159383552,335544320,0,2256592896,0,2036362240,0,2261245952,0,0.1,38,,
effectiveness_v3_20260918T065440Z_b6aee39a,dev/splitcifar100/static_search_loose/search_loose_splitcifar100_b16_r2000_q320/0,search_loose_splitcifar100_b16_r2000_q320,splitcifar100,0,evaluation,7,157446.75592562,157448.948594305,2.1926686849910766,70750720,114268672,159383552,159383552,335544320,0,2256527360,0,2036296704,0,2260779008,0,0.1,13,,
effectiveness_v3_20260918T065440Z_b6aee39a,dev/splitcifar100/static_search_loose/search_loose_splitcifar100_b16_r2000_q320/0,search_loose_splitcifar100_b16_r2000_q320,splitcifar100,0,resource_transition,8,157448.98815513,157448.988813935,0.0006588049873244017,70750720,70750720,159383552,159383552,335544320,0,2256527360,0,2036296704,0,0,0,0.1,0,no_interval_samples,
effectiveness_v3_20260918T065440Z_b6aee39a,dev/splitcifar100/static_search_loose/search_loose_splitcifar100_b16_r2000_q320/0,search_loose_splitcifar100_b16_r2000_q320,splitcifar100,0,training,8,157449.038221175,157455.192275675,6.154054500017082,70750720,121942528,159383552,159383552,335544320,0,2256596992,0,2036366336,0,2257526784,0,0.1,38,,
effectiveness_v3_20260918T065440Z_b6aee39a,dev/splitcifar100/static_search_loose/search_loose_splitcifar100_b16_r2000_q320/0,search_loose_splitcifar100_b16_r2000_q320,splitcifar100,0,evaluation,8,157455.253216518,157457.645759719,2.3925432009855285,70750720,114268672,159383552,159383552,335544320,0,2260758528,0,2040527872,0,2260779008,0,0.1,15,,
effectiveness_v3_20260918T065440Z_b6aee39a,dev/splitcifar100/static_search_loose/search_loose_splitcifar100_b16_r2000_q320/0,search_loose_splitcifar100_b16_r2000_q320,splitcifar100,0,resource_transition,9,157457.68379407,157457.684466283,0.0006722130056004971,70750720,70750720,159383552,159383552,335544320,0,2260758528,0,2040527872,0,0,0,0.1,0,no_interval_samples,
effectiveness_v3_20260918T065440Z_b6aee39a,dev/splitcifar100/static_search_loose/search_loose_splitcifar100_b16_r2000_q320/0,search_loose_splitcifar100_b16_r2000_q320,splitcifar100,0,training,9,157457.71396944,157463.522624837,5.808655397006078,70750720,121942528,159383552,159383552,335544320,0,2256633856,0,2036403200,0,2260758528,0,0.1,36,,
effectiveness_v3_20260918T065440Z_b6aee39a,dev/splitcifar100/static_search_loose/search_loose_splitcifar100_b16_r2000_q320/0,search_loose_splitcifar100_b16_r2000_q320,splitcifar100,0,evaluation,9,157463.585535987,157466.030220425,2.4446844379999675,70750720,114268672,159383552,159383552,335544320,0,2260795392,0,2040564736,0,2261319680,0,0.1,15,,
effectiveness_v3_20260918T065602Z_2e52079b,dev/splitcifar100/static_search_loose/search_loose_splitcifar100_b64_r200_q320/0,search_loose_splitcifar100_b64_r200_q320,splitcifar100,0,setup,,157473.140259772,157474.336181552,1.1959217800176702,1408512,1408512,2097152,2097152,335544320,0,1535090688,0,1314860032,0,1531289600,0,0.1,8,,
effectiveness_v3_20260918T065602Z_2e52079b,dev/splitcifar100/static_search_loose/search_loose_splitcifar100_b64_r200_q320/0,search_loose_splitcifar100_b64_r200_q320,splitcifar100,0,resource_transition,0,157474.358266302,157474.358682914,0.00041661199065856636,1408512,1408512,2097152,2097152,335544320,0,1535094784,0,1314872320,0,0,0,0.1,0,no_interval_samples,
effectiveness_v3_20260918T065602Z_2e52079b,dev/splitcifar100/static_search_loose/search_loose_splitcifar100_b64_r200_q320/0,search_loose_splitcifar100_b64_r200_q320,splitcifar100,0,training,0,157474.380964488,157476.690915796,2.309951308008749,70750720,182941184,264241152,264241152,335544320,0,2289008640,0,2068773888,0,2286927872,0,0.1,14,,
effectiveness_v3_20260918T065602Z_2e52079b,dev/splitcifar100/static_search_loose/search_loose_splitcifar100_b64_r200_q320/0,search_loose_splitcifar100_b64_r200_q320,splitcifar100,0,evaluation,0,157476.752473934,157476.956979309,0.2045053750043735,70750720,114268672,264241152,264241152,335544320,0,2343305216,0,2123070464,0,2341748736,0,0.1,1,,
effectiveness_v3_20260918T065602Z_2e52079b,dev/splitcifar100/static_search_loose/search_loose_splitcifar100_b64_r200_q320/0,search_loose_splitcifar100_b64_r200_q320,splitcifar100,0,resource_transition,1,157476.985424457,157476.985884994,0.0004605370049830526,70750720,70750720,264241152,264241152,335544320,0,2343305216,0,2123070464,0,0,0,0.1,0,no_interval_samples,
effectiveness_v3_20260918T065602Z_2e52079b,dev/splitcifar100/static_search_loose/search_loose_splitcifar100_b64_r200_q320/0,search_loose_splitcifar100_b64_r200_q320,splitcifar100,0,training,1,157477.01063418,157479.529911157,2.519276976992842,70750720,306859008,260046848,331350016,335544320,0,2366582784,0,2145942528,0,2370838528,0,0.1,15,,
effectiveness_v3_20260918T065602Z_2e52079b,dev/splitcifar100/static_search_loose/search_loose_splitcifar100_b64_r200_q320/0,search_loose_splitcifar100_b64_r200_q320,splitcifar100,0,evaluation,1,157479.58331423,157479.933214366,0.34990013600327075,70750720,114268672,260046848,260046848,335544320,0,2369851392,0,2149211136,0,2370953216,0,0.1,2,,
effectiveness_v3_20260918T065602Z_2e52079b,dev/splitcifar100/static_search_loose/search_loose_splitcifar100_b64_r200_q320/0,search_loose_splitcifar100_b64_r200_q320,splitcifar100,0,resource_transition,2,157479.961615061,157479.962098348,0.00048328700358979404,70750720,70750720,260046848,260046848,335544320,0,2369851392,0,2149211136,0,0,0,0.1,0,no_interval_samples,
effectiveness_v3_20260918T065602Z_2e52079b,dev/splitcifar100/static_search_loose/search_loose_splitcifar100_b64_r200_q320/0,search_loose_splitcifar100_b64_r200_q320,splitcifar100,0,training,2,157479.986747385,157482.288536452,2.301789066987112,70750720,284191744,301989888,301989888,335544320,0,2368835584,0,2148195328,0,2369904640,0,0.1,14,,
effectiveness_v3_20260918T065602Z_2e52079b,dev/splitcifar100/static_search_loose/search_loose_splitcifar100_b64_r200_q320/0,search_loose_splitcifar100_b64_r200_q320,splitcifar100,0,evaluation,2,157482.343934462,157482.92441624,0.5804817780153826,70750720,114268672,301989888,301989888,335544320,0,2370813952,0,2150173696,0,2370813952,0,0.1,4,,
effectiveness_v3_20260918T065602Z_2e52079b,dev/splitcifar100/static_search_loose/search_loose_splitcifar100_b64_r200_q320/0,search_loose_splitcifar100_b64_r200_q320,splitcifar100,0,resource_transition,3,157482.956037795,157482.956559175,0.0005213800177443773,70750720,70750720,301989888,301989888,335544320,0,2370813952,0,2150173696,0,0,0,0.1,0,no_interval_samples,
effectiveness_v3_20260918T065602Z_2e52079b,dev/splitcifar100/static_search_loose/search_loose_splitcifar100_b64_r200_q320/0,search_loose_splitcifar100_b64_r200_q320,splitcifar100,0,training,3,157482.983200109,157485.190486925,2.207286816003034,70750720,284191744,301989888,301989888,335544320,0,2368966656,0,2148326400,0,2370904064,0,0.1,13,,
effectiveness_v3_20260918T065602Z_2e52079b,dev/splitcifar100/static_search_loose/search_loose_splitcifar100_b64_r200_q320/0,search_loose_splitcifar100_b64_r200_q320,splitcifar100,0,evaluation,3,157485.249584452,157486.005624033,0.7560395809996407,70750720,114268672,301989888,301989888,335544320,0,2370551808,0,2149911552,0,2370551808,0,0.1,4,,
effectiveness_v3_20260918T065602Z_2e52079b,dev/splitcifar100/static_search_loose/search_loose_splitcifar100_b64_r200_q320/0,search_loose_splitcifar100_b64_r200_q320,splitcifar100,0,resource_transition,4,157486.062924164,157486.063489071,0.0005649070080835372,70750720,70750720,301989888,301989888,335544320,0,2370555904,0,2149915648,0,0,0,0.1,0,no_interval_samples,
effectiveness_v3_20260918T065602Z_2e52079b,dev/splitcifar100/static_search_loose/search_loose_splitcifar100_b64_r200_q320/0,search_loose_splitcifar100_b64_r200_q320,splitcifar100,0,training,4,157486.092192748,157488.358562743,2.266369994991692,70750720,284191744,301989888,301989888,335544320,0,2368446464,0,2147806208,0,2371031040,0,0.1,13,,
effectiveness_v3_20260918T065602Z_2e52079b,dev/splitcifar100/static_search_loose/search_loose_splitcifar100_b64_r200_q320/0,search_loose_splitcifar100_b64_r200_q320,splitcifar100,0,evaluation,4,157488.410100485,157489.384172616,0.9740721310081426,70750720,114268672,301989888,301989888,335544320,0,2370949120,0,2150308864,0,2370949120,0,0.1,6,,
effectiveness_v3_20260918T065602Z_2e52079b,dev/splitcifar100/static_search_loose/search_loose_splitcifar100_b64_r200_q320/0,search_loose_splitcifar100_b64_r200_q320,splitcifar100,0,resource_transition,5,157489.417857976,157489.418434096,0.0005761200154665858,70750720,70750720,301989888,301989888,335544320,0,2370953216,0,2150312960,0,0,0,0.1,0,no_interval_samples,
effectiveness_v3_20260918T065602Z_2e52079b,dev/splitcifar100/static_search_loose/search_loose_splitcifar100_b64_r200_q320/0,search_loose_splitcifar100_b64_r200_q320,splitcifar100,0,training,5,157489.446389568,157491.920589007,2.4741994389914908,70750720,284191744,301989888,301989888,335544320,0,2366836736,0,2146196480,0,2370957312,0,0.1,13,,
effectiveness_v3_20260918T065602Z_2e52079b,dev/splitcifar100/static_search_loose/search_loose_splitcifar100_b64_r200_q320/0,search_loose_splitcifar100_b64_r200_q320,splitcifar100,0,evaluation,5,157491.988745435,157493.212249544,1.2235041090170853,70750720,114268672,301989888,301989888,335544320,0,2369441792,0,2148801536,0,2370981888,0,0.1,7,,
effectiveness_v3_20260918T065602Z_2e52079b,dev/splitcifar100/static_search_loose/search_loose_splitcifar100_b64_r200_q320/0,search_loose_splitcifar100_b64_r200_q320,splitcifar100,0,resource_transition,6,157493.255633812,157493.25624396,0.0006101480103097856,70750720,70750720,301989888,301989888,335544320,0,2369441792,0,2148801536,0,0,0,0.1,0,no_interval_samples,
effectiveness_v3_20260918T065602Z_2e52079b,dev/splitcifar100/static_search_loose/search_loose_splitcifar100_b64_r200_q320/0,search_loose_splitcifar100_b64_r200_q320,splitcifar100,0,training,6,157493.2835417,157495.604480301,2.32093860101304,70750720,284191744,301989888,301989888,335544320,0,2366853120,0,2146212864,0,2369900544,0,0.1,14,,
effectiveness_v3_20260918T065602Z_2e52079b,dev/splitcifar100/static_search_loose/search_loose_splitcifar100_b64_r200_q320/0,search_loose_splitcifar100_b64_r200_q320,splitcifar100,0,evaluation,6,157495.654397487,157497.064319905,1.4099224180099554,70750720,114268672,301989888,301989888,335544320,0,2369990656,0,2149350400,0,2370617344,0,0.1,9,,
effectiveness_v3_20260918T065602Z_2e52079b,dev/splitcifar100/static_search_loose/search_loose_splitcifar100_b64_r200_q320/0,search_loose_splitcifar100_b64_r200_q320,splitcifar100,0,resource_transition,7,157497.098033878,157497.098588008,0.000554130005184561,70750720,70750720,301989888,301989888,335544320,0,2369990656,0,2149350400,0,0,0,0.1,0,no_interval_samples,
effectiveness_v3_20260918T065602Z_2e52079b,dev/splitcifar100/static_search_loose/search_loose_splitcifar100_b64_r200_q320/0,search_loose_splitcifar100_b64_r200_q320,splitcifar100,0,training,7,157497.126430462,157499.425879239,2.2994487769901752,70750720,284191744,301989888,301989888,335544320,0,2369134592,0,2148494336,0,2370142208,0,0.1,14,,
effectiveness_v3_20260918T065602Z_2e52079b,dev/splitcifar100/static_search_loose/search_loose_splitcifar100_b64_r200_q320/0,search_loose_splitcifar100_b64_r200_q320,splitcifar100,0,evaluation,7,157499.479704877,157501.237003875,1.7572989979817066,70750720,114268672,301989888,301989888,335544320,0,2370048000,0,2149407744,0,2371100672,0,0.1,11,,
effectiveness_v3_20260918T065602Z_2e52079b,dev/splitcifar100/static_search_loose/search_loose_splitcifar100_b64_r200_q320/0,search_loose_splitcifar100_b64_r200_q320,splitcifar100,0,resource_transition,8,157501.272702754,157501.273333782,0.0006310280004981905,70750720,70750720,301989888,301989888,335544320,0,2370048000,0,2149407744,0,0,0,0.1,0,no_interval_samples,
effectiveness_v3_20260918T065602Z_2e52079b,dev/splitcifar100/static_search_loose/search_loose_splitcifar100_b64_r200_q320/0,search_loose_splitcifar100_b64_r200_q320,splitcifar100,0,training,8,157501.302084698,157503.587289642,2.285204943997087,70750720,284191744,301989888,301989888,335544320,0,2366992384,0,2146352128,0,2370088960,0,0.1,14,,
effectiveness_v3_20260918T065602Z_2e52079b,dev/splitcifar100/static_search_loose/search_loose_splitcifar100_b64_r200_q320/0,search_loose_splitcifar100_b64_r200_q320,splitcifar100,0,evaluation,8,157503.639401124,157505.75625707,2.1168559459911194,70750720,114268672,301989888,301989888,335544320,0,2369249280,0,2148609024,0,2372915200,0,0.1,13,,
effectiveness_v3_20260918T065602Z_2e52079b,dev/splitcifar100/static_search_loose/search_loose_splitcifar100_b64_r200_q320/0,search_loose_splitcifar100_b64_r200_q320,splitcifar100,0,resource_transition,9,157505.79507919,157505.79578343,0.0007042399956844747,70750720,70750720,301989888,301989888,335544320,0,2369253376,0,2148613120,0,0,0,0.1,0,no_interval_samples,
effectiveness_v3_20260918T065602Z_2e52079b,dev/splitcifar100/static_search_loose/search_loose_splitcifar100_b64_r200_q320/0,search_loose_splitcifar100_b64_r200_q320,splitcifar100,0,training,9,157505.826944115,157508.192300413,2.365356298018014,70750720,284191744,301989888,301989888,335544320,0,2369204224,0,2148563968,0,2370113536,0,0.1,14,,
effectiveness_v3_20260918T065602Z_2e52079b,dev/splitcifar100/static_search_loose/search_loose_splitcifar100_b64_r200_q320/0,search_loose_splitcifar100_b64_r200_q320,splitcifar100,0,evaluation,9,157508.246903933,157510.704347564,2.457443630992202,70750720,114268672,301989888,301989888,335544320,0,2365607936,0,2144967680,0,2371158016,0,0.1,15,,
effectiveness_v3_20260918T065647Z_f82fb9c8,dev/splitcifar100/static_search_loose/search_loose_splitcifar100_b64_r2000_q320/0,search_loose_splitcifar100_b64_r2000_q320,splitcifar100,0,setup,,157517.76970859,157518.95279283,1.1830842400086112,1408512,1408512,2097152,2097152,335544320,0,1535066112,0,1314860032,0,1528164352,0,0.1,7,,
effectiveness_v3_20260918T065647Z_f82fb9c8,dev/splitcifar100/static_search_loose/search_loose_splitcifar100_b64_r2000_q320/0,search_loose_splitcifar100_b64_r2000_q320,splitcifar100,0,resource_transition,0,157518.977127117,157518.977586709,0.00045959200360812247,1408512,1408512,2097152,2097152,335544320,0,1535094784,0,1314872320,0,0,0,0.1,0,no_interval_samples,
effectiveness_v3_20260918T065647Z_f82fb9c8,dev/splitcifar100/static_search_loose/search_loose_splitcifar100_b64_r2000_q320/0,search_loose_splitcifar100_b64_r2000_q320,splitcifar100,0,training,0,157518.996730459,157521.422859829,2.426129369996488,70750720,182941184,264241152,264241152,335544320,0,2289209344,0,2068974592,0,2289332224,0,0.1,15,,
effectiveness_v3_20260918T065647Z_f82fb9c8,dev/splitcifar100/static_search_loose/search_loose_splitcifar100_b64_r2000_q320/0,search_loose_splitcifar100_b64_r2000_q320,splitcifar100,0,evaluation,0,157521.487971822,157521.689250193,0.20127837100881152,70750720,114268672,264241152,264241152,335544320,0,2343440384,0,2123205632,0,2341408768,0,0.1,1,,
effectiveness_v3_20260918T065647Z_f82fb9c8,dev/splitcifar100/static_search_loose/search_loose_splitcifar100_b64_r2000_q320/0,search_loose_splitcifar100_b64_r2000_q320,splitcifar100,0,resource_transition,1,157521.719289017,157521.719752878,0.0004638610116671771,70750720,70750720,264241152,264241152,335544320,0,2343440384,0,2123205632,0,0,0,0.1,0,no_interval_samples,
effectiveness_v3_20260918T065647Z_f82fb9c8,dev/splitcifar100/static_search_loose/search_loose_splitcifar100_b64_r2000_q320/0,search_loose_splitcifar100_b64_r2000_q320,splitcifar100,0,training,1,157521.746458664,157524.250540652,2.504081987979589,70750720,306859008,260046848,335544320,335544320,0,2367524864,0,2146884608,0,2369380352,0,0.1,15,,
effectiveness_v3_20260918T065647Z_f82fb9c8,dev/splitcifar100/static_search_loose/search_loose_splitcifar100_b64_r2000_q320/0,search_loose_splitcifar100_b64_r2000_q320,splitcifar100,0,evaluation,1,157524.304941468,157524.646121811,0.34118034300627187,70750720,114268672,260046848,260046848,335544320,0,2374201344,0,2153561088,0,2374201344,0,0.1,2,,
effectiveness_v3_20260918T065647Z_f82fb9c8,dev/splitcifar100/static_search_loose/search_loose_splitcifar100_b64_r2000_q320/0,search_loose_splitcifar100_b64_r2000_q320,splitcifar100,0,resource_transition,2,157524.674694551,157524.675186783,0.0004922319785691798,70750720,70750720,260046848,260046848,335544320,0,2374201344,0,2153561088,0,0,0,0.1,0,no_interval_samples,
effectiveness_v3_20260918T065647Z_f82fb9c8,dev/splitcifar100/static_search_loose/search_loose_splitcifar100_b64_r2000_q320/0,search_loose_splitcifar100_b64_r2000_q320,splitcifar100,0,training,2,157524.70116368,157527.000491625,2.2993279449874535,70750720,284191744,301989888,301989888,335544320,0,2367852544,0,2147212288,0,2374201344,0,0.1,14,,
effectiveness_v3_20260918T065647Z_f82fb9c8,dev/splitcifar100/static_search_loose/search_loose_splitcifar100_b64_r2000_q320/0,search_loose_splitcifar100_b64_r2000_q320,splitcifar100,0,evaluation,2,157527.049352284,157527.52554644,0.476194156013662,70750720,114268672,301989888,301989888,335544320,0,2370523136,0,2149882880,0,2371727360,0,0.1,3,,
effectiveness_v3_20260918T065647Z_f82fb9c8,dev/splitcifar100/static_search_loose/search_loose_splitcifar100_b64_r2000_q320/0,search_loose_splitcifar100_b64_r2000_q320,splitcifar100,0,resource_transition,3,157527.551861708,157527.552387236,0.0005255280120763928,70750720,70750720,301989888,301989888,335544320,0,2370523136,0,2149882880,0,0,0,0.1,0,no_interval_samples,
effectiveness_v3_20260918T065647Z_f82fb9c8,dev/splitcifar100/static_search_loose/search_loose_splitcifar100_b64_r2000_q320/0,search_loose_splitcifar100_b64_r2000_q320,splitcifar100,0,training,3,157527.576956374,157529.86137568,2.2844193060009275,70750720,284191744,301989888,301989888,335544320,0,2368274432,0,2147634176,0,2372194304,0,0.1,15,,
effectiveness_v3_20260918T065647Z_f82fb9c8,dev/splitcifar100/static_search_loose/search_loose_splitcifar100_b64_r2000_q320/0,search_loose_splitcifar100_b64_r2000_q320,splitcifar100,0,evaluation,3,157529.908430459,157530.577065051,0.6686345920024905,70750720,114268672,301989888,301989888,335544320,0,2375053312,0,2154417152,0,2374983680,0,0.1,4,,
effectiveness_v3_20260918T065647Z_f82fb9c8,dev/splitcifar100/static_search_loose/search_loose_splitcifar100_b64_r2000_q320/0,search_loose_splitcifar100_b64_r2000_q320,splitcifar100,0,resource_transition,4,157530.623260256,157530.62387446,0.0006142040074337274,70750720,70750720,301989888,301989888,335544320,0,2375057408,0,2154417152,0,0,0,0.1,0,no_interval_samples,
effectiveness_v3_20260918T065647Z_f82fb9c8,dev/splitcifar100/static_search_loose/search_loose_splitcifar100_b64_r2000_q320/0,search_loose_splitcifar100_b64_r2000_q320,splitcifar100,0,training,4,157530.653118266,157532.948317119,2.295198853011243,70750720,284191744,301989888,301989888,335544320,0,2368303104,0,2147662848,0,2375057408,0,0.1,14,,
effectiveness_v3_20260918T065647Z_f82fb9c8,dev/splitcifar100/static_search_loose/search_loose_splitcifar100_b64_r2000_q320/0,search_loose_splitcifar100_b64_r2000_q320,splitcifar100,0,evaluation,4,157532.998173943,157533.978095765,0.9799218219995964,70750720,114268672,301989888,301989888,335544320,0,2375012352,0,2154372096,0,2375012352,0,0.1,6,,
effectiveness_v3_20260918T065647Z_f82fb9c8,dev/splitcifar100/static_search_loose/search_loose_splitcifar100_b64_r2000_q320/0,search_loose_splitcifar100_b64_r2000_q320,splitcifar100,0,resource_transition,5,157534.010935071,157534.011512053,0.0005769819836132228,70750720,70750720,301989888,301989888,335544320,0,2375012352,0,2154372096,0,0,0,0.1,0,no_interval_samples,
effectiveness_v3_20260918T065647Z_f82fb9c8,dev/splitcifar100/static_search_loose/search_loose_splitcifar100_b64_r2000_q320/0,search_loose_splitcifar100_b64_r2000_q320,splitcifar100,0,training,5,157534.041792674,157536.318304527,2.2765118530078325,70750720,284191744,301989888,301989888,335544320,0,2370383872,0,2149743616,0,2370920448,0,0.1,13,,
effectiveness_v3_20260918T065647Z_f82fb9c8,dev/splitcifar100/static_search_loose/search_loose_splitcifar100_b64_r2000_q320/0,search_loose_splitcifar100_b64_r2000_q320,splitcifar100,0,evaluation,5,157536.368554351,157537.528480536,1.159926185006043,70750720,114268672,301989888,301989888,335544320,0,2371231744,0,2150591488,0,2375004160,0,0.1,7,,
effectiveness_v3_20260918T065647Z_f82fb9c8,dev/splitcifar100/static_search_loose/search_loose_splitcifar100_b64_r2000_q320/0,search_loose_splitcifar100_b64_r2000_q320,splitcifar100,0,resource_transition,6,157537.562443211,157537.562972119,0.0005289079854264855,70750720,70750720,301989888,301989888,335544320,0,2371231744,0,2150591488,0,0,0,0.1,0,no_interval_samples,
effectiveness_v3_20260918T065647Z_f82fb9c8,dev/splitcifar100/static_search_loose/search_loose_splitcifar100_b64_r2000_q320/0,search_loose_splitcifar100_b64_r2000_q320,splitcifar100,0,training,6,157537.591478507,157539.846754794,2.255276287003653,70750720,284191744,301989888,301989888,335544320,0,2370396160,0,2149755904,0,2371235840,0,0.1,14,,
effectiveness_v3_20260918T065647Z_f82fb9c8,dev/splitcifar100/static_search_loose/search_loose_splitcifar100_b64_r2000_q320/0,search_loose_splitcifar100_b64_r2000_q320,splitcifar100,0,evaluation,6,157539.897329377,157541.340787514,1.4434581369860098,70750720,114268672,301989888,301989888,335544320,0,2371239936,0,2150599680,0,2375016448,0,0.1,9,,
effectiveness_v3_20260918T065647Z_f82fb9c8,dev/splitcifar100/static_search_loose/search_loose_splitcifar100_b64_r2000_q320/0,search_loose_splitcifar100_b64_r2000_q320,splitcifar100,0,resource_transition,7,157541.377349978,157541.377982589,0.0006326110160443932,70750720,70750720,301989888,301989888,335544320,0,2371239936,0,2150599680,0,0,0,0.1,0,no_interval_samples,
effectiveness_v3_20260918T065647Z_f82fb9c8,dev/splitcifar100/static_search_loose/search_loose_splitcifar100_b64_r2000_q320/0,search_loose_splitcifar100_b64_r2000_q320,splitcifar100,0,training,7,157541.407799535,157543.715300194,2.3075006589933764,70750720,284191744,301989888,301989888,335544320,0,2370392064,0,2149751808,0,2371239936,0,0.1,14,,
effectiveness_v3_20260918T065647Z_f82fb9c8,dev/splitcifar100/static_search_loose/search_loose_splitcifar100_b64_r2000_q320/0,search_loose_splitcifar100_b64_r2000_q320,splitcifar100,0,evaluation,7,157543.764634675,157545.349498464,1.584863789001247,70750720,114268672,301989888,301989888,335544320,0,2371227648,0,2150587392,0,2375020544,0,0.1,10,,
effectiveness_v3_20260918T065647Z_f82fb9c8,dev/splitcifar100/static_search_loose/search_loose_splitcifar100_b64_r2000_q320/0,search_loose_splitcifar100_b64_r2000_q320,splitcifar100,0,resource_transition,8,157545.384351806,157545.384919361,0.0005675550200976431,70750720,70750720,301989888,301989888,335544320,0,2371227648,0,2150587392,0,0,0,0.1,0,no_interval_samples,
effectiveness_v3_20260918T065647Z_f82fb9c8,dev/splitcifar100/static_search_loose/search_loose_splitcifar100_b64_r2000_q320/0,search_loose_splitcifar100_b64_r2000_q320,splitcifar100,0,training,8,157545.414167426,157547.632075482,2.217908055987209,70750720,284191744,301989888,301989888,335544320,0,2368307200,0,2147666944,0,2370924544,0,0.1,13,,
effectiveness_v3_20260918T065647Z_f82fb9c8,dev/splitcifar100/static_search_loose/search_loose_splitcifar100_b64_r2000_q320/0,search_loose_splitcifar100_b64_r2000_q320,splitcifar100,0,evaluation,8,157547.685024981,157549.780896911,2.095871929981513,70750720,114268672,301989888,301989888,335544320,0,2371239936,0,2150599680,0,2375024640,0,0.1,13,,
effectiveness_v3_20260918T065647Z_f82fb9c8,dev/splitcifar100/static_search_loose/search_loose_splitcifar100_b64_r2000_q320/0,search_loose_splitcifar100_b64_r2000_q320,splitcifar100,0,resource_transition,9,157549.819284597,157549.81991969,0.0006350929907057434,70750720,70750720,301989888,301989888,335544320,0,2371239936,0,2150599680,0,0,0,0.1,0,no_interval_samples,
effectiveness_v3_20260918T065647Z_f82fb9c8,dev/splitcifar100/static_search_loose/search_loose_splitcifar100_b64_r2000_q320/0,search_loose_splitcifar100_b64_r2000_q320,splitcifar100,0,training,9,157549.850238348,157552.131179812,2.280941463977797,70750720,284191744,301989888,301989888,335544320,0,2370396160,0,2149755904,0,2371239936,0,0.1,14,,
effectiveness_v3_20260918T065647Z_f82fb9c8,dev/splitcifar100/static_search_loose/search_loose_splitcifar100_b64_r2000_q320/0,search_loose_splitcifar100_b64_r2000_q320,splitcifar100,0,evaluation,9,157552.180972202,157554.577177507,2.39620530497632,70750720,114268672,301989888,301989888,335544320,0,2366238720,0,2145598464,0,2375016448,0,0.1,14,,
effectiveness_v3_20260918T065731Z_14d83092,dev/splitcifar100/static_search_loose/search_loose_splitcifar100_b256_r200_q320/0,search_loose_splitcifar100_b256_r200_q320,splitcifar100,0,setup,,157561.76261632,157562.946571025,1.1839547050185502,1408512,1408512,2097152,2097152,335544320,0,1535086592,0,1314876416,0,1528188928,0,0.1,7,,
effectiveness_v3_20260918T065731Z_14d83092,dev/splitcifar100/static_search_loose/search_loose_splitcifar100_b256_r200_q320/0,search_loose_splitcifar100_b256_r200_q320,splitcifar100,0,resource_transition,0,157562.969471628,157562.969916767,0.00044513901229947805,1408512,1408512,2097152,2097152,335544320,0,1535115264,0,1314888704,0,0,0,0.1,0,no_interval_samples,
effectiveness_v3_20260918T065731Z_14d83092,dev/splitcifar100/static_search_loose/search_loose_splitcifar100_b256_r200_q320/0,search_loose_splitcifar100_b256_r200_q320,splitcifar100,0,training,0,157562.989806647,157563.349675784,0.35986913699889556,307608064,307608064,318767104,318767104,335544320,0,1911447552,0,1690815488,0,1784274944,0,0.1,2,,failed
effectiveness_v3_20260918T065739Z_9ec93436,dev/splitcifar100/static_search_loose/search_loose_splitcifar100_b256_r2000_q320/0,search_loose_splitcifar100_b256_r2000_q320,splitcifar100,0,setup,,157570.683104377,157571.878568422,1.1954640449839644,1408512,1408512,2097152,2097152,335544320,0,1537081344,0,1316854784,0,1625440256,0,0.1,7,,
effectiveness_v3_20260918T065739Z_9ec93436,dev/splitcifar100/static_search_loose/search_loose_splitcifar100_b256_r2000_q320/0,search_loose_splitcifar100_b256_r2000_q320,splitcifar100,0,resource_transition,0,157571.903090246,157571.903544301,0.0004540549998637289,1408512,1408512,2097152,2097152,335544320,0,1537089536,0,1316854784,0,0,0,0.1,0,no_interval_samples,
effectiveness_v3_20260918T065739Z_9ec93436,dev/splitcifar100/static_search_loose/search_loose_splitcifar100_b256_r2000_q320/0,search_loose_splitcifar100_b256_r2000_q320,splitcifar100,0,training,0,157571.922918949,157572.259086685,0.336167735978961,307608064,307608064,318767104,318767104,335544320,0,1913348096,0,1692711936,0,1856290816,0,0.1,2,,failed
effectiveness_v3_20260918T065758Z_923243ad,dev/core50_nc/control_2x2/control_core50_nc_O00_q160/0,control_core50_nc_O00_q160,core50_nc,0,setup,,157588.794195516,157589.176309878,0.3821143620007206,1395712,1395712,2097152,2097152,167772160,0,1349218304,0,1129085952,0,1316749312,0,0.1,1,,
effectiveness_v3_20260918T065758Z_923243ad,dev/core50_nc/control_2x2/control_core50_nc_O00_q160/0,control_core50_nc_O00_q160,core50_nc,0,resource_transition,0,157589.196592564,157589.197013212,0.00042064799345098436,1395712,1395712,2097152,2097152,167772160,0,1349324800,0,1129102336,0,0,0,0.1,0,no_interval_samples,
effectiveness_v3_20260918T065758Z_923243ad,dev/core50_nc/control_2x2/control_core50_nc_O00_q160/0,control_core50_nc_O00_q160,core50_nc,0,training,0,157589.215633148,157616.276158107,27.06052495900076,70712320,95452672,117440512,117440512,167772160,0,2038575104,0,1818340352,0,2036506624,0,0.1,169,,
effectiveness_v3_20260918T065758Z_923243ad,dev/core50_nc/control_2x2/control_core50_nc_O00_q160/0,control_core50_nc_O00_q160,core50_nc,0,evaluation,0,157616.337688171,157618.184292995,1.8466048239788506,70712320,114230272,159383552,159383552,167772160,0,2089517056,0,1869298688,0,2089336832,0,0.1,11,,
effectiveness_v3_20260918T065758Z_923243ad,dev/core50_nc/control_2x2/control_core50_nc_O00_q160/0,control_core50_nc_O00_q160,core50_nc,0,controller,0,157618.210432792,157618.210559783,0.0001269910135306418,70712320,70712320,159383552,159383552,167772160,0,2089537536,0,1869306880,0,0,0,0.1,0,no_interval_samples,
effectiveness_v3_20260918T065758Z_923243ad,dev/core50_nc/control_2x2/control_core50_nc_O00_q160/0,control_core50_nc_O00_q160,core50_nc,0,reconfiguration,0,157618.234040404,157618.234326422,0.0002860180102288723,70712320,70712320,159383552,159383552,167772160,0,2089541632,0,1869306880,0,0,0,0.1,0,no_interval_samples,
effectiveness_v3_20260918T065758Z_923243ad,dev/core50_nc/control_2x2/control_core50_nc_O00_q160/0,control_core50_nc_O00_q160,core50_nc,0,resource_transition,1,157618.257914756,157618.258414636,0.0004998799995519221,70712320,70712320,159383552,159383552,167772160,0,2089541632,0,1869306880,0,0,0,0.1,0,no_interval_samples,
effectiveness_v3_20260918T065758Z_923243ad,dev/core50_nc/control_2x2/control_core50_nc_O00_q160/0,control_core50_nc_O00_q160,core50_nc,0,training,1,157618.282346053,157648.754447515,30.472101462015416,72920064,121897984,161480704,161480704,167772160,0,2216960000,0,1996725248,0,2213621760,0,0.1,192,,
effectiveness_v3_20260918T065758Z_923243ad,dev/core50_nc/control_2x2/control_core50_nc_O00_q160/0,control_core50_nc_O00_q160,core50_nc,0,evaluation,1,157648.829972124,157651.33531025,2.5053381260077003,72920064,116438016,161480704,161480704,167772160,0,2221572096,0,2001337344,0,2223403008,0,0.1,17,,
effectiveness_v3_20260918T065758Z_923243ad,dev/core50_nc/control_2x2/control_core50_nc_O00_q160/0,control_core50_nc_O00_q160,core50_nc,0,controller,1,157651.363714083,157651.3638355,0.00012141698971390724,72920064,72920064,161480704,161480704,167772160,0,2221572096,0,2001337344,0,0,0,0.1,0,no_interval_samples,
effectiveness_v3_20260918T065758Z_923243ad,dev/core50_nc/control_2x2/control_core50_nc_O00_q160/0,control_core50_nc_O00_q160,core50_nc,0,reconfiguration,1,157651.387263833,157651.387969537,0.0007057040056679398,72920064,72920064,161480704,161480704,167772160,0,2221572096,0,2001337344,0,0,0,0.1,0,no_interval_samples,
effectiveness_v3_20260918T065758Z_923243ad,dev/core50_nc/control_2x2/control_core50_nc_O00_q160/0,control_core50_nc_O00_q160,core50_nc,0,resource_transition,2,157651.411869833,157651.412447138,0.0005773049779236317,72920064,72920064,161480704,161480704,167772160,0,2221572096,0,2001337344,0,0,0,0.1,0,no_interval_samples,
effectiveness_v3_20260918T065758Z_923243ad,dev/core50_nc/control_2x2/control_core50_nc_O00_q160/0,control_core50_nc_O00_q160,core50_nc,0,training,2,157651.438143101,157651.545278006,0.10713490500347689,145751552,151059968,167772160,167772160,167772160,0,2242043904,0,2021403648,0,2221649920,0,0.1,1,,failed
effectiveness_v3_20260918T065908Z_f6fddf5b,dev/core50_nc/control_2x2/control_core50_nc_O10_q160/0,control_core50_nc_O10_q160,core50_nc,0,setup,,157658.609776358,157658.98904144,0.37926508201053366,1395712,1395712,2097152,2097152,167772160,0,1348698112,0,1128573952,0,1318805504,0,0.1,1,,
effectiveness_v3_20260918T065908Z_f6fddf5b,dev/core50_nc/control_2x2/control_core50_nc_O10_q160/0,control_core50_nc_O10_q160,core50_nc,0,resource_transition,0,157659.016206467,157659.016631578,0.00042511100764386356,1395712,1395712,2097152,2097152,167772160,0,1348812800,0,1128590336,0,0,0,0.1,0,no_interval_samples,
effectiveness_v3_20260918T065908Z_f6fddf5b,dev/core50_nc/control_2x2/control_core50_nc_O10_q160/0,control_core50_nc_O10_q160,core50_nc,0,training,0,157659.035976948,157685.079705517,26.04372856899863,70712320,95452672,117440512,117440512,167772160,0,2038566912,0,1818332160,0,2036645888,0,0.1,162,,
effectiveness_v3_20260918T065908Z_f6fddf5b,dev/core50_nc/control_2x2/control_core50_nc_O10_q160/0,control_core50_nc_O10_q160,core50_nc,0,evaluation,0,157685.166028701,157687.016983486,1.8509547850117087,70712320,114230272,159383552,159383552,167772160,0,2089648128,0,1869429760,0,2090921984,0,0.1,11,,
effectiveness_v3_20260918T065908Z_f6fddf5b,dev/core50_nc/control_2x2/control_core50_nc_O10_q160/0,control_core50_nc_O10_q160,core50_nc,0,controller,0,157687.063676071,157687.063805775,0.00012970398529432714,70712320,70712320,159383552,159383552,167772160,0,2089668608,0,1869446144,0,0,0,0.1,0,no_interval_samples,
effectiveness_v3_20260918T065908Z_f6fddf5b,dev/core50_nc/control_2x2/control_core50_nc_O10_q160/0,control_core50_nc_O10_q160,core50_nc,0,reconfiguration,0,157687.086370738,157687.086677099,0.00030636100564152,70712320,70712320,159383552,159383552,167772160,0,2089680896,0,1869446144,0,0,0,0.1,0,no_interval_samples,
effectiveness_v3_20260918T065908Z_f6fddf5b,dev/core50_nc/control_2x2/control_core50_nc_O10_q160/0,control_core50_nc_O10_q160,core50_nc,0,resource_transition,1,157687.109055526,157687.109603905,0.0005483790009748191,70712320,70712320,159383552,159383552,167772160,0,2089680896,0,1869446144,0,0,0,0.1,0,no_interval_samples,
effectiveness_v3_20260918T065908Z_f6fddf5b,dev/core50_nc/control_2x2/control_core50_nc_O10_q160/0,control_core50_nc_O10_q160,core50_nc,0,training,1,157687.133192563,157717.337693378,30.204500815016218,72920064,121897984,161480704,161480704,167772160,0,2217103360,0,1996868608,0,2197004288,0,0.1,189,,
effectiveness_v3_20260918T065908Z_f6fddf5b,dev/core50_nc/control_2x2/control_core50_nc_O10_q160/0,control_core50_nc_O10_q160,core50_nc,0,evaluation,1,157717.403186166,157720.074435573,2.6712494070234243,72920064,116438016,161480704,161480704,167772160,0,2221715456,0,2001480704,0,2223546368,0,0.1,15,,
effectiveness_v3_20260918T065908Z_f6fddf5b,dev/core50_nc/control_2x2/control_core50_nc_O10_q160/0,control_core50_nc_O10_q160,core50_nc,0,controller,1,157720.103112102,157720.103233361,0.00012125901412218809,72920064,72920064,161480704,161480704,167772160,0,2221715456,0,2001480704,0,0,0,0.1,0,no_interval_samples,
effectiveness_v3_20260918T065908Z_f6fddf5b,dev/core50_nc/control_2x2/control_core50_nc_O10_q160/0,control_core50_nc_O10_q160,core50_nc,0,reconfiguration,1,157720.128697148,157720.129341944,0.0006447960040532053,72920064,72920064,161480704,161480704,167772160,0,2221715456,0,2001480704,0,0,0,0.1,0,no_interval_samples,
effectiveness_v3_20260918T065908Z_f6fddf5b,dev/core50_nc/control_2x2/control_core50_nc_O10_q160/0,control_core50_nc_O10_q160,core50_nc,0,resource_transition,2,157720.154289406,157720.154832842,0.0005434360064100474,72920064,72920064,161480704,161480704,167772160,0,2221715456,0,2001480704,0,0,0,0.1,0,no_interval_samples,
effectiveness_v3_20260918T065908Z_f6fddf5b,dev/core50_nc/control_2x2/control_core50_nc_O10_q160/0,control_core50_nc_O10_q160,core50_nc,0,training,2,157720.179307443,157720.269298738,0.0899912950117141,145751552,151059968,167772160,167772160,167772160,0,2242195456,0,2021555200,0,0,0,0.1,0,no_interval_samples,failed
effectiveness_v3_20260918T070016Z_313ede76,dev/core50_nc/control_2x2/control_core50_nc_O01_q160/0,control_core50_nc_O01_q160,core50_nc,0,setup,,157727.363233343,157727.744894365,0.3816610219946597,1395712,1395712,2097152,2097152,167772160,0,1350483968,0,1130351616,0,1320583168,0,0.1,1,,
effectiveness_v3_20260918T070016Z_313ede76,dev/core50_nc/control_2x2/control_core50_nc_O01_q160/0,control_core50_nc_O01_q160,core50_nc,0,resource_transition,0,157727.771887513,157727.772335217,0.00044770402018912137,1395712,1395712,2097152,2097152,167772160,0,1350586368,0,1130372096,0,0,0,0.1,0,no_interval_samples,
effectiveness_v3_20260918T070016Z_313ede76,dev/core50_nc/control_2x2/control_core50_nc_O01_q160/0,control_core50_nc_O01_q160,core50_nc,0,training,0,157727.791075607,157754.183300401,26.392224793991772,70712320,95452672,117440512,117440512,167772160,0,2040324096,0,1820093440,0,2038390784,0,0.1,164,,
effectiveness_v3_20260918T070016Z_313ede76,dev/core50_nc/control_2x2/control_core50_nc_O01_q160/0,control_core50_nc_O01_q160,core50_nc,0,evaluation,0,157754.279878775,157756.248448584,1.968569808988832,70712320,114230272,159383552,159383552,167772160,0,2091397120,0,1871170560,0,2092662784,0,0.1,12,,
effectiveness_v3_20260918T070016Z_313ede76,dev/core50_nc/control_2x2/control_core50_nc_O01_q160/0,control_core50_nc_O01_q160,core50_nc,0,controller,0,157756.275354111,157756.275478333,0.00012422198778949678,70712320,70712320,159383552,159383552,167772160,0,2091409408,0,1871186944,0,0,0,0.1,0,no_interval_samples,
effectiveness_v3_20260918T070016Z_313ede76,dev/core50_nc/control_2x2/control_core50_nc_O01_q160/0,control_core50_nc_O01_q160,core50_nc,0,reconfiguration,0,157756.300138953,157756.30042787,0.0002889170136768371,70712320,70712320,159383552,159383552,167772160,0,2091417600,0,1871186944,0,0,0,0.1,0,no_interval_samples,
effectiveness_v3_20260918T070016Z_313ede76,dev/core50_nc/control_2x2/control_core50_nc_O01_q160/0,control_core50_nc_O01_q160,core50_nc,0,resource_transition,1,157756.323796981,157756.324334388,0.0005374069733079523,70712320,70712320,159383552,159383552,167772160,0,2091417600,0,1871186944,0,0,0,0.1,0,no_interval_samples,
effectiveness_v3_20260918T070016Z_313ede76,dev/core50_nc/control_2x2/control_core50_nc_O01_q160/0,control_core50_nc_O01_q160,core50_nc,0,training,1,157756.358722332,157786.869861892,30.51113955999608,72920064,121897984,161480704,161480704,167772160,0,2218803200,0,1998572544,0,2198736896,0,0.1,189,,
effectiveness_v3_20260918T070016Z_313ede76,dev/core50_nc/control_2x2/control_core50_nc_O01_q160/0,control_core50_nc_O01_q160,core50_nc,0,evaluation,1,157786.933160458,157789.796732851,2.8635723930201493,72920064,116438016,161480704,161480704,167772160,0,2223411200,0,2003180544,0,2225233920,0,0.1,17,,
effectiveness_v3_20260918T070016Z_313ede76,dev/core50_nc/control_2x2/control_core50_nc_O01_q160/0,control_core50_nc_O01_q160,core50_nc,0,controller,1,157789.826321954,157789.826450102,0.00012814800720661879,72920064,72920064,161480704,161480704,167772160,0,2223411200,0,2003180544,0,0,0,0.1,0,no_interval_samples,
effectiveness_v3_20260918T070016Z_313ede76,dev/core50_nc/control_2x2/control_core50_nc_O01_q160/0,control_core50_nc_O01_q160,core50_nc,0,reconfiguration,1,157789.87355776,157789.874306186,0.0007484259840566665,72920064,72920064,161480704,161480704,167772160,0,2223411200,0,2003180544,0,0,0,0.1,0,no_interval_samples,
effectiveness_v3_20260918T070016Z_313ede76,dev/core50_nc/control_2x2/control_core50_nc_O01_q160/0,control_core50_nc_O01_q160,core50_nc,0,resource_transition,2,157789.899848083,157789.900436278,0.0005881949909962714,72920064,72920064,161480704,161480704,167772160,0,2223411200,0,2003180544,0,0,0,0.1,0,no_interval_samples,
effectiveness_v3_20260918T070016Z_313ede76,dev/core50_nc/control_2x2/control_core50_nc_O01_q160/0,control_core50_nc_O01_q160,core50_nc,0,training,2,157789.927277527,157790.036846062,0.10956853500101715,145751552,151059968,167772160,167772160,167772160,0,2243883008,0,2023246848,0,2223427584,0,0.1,1,,failed
effectiveness_v3_20260918T070126Z_72e2b9e8,dev/core50_nc/control_2x2/control_core50_nc_O11_q160/0,control_core50_nc_O11_q160,core50_nc,0,setup,,157797.315206933,157797.697248815,0.3820418819959741,1395712,1395712,2097152,2097152,167772160,0,1349230592,0,1129094144,0,1318658048,0,0.1,1,,
effectiveness_v3_20260918T070126Z_72e2b9e8,dev/core50_nc/control_2x2/control_core50_nc_O11_q160/0,control_core50_nc_O11_q160,core50_nc,0,resource_transition,0,157797.717995454,157797.718409334,0.0004138799849897623,1395712,1395712,2097152,2097152,167772160,0,1349332992,0,1129114624,0,0,0,0.1,0,no_interval_samples,
effectiveness_v3_20260918T070126Z_72e2b9e8,dev/core50_nc/control_2x2/control_core50_nc_O11_q160/0,control_core50_nc_O11_q160,core50_nc,0,training,0,157797.737690454,157825.3530211,27.61533064598916,70712320,95452672,117440512,117440512,167772160,0,2038435840,0,1818201088,0,2036510720,0,0.1,174,,
effectiveness_v3_20260918T070126Z_72e2b9e8,dev/core50_nc/control_2x2/control_core50_nc_O11_q160/0,control_core50_nc_O11_q160,core50_nc,0,evaluation,0,157825.442816287,157827.326364868,1.8835485810122918,70712320,114230272,159383552,159383552,167772160,0,2084089856,0,1863867392,0,2089299968,0,0.1,11,,
effectiveness_v3_20260918T070126Z_72e2b9e8,dev/core50_nc/control_2x2/control_core50_nc_O11_q160/0,control_core50_nc_O11_q160,core50_nc,0,controller,0,157827.35138559,157827.35151809,0.00013249999028630555,70712320,70712320,159383552,159383552,167772160,0,2084106240,0,1863883776,0,0,0,0.1,0,no_interval_samples,
effectiveness_v3_20260918T070126Z_72e2b9e8,dev/core50_nc/control_2x2/control_core50_nc_O11_q160/0,control_core50_nc_O11_q160,core50_nc,0,reconfiguration,0,157827.374844701,157827.375142386,0.0002976850082632154,70712320,70712320,159383552,159383552,167772160,0,2084118528,0,1863883776,0,0,0,0.1,0,no_interval_samples,
effectiveness_v3_20260918T070126Z_72e2b9e8,dev/core50_nc/control_2x2/control_core50_nc_O11_q160/0,control_core50_nc_O11_q160,core50_nc,0,resource_transition,1,157827.397935756,157827.398468274,0.0005325180245563388,70712320,70712320,159383552,159383552,167772160,0,2084118528,0,1863883776,0,0,0,0.1,0,no_interval_samples,
effectiveness_v3_20260918T070126Z_72e2b9e8,dev/core50_nc/control_2x2/control_core50_nc_O11_q160/0,control_core50_nc_O11_q160,core50_nc,0,training,1,157827.422924996,157857.898187321,30.47526232499513,72920064,121897984,161480704,161480704,167772160,0,2216931328,0,1996696576,0,2196840448,0,0.1,189,,
effectiveness_v3_20260918T070126Z_72e2b9e8,dev/core50_nc/control_2x2/control_core50_nc_O11_q160/0,control_core50_nc_O11_q160,core50_nc,0,evaluation,1,157857.966642616,157860.781967107,2.815324491006322,72920064,116438016,161480704,161480704,167772160,0,2221543424,0,2001308672,0,2223366144,0,0.1,16,,
effectiveness_v3_20260918T070126Z_72e2b9e8,dev/core50_nc/control_2x2/control_core50_nc_O11_q160/0,control_core50_nc_O11_q160,core50_nc,0,controller,1,157860.810683273,157860.810806116,0.00012284299009479582,72920064,72920064,161480704,161480704,167772160,0,2221543424,0,2001308672,0,0,0,0.1,0,no_interval_samples,
effectiveness_v3_20260918T070126Z_72e2b9e8,dev/core50_nc/control_2x2/control_core50_nc_O11_q160/0,control_core50_nc_O11_q160,core50_nc,0,reconfiguration,1,157860.836206856,157860.836847273,0.0006404169835150242,72920064,72920064,161480704,161480704,167772160,0,2221543424,0,2001308672,0,0,0,0.1,0,no_interval_samples,
effectiveness_v3_20260918T070126Z_72e2b9e8,dev/core50_nc/control_2x2/control_core50_nc_O11_q160/0,control_core50_nc_O11_q160,core50_nc,0,resource_transition,2,157860.861063208,157860.861620967,0.000557759020011872,72920064,72920064,161480704,161480704,167772160,0,2221543424,0,2001308672,0,0,0,0.1,0,no_interval_samples,
effectiveness_v3_20260918T070126Z_72e2b9e8,dev/core50_nc/control_2x2/control_core50_nc_O11_q160/0,control_core50_nc_O11_q160,core50_nc,0,training,2,157860.906307033,157860.99364347,0.08733643699088134,145751552,151059968,167772160,167772160,167772160,0,2242007040,0,2021366784,0,0,0,0.1,0,no_interval_samples,failed
effectiveness_v3_20260918T070247Z_4f265e8f,dev/splitcifar100/control_2x2/control_splitcifar100_O00_q160/0,control_splitcifar100_O00_q160,splitcifar100,0,setup,,157877.710147505,157878.903569995,1.193422490003286,1408512,1408512,2097152,2097152,167772160,0,1534525440,0,1314319360,0,1528717312,0,0.1,7,,
effectiveness_v3_20260918T070247Z_4f265e8f,dev/splitcifar100/control_2x2/control_splitcifar100_O00_q160/0,control_splitcifar100_O00_q160,splitcifar100,0,resource_transition,0,157878.926814207,157878.927348874,0.0005346669931896031,1408512,1408512,2097152,2097152,167772160,0,1534554112,0,1314331648,0,0,0,0.1,0,no_interval_samples,
effectiveness_v3_20260918T070247Z_4f265e8f,dev/splitcifar100/control_2x2/control_splitcifar100_O00_q160/0,control_splitcifar100_O00_q160,splitcifar100,0,training,0,157878.947160142,157884.294005175,5.346845032996498,70750720,95481344,117440512,117440512,167772160,0,2208772096,0,1988537344,0,2208948224,0,0.1,35,,
effectiveness_v3_20260918T070247Z_4f265e8f,dev/splitcifar100/control_2x2/control_splitcifar100_O00_q160/0,control_splitcifar100_O00_q160,splitcifar100,0,evaluation,0,157884.373885785,157884.606016133,0.23213034801301546,70750720,114268672,159383552,159383552,167772160,0,2260062208,0,2039827456,0,2256576512,0,0.1,1,,
effectiveness_v3_20260918T070247Z_4f265e8f,dev/splitcifar100/control_2x2/control_splitcifar100_O00_q160/0,control_splitcifar100_O00_q160,splitcifar100,0,controller,0,157884.654549495,157884.65471881,0.00016931499703787267,70750720,70750720,159383552,159383552,167772160,0,2260062208,0,2039827456,0,0,0,0.1,0,no_interval_samples,
effectiveness_v3_20260918T070247Z_4f265e8f,dev/splitcifar100/control_2x2/control_splitcifar100_O00_q160/0,control_splitcifar100_O00_q160,splitcifar100,0,reconfiguration,0,157884.681120181,157884.682615385,0.0014952040219213814,70750720,70750720,159383552,159383552,167772160,0,2260131840,0,2039897088,0,0,0,0.1,0,no_interval_samples,
effectiveness_v3_20260918T070247Z_4f265e8f,dev/splitcifar100/control_2x2/control_splitcifar100_O00_q160/0,control_splitcifar100_O00_q160,splitcifar100,0,resource_transition,1,157884.706749246,157884.707318672,0.0005694260180462152,70750720,70750720,159383552,159383552,167772160,0,2260131840,0,2039897088,0,0,0,0.1,0,no_interval_samples,
effectiveness_v3_20260918T070247Z_4f265e8f,dev/splitcifar100/control_2x2/control_splitcifar100_O00_q160/0,control_splitcifar100_O00_q160,splitcifar100,0,training,1,157884.731384164,157891.137777869,6.406393704994116,70750720,117711872,159383552,159383552,167772160,0,2257555456,0,2037320704,0,2260135936,0,0.1,40,,
effectiveness_v3_20260918T070247Z_4f265e8f,dev/splitcifar100/control_2x2/control_splitcifar100_O00_q160/0,control_splitcifar100_O00_q160,splitcifar100,0,evaluation,1,157891.20209647,157891.667425638,0.46532916801515967,70750720,114268672,159383552,159383552,167772160,0,2265300992,0,2045066240,0,2265300992,0,0.1,2,,
effectiveness_v3_20260918T070247Z_4f265e8f,dev/splitcifar100/control_2x2/control_splitcifar100_O00_q160/0,control_splitcifar100_O00_q160,splitcifar100,0,controller,1,157891.700148063,157891.700286091,0.000138028000947088,70750720,70750720,159383552,159383552,167772160,0,2265300992,0,2045066240,0,0,0,0.1,0,no_interval_samples,
effectiveness_v3_20260918T070247Z_4f265e8f,dev/splitcifar100/control_2x2/control_splitcifar100_O00_q160/0,control_splitcifar100_O00_q160,splitcifar100,0,reconfiguration,1,157891.73580072,157891.737390498,0.0015897779958322644,70750720,70750720,159383552,159383552,167772160,0,2265300992,0,2045066240,0,0,0,0.1,0,no_interval_samples,
effectiveness_v3_20260918T070247Z_4f265e8f,dev/splitcifar100/control_2x2/control_splitcifar100_O00_q160/0,control_splitcifar100_O00_q160,splitcifar100,0,resource_transition,2,157891.761423127,157891.761984118,0.0005609910003840923,70750720,70750720,159383552,159383552,167772160,0,2265300992,0,2045066240,0,0,0,0.1,0,no_interval_samples,
effectiveness_v3_20260918T070247Z_4f265e8f,dev/splitcifar100/control_2x2/control_splitcifar100_O00_q160/0,control_splitcifar100_O00_q160,splitcifar100,0,training,2,157891.785918969,157897.854815639,6.068896670010872,70750720,117711872,159383552,159383552,167772160,0,2257453056,0,2037218304,0,2265780224,0,0.1,38,,
effectiveness_v3_20260918T070247Z_4f265e8f,dev/splitcifar100/control_2x2/control_splitcifar100_O00_q160/0,control_splitcifar100_O00_q160,splitcifar100,0,evaluation,2,157897.919072184,157898.618583459,0.6995112749864347,70750720,114268672,159383552,159383552,167772160,0,2262278144,0,2042043392,0,2263490560,0,0.1,4,,
effectiveness_v3_20260918T070247Z_4f265e8f,dev/splitcifar100/control_2x2/control_splitcifar100_O00_q160/0,control_splitcifar100_O00_q160,splitcifar100,0,controller,2,157898.67283969,157898.672994181,0.00015449099009856582,70750720,70750720,159383552,159383552,167772160,0,2262278144,0,2042043392,0,0,0,0.1,0,no_interval_samples,
effectiveness_v3_20260918T070247Z_4f265e8f,dev/splitcifar100/control_2x2/control_splitcifar100_O00_q160/0,control_splitcifar100_O00_q160,splitcifar100,0,reconfiguration,2,157898.702525337,157898.704505967,0.001980630011530593,70750720,70750720,159383552,159383552,167772160,0,2257539072,0,2037304320,0,0,0,0.1,0,no_interval_samples,
effectiveness_v3_20260918T070247Z_4f265e8f,dev/splitcifar100/control_2x2/control_splitcifar100_O00_q160/0,control_splitcifar100_O00_q160,splitcifar100,0,resource_transition,3,157898.730426272,157898.730986819,0.0005605469923466444,70750720,70750720,159383552,159383552,167772160,0,2257539072,0,2037304320,0,0,0,0.1,0,no_interval_samples,
effectiveness_v3_20260918T070247Z_4f265e8f,dev/splitcifar100/control_2x2/control_splitcifar100_O00_q160/0,control_splitcifar100_O00_q160,splitcifar100,0,training,3,157898.755512282,157905.28261373,6.527101448009489,70750720,117711872,159383552,159383552,167772160,0,2258313216,0,2038078464,0,2259107840,0,0.1,41,,
effectiveness_v3_20260918T070247Z_4f265e8f,dev/splitcifar100/control_2x2/control_splitcifar100_O00_q160/0,control_splitcifar100_O00_q160,splitcifar100,0,evaluation,3,157905.358941923,157906.254199562,0.8952576390001923,70750720,114268672,159383552,159383552,167772160,0,2262626304,0,2042391552,0,2263605248,0,0.1,5,,
effectiveness_v3_20260918T070247Z_4f265e8f,dev/splitcifar100/control_2x2/control_splitcifar100_O00_q160/0,control_splitcifar100_O00_q160,splitcifar100,0,controller,3,157906.285241804,157906.285379387,0.00013758300337940454,70750720,70750720,159383552,159383552,167772160,0,2262630400,0,2042395648,0,0,0,0.1,0,no_interval_samples,
effectiveness_v3_20260918T070247Z_4f265e8f,dev/splitcifar100/control_2x2/control_splitcifar100_O00_q160/0,control_splitcifar100_O00_q160,splitcifar100,0,reconfiguration,3,157906.310919499,157906.312726823,0.0018073240062221885,70750720,70750720,159383552,159383552,167772160,0,2258018304,0,2037783552,0,0,0,0.1,0,no_interval_samples,
effectiveness_v3_20260918T070247Z_4f265e8f,dev/splitcifar100/control_2x2/control_splitcifar100_O00_q160/0,control_splitcifar100_O00_q160,splitcifar100,0,resource_transition,4,157906.337442888,157906.338021638,0.0005787499831058085,70750720,70750720,159383552,159383552,167772160,0,2258018304,0,2037783552,0,0,0,0.1,0,no_interval_samples,
effectiveness_v3_20260918T070247Z_4f265e8f,dev/splitcifar100/control_2x2/control_splitcifar100_O00_q160/0,control_splitcifar100_O00_q160,splitcifar100,0,training,4,157906.362660907,157912.977916424,6.61525551698287,70750720,117711872,159383552,159383552,167772160,0,2258554880,0,2038320128,0,2259369984,0,0.1,41,,
effectiveness_v3_20260918T070247Z_4f265e8f,dev/splitcifar100/control_2x2/control_splitcifar100_O00_q160/0,control_splitcifar100_O00_q160,splitcifar100,0,evaluation,4,157913.07015025,157914.293019296,1.222869046003325,70750720,114268672,159383552,159383552,167772160,0,2262667264,0,2042432512,0,2263199744,0,0.1,7,,
effectiveness_v3_20260918T070247Z_4f265e8f,dev/splitcifar100/control_2x2/control_splitcifar100_O00_q160/0,control_splitcifar100_O00_q160,splitcifar100,0,controller,4,157914.327716693,157914.327849703,0.00013301000581122935,70750720,70750720,159383552,159383552,167772160,0,2262671360,0,2042436608,0,0,0,0.1,0,no_interval_samples,
effectiveness_v3_20260918T070247Z_4f265e8f,dev/splitcifar100/control_2x2/control_splitcifar100_O00_q160/0,control_splitcifar100_O00_q160,splitcifar100,0,reconfiguration,4,157914.353799823,157914.357339443,0.0035396199964452535,70750720,70750720,159383552,159383552,167772160,0,2258452480,0,2038217728,0,0,0,0.1,0,no_interval_samples,
effectiveness_v3_20260918T070247Z_4f265e8f,dev/splitcifar100/control_2x2/control_splitcifar100_O00_q160/0,control_splitcifar100_O00_q160,splitcifar100,0,resource_transition,5,157914.391744479,157914.392444637,0.0007001579797361046,70750720,70750720,159383552,159383552,167772160,0,2258452480,0,2038217728,0,0,0,0.1,0,no_interval_samples,
effectiveness_v3_20260918T070247Z_4f265e8f,dev/splitcifar100/control_2x2/control_splitcifar100_O00_q160/0,control_splitcifar100_O00_q160,splitcifar100,0,training,5,157914.418113044,157921.074073323,6.655960278993007,70750720,117711872,159383552,159383552,167772160,0,2258505728,0,2038270976,0,2259357696,0,0.1,41,,
effectiveness_v3_20260918T070247Z_4f265e8f,dev/splitcifar100/control_2x2/control_splitcifar100_O00_q160/0,control_splitcifar100_O00_q160,splitcifar100,0,evaluation,5,157921.138561572,157922.642804109,1.5042425369902048,70750720,114268672,159383552,159383552,167772160,0,2263662592,0,2043427840,0,2264195072,0,0.1,9,,
effectiveness_v3_20260918T070247Z_4f265e8f,dev/splitcifar100/control_2x2/control_splitcifar100_O00_q160/0,control_splitcifar100_O00_q160,splitcifar100,0,controller,5,157922.682707434,157922.68285985,0.00015241600340232253,70750720,70750720,159383552,159383552,167772160,0,2263666688,0,2043431936,0,0,0,0.1,0,no_interval_samples,
effectiveness_v3_20260918T070247Z_4f265e8f,dev/splitcifar100/control_2x2/control_splitcifar100_O00_q160/0,control_splitcifar100_O00_q160,splitcifar100,0,reconfiguration,5,157922.710516508,157922.712118046,0.0016015380097087473,70750720,70750720,159383552,159383552,167772160,0,2263674880,0,2043440128,0,0,0,0.1,0,no_interval_samples,
effectiveness_v3_20260918T070247Z_4f265e8f,dev/splitcifar100/control_2x2/control_splitcifar100_O00_q160/0,control_splitcifar100_O00_q160,splitcifar100,0,resource_transition,6,157922.735700611,157922.736274194,0.0005735830054618418,70750720,70750720,159383552,159383552,167772160,0,2263674880,0,2043440128,0,0,0,0.1,0,no_interval_samples,
effectiveness_v3_20260918T070247Z_4f265e8f,dev/splitcifar100/control_2x2/control_splitcifar100_O00_q160/0,control_splitcifar100_O00_q160,splitcifar100,0,training,6,157922.759370397,157929.099585377,6.340214980009478,70750720,117711872,159383552,159383552,167772160,0,2259111936,0,2038877184,0,2263687168,0,0.1,40,,
effectiveness_v3_20260918T070247Z_4f265e8f,dev/splitcifar100/control_2x2/control_splitcifar100_O00_q160/0,control_splitcifar100_O00_q160,splitcifar100,0,evaluation,6,157929.157784366,157930.824255487,1.6664711210178211,70750720,114268672,159383552,159383552,167772160,0,2263396352,0,2043161600,0,2263752704,0,0.1,10,,
effectiveness_v3_20260918T070247Z_4f265e8f,dev/splitcifar100/control_2x2/control_splitcifar100_O00_q160/0,control_splitcifar100_O00_q160,splitcifar100,0,controller,6,157930.860773875,157930.860912412,0.00013853699783794582,70750720,70750720,159383552,159383552,167772160,0,2263396352,0,2043161600,0,0,0,0.1,0,no_interval_samples,
effectiveness_v3_20260918T070247Z_4f265e8f,dev/splitcifar100/control_2x2/control_splitcifar100_O00_q160/0,control_splitcifar100_O00_q160,splitcifar100,0,reconfiguration,6,157930.899364217,157930.901584004,0.0022197869839146733,70750720,70750720,159383552,159383552,167772160,0,2259042304,0,2038807552,0,0,0,0.1,0,no_interval_samples,
effectiveness_v3_20260918T070247Z_4f265e8f,dev/splitcifar100/control_2x2/control_splitcifar100_O00_q160/0,control_splitcifar100_O00_q160,splitcifar100,0,resource_transition,7,157930.926523884,157930.9271028,0.0005789159913547337,70750720,70750720,159383552,159383552,167772160,0,2259042304,0,2038807552,0,0,0,0.1,0,no_interval_samples,
effectiveness_v3_20260918T070247Z_4f265e8f,dev/splitcifar100/control_2x2/control_splitcifar100_O00_q160/0,control_splitcifar100_O00_q160,splitcifar100,0,training,7,157930.95136179,157937.13325156,6.181889769999543,70750720,117711872,159383552,159383552,167772160,0,2260324352,0,2040089600,0,2260418560,0,0.1,38,,
effectiveness_v3_20260918T070247Z_4f265e8f,dev/splitcifar100/control_2x2/control_splitcifar100_O00_q160/0,control_splitcifar100_O00_q160,splitcifar100,0,evaluation,7,157937.217516271,157939.279909562,2.062393291009357,70750720,114268672,159383552,159383552,167772160,0,2259619840,0,2039385088,0,2264035328,0,0.1,13,,
effectiveness_v3_20260918T070247Z_4f265e8f,dev/splitcifar100/control_2x2/control_splitcifar100_O00_q160/0,control_splitcifar100_O00_q160,splitcifar100,0,controller,7,157939.315574821,157939.315736135,0.0001613140047993511,70750720,70750720,159383552,159383552,167772160,0,2259623936,0,2039389184,0,0,0,0.1,0,no_interval_samples,
effectiveness_v3_20260918T070247Z_4f265e8f,dev/splitcifar100/control_2x2/control_splitcifar100_O00_q160/0,control_splitcifar100_O00_q160,splitcifar100,0,reconfiguration,7,157939.342405931,157939.344105218,0.0016992870077956468,70750720,70750720,159383552,159383552,167772160,0,2259632128,0,2039397376,0,0,0,0.1,0,no_interval_samples,
effectiveness_v3_20260918T070247Z_4f265e8f,dev/splitcifar100/control_2x2/control_splitcifar100_O00_q160/0,control_splitcifar100_O00_q160,splitcifar100,0,resource_transition,8,157939.367865079,157939.368446533,0.0005814539908897132,70750720,70750720,159383552,159383552,167772160,0,2259632128,0,2039397376,0,0,0,0.1,0,no_interval_samples,
effectiveness_v3_20260918T070247Z_4f265e8f,dev/splitcifar100/control_2x2/control_splitcifar100_O00_q160/0,control_splitcifar100_O00_q160,splitcifar100,0,training,8,157939.406720124,157945.905217238,6.498497113992926,70750720,117711872,159383552,159383552,167772160,0,2260172800,0,2039938048,0,2261123072,0,0.1,40,,
effectiveness_v3_20260918T070247Z_4f265e8f,dev/splitcifar100/control_2x2/control_splitcifar100_O00_q160/0,control_splitcifar100_O00_q160,splitcifar100,0,evaluation,8,157945.984398101,157948.594283988,2.609885887010023,70750720,114268672,159383552,159383552,167772160,0,2260086784,0,2039852032,0,2264350720,0,0.1,16,,
effectiveness_v3_20260918T070247Z_4f265e8f,dev/splitcifar100/control_2x2/control_splitcifar100_O00_q160/0,control_splitcifar100_O00_q160,splitcifar100,0,controller,8,157948.63683235,157948.636972017,0.00013966701226308942,70750720,70750720,159383552,159383552,167772160,0,2260090880,0,2039856128,0,0,0,0.1,0,no_interval_samples,
effectiveness_v3_20260918T070247Z_4f265e8f,dev/splitcifar100/control_2x2/control_splitcifar100_O00_q160/0,control_splitcifar100_O00_q160,splitcifar100,0,reconfiguration,8,157948.667013221,157948.668737777,0.0017245560011360794,70750720,70750720,159383552,159383552,167772160,0,2260099072,0,2039864320,0,0,0,0.1,0,no_interval_samples,
effectiveness_v3_20260918T070247Z_4f265e8f,dev/splitcifar100/control_2x2/control_splitcifar100_O00_q160/0,control_splitcifar100_O00_q160,splitcifar100,0,resource_transition,9,157948.69530862,157948.695900055,0.0005914350040256977,70750720,70750720,159383552,159383552,167772160,0,2260099072,0,2039864320,0,0,0,0.1,0,no_interval_samples,
effectiveness_v3_20260918T070247Z_4f265e8f,dev/splitcifar100/control_2x2/control_splitcifar100_O00_q160/0,control_splitcifar100_O00_q160,splitcifar100,0,training,9,157948.733607824,157955.286195393,6.552587569021853,70750720,117711872,159383552,159383552,167772160,0,2260389888,0,2040155136,0,2261188608,0,0.1,41,,
effectiveness_v3_20260918T070247Z_4f265e8f,dev/splitcifar100/control_2x2/control_splitcifar100_O00_q160/0,control_splitcifar100_O00_q160,splitcifar100,0,evaluation,9,157955.351180725,157958.444585118,3.0934043930028565,70750720,114268672,159383552,159383552,167772160,0,2260324352,0,2040089600,0,2265042944,0,0.1,19,,
effectiveness_v3_20260918T070247Z_4f265e8f,dev/splitcifar100/control_2x2/control_splitcifar100_O00_q160/0,control_splitcifar100_O00_q160,splitcifar100,0,controller,9,157958.488037451,157958.488200691,0.00016324000898748636,70750720,70750720,159383552,159383552,167772160,0,2260324352,0,2040089600,0,0,0,0.1,0,no_interval_samples,
effectiveness_v3_20260918T070414Z_84ac12b9,dev/splitcifar100/control_2x2/control_splitcifar100_O10_q160/0,control_splitcifar100_O10_q160,splitcifar100,0,setup,,157965.602958024,157966.791052664,1.1880946399760433,1408512,1408512,2097152,2097152,167772160,0,1536983040,0,1316776960,0,1529769984,0,0.1,7,,
effectiveness_v3_20260918T070414Z_84ac12b9,dev/splitcifar100/control_2x2/control_splitcifar100_O10_q160/0,control_splitcifar100_O10_q160,splitcifar100,0,resource_transition,0,157966.813695035,157966.814139665,0.0004446299863047898,1408512,1408512,2097152,2097152,167772160,0,1537011712,0,1316789248,0,0,0,0.1,0,no_interval_samples,
effectiveness_v3_20260918T070414Z_84ac12b9,dev/splitcifar100/control_2x2/control_splitcifar100_O10_q160/0,control_splitcifar100_O10_q160,splitcifar100,0,training,0,157966.834914073,157972.193289597,5.358375523996074,70750720,95481344,117440512,117440512,167772160,0,2208821248,0,1988586496,0,2211041280,0,0.1,34,,
effectiveness_v3_20260918T070414Z_84ac12b9,dev/splitcifar100/control_2x2/control_splitcifar100_O10_q160/0,control_splitcifar100_O10_q160,splitcifar100,0,evaluation,0,157972.258615967,157972.510403647,0.2517876799975056,70750720,114268672,159383552,159383552,167772160,0,2262102016,0,2041867264,0,2260340736,0,0.1,1,,
effectiveness_v3_20260918T070414Z_84ac12b9,dev/splitcifar100/control_2x2/control_splitcifar100_O10_q160/0,control_splitcifar100_O10_q160,splitcifar100,0,controller,0,157972.543846239,157972.543984767,0.0001385280047543347,70750720,70750720,159383552,159383552,167772160,0,2262102016,0,2041867264,0,0,0,0.1,0,no_interval_samples,
effectiveness_v3_20260918T070414Z_84ac12b9,dev/splitcifar100/control_2x2/control_splitcifar100_O10_q160/0,control_splitcifar100_O10_q160,splitcifar100,0,reconfiguration,0,157972.568121341,157972.568454572,0.0003332310006953776,70750720,70750720,159383552,159383552,167772160,0,2262102016,0,2041867264,0,0,0,0.1,0,no_interval_samples,
effectiveness_v3_20260918T070414Z_84ac12b9,dev/splitcifar100/control_2x2/control_splitcifar100_O10_q160/0,control_splitcifar100_O10_q160,splitcifar100,0,resource_transition,1,157972.591841063,157972.592377118,0.0005360550130717456,70750720,70750720,159383552,159383552,167772160,0,2262102016,0,2041867264,0,0,0,0.1,0,no_interval_samples,
effectiveness_v3_20260918T070414Z_84ac12b9,dev/splitcifar100/control_2x2/control_splitcifar100_O10_q160/0,control_splitcifar100_O10_q160,splitcifar100,0,training,1,157972.61560822,157983.994003459,11.37839523900766,72984064,121942528,161480704,161480704,167772160,0,2384211968,0,2163977216,0,2368294912,0,0.1,71,,
effectiveness_v3_20260918T070414Z_84ac12b9,dev/splitcifar100/control_2x2/control_splitcifar100_O10_q160/0,control_splitcifar100_O10_q160,splitcifar100,0,evaluation,1,157984.072983513,157984.515896895,0.44291338199400343,72984064,116502016,161480704,161480704,167772160,0,2391965696,0,2171730944,0,2391961600,0,0.1,2,,
effectiveness_v3_20260918T070414Z_84ac12b9,dev/splitcifar100/control_2x2/control_splitcifar100_O10_q160/0,control_splitcifar100_O10_q160,splitcifar100,0,controller,1,157984.579102709,157984.579255607,0.00015289802104234695,72984064,72984064,161480704,161480704,167772160,0,2391965696,0,2171730944,0,0,0,0.1,0,no_interval_samples,
effectiveness_v3_20260918T070414Z_84ac12b9,dev/splitcifar100/control_2x2/control_splitcifar100_O10_q160/0,control_splitcifar100_O10_q160,splitcifar100,0,reconfiguration,1,157984.607862977,157984.608575921,0.0007129440200515091,72984064,72984064,161480704,161480704,167772160,0,2391965696,0,2171730944,0,0,0,0.1,0,no_interval_samples,
effectiveness_v3_20260918T070414Z_84ac12b9,dev/splitcifar100/control_2x2/control_splitcifar100_O10_q160/0,control_splitcifar100_O10_q160,splitcifar100,0,resource_transition,2,157984.633379301,157984.633914476,0.0005351750005502254,72984064,72984064,161480704,161480704,167772160,0,2391965696,0,2171730944,0,0,0,0.1,0,no_interval_samples,
effectiveness_v3_20260918T070414Z_84ac12b9,dev/splitcifar100/control_2x2/control_splitcifar100_O10_q160/0,control_splitcifar100_O10_q160,splitcifar100,0,training,2,157984.659053652,157984.755776364,0.09672271201270632,145802752,151111168,167772160,167772160,167772160,0,2413031424,0,2192391168,0,2391965696,0,0.1,1,,failed
effectiveness_v3_20260918T070441Z_f953b85a,dev/splitcifar100/control_2x2/control_splitcifar100_O01_q160/0,control_splitcifar100_O01_q160,splitcifar100,0,setup,,157991.850802248,157993.038893302,1.1880910540057812,1408512,1408512,2097152,2097152,167772160,0,1536995328,0,1316776960,0,1533210624,0,0.1,8,,
effectiveness_v3_20260918T070441Z_f953b85a,dev/splitcifar100/control_2x2/control_splitcifar100_O01_q160/0,control_splitcifar100_O01_q160,splitcifar100,0,resource_transition,0,157993.061328802,157993.061733144,0.00040434199036099017,1408512,1408512,2097152,2097152,167772160,0,1537011712,0,1316789248,0,0,0,0.1,0,no_interval_samples,
effectiveness_v3_20260918T070441Z_f953b85a,dev/splitcifar100/control_2x2/control_splitcifar100_O01_q160/0,control_splitcifar100_O01_q160,splitcifar100,0,training,0,157993.08072207,157998.378691687,5.297969616978662,70750720,95481344,117440512,117440512,167772160,0,2208768000,0,1988533248,0,2210979840,0,0.1,34,,
effectiveness_v3_20260918T070441Z_f953b85a,dev/splitcifar100/control_2x2/control_splitcifar100_O01_q160/0,control_splitcifar100_O01_q160,splitcifar100,0,evaluation,0,157998.47741974,157998.719652875,0.24223313500988297,70750720,114268672,159383552,159383552,167772160,0,2262003712,0,2041768960,0,2261090304,0,0.1,2,,
effectiveness_v3_20260918T070441Z_f953b85a,dev/splitcifar100/control_2x2/control_splitcifar100_O01_q160/0,control_splitcifar100_O01_q160,splitcifar100,0,controller,0,157998.75093919,157998.751075986,0.00013679597759619355,70750720,70750720,159383552,159383552,167772160,0,2262003712,0,2041768960,0,0,0,0.1,0,no_interval_samples,
effectiveness_v3_20260918T070441Z_f953b85a,dev/splitcifar100/control_2x2/control_splitcifar100_O01_q160/0,control_splitcifar100_O01_q160,splitcifar100,0,reconfiguration,0,157998.776939644,157998.778280496,0.001340851973509416,70750720,70750720,159383552,159383552,167772160,0,2262073344,0,2041838592,0,0,0,0.1,0,no_interval_samples,
effectiveness_v3_20260918T070441Z_f953b85a,dev/splitcifar100/control_2x2/control_splitcifar100_O01_q160/0,control_splitcifar100_O01_q160,splitcifar100,0,resource_transition,1,157998.802155895,157998.802707895,0.000551999983144924,70750720,70750720,159383552,159383552,167772160,0,2262073344,0,2041838592,0,0,0,0.1,0,no_interval_samples,
effectiveness_v3_20260918T070441Z_f953b85a,dev/splitcifar100/control_2x2/control_splitcifar100_O01_q160/0,control_splitcifar100_O01_q160,splitcifar100,0,training,1,157998.826321562,158005.273465749,6.4471441869973205,70750720,117711872,159383552,159383552,167772160,0,2259476480,0,2039241728,0,2262073344,0,0.1,41,,
effectiveness_v3_20260918T070441Z_f953b85a,dev/splitcifar100/control_2x2/control_splitcifar100_O01_q160/0,control_splitcifar100_O01_q160,splitcifar100,0,evaluation,1,158005.343756832,158005.751910802,0.4081539699982386,70750720,114268672,159383552,159383552,167772160,0,2267140096,0,2046905344,0,2267140096,0,0.1,3,,
effectiveness_v3_20260918T070441Z_f953b85a,dev/splitcifar100/control_2x2/control_splitcifar100_O01_q160/0,control_splitcifar100_O01_q160,splitcifar100,0,controller,1,158005.809309702,158005.809448378,0.00013867599773220718,70750720,70750720,159383552,159383552,167772160,0,2267140096,0,2046905344,0,0,0,0.1,0,no_interval_samples,
effectiveness_v3_20260918T070441Z_f953b85a,dev/splitcifar100/control_2x2/control_splitcifar100_O01_q160/0,control_splitcifar100_O01_q160,splitcifar100,0,reconfiguration,1,158005.839674036,158005.841322369,0.001648333010962233,70750720,70750720,159383552,159383552,167772160,0,2267140096,0,2046905344,0,0,0,0.1,0,no_interval_samples,
effectiveness_v3_20260918T070441Z_f953b85a,dev/splitcifar100/control_2x2/control_splitcifar100_O01_q160/0,control_splitcifar100_O01_q160,splitcifar100,0,resource_transition,2,158005.867701832,158005.868255703,0.0005538710101973265,70750720,70750720,159383552,159383552,167772160,0,2267140096,0,2046905344,0,0,0,0.1,0,no_interval_samples,
effectiveness_v3_20260918T070441Z_f953b85a,dev/splitcifar100/control_2x2/control_splitcifar100_O01_q160/0,control_splitcifar100_O01_q160,splitcifar100,0,training,2,158005.894001387,158012.216560608,6.3225592210073955,70750720,117711872,159383552,159383552,167772160,0,2259402752,0,2039168000,0,2267140096,0,0.1,40,,
effectiveness_v3_20260918T070441Z_f953b85a,dev/splitcifar100/control_2x2/control_splitcifar100_O01_q160/0,control_splitcifar100_O01_q160,splitcifar100,0,evaluation,2,158012.32084555,158012.939529438,0.6186838879948482,70750720,114268672,159383552,159383552,167772160,0,2265432064,0,2045197312,0,2265432064,0,0.1,4,,
effectiveness_v3_20260918T070441Z_f953b85a,dev/splitcifar100/control_2x2/control_splitcifar100_O01_q160/0,control_splitcifar100_O01_q160,splitcifar100,0,controller,2,158012.971312151,158012.971440771,0.0001286200131289661,70750720,70750720,159383552,159383552,167772160,0,2265432064,0,2045197312,0,0,0,0.1,0,no_interval_samples,
effectiveness_v3_20260918T070441Z_f953b85a,dev/splitcifar100/control_2x2/control_splitcifar100_O01_q160/0,control_splitcifar100_O01_q160,splitcifar100,0,reconfiguration,2,158012.997247021,158012.998554484,0.0013074629823677242,70750720,70750720,159383552,159383552,167772160,0,2265436160,0,2045201408,0,0,0,0.1,0,no_interval_samples,
effectiveness_v3_20260918T070441Z_f953b85a,dev/splitcifar100/control_2x2/control_splitcifar100_O01_q160/0,control_splitcifar100_O01_q160,splitcifar100,0,resource_transition,3,158013.022440939,158013.022982355,0.0005414159968495369,70750720,70750720,159383552,159383552,167772160,0,2265436160,0,2045201408,0,0,0,0.1,0,no_interval_samples,
effectiveness_v3_20260918T070441Z_f953b85a,dev/splitcifar100/control_2x2/control_splitcifar100_O01_q160/0,control_splitcifar100_O01_q160,splitcifar100,0,training,3,158013.046858902,158019.429629277,6.382770374999382,70750720,117711872,159383552,159383552,167772160,0,2260328448,0,2040093696,0,2266021888,0,0.1,40,,
effectiveness_v3_20260918T070441Z_f953b85a,dev/splitcifar100/control_2x2/control_splitcifar100_O01_q160/0,control_splitcifar100_O01_q160,splitcifar100,0,evaluation,3,158019.495244887,158020.444363065,0.9491181780176703,70750720,114268672,159383552,159383552,167772160,0,2264772608,0,2044537856,0,2266812416,0,0.1,6,,
effectiveness_v3_20260918T070441Z_f953b85a,dev/splitcifar100/control_2x2/control_splitcifar100_O01_q160/0,control_splitcifar100_O01_q160,splitcifar100,0,controller,3,158020.478338001,158020.478471094,0.0001330929808318615,70750720,70750720,159383552,159383552,167772160,0,2264776704,0,2044541952,0,0,0,0.1,0,no_interval_samples,
effectiveness_v3_20260918T070441Z_f953b85a,dev/splitcifar100/control_2x2/control_splitcifar100_O01_q160/0,control_splitcifar100_O01_q160,splitcifar100,0,reconfiguration,3,158020.505511991,158020.50930338,0.0037913889973424375,70750720,70750720,159383552,159383552,167772160,0,2260029440,0,2039794688,0,0,0,0.1,0,no_interval_samples,
effectiveness_v3_20260918T070441Z_f953b85a,dev/splitcifar100/control_2x2/control_splitcifar100_O01_q160/0,control_splitcifar100_O01_q160,splitcifar100,0,resource_transition,4,158020.548055472,158020.54867674,0.0006212680018506944,70750720,70750720,159383552,159383552,167772160,0,2260029440,0,2039794688,0,0,0,0.1,0,no_interval_samples,
effectiveness_v3_20260918T070441Z_f953b85a,dev/splitcifar100/control_2x2/control_splitcifar100_O01_q160/0,control_splitcifar100_O01_q160,splitcifar100,0,training,4,158020.575700907,158027.087778346,6.512077438994311,70750720,117711872,159383552,159383552,167772160,0,2260463616,0,2040228864,0,2261438464,0,0.1,39,,
effectiveness_v3_20260918T070441Z_f953b85a,dev/splitcifar100/control_2x2/control_splitcifar100_O01_q160/0,control_splitcifar100_O01_q160,splitcifar100,0,evaluation,4,158027.153094217,158028.349661997,1.1965677799889818,70750720,114268672,159383552,159383552,167772160,0,2264576000,0,2044341248,0,2265128960,0,0.1,7,,
effectiveness_v3_20260918T070441Z_f953b85a,dev/splitcifar100/control_2x2/control_splitcifar100_O01_q160/0,control_splitcifar100_O01_q160,splitcifar100,0,controller,4,158028.386164914,158028.386313127,0.0001482130028307438,70750720,70750720,159383552,159383552,167772160,0,2264580096,0,2044345344,0,0,0,0.1,0,no_interval_samples,
effectiveness_v3_20260918T070441Z_f953b85a,dev/splitcifar100/control_2x2/control_splitcifar100_O01_q160/0,control_splitcifar100_O01_q160,splitcifar100,0,reconfiguration,4,158028.41373773,158028.415633165,0.001895434979815036,70750720,70750720,159383552,159383552,167772160,0,2260361216,0,2040126464,0,0,0,0.1,0,no_interval_samples,
effectiveness_v3_20260918T070441Z_f953b85a,dev/splitcifar100/control_2x2/control_splitcifar100_O01_q160/0,control_splitcifar100_O01_q160,splitcifar100,0,resource_transition,5,158028.439633851,158028.440178406,0.0005445549904834479,70750720,70750720,159383552,159383552,167772160,0,2260361216,0,2040126464,0,0,0,0.1,0,no_interval_samples,
effectiveness_v3_20260918T070441Z_f953b85a,dev/splitcifar100/control_2x2/control_splitcifar100_O01_q160/0,control_splitcifar100_O01_q160,splitcifar100,0,training,5,158028.465374148,158034.823218192,6.3578440439887345,70750720,117711872,159383552,159383552,167772160,0,2260475904,0,2040241152,0,2261389312,0,0.1,39,,
effectiveness_v3_20260918T070441Z_f953b85a,dev/splitcifar100/control_2x2/control_splitcifar100_O01_q160/0,control_splitcifar100_O01_q160,splitcifar100,0,evaluation,5,158034.886780607,158036.418081768,1.5313011610123795,70750720,114268672,159383552,159383552,167772160,0,2265632768,0,2045398016,0,2266157056,0,0.1,10,,
effectiveness_v3_20260918T070441Z_f953b85a,dev/splitcifar100/control_2x2/control_splitcifar100_O01_q160/0,control_splitcifar100_O01_q160,splitcifar100,0,controller,5,158036.476049424,158036.476208063,0.00015863898443058133,70750720,70750720,159383552,159383552,167772160,0,2265636864,0,2045402112,0,0,0,0.1,0,no_interval_samples,
effectiveness_v3_20260918T070441Z_f953b85a,dev/splitcifar100/control_2x2/control_splitcifar100_O01_q160/0,control_splitcifar100_O01_q160,splitcifar100,0,reconfiguration,5,158036.504856127,158036.506369896,0.0015137690061237663,70750720,70750720,159383552,159383552,167772160,0,2265645056,0,2045410304,0,0,0,0.1,0,no_interval_samples,
effectiveness_v3_20260918T070441Z_f953b85a,dev/splitcifar100/control_2x2/control_splitcifar100_O01_q160/0,control_splitcifar100_O01_q160,splitcifar100,0,resource_transition,6,158036.531618683,158036.532207312,0.0005886290164198726,70750720,70750720,159383552,159383552,167772160,0,2265645056,0,2045410304,0,0,0,0.1,0,no_interval_samples,
effectiveness_v3_20260918T070441Z_f953b85a,dev/splitcifar100/control_2x2/control_splitcifar100_O01_q160/0,control_splitcifar100_O01_q160,splitcifar100,0,training,6,158036.556954802,158042.938856506,6.381901703978656,70750720,117711872,159383552,159383552,167772160,0,2261000192,0,2040765440,0,2265645056,0,0.1,40,,
effectiveness_v3_20260918T070441Z_f953b85a,dev/splitcifar100/control_2x2/control_splitcifar100_O01_q160/0,control_splitcifar100_O01_q160,splitcifar100,0,evaluation,6,158043.00621123,158044.729653145,1.7234419150045142,70750720,114268672,159383552,159383552,167772160,0,2265280512,0,2045045760,0,2265960448,0,0.1,11,,
effectiveness_v3_20260918T070441Z_f953b85a,dev/splitcifar100/control_2x2/control_splitcifar100_O01_q160/0,control_splitcifar100_O01_q160,splitcifar100,0,controller,6,158044.766789886,158044.76693497,0.00014508399181067944,70750720,70750720,159383552,159383552,167772160,0,2265280512,0,2045045760,0,0,0,0.1,0,no_interval_samples,
effectiveness_v3_20260918T070441Z_f953b85a,dev/splitcifar100/control_2x2/control_splitcifar100_O01_q160/0,control_splitcifar100_O01_q160,splitcifar100,0,reconfiguration,6,158044.794390748,158044.796412072,0.002021324005909264,70750720,70750720,159383552,159383552,167772160,0,2260926464,0,2040691712,0,0,0,0.1,0,no_interval_samples,
effectiveness_v3_20260918T070441Z_f953b85a,dev/splitcifar100/control_2x2/control_splitcifar100_O01_q160/0,control_splitcifar100_O01_q160,splitcifar100,0,resource_transition,7,158044.820436952,158044.820972082,0.0005351300060283393,70750720,70750720,159383552,159383552,167772160,0,2260926464,0,2040691712,0,0,0,0.1,0,no_interval_samples,
effectiveness_v3_20260918T070441Z_f953b85a,dev/splitcifar100/control_2x2/control_splitcifar100_O01_q160/0,control_splitcifar100_O01_q160,splitcifar100,0,training,7,158044.846362462,158051.157362341,6.310999879002338,70750720,117711872,159383552,159383552,167772160,0,2262282240,0,2042047488,0,2262376448,0,0.1,40,,
effectiveness_v3_20260918T070441Z_f953b85a,dev/splitcifar100/control_2x2/control_splitcifar100_O01_q160/0,control_splitcifar100_O01_q160,splitcifar100,0,evaluation,7,158051.222485895,158053.57050381,2.348017915006494,70750720,114268672,159383552,159383552,167772160,0,2261573632,0,2041338880,0,2265993216,0,0.1,15,,
effectiveness_v3_20260918T070441Z_f953b85a,dev/splitcifar100/control_2x2/control_splitcifar100_O01_q160/0,control_splitcifar100_O01_q160,splitcifar100,0,controller,7,158053.63721931,158053.637392949,0.00017363898223266006,70750720,70750720,159383552,159383552,167772160,0,2261577728,0,2041342976,0,0,0,0.1,0,no_interval_samples,
effectiveness_v3_20260918T070441Z_f953b85a,dev/splitcifar100/control_2x2/control_splitcifar100_O01_q160/0,control_splitcifar100_O01_q160,splitcifar100,0,reconfiguration,7,158053.669933839,158053.6718922,0.0019583609828259796,70750720,70750720,159383552,159383552,167772160,0,2261581824,0,2041347072,0,0,0,0.1,0,no_interval_samples,
effectiveness_v3_20260918T070441Z_f953b85a,dev/splitcifar100/control_2x2/control_splitcifar100_O01_q160/0,control_splitcifar100_O01_q160,splitcifar100,0,resource_transition,8,158053.700342895,158053.70096071,0.0006178150069899857,70750720,70750720,159383552,159383552,167772160,0,2261581824,0,2041347072,0,0,0,0.1,0,no_interval_samples,
effectiveness_v3_20260918T070441Z_f953b85a,dev/splitcifar100/control_2x2/control_splitcifar100_O01_q160/0,control_splitcifar100_O01_q160,splitcifar100,0,training,8,158053.728021859,158060.105979093,6.377957234013593,70750720,117711872,159383552,159383552,167772160,0,2262020096,0,2041785344,0,2263064576,0,0.1,40,,
effectiveness_v3_20260918T070441Z_f953b85a,dev/splitcifar100/control_2x2/control_splitcifar100_O01_q160/0,control_splitcifar100_O01_q160,splitcifar100,0,evaluation,8,158060.172408184,158062.563325413,2.390917229000479,70750720,114268672,159383552,159383552,167772160,0,2261946368,0,2041711616,0,2266202112,0,0.1,14,,
effectiveness_v3_20260918T070441Z_f953b85a,dev/splitcifar100/control_2x2/control_splitcifar100_O01_q160/0,control_splitcifar100_O01_q160,splitcifar100,0,controller,8,158062.604553088,158062.604682116,0.00012902801972813904,70750720,70750720,159383552,159383552,167772160,0,2261950464,0,2041715712,0,0,0,0.1,0,no_interval_samples,
effectiveness_v3_20260918T070441Z_f953b85a,dev/splitcifar100/control_2x2/control_splitcifar100_O01_q160/0,control_splitcifar100_O01_q160,splitcifar100,0,reconfiguration,8,158062.633494449,158062.635179227,0.0016847780207172036,70750720,70750720,159383552,159383552,167772160,0,2261958656,0,2041723904,0,0,0,0.1,0,no_interval_samples,
effectiveness_v3_20260918T070441Z_f953b85a,dev/splitcifar100/control_2x2/control_splitcifar100_O01_q160/0,control_splitcifar100_O01_q160,splitcifar100,0,resource_transition,9,158062.696418429,158062.69710829,0.0006898610154166818,70750720,70750720,159383552,159383552,167772160,0,2261958656,0,2041723904,0,0,0,0.1,0,no_interval_samples,
effectiveness_v3_20260918T070441Z_f953b85a,dev/splitcifar100/control_2x2/control_splitcifar100_O01_q160/0,control_splitcifar100_O01_q160,splitcifar100,0,training,9,158062.729565669,158069.068306536,6.338740867009619,70750720,117711872,159383552,159383552,167772160,0,2262298624,0,2042063872,0,2263134208,0,0.1,40,,
effectiveness_v3_20260918T070441Z_f953b85a,dev/splitcifar100/control_2x2/control_splitcifar100_O01_q160/0,control_splitcifar100_O01_q160,splitcifar100,0,evaluation,9,158069.13661092,158071.944393162,2.807782242016401,70750720,114268672,159383552,159383552,167772160,0,2262233088,0,2041998336,0,2266955776,0,0.1,17,,
effectiveness_v3_20260918T070441Z_f953b85a,dev/splitcifar100/control_2x2/control_splitcifar100_O01_q160/0,control_splitcifar100_O01_q160,splitcifar100,0,controller,9,158071.98609043,158071.98621331,0.0001228800101671368,70750720,70750720,159383552,159383552,167772160,0,2262233088,0,2041998336,0,0,0,0.1,0,no_interval_samples,
effectiveness_v3_20260918T070608Z_9a93c0ae,dev/splitcifar100/control_2x2/control_splitcifar100_O11_q160/0,control_splitcifar100_O11_q160,splitcifar100,0,setup,,158079.06311223,158080.249860179,1.1867479489883408,1408512,1408512,2097152,2097152,167772160,0,1535070208,0,1314855936,0,1531289600,0,0.1,8,,
effectiveness_v3_20260918T070608Z_9a93c0ae,dev/splitcifar100/control_2x2/control_splitcifar100_O11_q160/0,control_splitcifar100_O11_q160,splitcifar100,0,resource_transition,0,158080.272152512,158080.272579151,0.00042663898784667253,1408512,1408512,2097152,2097152,167772160,0,1535086592,0,1314868224,0,0,0,0.1,0,no_interval_samples,
effectiveness_v3_20260918T070608Z_9a93c0ae,dev/splitcifar100/control_2x2/control_splitcifar100_O11_q160/0,control_splitcifar100_O11_q160,splitcifar100,0,training,0,158080.291807289,158085.577715651,5.285908361984184,70750720,95481344,117440512,117440512,167772160,0,2206863360,0,1986636800,0,2209079296,0,0.1,35,,
effectiveness_v3_20260918T070608Z_9a93c0ae,dev/splitcifar100/control_2x2/control_splitcifar100_O11_q160/0,control_splitcifar100_O11_q160,splitcifar100,0,evaluation,0,158085.666705726,158085.889149073,0.2224433469818905,70750720,114268672,159383552,159383552,167772160,0,2260094976,0,2039868416,0,2259656704,0,0.1,2,,
effectiveness_v3_20260918T070608Z_9a93c0ae,dev/splitcifar100/control_2x2/control_splitcifar100_O11_q160/0,control_splitcifar100_O11_q160,splitcifar100,0,controller,0,158085.928859248,158085.928992387,0.0001331389939878136,70750720,70750720,159383552,159383552,167772160,0,2260094976,0,2039868416,0,0,0,0.1,0,no_interval_samples,
effectiveness_v3_20260918T070608Z_9a93c0ae,dev/splitcifar100/control_2x2/control_splitcifar100_O11_q160/0,control_splitcifar100_O11_q160,splitcifar100,0,reconfiguration,0,158085.954993034,158085.955233766,0.00024073198437690735,70750720,70750720,159383552,159383552,167772160,0,2260094976,0,2039868416,0,0,0,0.1,0,no_interval_samples,
effectiveness_v3_20260918T070608Z_9a93c0ae,dev/splitcifar100/control_2x2/control_splitcifar100_O11_q160/0,control_splitcifar100_O11_q160,splitcifar100,0,resource_transition,1,158085.978437515,158085.978956867,0.0005193520046304911,70750720,70750720,159383552,159383552,167772160,0,2260094976,0,2039868416,0,0,0,0.1,0,no_interval_samples,
effectiveness_v3_20260918T070608Z_9a93c0ae,dev/splitcifar100/control_2x2/control_splitcifar100_O11_q160/0,control_splitcifar100_O11_q160,splitcifar100,0,training,1,158086.002307107,158096.789897218,10.787590110994643,72984064,121942528,161480704,161480704,167772160,0,2382376960,0,2162150400,0,2366529536,0,0.1,69,,
effectiveness_v3_20260918T070608Z_9a93c0ae,dev/splitcifar100/control_2x2/control_splitcifar100_O11_q160/0,control_splitcifar100_O11_q160,splitcifar100,0,evaluation,1,158096.863936689,158097.339278496,0.47534180697402917,72984064,116502016,161480704,161480704,167772160,0,2387836928,0,2167610368,0,2389987328,0,0.1,3,,
effectiveness_v3_20260918T070608Z_9a93c0ae,dev/splitcifar100/control_2x2/control_splitcifar100_O11_q160/0,control_splitcifar100_O11_q160,splitcifar100,0,controller,1,158097.373650246,158097.373790421,0.00014017499051988125,72984064,72984064,161480704,161480704,167772160,0,2387836928,0,2167610368,0,0,0,0.1,0,no_interval_samples,
effectiveness_v3_20260918T070608Z_9a93c0ae,dev/splitcifar100/control_2x2/control_splitcifar100_O11_q160/0,control_splitcifar100_O11_q160,splitcifar100,0,reconfiguration,1,158097.400690949,158097.401306171,0.000615222001215443,72984064,72984064,161480704,161480704,167772160,0,2387836928,0,2167610368,0,2387836928,0,0.1,1,,
effectiveness_v3_20260918T070608Z_9a93c0ae,dev/splitcifar100/control_2x2/control_splitcifar100_O11_q160/0,control_splitcifar100_O11_q160,splitcifar100,0,resource_transition,2,158097.445868892,158097.446541022,0.0006721299723722041,72984064,72984064,161480704,161480704,167772160,0,2387836928,0,2167610368,0,0,0,0.1,0,no_interval_samples,
effectiveness_v3_20260918T070608Z_9a93c0ae,dev/splitcifar100/control_2x2/control_splitcifar100_O11_q160/0,control_splitcifar100_O11_q160,splitcifar100,0,training,2,158097.478580123,158097.588244681,0.10966455802554265,145802752,151111168,167772160,167772160,167772160,0,2408861696,0,2188229632,0,2404986880,0,0.1,1,,failed
effectiveness_v3_20260918T070643Z_ca7c2157,dev/core50_nc/dyn_reservation_probe/dyn_core50_nc_R4/0,dyn_core50_nc_R4,core50_nc,0,setup,,158114.338306491,158114.717038609,0.3787321179988794,1395712,1395712,2097152,2097152,167772160,0,1351061504,0,1130949632,0,1320570880,0,0.1,1,,
effectiveness_v3_20260918T070643Z_ca7c2157,dev/core50_nc/dyn_reservation_probe/dyn_core50_nc_R4/0,dyn_core50_nc_R4,core50_nc,0,resource_transition,0,158114.737759378,158114.738172628,0.0004132499743718654,1395712,1395712,2097152,2097152,167772160,0,1351176192,0,1130966016,0,0,0,0.1,0,no_interval_samples,
effectiveness_v3_20260918T070643Z_ca7c2157,dev/core50_nc/dyn_reservation_probe/dyn_core50_nc_R4/0,dyn_core50_nc_R4,core50_nc,0,training,0,158114.756791046,158141.787985349,27.03119430298102,70712320,95452672,117440512,117440512,167772160,0,2040201216,0,1819978752,0,2038370304,0,0.1,172,,
effectiveness_v3_20260918T070643Z_ca7c2157,dev/core50_nc/dyn_reservation_probe/dyn_core50_nc_R4/0,dyn_core50_nc_R4,core50_nc,0,evaluation,0,158141.850921499,158143.807121763,1.9562002640159335,70712320,114230272,159383552,159383552,167772160,0,2091429888,0,1871215616,0,2092695552,0,0.1,12,,
effectiveness_v3_20260918T070643Z_ca7c2157,dev/core50_nc/dyn_reservation_probe/dyn_core50_nc_R4/0,dyn_core50_nc_R4,core50_nc,0,controller,0,158143.833108809,158143.833233688,0.00012487900676205754,70712320,70712320,159383552,159383552,167772160,0,2091442176,0,1871248384,0,0,0,0.1,0,no_interval_samples,
effectiveness_v3_20260918T070643Z_ca7c2157,dev/core50_nc/dyn_reservation_probe/dyn_core50_nc_R4/0,dyn_core50_nc_R4,core50_nc,0,reconfiguration,0,158143.877292614,158143.877581929,0.0002893150085583329,70712320,70712320,159383552,159383552,167772160,0,2091470848,0,1871248384,0,0,0,0.1,0,no_interval_samples,
effectiveness_v3_20260918T070643Z_ca7c2157,dev/core50_nc/dyn_reservation_probe/dyn_core50_nc_R4/0,dyn_core50_nc_R4,core50_nc,0,resource_transition,1,158143.899358856,158143.89991618,0.0005573240050580353,70712320,70712320,159383552,159383552,167772160,0,2091470848,0,1871248384,0,0,0,0.1,0,no_interval_samples,
effectiveness_v3_20260918T070643Z_ca7c2157,dev/core50_nc/dyn_reservation_probe/dyn_core50_nc_R4/0,dyn_core50_nc_R4,core50_nc,0,training,1,158143.92358069,158173.248257869,29.324677179014543,72920064,121897984,161480704,161480704,167772160,0,2218782720,0,1998560256,0,2200576000,0,0.1,184,,
effectiveness_v3_20260918T070643Z_ca7c2157,dev/core50_nc/dyn_reservation_probe/dyn_core50_nc_R4/0,dyn_core50_nc_R4,core50_nc,0,evaluation,1,158173.321382636,158176.019470101,2.69808746498893,72920064,116438016,161480704,161480704,167772160,0,2223419392,0,2003196928,0,2225254400,0,0.1,16,,
effectiveness_v3_20260918T070643Z_ca7c2157,dev/core50_nc/dyn_reservation_probe/dyn_core50_nc_R4/0,dyn_core50_nc_R4,core50_nc,0,controller,1,158176.04852636,158176.048653647,0.00012728699948638678,72920064,72920064,161480704,161480704,167772160,0,2223419392,0,2003196928,0,0,0,0.1,0,no_interval_samples,
effectiveness_v3_20260918T070643Z_ca7c2157,dev/core50_nc/dyn_reservation_probe/dyn_core50_nc_R4/0,dyn_core50_nc_R4,core50_nc,0,reconfiguration,1,158176.081127637,158176.081873776,0.0007461390050593764,72920064,72920064,161480704,161480704,167772160,0,2223419392,0,2003196928,0,0,0,0.1,0,no_interval_samples,
effectiveness_v3_20260918T070643Z_ca7c2157,dev/core50_nc/dyn_reservation_probe/dyn_core50_nc_R4/0,dyn_core50_nc_R4,core50_nc,0,resource_transition,2,158176.10862184,158176.10925109,0.0006292500183917582,72920064,72920064,161480704,161480704,167772160,0,2223419392,0,2003196928,0,0,0,0.1,0,no_interval_samples,
effectiveness_v3_20260918T070643Z_ca7c2157,dev/core50_nc/dyn_reservation_probe/dyn_core50_nc_R4/0,dyn_core50_nc_R4,core50_nc,0,training,2,158176.136344673,158176.246091171,0.10974649799754843,145751552,151059968,167772160,167772160,167772160,0,2243895296,0,2023267328,0,2223435776,0,0.1,1,,failed
effectiveness_v3_20260918T070802Z_9e915627,dev/core50_nc/io_off/io_off_core50_nc/0,io_off_core50_nc,core50_nc,0,setup,,158192.871695523,158193.259507017,0.38781149400165305,1395712,1395712,2097152,2097152,335544320,0,1349218304,0,1129081856,0,1308196864,0,0.1,1,,
effectiveness_v3_20260918T070802Z_9e915627,dev/core50_nc/io_off/io_off_core50_nc/0,io_off_core50_nc,core50_nc,0,resource_transition,0,158193.2796941,158193.280073313,0.00037921301554888487,1395712,1395712,2097152,2097152,335544320,0,1349320704,0,1129098240,0,0,0,0.1,0,no_interval_samples,
effectiveness_v3_20260918T070802Z_9e915627,dev/core50_nc/io_off/io_off_core50_nc/0,io_off_core50_nc,core50_nc,0,training,0,158193.29825035,158218.851468247,25.55321789701702,70712320,95452672,117440512,117440512,335544320,0,2038370304,0,1818139648,0,2038370304,0,0.1,172,,
effectiveness_v3_20260918T070802Z_9e915627,dev/core50_nc/io_off/io_off_core50_nc/0,io_off_core50_nc,core50_nc,0,evaluation,0,158218.94040956,158221.045349239,2.104939679004019,70712320,114230272,159383552,159383552,335544320,0,2089476096,0,1869249536,0,2090745856,0,0.1,14,,
effectiveness_v3_20260918T070802Z_9e915627,dev/core50_nc/io_off/io_off_core50_nc/0,io_off_core50_nc,core50_nc,0,resource_transition,1,158221.070169377,158221.070635183,0.00046580599155277014,70712320,70712320,159383552,159383552,335544320,0,2089488384,0,1869278208,0,0,0,0.1,0,no_interval_samples,
effectiveness_v3_20260918T070802Z_9e915627,dev/core50_nc/io_off/io_off_core50_nc/0,io_off_core50_nc,core50_nc,0,training,1,158221.095410479,158236.909886212,15.814475733001018,70712320,121897984,159383552,159383552,335544320,0,2087841792,0,1867607040,0,2091593728,0,0.1,103,,
effectiveness_v3_20260918T070802Z_9e915627,dev/core50_nc/io_off/io_off_core50_nc/0,io_off_core50_nc,core50_nc,0,evaluation,1,158236.968754954,158239.643579486,2.6748245320050046,70712320,114230272,159383552,159383552,335544320,0,2092179456,0,1871944704,0,2092421120,0,0.1,15,,
effectiveness_v3_20260918T070802Z_9e915627,dev/core50_nc/io_off/io_off_core50_nc/0,io_off_core50_nc,core50_nc,0,resource_transition,2,158239.671099051,158239.671567014,0.00046796302194707096,70712320,70712320,159383552,159383552,335544320,0,2092179456,0,1871944704,0,0,0,0.1,0,no_interval_samples,
effectiveness_v3_20260918T070802Z_9e915627,dev/core50_nc/io_off/io_off_core50_nc/0,io_off_core50_nc,core50_nc,0,training,2,158239.698194117,158253.099305477,13.40111135999905,70712320,121897984,159383552,159383552,335544320,0,2088493056,0,1868258304,0,2092486656,0,0.1,83,,
effectiveness_v3_20260918T070802Z_9e915627,dev/core50_nc/io_off/io_off_core50_nc/0,io_off_core50_nc,core50_nc,0,evaluation,2,158253.158271004,158257.457007869,4.298736864991952,70712320,114230272,159383552,159383552,335544320,0,2088509440,0,1868274688,0,2095497216,0,0.1,26,,
effectiveness_v3_20260918T070802Z_9e915627,dev/core50_nc/io_off/io_off_core50_nc/0,io_off_core50_nc,core50_nc,0,resource_transition,3,158257.48610273,158257.486571711,0.00046898098662495613,70712320,70712320,159383552,159383552,335544320,0,2088513536,0,1868278784,0,0,0,0.1,0,no_interval_samples,
effectiveness_v3_20260918T070802Z_9e915627,dev/core50_nc/io_off/io_off_core50_nc/0,io_off_core50_nc,core50_nc,0,training,3,158257.513184526,158274.718750368,17.205565841984935,70712320,121897984,159383552,159383552,335544320,0,2096656384,0,1876421632,0,2097487872,0,0.1,107,,
effectiveness_v3_20260918T070802Z_9e915627,dev/core50_nc/io_off/io_off_core50_nc/0,io_off_core50_nc,core50_nc,0,evaluation,3,158274.775316564,158279.773983662,4.998667097999714,70712320,114230272,159383552,159383552,335544320,0,2101334016,0,1881099264,0,2103508992,0,0.1,30,,
effectiveness_v3_20260918T070802Z_9e915627,dev/core50_nc/io_off/io_off_core50_nc/0,io_off_core50_nc,core50_nc,0,resource_transition,4,158279.800964098,158279.80141344,0.0004493420128710568,70712320,70712320,159383552,159383552,335544320,0,2101334016,0,1881099264,0,0,0,0.1,0,no_interval_samples,
effectiveness_v3_20260918T070802Z_9e915627,dev/core50_nc/io_off/io_off_core50_nc/0,io_off_core50_nc,core50_nc,0,training,4,158279.828236061,158294.134144407,14.305908345995704,70712320,121897984,159383552,159383552,335544320,0,2097381376,0,1877146624,0,2101334016,0,0.1,90,,
effectiveness_v3_20260918T070802Z_9e915627,dev/core50_nc/io_off/io_off_core50_nc/0,io_off_core50_nc,core50_nc,0,evaluation,4,158294.208965776,158300.565951191,6.356985415011877,70712320,114230272,159383552,159383552,335544320,0,2102067200,0,1881832448,0,2103255040,0,0.1,38,,
effectiveness_v3_20260918T070802Z_9e915627,dev/core50_nc/io_off/io_off_core50_nc/0,io_off_core50_nc,core50_nc,0,resource_transition,5,158300.594107635,158300.594569459,0.00046182400546967983,70712320,70712320,159383552,159383552,335544320,0,2102071296,0,1881836544,0,0,0,0.1,0,no_interval_samples,
effectiveness_v3_20260918T070802Z_9e915627,dev/core50_nc/io_off/io_off_core50_nc/0,io_off_core50_nc,core50_nc,0,training,5,158300.621933773,158317.237161603,16.615227829985088,70712320,121897984,159383552,159383552,335544320,0,2099040256,0,1878805504,0,2102071296,0,0.1,109,,
effectiveness_v3_20260918T070802Z_9e915627,dev/core50_nc/io_off/io_off_core50_nc/0,io_off_core50_nc,core50_nc,0,evaluation,5,158317.320251407,158324.526501249,7.206249841983663,70712320,114230272,159383552,159383552,335544320,0,2103656448,0,1883421696,0,2104844288,0,0.1,43,,
effectiveness_v3_20260918T070802Z_9e915627,dev/core50_nc/io_off/io_off_core50_nc/0,io_off_core50_nc,core50_nc,0,resource_transition,6,158324.562269935,158324.562940407,0.0006704719853587449,70712320,70712320,159383552,159383552,335544320,0,2103660544,0,1883425792,0,0,0,0.1,0,no_interval_samples,
effectiveness_v3_20260918T070802Z_9e915627,dev/core50_nc/io_off/io_off_core50_nc/0,io_off_core50_nc,core50_nc,0,training,6,158324.616611038,158340.91617356,16.29956252197735,70712320,121897984,159383552,159383552,335544320,0,2099482624,0,1879247872,0,2100088832,0,0.1,101,,
effectiveness_v3_20260918T070802Z_9e915627,dev/core50_nc/io_off/io_off_core50_nc/0,io_off_core50_nc,core50_nc,0,evaluation,6,158341.001309451,158348.761220597,7.759911145985825,70712320,114230272,159383552,159383552,335544320,0,2104061952,0,1883827200,0,2105643008,0,0.1,46,,
effectiveness_v3_20260918T070802Z_9e915627,dev/core50_nc/io_off/io_off_core50_nc/0,io_off_core50_nc,core50_nc,0,resource_transition,7,158348.791343329,158348.791797181,0.00045385200064629316,70712320,70712320,159383552,159383552,335544320,0,2104061952,0,1883827200,0,0,0,0.1,0,no_interval_samples,
effectiveness_v3_20260918T070802Z_9e915627,dev/core50_nc/io_off/io_off_core50_nc/0,io_off_core50_nc,core50_nc,0,training,7,158348.820588626,158364.279414666,15.458826040005079,70712320,121897984,159383552,159383552,335544320,0,2099662848,0,1879428096,0,2103029760,0,0.1,96,,
effectiveness_v3_20260918T070802Z_9e915627,dev/core50_nc/io_off/io_off_core50_nc/0,io_off_core50_nc,core50_nc,0,evaluation,7,158364.335040479,158373.358939934,9.02389945500181,70712320,114230272,159383552,159383552,335544320,0,2099548160,0,1879313408,0,2107121664,0,0.1,55,,
effectiveness_v3_20260918T070802Z_9e915627,dev/core50_nc/io_off/io_off_core50_nc/0,io_off_core50_nc,core50_nc,0,resource_transition,8,158373.415403553,158373.415988914,0.0005853610055055469,70712320,70712320,159383552,159383552,335544320,0,2099548160,0,1879313408,0,0,0,0.1,0,no_interval_samples,
effectiveness_v3_20260918T070802Z_9e915627,dev/core50_nc/io_off/io_off_core50_nc/0,io_off_core50_nc,core50_nc,0,training,8,158373.450242997,158385.019696009,11.569453011994483,70712320,121897984,159383552,159383552,335544320,0,2099908608,0,1879673856,0,2100686848,0,0.1,71,,
effectiveness_v3_20260918T070802Z_9e915627,dev/core50_nc/io_off/io_off_core50_nc/0,io_off_core50_nc,core50_nc,0,evaluation,8,158385.099981909,158395.220286812,10.12030490298639,70712320,114230272,159383552,159383552,335544320,0,2099900416,0,1879665664,0,2108223488,0,0.1,60,,
effectiveness_v3_20260918T071131Z_f68f3c56,dev/core50_nc/io_on/io_on_core50_nc/0,io_on_core50_nc,core50_nc,0,setup,,158402.339297,158402.717182438,0.37788543800706975,1395712,1395712,2097152,2097152,335544320,0,1348411392,0,1128262656,0,1321738240,0,0.1,1,,
effectiveness_v3_20260918T071131Z_f68f3c56,dev/core50_nc/io_on/io_on_core50_nc/0,io_on_core50_nc,core50_nc,0,resource_transition,0,158402.736871512,158402.737271188,0.0003996760060545057,1395712,1395712,2097152,2097152,335544320,0,1348501504,0,1128291328,0,0,0,0.1,0,no_interval_samples,
effectiveness_v3_20260918T071131Z_f68f3c56,dev/core50_nc/io_on/io_on_core50_nc/0,io_on_core50_nc,core50_nc,0,training,0,158402.755728355,158428.250270781,25.49454242599313,70712320,95452672,117440512,117440512,335544320,0,2043084800,0,1822850048,0,2038841344,0,0.1,137,,
effectiveness_v3_20260918T071131Z_f68f3c56,dev/core50_nc/io_on/io_on_core50_nc/0,io_on_core50_nc,core50_nc,0,evaluation,0,158428.315851662,158430.206230452,1.890378790005343,70712320,114230272,159383552,159383552,335544320,0,2094194688,0,1873968128,0,2095308800,0,0.1,13,,
effectiveness_v3_20260918T071131Z_f68f3c56,dev/core50_nc/io_on/io_on_core50_nc/0,io_on_core50_nc,core50_nc,0,resource_transition,1,158430.239670961,158430.240328961,0.0006580000044777989,70712320,70712320,159383552,159383552,335544320,0,2094211072,0,1873984512,0,0,0,0.1,0,no_interval_samples,
effectiveness_v3_20260918T071131Z_f68f3c56,dev/core50_nc/io_on/io_on_core50_nc/0,io_on_core50_nc,core50_nc,0,training,1,158430.27061121,158443.717373253,13.446762042993214,70712320,121897984,159383552,159383552,335544320,0,2098724864,0,1878490112,0,2098860032,0,0.1,65,,
effectiveness_v3_20260918T071131Z_f68f3c56,dev/core50_nc/io_on/io_on_core50_nc/0,io_on_core50_nc,core50_nc,0,evaluation,1,158443.825245449,158446.625611674,2.8003662250121124,70712320,114230272,159383552,159383552,335544320,0,2097348608,0,1877113856,0,2098724864,0,0.1,17,,
effectiveness_v3_20260918T071131Z_f68f3c56,dev/core50_nc/io_on/io_on_core50_nc/0,io_on_core50_nc,core50_nc,0,resource_transition,2,158446.652132064,158446.652639138,0.0005070740007795393,70712320,70712320,159383552,159383552,335544320,0,2097348608,0,1877113856,0,0,0,0.1,0,no_interval_samples,
effectiveness_v3_20260918T071131Z_f68f3c56,dev/core50_nc/io_on/io_on_core50_nc/0,io_on_core50_nc,core50_nc,0,training,2,158446.678968222,158457.199493727,10.520525505009573,70712320,121897984,159383552,159383552,335544320,0,2099552256,0,1879317504,0,2099834880,0,0.1,57,,
effectiveness_v3_20260918T071131Z_f68f3c56,dev/core50_nc/io_on/io_on_core50_nc/0,io_on_core50_nc,core50_nc,0,evaluation,2,158457.265694764,158461.605806961,4.340112196980044,70712320,114230272,159383552,159383552,335544320,0,2095202304,0,1874967552,0,2099552256,0,0.1,26,,
effectiveness_v3_20260918T071131Z_f68f3c56,dev/core50_nc/io_on/io_on_core50_nc/0,io_on_core50_nc,core50_nc,0,resource_transition,3,158461.634512868,158461.634985405,0.0004725369799416512,70712320,70712320,159383552,159383552,335544320,0,2095206400,0,1874971648,0,0,0,0.1,0,no_interval_samples,
effectiveness_v3_20260918T071131Z_f68f3c56,dev/core50_nc/io_on/io_on_core50_nc/0,io_on_core50_nc,core50_nc,0,training,3,158461.662123348,158475.155883385,13.493760037003085,70712320,121897984,159383552,159383552,335544320,0,2100293632,0,1880058880,0,2101014528,0,0.1,72,,
effectiveness_v3_20260918T071131Z_f68f3c56,dev/core50_nc/io_on/io_on_core50_nc/0,io_on_core50_nc,core50_nc,0,evaluation,3,158475.227006884,158480.134065935,4.907059051009128,70712320,114230272,159383552,159383552,335544320,0,2103083008,0,1882848256,0,2104438784,0,0.1,29,,
effectiveness_v3_20260918T071131Z_f68f3c56,dev/core50_nc/io_on/io_on_core50_nc/0,io_on_core50_nc,core50_nc,0,resource_transition,4,158480.164032295,158480.164514203,0.0004819080058950931,70712320,70712320,159383552,159383552,335544320,0,2103083008,0,1882848256,0,0,0,0.1,0,no_interval_samples,
effectiveness_v3_20260918T071131Z_f68f3c56,dev/core50_nc/io_on/io_on_core50_nc/0,io_on_core50_nc,core50_nc,0,training,4,158480.191197017,158490.482255497,10.291058479982894,70712320,121897984,159383552,159383552,335544320,0,2100568064,0,1880333312,0,2103083008,0,0.1,58,,
effectiveness_v3_20260918T071131Z_f68f3c56,dev/core50_nc/io_on/io_on_core50_nc/0,io_on_core50_nc,core50_nc,0,evaluation,4,158490.569323764,158496.983742923,6.414419159002136,70712320,114230272,159383552,159383552,335544320,0,2103902208,0,1883667456,0,2105090048,0,0.1,38,,
effectiveness_v3_20260918T071131Z_f68f3c56,dev/core50_nc/io_on/io_on_core50_nc/0,io_on_core50_nc,core50_nc,0,resource_transition,5,158497.013643294,158497.014137146,0.0004938520141877234,70712320,70712320,159383552,159383552,335544320,0,2103906304,0,1883671552,0,0,0,0.1,0,no_interval_samples,
effectiveness_v3_20260918T071131Z_f68f3c56,dev/core50_nc/io_on/io_on_core50_nc/0,io_on_core50_nc,core50_nc,0,training,5,158497.043809239,158510.476581088,13.432771849009441,70712320,121897984,159383552,159383552,335544320,0,2100740096,0,1880505344,0,2103906304,0,0.1,66,,
effectiveness_v3_20260918T071131Z_f68f3c56,dev/core50_nc/io_on/io_on_core50_nc/0,io_on_core50_nc,core50_nc,0,evaluation,5,158510.542886254,158517.810511305,7.267625050997594,70712320,114230272,159383552,159383552,335544320,0,2101862400,0,1881627648,0,2105729024,0,0.1,42,,
effectiveness_v3_20260918T071131Z_f68f3c56,dev/core50_nc/io_on/io_on_core50_nc/0,io_on_core50_nc,core50_nc,0,resource_transition,6,158517.840624998,158517.841072795,0.00044779700692743063,70712320,70712320,159383552,159383552,335544320,0,2101866496,0,1881631744,0,0,0,0.1,0,no_interval_samples,
effectiveness_v3_20260918T071131Z_f68f3c56,dev/core50_nc/io_on/io_on_core50_nc/0,io_on_core50_nc,core50_nc,0,training,6,158517.869280442,158530.999459889,13.130179446976399,70712320,121897984,159383552,159383552,335544320,0,2101497856,0,1881263104,0,2102489088,0,0.1,64,,
effectiveness_v3_20260918T071131Z_f68f3c56,dev/core50_nc/io_on/io_on_core50_nc/0,io_on_core50_nc,core50_nc,0,evaluation,6,158531.104098767,158539.119971256,8.01587248899159,70712320,114230272,159383552,159383552,335544320,0,2104872960,0,1884638208,0,2106007552,0,0.1,47,,
effectiveness_v3_20260918T071131Z_f68f3c56,dev/core50_nc/io_on/io_on_core50_nc/0,io_on_core50_nc,core50_nc,0,resource_transition,7,158539.152178922,158539.152657468,0.0004785459896083921,70712320,70712320,159383552,159383552,335544320,0,2104872960,0,1884638208,0,0,0,0.1,0,no_interval_samples,
effectiveness_v3_20260918T071131Z_f68f3c56,dev/core50_nc/io_on/io_on_core50_nc/0,io_on_core50_nc,core50_nc,0,training,7,158539.202013032,158551.937150827,12.735137795010814,70712320,121897984,159383552,159383552,335544320,0,2102042624,0,1881807872,0,2104905728,0,0.1,61,,
effectiveness_v3_20260918T071131Z_f68f3c56,dev/core50_nc/io_on/io_on_core50_nc/0,io_on_core50_nc,core50_nc,0,evaluation,7,158552.041394596,158561.391624682,9.350230086012743,70712320,114230272,159383552,159383552,335544320,0,2102013952,0,1881779200,0,2108686336,0,0.1,55,,
effectiveness_v3_20260918T071131Z_f68f3c56,dev/core50_nc/io_on/io_on_core50_nc/0,io_on_core50_nc,core50_nc,0,resource_transition,8,158561.439231098,158561.439701839,0.00047074101166799664,70712320,70712320,159383552,159383552,335544320,0,2102013952,0,1881779200,0,0,0,0.1,0,no_interval_samples,
effectiveness_v3_20260918T071131Z_f68f3c56,dev/core50_nc/io_on/io_on_core50_nc/0,io_on_core50_nc,core50_nc,0,training,8,158561.467415505,158573.777172906,12.309757401002571,70712320,121897984,159383552,159383552,335544320,0,2103906304,0,1883671552,0,2104770560,0,0.1,61,,
effectiveness_v3_20260918T071131Z_f68f3c56,dev/core50_nc/io_on/io_on_core50_nc/0,io_on_core50_nc,core50_nc,0,evaluation,8,158573.845677451,158583.069450661,9.223773209989304,70712320,114230272,159383552,159383552,335544320,0,2105483264,0,1885248512,0,2108489728,0,0.1,62,,
effectiveness_v3_20260918T071448Z_a0c5f366,dev/core50_nc/sensitivity/sens_thr_half_q160/0,sens_thr_half_q160,core50_nc,0,setup,,158599.51529612,158599.895245042,0.3799489219964016,1395712,1395712,2097152,2097152,167772160,0,1348571136,0,1128436736,0,1319972864,0,0.1,1,,
effectiveness_v3_20260918T071448Z_a0c5f366,dev/core50_nc/sensitivity/sens_thr_half_q160/0,sens_thr_half_q160,core50_nc,0,resource_transition,0,158599.916179171,158599.916617866,0.00043869498767890036,1395712,1395712,2097152,2097152,167772160,0,1348673536,0,1128453120,0,0,0,0.1,0,no_interval_samples,
effectiveness_v3_20260918T071448Z_a0c5f366,dev/core50_nc/sensitivity/sens_thr_half_q160/0,sens_thr_half_q160,core50_nc,0,training,0,158599.935570217,158626.838854462,26.90328424499603,70712320,95452672,117440512,117440512,167772160,0,2038562816,0,1818330112,0,2036498432,0,0.1,169,,
effectiveness_v3_20260918T071448Z_a0c5f366,dev/core50_nc/sensitivity/sens_thr_half_q160/0,sens_thr_half_q160,core50_nc,0,evaluation,0,158626.906761008,158628.951781784,2.045020776015008,70712320,114230272,159383552,159383552,167772160,0,2089455616,0,1869231104,0,2090725376,0,0.1,13,,
effectiveness_v3_20260918T071448Z_a0c5f366,dev/core50_nc/sensitivity/sens_thr_half_q160/0,sens_thr_half_q160,core50_nc,0,controller,0,158628.978813682,158628.978937729,0.00012404698645696044,70712320,70712320,159383552,159383552,167772160,0,2089467904,0,1869243392,0,0,0,0.1,0,no_interval_samples,
effectiveness_v3_20260918T071448Z_a0c5f366,dev/core50_nc/sensitivity/sens_thr_half_q160/0,sens_thr_half_q160,core50_nc,0,reconfiguration,0,158629.003463868,158629.003768822,0.0003049540100619197,70712320,70712320,159383552,159383552,167772160,0,2089480192,0,1869247488,0,0,0,0.1,0,no_interval_samples,
effectiveness_v3_20260918T071448Z_a0c5f366,dev/core50_nc/sensitivity/sens_thr_half_q160/0,sens_thr_half_q160,core50_nc,0,resource_transition,1,158629.027030063,158629.027546554,0.0005164909816812724,70712320,70712320,159383552,159383552,167772160,0,2089480192,0,1869247488,0,0,0,0.1,0,no_interval_samples,
effectiveness_v3_20260918T071448Z_a0c5f366,dev/core50_nc/sensitivity/sens_thr_half_q160/0,sens_thr_half_q160,core50_nc,0,training,1,158629.051902054,158659.496401683,30.44449962899671,72920064,121897984,161480704,161480704,167772160,0,2216882176,0,1996649472,0,2196807680,0,0.1,191,,
effectiveness_v3_20260918T071448Z_a0c5f366,dev/core50_nc/sensitivity/sens_thr_half_q160/0,sens_thr_half_q160,core50_nc,0,evaluation,1,158659.560010499,158662.472775759,2.9127652600000147,72920064,116438016,161480704,161480704,167772160,0,2221498368,0,2001265664,0,2223329280,0,0.1,17,,
effectiveness_v3_20260918T071448Z_a0c5f366,dev/core50_nc/sensitivity/sens_thr_half_q160/0,sens_thr_half_q160,core50_nc,0,controller,1,158662.502375925,158662.502498962,0.00012303702533245087,72920064,72920064,161480704,161480704,167772160,0,2221498368,0,2001265664,0,0,0,0.1,0,no_interval_samples,
effectiveness_v3_20260918T071448Z_a0c5f366,dev/core50_nc/sensitivity/sens_thr_half_q160/0,sens_thr_half_q160,core50_nc,0,reconfiguration,1,158662.528319137,158662.528961897,0.000642760016489774,72920064,72920064,161480704,161480704,167772160,0,2221498368,0,2001265664,0,0,0,0.1,0,no_interval_samples,
effectiveness_v3_20260918T071448Z_a0c5f366,dev/core50_nc/sensitivity/sens_thr_half_q160/0,sens_thr_half_q160,core50_nc,0,resource_transition,2,158662.553764118,158662.554324285,0.0005601670127362013,72920064,72920064,161480704,161480704,167772160,0,2221498368,0,2001265664,0,0,0,0.1,0,no_interval_samples,
effectiveness_v3_20260918T071448Z_a0c5f366,dev/core50_nc/sensitivity/sens_thr_half_q160/0,sens_thr_half_q160,core50_nc,0,training,2,158662.600570997,158662.685965709,0.0853947120194789,145751552,151059968,167772160,167772160,167772160,0,2241978368,0,2021340160,0,0,0,0.1,0,no_interval_samples,failed
effectiveness_v3_20260918T071559Z_e01e3443,dev/core50_nc/sensitivity/sens_thr_double_q160/0,sens_thr_double_q160,core50_nc,0,setup,,158669.942945822,158670.323500426,0.380554603994824,1395712,1395712,2097152,2097152,167772160,0,1349185536,0,1129063424,0,1316757504,0,0.1,1,,
effectiveness_v3_20260918T071559Z_e01e3443,dev/core50_nc/sensitivity/sens_thr_double_q160/0,sens_thr_double_q160,core50_nc,0,resource_transition,0,158670.343415565,158670.343838815,0.0004232499923091382,1395712,1395712,2097152,2097152,167772160,0,1349287936,0,1129079808,0,0,0,0.1,0,no_interval_samples,
effectiveness_v3_20260918T071559Z_e01e3443,dev/core50_nc/sensitivity/sens_thr_double_q160/0,sens_thr_double_q160,core50_nc,0,training,0,158670.362441269,158697.315277876,26.95283660700079,70712320,95452672,117440512,117440512,167772160,0,2038464512,0,1818244096,0,2036465664,0,0.1,171,,
effectiveness_v3_20260918T071559Z_e01e3443,dev/core50_nc/sensitivity/sens_thr_double_q160/0,sens_thr_double_q160,core50_nc,0,evaluation,0,158697.377819091,158699.211833092,1.8340140010113828,70712320,114230272,159383552,159383552,167772160,0,2084052992,0,1863853056,0,2090717184,0,0.1,11,,
effectiveness_v3_20260918T071559Z_e01e3443,dev/core50_nc/sensitivity/sens_thr_double_q160/0,sens_thr_double_q160,core50_nc,0,controller,0,158699.240229064,158699.240360675,0.00013161101378500462,70712320,70712320,159383552,159383552,167772160,0,2084077568,0,1863869440,0,0,0,0.1,0,no_interval_samples,
effectiveness_v3_20260918T071559Z_e01e3443,dev/core50_nc/sensitivity/sens_thr_double_q160/0,sens_thr_double_q160,core50_nc,0,reconfiguration,0,158699.289120452,158699.289446646,0.00032619398552924395,70712320,70712320,159383552,159383552,167772160,0,2084089856,0,1863869440,0,0,0,0.1,0,no_interval_samples,
effectiveness_v3_20260918T071559Z_e01e3443,dev/core50_nc/sensitivity/sens_thr_double_q160/0,sens_thr_double_q160,core50_nc,0,resource_transition,1,158699.314501072,158699.315055581,0.0005545090243685991,70712320,70712320,159383552,159383552,167772160,0,2084089856,0,1863869440,0,0,0,0.1,0,no_interval_samples,
effectiveness_v3_20260918T071559Z_e01e3443,dev/core50_nc/sensitivity/sens_thr_double_q160/0,sens_thr_double_q160,core50_nc,0,training,1,158699.341030479,158726.634938384,27.293907904997468,72920064,121897984,161480704,161480704,167772160,0,2216910848,0,1996690432,0,2196824064,0,0.1,170,,
effectiveness_v3_20260918T071559Z_e01e3443,dev/core50_nc/sensitivity/sens_thr_double_q160/0,sens_thr_double_q160,core50_nc,0,evaluation,1,158726.704888256,158729.462971281,2.758083024993539,72920064,116438016,161480704,161480704,167772160,0,2221510656,0,2001290240,0,2223341568,0,0.1,16,,
effectiveness_v3_20260918T071559Z_e01e3443,dev/core50_nc/sensitivity/sens_thr_double_q160/0,sens_thr_double_q160,core50_nc,0,controller,1,158729.493143476,158729.493265966,0.00012249001883901656,72920064,72920064,161480704,161480704,167772160,0,2221510656,0,2001290240,0,0,0,0.1,0,no_interval_samples,
effectiveness_v3_20260918T071559Z_e01e3443,dev/core50_nc/sensitivity/sens_thr_double_q160/0,sens_thr_double_q160,core50_nc,0,reconfiguration,1,158729.521353421,158729.521952282,0.0005988609918858856,72920064,72920064,161480704,161480704,167772160,0,2221510656,0,2001290240,0,0,0,0.1,0,no_interval_samples,
effectiveness_v3_20260918T071559Z_e01e3443,dev/core50_nc/sensitivity/sens_thr_double_q160/0,sens_thr_double_q160,core50_nc,0,resource_transition,2,158729.555320431,158729.555846903,0.0005264719948172569,72920064,72920064,161480704,161480704,167772160,0,2221510656,0,2001290240,0,0,0,0.1,0,no_interval_samples,
effectiveness_v3_20260918T071559Z_e01e3443,dev/core50_nc/sensitivity/sens_thr_double_q160/0,sens_thr_double_q160,core50_nc,0,training,2,158729.584909959,158729.678029202,0.09311924301437102,145751552,151059968,167772160,167772160,167772160,0,2241986560,0,2021360640,0,0,0,0.1,0,no_interval_samples,failed
effectiveness_v3_20260918T071706Z_15ebee85,dev/core50_nc/sensitivity/sens_alpha_half_q160/0,sens_alpha_half_q160,core50_nc,0,setup,,158736.769219995,158737.155004841,0.3857848460029345,1395712,1395712,2097152,2097152,167772160,0,1348640768,0,1128506368,0,1316777984,0,0.1,1,,
effectiveness_v3_20260918T071706Z_15ebee85,dev/core50_nc/sensitivity/sens_alpha_half_q160/0,sens_alpha_half_q160,core50_nc,0,resource_transition,0,158737.179919878,158737.180383461,0.00046358301187865436,1395712,1395712,2097152,2097152,167772160,0,1348743168,0,1128526848,0,0,0,0.1,0,no_interval_samples,
effectiveness_v3_20260918T071706Z_15ebee85,dev/core50_nc/sensitivity/sens_alpha_half_q160/0,sens_alpha_half_q160,core50_nc,0,training,0,158737.201342201,158764.031776229,26.830434028001036,70712320,95452672,117440512,117440512,167772160,0,2038480896,0,1818248192,0,2036568064,0,0.1,168,,
effectiveness_v3_20260918T071706Z_15ebee85,dev/core50_nc/sensitivity/sens_alpha_half_q160/0,sens_alpha_half_q160,core50_nc,0,evaluation,0,158764.09560532,158766.04446999,1.9488646700046957,70712320,114230272,159383552,159383552,167772160,0,2089529344,0,1869304832,0,2090799104,0,0.1,11,,
effectiveness_v3_20260918T071706Z_15ebee85,dev/core50_nc/sensitivity/sens_alpha_half_q160/0,sens_alpha_half_q160,core50_nc,0,controller,0,158766.070370454,158766.07048451,0.0001140560198109597,70712320,70712320,159383552,159383552,167772160,0,2089545728,0,1869325312,0,0,0,0.1,0,no_interval_samples,
effectiveness_v3_20260918T071706Z_15ebee85,dev/core50_nc/sensitivity/sens_alpha_half_q160/0,sens_alpha_half_q160,core50_nc,0,reconfiguration,0,158766.094364695,158766.094691362,0.00032666701008565724,70712320,70712320,159383552,159383552,167772160,0,2089558016,0,1869325312,0,0,0,0.1,0,no_interval_samples,
effectiveness_v3_20260918T071706Z_15ebee85,dev/core50_nc/sensitivity/sens_alpha_half_q160/0,sens_alpha_half_q160,core50_nc,0,resource_transition,1,158766.14092201,158766.141443352,0.0005213420081418008,70712320,70712320,159383552,159383552,167772160,0,2089558016,0,1869325312,0,0,0,0.1,0,no_interval_samples,
effectiveness_v3_20260918T071706Z_15ebee85,dev/core50_nc/sensitivity/sens_alpha_half_q160/0,sens_alpha_half_q160,core50_nc,0,training,1,158766.167334018,158797.032550249,30.8652162309736,72920064,121897984,161480704,161480704,167772160,0,2216992768,0,1996760064,0,2196881408,0,0.1,192,,
effectiveness_v3_20260918T071706Z_15ebee85,dev/core50_nc/sensitivity/sens_alpha_half_q160/0,sens_alpha_half_q160,core50_nc,0,evaluation,1,158797.101361331,158799.784248843,2.682887511997251,72920064,116438016,161480704,161480704,167772160,0,2221592576,0,2001359872,0,2223431680,0,0.1,15,,
effectiveness_v3_20260918T071706Z_15ebee85,dev/core50_nc/sensitivity/sens_alpha_half_q160/0,sens_alpha_half_q160,core50_nc,0,controller,1,158799.810347851,158799.810484416,0.0001365650095976889,72920064,72920064,161480704,161480704,167772160,0,2221592576,0,2001359872,0,0,0,0.1,0,no_interval_samples,
effectiveness_v3_20260918T071706Z_15ebee85,dev/core50_nc/sensitivity/sens_alpha_half_q160/0,sens_alpha_half_q160,core50_nc,0,reconfiguration,1,158799.83700511,158799.837784082,0.0007789719966240227,72920064,72920064,161480704,161480704,167772160,0,2221592576,0,2001359872,0,0,0,0.1,0,no_interval_samples,
effectiveness_v3_20260918T071706Z_15ebee85,dev/core50_nc/sensitivity/sens_alpha_half_q160/0,sens_alpha_half_q160,core50_nc,0,resource_transition,2,158799.863648962,158799.864233962,0.0005850000015925616,72920064,72920064,161480704,161480704,167772160,0,2221592576,0,2001359872,0,0,0,0.1,0,no_interval_samples,
effectiveness_v3_20260918T071706Z_15ebee85,dev/core50_nc/sensitivity/sens_alpha_half_q160/0,sens_alpha_half_q160,core50_nc,0,training,2,158799.890811498,158800.01252957,0.12171807201229967,145751552,151059968,167772160,167772160,167772160,0,2242076672,0,2021438464,0,2221592576,0,0.1,1,,failed
effectiveness_v3_20260918T071816Z_b64b58f9,dev/core50_nc/sensitivity/sens_alpha_double_q160/0,sens_alpha_double_q160,core50_nc,0,setup,,158807.316865627,158807.693166869,0.37630124198039994,1395712,1395712,2097152,2097152,167772160,0,1348349952,0,1128227840,0,1319952384,0,0.1,1,,
effectiveness_v3_20260918T071816Z_b64b58f9,dev/core50_nc/sensitivity/sens_alpha_double_q160/0,sens_alpha_double_q160,core50_nc,0,resource_transition,0,158807.721562898,158807.722028046,0.0004651480121538043,1395712,1395712,2097152,2097152,167772160,0,1348464640,0,1128244224,0,0,0,0.1,0,no_interval_samples,
effectiveness_v3_20260918T071816Z_b64b58f9,dev/core50_nc/sensitivity/sens_alpha_double_q160/0,sens_alpha_double_q160,core50_nc,0,training,0,158807.740889814,158834.828810024,27.087920209974982,70712320,95452672,117440512,117440512,167772160,0,2038415360,0,1818182656,0,2036510720,0,0.1,170,,
effectiveness_v3_20260918T071816Z_b64b58f9,dev/core50_nc/sensitivity/sens_alpha_double_q160/0,sens_alpha_double_q160,core50_nc,0,evaluation,0,158834.915752754,158836.843295523,1.9275427690008655,70712320,114230272,159383552,159383552,167772160,0,2085822464,0,1865597952,0,2089291776,0,0.1,11,,
effectiveness_v3_20260918T071816Z_b64b58f9,dev/core50_nc/sensitivity/sens_alpha_double_q160/0,sens_alpha_double_q160,core50_nc,0,controller,0,158836.881629745,158836.881778078,0.0001483329979237169,70712320,70712320,159383552,159383552,167772160,0,2085834752,0,1865618432,0,0,0,0.1,0,no_interval_samples,
effectiveness_v3_20260918T071816Z_b64b58f9,dev/core50_nc/sensitivity/sens_alpha_double_q160/0,sens_alpha_double_q160,core50_nc,0,reconfiguration,0,158836.906133189,158836.906481383,0.00034819397842511535,70712320,70712320,159383552,159383552,167772160,0,2085851136,0,1865618432,0,0,0,0.1,0,no_interval_samples,
effectiveness_v3_20260918T071816Z_b64b58f9,dev/core50_nc/sensitivity/sens_alpha_double_q160/0,sens_alpha_double_q160,core50_nc,0,resource_transition,1,158836.930605947,158836.931181957,0.0005760100029874593,70712320,70712320,159383552,159383552,167772160,0,2085851136,0,1865618432,0,0,0,0.1,0,no_interval_samples,
effectiveness_v3_20260918T071816Z_b64b58f9,dev/core50_nc/sensitivity/sens_alpha_double_q160/0,sens_alpha_double_q160,core50_nc,0,training,1,158836.956453067,158866.835748051,29.87929498401354,72920064,121897984,161480704,161480704,167772160,0,2216919040,0,1996686336,0,2196828160,0,0.1,187,,
effectiveness_v3_20260918T071816Z_b64b58f9,dev/core50_nc/sensitivity/sens_alpha_double_q160/0,sens_alpha_double_q160,core50_nc,0,evaluation,1,158866.906728994,158869.78746177,2.880732775985962,72920064,116438016,161480704,161480704,167772160,0,2221522944,0,2001290240,0,2223349760,0,0.1,17,,
effectiveness_v3_20260918T071816Z_b64b58f9,dev/core50_nc/sensitivity/sens_alpha_double_q160/0,sens_alpha_double_q160,core50_nc,0,controller,1,158869.816456522,158869.816580105,0.00012358298408798873,72920064,72920064,161480704,161480704,167772160,0,2221522944,0,2001290240,0,0,0,0.1,0,no_interval_samples,
effectiveness_v3_20260918T071816Z_b64b58f9,dev/core50_nc/sensitivity/sens_alpha_double_q160/0,sens_alpha_double_q160,core50_nc,0,reconfiguration,1,158869.842495773,158869.843216866,0.0007210930052679032,72920064,72920064,161480704,161480704,167772160,0,2221522944,0,2001290240,0,0,0,0.1,0,no_interval_samples,
effectiveness_v3_20260918T071816Z_b64b58f9,dev/core50_nc/sensitivity/sens_alpha_double_q160/0,sens_alpha_double_q160,core50_nc,0,resource_transition,2,158869.870026534,158869.87060521,0.0005786760011687875,72920064,72920064,161480704,161480704,167772160,0,2221522944,0,2001290240,0,0,0,0.1,0,no_interval_samples,
effectiveness_v3_20260918T071816Z_b64b58f9,dev/core50_nc/sensitivity/sens_alpha_double_q160/0,sens_alpha_double_q160,core50_nc,0,training,2,158869.89799011,158869.988254968,0.09026485797949135,145776128,151084544,167772160,167772160,167772160,0,2241998848,0,2021360640,0,0,0,0.1,0,no_interval_samples,failed
effectiveness_v3_20260918T071926Z_2b894538,dev/core50_nc/sensitivity/sens_beta_half_q160/0,sens_beta_half_q160,core50_nc,0,setup,,158877.126548954,158877.507056988,0.38050803399528377,1395712,1395712,2097152,2097152,167772160,0,1348542464,0,1128412160,0,0,0,0.1,0,no_interval_samples,
effectiveness_v3_20260918T071926Z_2b894538,dev/core50_nc/sensitivity/sens_beta_half_q160/0,sens_beta_half_q160,core50_nc,0,resource_transition,0,158877.527079293,158877.527521747,0.00044245398021303117,1395712,1395712,2097152,2097152,167772160,0,1348648960,0,1128432640,0,0,0,0.1,0,no_interval_samples,
effectiveness_v3_20260918T071926Z_2b894538,dev/core50_nc/sensitivity/sens_beta_half_q160/0,sens_beta_half_q160,core50_nc,0,training,0,158877.547331765,158903.431691143,25.884359377989313,70712320,95452672,117440512,117440512,167772160,0,2038325248,0,1818092544,0,2036473856,0,0.1,164,,
effectiveness_v3_20260918T071926Z_2b894538,dev/core50_nc/sensitivity/sens_beta_half_q160/0,sens_beta_half_q160,core50_nc,0,evaluation,0,158903.491248284,158905.488509537,1.9972612530109473,70712320,114230272,159383552,159383552,167772160,0,2089472000,0,1869251584,0,2089291776,0,0.1,12,,
effectiveness_v3_20260918T071926Z_2b894538,dev/core50_nc/sensitivity/sens_beta_half_q160/0,sens_beta_half_q160,core50_nc,0,controller,0,158905.514792286,158905.514912462,0.00012017600238323212,70712320,70712320,159383552,159383552,167772160,0,2089488384,0,1869263872,0,0,0,0.1,0,no_interval_samples,
effectiveness_v3_20260918T071926Z_2b894538,dev/core50_nc/sensitivity/sens_beta_half_q160/0,sens_beta_half_q160,core50_nc,0,reconfiguration,0,158905.539162073,158905.539462212,0.00030013901414349675,70712320,70712320,159383552,159383552,167772160,0,2089496576,0,1869263872,0,0,0,0.1,0,no_interval_samples,
effectiveness_v3_20260918T071926Z_2b894538,dev/core50_nc/sensitivity/sens_beta_half_q160/0,sens_beta_half_q160,core50_nc,0,resource_transition,1,158905.562404508,158905.562905211,0.0005007029976695776,70712320,70712320,159383552,159383552,167772160,0,2089496576,0,1869263872,0,0,0,0.1,0,no_interval_samples,
effectiveness_v3_20260918T071926Z_2b894538,dev/core50_nc/sensitivity/sens_beta_half_q160/0,sens_beta_half_q160,core50_nc,0,training,1,158905.590612294,158936.289340903,30.69872860898613,72920064,121897984,161480704,161480704,167772160,0,2216919040,0,1996686336,0,2196832256,0,0.1,190,,
effectiveness_v3_20260918T071926Z_2b894538,dev/core50_nc/sensitivity/sens_beta_half_q160/0,sens_beta_half_q160,core50_nc,0,evaluation,1,158936.373216847,158939.084433978,2.711217131000012,72920064,116438016,161480704,161480704,167772160,0,2221527040,0,2001294336,0,2223370240,0,0.1,15,,
effectiveness_v3_20260918T071926Z_2b894538,dev/core50_nc/sensitivity/sens_beta_half_q160/0,sens_beta_half_q160,core50_nc,0,controller,1,158939.114442949,158939.114568125,0.00012517598224803805,72920064,72920064,161480704,161480704,167772160,0,2221527040,0,2001294336,0,0,0,0.1,0,no_interval_samples,
effectiveness_v3_20260918T071926Z_2b894538,dev/core50_nc/sensitivity/sens_beta_half_q160/0,sens_beta_half_q160,core50_nc,0,reconfiguration,1,158939.140083384,158939.140790273,0.0007068889972288162,72920064,72920064,161480704,161480704,167772160,0,2221527040,0,2001294336,0,0,0,0.1,0,no_interval_samples,
effectiveness_v3_20260918T071926Z_2b894538,dev/core50_nc/sensitivity/sens_beta_half_q160/0,sens_beta_half_q160,core50_nc,0,resource_transition,2,158939.166070976,158939.166629513,0.000558536994503811,72920064,72920064,161480704,161480704,167772160,0,2221527040,0,2001294336,0,0,0,0.1,0,no_interval_samples,
effectiveness_v3_20260918T071926Z_2b894538,dev/core50_nc/sensitivity/sens_beta_half_q160/0,sens_beta_half_q160,core50_nc,0,training,2,158939.192757568,158939.328957089,0.13619952098815702,145751552,151059968,167772160,167772160,167772160,0,2241994752,0,2021356544,0,2221527040,0,0.1,1,,failed
effectiveness_v3_20260918T072035Z_faee1189,dev/core50_nc/sensitivity/sens_beta_double_q160/0,sens_beta_double_q160,core50_nc,0,setup,,158946.395677736,158946.775716445,0.3800387090013828,1395712,1395712,2097152,2097152,167772160,0,1348415488,0,1128289280,0,1321607168,0,0.1,1,,
effectiveness_v3_20260918T072035Z_faee1189,dev/core50_nc/sensitivity/sens_beta_double_q160/0,sens_beta_double_q160,core50_nc,0,resource_transition,0,158946.79755926,158946.797992584,0.000433323992183432,1395712,1395712,2097152,2097152,167772160,0,1348517888,0,1128305664,0,0,0,0.1,0,no_interval_samples,
effectiveness_v3_20260918T072035Z_faee1189,dev/core50_nc/sensitivity/sens_beta_double_q160/0,sens_beta_double_q160,core50_nc,0,training,0,158946.816342224,158973.40344345,26.587101226003142,70712320,95452672,117440512,117440512,167772160,0,2038218752,0,1817994240,0,2036383744,0,0.1,166,,
effectiveness_v3_20260918T072035Z_faee1189,dev/core50_nc/sensitivity/sens_beta_double_q160/0,sens_beta_double_q160,core50_nc,0,evaluation,0,158973.469553488,158975.298392082,1.828838594025001,70712320,114230272,159383552,159383552,167772160,0,2089377792,0,1869173760,0,2090651648,0,0.1,10,,
effectiveness_v3_20260918T072035Z_faee1189,dev/core50_nc/sensitivity/sens_beta_double_q160/0,sens_beta_double_q160,core50_nc,0,controller,0,158975.344737231,158975.344857481,0.00012024998432025313,70712320,70712320,159383552,159383552,167772160,0,2089402368,0,1869177856,0,0,0,0.1,0,no_interval_samples,
effectiveness_v3_20260918T072035Z_faee1189,dev/core50_nc/sensitivity/sens_beta_double_q160/0,sens_beta_double_q160,core50_nc,0,reconfiguration,0,158975.370981249,158975.371305583,0.00032433398882858455,70712320,70712320,159383552,159383552,167772160,0,2089402368,0,1869177856,0,0,0,0.1,0,no_interval_samples,
effectiveness_v3_20260918T072035Z_faee1189,dev/core50_nc/sensitivity/sens_beta_double_q160/0,sens_beta_double_q160,core50_nc,0,resource_transition,1,158975.395242758,158975.39573824,0.0004954820033162832,70712320,70712320,159383552,159383552,167772160,0,2089402368,0,1869177856,0,0,0,0.1,0,no_interval_samples,
effectiveness_v3_20260918T072035Z_faee1189,dev/core50_nc/sensitivity/sens_beta_double_q160/0,sens_beta_double_q160,core50_nc,0,training,1,158975.420189415,159002.623642572,27.20345315700979,72920064,121897984,161480704,161480704,167772160,0,2216824832,0,1996600320,0,2196733952,0,0.1,169,,
effectiveness_v3_20260918T072035Z_faee1189,dev/core50_nc/sensitivity/sens_beta_double_q160/0,sens_beta_double_q160,core50_nc,0,evaluation,1,159002.70877224,159005.395483671,2.686711430986179,72920064,116438016,161480704,161480704,167772160,0,2221432832,0,2001208320,0,2223271936,0,0.1,15,,
effectiveness_v3_20260918T072035Z_faee1189,dev/core50_nc/sensitivity/sens_beta_double_q160/0,sens_beta_double_q160,core50_nc,0,controller,1,159005.427498718,159005.427630792,0.00013207399751991034,72920064,72920064,161480704,161480704,167772160,0,2221432832,0,2001208320,0,0,0,0.1,0,no_interval_samples,
effectiveness_v3_20260918T072035Z_faee1189,dev/core50_nc/sensitivity/sens_beta_double_q160/0,sens_beta_double_q160,core50_nc,0,reconfiguration,1,159005.453833292,159005.454555376,0.000722083990694955,72920064,72920064,161480704,161480704,167772160,0,2221432832,0,2001208320,0,0,0,0.1,0,no_interval_samples,
effectiveness_v3_20260918T072035Z_faee1189,dev/core50_nc/sensitivity/sens_beta_double_q160/0,sens_beta_double_q160,core50_nc,0,resource_transition,2,159005.479714848,159005.480289117,0.000574268982745707,72920064,72920064,161480704,161480704,167772160,0,2221432832,0,2001208320,0,0,0,0.1,0,no_interval_samples,
effectiveness_v3_20260918T072035Z_faee1189,dev/core50_nc/sensitivity/sens_beta_double_q160/0,sens_beta_double_q160,core50_nc,0,training,2,159005.506706136,159005.622115906,0.11540977002005093,145751552,151059968,167772160,167772160,167772160,0,2241908736,0,2021278720,0,2221432832,0,0.1,1,,failed
effectiveness_v3_20260918T072142Z_620bd669,dev/core50_nc/sensitivity/sens_lr_half_q160/0,sens_lr_half_q160,core50_nc,0,setup,,159012.72248453,159013.111721052,0.38923652199446224,1395712,1395712,2097152,2097152,167772160,0,1350258688,0,1130127360,0,1310068736,0,0.1,1,,
effectiveness_v3_20260918T072142Z_620bd669,dev/core50_nc/sensitivity/sens_lr_half_q160/0,sens_lr_half_q160,core50_nc,0,resource_transition,0,159013.135123969,159013.1355767,0.00045273100840859115,1395712,1395712,2097152,2097152,167772160,0,1350348800,0,1130160128,0,0,0,0.1,0,no_interval_samples,
effectiveness_v3_20260918T072142Z_620bd669,dev/core50_nc/sensitivity/sens_lr_half_q160/0,sens_lr_half_q160,core50_nc,0,training,0,159013.15400557,159039.960180839,26.806175269011874,70712320,95452672,117440512,117440512,167772160,0,2040332288,0,1820114944,0,2038403072,0,0.1,168,,
effectiveness_v3_20260918T072142Z_620bd669,dev/core50_nc/sensitivity/sens_lr_half_q160/0,sens_lr_half_q160,core50_nc,0,evaluation,0,159040.014109532,159041.737807106,1.7236975739942864,70712320,114230272,159383552,159383552,167772160,0,2087772160,0,1867563008,0,2092683264,0,0.1,10,,
effectiveness_v3_20260918T072142Z_620bd669,dev/core50_nc/sensitivity/sens_lr_half_q160/0,sens_lr_half_q160,core50_nc,0,controller,0,159041.787601293,159041.787749589,0.0001482960069552064,70712320,70712320,159383552,159383552,167772160,0,2087784448,0,1867572224,0,0,0,0.1,0,no_interval_samples,
effectiveness_v3_20260918T072142Z_620bd669,dev/core50_nc/sensitivity/sens_lr_half_q160/0,sens_lr_half_q160,core50_nc,0,reconfiguration,0,159041.813227701,159041.813553608,0.0003259069926571101,70712320,70712320,159383552,159383552,167772160,0,2087788544,0,1867571200,0,0,0,0.1,0,no_interval_samples,
effectiveness_v3_20260918T072142Z_620bd669,dev/core50_nc/sensitivity/sens_lr_half_q160/0,sens_lr_half_q160,core50_nc,0,resource_transition,1,159041.838503646,159041.839045674,0.0005420279921963811,70712320,70712320,159383552,159383552,167772160,0,2087788544,0,1867571200,0,0,0,0.1,0,no_interval_samples,
effectiveness_v3_20260918T072142Z_620bd669,dev/core50_nc/sensitivity/sens_lr_half_q160/0,sens_lr_half_q160,core50_nc,0,training,1,159041.864778109,159072.896293869,31.031515759998,72920064,121897984,161480704,161480704,167772160,0,2218876928,0,1998659584,0,2198786048,0,0.1,192,,
effectiveness_v3_20260918T072142Z_620bd669,dev/core50_nc/sensitivity/sens_lr_half_q160/0,sens_lr_half_q160,core50_nc,0,evaluation,1,159072.966413683,159075.716254369,2.7498406860104296,72920064,116438016,161480704,161480704,167772160,0,2223480832,0,2003263488,0,2225311744,0,0.1,16,,
effectiveness_v3_20260918T072142Z_620bd669,dev/core50_nc/sensitivity/sens_lr_half_q160/0,sens_lr_half_q160,core50_nc,0,controller,1,159075.746459054,159075.746583748,0.0001246939937118441,72920064,72920064,161480704,161480704,167772160,0,2223480832,0,2003263488,0,0,0,0.1,0,no_interval_samples,
effectiveness_v3_20260918T072142Z_620bd669,dev/core50_nc/sensitivity/sens_lr_half_q160/0,sens_lr_half_q160,core50_nc,0,reconfiguration,1,159075.773715174,159075.774428831,0.0007136570056900382,72920064,72920064,161480704,161480704,167772160,0,2223480832,0,2003263488,0,0,0,0.1,0,no_interval_samples,
effectiveness_v3_20260918T072142Z_620bd669,dev/core50_nc/sensitivity/sens_lr_half_q160/0,sens_lr_half_q160,core50_nc,0,resource_transition,2,159075.814924404,159075.815476293,0.0005518890102393925,72920064,72920064,161480704,161480704,167772160,0,2223480832,0,2003263488,0,0,0,0.1,0,no_interval_samples,
effectiveness_v3_20260918T072142Z_620bd669,dev/core50_nc/sensitivity/sens_lr_half_q160/0,sens_lr_half_q160,core50_nc,0,training,2,159075.844372497,159075.955052902,0.11068040499230847,145751552,151059968,167772160,167772160,167772160,0,2243956736,0,2023334912,0,0,0,0.1,0,no_interval_samples,failed
effectiveness_v3_20260918T072252Z_cfb0717e,dev/core50_nc/sensitivity/sens_lr_double_q160/0,sens_lr_double_q160,core50_nc,0,setup,,159083.130379989,159083.508851155,0.37847116601187736,1395712,1395712,2097152,2097152,167772160,0,1348571136,0,1128457216,0,1316757504,0,0.1,1,,
effectiveness_v3_20260918T072252Z_cfb0717e,dev/core50_nc/sensitivity/sens_lr_double_q160/0,sens_lr_double_q160,core50_nc,0,resource_transition,0,159083.532338239,159083.532771442,0.00043320300756022334,1395712,1395712,2097152,2097152,167772160,0,1348681728,0,1128473600,0,0,0,0.1,0,no_interval_samples,
effectiveness_v3_20260918T072252Z_cfb0717e,dev/core50_nc/sensitivity/sens_lr_double_q160/0,sens_lr_double_q160,core50_nc,0,training,0,159083.551040471,159110.556560284,27.005519812984858,70712320,95452672,117440512,117440512,167772160,0,2038366208,0,1818145792,0,2036523008,0,0.1,169,,
effectiveness_v3_20260918T072252Z_cfb0717e,dev/core50_nc/sensitivity/sens_lr_double_q160/0,sens_lr_double_q160,core50_nc,0,evaluation,0,159110.617815211,159112.638481191,2.020665980002377,70712320,114230272,159383552,159383552,167772160,0,2085851136,0,1865638912,0,2090766336,0,0.1,12,,
effectiveness_v3_20260918T072252Z_cfb0717e,dev/core50_nc/sensitivity/sens_lr_double_q160/0,sens_lr_double_q160,core50_nc,0,controller,0,159112.68515922,159112.685307924,0.0001487039844505489,70712320,70712320,159383552,159383552,167772160,0,2085867520,0,1865659392,0,0,0,0.1,0,no_interval_samples,
effectiveness_v3_20260918T072252Z_cfb0717e,dev/core50_nc/sensitivity/sens_lr_double_q160/0,sens_lr_double_q160,core50_nc,0,reconfiguration,0,159112.709284767,159112.709672147,0.0003873799869325012,70712320,70712320,159383552,159383552,167772160,0,2085879808,0,1865659392,0,0,0,0.1,0,no_interval_samples,
effectiveness_v3_20260918T072252Z_cfb0717e,dev/core50_nc/sensitivity/sens_lr_double_q160/0,sens_lr_double_q160,core50_nc,0,resource_transition,1,159112.732747416,159112.733313684,0.0005662679905071855,70712320,70712320,159383552,159383552,167772160,0,2085879808,0,1865659392,0,0,0,0.1,0,no_interval_samples,
effectiveness_v3_20260918T072252Z_cfb0717e,dev/core50_nc/sensitivity/sens_lr_double_q160/0,sens_lr_double_q160,core50_nc,0,training,1,159112.757345184,159144.011749506,31.254404321982292,72920064,121897984,161480704,161480704,167772160,0,2216964096,0,1996743680,0,2198675456,0,0.1,194,,
effectiveness_v3_20260918T072252Z_cfb0717e,dev/core50_nc/sensitivity/sens_lr_double_q160/0,sens_lr_double_q160,core50_nc,0,evaluation,1,159144.082107634,159146.933711263,2.8516036290093325,72920064,116438016,161480704,161480704,167772160,0,2221563904,0,2001343488,0,2223394816,0,0.1,17,,
effectiveness_v3_20260918T072252Z_cfb0717e,dev/core50_nc/sensitivity/sens_lr_double_q160/0,sens_lr_double_q160,core50_nc,0,controller,1,159146.962576716,159146.962702494,0.0001257779949810356,72920064,72920064,161480704,161480704,167772160,0,2221563904,0,2001343488,0,0,0,0.1,0,no_interval_samples,
effectiveness_v3_20260918T072252Z_cfb0717e,dev/core50_nc/sensitivity/sens_lr_double_q160/0,sens_lr_double_q160,core50_nc,0,reconfiguration,1,159146.988617781,159146.989266633,0.000648852001177147,72920064,72920064,161480704,161480704,167772160,0,2221563904,0,2001343488,0,0,0,0.1,0,no_interval_samples,
effectiveness_v3_20260918T072252Z_cfb0717e,dev/core50_nc/sensitivity/sens_lr_double_q160/0,sens_lr_double_q160,core50_nc,0,resource_transition,2,159147.013439921,159147.014001958,0.0005620370211545378,72920064,72920064,161480704,161480704,167772160,0,2221563904,0,2001343488,0,0,0,0.1,0,no_interval_samples,
effectiveness_v3_20260918T072252Z_cfb0717e,dev/core50_nc/sensitivity/sens_lr_double_q160/0,sens_lr_double_q160,core50_nc,0,training,2,159147.039657079,159147.148914303,0.10925722398678772,145751552,151059968,167772160,167772160,167772160,0,2242039808,0,2021413888,0,2221563904,0,0.1,1,,failed
effectiveness_v3_20260918T072403Z_e3878a3f,dev/core50_nc/sensitivity/sens_delta_half_life_q160/0,sens_delta_half_life_q160,core50_nc,0,setup,,159154.224633125,159154.60105736,0.37642423500074074,1395712,1395712,2097152,2097152,167772160,0,1348567040,0,1128436736,0,1321680896,0,0.1,1,,
effectiveness_v3_20260918T072403Z_e3878a3f,dev/core50_nc/sensitivity/sens_delta_half_life_q160/0,sens_delta_half_life_q160,core50_nc,0,resource_transition,0,159154.622684183,159154.623106415,0.00042223199852742255,1395712,1395712,2097152,2097152,167772160,0,1348673536,0,1128453120,0,0,0,0.1,0,no_interval_samples,
effectiveness_v3_20260918T072403Z_e3878a3f,dev/core50_nc/sensitivity/sens_delta_half_life_q160/0,sens_delta_half_life_q160,core50_nc,0,training,0,159154.64186997,159176.804219487,22.16234951702063,70712320,95452672,117440512,117440512,167772160,0,2038456320,0,1818223616,0,2036527104,0,0.1,137,,
effectiveness_v3_20260918T072403Z_e3878a3f,dev/core50_nc/sensitivity/sens_delta_half_life_q160/0,sens_delta_half_life_q160,core50_nc,0,evaluation,0,159176.876194403,159178.687554663,1.8113602599769365,70712320,114230272,159383552,159383552,167772160,0,2085892096,0,1865663488,0,2090815488,0,0.1,11,,
effectiveness_v3_20260918T072403Z_e3878a3f,dev/core50_nc/sensitivity/sens_delta_half_life_q160/0,sens_delta_half_life_q160,core50_nc,0,controller,0,159178.718791247,159178.718920488,0.00012924100155942142,70712320,70712320,159383552,159383552,167772160,0,2085900288,0,1865688064,0,0,0,0.1,0,no_interval_samples,
effectiveness_v3_20260918T072403Z_e3878a3f,dev/core50_nc/sensitivity/sens_delta_half_life_q160/0,sens_delta_half_life_q160,core50_nc,0,reconfiguration,0,159178.744482016,159178.744713118,0.00023110202164389193,70712320,70712320,159383552,159383552,167772160,0,2085920768,0,1865688064,0,0,0,0.1,0,no_interval_samples,
effectiveness_v3_20260918T072403Z_e3878a3f,dev/core50_nc/sensitivity/sens_delta_half_life_q160/0,sens_delta_half_life_q160,core50_nc,0,resource_transition,1,159178.768043369,159178.768601628,0.0005582589947152883,70712320,70712320,159383552,159383552,167772160,0,2085920768,0,1865688064,0,0,0,0.1,0,no_interval_samples,
effectiveness_v3_20260918T072403Z_e3878a3f,dev/core50_nc/sensitivity/sens_delta_half_life_q160/0,sens_delta_half_life_q160,core50_nc,0,training,1,159178.793109082,159209.665344995,30.87223591300426,72920064,121897984,161480704,161480704,167772160,0,2216992768,0,1996760064,0,2196914176,0,0.1,192,,
effectiveness_v3_20260918T072403Z_e3878a3f,dev/core50_nc/sensitivity/sens_delta_half_life_q160/0,sens_delta_half_life_q160,core50_nc,0,evaluation,1,159209.729154586,159212.456392088,2.7272375019965693,72920064,116438016,161480704,161480704,167772160,0,2221600768,0,2001368064,0,2223431680,0,0.1,16,,
effectiveness_v3_20260918T072403Z_e3878a3f,dev/core50_nc/sensitivity/sens_delta_half_life_q160/0,sens_delta_half_life_q160,core50_nc,0,controller,1,159212.485467032,159212.485583458,0.00011642600293271244,72920064,72920064,161480704,161480704,167772160,0,2221600768,0,2001368064,0,0,0,0.1,0,no_interval_samples,
effectiveness_v3_20260918T072403Z_e3878a3f,dev/core50_nc/sensitivity/sens_delta_half_life_q160/0,sens_delta_half_life_q160,core50_nc,0,reconfiguration,1,159212.511335662,159212.51199294,0.0006572779966518283,72920064,72920064,161480704,161480704,167772160,0,2221600768,0,2001368064,0,0,0,0.1,0,no_interval_samples,
effectiveness_v3_20260918T072403Z_e3878a3f,dev/core50_nc/sensitivity/sens_delta_half_life_q160/0,sens_delta_half_life_q160,core50_nc,0,resource_transition,2,159212.536963024,159212.537522737,0.0005597129929810762,72920064,72920064,161480704,161480704,167772160,0,2221600768,0,2001368064,0,0,0,0.1,0,no_interval_samples,
effectiveness_v3_20260918T072403Z_e3878a3f,dev/core50_nc/sensitivity/sens_delta_half_life_q160/0,sens_delta_half_life_q160,core50_nc,0,training,2,159212.563793803,159212.705545972,0.1417521690018475,145751552,151059968,167772160,167772160,167772160,0,2242076672,0,2021438464,0,2221600768,0,0.1,1,,failed
effectiveness_v3_20260918T072509Z_1bb76c1e,dev/core50_nc/sensitivity/sens_initial_batch32_q160/0,sens_initial_batch32_q160,core50_nc,0,setup,,159219.995069618,159220.378517958,0.3834483399987221,1395712,1395712,2097152,2097152,167772160,0,1348608000,0,1128477696,0,1316773888,0,0.1,1,,
effectiveness_v3_20260918T072509Z_1bb76c1e,dev/core50_nc/sensitivity/sens_initial_batch32_q160/0,sens_initial_batch32_q160,core50_nc,0,resource_transition,0,159220.406582967,159220.40697906,0.00039609300438314676,1395712,1395712,2097152,2097152,167772160,0,1348714496,0,1128498176,0,0,0,0.1,0,no_interval_samples,
effectiveness_v3_20260918T072509Z_1bb76c1e,dev/core50_nc/sensitivity/sens_initial_batch32_q160/0,sens_initial_batch32_q160,core50_nc,0,training,0,159220.427246828,159236.761425347,16.33417851899867,70712320,121897984,155189248,155189248,167772160,0,2019475456,0,1799242752,0,2019209216,0,0.1,104,,
effectiveness_v3_20260918T072509Z_1bb76c1e,dev/core50_nc/sensitivity/sens_initial_batch32_q160/0,sens_initial_batch32_q160,core50_nc,0,evaluation,0,159236.81850567,159238.519772209,1.7012665389920585,70712320,114230272,155189248,155189248,167772160,0,2078879744,0,1858647040,0,2071814144,0,0.1,11,,
effectiveness_v3_20260918T072509Z_1bb76c1e,dev/core50_nc/sensitivity/sens_initial_batch32_q160/0,sens_initial_batch32_q160,core50_nc,0,controller,0,159238.550106404,159238.550226867,0.00012046299525536597,70712320,70712320,155189248,155189248,167772160,0,2078879744,0,1858647040,0,0,0,0.1,0,no_interval_samples,
effectiveness_v3_20260918T072509Z_1bb76c1e,dev/core50_nc/sensitivity/sens_initial_batch32_q160/0,sens_initial_batch32_q160,core50_nc,0,reconfiguration,0,159238.574031719,159238.574351775,0.0003200559876859188,70712320,70712320,155189248,155189248,167772160,0,2078879744,0,1858647040,0,0,0,0.1,0,no_interval_samples,
effectiveness_v3_20260918T072509Z_1bb76c1e,dev/core50_nc/sensitivity/sens_initial_batch32_q160/0,sens_initial_batch32_q160,core50_nc,0,resource_transition,1,159238.597312081,159238.597857099,0.0005450180033221841,70712320,70712320,155189248,155189248,167772160,0,2078879744,0,1858647040,0,0,0,0.1,0,no_interval_samples,
effectiveness_v3_20260918T072509Z_1bb76c1e,dev/core50_nc/sensitivity/sens_initial_batch32_q160/0,sens_initial_batch32_q160,core50_nc,0,training,1,159238.622664248,159238.764356203,0.14169195501017384,154295296,154295296,157286400,157286400,167772160,0,2099011584,0,1878373376,0,2079121408,0,0.1,1,,failed
effectiveness_v3_20260918T072535Z_a66b8f55,dev/core50_nc/sensitivity/sens_initial_replay1000_q160/0,sens_initial_replay1000_q160,core50_nc,0,setup,,159245.991036914,159246.368512792,0.3774758779909462,1395712,1395712,2097152,2097152,167772160,0,1350496256,0,1130385408,0,0,0,0.1,0,no_interval_samples,
effectiveness_v3_20260918T072535Z_a66b8f55,dev/core50_nc/sensitivity/sens_initial_replay1000_q160/0,sens_initial_replay1000_q160,core50_nc,0,resource_transition,0,159246.390206226,159246.390629134,0.0004229079931974411,1395712,1395712,2097152,2097152,167772160,0,1350606848,0,1130401792,0,0,0,0.1,0,no_interval_samples,
effectiveness_v3_20260918T072535Z_a66b8f55,dev/core50_nc/sensitivity/sens_initial_replay1000_q160/0,sens_initial_replay1000_q160,core50_nc,0,training,0,159246.409231152,159273.666209809,27.25697865698021,70712320,95452672,117440512,117440512,167772160,0,2041098240,0,1820880896,0,2038468608,0,0.1,170,,
effectiveness_v3_20260918T072535Z_a66b8f55,dev/core50_nc/sensitivity/sens_initial_replay1000_q160/0,sens_initial_replay1000_q160,core50_nc,0,evaluation,0,159273.761639108,159275.939488726,2.1778496179904323,70712320,114230272,159383552,159383552,167772160,0,2092355584,0,1872146432,0,2093633536,0,0.1,13,,
effectiveness_v3_20260918T072535Z_a66b8f55,dev/core50_nc/sensitivity/sens_initial_replay1000_q160/0,sens_initial_replay1000_q160,core50_nc,0,controller,0,159275.967041207,159275.967166938,0.00012573099229484797,70712320,70712320,159383552,159383552,167772160,0,2092376064,0,1872171008,0,0,0,0.1,0,no_interval_samples,
effectiveness_v3_20260918T072535Z_a66b8f55,dev/core50_nc/sensitivity/sens_initial_replay1000_q160/0,sens_initial_replay1000_q160,core50_nc,0,reconfiguration,0,159275.992727419,159275.993062873,0.00033545398036949337,70712320,70712320,159383552,159383552,167772160,0,2092388352,0,1872171008,0,0,0,0.1,0,no_interval_samples,
effectiveness_v3_20260918T072535Z_a66b8f55,dev/core50_nc/sensitivity/sens_initial_replay1000_q160/0,sens_initial_replay1000_q160,core50_nc,0,resource_transition,1,159276.029595946,159276.030121724,0.0005257780139800161,70712320,70712320,159383552,159383552,167772160,0,2092388352,0,1872171008,0,0,0,0.1,0,no_interval_samples,
effectiveness_v3_20260918T072535Z_a66b8f55,dev/core50_nc/sensitivity/sens_initial_replay1000_q160/0,sens_initial_replay1000_q160,core50_nc,0,training,1,159276.057899575,159304.180828071,28.122928495984524,72920064,121897984,161480704,161480704,167772160,0,2220351488,0,2000134144,0,2199777280,0,0.1,175,,
effectiveness_v3_20260918T072535Z_a66b8f55,dev/core50_nc/sensitivity/sens_initial_replay1000_q160/0,sens_initial_replay1000_q160,core50_nc,0,evaluation,1,159304.248365088,159307.029554802,2.78118971400545,72920064,116438016,161480704,161480704,167772160,0,2225786880,0,2005569536,0,2225713152,0,0.1,16,,
effectiveness_v3_20260918T072535Z_a66b8f55,dev/core50_nc/sensitivity/sens_initial_replay1000_q160/0,sens_initial_replay1000_q160,core50_nc,0,controller,1,159307.078943301,159307.079070311,0.00012701001833193004,72920064,72920064,161480704,161480704,167772160,0,2225786880,0,2005569536,0,0,0,0.1,0,no_interval_samples,
effectiveness_v3_20260918T072535Z_a66b8f55,dev/core50_nc/sensitivity/sens_initial_replay1000_q160/0,sens_initial_replay1000_q160,core50_nc,0,reconfiguration,1,159307.104974486,159307.105660884,0.0006863980088382959,72920064,72920064,161480704,161480704,167772160,0,2225786880,0,2005569536,0,0,0,0.1,0,no_interval_samples,
effectiveness_v3_20260918T072535Z_a66b8f55,dev/core50_nc/sensitivity/sens_initial_replay1000_q160/0,sens_initial_replay1000_q160,core50_nc,0,resource_transition,2,159307.130840004,159307.131415532,0.0005755279853474349,72920064,72920064,161480704,161480704,167772160,0,2225786880,0,2005569536,0,0,0,0.1,0,no_interval_samples,
effectiveness_v3_20260918T072535Z_a66b8f55,dev/core50_nc/sensitivity/sens_initial_replay1000_q160/0,sens_initial_replay1000_q160,core50_nc,0,training,2,159307.157973633,159307.325405736,0.16743210298591293,145751552,151059968,167772160,167772160,167772160,0,2241916928,0,2021295104,0,2225786880,0,0.1,1,,failed
effectiveness_v3_20260918T072643Z_8270ed07,dev/core50_nc/sensitivity/sens_quota_loose_q320/0,sens_quota_loose_q320,core50_nc,0,setup,,159314.456988792,159314.835147814,0.3781590220169164,1395712,1395712,2097152,2097152,335544320,0,1350324224,0,1130198016,0,0,0,0.1,0,no_interval_samples,
effectiveness_v3_20260918T072643Z_8270ed07,dev/core50_nc/sensitivity/sens_quota_loose_q320/0,sens_quota_loose_q320,core50_nc,0,resource_transition,0,159314.855119508,159314.855545138,0.0004256300162523985,1395712,1395712,2097152,2097152,335544320,0,1350434816,0,1130214400,0,0,0,0.1,0,no_interval_samples,
effectiveness_v3_20260918T072643Z_8270ed07,dev/core50_nc/sensitivity/sens_quota_loose_q320/0,sens_quota_loose_q320,core50_nc,0,training,0,159314.875262545,159342.267638135,27.39237558998866,70712320,95452672,117440512,117440512,335544320,0,2040131584,0,1819898880,0,2038263808,0,0.1,171,,
effectiveness_v3_20260918T072643Z_8270ed07,dev/core50_nc/sensitivity/sens_quota_loose_q320/0,sens_quota_loose_q320,core50_nc,0,evaluation,0,159342.353980072,159344.336908359,1.982928287005052,70712320,114230272,159383552,159383552,335544320,0,2091270144,0,1871045632,0,2092527616,0,0.1,11,,
effectiveness_v3_20260918T072643Z_8270ed07,dev/core50_nc/sensitivity/sens_quota_loose_q320/0,sens_quota_loose_q320,core50_nc,0,controller,0,159344.364869896,159344.364993497,0.00012360099935904145,70712320,70712320,159383552,159383552,335544320,0,2091282432,0,1871057920,0,0,0,0.1,0,no_interval_samples,
effectiveness_v3_20260918T072643Z_8270ed07,dev/core50_nc/sensitivity/sens_quota_loose_q320/0,sens_quota_loose_q320,core50_nc,0,reconfiguration,0,159344.390212506,159344.390552932,0.0003404259914532304,70712320,70712320,159383552,159383552,335544320,0,2091290624,0,1871057920,0,0,0,0.1,0,no_interval_samples,
effectiveness_v3_20260918T072643Z_8270ed07,dev/core50_nc/sensitivity/sens_quota_loose_q320/0,sens_quota_loose_q320,core50_nc,0,resource_transition,1,159344.424972941,159344.425551811,0.0005788700073026121,70712320,70712320,159383552,159383552,335544320,0,2091290624,0,1871057920,0,0,0,0.1,0,no_interval_samples,
effectiveness_v3_20260918T072643Z_8270ed07,dev/core50_nc/sensitivity/sens_quota_loose_q320/0,sens_quota_loose_q320,core50_nc,0,training,1,159344.453477829,159375.261057719,30.807579890009947,72920064,121897984,161480704,161480704,335544320,0,2218700800,0,1998468096,0,2200420352,0,0.1,193,,
effectiveness_v3_20260918T072643Z_8270ed07,dev/core50_nc/sensitivity/sens_quota_loose_q320/0,sens_quota_loose_q320,core50_nc,0,evaluation,1,159375.329085193,159377.839026402,2.509941209020326,72920064,116438016,161480704,161480704,335544320,0,2223316992,0,2003084288,0,2225143808,0,0.1,18,,
effectiveness_v3_20260918T072643Z_8270ed07,dev/core50_nc/sensitivity/sens_quota_loose_q320/0,sens_quota_loose_q320,core50_nc,0,controller,1,159377.886586616,159377.886717218,0.00013060201308690012,72920064,72920064,161480704,161480704,335544320,0,2223316992,0,2003084288,0,0,0,0.1,0,no_interval_samples,
effectiveness_v3_20260918T072643Z_8270ed07,dev/core50_nc/sensitivity/sens_quota_loose_q320/0,sens_quota_loose_q320,core50_nc,0,reconfiguration,1,159377.914773811,159377.915489941,0.0007161299872677773,72920064,72920064,161480704,161480704,335544320,0,2223316992,0,2003084288,0,0,0,0.1,0,no_interval_samples,
effectiveness_v3_20260918T072643Z_8270ed07,dev/core50_nc/sensitivity/sens_quota_loose_q320/0,sens_quota_loose_q320,core50_nc,0,resource_transition,2,159377.941562525,159377.942128775,0.0005662500043399632,72920064,72920064,161480704,161480704,335544320,0,2223316992,0,2003084288,0,0,0,0.1,0,no_interval_samples,
effectiveness_v3_20260918T072643Z_8270ed07,dev/core50_nc/sensitivity/sens_quota_loose_q320/0,sens_quota_loose_q320,core50_nc,0,training,2,159377.969472516,159415.176084254,37.20661173798726,76217344,155344896,184549376,184549376,335544320,0,2262773760,0,2042497024,0,2262966272,0,0.1,240,,
effectiveness_v3_20260918T072643Z_8270ed07,dev/core50_nc/sensitivity/sens_quota_loose_q320/0,sens_quota_loose_q320,core50_nc,0,evaluation,2,159415.247645818,159419.797856968,4.550211150024552,76217344,121267200,184549376,184549376,335544320,0,2263052288,0,2042775552,0,2269634560,0,0.1,27,,
effectiveness_v3_20260918T072643Z_8270ed07,dev/core50_nc/sensitivity/sens_quota_loose_q320/0,sens_quota_loose_q320,core50_nc,0,controller,2,159419.833424182,159419.833551534,0.00012735198833979666,76217344,76217344,184549376,184549376,335544320,0,2263056384,0,2042779648,0,0,0,0.1,0,no_interval_samples,
effectiveness_v3_20260918T072643Z_8270ed07,dev/core50_nc/sensitivity/sens_quota_loose_q320/0,sens_quota_loose_q320,core50_nc,0,reconfiguration,2,159419.861568312,159419.863341266,0.0017729540122672915,76217344,76217344,184549376,184549376,335544320,0,2263056384,0,2042779648,0,0,0,0.1,0,no_interval_samples,
effectiveness_v3_20260918T072643Z_8270ed07,dev/core50_nc/sensitivity/sens_quota_loose_q320/0,sens_quota_loose_q320,core50_nc,0,resource_transition,3,159419.888409637,159419.888959988,0.000550350989215076,76217344,76217344,184549376,184549376,335544320,0,2263056384,0,2042779648,0,0,0,0.1,0,no_interval_samples,
effectiveness_v3_20260918T072643Z_8270ed07,dev/core50_nc/sensitivity/sens_quota_loose_q320/0,sens_quota_loose_q320,core50_nc,0,training,3,159419.919157415,159482.318863663,62.399706248019356,79514624,160280576,186646528,186646528,335544320,0,2321076224,0,2100799488,0,2330886144,0,0.1,406,,
effectiveness_v3_20260918T072643Z_8270ed07,dev/core50_nc/sensitivity/sens_quota_loose_q320/0,sens_quota_loose_q320,core50_nc,0,evaluation,3,159482.383281292,159487.281911119,4.89862982701743,79514624,123032576,186646528,186646528,335544320,0,2325966848,0,2105690112,0,2327740416,0,0.1,28,,
effectiveness_v3_20260918T072643Z_8270ed07,dev/core50_nc/sensitivity/sens_quota_loose_q320/0,sens_quota_loose_q320,core50_nc,0,controller,3,159487.312407554,159487.312520915,0.00011336099123582244,79514624,79514624,186646528,186646528,335544320,0,2325970944,0,2105694208,0,0,0,0.1,0,no_interval_samples,
effectiveness_v3_20260918T072643Z_8270ed07,dev/core50_nc/sensitivity/sens_quota_loose_q320/0,sens_quota_loose_q320,core50_nc,0,reconfiguration,3,159487.339079489,159487.34107509,0.0019956009928137064,79514624,79514624,186646528,186646528,335544320,0,2325970944,0,2105694208,0,0,0,0.1,0,no_interval_samples,
effectiveness_v3_20260918T072643Z_8270ed07,dev/core50_nc/sensitivity/sens_quota_loose_q320/0,sens_quota_loose_q320,core50_nc,0,resource_transition,4,159487.367988562,159487.368527294,0.000538731983397156,79514624,79514624,186646528,186646528,335544320,0,2325970944,0,2105694208,0,0,0,0.1,0,no_interval_samples,
effectiveness_v3_20260918T072643Z_8270ed07,dev/core50_nc/sensitivity/sens_quota_loose_q320/0,sens_quota_loose_q320,core50_nc,0,training,4,159487.397027599,159547.274462776,59.877435176982544,82811904,163373568,207618048,207618048,335544320,0,2323890176,0,2103613440,0,2337079296,0,0.1,395,,
effectiveness_v3_20260918T072643Z_8270ed07,dev/core50_nc/sensitivity/sens_quota_loose_q320/0,sens_quota_loose_q320,core50_nc,0,evaluation,4,159547.344748136,159553.8145095,6.469761363987345,82811904,126329856,207618048,207618048,335544320,0,2328006656,0,2107729920,0,2331287552,0,0.1,38,,
effectiveness_v3_20260918T072643Z_8270ed07,dev/core50_nc/sensitivity/sens_quota_loose_q320/0,sens_quota_loose_q320,core50_nc,0,controller,4,159553.846188445,159553.846307242,0.00011879700468853116,82811904,82811904,207618048,207618048,335544320,0,2328010752,0,2107734016,0,0,0,0.1,0,no_interval_samples,
effectiveness_v3_20260918T072643Z_8270ed07,dev/core50_nc/sensitivity/sens_quota_loose_q320/0,sens_quota_loose_q320,core50_nc,0,reconfiguration,4,159553.871644695,159553.874211325,0.0025666299916338176,82811904,82811904,207618048,207618048,335544320,0,2328010752,0,2107734016,0,0,0,0.1,0,no_interval_samples,
effectiveness_v3_20260918T072643Z_8270ed07,dev/core50_nc/sensitivity/sens_quota_loose_q320/0,sens_quota_loose_q320,core50_nc,0,resource_transition,5,159553.898651389,159553.899210046,0.0005586569895967841,82811904,82811904,207618048,207618048,335544320,0,2328010752,0,2107734016,0,0,0,0.1,0,no_interval_samples,
effectiveness_v3_20260918T072643Z_8270ed07,dev/core50_nc/sensitivity/sens_quota_loose_q320/0,sens_quota_loose_q320,core50_nc,0,training,5,159553.927847157,159653.151099185,99.22325202799402,86108672,168704000,207618048,207618048,335544320,0,2326147072,0,2105870336,0,2341486592,0,0.1,642,,
effectiveness_v3_20260918T072643Z_8270ed07,dev/core50_nc/sensitivity/sens_quota_loose_q320/0,sens_quota_loose_q320,core50_nc,0,evaluation,5,159653.214959073,159660.48586851,7.270909437007504,86108672,129626624,207618048,207618048,335544320,0,2330886144,0,2110609408,0,2332086272,0,0.1,42,,
effectiveness_v3_20260918T072643Z_8270ed07,dev/core50_nc/sensitivity/sens_quota_loose_q320/0,sens_quota_loose_q320,core50_nc,0,controller,5,159660.540765351,159660.540886333,0.0001209820038639009,86108672,86108672,207618048,207618048,335544320,0,2330890240,0,2110613504,0,0,0,0.1,0,no_interval_samples,
effectiveness_v3_20260918T072643Z_8270ed07,dev/core50_nc/sensitivity/sens_quota_loose_q320/0,sens_quota_loose_q320,core50_nc,0,reconfiguration,5,159660.567704925,159660.570666304,0.002961379010230303,86108672,86108672,207618048,207618048,335544320,0,2330890240,0,2110613504,0,0,0,0.1,0,no_interval_samples,
effectiveness_v3_20260918T072643Z_8270ed07,dev/core50_nc/sensitivity/sens_quota_loose_q320/0,sens_quota_loose_q320,core50_nc,0,resource_transition,6,159660.597895156,159660.598346693,0.0004515369946602732,86108672,86108672,207618048,207618048,335544320,0,2330890240,0,2110613504,0,0,0,0.1,0,no_interval_samples,
effectiveness_v3_20260918T072643Z_8270ed07,dev/core50_nc/sensitivity/sens_quota_loose_q320/0,sens_quota_loose_q320,core50_nc,0,training,6,159660.627701433,159773.79800385,113.17030241701286,89405440,172729856,213909504,213909504,335544320,0,2328375296,0,2108098560,0,2331201536,0,0.1,713,,
effectiveness_v3_20260918T072643Z_8270ed07,dev/core50_nc/sensitivity/sens_quota_loose_q320/0,sens_quota_loose_q320,core50_nc,0,evaluation,6,159773.8663405,159781.791523611,7.925183110986836,89405440,132923392,213909504,213909504,335544320,0,2333208576,0,2112931840,0,2336055296,0,0.1,46,,
effectiveness_v3_20260918T072643Z_8270ed07,dev/core50_nc/sensitivity/sens_quota_loose_q320/0,sens_quota_loose_q320,core50_nc,0,controller,6,159781.825292527,159781.825406397,0.00011386998812668025,89405440,89405440,213909504,213909504,335544320,0,2333208576,0,2112931840,0,0,0,0.1,0,no_interval_samples,
effectiveness_v3_20260918T072643Z_8270ed07,dev/core50_nc/sensitivity/sens_quota_loose_q320/0,sens_quota_loose_q320,core50_nc,0,reconfiguration,6,159781.8531701,159781.856214767,0.0030446670134551823,89405440,89405440,213909504,213909504,335544320,0,2333208576,0,2112931840,0,0,0,0.1,0,no_interval_samples,
effectiveness_v3_20260918T072643Z_8270ed07,dev/core50_nc/sensitivity/sens_quota_loose_q320/0,sens_quota_loose_q320,core50_nc,0,resource_transition,7,159781.882051026,159781.882621563,0.0005705369985662401,89405440,89405440,213909504,213909504,335544320,0,2333208576,0,2112931840,0,0,0,0.1,0,no_interval_samples,
effectiveness_v3_20260918T072643Z_8270ed07,dev/core50_nc/sensitivity/sens_quota_loose_q320/0,sens_quota_loose_q320,core50_nc,0,training,7,159781.924274303,159897.876103802,115.95182949901209,92702720,177353728,213909504,213909504,335544320,0,2332073984,0,2111797248,0,2332176384,0,0.1,743,,
effectiveness_v3_20260918T072643Z_8270ed07,dev/core50_nc/sensitivity/sens_quota_loose_q320/0,sens_quota_loose_q320,core50_nc,0,evaluation,7,159897.945345508,159907.243912014,9.298566506011412,92702720,136220672,213909504,213909504,335544320,0,2333331456,0,2113054720,0,2337435648,0,0.1,54,,
effectiveness_v3_20260918T072643Z_8270ed07,dev/core50_nc/sensitivity/sens_quota_loose_q320/0,sens_quota_loose_q320,core50_nc,0,controller,7,159907.286792513,159907.286949958,0.00015744499978609383,92702720,92702720,213909504,213909504,335544320,0,2333335552,0,2113058816,0,0,0,0.1,0,no_interval_samples,
effectiveness_v3_20260918T072643Z_8270ed07,dev/core50_nc/sensitivity/sens_quota_loose_q320/0,sens_quota_loose_q320,core50_nc,0,reconfiguration,7,159907.340677271,159907.345701308,0.0050240370037499815,92702720,92702720,213909504,213909504,335544320,0,2333335552,0,2113058816,0,0,0,0.1,0,no_interval_samples,
effectiveness_v3_20260918T072643Z_8270ed07,dev/core50_nc/sensitivity/sens_quota_loose_q320/0,sens_quota_loose_q320,core50_nc,0,resource_transition,8,159907.375518077,159907.376138735,0.0006206580146681517,92702720,92702720,213909504,213909504,335544320,0,2333335552,0,2113058816,0,0,0,0.1,0,no_interval_samples,
effectiveness_v3_20260918T072643Z_8270ed07,dev/core50_nc/sensitivity/sens_quota_loose_q320/0,sens_quota_loose_q320,core50_nc,0,training,8,159907.40705743,160043.542971543,136.13591411299421,95999488,181199872,216006656,216006656,335544320,0,2334351360,0,2114074624,0,2334646272,0,0.1,883,,
effectiveness_v3_20260918T072643Z_8270ed07,dev/core50_nc/sensitivity/sens_quota_loose_q320/0,sens_quota_loose_q320,core50_nc,0,evaluation,8,160043.63735135,160053.899037155,10.261685805016896,95999488,139517440,216006656,216006656,335544320,0,2338643968,0,2118367232,0,2340839424,0,0.1,60,,
effectiveness_v3_20260918T072643Z_8270ed07,dev/core50_nc/sensitivity/sens_quota_loose_q320/0,sens_quota_loose_q320,core50_nc,0,controller,8,160053.932157341,160053.932255489,9.814798249863088e-05,95999488,95999488,216006656,216006656,335544320,0,2338643968,0,2118367232,0,0,0,0.1,0,no_interval_samples,
effectiveness_v3_20260918T073910Z_ebc842d3,dev/core50_nc/sensitivity/sens_quota_mid_q240/0,sens_quota_mid_q240,core50_nc,0,setup,,160061.274169407,160061.658598476,0.38442906900309026,1395712,1395712,2097152,2097152,251658240,0,1349238784,0,1129100288,0,1315688448,0,0.1,1,,
effectiveness_v3_20260918T073910Z_ebc842d3,dev/core50_nc/sensitivity/sens_quota_mid_q240/0,sens_quota_mid_q240,core50_nc,0,resource_transition,0,160061.679124884,160061.679557625,0.00043274101335555315,1395712,1395712,2097152,2097152,251658240,0,1349337088,0,1129120768,0,0,0,0.1,0,no_interval_samples,
effectiveness_v3_20260918T073910Z_ebc842d3,dev/core50_nc/sensitivity/sens_quota_mid_q240/0,sens_quota_mid_q240,core50_nc,0,training,0,160061.698981672,160088.606903349,26.907921676989645,70712320,95452672,117440512,117440512,251658240,0,2038427648,0,1818194944,0,2036506624,0,0.1,170,,
effectiveness_v3_20260918T073910Z_ebc842d3,dev/core50_nc/sensitivity/sens_quota_mid_q240/0,sens_quota_mid_q240,core50_nc,0,evaluation,0,160088.663131524,160090.530261282,1.8671297580003738,70712320,114230272,159383552,159383552,251658240,0,2085826560,0,1865602048,0,2090737664,0,0.1,11,,
effectiveness_v3_20260918T073910Z_ebc842d3,dev/core50_nc/sensitivity/sens_quota_mid_q240/0,sens_quota_mid_q240,core50_nc,0,controller,0,160090.561292866,160090.561421635,0.0001287689956370741,70712320,70712320,159383552,159383552,251658240,0,2085842944,0,1865614336,0,0,0,0.1,0,no_interval_samples,
effectiveness_v3_20260918T073910Z_ebc842d3,dev/core50_nc/sensitivity/sens_quota_mid_q240/0,sens_quota_mid_q240,core50_nc,0,reconfiguration,0,160090.588203209,160090.588438478,0.0002352690207771957,70712320,70712320,159383552,159383552,251658240,0,2085847040,0,1865614336,0,0,0,0.1,0,no_interval_samples,
effectiveness_v3_20260918T073910Z_ebc842d3,dev/core50_nc/sensitivity/sens_quota_mid_q240/0,sens_quota_mid_q240,core50_nc,0,resource_transition,1,160090.611816608,160090.612282173,0.0004655650118365884,70712320,70712320,159383552,159383552,251658240,0,2085847040,0,1865614336,0,0,0,0.1,0,no_interval_samples,
effectiveness_v3_20260918T073910Z_ebc842d3,dev/core50_nc/sensitivity/sens_quota_mid_q240/0,sens_quota_mid_q240,core50_nc,0,training,1,160090.63624872,160119.780747801,29.144499081012327,72920064,121897984,161480704,161480704,251658240,0,2216902656,0,1996669952,0,2198614016,0,0.1,186,,
effectiveness_v3_20260918T073910Z_ebc842d3,dev/core50_nc/sensitivity/sens_quota_mid_q240/0,sens_quota_mid_q240,core50_nc,0,evaluation,1,160119.84870942,160122.567696413,2.7189869929861743,72920064,116438016,161480704,161480704,251658240,0,2221514752,0,2001282048,0,2223341568,0,0.1,16,,
effectiveness_v3_20260918T073910Z_ebc842d3,dev/core50_nc/sensitivity/sens_quota_mid_q240/0,sens_quota_mid_q240,core50_nc,0,controller,1,160122.597955736,160122.598083884,0.00012814797810278833,72920064,72920064,161480704,161480704,251658240,0,2221514752,0,2001282048,0,0,0,0.1,0,no_interval_samples,
effectiveness_v3_20260918T073910Z_ebc842d3,dev/core50_nc/sensitivity/sens_quota_mid_q240/0,sens_quota_mid_q240,core50_nc,0,reconfiguration,1,160122.6453207,160122.645982607,0.0006619070190936327,72920064,72920064,161480704,161480704,251658240,0,2221514752,0,2001282048,0,0,0,0.1,0,no_interval_samples,
effectiveness_v3_20260918T073910Z_ebc842d3,dev/core50_nc/sensitivity/sens_quota_mid_q240/0,sens_quota_mid_q240,core50_nc,0,resource_transition,2,160122.670405636,160122.670962488,0.000556851999135688,72920064,72920064,161480704,161480704,251658240,0,2221514752,0,2001282048,0,0,0,0.1,0,no_interval_samples,
effectiveness_v3_20260918T073910Z_ebc842d3,dev/core50_nc/sensitivity/sens_quota_mid_q240/0,sens_quota_mid_q240,core50_nc,0,training,2,160122.695825266,160159.95438993,37.25856466399273,76217344,155344896,184549376,184549376,251658240,0,2260938752,0,2040662016,0,2261131264,0,0.1,240,,
effectiveness_v3_20260918T073910Z_ebc842d3,dev/core50_nc/sensitivity/sens_quota_mid_q240/0,sens_quota_mid_q240,core50_nc,0,evaluation,2,160160.046993597,160164.877253053,4.830259456008207,76217344,121267200,184549376,184549376,251658240,0,2266382336,0,2046105600,0,2267475968,0,0.1,29,,
effectiveness_v3_20260918T073910Z_ebc842d3,dev/core50_nc/sensitivity/sens_quota_mid_q240/0,sens_quota_mid_q240,core50_nc,0,controller,2,160164.906193821,160164.906312942,0.00011912101763300598,76217344,76217344,184549376,184549376,251658240,0,2266386432,0,2046109696,0,0,0,0.1,0,no_interval_samples,
effectiveness_v3_20260918T073910Z_ebc842d3,dev/core50_nc/sensitivity/sens_quota_mid_q240/0,sens_quota_mid_q240,core50_nc,0,reconfiguration,2,160164.930946386,160164.932902561,0.0019561749941203743,76217344,76217344,184549376,184549376,251658240,0,2266386432,0,2046109696,0,0,0,0.1,0,no_interval_samples,
effectiveness_v3_20260918T073910Z_ebc842d3,dev/core50_nc/sensitivity/sens_quota_mid_q240/0,sens_quota_mid_q240,core50_nc,0,resource_transition,3,160164.957990746,160164.958535941,0.0005451949837151915,76217344,76217344,184549376,184549376,251658240,0,2266386432,0,2046109696,0,0,0,0.1,0,no_interval_samples,
effectiveness_v3_20260918T073910Z_ebc842d3,dev/core50_nc/sensitivity/sens_quota_mid_q240/0,sens_quota_mid_q240,core50_nc,0,training,3,160164.997980208,160226.525838293,61.527858084999025,79514624,160280576,186646528,186646528,251658240,0,2319192064,0,2098915328,0,2328961024,0,0.1,396,,
effectiveness_v3_20260918T073910Z_ebc842d3,dev/core50_nc/sensitivity/sens_quota_mid_q240/0,sens_quota_mid_q240,core50_nc,0,evaluation,3,160226.593063968,160231.640742996,5.047679028008133,79514624,123032576,186646528,186646528,251658240,0,2324185088,0,2103908352,0,2325417984,0,0.1,29,,
effectiveness_v3_20260918T073910Z_ebc842d3,dev/core50_nc/sensitivity/sens_quota_mid_q240/0,sens_quota_mid_q240,core50_nc,0,controller,3,160231.673164829,160231.673296144,0.00013131499872542918,79514624,79514624,186646528,186646528,251658240,0,2324189184,0,2103912448,0,0,0,0.1,0,no_interval_samples,
effectiveness_v3_20260918T073910Z_ebc842d3,dev/core50_nc/sensitivity/sens_quota_mid_q240/0,sens_quota_mid_q240,core50_nc,0,reconfiguration,3,160231.699731273,160231.701920486,0.002189213002566248,79514624,79514624,186646528,186646528,251658240,0,2324189184,0,2103912448,0,0,0,0.1,0,no_interval_samples,
effectiveness_v3_20260918T073910Z_ebc842d3,dev/core50_nc/sensitivity/sens_quota_mid_q240/0,sens_quota_mid_q240,core50_nc,0,resource_transition,4,160231.728225087,160231.728785772,0.0005606850027106702,79514624,79514624,186646528,186646528,251658240,0,2324189184,0,2103912448,0,0,0,0.1,0,no_interval_samples,
effectiveness_v3_20260918T073910Z_ebc842d3,dev/core50_nc/sensitivity/sens_quota_mid_q240/0,sens_quota_mid_q240,core50_nc,0,training,4,160231.757655523,160304.00642122,72.24876569700427,82811904,163373568,207618048,207618048,251658240,0,2322755584,0,2102478848,0,2323107840,0,0.1,460,,
effectiveness_v3_20260918T073910Z_ebc842d3,dev/core50_nc/sensitivity/sens_quota_mid_q240/0,sens_quota_mid_q240,core50_nc,0,evaluation,4,160304.099629667,160310.567348375,6.467718708008761,82811904,126329856,207618048,207618048,251658240,0,2322046976,0,2101770240,0,2329735168,0,0.1,38,,
effectiveness_v3_20260918T073910Z_ebc842d3,dev/core50_nc/sensitivity/sens_quota_mid_q240/0,sens_quota_mid_q240,core50_nc,0,controller,4,160310.601079744,160310.601202235,0.00012249100836925209,82811904,82811904,207618048,207618048,251658240,0,2322051072,0,2101774336,0,0,0,0.1,0,no_interval_samples,
effectiveness_v3_20260918T073910Z_ebc842d3,dev/core50_nc/sensitivity/sens_quota_mid_q240/0,sens_quota_mid_q240,core50_nc,0,reconfiguration,4,160310.650563375,160310.653329468,0.0027660930063575506,82811904,82811904,207618048,207618048,251658240,0,2322051072,0,2101774336,0,0,0,0.1,0,no_interval_samples,
effectiveness_v3_20260918T073910Z_ebc842d3,dev/core50_nc/sensitivity/sens_quota_mid_q240/0,sens_quota_mid_q240,core50_nc,0,resource_transition,5,160310.679654589,160310.680331885,0.0006772959895897657,82811904,82811904,207618048,207618048,251658240,0,2322051072,0,2101774336,0,0,0,0.1,0,no_interval_samples,
effectiveness_v3_20260918T073910Z_ebc842d3,dev/core50_nc/sensitivity/sens_quota_mid_q240/0,sens_quota_mid_q240,core50_nc,0,training,5,160310.711515988,160416.308362665,105.59684667701367,86108672,168704000,207618048,207618048,251658240,0,2323898368,0,2103621632,0,2324717568,0,0.1,675,,
effectiveness_v3_20260918T073910Z_ebc842d3,dev/core50_nc/sensitivity/sens_quota_mid_q240/0,sens_quota_mid_q240,core50_nc,0,evaluation,5,160416.40195835,160423.776484981,7.374526630999753,86108672,129626624,207618048,207618048,251658240,0,2328113152,0,2107836416,0,2330161152,0,0.1,43,,
effectiveness_v3_20260918T073910Z_ebc842d3,dev/core50_nc/sensitivity/sens_quota_mid_q240/0,sens_quota_mid_q240,core50_nc,0,controller,5,160423.810748556,160423.810877982,0.00012942601460963488,86108672,86108672,207618048,207618048,251658240,0,2328117248,0,2107840512,0,0,0,0.1,0,no_interval_samples,
effectiveness_v3_20260918T073910Z_ebc842d3,dev/core50_nc/sensitivity/sens_quota_mid_q240/0,sens_quota_mid_q240,core50_nc,0,reconfiguration,5,160423.853689797,160423.857139899,0.003450101998168975,86108672,86108672,207618048,207618048,251658240,0,2328117248,0,2107840512,0,0,0,0.1,0,no_interval_samples,
effectiveness_v3_20260918T073910Z_ebc842d3,dev/core50_nc/sensitivity/sens_quota_mid_q240/0,sens_quota_mid_q240,core50_nc,0,resource_transition,6,160423.883054547,160423.883712297,0.0006577500025741756,86108672,86108672,207618048,207618048,251658240,0,2328117248,0,2107840512,0,0,0,0.1,0,no_interval_samples,
effectiveness_v3_20260918T073910Z_ebc842d3,dev/core50_nc/sensitivity/sens_quota_mid_q240/0,sens_quota_mid_q240,core50_nc,0,training,6,160423.913214528,160538.079334399,114.16611987099168,89405440,172729856,213909504,213909504,251658240,0,2326663168,0,2106386432,0,2328363008,0,0.1,717,,
effectiveness_v3_20260918T073910Z_ebc842d3,dev/core50_nc/sensitivity/sens_quota_mid_q240/0,sens_quota_mid_q240,core50_nc,0,evaluation,6,160538.145100778,160546.253087598,8.107986819988582,89405440,132923392,213909504,213909504,251658240,0,2331656192,0,2111379456,0,2334687232,0,0.1,47,,
effectiveness_v3_20260918T073910Z_ebc842d3,dev/core50_nc/sensitivity/sens_quota_mid_q240/0,sens_quota_mid_q240,core50_nc,0,controller,6,160546.302892171,160546.303015347,0.00012317599612288177,89405440,89405440,213909504,213909504,251658240,0,2331656192,0,2111379456,0,0,0,0.1,0,no_interval_samples,
effectiveness_v3_20260918T073910Z_ebc842d3,dev/core50_nc/sensitivity/sens_quota_mid_q240/0,sens_quota_mid_q240,core50_nc,0,reconfiguration,6,160546.332052013,160546.33530767,0.003255657007684931,89405440,89405440,213909504,213909504,251658240,0,2331656192,0,2111379456,0,0,0,0.1,0,no_interval_samples,
effectiveness_v3_20260918T073910Z_ebc842d3,dev/core50_nc/sensitivity/sens_quota_mid_q240/0,sens_quota_mid_q240,core50_nc,0,resource_transition,7,160546.362951244,160546.363522216,0.0005709720135200769,89405440,89405440,213909504,213909504,251658240,0,2331656192,0,2111379456,0,0,0,0.1,0,no_interval_samples,
effectiveness_v3_20260918T073910Z_ebc842d3,dev/core50_nc/sensitivity/sens_quota_mid_q240/0,sens_quota_mid_q240,core50_nc,0,training,7,160546.395395745,160662.826345226,116.43094948100043,92702720,177353728,213909504,213909504,251658240,0,2331041792,0,2110765056,0,2331656192,0,0.1,747,,
effectiveness_v3_20260918T073910Z_ebc842d3,dev/core50_nc/sensitivity/sens_quota_mid_q240/0,sens_quota_mid_q240,core50_nc,0,evaluation,7,160662.925002422,160672.123603717,9.198601294978289,92702720,136220672,213909504,213909504,251658240,0,2336661504,0,2116384768,0,2338070528,0,0.1,54,,
effectiveness_v3_20260918T073910Z_ebc842d3,dev/core50_nc/sensitivity/sens_quota_mid_q240/0,sens_quota_mid_q240,core50_nc,0,controller,7,160672.158885357,160672.159017635,0.00013227798626758158,92702720,92702720,213909504,213909504,251658240,0,2336665600,0,2116388864,0,0,0,0.1,0,no_interval_samples,
effectiveness_v3_20260918T073910Z_ebc842d3,dev/core50_nc/sensitivity/sens_quota_mid_q240/0,sens_quota_mid_q240,core50_nc,0,reconfiguration,7,160672.208315664,160672.211900831,0.003585166996344924,92702720,92702720,213909504,213909504,251658240,0,2336665600,0,2116388864,0,0,0,0.1,0,no_interval_samples,
effectiveness_v3_20260918T073910Z_ebc842d3,dev/core50_nc/sensitivity/sens_quota_mid_q240/0,sens_quota_mid_q240,core50_nc,0,resource_transition,8,160672.237782322,160672.238322183,0.0005398610082920641,92702720,92702720,213909504,213909504,251658240,0,2336665600,0,2116388864,0,0,0,0.1,0,no_interval_samples,
effectiveness_v3_20260918T073910Z_ebc842d3,dev/core50_nc/sensitivity/sens_quota_mid_q240/0,sens_quota_mid_q240,core50_nc,0,training,8,160672.268197693,160808.57032488,136.30212718702387,95999488,181199872,216006656,216006656,251658240,0,2333978624,0,2113701888,0,2337558528,0,0.1,880,,
effectiveness_v3_20260918T073910Z_ebc842d3,dev/core50_nc/sensitivity/sens_quota_mid_q240/0,sens_quota_mid_q240,core50_nc,0,evaluation,8,160808.635746621,160818.473031069,9.83728444800363,95999488,139517440,216006656,216006656,251658240,0,2338222080,0,2117945344,0,2341568512,0,0.1,57,,
effectiveness_v3_20260918T073910Z_ebc842d3,dev/core50_nc/sensitivity/sens_quota_mid_q240/0,sens_quota_mid_q240,core50_nc,0,controller,8,160818.505872746,160818.50595507,8.232399704866111e-05,95999488,95999488,216006656,216006656,251658240,0,2338222080,0,2117945344,0,0,0,0.1,0,no_interval_samples,
effectiveness_v3_20260918T075205Z_4e190a1d,dev/core50_nc/agem_profile/agem_static_q320/0,agem_static_q320,core50_nc,0,setup,,160835.863008831,160836.246955117,0.3839462860196363,1395712,1395712,2097152,2097152,335544320,0,1349218304,0,1129081856,0,1316798464,0,0.1,1,,
effectiveness_v3_20260918T075205Z_4e190a1d,dev/core50_nc/agem_profile/agem_static_q320/0,agem_static_q320,core50_nc,0,resource_transition,0,160836.26724497,160836.267651562,0.00040659200749360025,1395712,1395712,2097152,2097152,335544320,0,1349320704,0,1129102336,0,0,0,0.1,0,no_interval_samples,
effectiveness_v3_20260918T075205Z_4e190a1d,dev/core50_nc/agem_profile/agem_static_q320/0,agem_static_q320,core50_nc,0,training,0,160836.285881192,160861.330171358,25.044290165998973,70712320,95452672,117440512,117440512,335544320,0,2037121024,0,1816886272,0,2036539392,0,0.1,168,,
effectiveness_v3_20260918T075205Z_4e190a1d,dev/core50_nc/agem_profile/agem_static_q320/0,agem_static_q320,core50_nc,0,evaluation,0,160861.389840274,160863.114121209,1.724280934984563,70712320,114230272,159383552,159383552,335544320,0,2087596032,0,1867369472,0,2089693184,0,0.1,12,,
effectiveness_v3_20260918T075205Z_4e190a1d,dev/core50_nc/agem_profile/agem_static_q320/0,agem_static_q320,core50_nc,0,resource_transition,1,160863.143539912,160863.144074903,0.0005349909770302474,70712320,70712320,159383552,159383552,335544320,0,2087608320,0,1867389952,0,0,0,0.1,0,no_interval_samples,
effectiveness_v3_20260918T075205Z_4e190a1d,dev/core50_nc/agem_profile/agem_static_q320/0,agem_static_q320,core50_nc,0,training,1,160863.171025856,160892.450886998,29.279861142014852,71801856,96739328,159383552,159383552,335544320,0,2151739392,0,1931504640,0,2152804352,0,0.1,186,,
effectiveness_v3_20260918T075205Z_4e190a1d,dev/core50_nc/agem_profile/agem_static_q320/0,agem_static_q320,core50_nc,0,evaluation,1,160892.52314657,160895.109872593,2.586726023000665,71801856,115319808,159383552,159383552,335544320,0,2156044288,0,1935809536,0,2155970560,0,0.1,17,,
effectiveness_v3_20260918T075205Z_4e190a1d,dev/core50_nc/agem_profile/agem_static_q320/0,agem_static_q320,core50_nc,0,resource_transition,2,160895.145306796,160895.145801028,0.0004942319937981665,71801856,71801856,159383552,159383552,335544320,0,2156044288,0,1935809536,0,0,0,0.1,0,no_interval_samples,
effectiveness_v3_20260918T075205Z_4e190a1d,dev/core50_nc/agem_profile/agem_static_q320/0,agem_static_q320,core50_nc,0,training,2,160895.172150638,160919.861699516,24.689548877999187,71801856,96739328,159383552,159383552,335544320,0,2152882176,0,1932647424,0,2156568576,0,0.1,156,,
effectiveness_v3_20260918T075205Z_4e190a1d,dev/core50_nc/agem_profile/agem_static_q320/0,agem_static_q320,core50_nc,0,evaluation,2,160919.949821944,160924.263884274,4.3140623299987055,71801856,115319808,159383552,159383552,335544320,0,2158485504,0,1938250752,0,2158469120,0,0.1,26,,
effectiveness_v3_20260918T075205Z_4e190a1d,dev/core50_nc/agem_profile/agem_static_q320/0,agem_static_q320,core50_nc,0,resource_transition,3,160924.290970793,160924.291468913,0.000498120003612712,71801856,71801856,159383552,159383552,335544320,0,2158485504,0,1938250752,0,0,0,0.1,0,no_interval_samples,
effectiveness_v3_20260918T075205Z_4e190a1d,dev/core50_nc/agem_profile/agem_static_q320/0,agem_static_q320,core50_nc,0,training,3,160924.318450951,160954.218968226,29.90051727500395,71801856,96542208,159383552,159383552,335544320,0,2160893952,0,1940659200,0,2160689152,0,0.1,188,,
effectiveness_v3_20260918T075205Z_4e190a1d,dev/core50_nc/agem_profile/agem_static_q320/0,agem_static_q320,core50_nc,0,evaluation,3,160954.284368245,160958.765482181,4.481113936024485,71801856,115319808,159383552,159383552,335544320,0,2160771072,0,1940536320,0,2166706176,0,0.1,30,,
effectiveness_v3_20260918T075205Z_4e190a1d,dev/core50_nc/agem_profile/agem_static_q320/0,agem_static_q320,core50_nc,0,resource_transition,4,160958.814130321,160958.814628265,0.0004979440127499402,71801856,71801856,159383552,159383552,335544320,0,2160771072,0,1940536320,0,0,0,0.1,0,no_interval_samples,
effectiveness_v3_20260918T075205Z_4e190a1d,dev/core50_nc/agem_profile/agem_static_q320/0,agem_static_q320,core50_nc,0,training,4,160958.843268738,160985.626942906,26.783674167993013,71801856,96739328,159383552,159383552,335544320,0,2162159616,0,1941924864,0,2161799168,0,0.1,170,,
effectiveness_v3_20260918T075205Z_4e190a1d,dev/core50_nc/agem_profile/agem_static_q320/0,agem_static_q320,core50_nc,0,evaluation,4,160985.728892728,160992.113607467,6.384714739018818,71801856,115319808,159383552,159383552,335544320,0,2161655808,0,1941421056,0,2167934976,0,0.1,38,,
effectiveness_v3_20260918T075205Z_4e190a1d,dev/core50_nc/agem_profile/agem_static_q320/0,agem_static_q320,core50_nc,0,resource_transition,5,160992.146322153,160992.146927116,0.0006049629882909358,71801856,71801856,159383552,159383552,335544320,0,2161655808,0,1941421056,0,0,0,0.1,0,no_interval_samples,
effectiveness_v3_20260918T075205Z_4e190a1d,dev/core50_nc/agem_profile/agem_static_q320/0,agem_static_q320,core50_nc,0,training,5,160992.175133051,161021.280039601,29.104906549997395,71801856,96542208,159383552,159383552,335544320,0,2163261440,0,1943026688,0,2163306496,0,0.1,187,,
effectiveness_v3_20260918T075205Z_4e190a1d,dev/core50_nc/agem_profile/agem_static_q320/0,agem_static_q320,core50_nc,0,evaluation,5,161021.376237766,161027.866676941,6.490439174987841,71801856,115762176,159383552,159383552,335544320,0,2168016896,0,1947782144,0,2169073664,0,0.1,45,,
effectiveness_v3_20260918T075205Z_4e190a1d,dev/core50_nc/agem_profile/agem_static_q320/0,agem_static_q320,core50_nc,0,resource_transition,6,161027.891814146,161027.892300433,0.00048628702643327415,71801856,71801856,159383552,159383552,335544320,0,2168016896,0,1947782144,0,0,0,0.1,0,no_interval_samples,
effectiveness_v3_20260918T075205Z_4e190a1d,dev/core50_nc/agem_profile/agem_static_q320/0,agem_static_q320,core50_nc,0,training,6,161027.9171946,161058.114723895,30.19752929499373,71801856,96542208,159383552,159383552,335544320,0,2163724288,0,1943489536,0,2168762368,0,0.1,192,,
effectiveness_v3_20260918T075205Z_4e190a1d,dev/core50_nc/agem_profile/agem_static_q320/0,agem_static_q320,core50_nc,0,evaluation,6,161058.1791752,161066.342588875,8.163413675007178,71801856,115319808,159383552,159383552,335544320,0,2168709120,0,1948474368,0,2169769984,0,0.1,48,,
effectiveness_v3_20260918T075205Z_4e190a1d,dev/core50_nc/agem_profile/agem_static_q320/0,agem_static_q320,core50_nc,0,resource_transition,7,161066.37039781,161066.370906736,0.0005089259939268231,71801856,71801856,159383552,159383552,335544320,0,2168709120,0,1948474368,0,0,0,0.1,0,no_interval_samples,
effectiveness_v3_20260918T075205Z_4e190a1d,dev/core50_nc/agem_profile/agem_static_q320/0,agem_static_q320,core50_nc,0,training,7,161066.4025843,161095.370989914,28.968405613995856,71801856,96542208,159383552,159383552,335544320,0,2164117504,0,1943882752,0,2167676928,0,0.1,182,,
effectiveness_v3_20260918T075205Z_4e190a1d,dev/core50_nc/agem_profile/agem_static_q320/0,agem_static_q320,core50_nc,0,evaluation,7,161095.437879166,161104.635218856,9.197339689999353,71801856,115762176,159383552,159383552,335544320,0,2170064896,0,1949830144,0,2169991168,0,0.1,53,,
effectiveness_v3_20260918T075205Z_4e190a1d,dev/core50_nc/agem_profile/agem_static_q320/0,agem_static_q320,core50_nc,0,resource_transition,8,161104.663802347,161104.66428944,0.0004870929988101125,71801856,71801856,159383552,159383552,335544320,0,2170064896,0,1949830144,0,0,0,0.1,0,no_interval_samples,
effectiveness_v3_20260918T075205Z_4e190a1d,dev/core50_nc/agem_profile/agem_static_q320/0,agem_static_q320,core50_nc,0,training,8,161104.691129755,161136.027671665,31.336541910015512,71801856,96739328,159383552,159383552,335544320,0,2171129856,0,1950895104,0,2170937344,0,0.1,199,,
effectiveness_v3_20260918T075205Z_4e190a1d,dev/core50_nc/agem_profile/agem_static_q320/0,agem_static_q320,core50_nc,0,evaluation,8,161136.096787126,161146.25141579,10.154628663993208,71801856,115319808,159383552,159383552,335544320,0,2169552896,0,1949318144,0,2171129856,0,0.1,60,,
effectiveness_v3_20260918T075722Z_0b1f08b5,dev/core50_nc/agem_profile/agem_adaptive_ewc_q320/0,agem_adaptive_ewc_q320,core50_nc,0,setup,,161153.479399717,161153.859843581,0.3804438640072476,1395712,1395712,2097152,2097152,335544320,0,1351139328,0,1130992640,0,1318711296,0,0.1,1,,
effectiveness_v3_20260918T075722Z_0b1f08b5,dev/core50_nc/agem_profile/agem_adaptive_ewc_q320/0,agem_adaptive_ewc_q320,core50_nc,0,resource_transition,0,161153.880067016,161153.880459655,0.00039263899088837206,1395712,1395712,2097152,2097152,335544320,0,1351237632,0,1131013120,0,0,0,0.1,0,no_interval_samples,
effectiveness_v3_20260918T075722Z_0b1f08b5,dev/core50_nc/agem_profile/agem_adaptive_ewc_q320/0,agem_adaptive_ewc_q320,core50_nc,0,training,0,161153.89852334,161181.038239879,27.139716539008077,70712320,95452672,117440512,117440512,335544320,0,2039042048,0,1818801152,0,2038468608,0,0.1,173,,
effectiveness_v3_20260918T075722Z_0b1f08b5,dev/core50_nc/agem_profile/agem_adaptive_ewc_q320/0,agem_adaptive_ewc_q320,core50_nc,0,evaluation,0,161181.133379287,161183.039482246,1.9061029590084217,70712320,114230272,159383552,159383552,335544320,0,2089365504,0,1869132800,0,2091458560,0,0.1,12,,
effectiveness_v3_20260918T075722Z_0b1f08b5,dev/core50_nc/agem_profile/agem_adaptive_ewc_q320/0,agem_adaptive_ewc_q320,core50_nc,0,controller,0,161183.066125376,161183.066243922,0.00011854598415084183,70712320,70712320,159383552,159383552,335544320,0,2089377792,0,1869149184,0,0,0,0.1,0,no_interval_samples,
effectiveness_v3_20260918T075722Z_0b1f08b5,dev/core50_nc/agem_profile/agem_adaptive_ewc_q320/0,agem_adaptive_ewc_q320,core50_nc,0,reconfiguration,0,161183.090758375,161183.091297866,0.0005394909821916372,70712320,70712320,159383552,159383552,335544320,0,2089390080,0,1869149184,0,0,0,0.1,0,no_interval_samples,
effectiveness_v3_20260918T075722Z_0b1f08b5,dev/core50_nc/agem_profile/agem_adaptive_ewc_q320/0,agem_adaptive_ewc_q320,core50_nc,0,resource_transition,1,161183.114910588,161183.115448051,0.0005374629981815815,70712320,70712320,159383552,159383552,335544320,0,2089390080,0,1869149184,0,0,0,0.1,0,no_interval_samples,
effectiveness_v3_20260918T075722Z_0b1f08b5,dev/core50_nc/agem_profile/agem_adaptive_ewc_q320/0,agem_adaptive_ewc_q320,core50_nc,0,training,1,161183.139675505,161228.19362383,45.0539483250177,74009600,97691136,161480704,161480704,335544320,0,2246201344,0,2025960448,0,2245664768,0,0.1,283,,
effectiveness_v3_20260918T075722Z_0b1f08b5,dev/core50_nc/agem_profile/agem_adaptive_ewc_q320/0,agem_adaptive_ewc_q320,core50_nc,0,evaluation,1,161228.272052526,161231.002023327,2.729970800981391,74009600,117527552,161480704,161480704,335544320,0,2250924032,0,2030683136,0,2251132928,0,0.1,16,,
effectiveness_v3_20260918T075722Z_0b1f08b5,dev/core50_nc/agem_profile/agem_adaptive_ewc_q320/0,agem_adaptive_ewc_q320,core50_nc,0,controller,1,161231.030809902,161231.030931124,0.00012122199404984713,74009600,74009600,161480704,161480704,335544320,0,2250924032,0,2030683136,0,0,0,0.1,0,no_interval_samples,
effectiveness_v3_20260918T075722Z_0b1f08b5,dev/core50_nc/agem_profile/agem_adaptive_ewc_q320/0,agem_adaptive_ewc_q320,core50_nc,0,reconfiguration,1,161231.056425977,161231.056902764,0.0004767869831994176,74009600,74009600,161480704,161480704,335544320,0,2250924032,0,2030683136,0,0,0,0.1,0,no_interval_samples,
effectiveness_v3_20260918T075722Z_0b1f08b5,dev/core50_nc/agem_profile/agem_adaptive_ewc_q320/0,agem_adaptive_ewc_q320,core50_nc,0,resource_transition,2,161231.082028616,161231.082591515,0.0005628990184050053,74009600,74009600,161480704,161480704,335544320,0,2250924032,0,2030683136,0,0,0,0.1,0,no_interval_samples,
effectiveness_v3_20260918T075722Z_0b1f08b5,dev/core50_nc/agem_profile/agem_adaptive_ewc_q320/0,agem_adaptive_ewc_q320,core50_nc,0,training,2,161231.10799995,161277.134125952,46.02612600199063,76217344,99999232,163577856,163577856,335544320,0,2257911808,0,2037670912,0,2258501632,0,0.1,288,,
effectiveness_v3_20260918T075722Z_0b1f08b5,dev/core50_nc/agem_profile/agem_adaptive_ewc_q320/0,agem_adaptive_ewc_q320,core50_nc,0,evaluation,2,161277.222698047,161281.411975497,4.1892774500011,76217344,119735296,163577856,163577856,335544320,0,2262831104,0,2042590208,0,2263818240,0,0.1,28,,
effectiveness_v3_20260918T075722Z_0b1f08b5,dev/core50_nc/agem_profile/agem_adaptive_ewc_q320/0,agem_adaptive_ewc_q320,core50_nc,0,controller,2,161281.441074617,161281.441190255,0.00011563798761926591,76217344,76217344,163577856,163577856,335544320,0,2262831104,0,2042590208,0,0,0,0.1,0,no_interval_samples,
effectiveness_v3_20260918T075722Z_0b1f08b5,dev/core50_nc/agem_profile/agem_adaptive_ewc_q320/0,agem_adaptive_ewc_q320,core50_nc,0,reconfiguration,2,161281.466575607,161281.467132699,0.0005570920184254646,76217344,76217344,163577856,163577856,335544320,0,2262831104,0,2042590208,0,0,0,0.1,0,no_interval_samples,
effectiveness_v3_20260918T075722Z_0b1f08b5,dev/core50_nc/agem_profile/agem_adaptive_ewc_q320/0,agem_adaptive_ewc_q320,core50_nc,0,resource_transition,3,161281.491563144,161281.492148625,0.00058548100059852,76217344,76217344,163577856,163577856,335544320,0,2262831104,0,2042590208,0,0,0,0.1,0,no_interval_samples,
effectiveness_v3_20260918T075722Z_0b1f08b5,dev/core50_nc/agem_profile/agem_adaptive_ewc_q320/0,agem_adaptive_ewc_q320,core50_nc,0,training,3,161281.518326652,161351.85825906,70.33993240800919,78425088,102258176,165675008,165675008,335544320,0,2259722240,0,2039481344,0,2262958080,0,0.1,438,,
effectiveness_v3_20260918T075722Z_0b1f08b5,dev/core50_nc/agem_profile/agem_adaptive_ewc_q320/0,agem_adaptive_ewc_q320,core50_nc,0,evaluation,3,161351.924583096,161356.854493581,4.929910484992433,78425088,121943040,165675008,165675008,335544320,0,2264555520,0,2044314624,0,2265743360,0,0.1,29,,
effectiveness_v3_20260918T075722Z_0b1f08b5,dev/core50_nc/agem_profile/agem_adaptive_ewc_q320/0,agem_adaptive_ewc_q320,core50_nc,0,controller,3,161356.883441191,161356.883560895,0.00011970399646088481,78425088,78425088,165675008,165675008,335544320,0,2264555520,0,2044314624,0,0,0,0.1,0,no_interval_samples,
effectiveness_v3_20260918T075722Z_0b1f08b5,dev/core50_nc/agem_profile/agem_adaptive_ewc_q320/0,agem_adaptive_ewc_q320,core50_nc,0,reconfiguration,3,161356.909339839,161356.910073811,0.0007339720032177866,78425088,78425088,165675008,165675008,335544320,0,2264555520,0,2044314624,0,0,0,0.1,0,no_interval_samples,
effectiveness_v3_20260918T075722Z_0b1f08b5,dev/core50_nc/agem_profile/agem_adaptive_ewc_q320/0,agem_adaptive_ewc_q320,core50_nc,0,resource_transition,4,161356.934606014,161356.935160292,0.0005542779981624335,78425088,78425088,165675008,165675008,335544320,0,2264555520,0,2044314624,0,0,0,0.1,0,no_interval_samples,
effectiveness_v3_20260918T075722Z_0b1f08b5,dev/core50_nc/agem_profile/agem_adaptive_ewc_q320/0,agem_adaptive_ewc_q320,core50_nc,0,training,4,161356.96584581,161417.736107806,60.770261996018235,80632832,107089920,167772160,167772160,335544320,0,2261647360,0,2041406464,0,2262147072,0,0.1,384,,
effectiveness_v3_20260918T075722Z_0b1f08b5,dev/core50_nc/agem_profile/agem_adaptive_ewc_q320/0,agem_adaptive_ewc_q320,core50_nc,0,evaluation,4,161417.799205,161424.133699524,6.334494524024194,80632832,124150784,167772160,167772160,335544320,0,2266124288,0,2045883392,0,2267312128,0,0.1,38,,
effectiveness_v3_20260918T075722Z_0b1f08b5,dev/core50_nc/agem_profile/agem_adaptive_ewc_q320/0,agem_adaptive_ewc_q320,core50_nc,0,controller,4,161424.162047228,161424.162176922,0.00012969400268048048,80632832,80632832,167772160,167772160,335544320,0,2266124288,0,2045883392,0,0,0,0.1,0,no_interval_samples,
effectiveness_v3_20260918T075722Z_0b1f08b5,dev/core50_nc/agem_profile/agem_adaptive_ewc_q320/0,agem_adaptive_ewc_q320,core50_nc,0,reconfiguration,4,161424.188078042,161424.188977338,0.0008992959919851273,80632832,80632832,167772160,167772160,335544320,0,2266124288,0,2045883392,0,0,0,0.1,0,no_interval_samples,
effectiveness_v3_20260918T075722Z_0b1f08b5,dev/core50_nc/agem_profile/agem_adaptive_ewc_q320/0,agem_adaptive_ewc_q320,core50_nc,0,resource_transition,5,161424.214287597,161424.214871421,0.0005838240031152964,80632832,80632832,167772160,167772160,335544320,0,2266124288,0,2045883392,0,0,0,0.1,0,no_interval_samples,
effectiveness_v3_20260918T075722Z_0b1f08b5,dev/core50_nc/agem_profile/agem_adaptive_ewc_q320/0,agem_adaptive_ewc_q320,core50_nc,0,training,5,161424.241980134,161504.141781433,79.89980129900505,82840576,110401536,167772160,167772160,335544320,0,2263072768,0,2042831872,0,2264473600,0,0.1,510,,
effectiveness_v3_20260918T075722Z_0b1f08b5,dev/core50_nc/agem_profile/agem_adaptive_ewc_q320/0,agem_adaptive_ewc_q320,core50_nc,0,evaluation,5,161504.211183379,161511.232108941,7.020925562013872,82840576,126800896,167772160,167772160,335544320,0,2268471296,0,2048230400,0,2269528064,0,0.1,42,,
effectiveness_v3_20260918T075722Z_0b1f08b5,dev/core50_nc/agem_profile/agem_adaptive_ewc_q320/0,agem_adaptive_ewc_q320,core50_nc,0,controller,5,161511.260190838,161511.260326885,0.00013604701962321997,82840576,82840576,167772160,167772160,335544320,0,2268471296,0,2048230400,0,0,0,0.1,0,no_interval_samples,
effectiveness_v3_20260918T075722Z_0b1f08b5,dev/core50_nc/agem_profile/agem_adaptive_ewc_q320/0,agem_adaptive_ewc_q320,core50_nc,0,reconfiguration,5,161511.286184912,161511.287214801,0.0010298890119884163,82840576,82840576,167772160,167772160,335544320,0,2268471296,0,2048230400,0,0,0,0.1,0,no_interval_samples,
effectiveness_v3_20260918T075722Z_0b1f08b5,dev/core50_nc/agem_profile/agem_adaptive_ewc_q320/0,agem_adaptive_ewc_q320,core50_nc,0,resource_transition,6,161511.312459356,161511.313021921,0.0005625649937428534,82840576,82840576,167772160,167772160,335544320,0,2268471296,0,2048230400,0,0,0,0.1,0,no_interval_samples,
effectiveness_v3_20260918T075722Z_0b1f08b5,dev/core50_nc/agem_profile/agem_adaptive_ewc_q320/0,agem_adaptive_ewc_q320,core50_nc,0,training,6,161511.339859652,161594.252965525,82.91310587298358,85048320,113713152,174063616,174063616,335544320,0,2263822336,0,2043581440,0,2268471296,0,0.1,529,,
effectiveness_v3_20260918T075722Z_0b1f08b5,dev/core50_nc/agem_profile/agem_adaptive_ewc_q320/0,agem_adaptive_ewc_q320,core50_nc,0,evaluation,6,161594.346633644,161602.50646172,8.159828076022677,85048320,129008640,174063616,174063616,335544320,0,2268848128,0,2048607232,0,2270502912,0,0.1,48,,
effectiveness_v3_20260918T075722Z_0b1f08b5,dev/core50_nc/agem_profile/agem_adaptive_ewc_q320/0,agem_adaptive_ewc_q320,core50_nc,0,controller,6,161602.542466036,161602.542583508,0.0001174720237031579,85048320,85048320,174063616,174063616,335544320,0,2268848128,0,2048607232,0,0,0,0.1,0,no_interval_samples,
effectiveness_v3_20260918T075722Z_0b1f08b5,dev/core50_nc/agem_profile/agem_adaptive_ewc_q320/0,agem_adaptive_ewc_q320,core50_nc,0,reconfiguration,6,161602.569115824,161602.570345972,0.0012301479873713106,85048320,85048320,174063616,174063616,335544320,0,2268848128,0,2048607232,0,0,0,0.1,0,no_interval_samples,
effectiveness_v3_20260918T075722Z_0b1f08b5,dev/core50_nc/agem_profile/agem_adaptive_ewc_q320/0,agem_adaptive_ewc_q320,core50_nc,0,resource_transition,7,161602.596054621,161602.596642611,0.0005879899836145341,85048320,85048320,174063616,174063616,335544320,0,2268848128,0,2048607232,0,0,0,0.1,0,no_interval_samples,
effectiveness_v3_20260918T075722Z_0b1f08b5,dev/core50_nc/agem_profile/agem_adaptive_ewc_q320/0,agem_adaptive_ewc_q320,core50_nc,0,training,7,161602.62514288,161682.85440219,80.22925930999918,87256064,118545408,174063616,174063616,335544320,0,2266132480,0,2045891584,0,2268848128,0,0.1,511,,
effectiveness_v3_20260918T075722Z_0b1f08b5,dev/core50_nc/agem_profile/agem_adaptive_ewc_q320/0,agem_adaptive_ewc_q320,core50_nc,0,evaluation,7,161682.91782218,161691.975794365,9.05797218499356,87256064,130774016,174063616,174063616,335544320,0,2270117888,0,2049876992,0,2271887360,0,0.1,53,,
effectiveness_v3_20260918T075722Z_0b1f08b5,dev/core50_nc/agem_profile/agem_adaptive_ewc_q320/0,agem_adaptive_ewc_q320,core50_nc,0,controller,7,161692.009775727,161692.009901643,0.00012591600534506142,87256064,87256064,174063616,174063616,335544320,0,2270117888,0,2049876992,0,0,0,0.1,0,no_interval_samples,
effectiveness_v3_20260918T075722Z_0b1f08b5,dev/core50_nc/agem_profile/agem_adaptive_ewc_q320/0,agem_adaptive_ewc_q320,core50_nc,0,reconfiguration,7,161692.035469088,161692.036848098,0.0013790100056212395,87256064,87256064,174063616,174063616,335544320,0,2270117888,0,2049876992,0,0,0,0.1,0,no_interval_samples,
effectiveness_v3_20260918T075722Z_0b1f08b5,dev/core50_nc/agem_profile/agem_adaptive_ewc_q320/0,agem_adaptive_ewc_q320,core50_nc,0,resource_transition,8,161692.0612712,161692.0617437,0.0004725000180769712,87256064,87256064,174063616,174063616,335544320,0,2270117888,0,2049876992,0,0,0,0.1,0,no_interval_samples,
effectiveness_v3_20260918T075722Z_0b1f08b5,dev/core50_nc/agem_profile/agem_adaptive_ewc_q320/0,agem_adaptive_ewc_q320,core50_nc,0,training,8,161692.086577682,161780.918587989,88.83201030700002,89463808,121857024,176160768,176160768,335544320,0,2266472448,0,2046231552,0,2271019008,0,0.1,570,,
effectiveness_v3_20260918T075722Z_0b1f08b5,dev/core50_nc/agem_profile/agem_adaptive_ewc_q320/0,agem_adaptive_ewc_q320,core50_nc,0,evaluation,8,161781.004669258,161791.084710306,10.080041048000567,89463808,132981760,176160768,176160768,335544320,0,2271244288,0,2051003392,0,2272354304,0,0.1,59,,
effectiveness_v3_20260918T075722Z_0b1f08b5,dev/core50_nc/agem_profile/agem_adaptive_ewc_q320/0,agem_adaptive_ewc_q320,core50_nc,0,controller,8,161791.113458223,161791.113542593,8.436999632976949e-05,89463808,89463808,176160768,176160768,335544320,0,2271244288,0,2051003392,0,0,0,0.1,0,no_interval_samples,
