run_id,cell_id,method,dataset,seed,experience,phase,optional_plugins,plugin_state_bytes
effectiveness_v3_20260918T034951Z_79924874,dev/core50_nc/eval_batch/eval_core50_nc_b128/0,eval_core50_nc_b128,core50_nc,0,0,training,[],"{'ReplayPlugin': 0, 'PrefetchWrapPlugin': 0, 'EvaluationPlugin': 0, 'PeriodicEval': 0, 'Clock': 0}"
effectiveness_v3_20260918T035026Z_9d0bd278,dev/core50_nc/eval_batch/eval_core50_nc_b32/0,eval_core50_nc_b32,core50_nc,0,0,training,[],"{'ReplayPlugin': 0, 'PrefetchWrapPlugin': 0, 'EvaluationPlugin': 0, 'PeriodicEval': 0, 'Clock': 0}"
effectiveness_v3_20260918T035102Z_024561a7,dev/core50_nc/eval_batch/eval_core50_nc_b8/0,eval_core50_nc_b8,core50_nc,0,0,training,[],"{'ReplayPlugin': 0, 'PrefetchWrapPlugin': 0, 'EvaluationPlugin': 0, 'PeriodicEval': 0, 'Clock': 0}"
effectiveness_v3_20260918T035221Z_7b303cae,dev/splitcifar100/eval_batch/eval_splitcifar100_b128/0,eval_splitcifar100_b128,splitcifar100,0,0,training,[],"{'ReplayPlugin': 0, 'PrefetchWrapPlugin': 0, 'EvaluationPlugin': 0, 'PeriodicEval': 0, 'Clock': 0}"
effectiveness_v3_20260918T035236Z_4f0930ef,dev/splitcifar100/eval_batch/eval_splitcifar100_b32/0,eval_splitcifar100_b32,splitcifar100,0,0,training,[],"{'ReplayPlugin': 0, 'PrefetchWrapPlugin': 0, 'EvaluationPlugin': 0, 'PeriodicEval': 0, 'Clock': 0}"
effectiveness_v3_20260918T035250Z_e0948625,dev/splitcifar100/eval_batch/eval_splitcifar100_b8/0,eval_splitcifar100_b8,splitcifar100,0,0,training,[],"{'ReplayPlugin': 0, 'PrefetchWrapPlugin': 0, 'EvaluationPlugin': 0, 'PeriodicEval': 0, 'Clock': 0}"
effectiveness_v3_20260918T040734Z_93bd9bba,dev/core50_nc/s0_profile/s0_core50_nc_rep0/0,s0_core50_nc_rep0,core50_nc,0,0,training,[],"{'ReplayPlugin': 0, 'PrefetchWrapPlugin': 0, 'EvaluationPlugin': 0, 'PeriodicEval': 0, 'Clock': 0}"
effectiveness_v3_20260918T040734Z_93bd9bba,dev/core50_nc/s0_profile/s0_core50_nc_rep0/0,s0_core50_nc_rep0,core50_nc,0,1,training,[],"{'ReplayPlugin': 0, 'PrefetchWrapPlugin': 0, 'EvaluationPlugin': 0, 'PeriodicEval': 0, 'Clock': 0}"
effectiveness_v3_20260918T040734Z_93bd9bba,dev/core50_nc/s0_profile/s0_core50_nc_rep0/0,s0_core50_nc_rep0,core50_nc,0,2,training,[],"{'ReplayPlugin': 0, 'PrefetchWrapPlugin': 0, 'EvaluationPlugin': 0, 'PeriodicEval': 0, 'Clock': 0}"
effectiveness_v3_20260918T040734Z_93bd9bba,dev/core50_nc/s0_profile/s0_core50_nc_rep0/0,s0_core50_nc_rep0,core50_nc,0,3,training,[],"{'ReplayPlugin': 0, 'PrefetchWrapPlugin': 0, 'EvaluationPlugin': 0, 'PeriodicEval': 0, 'Clock': 0}"
effectiveness_v3_20260918T040734Z_93bd9bba,dev/core50_nc/s0_profile/s0_core50_nc_rep0/0,s0_core50_nc_rep0,core50_nc,0,4,training,[],"{'ReplayPlugin': 0, 'PrefetchWrapPlugin': 0, 'EvaluationPlugin': 0, 'PeriodicEval': 0, 'Clock': 0}"
effectiveness_v3_20260918T040734Z_93bd9bba,dev/core50_nc/s0_profile/s0_core50_nc_rep0/0,s0_core50_nc_rep0,core50_nc,0,5,training,[],"{'ReplayPlugin': 0, 'PrefetchWrapPlugin': 0, 'EvaluationPlugin': 0, 'PeriodicEval': 0, 'Clock': 0}"
effectiveness_v3_20260918T040734Z_93bd9bba,dev/core50_nc/s0_profile/s0_core50_nc_rep0/0,s0_core50_nc_rep0,core50_nc,0,6,training,[],"{'ReplayPlugin': 0, 'PrefetchWrapPlugin': 0, 'EvaluationPlugin': 0, 'PeriodicEval': 0, 'Clock': 0}"
effectiveness_v3_20260918T040734Z_93bd9bba,dev/core50_nc/s0_profile/s0_core50_nc_rep0/0,s0_core50_nc_rep0,core50_nc,0,7,training,[],"{'ReplayPlugin': 0, 'PrefetchWrapPlugin': 0, 'EvaluationPlugin': 0, 'PeriodicEval': 0, 'Clock': 0}"
effectiveness_v3_20260918T040734Z_93bd9bba,dev/core50_nc/s0_profile/s0_core50_nc_rep0/0,s0_core50_nc_rep0,core50_nc,0,8,training,[],"{'ReplayPlugin': 0, 'PrefetchWrapPlugin': 0, 'EvaluationPlugin': 0, 'PeriodicEval': 0, 'Clock': 0}"
effectiveness_v3_20260918T041110Z_7da6f0cf,dev/core50_nc/s0_profile/s0_core50_nc_rep1/0,s0_core50_nc_rep1,core50_nc,0,0,training,[],"{'ReplayPlugin': 0, 'PrefetchWrapPlugin': 0, 'EvaluationPlugin': 0, 'PeriodicEval': 0, 'Clock': 0}"
effectiveness_v3_20260918T041110Z_7da6f0cf,dev/core50_nc/s0_profile/s0_core50_nc_rep1/0,s0_core50_nc_rep1,core50_nc,0,1,training,[],"{'ReplayPlugin': 0, 'PrefetchWrapPlugin': 0, 'EvaluationPlugin': 0, 'PeriodicEval': 0, 'Clock': 0}"
effectiveness_v3_20260918T041110Z_7da6f0cf,dev/core50_nc/s0_profile/s0_core50_nc_rep1/0,s0_core50_nc_rep1,core50_nc,0,2,training,[],"{'ReplayPlugin': 0, 'PrefetchWrapPlugin': 0, 'EvaluationPlugin': 0, 'PeriodicEval': 0, 'Clock': 0}"
effectiveness_v3_20260918T041110Z_7da6f0cf,dev/core50_nc/s0_profile/s0_core50_nc_rep1/0,s0_core50_nc_rep1,core50_nc,0,3,training,[],"{'ReplayPlugin': 0, 'PrefetchWrapPlugin': 0, 'EvaluationPlugin': 0, 'PeriodicEval': 0, 'Clock': 0}"
effectiveness_v3_20260918T041110Z_7da6f0cf,dev/core50_nc/s0_profile/s0_core50_nc_rep1/0,s0_core50_nc_rep1,core50_nc,0,4,training,[],"{'ReplayPlugin': 0, 'PrefetchWrapPlugin': 0, 'EvaluationPlugin': 0, 'PeriodicEval': 0, 'Clock': 0}"
effectiveness_v3_20260918T041110Z_7da6f0cf,dev/core50_nc/s0_profile/s0_core50_nc_rep1/0,s0_core50_nc_rep1,core50_nc,0,5,training,[],"{'ReplayPlugin': 0, 'PrefetchWrapPlugin': 0, 'EvaluationPlugin': 0, 'PeriodicEval': 0, 'Clock': 0}"
effectiveness_v3_20260918T041110Z_7da6f0cf,dev/core50_nc/s0_profile/s0_core50_nc_rep1/0,s0_core50_nc_rep1,core50_nc,0,6,training,[],"{'ReplayPlugin': 0, 'PrefetchWrapPlugin': 0, 'EvaluationPlugin': 0, 'PeriodicEval': 0, 'Clock': 0}"
effectiveness_v3_20260918T041110Z_7da6f0cf,dev/core50_nc/s0_profile/s0_core50_nc_rep1/0,s0_core50_nc_rep1,core50_nc,0,7,training,[],"{'ReplayPlugin': 0, 'PrefetchWrapPlugin': 0, 'EvaluationPlugin': 0, 'PeriodicEval': 0, 'Clock': 0}"
effectiveness_v3_20260918T041110Z_7da6f0cf,dev/core50_nc/s0_profile/s0_core50_nc_rep1/0,s0_core50_nc_rep1,core50_nc,0,8,training,[],"{'ReplayPlugin': 0, 'PrefetchWrapPlugin': 0, 'EvaluationPlugin': 0, 'PeriodicEval': 0, 'Clock': 0}"
effectiveness_v3_20260918T041442Z_64049f11,dev/core50_nc/plugin_cost/cost_core50_nc_b64/0,cost_core50_nc_b64,core50_nc,0,0,training,[],"{'ReplayPlugin': 0, 'PrefetchWrapPlugin': 0, 'EvaluationPlugin': 0, 'PeriodicEval': 0, 'Clock': 0}"
effectiveness_v3_20260918T041442Z_64049f11,dev/core50_nc/plugin_cost/cost_core50_nc_b64/0,cost_core50_nc_b64,core50_nc,0,1,training,[],"{'ReplayPlugin': 0, 'PrefetchWrapPlugin': 0, 'EvaluationPlugin': 0, 'PeriodicEval': 0, 'Clock': 0}"
effectiveness_v3_20260918T041442Z_64049f11,dev/core50_nc/plugin_cost/cost_core50_nc_b64/0,cost_core50_nc_b64,core50_nc,0,2,training,[],"{'ReplayPlugin': 0, 'PrefetchWrapPlugin': 0, 'EvaluationPlugin': 0, 'PeriodicEval': 0, 'Clock': 0}"
effectiveness_v3_20260918T041442Z_64049f11,dev/core50_nc/plugin_cost/cost_core50_nc_b64/0,cost_core50_nc_b64,core50_nc,0,3,training,[],"{'ReplayPlugin': 0, 'PrefetchWrapPlugin': 0, 'EvaluationPlugin': 0, 'PeriodicEval': 0, 'Clock': 0}"
effectiveness_v3_20260918T041442Z_64049f11,dev/core50_nc/plugin_cost/cost_core50_nc_b64/0,cost_core50_nc_b64,core50_nc,0,4,training,[],"{'ReplayPlugin': 0, 'PrefetchWrapPlugin': 0, 'EvaluationPlugin': 0, 'PeriodicEval': 0, 'Clock': 0}"
effectiveness_v3_20260918T041442Z_64049f11,dev/core50_nc/plugin_cost/cost_core50_nc_b64/0,cost_core50_nc_b64,core50_nc,0,5,training,[],"{'ReplayPlugin': 0, 'PrefetchWrapPlugin': 0, 'EvaluationPlugin': 0, 'PeriodicEval': 0, 'Clock': 0}"
effectiveness_v3_20260918T041442Z_64049f11,dev/core50_nc/plugin_cost/cost_core50_nc_b64/0,cost_core50_nc_b64,core50_nc,0,6,training,[],"{'ReplayPlugin': 0, 'PrefetchWrapPlugin': 0, 'EvaluationPlugin': 0, 'PeriodicEval': 0, 'Clock': 0}"
effectiveness_v3_20260918T041442Z_64049f11,dev/core50_nc/plugin_cost/cost_core50_nc_b64/0,cost_core50_nc_b64,core50_nc,0,7,training,[],"{'ReplayPlugin': 0, 'PrefetchWrapPlugin': 0, 'EvaluationPlugin': 0, 'PeriodicEval': 0, 'Clock': 0}"
effectiveness_v3_20260918T041442Z_64049f11,dev/core50_nc/plugin_cost/cost_core50_nc_b64/0,cost_core50_nc_b64,core50_nc,0,8,training,[],"{'ReplayPlugin': 0, 'PrefetchWrapPlugin': 0, 'EvaluationPlugin': 0, 'PeriodicEval': 0, 'Clock': 0}"
effectiveness_v3_20260918T041653Z_27f9e4f1,dev/core50_nc/plugin_cost/cost_core50_nc_b256/0,cost_core50_nc_b256,core50_nc,0,0,training,[],"{'ReplayPlugin': 0, 'PrefetchWrapPlugin': 0, 'EvaluationPlugin': 0, 'PeriodicEval': 0, 'Clock': 0}"
effectiveness_v3_20260918T041653Z_27f9e4f1,dev/core50_nc/plugin_cost/cost_core50_nc_b256/0,cost_core50_nc_b256,core50_nc,0,1,training,[],"{'ReplayPlugin': 0, 'PrefetchWrapPlugin': 0, 'EvaluationPlugin': 0, 'PeriodicEval': 0, 'Clock': 0}"
effectiveness_v3_20260918T041653Z_27f9e4f1,dev/core50_nc/plugin_cost/cost_core50_nc_b256/0,cost_core50_nc_b256,core50_nc,0,2,training,[],"{'ReplayPlugin': 0, 'PrefetchWrapPlugin': 0, 'EvaluationPlugin': 0, 'PeriodicEval': 0, 'Clock': 0}"
effectiveness_v3_20260918T041653Z_27f9e4f1,dev/core50_nc/plugin_cost/cost_core50_nc_b256/0,cost_core50_nc_b256,core50_nc,0,3,training,[],"{'ReplayPlugin': 0, 'PrefetchWrapPlugin': 0, 'EvaluationPlugin': 0, 'PeriodicEval': 0, 'Clock': 0}"
effectiveness_v3_20260918T041653Z_27f9e4f1,dev/core50_nc/plugin_cost/cost_core50_nc_b256/0,cost_core50_nc_b256,core50_nc,0,4,training,[],"{'ReplayPlugin': 0, 'PrefetchWrapPlugin': 0, 'EvaluationPlugin': 0, 'PeriodicEval': 0, 'Clock': 0}"
effectiveness_v3_20260918T041653Z_27f9e4f1,dev/core50_nc/plugin_cost/cost_core50_nc_b256/0,cost_core50_nc_b256,core50_nc,0,5,training,[],"{'ReplayPlugin': 0, 'PrefetchWrapPlugin': 0, 'EvaluationPlugin': 0, 'PeriodicEval': 0, 'Clock': 0}"
effectiveness_v3_20260918T041653Z_27f9e4f1,dev/core50_nc/plugin_cost/cost_core50_nc_b256/0,cost_core50_nc_b256,core50_nc,0,6,training,[],"{'ReplayPlugin': 0, 'PrefetchWrapPlugin': 0, 'EvaluationPlugin': 0, 'PeriodicEval': 0, 'Clock': 0}"
effectiveness_v3_20260918T041653Z_27f9e4f1,dev/core50_nc/plugin_cost/cost_core50_nc_b256/0,cost_core50_nc_b256,core50_nc,0,7,training,[],"{'ReplayPlugin': 0, 'PrefetchWrapPlugin': 0, 'EvaluationPlugin': 0, 'PeriodicEval': 0, 'Clock': 0}"
effectiveness_v3_20260918T041653Z_27f9e4f1,dev/core50_nc/plugin_cost/cost_core50_nc_b256/0,cost_core50_nc_b256,core50_nc,0,8,training,[],"{'ReplayPlugin': 0, 'PrefetchWrapPlugin': 0, 'EvaluationPlugin': 0, 'PeriodicEval': 0, 'Clock': 0}"
effectiveness_v3_20260918T041849Z_142c7d28,dev/core50_nc/plugin_cost/cost_core50_nc_gem/0,cost_core50_nc_gem,core50_nc,0,0,training,"[{""name"": ""gem"", ""enabled"": true, ""inner"": ""SparseGEMPlugin"", ""before_backward"": 1218, ""after_training_exp"": 1, ""gem_reference_samples"": 50, ""ewc_extra_forward_visits"": 0, ""enabled_history"": [true]}]","{'SparseGEMPlugin': 615200, 'ReplayPlugin': 0, 'PrefetchWrapPlugin': 0, 'EvaluationPlugin': 0, 'PeriodicEval': 0, 'Clock': 0}"
effectiveness_v3_20260918T041849Z_142c7d28,dev/core50_nc/plugin_cost/cost_core50_nc_gem/0,cost_core50_nc_gem,core50_nc,0,1,training,"[{""name"": ""gem"", ""enabled"": true, ""inner"": ""SparseGEMPlugin"", ""before_backward"": 619, ""after_training_exp"": 1, ""gem_reference_samples"": 100, ""ewc_extra_forward_visits"": 30950, ""enabled_history"": [true]}]","{'SparseGEMPlugin': 1230400, 'ReplayPlugin': 0, 'PrefetchWrapPlugin': 0, 'EvaluationPlugin': 0, 'PeriodicEval': 0, 'Clock': 0}"
effectiveness_v3_20260918T041849Z_142c7d28,dev/core50_nc/plugin_cost/cost_core50_nc_gem/0,cost_core50_nc_gem,core50_nc,0,2,training,"[{""name"": ""gem"", ""enabled"": true, ""inner"": ""SparseGEMPlugin"", ""before_backward"": 506, ""after_training_exp"": 1, ""gem_reference_samples"": 150, ""ewc_extra_forward_visits"": 50600, ""enabled_history"": [true]}]","{'SparseGEMPlugin': 1845600, 'ReplayPlugin': 0, 'PrefetchWrapPlugin': 0, 'EvaluationPlugin': 0, 'PeriodicEval': 0, 'Clock': 0}"
effectiveness_v3_20260918T041849Z_142c7d28,dev/core50_nc/plugin_cost/cost_core50_nc_gem/0,cost_core50_nc_gem,core50_nc,0,3,training,"[{""name"": ""gem"", ""enabled"": true, ""inner"": ""SparseGEMPlugin"", ""before_backward"": 656, ""after_training_exp"": 1, ""gem_reference_samples"": 200, ""ewc_extra_forward_visits"": 98400, ""enabled_history"": [true]}]","{'SparseGEMPlugin': 2460800, 'ReplayPlugin': 0, 'PrefetchWrapPlugin': 0, 'EvaluationPlugin': 0, 'PeriodicEval': 0, 'Clock': 0}"
effectiveness_v3_20260918T041849Z_142c7d28,dev/core50_nc/plugin_cost/cost_core50_nc_gem/0,cost_core50_nc_gem,core50_nc,0,4,training,"[{""name"": ""gem"", ""enabled"": true, ""inner"": ""SparseGEMPlugin"", ""before_backward"": 544, ""after_training_exp"": 1, ""gem_reference_samples"": 250, ""ewc_extra_forward_visits"": 108800, ""enabled_history"": [true]}]","{'SparseGEMPlugin': 3076000, 'ReplayPlugin': 0, 'PrefetchWrapPlugin': 0, 'EvaluationPlugin': 0, 'PeriodicEval': 0, 'Clock': 0}"
effectiveness_v3_20260918T041849Z_142c7d28,dev/core50_nc/plugin_cost/cost_core50_nc_gem/0,cost_core50_nc_gem,core50_nc,0,5,training,"[{""name"": ""gem"", ""enabled"": true, ""inner"": ""SparseGEMPlugin"", ""before_backward"": 637, ""after_training_exp"": 1, ""gem_reference_samples"": 300, ""ewc_extra_forward_visits"": 159250, ""enabled_history"": [true]}]","{'SparseGEMPlugin': 3691200, 'ReplayPlugin': 0, 'PrefetchWrapPlugin': 0, 'EvaluationPlugin': 0, 'PeriodicEval': 0, 'Clock': 0}"
effectiveness_v3_20260918T041849Z_142c7d28,dev/core50_nc/plugin_cost/cost_core50_nc_gem/0,cost_core50_nc_gem,core50_nc,0,6,training,"[{""name"": ""gem"", ""enabled"": true, ""inner"": ""SparseGEMPlugin"", ""before_backward"": 619, ""after_training_exp"": 1, ""gem_reference_samples"": 350, ""ewc_extra_forward_visits"": 185700, ""enabled_history"": [true]}]","{'SparseGEMPlugin': 4306400, 'ReplayPlugin': 0, 'PrefetchWrapPlugin': 0, 'EvaluationPlugin': 0, 'PeriodicEval': 0, 'Clock': 0}"
effectiveness_v3_20260918T041849Z_142c7d28,dev/core50_nc/plugin_cost/cost_core50_nc_gem/0,cost_core50_nc_gem,core50_nc,0,7,training,"[{""name"": ""gem"", ""enabled"": true, ""inner"": ""SparseGEMPlugin"", ""before_backward"": 581, ""after_training_exp"": 1, ""gem_reference_samples"": 400, ""ewc_extra_forward_visits"": 203350, ""enabled_history"": [true]}]","{'SparseGEMPlugin': 4921600, 'ReplayPlugin': 0, 'PrefetchWrapPlugin': 0, 'EvaluationPlugin': 0, 'PeriodicEval': 0, 'Clock': 0}"
effectiveness_v3_20260918T041849Z_142c7d28,dev/core50_nc/plugin_cost/cost_core50_nc_gem/0,cost_core50_nc_gem,core50_nc,0,8,training,"[{""name"": ""gem"", ""enabled"": true, ""inner"": ""SparseGEMPlugin"", ""before_backward"": 619, ""after_training_exp"": 1, ""gem_reference_samples"": 450, ""ewc_extra_forward_visits"": 247600, ""enabled_history"": [true]}]","{'SparseGEMPlugin': 5536800, 'ReplayPlugin': 0, 'PrefetchWrapPlugin': 0, 'EvaluationPlugin': 0, 'PeriodicEval': 0, 'Clock': 0}"
effectiveness_v3_20260918T042714Z_1547820b,dev/core50_nc/plugin_cost/cost_core50_nc_ewc/0,cost_core50_nc_ewc,core50_nc,0,0,training,"[{""name"": ""ewc"", ""enabled"": true, ""inner"": ""EWCPlugin"", ""before_backward"": 1218, ""after_training_exp"": 1, ""gem_reference_samples"": null, ""ewc_extra_forward_visits"": null, ""enabled_history"": [true]}]","{'EWCPlugin': 2178576, 'ReplayPlugin': 0, 'PrefetchWrapPlugin': 0, 'EvaluationPlugin': 0, 'PeriodicEval': 0, 'Clock': 0}"
effectiveness_v3_20260918T042714Z_1547820b,dev/core50_nc/plugin_cost/cost_core50_nc_ewc/0,cost_core50_nc_ewc,core50_nc,0,1,training,"[{""name"": ""ewc"", ""enabled"": true, ""inner"": ""EWCPlugin"", ""before_backward"": 619, ""after_training_exp"": 1, ""gem_reference_samples"": null, ""ewc_extra_forward_visits"": null, ""enabled_history"": [true]}]","{'EWCPlugin': 4357152, 'ReplayPlugin': 0, 'PrefetchWrapPlugin': 0, 'EvaluationPlugin': 0, 'PeriodicEval': 0, 'Clock': 0}"
effectiveness_v3_20260918T042714Z_1547820b,dev/core50_nc/plugin_cost/cost_core50_nc_ewc/0,cost_core50_nc_ewc,core50_nc,0,2,training,"[{""name"": ""ewc"", ""enabled"": true, ""inner"": ""EWCPlugin"", ""before_backward"": 506, ""after_training_exp"": 1, ""gem_reference_samples"": null, ""ewc_extra_forward_visits"": null, ""enabled_history"": [true]}]","{'EWCPlugin': 6535728, 'ReplayPlugin': 0, 'PrefetchWrapPlugin': 0, 'EvaluationPlugin': 0, 'PeriodicEval': 0, 'Clock': 0}"
effectiveness_v3_20260918T042714Z_1547820b,dev/core50_nc/plugin_cost/cost_core50_nc_ewc/0,cost_core50_nc_ewc,core50_nc,0,3,training,"[{""name"": ""ewc"", ""enabled"": true, ""inner"": ""EWCPlugin"", ""before_backward"": 656, ""after_training_exp"": 1, ""gem_reference_samples"": null, ""ewc_extra_forward_visits"": null, ""enabled_history"": [true]}]","{'EWCPlugin': 8714304, 'ReplayPlugin': 0, 'PrefetchWrapPlugin': 0, 'EvaluationPlugin': 0, 'PeriodicEval': 0, 'Clock': 0}"
effectiveness_v3_20260918T042714Z_1547820b,dev/core50_nc/plugin_cost/cost_core50_nc_ewc/0,cost_core50_nc_ewc,core50_nc,0,4,training,"[{""name"": ""ewc"", ""enabled"": true, ""inner"": ""EWCPlugin"", ""before_backward"": 544, ""after_training_exp"": 1, ""gem_reference_samples"": null, ""ewc_extra_forward_visits"": null, ""enabled_history"": [true]}]","{'EWCPlugin': 10892880, 'ReplayPlugin': 0, 'PrefetchWrapPlugin': 0, 'EvaluationPlugin': 0, 'PeriodicEval': 0, 'Clock': 0}"
effectiveness_v3_20260918T042714Z_1547820b,dev/core50_nc/plugin_cost/cost_core50_nc_ewc/0,cost_core50_nc_ewc,core50_nc,0,5,training,"[{""name"": ""ewc"", ""enabled"": true, ""inner"": ""EWCPlugin"", ""before_backward"": 637, ""after_training_exp"": 1, ""gem_reference_samples"": null, ""ewc_extra_forward_visits"": null, ""enabled_history"": [true]}]","{'EWCPlugin': 13071456, 'ReplayPlugin': 0, 'PrefetchWrapPlugin': 0, 'EvaluationPlugin': 0, 'PeriodicEval': 0, 'Clock': 0}"
effectiveness_v3_20260918T042714Z_1547820b,dev/core50_nc/plugin_cost/cost_core50_nc_ewc/0,cost_core50_nc_ewc,core50_nc,0,6,training,"[{""name"": ""ewc"", ""enabled"": true, ""inner"": ""EWCPlugin"", ""before_backward"": 619, ""after_training_exp"": 1, ""gem_reference_samples"": null, ""ewc_extra_forward_visits"": null, ""enabled_history"": [true]}]","{'EWCPlugin': 15250032, 'ReplayPlugin': 0, 'PrefetchWrapPlugin': 0, 'EvaluationPlugin': 0, 'PeriodicEval': 0, 'Clock': 0}"
effectiveness_v3_20260918T042714Z_1547820b,dev/core50_nc/plugin_cost/cost_core50_nc_ewc/0,cost_core50_nc_ewc,core50_nc,0,7,training,"[{""name"": ""ewc"", ""enabled"": true, ""inner"": ""EWCPlugin"", ""before_backward"": 581, ""after_training_exp"": 1, ""gem_reference_samples"": null, ""ewc_extra_forward_visits"": null, ""enabled_history"": [true]}]","{'EWCPlugin': 17428608, 'ReplayPlugin': 0, 'PrefetchWrapPlugin': 0, 'EvaluationPlugin': 0, 'PeriodicEval': 0, 'Clock': 0}"
effectiveness_v3_20260918T042714Z_1547820b,dev/core50_nc/plugin_cost/cost_core50_nc_ewc/0,cost_core50_nc_ewc,core50_nc,0,8,training,"[{""name"": ""ewc"", ""enabled"": true, ""inner"": ""EWCPlugin"", ""before_backward"": 619, ""after_training_exp"": 1, ""gem_reference_samples"": null, ""ewc_extra_forward_visits"": null, ""enabled_history"": [true]}]","{'EWCPlugin': 19607184, 'ReplayPlugin': 0, 'PrefetchWrapPlugin': 0, 'EvaluationPlugin': 0, 'PeriodicEval': 0, 'Clock': 0}"
effectiveness_v3_20260918T043807Z_ed855c65,dev/core50_nc/plugin_cost/cost_core50_nc_gem_ewc/0,cost_core50_nc_gem_ewc,core50_nc,0,0,training,"[{""name"": ""gem"", ""enabled"": true, ""inner"": ""SparseGEMPlugin"", ""before_backward"": 1218, ""after_training_exp"": 1, ""gem_reference_samples"": 50, ""ewc_extra_forward_visits"": 0, ""enabled_history"": [true]}, {""name"": ""ewc"", ""enabled"": true, ""inner"": ""EWCPlugin"", ""before_backward"": 1218, ""after_training_exp"": 1, ""gem_reference_samples"": null, ""ewc_extra_forward_visits"": null, ""enabled_history"": [true]}]","{'SparseGEMPlugin': 615200, 'EWCPlugin': 2178576, 'ReplayPlugin': 0, 'PrefetchWrapPlugin': 0, 'EvaluationPlugin': 0, 'PeriodicEval': 0, 'Clock': 0}"
effectiveness_v3_20260918T043807Z_ed855c65,dev/core50_nc/plugin_cost/cost_core50_nc_gem_ewc/0,cost_core50_nc_gem_ewc,core50_nc,0,1,training,"[{""name"": ""gem"", ""enabled"": true, ""inner"": ""SparseGEMPlugin"", ""before_backward"": 619, ""after_training_exp"": 1, ""gem_reference_samples"": 100, ""ewc_extra_forward_visits"": 30950, ""enabled_history"": [true]}, {""name"": ""ewc"", ""enabled"": true, ""inner"": ""EWCPlugin"", ""before_backward"": 619, ""after_training_exp"": 1, ""gem_reference_samples"": null, ""ewc_extra_forward_visits"": null, ""enabled_history"": [true]}]","{'SparseGEMPlugin': 1230400, 'EWCPlugin': 4357152, 'ReplayPlugin': 0, 'PrefetchWrapPlugin': 0, 'EvaluationPlugin': 0, 'PeriodicEval': 0, 'Clock': 0}"
effectiveness_v3_20260918T043807Z_ed855c65,dev/core50_nc/plugin_cost/cost_core50_nc_gem_ewc/0,cost_core50_nc_gem_ewc,core50_nc,0,2,training,"[{""name"": ""gem"", ""enabled"": true, ""inner"": ""SparseGEMPlugin"", ""before_backward"": 506, ""after_training_exp"": 1, ""gem_reference_samples"": 150, ""ewc_extra_forward_visits"": 50600, ""enabled_history"": [true]}, {""name"": ""ewc"", ""enabled"": true, ""inner"": ""EWCPlugin"", ""before_backward"": 506, ""after_training_exp"": 1, ""gem_reference_samples"": null, ""ewc_extra_forward_visits"": null, ""enabled_history"": [true]}]","{'SparseGEMPlugin': 1845600, 'EWCPlugin': 6535728, 'ReplayPlugin': 0, 'PrefetchWrapPlugin': 0, 'EvaluationPlugin': 0, 'PeriodicEval': 0, 'Clock': 0}"
effectiveness_v3_20260918T043807Z_ed855c65,dev/core50_nc/plugin_cost/cost_core50_nc_gem_ewc/0,cost_core50_nc_gem_ewc,core50_nc,0,3,training,"[{""name"": ""gem"", ""enabled"": true, ""inner"": ""SparseGEMPlugin"", ""before_backward"": 656, ""after_training_exp"": 1, ""gem_reference_samples"": 200, ""ewc_extra_forward_visits"": 98400, ""enabled_history"": [true]}, {""name"": ""ewc"", ""enabled"": true, ""inner"": ""EWCPlugin"", ""before_backward"": 656, ""after_training_exp"": 1, ""gem_reference_samples"": null, ""ewc_extra_forward_visits"": null, ""enabled_history"": [true]}]","{'SparseGEMPlugin': 2460800, 'EWCPlugin': 8714304, 'ReplayPlugin': 0, 'PrefetchWrapPlugin': 0, 'EvaluationPlugin': 0, 'PeriodicEval': 0, 'Clock': 0}"
effectiveness_v3_20260918T043807Z_ed855c65,dev/core50_nc/plugin_cost/cost_core50_nc_gem_ewc/0,cost_core50_nc_gem_ewc,core50_nc,0,4,training,"[{""name"": ""gem"", ""enabled"": true, ""inner"": ""SparseGEMPlugin"", ""before_backward"": 544, ""after_training_exp"": 1, ""gem_reference_samples"": 250, ""ewc_extra_forward_visits"": 108800, ""enabled_history"": [true]}, {""name"": ""ewc"", ""enabled"": true, ""inner"": ""EWCPlugin"", ""before_backward"": 544, ""after_training_exp"": 1, ""gem_reference_samples"": null, ""ewc_extra_forward_visits"": null, ""enabled_history"": [true]}]","{'SparseGEMPlugin': 3076000, 'EWCPlugin': 10892880, 'ReplayPlugin': 0, 'PrefetchWrapPlugin': 0, 'EvaluationPlugin': 0, 'PeriodicEval': 0, 'Clock': 0}"
effectiveness_v3_20260918T043807Z_ed855c65,dev/core50_nc/plugin_cost/cost_core50_nc_gem_ewc/0,cost_core50_nc_gem_ewc,core50_nc,0,5,training,"[{""name"": ""gem"", ""enabled"": true, ""inner"": ""SparseGEMPlugin"", ""before_backward"": 637, ""after_training_exp"": 1, ""gem_reference_samples"": 300, ""ewc_extra_forward_visits"": 159250, ""enabled_history"": [true]}, {""name"": ""ewc"", ""enabled"": true, ""inner"": ""EWCPlugin"", ""before_backward"": 637, ""after_training_exp"": 1, ""gem_reference_samples"": null, ""ewc_extra_forward_visits"": null, ""enabled_history"": [true]}]","{'SparseGEMPlugin': 3691200, 'EWCPlugin': 13071456, 'ReplayPlugin': 0, 'PrefetchWrapPlugin': 0, 'EvaluationPlugin': 0, 'PeriodicEval': 0, 'Clock': 0}"
effectiveness_v3_20260918T043807Z_ed855c65,dev/core50_nc/plugin_cost/cost_core50_nc_gem_ewc/0,cost_core50_nc_gem_ewc,core50_nc,0,6,training,"[{""name"": ""gem"", ""enabled"": true, ""inner"": ""SparseGEMPlugin"", ""before_backward"": 619, ""after_training_exp"": 1, ""gem_reference_samples"": 350, ""ewc_extra_forward_visits"": 185700, ""enabled_history"": [true]}, {""name"": ""ewc"", ""enabled"": true, ""inner"": ""EWCPlugin"", ""before_backward"": 619, ""after_training_exp"": 1, ""gem_reference_samples"": null, ""ewc_extra_forward_visits"": null, ""enabled_history"": [true]}]","{'SparseGEMPlugin': 4306400, 'EWCPlugin': 15250032, 'ReplayPlugin': 0, 'PrefetchWrapPlugin': 0, 'EvaluationPlugin': 0, 'PeriodicEval': 0, 'Clock': 0}"
effectiveness_v3_20260918T043807Z_ed855c65,dev/core50_nc/plugin_cost/cost_core50_nc_gem_ewc/0,cost_core50_nc_gem_ewc,core50_nc,0,7,training,"[{""name"": ""gem"", ""enabled"": true, ""inner"": ""SparseGEMPlugin"", ""before_backward"": 581, ""after_training_exp"": 1, ""gem_reference_samples"": 400, ""ewc_extra_forward_visits"": 203350, ""enabled_history"": [true]}, {""name"": ""ewc"", ""enabled"": true, ""inner"": ""EWCPlugin"", ""before_backward"": 581, ""after_training_exp"": 1, ""gem_reference_samples"": null, ""ewc_extra_forward_visits"": null, ""enabled_history"": [true]}]","{'SparseGEMPlugin': 4921600, 'EWCPlugin': 17428608, 'ReplayPlugin': 0, 'PrefetchWrapPlugin': 0, 'EvaluationPlugin': 0, 'PeriodicEval': 0, 'Clock': 0}"
effectiveness_v3_20260918T043807Z_ed855c65,dev/core50_nc/plugin_cost/cost_core50_nc_gem_ewc/0,cost_core50_nc_gem_ewc,core50_nc,0,8,training,"[{""name"": ""gem"", ""enabled"": true, ""inner"": ""SparseGEMPlugin"", ""before_backward"": 619, ""after_training_exp"": 1, ""gem_reference_samples"": 450, ""ewc_extra_forward_visits"": 247600, ""enabled_history"": [true]}, {""name"": ""ewc"", ""enabled"": true, ""inner"": ""EWCPlugin"", ""before_backward"": 619, ""after_training_exp"": 1, ""gem_reference_samples"": null, ""ewc_extra_forward_visits"": null, ""enabled_history"": [true]}]","{'SparseGEMPlugin': 5536800, 'EWCPlugin': 19607184, 'ReplayPlugin': 0, 'PrefetchWrapPlugin': 0, 'EvaluationPlugin': 0, 'PeriodicEval': 0, 'Clock': 0}"
effectiveness_v3_20260918T045416Z_2e6c108f,dev/splitcifar100/s0_profile/s0_splitcifar100_rep0/0,s0_splitcifar100_rep0,splitcifar100,0,0,training,[],"{'ReplayPlugin': 0, 'PrefetchWrapPlugin': 0, 'EvaluationPlugin': 0, 'PeriodicEval': 0, 'Clock': 0}"
effectiveness_v3_20260918T045416Z_2e6c108f,dev/splitcifar100/s0_profile/s0_splitcifar100_rep0/0,s0_splitcifar100_rep0,splitcifar100,0,1,training,[],"{'ReplayPlugin': 0, 'PrefetchWrapPlugin': 0, 'EvaluationPlugin': 0, 'PeriodicEval': 0, 'Clock': 0}"
effectiveness_v3_20260918T045416Z_2e6c108f,dev/splitcifar100/s0_profile/s0_splitcifar100_rep0/0,s0_splitcifar100_rep0,splitcifar100,0,2,training,[],"{'ReplayPlugin': 0, 'PrefetchWrapPlugin': 0, 'EvaluationPlugin': 0, 'PeriodicEval': 0, 'Clock': 0}"
effectiveness_v3_20260918T045416Z_2e6c108f,dev/splitcifar100/s0_profile/s0_splitcifar100_rep0/0,s0_splitcifar100_rep0,splitcifar100,0,3,training,[],"{'ReplayPlugin': 0, 'PrefetchWrapPlugin': 0, 'EvaluationPlugin': 0, 'PeriodicEval': 0, 'Clock': 0}"
effectiveness_v3_20260918T045416Z_2e6c108f,dev/splitcifar100/s0_profile/s0_splitcifar100_rep0/0,s0_splitcifar100_rep0,splitcifar100,0,4,training,[],"{'ReplayPlugin': 0, 'PrefetchWrapPlugin': 0, 'EvaluationPlugin': 0, 'PeriodicEval': 0, 'Clock': 0}"
effectiveness_v3_20260918T045416Z_2e6c108f,dev/splitcifar100/s0_profile/s0_splitcifar100_rep0/0,s0_splitcifar100_rep0,splitcifar100,0,5,training,[],"{'ReplayPlugin': 0, 'PrefetchWrapPlugin': 0, 'EvaluationPlugin': 0, 'PeriodicEval': 0, 'Clock': 0}"
effectiveness_v3_20260918T045416Z_2e6c108f,dev/splitcifar100/s0_profile/s0_splitcifar100_rep0/0,s0_splitcifar100_rep0,splitcifar100,0,6,training,[],"{'ReplayPlugin': 0, 'PrefetchWrapPlugin': 0, 'EvaluationPlugin': 0, 'PeriodicEval': 0, 'Clock': 0}"
effectiveness_v3_20260918T045416Z_2e6c108f,dev/splitcifar100/s0_profile/s0_splitcifar100_rep0/0,s0_splitcifar100_rep0,splitcifar100,0,7,training,[],"{'ReplayPlugin': 0, 'PrefetchWrapPlugin': 0, 'EvaluationPlugin': 0, 'PeriodicEval': 0, 'Clock': 0}"
effectiveness_v3_20260918T045416Z_2e6c108f,dev/splitcifar100/s0_profile/s0_splitcifar100_rep0/0,s0_splitcifar100_rep0,splitcifar100,0,8,training,[],"{'ReplayPlugin': 0, 'PrefetchWrapPlugin': 0, 'EvaluationPlugin': 0, 'PeriodicEval': 0, 'Clock': 0}"
effectiveness_v3_20260918T045416Z_2e6c108f,dev/splitcifar100/s0_profile/s0_splitcifar100_rep0/0,s0_splitcifar100_rep0,splitcifar100,0,9,training,[],"{'ReplayPlugin': 0, 'PrefetchWrapPlugin': 0, 'EvaluationPlugin': 0, 'PeriodicEval': 0, 'Clock': 0}"
effectiveness_v3_20260918T045539Z_46e01d7e,dev/splitcifar100/s0_profile/s0_splitcifar100_rep1/0,s0_splitcifar100_rep1,splitcifar100,0,0,training,[],"{'ReplayPlugin': 0, 'PrefetchWrapPlugin': 0, 'EvaluationPlugin': 0, 'PeriodicEval': 0, 'Clock': 0}"
effectiveness_v3_20260918T045539Z_46e01d7e,dev/splitcifar100/s0_profile/s0_splitcifar100_rep1/0,s0_splitcifar100_rep1,splitcifar100,0,1,training,[],"{'ReplayPlugin': 0, 'PrefetchWrapPlugin': 0, 'EvaluationPlugin': 0, 'PeriodicEval': 0, 'Clock': 0}"
effectiveness_v3_20260918T045539Z_46e01d7e,dev/splitcifar100/s0_profile/s0_splitcifar100_rep1/0,s0_splitcifar100_rep1,splitcifar100,0,2,training,[],"{'ReplayPlugin': 0, 'PrefetchWrapPlugin': 0, 'EvaluationPlugin': 0, 'PeriodicEval': 0, 'Clock': 0}"
effectiveness_v3_20260918T045539Z_46e01d7e,dev/splitcifar100/s0_profile/s0_splitcifar100_rep1/0,s0_splitcifar100_rep1,splitcifar100,0,3,training,[],"{'ReplayPlugin': 0, 'PrefetchWrapPlugin': 0, 'EvaluationPlugin': 0, 'PeriodicEval': 0, 'Clock': 0}"
effectiveness_v3_20260918T045539Z_46e01d7e,dev/splitcifar100/s0_profile/s0_splitcifar100_rep1/0,s0_splitcifar100_rep1,splitcifar100,0,4,training,[],"{'ReplayPlugin': 0, 'PrefetchWrapPlugin': 0, 'EvaluationPlugin': 0, 'PeriodicEval': 0, 'Clock': 0}"
effectiveness_v3_20260918T045539Z_46e01d7e,dev/splitcifar100/s0_profile/s0_splitcifar100_rep1/0,s0_splitcifar100_rep1,splitcifar100,0,5,training,[],"{'ReplayPlugin': 0, 'PrefetchWrapPlugin': 0, 'EvaluationPlugin': 0, 'PeriodicEval': 0, 'Clock': 0}"
effectiveness_v3_20260918T045539Z_46e01d7e,dev/splitcifar100/s0_profile/s0_splitcifar100_rep1/0,s0_splitcifar100_rep1,splitcifar100,0,6,training,[],"{'ReplayPlugin': 0, 'PrefetchWrapPlugin': 0, 'EvaluationPlugin': 0, 'PeriodicEval': 0, 'Clock': 0}"
effectiveness_v3_20260918T045539Z_46e01d7e,dev/splitcifar100/s0_profile/s0_splitcifar100_rep1/0,s0_splitcifar100_rep1,splitcifar100,0,7,training,[],"{'ReplayPlugin': 0, 'PrefetchWrapPlugin': 0, 'EvaluationPlugin': 0, 'PeriodicEval': 0, 'Clock': 0}"
effectiveness_v3_20260918T045539Z_46e01d7e,dev/splitcifar100/s0_profile/s0_splitcifar100_rep1/0,s0_splitcifar100_rep1,splitcifar100,0,8,training,[],"{'ReplayPlugin': 0, 'PrefetchWrapPlugin': 0, 'EvaluationPlugin': 0, 'PeriodicEval': 0, 'Clock': 0}"
effectiveness_v3_20260918T045539Z_46e01d7e,dev/splitcifar100/s0_profile/s0_splitcifar100_rep1/0,s0_splitcifar100_rep1,splitcifar100,0,9,training,[],"{'ReplayPlugin': 0, 'PrefetchWrapPlugin': 0, 'EvaluationPlugin': 0, 'PeriodicEval': 0, 'Clock': 0}"
effectiveness_v3_20260918T045709Z_0b11e29d,dev/splitcifar100/plugin_cost/cost_splitcifar100_b64/0,cost_splitcifar100_b64,splitcifar100,0,0,training,[],"{'ReplayPlugin': 0, 'PrefetchWrapPlugin': 0, 'EvaluationPlugin': 0, 'PeriodicEval': 0, 'Clock': 0}"
effectiveness_v3_20260918T045709Z_0b11e29d,dev/splitcifar100/plugin_cost/cost_splitcifar100_b64/0,cost_splitcifar100_b64,splitcifar100,0,1,training,[],"{'ReplayPlugin': 0, 'PrefetchWrapPlugin': 0, 'EvaluationPlugin': 0, 'PeriodicEval': 0, 'Clock': 0}"
effectiveness_v3_20260918T045709Z_0b11e29d,dev/splitcifar100/plugin_cost/cost_splitcifar100_b64/0,cost_splitcifar100_b64,splitcifar100,0,2,training,[],"{'ReplayPlugin': 0, 'PrefetchWrapPlugin': 0, 'EvaluationPlugin': 0, 'PeriodicEval': 0, 'Clock': 0}"
effectiveness_v3_20260918T045709Z_0b11e29d,dev/splitcifar100/plugin_cost/cost_splitcifar100_b64/0,cost_splitcifar100_b64,splitcifar100,0,3,training,[],"{'ReplayPlugin': 0, 'PrefetchWrapPlugin': 0, 'EvaluationPlugin': 0, 'PeriodicEval': 0, 'Clock': 0}"
effectiveness_v3_20260918T045709Z_0b11e29d,dev/splitcifar100/plugin_cost/cost_splitcifar100_b64/0,cost_splitcifar100_b64,splitcifar100,0,4,training,[],"{'ReplayPlugin': 0, 'PrefetchWrapPlugin': 0, 'EvaluationPlugin': 0, 'PeriodicEval': 0, 'Clock': 0}"
effectiveness_v3_20260918T045709Z_0b11e29d,dev/splitcifar100/plugin_cost/cost_splitcifar100_b64/0,cost_splitcifar100_b64,splitcifar100,0,5,training,[],"{'ReplayPlugin': 0, 'PrefetchWrapPlugin': 0, 'EvaluationPlugin': 0, 'PeriodicEval': 0, 'Clock': 0}"
effectiveness_v3_20260918T045709Z_0b11e29d,dev/splitcifar100/plugin_cost/cost_splitcifar100_b64/0,cost_splitcifar100_b64,splitcifar100,0,6,training,[],"{'ReplayPlugin': 0, 'PrefetchWrapPlugin': 0, 'EvaluationPlugin': 0, 'PeriodicEval': 0, 'Clock': 0}"
effectiveness_v3_20260918T045709Z_0b11e29d,dev/splitcifar100/plugin_cost/cost_splitcifar100_b64/0,cost_splitcifar100_b64,splitcifar100,0,7,training,[],"{'ReplayPlugin': 0, 'PrefetchWrapPlugin': 0, 'EvaluationPlugin': 0, 'PeriodicEval': 0, 'Clock': 0}"
effectiveness_v3_20260918T045709Z_0b11e29d,dev/splitcifar100/plugin_cost/cost_splitcifar100_b64/0,cost_splitcifar100_b64,splitcifar100,0,8,training,[],"{'ReplayPlugin': 0, 'PrefetchWrapPlugin': 0, 'EvaluationPlugin': 0, 'PeriodicEval': 0, 'Clock': 0}"
effectiveness_v3_20260918T045709Z_0b11e29d,dev/splitcifar100/plugin_cost/cost_splitcifar100_b64/0,cost_splitcifar100_b64,splitcifar100,0,9,training,[],"{'ReplayPlugin': 0, 'PrefetchWrapPlugin': 0, 'EvaluationPlugin': 0, 'PeriodicEval': 0, 'Clock': 0}"
effectiveness_v3_20260918T045753Z_531aff64,dev/splitcifar100/plugin_cost/cost_splitcifar100_b256/0,cost_splitcifar100_b256,splitcifar100,0,0,training,[],"{'ReplayPlugin': 0, 'PrefetchWrapPlugin': 0, 'EvaluationPlugin': 0, 'PeriodicEval': 0, 'Clock': 0}"
effectiveness_v3_20260918T045753Z_531aff64,dev/splitcifar100/plugin_cost/cost_splitcifar100_b256/0,cost_splitcifar100_b256,splitcifar100,0,1,training,[],"{'ReplayPlugin': 0, 'PrefetchWrapPlugin': 0, 'EvaluationPlugin': 0, 'PeriodicEval': 0, 'Clock': 0}"
effectiveness_v3_20260918T045753Z_531aff64,dev/splitcifar100/plugin_cost/cost_splitcifar100_b256/0,cost_splitcifar100_b256,splitcifar100,0,2,training,[],"{'ReplayPlugin': 0, 'PrefetchWrapPlugin': 0, 'EvaluationPlugin': 0, 'PeriodicEval': 0, 'Clock': 0}"
effectiveness_v3_20260918T045753Z_531aff64,dev/splitcifar100/plugin_cost/cost_splitcifar100_b256/0,cost_splitcifar100_b256,splitcifar100,0,3,training,[],"{'ReplayPlugin': 0, 'PrefetchWrapPlugin': 0, 'EvaluationPlugin': 0, 'PeriodicEval': 0, 'Clock': 0}"
effectiveness_v3_20260918T045753Z_531aff64,dev/splitcifar100/plugin_cost/cost_splitcifar100_b256/0,cost_splitcifar100_b256,splitcifar100,0,4,training,[],"{'ReplayPlugin': 0, 'PrefetchWrapPlugin': 0, 'EvaluationPlugin': 0, 'PeriodicEval': 0, 'Clock': 0}"
effectiveness_v3_20260918T045753Z_531aff64,dev/splitcifar100/plugin_cost/cost_splitcifar100_b256/0,cost_splitcifar100_b256,splitcifar100,0,5,training,[],"{'ReplayPlugin': 0, 'PrefetchWrapPlugin': 0, 'EvaluationPlugin': 0, 'PeriodicEval': 0, 'Clock': 0}"
effectiveness_v3_20260918T045753Z_531aff64,dev/splitcifar100/plugin_cost/cost_splitcifar100_b256/0,cost_splitcifar100_b256,splitcifar100,0,6,training,[],"{'ReplayPlugin': 0, 'PrefetchWrapPlugin': 0, 'EvaluationPlugin': 0, 'PeriodicEval': 0, 'Clock': 0}"
effectiveness_v3_20260918T045753Z_531aff64,dev/splitcifar100/plugin_cost/cost_splitcifar100_b256/0,cost_splitcifar100_b256,splitcifar100,0,7,training,[],"{'ReplayPlugin': 0, 'PrefetchWrapPlugin': 0, 'EvaluationPlugin': 0, 'PeriodicEval': 0, 'Clock': 0}"
effectiveness_v3_20260918T045753Z_531aff64,dev/splitcifar100/plugin_cost/cost_splitcifar100_b256/0,cost_splitcifar100_b256,splitcifar100,0,8,training,[],"{'ReplayPlugin': 0, 'PrefetchWrapPlugin': 0, 'EvaluationPlugin': 0, 'PeriodicEval': 0, 'Clock': 0}"
effectiveness_v3_20260918T045753Z_531aff64,dev/splitcifar100/plugin_cost/cost_splitcifar100_b256/0,cost_splitcifar100_b256,splitcifar100,0,9,training,[],"{'ReplayPlugin': 0, 'PrefetchWrapPlugin': 0, 'EvaluationPlugin': 0, 'PeriodicEval': 0, 'Clock': 0}"
effectiveness_v3_20260918T045833Z_3ea4231e,dev/splitcifar100/plugin_cost/cost_splitcifar100_gem/0,cost_splitcifar100_gem,splitcifar100,0,0,training,"[{""name"": ""gem"", ""enabled"": true, ""inner"": ""SparseGEMPlugin"", ""before_backward"": 250, ""after_training_exp"": 1, ""gem_reference_samples"": 50, ""ewc_extra_forward_visits"": 0, ""enabled_history"": [true]}]","{'SparseGEMPlugin': 615200, 'ReplayPlugin': 0, 'PrefetchWrapPlugin': 0, 'EvaluationPlugin': 0, 'PeriodicEval': 0, 'Clock': 0}"
effectiveness_v3_20260918T045833Z_3ea4231e,dev/splitcifar100/plugin_cost/cost_splitcifar100_gem/0,cost_splitcifar100_gem,splitcifar100,0,1,training,"[{""name"": ""gem"", ""enabled"": true, ""inner"": ""SparseGEMPlugin"", ""before_backward"": 250, ""after_training_exp"": 1, ""gem_reference_samples"": 100, ""ewc_extra_forward_visits"": 12500, ""enabled_history"": [true]}]","{'SparseGEMPlugin': 1230400, 'ReplayPlugin': 0, 'PrefetchWrapPlugin': 0, 'EvaluationPlugin': 0, 'PeriodicEval': 0, 'Clock': 0}"
effectiveness_v3_20260918T045833Z_3ea4231e,dev/splitcifar100/plugin_cost/cost_splitcifar100_gem/0,cost_splitcifar100_gem,splitcifar100,0,2,training,"[{""name"": ""gem"", ""enabled"": true, ""inner"": ""SparseGEMPlugin"", ""before_backward"": 250, ""after_training_exp"": 1, ""gem_reference_samples"": 150, ""ewc_extra_forward_visits"": 25000, ""enabled_history"": [true]}]","{'SparseGEMPlugin': 1845600, 'ReplayPlugin': 0, 'PrefetchWrapPlugin': 0, 'EvaluationPlugin': 0, 'PeriodicEval': 0, 'Clock': 0}"
effectiveness_v3_20260918T045833Z_3ea4231e,dev/splitcifar100/plugin_cost/cost_splitcifar100_gem/0,cost_splitcifar100_gem,splitcifar100,0,3,training,"[{""name"": ""gem"", ""enabled"": true, ""inner"": ""SparseGEMPlugin"", ""before_backward"": 250, ""after_training_exp"": 1, ""gem_reference_samples"": 200, ""ewc_extra_forward_visits"": 37500, ""enabled_history"": [true]}]","{'SparseGEMPlugin': 2460800, 'ReplayPlugin': 0, 'PrefetchWrapPlugin': 0, 'EvaluationPlugin': 0, 'PeriodicEval': 0, 'Clock': 0}"
effectiveness_v3_20260918T045833Z_3ea4231e,dev/splitcifar100/plugin_cost/cost_splitcifar100_gem/0,cost_splitcifar100_gem,splitcifar100,0,4,training,"[{""name"": ""gem"", ""enabled"": true, ""inner"": ""SparseGEMPlugin"", ""before_backward"": 250, ""after_training_exp"": 1, ""gem_reference_samples"": 250, ""ewc_extra_forward_visits"": 50000, ""enabled_history"": [true]}]","{'SparseGEMPlugin': 3076000, 'ReplayPlugin': 0, 'PrefetchWrapPlugin': 0, 'EvaluationPlugin': 0, 'PeriodicEval': 0, 'Clock': 0}"
effectiveness_v3_20260918T045833Z_3ea4231e,dev/splitcifar100/plugin_cost/cost_splitcifar100_gem/0,cost_splitcifar100_gem,splitcifar100,0,5,training,"[{""name"": ""gem"", ""enabled"": true, ""inner"": ""SparseGEMPlugin"", ""before_backward"": 250, ""after_training_exp"": 1, ""gem_reference_samples"": 300, ""ewc_extra_forward_visits"": 62500, ""enabled_history"": [true]}]","{'SparseGEMPlugin': 3691200, 'ReplayPlugin': 0, 'PrefetchWrapPlugin': 0, 'EvaluationPlugin': 0, 'PeriodicEval': 0, 'Clock': 0}"
effectiveness_v3_20260918T045833Z_3ea4231e,dev/splitcifar100/plugin_cost/cost_splitcifar100_gem/0,cost_splitcifar100_gem,splitcifar100,0,6,training,"[{""name"": ""gem"", ""enabled"": true, ""inner"": ""SparseGEMPlugin"", ""before_backward"": 250, ""after_training_exp"": 1, ""gem_reference_samples"": 350, ""ewc_extra_forward_visits"": 75000, ""enabled_history"": [true]}]","{'SparseGEMPlugin': 4306400, 'ReplayPlugin': 0, 'PrefetchWrapPlugin': 0, 'EvaluationPlugin': 0, 'PeriodicEval': 0, 'Clock': 0}"
effectiveness_v3_20260918T045833Z_3ea4231e,dev/splitcifar100/plugin_cost/cost_splitcifar100_gem/0,cost_splitcifar100_gem,splitcifar100,0,7,training,"[{""name"": ""gem"", ""enabled"": true, ""inner"": ""SparseGEMPlugin"", ""before_backward"": 250, ""after_training_exp"": 1, ""gem_reference_samples"": 400, ""ewc_extra_forward_visits"": 87500, ""enabled_history"": [true]}]","{'SparseGEMPlugin': 4921600, 'ReplayPlugin': 0, 'PrefetchWrapPlugin': 0, 'EvaluationPlugin': 0, 'PeriodicEval': 0, 'Clock': 0}"
effectiveness_v3_20260918T045833Z_3ea4231e,dev/splitcifar100/plugin_cost/cost_splitcifar100_gem/0,cost_splitcifar100_gem,splitcifar100,0,8,training,"[{""name"": ""gem"", ""enabled"": true, ""inner"": ""SparseGEMPlugin"", ""before_backward"": 250, ""after_training_exp"": 1, ""gem_reference_samples"": 450, ""ewc_extra_forward_visits"": 100000, ""enabled_history"": [true]}]","{'SparseGEMPlugin': 5536800, 'ReplayPlugin': 0, 'PrefetchWrapPlugin': 0, 'EvaluationPlugin': 0, 'PeriodicEval': 0, 'Clock': 0}"
effectiveness_v3_20260918T045833Z_3ea4231e,dev/splitcifar100/plugin_cost/cost_splitcifar100_gem/0,cost_splitcifar100_gem,splitcifar100,0,9,training,"[{""name"": ""gem"", ""enabled"": true, ""inner"": ""SparseGEMPlugin"", ""before_backward"": 250, ""after_training_exp"": 1, ""gem_reference_samples"": 500, ""ewc_extra_forward_visits"": 112500, ""enabled_history"": [true]}]","{'SparseGEMPlugin': 6152000, 'ReplayPlugin': 0, 'PrefetchWrapPlugin': 0, 'EvaluationPlugin': 0, 'PeriodicEval': 0, 'Clock': 0}"
effectiveness_v3_20260918T050219Z_ee7b9532,dev/splitcifar100/plugin_cost/cost_splitcifar100_ewc/0,cost_splitcifar100_ewc,splitcifar100,0,0,training,"[{""name"": ""ewc"", ""enabled"": true, ""inner"": ""EWCPlugin"", ""before_backward"": 250, ""after_training_exp"": 1, ""gem_reference_samples"": null, ""ewc_extra_forward_visits"": null, ""enabled_history"": [true]}]","{'EWCPlugin': 2204576, 'ReplayPlugin': 0, 'PrefetchWrapPlugin': 0, 'EvaluationPlugin': 0, 'PeriodicEval': 0, 'Clock': 0}"
effectiveness_v3_20260918T050219Z_ee7b9532,dev/splitcifar100/plugin_cost/cost_splitcifar100_ewc/0,cost_splitcifar100_ewc,splitcifar100,0,1,training,"[{""name"": ""ewc"", ""enabled"": true, ""inner"": ""EWCPlugin"", ""before_backward"": 250, ""after_training_exp"": 1, ""gem_reference_samples"": null, ""ewc_extra_forward_visits"": null, ""enabled_history"": [true]}]","{'EWCPlugin': 4409152, 'ReplayPlugin': 0, 'PrefetchWrapPlugin': 0, 'EvaluationPlugin': 0, 'PeriodicEval': 0, 'Clock': 0}"
effectiveness_v3_20260918T050219Z_ee7b9532,dev/splitcifar100/plugin_cost/cost_splitcifar100_ewc/0,cost_splitcifar100_ewc,splitcifar100,0,2,training,"[{""name"": ""ewc"", ""enabled"": true, ""inner"": ""EWCPlugin"", ""before_backward"": 250, ""after_training_exp"": 1, ""gem_reference_samples"": null, ""ewc_extra_forward_visits"": null, ""enabled_history"": [true]}]","{'EWCPlugin': 6613728, 'ReplayPlugin': 0, 'PrefetchWrapPlugin': 0, 'EvaluationPlugin': 0, 'PeriodicEval': 0, 'Clock': 0}"
effectiveness_v3_20260918T050219Z_ee7b9532,dev/splitcifar100/plugin_cost/cost_splitcifar100_ewc/0,cost_splitcifar100_ewc,splitcifar100,0,3,training,"[{""name"": ""ewc"", ""enabled"": true, ""inner"": ""EWCPlugin"", ""before_backward"": 250, ""after_training_exp"": 1, ""gem_reference_samples"": null, ""ewc_extra_forward_visits"": null, ""enabled_history"": [true]}]","{'EWCPlugin': 8818304, 'ReplayPlugin': 0, 'PrefetchWrapPlugin': 0, 'EvaluationPlugin': 0, 'PeriodicEval': 0, 'Clock': 0}"
effectiveness_v3_20260918T050219Z_ee7b9532,dev/splitcifar100/plugin_cost/cost_splitcifar100_ewc/0,cost_splitcifar100_ewc,splitcifar100,0,4,training,"[{""name"": ""ewc"", ""enabled"": true, ""inner"": ""EWCPlugin"", ""before_backward"": 250, ""after_training_exp"": 1, ""gem_reference_samples"": null, ""ewc_extra_forward_visits"": null, ""enabled_history"": [true]}]","{'EWCPlugin': 11022880, 'ReplayPlugin': 0, 'PrefetchWrapPlugin': 0, 'EvaluationPlugin': 0, 'PeriodicEval': 0, 'Clock': 0}"
effectiveness_v3_20260918T050219Z_ee7b9532,dev/splitcifar100/plugin_cost/cost_splitcifar100_ewc/0,cost_splitcifar100_ewc,splitcifar100,0,5,training,"[{""name"": ""ewc"", ""enabled"": true, ""inner"": ""EWCPlugin"", ""before_backward"": 250, ""after_training_exp"": 1, ""gem_reference_samples"": null, ""ewc_extra_forward_visits"": null, ""enabled_history"": [true]}]","{'EWCPlugin': 13227456, 'ReplayPlugin': 0, 'PrefetchWrapPlugin': 0, 'EvaluationPlugin': 0, 'PeriodicEval': 0, 'Clock': 0}"
effectiveness_v3_20260918T050219Z_ee7b9532,dev/splitcifar100/plugin_cost/cost_splitcifar100_ewc/0,cost_splitcifar100_ewc,splitcifar100,0,6,training,"[{""name"": ""ewc"", ""enabled"": true, ""inner"": ""EWCPlugin"", ""before_backward"": 250, ""after_training_exp"": 1, ""gem_reference_samples"": null, ""ewc_extra_forward_visits"": null, ""enabled_history"": [true]}]","{'EWCPlugin': 15432032, 'ReplayPlugin': 0, 'PrefetchWrapPlugin': 0, 'EvaluationPlugin': 0, 'PeriodicEval': 0, 'Clock': 0}"
effectiveness_v3_20260918T050219Z_ee7b9532,dev/splitcifar100/plugin_cost/cost_splitcifar100_ewc/0,cost_splitcifar100_ewc,splitcifar100,0,7,training,"[{""name"": ""ewc"", ""enabled"": true, ""inner"": ""EWCPlugin"", ""before_backward"": 250, ""after_training_exp"": 1, ""gem_reference_samples"": null, ""ewc_extra_forward_visits"": null, ""enabled_history"": [true]}]","{'EWCPlugin': 17636608, 'ReplayPlugin': 0, 'PrefetchWrapPlugin': 0, 'EvaluationPlugin': 0, 'PeriodicEval': 0, 'Clock': 0}"
effectiveness_v3_20260918T050219Z_ee7b9532,dev/splitcifar100/plugin_cost/cost_splitcifar100_ewc/0,cost_splitcifar100_ewc,splitcifar100,0,8,training,"[{""name"": ""ewc"", ""enabled"": true, ""inner"": ""EWCPlugin"", ""before_backward"": 250, ""after_training_exp"": 1, ""gem_reference_samples"": null, ""ewc_extra_forward_visits"": null, ""enabled_history"": [true]}]","{'EWCPlugin': 19841184, 'ReplayPlugin': 0, 'PrefetchWrapPlugin': 0, 'EvaluationPlugin': 0, 'PeriodicEval': 0, 'Clock': 0}"
effectiveness_v3_20260918T050219Z_ee7b9532,dev/splitcifar100/plugin_cost/cost_splitcifar100_ewc/0,cost_splitcifar100_ewc,splitcifar100,0,9,training,"[{""name"": ""ewc"", ""enabled"": true, ""inner"": ""EWCPlugin"", ""before_backward"": 250, ""after_training_exp"": 1, ""gem_reference_samples"": null, ""ewc_extra_forward_visits"": null, ""enabled_history"": [true]}]","{'EWCPlugin': 22045760, 'ReplayPlugin': 0, 'PrefetchWrapPlugin': 0, 'EvaluationPlugin': 0, 'PeriodicEval': 0, 'Clock': 0}"
effectiveness_v3_20260918T050652Z_3e217be9,dev/splitcifar100/plugin_cost/cost_splitcifar100_gem_ewc/0,cost_splitcifar100_gem_ewc,splitcifar100,0,0,training,"[{""name"": ""gem"", ""enabled"": true, ""inner"": ""SparseGEMPlugin"", ""before_backward"": 250, ""after_training_exp"": 1, ""gem_reference_samples"": 50, ""ewc_extra_forward_visits"": 0, ""enabled_history"": [true]}, {""name"": ""ewc"", ""enabled"": true, ""inner"": ""EWCPlugin"", ""before_backward"": 250, ""after_training_exp"": 1, ""gem_reference_samples"": null, ""ewc_extra_forward_visits"": null, ""enabled_history"": [true]}]","{'SparseGEMPlugin': 615200, 'EWCPlugin': 2204576, 'ReplayPlugin': 0, 'PrefetchWrapPlugin': 0, 'EvaluationPlugin': 0, 'PeriodicEval': 0, 'Clock': 0}"
effectiveness_v3_20260918T050652Z_3e217be9,dev/splitcifar100/plugin_cost/cost_splitcifar100_gem_ewc/0,cost_splitcifar100_gem_ewc,splitcifar100,0,1,training,"[{""name"": ""gem"", ""enabled"": true, ""inner"": ""SparseGEMPlugin"", ""before_backward"": 250, ""after_training_exp"": 1, ""gem_reference_samples"": 100, ""ewc_extra_forward_visits"": 12500, ""enabled_history"": [true]}, {""name"": ""ewc"", ""enabled"": true, ""inner"": ""EWCPlugin"", ""before_backward"": 250, ""after_training_exp"": 1, ""gem_reference_samples"": null, ""ewc_extra_forward_visits"": null, ""enabled_history"": [true]}]","{'SparseGEMPlugin': 1230400, 'EWCPlugin': 4409152, 'ReplayPlugin': 0, 'PrefetchWrapPlugin': 0, 'EvaluationPlugin': 0, 'PeriodicEval': 0, 'Clock': 0}"
effectiveness_v3_20260918T050652Z_3e217be9,dev/splitcifar100/plugin_cost/cost_splitcifar100_gem_ewc/0,cost_splitcifar100_gem_ewc,splitcifar100,0,2,training,"[{""name"": ""gem"", ""enabled"": true, ""inner"": ""SparseGEMPlugin"", ""before_backward"": 250, ""after_training_exp"": 1, ""gem_reference_samples"": 150, ""ewc_extra_forward_visits"": 25000, ""enabled_history"": [true]}, {""name"": ""ewc"", ""enabled"": true, ""inner"": ""EWCPlugin"", ""before_backward"": 250, ""after_training_exp"": 1, ""gem_reference_samples"": null, ""ewc_extra_forward_visits"": null, ""enabled_history"": [true]}]","{'SparseGEMPlugin': 1845600, 'EWCPlugin': 6613728, 'ReplayPlugin': 0, 'PrefetchWrapPlugin': 0, 'EvaluationPlugin': 0, 'PeriodicEval': 0, 'Clock': 0}"
effectiveness_v3_20260918T050652Z_3e217be9,dev/splitcifar100/plugin_cost/cost_splitcifar100_gem_ewc/0,cost_splitcifar100_gem_ewc,splitcifar100,0,3,training,"[{""name"": ""gem"", ""enabled"": true, ""inner"": ""SparseGEMPlugin"", ""before_backward"": 250, ""after_training_exp"": 1, ""gem_reference_samples"": 200, ""ewc_extra_forward_visits"": 37500, ""enabled_history"": [true]}, {""name"": ""ewc"", ""enabled"": true, ""inner"": ""EWCPlugin"", ""before_backward"": 250, ""after_training_exp"": 1, ""gem_reference_samples"": null, ""ewc_extra_forward_visits"": null, ""enabled_history"": [true]}]","{'SparseGEMPlugin': 2460800, 'EWCPlugin': 8818304, 'ReplayPlugin': 0, 'PrefetchWrapPlugin': 0, 'EvaluationPlugin': 0, 'PeriodicEval': 0, 'Clock': 0}"
effectiveness_v3_20260918T050652Z_3e217be9,dev/splitcifar100/plugin_cost/cost_splitcifar100_gem_ewc/0,cost_splitcifar100_gem_ewc,splitcifar100,0,4,training,"[{""name"": ""gem"", ""enabled"": true, ""inner"": ""SparseGEMPlugin"", ""before_backward"": 250, ""after_training_exp"": 1, ""gem_reference_samples"": 250, ""ewc_extra_forward_visits"": 50000, ""enabled_history"": [true]}, {""name"": ""ewc"", ""enabled"": true, ""inner"": ""EWCPlugin"", ""before_backward"": 250, ""after_training_exp"": 1, ""gem_reference_samples"": null, ""ewc_extra_forward_visits"": null, ""enabled_history"": [true]}]","{'SparseGEMPlugin': 3076000, 'EWCPlugin': 11022880, 'ReplayPlugin': 0, 'PrefetchWrapPlugin': 0, 'EvaluationPlugin': 0, 'PeriodicEval': 0, 'Clock': 0}"
effectiveness_v3_20260918T050652Z_3e217be9,dev/splitcifar100/plugin_cost/cost_splitcifar100_gem_ewc/0,cost_splitcifar100_gem_ewc,splitcifar100,0,5,training,"[{""name"": ""gem"", ""enabled"": true, ""inner"": ""SparseGEMPlugin"", ""before_backward"": 250, ""after_training_exp"": 1, ""gem_reference_samples"": 300, ""ewc_extra_forward_visits"": 62500, ""enabled_history"": [true]}, {""name"": ""ewc"", ""enabled"": true, ""inner"": ""EWCPlugin"", ""before_backward"": 250, ""after_training_exp"": 1, ""gem_reference_samples"": null, ""ewc_extra_forward_visits"": null, ""enabled_history"": [true]}]","{'SparseGEMPlugin': 3691200, 'EWCPlugin': 13227456, 'ReplayPlugin': 0, 'PrefetchWrapPlugin': 0, 'EvaluationPlugin': 0, 'PeriodicEval': 0, 'Clock': 0}"
effectiveness_v3_20260918T050652Z_3e217be9,dev/splitcifar100/plugin_cost/cost_splitcifar100_gem_ewc/0,cost_splitcifar100_gem_ewc,splitcifar100,0,6,training,"[{""name"": ""gem"", ""enabled"": true, ""inner"": ""SparseGEMPlugin"", ""before_backward"": 250, ""after_training_exp"": 1, ""gem_reference_samples"": 350, ""ewc_extra_forward_visits"": 75000, ""enabled_history"": [true]}, {""name"": ""ewc"", ""enabled"": true, ""inner"": ""EWCPlugin"", ""before_backward"": 250, ""after_training_exp"": 1, ""gem_reference_samples"": null, ""ewc_extra_forward_visits"": null, ""enabled_history"": [true]}]","{'SparseGEMPlugin': 4306400, 'EWCPlugin': 15432032, 'ReplayPlugin': 0, 'PrefetchWrapPlugin': 0, 'EvaluationPlugin': 0, 'PeriodicEval': 0, 'Clock': 0}"
effectiveness_v3_20260918T050652Z_3e217be9,dev/splitcifar100/plugin_cost/cost_splitcifar100_gem_ewc/0,cost_splitcifar100_gem_ewc,splitcifar100,0,7,training,"[{""name"": ""gem"", ""enabled"": true, ""inner"": ""SparseGEMPlugin"", ""before_backward"": 250, ""after_training_exp"": 1, ""gem_reference_samples"": 400, ""ewc_extra_forward_visits"": 87500, ""enabled_history"": [true]}, {""name"": ""ewc"", ""enabled"": true, ""inner"": ""EWCPlugin"", ""before_backward"": 250, ""after_training_exp"": 1, ""gem_reference_samples"": null, ""ewc_extra_forward_visits"": null, ""enabled_history"": [true]}]","{'SparseGEMPlugin': 4921600, 'EWCPlugin': 17636608, 'ReplayPlugin': 0, 'PrefetchWrapPlugin': 0, 'EvaluationPlugin': 0, 'PeriodicEval': 0, 'Clock': 0}"
effectiveness_v3_20260918T050652Z_3e217be9,dev/splitcifar100/plugin_cost/cost_splitcifar100_gem_ewc/0,cost_splitcifar100_gem_ewc,splitcifar100,0,8,training,"[{""name"": ""gem"", ""enabled"": true, ""inner"": ""SparseGEMPlugin"", ""before_backward"": 250, ""after_training_exp"": 1, ""gem_reference_samples"": 450, ""ewc_extra_forward_visits"": 100000, ""enabled_history"": [true]}, {""name"": ""ewc"", ""enabled"": true, ""inner"": ""EWCPlugin"", ""before_backward"": 250, ""after_training_exp"": 1, ""gem_reference_samples"": null, ""ewc_extra_forward_visits"": null, ""enabled_history"": [true]}]","{'SparseGEMPlugin': 5536800, 'EWCPlugin': 19841184, 'ReplayPlugin': 0, 'PrefetchWrapPlugin': 0, 'EvaluationPlugin': 0, 'PeriodicEval': 0, 'Clock': 0}"
effectiveness_v3_20260918T050652Z_3e217be9,dev/splitcifar100/plugin_cost/cost_splitcifar100_gem_ewc/0,cost_splitcifar100_gem_ewc,splitcifar100,0,9,training,"[{""name"": ""gem"", ""enabled"": true, ""inner"": ""SparseGEMPlugin"", ""before_backward"": 250, ""after_training_exp"": 1, ""gem_reference_samples"": 500, ""ewc_extra_forward_visits"": 112500, ""enabled_history"": [true]}, {""name"": ""ewc"", ""enabled"": true, ""inner"": ""EWCPlugin"", ""before_backward"": 250, ""after_training_exp"": 1, ""gem_reference_samples"": null, ""ewc_extra_forward_visits"": null, ""enabled_history"": [true]}]","{'SparseGEMPlugin': 6152000, 'EWCPlugin': 22045760, 'ReplayPlugin': 0, 'PrefetchWrapPlugin': 0, 'EvaluationPlugin': 0, 'PeriodicEval': 0, 'Clock': 0}"
effectiveness_v3_20260918T051310Z_753bf737,dev/core50_nc/quota_scan/quota_core50_nc_q160/0,quota_core50_nc_q160,core50_nc,0,0,training,[],"{'ReplayPlugin': 0, 'PrefetchWrapPlugin': 0, 'EvaluationPlugin': 0, 'PeriodicEval': 0, 'Clock': 0}"
effectiveness_v3_20260918T051310Z_753bf737,dev/core50_nc/quota_scan/quota_core50_nc_q160/0,quota_core50_nc_q160,core50_nc,0,1,training,[],"{'ReplayPlugin': 0, 'PrefetchWrapPlugin': 0, 'EvaluationPlugin': 0, 'PeriodicEval': 0, 'Clock': 0}"
effectiveness_v3_20260918T051310Z_753bf737,dev/core50_nc/quota_scan/quota_core50_nc_q160/0,quota_core50_nc_q160,core50_nc,0,2,training,[],"{'ReplayPlugin': 0, 'PrefetchWrapPlugin': 0, 'EvaluationPlugin': 0, 'PeriodicEval': 0, 'Clock': 0}"
effectiveness_v3_20260918T051310Z_753bf737,dev/core50_nc/quota_scan/quota_core50_nc_q160/0,quota_core50_nc_q160,core50_nc,0,3,training,[],"{'ReplayPlugin': 0, 'PrefetchWrapPlugin': 0, 'EvaluationPlugin': 0, 'PeriodicEval': 0, 'Clock': 0}"
effectiveness_v3_20260918T051310Z_753bf737,dev/core50_nc/quota_scan/quota_core50_nc_q160/0,quota_core50_nc_q160,core50_nc,0,4,training,[],"{'ReplayPlugin': 0, 'PrefetchWrapPlugin': 0, 'EvaluationPlugin': 0, 'PeriodicEval': 0, 'Clock': 0}"
effectiveness_v3_20260918T051310Z_753bf737,dev/core50_nc/quota_scan/quota_core50_nc_q160/0,quota_core50_nc_q160,core50_nc,0,5,training,[],"{'ReplayPlugin': 0, 'PrefetchWrapPlugin': 0, 'EvaluationPlugin': 0, 'PeriodicEval': 0, 'Clock': 0}"
effectiveness_v3_20260918T051310Z_753bf737,dev/core50_nc/quota_scan/quota_core50_nc_q160/0,quota_core50_nc_q160,core50_nc,0,6,training,[],"{'ReplayPlugin': 0, 'PrefetchWrapPlugin': 0, 'EvaluationPlugin': 0, 'PeriodicEval': 0, 'Clock': 0}"
effectiveness_v3_20260918T051310Z_753bf737,dev/core50_nc/quota_scan/quota_core50_nc_q160/0,quota_core50_nc_q160,core50_nc,0,7,training,[],"{'ReplayPlugin': 0, 'PrefetchWrapPlugin': 0, 'EvaluationPlugin': 0, 'PeriodicEval': 0, 'Clock': 0}"
effectiveness_v3_20260918T051310Z_753bf737,dev/core50_nc/quota_scan/quota_core50_nc_q160/0,quota_core50_nc_q160,core50_nc,0,8,training,[],"{'ReplayPlugin': 0, 'PrefetchWrapPlugin': 0, 'EvaluationPlugin': 0, 'PeriodicEval': 0, 'Clock': 0}"
effectiveness_v3_20260918T051644Z_afe539fc,dev/core50_nc/quota_scan/quota_core50_nc_q176/0,quota_core50_nc_q176,core50_nc,0,0,training,[],"{'ReplayPlugin': 0, 'PrefetchWrapPlugin': 0, 'EvaluationPlugin': 0, 'PeriodicEval': 0, 'Clock': 0}"
effectiveness_v3_20260918T051644Z_afe539fc,dev/core50_nc/quota_scan/quota_core50_nc_q176/0,quota_core50_nc_q176,core50_nc,0,1,training,[],"{'ReplayPlugin': 0, 'PrefetchWrapPlugin': 0, 'EvaluationPlugin': 0, 'PeriodicEval': 0, 'Clock': 0}"
effectiveness_v3_20260918T051644Z_afe539fc,dev/core50_nc/quota_scan/quota_core50_nc_q176/0,quota_core50_nc_q176,core50_nc,0,2,training,[],"{'ReplayPlugin': 0, 'PrefetchWrapPlugin': 0, 'EvaluationPlugin': 0, 'PeriodicEval': 0, 'Clock': 0}"
effectiveness_v3_20260918T051644Z_afe539fc,dev/core50_nc/quota_scan/quota_core50_nc_q176/0,quota_core50_nc_q176,core50_nc,0,3,training,[],"{'ReplayPlugin': 0, 'PrefetchWrapPlugin': 0, 'EvaluationPlugin': 0, 'PeriodicEval': 0, 'Clock': 0}"
effectiveness_v3_20260918T051644Z_afe539fc,dev/core50_nc/quota_scan/quota_core50_nc_q176/0,quota_core50_nc_q176,core50_nc,0,4,training,[],"{'ReplayPlugin': 0, 'PrefetchWrapPlugin': 0, 'EvaluationPlugin': 0, 'PeriodicEval': 0, 'Clock': 0}"
effectiveness_v3_20260918T051644Z_afe539fc,dev/core50_nc/quota_scan/quota_core50_nc_q176/0,quota_core50_nc_q176,core50_nc,0,5,training,[],"{'ReplayPlugin': 0, 'PrefetchWrapPlugin': 0, 'EvaluationPlugin': 0, 'PeriodicEval': 0, 'Clock': 0}"
effectiveness_v3_20260918T051644Z_afe539fc,dev/core50_nc/quota_scan/quota_core50_nc_q176/0,quota_core50_nc_q176,core50_nc,0,6,training,[],"{'ReplayPlugin': 0, 'PrefetchWrapPlugin': 0, 'EvaluationPlugin': 0, 'PeriodicEval': 0, 'Clock': 0}"
effectiveness_v3_20260918T051644Z_afe539fc,dev/core50_nc/quota_scan/quota_core50_nc_q176/0,quota_core50_nc_q176,core50_nc,0,7,training,[],"{'ReplayPlugin': 0, 'PrefetchWrapPlugin': 0, 'EvaluationPlugin': 0, 'PeriodicEval': 0, 'Clock': 0}"
effectiveness_v3_20260918T051644Z_afe539fc,dev/core50_nc/quota_scan/quota_core50_nc_q176/0,quota_core50_nc_q176,core50_nc,0,8,training,[],"{'ReplayPlugin': 0, 'PrefetchWrapPlugin': 0, 'EvaluationPlugin': 0, 'PeriodicEval': 0, 'Clock': 0}"
effectiveness_v3_20260918T052003Z_0326cd41,dev/core50_nc/quota_scan/quota_core50_nc_q192/0,quota_core50_nc_q192,core50_nc,0,0,training,[],"{'ReplayPlugin': 0, 'PrefetchWrapPlugin': 0, 'EvaluationPlugin': 0, 'PeriodicEval': 0, 'Clock': 0}"
effectiveness_v3_20260918T052003Z_0326cd41,dev/core50_nc/quota_scan/quota_core50_nc_q192/0,quota_core50_nc_q192,core50_nc,0,1,training,[],"{'ReplayPlugin': 0, 'PrefetchWrapPlugin': 0, 'EvaluationPlugin': 0, 'PeriodicEval': 0, 'Clock': 0}"
effectiveness_v3_20260918T052003Z_0326cd41,dev/core50_nc/quota_scan/quota_core50_nc_q192/0,quota_core50_nc_q192,core50_nc,0,2,training,[],"{'ReplayPlugin': 0, 'PrefetchWrapPlugin': 0, 'EvaluationPlugin': 0, 'PeriodicEval': 0, 'Clock': 0}"
effectiveness_v3_20260918T052003Z_0326cd41,dev/core50_nc/quota_scan/quota_core50_nc_q192/0,quota_core50_nc_q192,core50_nc,0,3,training,[],"{'ReplayPlugin': 0, 'PrefetchWrapPlugin': 0, 'EvaluationPlugin': 0, 'PeriodicEval': 0, 'Clock': 0}"
effectiveness_v3_20260918T052003Z_0326cd41,dev/core50_nc/quota_scan/quota_core50_nc_q192/0,quota_core50_nc_q192,core50_nc,0,4,training,[],"{'ReplayPlugin': 0, 'PrefetchWrapPlugin': 0, 'EvaluationPlugin': 0, 'PeriodicEval': 0, 'Clock': 0}"
effectiveness_v3_20260918T052003Z_0326cd41,dev/core50_nc/quota_scan/quota_core50_nc_q192/0,quota_core50_nc_q192,core50_nc,0,5,training,[],"{'ReplayPlugin': 0, 'PrefetchWrapPlugin': 0, 'EvaluationPlugin': 0, 'PeriodicEval': 0, 'Clock': 0}"
effectiveness_v3_20260918T052003Z_0326cd41,dev/core50_nc/quota_scan/quota_core50_nc_q192/0,quota_core50_nc_q192,core50_nc,0,6,training,[],"{'ReplayPlugin': 0, 'PrefetchWrapPlugin': 0, 'EvaluationPlugin': 0, 'PeriodicEval': 0, 'Clock': 0}"
effectiveness_v3_20260918T052003Z_0326cd41,dev/core50_nc/quota_scan/quota_core50_nc_q192/0,quota_core50_nc_q192,core50_nc,0,7,training,[],"{'ReplayPlugin': 0, 'PrefetchWrapPlugin': 0, 'EvaluationPlugin': 0, 'PeriodicEval': 0, 'Clock': 0}"
effectiveness_v3_20260918T052003Z_0326cd41,dev/core50_nc/quota_scan/quota_core50_nc_q192/0,quota_core50_nc_q192,core50_nc,0,8,training,[],"{'ReplayPlugin': 0, 'PrefetchWrapPlugin': 0, 'EvaluationPlugin': 0, 'PeriodicEval': 0, 'Clock': 0}"
effectiveness_v3_20260918T052329Z_c1d89672,dev/core50_nc/quota_scan/quota_core50_nc_q208/0,quota_core50_nc_q208,core50_nc,0,0,training,[],"{'ReplayPlugin': 0, 'PrefetchWrapPlugin': 0, 'EvaluationPlugin': 0, 'PeriodicEval': 0, 'Clock': 0}"
effectiveness_v3_20260918T052329Z_c1d89672,dev/core50_nc/quota_scan/quota_core50_nc_q208/0,quota_core50_nc_q208,core50_nc,0,1,training,[],"{'ReplayPlugin': 0, 'PrefetchWrapPlugin': 0, 'EvaluationPlugin': 0, 'PeriodicEval': 0, 'Clock': 0}"
effectiveness_v3_20260918T052329Z_c1d89672,dev/core50_nc/quota_scan/quota_core50_nc_q208/0,quota_core50_nc_q208,core50_nc,0,2,training,[],"{'ReplayPlugin': 0, 'PrefetchWrapPlugin': 0, 'EvaluationPlugin': 0, 'PeriodicEval': 0, 'Clock': 0}"
effectiveness_v3_20260918T052329Z_c1d89672,dev/core50_nc/quota_scan/quota_core50_nc_q208/0,quota_core50_nc_q208,core50_nc,0,3,training,[],"{'ReplayPlugin': 0, 'PrefetchWrapPlugin': 0, 'EvaluationPlugin': 0, 'PeriodicEval': 0, 'Clock': 0}"
effectiveness_v3_20260918T052329Z_c1d89672,dev/core50_nc/quota_scan/quota_core50_nc_q208/0,quota_core50_nc_q208,core50_nc,0,4,training,[],"{'ReplayPlugin': 0, 'PrefetchWrapPlugin': 0, 'EvaluationPlugin': 0, 'PeriodicEval': 0, 'Clock': 0}"
effectiveness_v3_20260918T052329Z_c1d89672,dev/core50_nc/quota_scan/quota_core50_nc_q208/0,quota_core50_nc_q208,core50_nc,0,5,training,[],"{'ReplayPlugin': 0, 'PrefetchWrapPlugin': 0, 'EvaluationPlugin': 0, 'PeriodicEval': 0, 'Clock': 0}"
effectiveness_v3_20260918T052329Z_c1d89672,dev/core50_nc/quota_scan/quota_core50_nc_q208/0,quota_core50_nc_q208,core50_nc,0,6,training,[],"{'ReplayPlugin': 0, 'PrefetchWrapPlugin': 0, 'EvaluationPlugin': 0, 'PeriodicEval': 0, 'Clock': 0}"
effectiveness_v3_20260918T052329Z_c1d89672,dev/core50_nc/quota_scan/quota_core50_nc_q208/0,quota_core50_nc_q208,core50_nc,0,7,training,[],"{'ReplayPlugin': 0, 'PrefetchWrapPlugin': 0, 'EvaluationPlugin': 0, 'PeriodicEval': 0, 'Clock': 0}"
effectiveness_v3_20260918T052329Z_c1d89672,dev/core50_nc/quota_scan/quota_core50_nc_q208/0,quota_core50_nc_q208,core50_nc,0,8,training,[],"{'ReplayPlugin': 0, 'PrefetchWrapPlugin': 0, 'EvaluationPlugin': 0, 'PeriodicEval': 0, 'Clock': 0}"
effectiveness_v3_20260918T052702Z_ca15a41b,dev/core50_nc/quota_scan/quota_core50_nc_q224/0,quota_core50_nc_q224,core50_nc,0,0,training,[],"{'ReplayPlugin': 0, 'PrefetchWrapPlugin': 0, 'EvaluationPlugin': 0, 'PeriodicEval': 0, 'Clock': 0}"
effectiveness_v3_20260918T052702Z_ca15a41b,dev/core50_nc/quota_scan/quota_core50_nc_q224/0,quota_core50_nc_q224,core50_nc,0,1,training,[],"{'ReplayPlugin': 0, 'PrefetchWrapPlugin': 0, 'EvaluationPlugin': 0, 'PeriodicEval': 0, 'Clock': 0}"
effectiveness_v3_20260918T052702Z_ca15a41b,dev/core50_nc/quota_scan/quota_core50_nc_q224/0,quota_core50_nc_q224,core50_nc,0,2,training,[],"{'ReplayPlugin': 0, 'PrefetchWrapPlugin': 0, 'EvaluationPlugin': 0, 'PeriodicEval': 0, 'Clock': 0}"
effectiveness_v3_20260918T052702Z_ca15a41b,dev/core50_nc/quota_scan/quota_core50_nc_q224/0,quota_core50_nc_q224,core50_nc,0,3,training,[],"{'ReplayPlugin': 0, 'PrefetchWrapPlugin': 0, 'EvaluationPlugin': 0, 'PeriodicEval': 0, 'Clock': 0}"
effectiveness_v3_20260918T052702Z_ca15a41b,dev/core50_nc/quota_scan/quota_core50_nc_q224/0,quota_core50_nc_q224,core50_nc,0,4,training,[],"{'ReplayPlugin': 0, 'PrefetchWrapPlugin': 0, 'EvaluationPlugin': 0, 'PeriodicEval': 0, 'Clock': 0}"
effectiveness_v3_20260918T052702Z_ca15a41b,dev/core50_nc/quota_scan/quota_core50_nc_q224/0,quota_core50_nc_q224,core50_nc,0,5,training,[],"{'ReplayPlugin': 0, 'PrefetchWrapPlugin': 0, 'EvaluationPlugin': 0, 'PeriodicEval': 0, 'Clock': 0}"
effectiveness_v3_20260918T052702Z_ca15a41b,dev/core50_nc/quota_scan/quota_core50_nc_q224/0,quota_core50_nc_q224,core50_nc,0,6,training,[],"{'ReplayPlugin': 0, 'PrefetchWrapPlugin': 0, 'EvaluationPlugin': 0, 'PeriodicEval': 0, 'Clock': 0}"
effectiveness_v3_20260918T052702Z_ca15a41b,dev/core50_nc/quota_scan/quota_core50_nc_q224/0,quota_core50_nc_q224,core50_nc,0,7,training,[],"{'ReplayPlugin': 0, 'PrefetchWrapPlugin': 0, 'EvaluationPlugin': 0, 'PeriodicEval': 0, 'Clock': 0}"
effectiveness_v3_20260918T052702Z_ca15a41b,dev/core50_nc/quota_scan/quota_core50_nc_q224/0,quota_core50_nc_q224,core50_nc,0,8,training,[],"{'ReplayPlugin': 0, 'PrefetchWrapPlugin': 0, 'EvaluationPlugin': 0, 'PeriodicEval': 0, 'Clock': 0}"
effectiveness_v3_20260918T053032Z_b8606185,dev/core50_nc/quota_scan/quota_core50_nc_q240/0,quota_core50_nc_q240,core50_nc,0,0,training,[],"{'ReplayPlugin': 0, 'PrefetchWrapPlugin': 0, 'EvaluationPlugin': 0, 'PeriodicEval': 0, 'Clock': 0}"
effectiveness_v3_20260918T053032Z_b8606185,dev/core50_nc/quota_scan/quota_core50_nc_q240/0,quota_core50_nc_q240,core50_nc,0,1,training,[],"{'ReplayPlugin': 0, 'PrefetchWrapPlugin': 0, 'EvaluationPlugin': 0, 'PeriodicEval': 0, 'Clock': 0}"
effectiveness_v3_20260918T053032Z_b8606185,dev/core50_nc/quota_scan/quota_core50_nc_q240/0,quota_core50_nc_q240,core50_nc,0,2,training,[],"{'ReplayPlugin': 0, 'PrefetchWrapPlugin': 0, 'EvaluationPlugin': 0, 'PeriodicEval': 0, 'Clock': 0}"
effectiveness_v3_20260918T053032Z_b8606185,dev/core50_nc/quota_scan/quota_core50_nc_q240/0,quota_core50_nc_q240,core50_nc,0,3,training,[],"{'ReplayPlugin': 0, 'PrefetchWrapPlugin': 0, 'EvaluationPlugin': 0, 'PeriodicEval': 0, 'Clock': 0}"
effectiveness_v3_20260918T053032Z_b8606185,dev/core50_nc/quota_scan/quota_core50_nc_q240/0,quota_core50_nc_q240,core50_nc,0,4,training,[],"{'ReplayPlugin': 0, 'PrefetchWrapPlugin': 0, 'EvaluationPlugin': 0, 'PeriodicEval': 0, 'Clock': 0}"
effectiveness_v3_20260918T053032Z_b8606185,dev/core50_nc/quota_scan/quota_core50_nc_q240/0,quota_core50_nc_q240,core50_nc,0,5,training,[],"{'ReplayPlugin': 0, 'PrefetchWrapPlugin': 0, 'EvaluationPlugin': 0, 'PeriodicEval': 0, 'Clock': 0}"
effectiveness_v3_20260918T053032Z_b8606185,dev/core50_nc/quota_scan/quota_core50_nc_q240/0,quota_core50_nc_q240,core50_nc,0,6,training,[],"{'ReplayPlugin': 0, 'PrefetchWrapPlugin': 0, 'EvaluationPlugin': 0, 'PeriodicEval': 0, 'Clock': 0}"
effectiveness_v3_20260918T053032Z_b8606185,dev/core50_nc/quota_scan/quota_core50_nc_q240/0,quota_core50_nc_q240,core50_nc,0,7,training,[],"{'ReplayPlugin': 0, 'PrefetchWrapPlugin': 0, 'EvaluationPlugin': 0, 'PeriodicEval': 0, 'Clock': 0}"
effectiveness_v3_20260918T053032Z_b8606185,dev/core50_nc/quota_scan/quota_core50_nc_q240/0,quota_core50_nc_q240,core50_nc,0,8,training,[],"{'ReplayPlugin': 0, 'PrefetchWrapPlugin': 0, 'EvaluationPlugin': 0, 'PeriodicEval': 0, 'Clock': 0}"
effectiveness_v3_20260918T053405Z_da48ec62,dev/core50_nc/quota_scan/quota_core50_nc_q256/0,quota_core50_nc_q256,core50_nc,0,0,training,[],"{'ReplayPlugin': 0, 'PrefetchWrapPlugin': 0, 'EvaluationPlugin': 0, 'PeriodicEval': 0, 'Clock': 0}"
effectiveness_v3_20260918T053405Z_da48ec62,dev/core50_nc/quota_scan/quota_core50_nc_q256/0,quota_core50_nc_q256,core50_nc,0,1,training,[],"{'ReplayPlugin': 0, 'PrefetchWrapPlugin': 0, 'EvaluationPlugin': 0, 'PeriodicEval': 0, 'Clock': 0}"
effectiveness_v3_20260918T053405Z_da48ec62,dev/core50_nc/quota_scan/quota_core50_nc_q256/0,quota_core50_nc_q256,core50_nc,0,2,training,[],"{'ReplayPlugin': 0, 'PrefetchWrapPlugin': 0, 'EvaluationPlugin': 0, 'PeriodicEval': 0, 'Clock': 0}"
effectiveness_v3_20260918T053405Z_da48ec62,dev/core50_nc/quota_scan/quota_core50_nc_q256/0,quota_core50_nc_q256,core50_nc,0,3,training,[],"{'ReplayPlugin': 0, 'PrefetchWrapPlugin': 0, 'EvaluationPlugin': 0, 'PeriodicEval': 0, 'Clock': 0}"
effectiveness_v3_20260918T053405Z_da48ec62,dev/core50_nc/quota_scan/quota_core50_nc_q256/0,quota_core50_nc_q256,core50_nc,0,4,training,[],"{'ReplayPlugin': 0, 'PrefetchWrapPlugin': 0, 'EvaluationPlugin': 0, 'PeriodicEval': 0, 'Clock': 0}"
effectiveness_v3_20260918T053405Z_da48ec62,dev/core50_nc/quota_scan/quota_core50_nc_q256/0,quota_core50_nc_q256,core50_nc,0,5,training,[],"{'ReplayPlugin': 0, 'PrefetchWrapPlugin': 0, 'EvaluationPlugin': 0, 'PeriodicEval': 0, 'Clock': 0}"
effectiveness_v3_20260918T053405Z_da48ec62,dev/core50_nc/quota_scan/quota_core50_nc_q256/0,quota_core50_nc_q256,core50_nc,0,6,training,[],"{'ReplayPlugin': 0, 'PrefetchWrapPlugin': 0, 'EvaluationPlugin': 0, 'PeriodicEval': 0, 'Clock': 0}"
effectiveness_v3_20260918T053405Z_da48ec62,dev/core50_nc/quota_scan/quota_core50_nc_q256/0,quota_core50_nc_q256,core50_nc,0,7,training,[],"{'ReplayPlugin': 0, 'PrefetchWrapPlugin': 0, 'EvaluationPlugin': 0, 'PeriodicEval': 0, 'Clock': 0}"
effectiveness_v3_20260918T053405Z_da48ec62,dev/core50_nc/quota_scan/quota_core50_nc_q256/0,quota_core50_nc_q256,core50_nc,0,8,training,[],"{'ReplayPlugin': 0, 'PrefetchWrapPlugin': 0, 'EvaluationPlugin': 0, 'PeriodicEval': 0, 'Clock': 0}"
effectiveness_v3_20260918T053739Z_7f296087,dev/core50_nc/quota_scan/quota_core50_nc_q272/0,quota_core50_nc_q272,core50_nc,0,0,training,[],"{'ReplayPlugin': 0, 'PrefetchWrapPlugin': 0, 'EvaluationPlugin': 0, 'PeriodicEval': 0, 'Clock': 0}"
effectiveness_v3_20260918T053739Z_7f296087,dev/core50_nc/quota_scan/quota_core50_nc_q272/0,quota_core50_nc_q272,core50_nc,0,1,training,[],"{'ReplayPlugin': 0, 'PrefetchWrapPlugin': 0, 'EvaluationPlugin': 0, 'PeriodicEval': 0, 'Clock': 0}"
effectiveness_v3_20260918T053739Z_7f296087,dev/core50_nc/quota_scan/quota_core50_nc_q272/0,quota_core50_nc_q272,core50_nc,0,2,training,[],"{'ReplayPlugin': 0, 'PrefetchWrapPlugin': 0, 'EvaluationPlugin': 0, 'PeriodicEval': 0, 'Clock': 0}"
effectiveness_v3_20260918T053739Z_7f296087,dev/core50_nc/quota_scan/quota_core50_nc_q272/0,quota_core50_nc_q272,core50_nc,0,3,training,[],"{'ReplayPlugin': 0, 'PrefetchWrapPlugin': 0, 'EvaluationPlugin': 0, 'PeriodicEval': 0, 'Clock': 0}"
effectiveness_v3_20260918T053739Z_7f296087,dev/core50_nc/quota_scan/quota_core50_nc_q272/0,quota_core50_nc_q272,core50_nc,0,4,training,[],"{'ReplayPlugin': 0, 'PrefetchWrapPlugin': 0, 'EvaluationPlugin': 0, 'PeriodicEval': 0, 'Clock': 0}"
effectiveness_v3_20260918T053739Z_7f296087,dev/core50_nc/quota_scan/quota_core50_nc_q272/0,quota_core50_nc_q272,core50_nc,0,5,training,[],"{'ReplayPlugin': 0, 'PrefetchWrapPlugin': 0, 'EvaluationPlugin': 0, 'PeriodicEval': 0, 'Clock': 0}"
effectiveness_v3_20260918T053739Z_7f296087,dev/core50_nc/quota_scan/quota_core50_nc_q272/0,quota_core50_nc_q272,core50_nc,0,6,training,[],"{'ReplayPlugin': 0, 'PrefetchWrapPlugin': 0, 'EvaluationPlugin': 0, 'PeriodicEval': 0, 'Clock': 0}"
effectiveness_v3_20260918T053739Z_7f296087,dev/core50_nc/quota_scan/quota_core50_nc_q272/0,quota_core50_nc_q272,core50_nc,0,7,training,[],"{'ReplayPlugin': 0, 'PrefetchWrapPlugin': 0, 'EvaluationPlugin': 0, 'PeriodicEval': 0, 'Clock': 0}"
effectiveness_v3_20260918T053739Z_7f296087,dev/core50_nc/quota_scan/quota_core50_nc_q272/0,quota_core50_nc_q272,core50_nc,0,8,training,[],"{'ReplayPlugin': 0, 'PrefetchWrapPlugin': 0, 'EvaluationPlugin': 0, 'PeriodicEval': 0, 'Clock': 0}"
effectiveness_v3_20260918T054112Z_d4208e97,dev/splitcifar100/quota_scan/quota_splitcifar100_q160/0,quota_splitcifar100_q160,splitcifar100,0,0,training,[],"{'ReplayPlugin': 0, 'PrefetchWrapPlugin': 0, 'EvaluationPlugin': 0, 'PeriodicEval': 0, 'Clock': 0}"
effectiveness_v3_20260918T054112Z_d4208e97,dev/splitcifar100/quota_scan/quota_splitcifar100_q160/0,quota_splitcifar100_q160,splitcifar100,0,1,training,[],"{'ReplayPlugin': 0, 'PrefetchWrapPlugin': 0, 'EvaluationPlugin': 0, 'PeriodicEval': 0, 'Clock': 0}"
effectiveness_v3_20260918T054112Z_d4208e97,dev/splitcifar100/quota_scan/quota_splitcifar100_q160/0,quota_splitcifar100_q160,splitcifar100,0,2,training,[],"{'ReplayPlugin': 0, 'PrefetchWrapPlugin': 0, 'EvaluationPlugin': 0, 'PeriodicEval': 0, 'Clock': 0}"
effectiveness_v3_20260918T054112Z_d4208e97,dev/splitcifar100/quota_scan/quota_splitcifar100_q160/0,quota_splitcifar100_q160,splitcifar100,0,3,training,[],"{'ReplayPlugin': 0, 'PrefetchWrapPlugin': 0, 'EvaluationPlugin': 0, 'PeriodicEval': 0, 'Clock': 0}"
effectiveness_v3_20260918T054112Z_d4208e97,dev/splitcifar100/quota_scan/quota_splitcifar100_q160/0,quota_splitcifar100_q160,splitcifar100,0,4,training,[],"{'ReplayPlugin': 0, 'PrefetchWrapPlugin': 0, 'EvaluationPlugin': 0, 'PeriodicEval': 0, 'Clock': 0}"
effectiveness_v3_20260918T054112Z_d4208e97,dev/splitcifar100/quota_scan/quota_splitcifar100_q160/0,quota_splitcifar100_q160,splitcifar100,0,5,training,[],"{'ReplayPlugin': 0, 'PrefetchWrapPlugin': 0, 'EvaluationPlugin': 0, 'PeriodicEval': 0, 'Clock': 0}"
effectiveness_v3_20260918T054112Z_d4208e97,dev/splitcifar100/quota_scan/quota_splitcifar100_q160/0,quota_splitcifar100_q160,splitcifar100,0,6,training,[],"{'ReplayPlugin': 0, 'PrefetchWrapPlugin': 0, 'EvaluationPlugin': 0, 'PeriodicEval': 0, 'Clock': 0}"
effectiveness_v3_20260918T054112Z_d4208e97,dev/splitcifar100/quota_scan/quota_splitcifar100_q160/0,quota_splitcifar100_q160,splitcifar100,0,7,training,[],"{'ReplayPlugin': 0, 'PrefetchWrapPlugin': 0, 'EvaluationPlugin': 0, 'PeriodicEval': 0, 'Clock': 0}"
effectiveness_v3_20260918T054112Z_d4208e97,dev/splitcifar100/quota_scan/quota_splitcifar100_q160/0,quota_splitcifar100_q160,splitcifar100,0,8,training,[],"{'ReplayPlugin': 0, 'PrefetchWrapPlugin': 0, 'EvaluationPlugin': 0, 'PeriodicEval': 0, 'Clock': 0}"
effectiveness_v3_20260918T054112Z_d4208e97,dev/splitcifar100/quota_scan/quota_splitcifar100_q160/0,quota_splitcifar100_q160,splitcifar100,0,9,training,[],"{'ReplayPlugin': 0, 'PrefetchWrapPlugin': 0, 'EvaluationPlugin': 0, 'PeriodicEval': 0, 'Clock': 0}"
effectiveness_v3_20260918T054236Z_cc768590,dev/splitcifar100/quota_scan/quota_splitcifar100_q176/0,quota_splitcifar100_q176,splitcifar100,0,0,training,[],"{'ReplayPlugin': 0, 'PrefetchWrapPlugin': 0, 'EvaluationPlugin': 0, 'PeriodicEval': 0, 'Clock': 0}"
effectiveness_v3_20260918T054236Z_cc768590,dev/splitcifar100/quota_scan/quota_splitcifar100_q176/0,quota_splitcifar100_q176,splitcifar100,0,1,training,[],"{'ReplayPlugin': 0, 'PrefetchWrapPlugin': 0, 'EvaluationPlugin': 0, 'PeriodicEval': 0, 'Clock': 0}"
effectiveness_v3_20260918T054236Z_cc768590,dev/splitcifar100/quota_scan/quota_splitcifar100_q176/0,quota_splitcifar100_q176,splitcifar100,0,2,training,[],"{'ReplayPlugin': 0, 'PrefetchWrapPlugin': 0, 'EvaluationPlugin': 0, 'PeriodicEval': 0, 'Clock': 0}"
effectiveness_v3_20260918T054236Z_cc768590,dev/splitcifar100/quota_scan/quota_splitcifar100_q176/0,quota_splitcifar100_q176,splitcifar100,0,3,training,[],"{'ReplayPlugin': 0, 'PrefetchWrapPlugin': 0, 'EvaluationPlugin': 0, 'PeriodicEval': 0, 'Clock': 0}"
effectiveness_v3_20260918T054236Z_cc768590,dev/splitcifar100/quota_scan/quota_splitcifar100_q176/0,quota_splitcifar100_q176,splitcifar100,0,4,training,[],"{'ReplayPlugin': 0, 'PrefetchWrapPlugin': 0, 'EvaluationPlugin': 0, 'PeriodicEval': 0, 'Clock': 0}"
effectiveness_v3_20260918T054236Z_cc768590,dev/splitcifar100/quota_scan/quota_splitcifar100_q176/0,quota_splitcifar100_q176,splitcifar100,0,5,training,[],"{'ReplayPlugin': 0, 'PrefetchWrapPlugin': 0, 'EvaluationPlugin': 0, 'PeriodicEval': 0, 'Clock': 0}"
effectiveness_v3_20260918T054236Z_cc768590,dev/splitcifar100/quota_scan/quota_splitcifar100_q176/0,quota_splitcifar100_q176,splitcifar100,0,6,training,[],"{'ReplayPlugin': 0, 'PrefetchWrapPlugin': 0, 'EvaluationPlugin': 0, 'PeriodicEval': 0, 'Clock': 0}"
effectiveness_v3_20260918T054236Z_cc768590,dev/splitcifar100/quota_scan/quota_splitcifar100_q176/0,quota_splitcifar100_q176,splitcifar100,0,7,training,[],"{'ReplayPlugin': 0, 'PrefetchWrapPlugin': 0, 'EvaluationPlugin': 0, 'PeriodicEval': 0, 'Clock': 0}"
effectiveness_v3_20260918T054236Z_cc768590,dev/splitcifar100/quota_scan/quota_splitcifar100_q176/0,quota_splitcifar100_q176,splitcifar100,0,8,training,[],"{'ReplayPlugin': 0, 'PrefetchWrapPlugin': 0, 'EvaluationPlugin': 0, 'PeriodicEval': 0, 'Clock': 0}"
effectiveness_v3_20260918T054236Z_cc768590,dev/splitcifar100/quota_scan/quota_splitcifar100_q176/0,quota_splitcifar100_q176,splitcifar100,0,9,training,[],"{'ReplayPlugin': 0, 'PrefetchWrapPlugin': 0, 'EvaluationPlugin': 0, 'PeriodicEval': 0, 'Clock': 0}"
effectiveness_v3_20260918T054400Z_e4bd3c8e,dev/splitcifar100/quota_scan/quota_splitcifar100_q192/0,quota_splitcifar100_q192,splitcifar100,0,0,training,[],"{'ReplayPlugin': 0, 'PrefetchWrapPlugin': 0, 'EvaluationPlugin': 0, 'PeriodicEval': 0, 'Clock': 0}"
effectiveness_v3_20260918T054400Z_e4bd3c8e,dev/splitcifar100/quota_scan/quota_splitcifar100_q192/0,quota_splitcifar100_q192,splitcifar100,0,1,training,[],"{'ReplayPlugin': 0, 'PrefetchWrapPlugin': 0, 'EvaluationPlugin': 0, 'PeriodicEval': 0, 'Clock': 0}"
effectiveness_v3_20260918T054400Z_e4bd3c8e,dev/splitcifar100/quota_scan/quota_splitcifar100_q192/0,quota_splitcifar100_q192,splitcifar100,0,2,training,[],"{'ReplayPlugin': 0, 'PrefetchWrapPlugin': 0, 'EvaluationPlugin': 0, 'PeriodicEval': 0, 'Clock': 0}"
effectiveness_v3_20260918T054400Z_e4bd3c8e,dev/splitcifar100/quota_scan/quota_splitcifar100_q192/0,quota_splitcifar100_q192,splitcifar100,0,3,training,[],"{'ReplayPlugin': 0, 'PrefetchWrapPlugin': 0, 'EvaluationPlugin': 0, 'PeriodicEval': 0, 'Clock': 0}"
effectiveness_v3_20260918T054400Z_e4bd3c8e,dev/splitcifar100/quota_scan/quota_splitcifar100_q192/0,quota_splitcifar100_q192,splitcifar100,0,4,training,[],"{'ReplayPlugin': 0, 'PrefetchWrapPlugin': 0, 'EvaluationPlugin': 0, 'PeriodicEval': 0, 'Clock': 0}"
effectiveness_v3_20260918T054400Z_e4bd3c8e,dev/splitcifar100/quota_scan/quota_splitcifar100_q192/0,quota_splitcifar100_q192,splitcifar100,0,5,training,[],"{'ReplayPlugin': 0, 'PrefetchWrapPlugin': 0, 'EvaluationPlugin': 0, 'PeriodicEval': 0, 'Clock': 0}"
effectiveness_v3_20260918T054400Z_e4bd3c8e,dev/splitcifar100/quota_scan/quota_splitcifar100_q192/0,quota_splitcifar100_q192,splitcifar100,0,6,training,[],"{'ReplayPlugin': 0, 'PrefetchWrapPlugin': 0, 'EvaluationPlugin': 0, 'PeriodicEval': 0, 'Clock': 0}"
effectiveness_v3_20260918T054400Z_e4bd3c8e,dev/splitcifar100/quota_scan/quota_splitcifar100_q192/0,quota_splitcifar100_q192,splitcifar100,0,7,training,[],"{'ReplayPlugin': 0, 'PrefetchWrapPlugin': 0, 'EvaluationPlugin': 0, 'PeriodicEval': 0, 'Clock': 0}"
effectiveness_v3_20260918T054400Z_e4bd3c8e,dev/splitcifar100/quota_scan/quota_splitcifar100_q192/0,quota_splitcifar100_q192,splitcifar100,0,8,training,[],"{'ReplayPlugin': 0, 'PrefetchWrapPlugin': 0, 'EvaluationPlugin': 0, 'PeriodicEval': 0, 'Clock': 0}"
effectiveness_v3_20260918T054400Z_e4bd3c8e,dev/splitcifar100/quota_scan/quota_splitcifar100_q192/0,quota_splitcifar100_q192,splitcifar100,0,9,training,[],"{'ReplayPlugin': 0, 'PrefetchWrapPlugin': 0, 'EvaluationPlugin': 0, 'PeriodicEval': 0, 'Clock': 0}"
effectiveness_v3_20260918T054522Z_0bab737f,dev/splitcifar100/quota_scan/quota_splitcifar100_q208/0,quota_splitcifar100_q208,splitcifar100,0,0,training,[],"{'ReplayPlugin': 0, 'PrefetchWrapPlugin': 0, 'EvaluationPlugin': 0, 'PeriodicEval': 0, 'Clock': 0}"
effectiveness_v3_20260918T054522Z_0bab737f,dev/splitcifar100/quota_scan/quota_splitcifar100_q208/0,quota_splitcifar100_q208,splitcifar100,0,1,training,[],"{'ReplayPlugin': 0, 'PrefetchWrapPlugin': 0, 'EvaluationPlugin': 0, 'PeriodicEval': 0, 'Clock': 0}"
effectiveness_v3_20260918T054522Z_0bab737f,dev/splitcifar100/quota_scan/quota_splitcifar100_q208/0,quota_splitcifar100_q208,splitcifar100,0,2,training,[],"{'ReplayPlugin': 0, 'PrefetchWrapPlugin': 0, 'EvaluationPlugin': 0, 'PeriodicEval': 0, 'Clock': 0}"
effectiveness_v3_20260918T054522Z_0bab737f,dev/splitcifar100/quota_scan/quota_splitcifar100_q208/0,quota_splitcifar100_q208,splitcifar100,0,3,training,[],"{'ReplayPlugin': 0, 'PrefetchWrapPlugin': 0, 'EvaluationPlugin': 0, 'PeriodicEval': 0, 'Clock': 0}"
effectiveness_v3_20260918T054522Z_0bab737f,dev/splitcifar100/quota_scan/quota_splitcifar100_q208/0,quota_splitcifar100_q208,splitcifar100,0,4,training,[],"{'ReplayPlugin': 0, 'PrefetchWrapPlugin': 0, 'EvaluationPlugin': 0, 'PeriodicEval': 0, 'Clock': 0}"
effectiveness_v3_20260918T054522Z_0bab737f,dev/splitcifar100/quota_scan/quota_splitcifar100_q208/0,quota_splitcifar100_q208,splitcifar100,0,5,training,[],"{'ReplayPlugin': 0, 'PrefetchWrapPlugin': 0, 'EvaluationPlugin': 0, 'PeriodicEval': 0, 'Clock': 0}"
effectiveness_v3_20260918T054522Z_0bab737f,dev/splitcifar100/quota_scan/quota_splitcifar100_q208/0,quota_splitcifar100_q208,splitcifar100,0,6,training,[],"{'ReplayPlugin': 0, 'PrefetchWrapPlugin': 0, 'EvaluationPlugin': 0, 'PeriodicEval': 0, 'Clock': 0}"
effectiveness_v3_20260918T054522Z_0bab737f,dev/splitcifar100/quota_scan/quota_splitcifar100_q208/0,quota_splitcifar100_q208,splitcifar100,0,7,training,[],"{'ReplayPlugin': 0, 'PrefetchWrapPlugin': 0, 'EvaluationPlugin': 0, 'PeriodicEval': 0, 'Clock': 0}"
effectiveness_v3_20260918T054522Z_0bab737f,dev/splitcifar100/quota_scan/quota_splitcifar100_q208/0,quota_splitcifar100_q208,splitcifar100,0,8,training,[],"{'ReplayPlugin': 0, 'PrefetchWrapPlugin': 0, 'EvaluationPlugin': 0, 'PeriodicEval': 0, 'Clock': 0}"
effectiveness_v3_20260918T054522Z_0bab737f,dev/splitcifar100/quota_scan/quota_splitcifar100_q208/0,quota_splitcifar100_q208,splitcifar100,0,9,training,[],"{'ReplayPlugin': 0, 'PrefetchWrapPlugin': 0, 'EvaluationPlugin': 0, 'PeriodicEval': 0, 'Clock': 0}"
effectiveness_v3_20260918T054644Z_7e5cb9f5,dev/splitcifar100/quota_scan/quota_splitcifar100_q224/0,quota_splitcifar100_q224,splitcifar100,0,0,training,[],"{'ReplayPlugin': 0, 'PrefetchWrapPlugin': 0, 'EvaluationPlugin': 0, 'PeriodicEval': 0, 'Clock': 0}"
effectiveness_v3_20260918T054644Z_7e5cb9f5,dev/splitcifar100/quota_scan/quota_splitcifar100_q224/0,quota_splitcifar100_q224,splitcifar100,0,1,training,[],"{'ReplayPlugin': 0, 'PrefetchWrapPlugin': 0, 'EvaluationPlugin': 0, 'PeriodicEval': 0, 'Clock': 0}"
effectiveness_v3_20260918T054644Z_7e5cb9f5,dev/splitcifar100/quota_scan/quota_splitcifar100_q224/0,quota_splitcifar100_q224,splitcifar100,0,2,training,[],"{'ReplayPlugin': 0, 'PrefetchWrapPlugin': 0, 'EvaluationPlugin': 0, 'PeriodicEval': 0, 'Clock': 0}"
effectiveness_v3_20260918T054644Z_7e5cb9f5,dev/splitcifar100/quota_scan/quota_splitcifar100_q224/0,quota_splitcifar100_q224,splitcifar100,0,3,training,[],"{'ReplayPlugin': 0, 'PrefetchWrapPlugin': 0, 'EvaluationPlugin': 0, 'PeriodicEval': 0, 'Clock': 0}"
effectiveness_v3_20260918T054644Z_7e5cb9f5,dev/splitcifar100/quota_scan/quota_splitcifar100_q224/0,quota_splitcifar100_q224,splitcifar100,0,4,training,[],"{'ReplayPlugin': 0, 'PrefetchWrapPlugin': 0, 'EvaluationPlugin': 0, 'PeriodicEval': 0, 'Clock': 0}"
effectiveness_v3_20260918T054644Z_7e5cb9f5,dev/splitcifar100/quota_scan/quota_splitcifar100_q224/0,quota_splitcifar100_q224,splitcifar100,0,5,training,[],"{'ReplayPlugin': 0, 'PrefetchWrapPlugin': 0, 'EvaluationPlugin': 0, 'PeriodicEval': 0, 'Clock': 0}"
effectiveness_v3_20260918T054644Z_7e5cb9f5,dev/splitcifar100/quota_scan/quota_splitcifar100_q224/0,quota_splitcifar100_q224,splitcifar100,0,6,training,[],"{'ReplayPlugin': 0, 'PrefetchWrapPlugin': 0, 'EvaluationPlugin': 0, 'PeriodicEval': 0, 'Clock': 0}"
effectiveness_v3_20260918T054644Z_7e5cb9f5,dev/splitcifar100/quota_scan/quota_splitcifar100_q224/0,quota_splitcifar100_q224,splitcifar100,0,7,training,[],"{'ReplayPlugin': 0, 'PrefetchWrapPlugin': 0, 'EvaluationPlugin': 0, 'PeriodicEval': 0, 'Clock': 0}"
effectiveness_v3_20260918T054644Z_7e5cb9f5,dev/splitcifar100/quota_scan/quota_splitcifar100_q224/0,quota_splitcifar100_q224,splitcifar100,0,8,training,[],"{'ReplayPlugin': 0, 'PrefetchWrapPlugin': 0, 'EvaluationPlugin': 0, 'PeriodicEval': 0, 'Clock': 0}"
effectiveness_v3_20260918T054644Z_7e5cb9f5,dev/splitcifar100/quota_scan/quota_splitcifar100_q224/0,quota_splitcifar100_q224,splitcifar100,0,9,training,[],"{'ReplayPlugin': 0, 'PrefetchWrapPlugin': 0, 'EvaluationPlugin': 0, 'PeriodicEval': 0, 'Clock': 0}"
effectiveness_v3_20260918T054805Z_038271a2,dev/splitcifar100/quota_scan/quota_splitcifar100_q240/0,quota_splitcifar100_q240,splitcifar100,0,0,training,[],"{'ReplayPlugin': 0, 'PrefetchWrapPlugin': 0, 'EvaluationPlugin': 0, 'PeriodicEval': 0, 'Clock': 0}"
effectiveness_v3_20260918T054805Z_038271a2,dev/splitcifar100/quota_scan/quota_splitcifar100_q240/0,quota_splitcifar100_q240,splitcifar100,0,1,training,[],"{'ReplayPlugin': 0, 'PrefetchWrapPlugin': 0, 'EvaluationPlugin': 0, 'PeriodicEval': 0, 'Clock': 0}"
effectiveness_v3_20260918T054805Z_038271a2,dev/splitcifar100/quota_scan/quota_splitcifar100_q240/0,quota_splitcifar100_q240,splitcifar100,0,2,training,[],"{'ReplayPlugin': 0, 'PrefetchWrapPlugin': 0, 'EvaluationPlugin': 0, 'PeriodicEval': 0, 'Clock': 0}"
effectiveness_v3_20260918T054805Z_038271a2,dev/splitcifar100/quota_scan/quota_splitcifar100_q240/0,quota_splitcifar100_q240,splitcifar100,0,3,training,[],"{'ReplayPlugin': 0, 'PrefetchWrapPlugin': 0, 'EvaluationPlugin': 0, 'PeriodicEval': 0, 'Clock': 0}"
effectiveness_v3_20260918T054805Z_038271a2,dev/splitcifar100/quota_scan/quota_splitcifar100_q240/0,quota_splitcifar100_q240,splitcifar100,0,4,training,[],"{'ReplayPlugin': 0, 'PrefetchWrapPlugin': 0, 'EvaluationPlugin': 0, 'PeriodicEval': 0, 'Clock': 0}"
effectiveness_v3_20260918T054805Z_038271a2,dev/splitcifar100/quota_scan/quota_splitcifar100_q240/0,quota_splitcifar100_q240,splitcifar100,0,5,training,[],"{'ReplayPlugin': 0, 'PrefetchWrapPlugin': 0, 'EvaluationPlugin': 0, 'PeriodicEval': 0, 'Clock': 0}"
effectiveness_v3_20260918T054805Z_038271a2,dev/splitcifar100/quota_scan/quota_splitcifar100_q240/0,quota_splitcifar100_q240,splitcifar100,0,6,training,[],"{'ReplayPlugin': 0, 'PrefetchWrapPlugin': 0, 'EvaluationPlugin': 0, 'PeriodicEval': 0, 'Clock': 0}"
effectiveness_v3_20260918T054805Z_038271a2,dev/splitcifar100/quota_scan/quota_splitcifar100_q240/0,quota_splitcifar100_q240,splitcifar100,0,7,training,[],"{'ReplayPlugin': 0, 'PrefetchWrapPlugin': 0, 'EvaluationPlugin': 0, 'PeriodicEval': 0, 'Clock': 0}"
effectiveness_v3_20260918T054805Z_038271a2,dev/splitcifar100/quota_scan/quota_splitcifar100_q240/0,quota_splitcifar100_q240,splitcifar100,0,8,training,[],"{'ReplayPlugin': 0, 'PrefetchWrapPlugin': 0, 'EvaluationPlugin': 0, 'PeriodicEval': 0, 'Clock': 0}"
effectiveness_v3_20260918T054805Z_038271a2,dev/splitcifar100/quota_scan/quota_splitcifar100_q240/0,quota_splitcifar100_q240,splitcifar100,0,9,training,[],"{'ReplayPlugin': 0, 'PrefetchWrapPlugin': 0, 'EvaluationPlugin': 0, 'PeriodicEval': 0, 'Clock': 0}"
effectiveness_v3_20260918T054930Z_6d7360cb,dev/splitcifar100/quota_scan/quota_splitcifar100_q256/0,quota_splitcifar100_q256,splitcifar100,0,0,training,[],"{'ReplayPlugin': 0, 'PrefetchWrapPlugin': 0, 'EvaluationPlugin': 0, 'PeriodicEval': 0, 'Clock': 0}"
effectiveness_v3_20260918T054930Z_6d7360cb,dev/splitcifar100/quota_scan/quota_splitcifar100_q256/0,quota_splitcifar100_q256,splitcifar100,0,1,training,[],"{'ReplayPlugin': 0, 'PrefetchWrapPlugin': 0, 'EvaluationPlugin': 0, 'PeriodicEval': 0, 'Clock': 0}"
effectiveness_v3_20260918T054930Z_6d7360cb,dev/splitcifar100/quota_scan/quota_splitcifar100_q256/0,quota_splitcifar100_q256,splitcifar100,0,2,training,[],"{'ReplayPlugin': 0, 'PrefetchWrapPlugin': 0, 'EvaluationPlugin': 0, 'PeriodicEval': 0, 'Clock': 0}"
effectiveness_v3_20260918T054930Z_6d7360cb,dev/splitcifar100/quota_scan/quota_splitcifar100_q256/0,quota_splitcifar100_q256,splitcifar100,0,3,training,[],"{'ReplayPlugin': 0, 'PrefetchWrapPlugin': 0, 'EvaluationPlugin': 0, 'PeriodicEval': 0, 'Clock': 0}"
effectiveness_v3_20260918T054930Z_6d7360cb,dev/splitcifar100/quota_scan/quota_splitcifar100_q256/0,quota_splitcifar100_q256,splitcifar100,0,4,training,[],"{'ReplayPlugin': 0, 'PrefetchWrapPlugin': 0, 'EvaluationPlugin': 0, 'PeriodicEval': 0, 'Clock': 0}"
effectiveness_v3_20260918T054930Z_6d7360cb,dev/splitcifar100/quota_scan/quota_splitcifar100_q256/0,quota_splitcifar100_q256,splitcifar100,0,5,training,[],"{'ReplayPlugin': 0, 'PrefetchWrapPlugin': 0, 'EvaluationPlugin': 0, 'PeriodicEval': 0, 'Clock': 0}"
effectiveness_v3_20260918T054930Z_6d7360cb,dev/splitcifar100/quota_scan/quota_splitcifar100_q256/0,quota_splitcifar100_q256,splitcifar100,0,6,training,[],"{'ReplayPlugin': 0, 'PrefetchWrapPlugin': 0, 'EvaluationPlugin': 0, 'PeriodicEval': 0, 'Clock': 0}"
effectiveness_v3_20260918T054930Z_6d7360cb,dev/splitcifar100/quota_scan/quota_splitcifar100_q256/0,quota_splitcifar100_q256,splitcifar100,0,7,training,[],"{'ReplayPlugin': 0, 'PrefetchWrapPlugin': 0, 'EvaluationPlugin': 0, 'PeriodicEval': 0, 'Clock': 0}"
effectiveness_v3_20260918T054930Z_6d7360cb,dev/splitcifar100/quota_scan/quota_splitcifar100_q256/0,quota_splitcifar100_q256,splitcifar100,0,8,training,[],"{'ReplayPlugin': 0, 'PrefetchWrapPlugin': 0, 'EvaluationPlugin': 0, 'PeriodicEval': 0, 'Clock': 0}"
effectiveness_v3_20260918T054930Z_6d7360cb,dev/splitcifar100/quota_scan/quota_splitcifar100_q256/0,quota_splitcifar100_q256,splitcifar100,0,9,training,[],"{'ReplayPlugin': 0, 'PrefetchWrapPlugin': 0, 'EvaluationPlugin': 0, 'PeriodicEval': 0, 'Clock': 0}"
effectiveness_v3_20260918T055051Z_91f34914,dev/splitcifar100/quota_scan/quota_splitcifar100_q272/0,quota_splitcifar100_q272,splitcifar100,0,0,training,[],"{'ReplayPlugin': 0, 'PrefetchWrapPlugin': 0, 'EvaluationPlugin': 0, 'PeriodicEval': 0, 'Clock': 0}"
effectiveness_v3_20260918T055051Z_91f34914,dev/splitcifar100/quota_scan/quota_splitcifar100_q272/0,quota_splitcifar100_q272,splitcifar100,0,1,training,[],"{'ReplayPlugin': 0, 'PrefetchWrapPlugin': 0, 'EvaluationPlugin': 0, 'PeriodicEval': 0, 'Clock': 0}"
effectiveness_v3_20260918T055051Z_91f34914,dev/splitcifar100/quota_scan/quota_splitcifar100_q272/0,quota_splitcifar100_q272,splitcifar100,0,2,training,[],"{'ReplayPlugin': 0, 'PrefetchWrapPlugin': 0, 'EvaluationPlugin': 0, 'PeriodicEval': 0, 'Clock': 0}"
effectiveness_v3_20260918T055051Z_91f34914,dev/splitcifar100/quota_scan/quota_splitcifar100_q272/0,quota_splitcifar100_q272,splitcifar100,0,3,training,[],"{'ReplayPlugin': 0, 'PrefetchWrapPlugin': 0, 'EvaluationPlugin': 0, 'PeriodicEval': 0, 'Clock': 0}"
effectiveness_v3_20260918T055051Z_91f34914,dev/splitcifar100/quota_scan/quota_splitcifar100_q272/0,quota_splitcifar100_q272,splitcifar100,0,4,training,[],"{'ReplayPlugin': 0, 'PrefetchWrapPlugin': 0, 'EvaluationPlugin': 0, 'PeriodicEval': 0, 'Clock': 0}"
effectiveness_v3_20260918T055051Z_91f34914,dev/splitcifar100/quota_scan/quota_splitcifar100_q272/0,quota_splitcifar100_q272,splitcifar100,0,5,training,[],"{'ReplayPlugin': 0, 'PrefetchWrapPlugin': 0, 'EvaluationPlugin': 0, 'PeriodicEval': 0, 'Clock': 0}"
effectiveness_v3_20260918T055051Z_91f34914,dev/splitcifar100/quota_scan/quota_splitcifar100_q272/0,quota_splitcifar100_q272,splitcifar100,0,6,training,[],"{'ReplayPlugin': 0, 'PrefetchWrapPlugin': 0, 'EvaluationPlugin': 0, 'PeriodicEval': 0, 'Clock': 0}"
effectiveness_v3_20260918T055051Z_91f34914,dev/splitcifar100/quota_scan/quota_splitcifar100_q272/0,quota_splitcifar100_q272,splitcifar100,0,7,training,[],"{'ReplayPlugin': 0, 'PrefetchWrapPlugin': 0, 'EvaluationPlugin': 0, 'PeriodicEval': 0, 'Clock': 0}"
effectiveness_v3_20260918T055051Z_91f34914,dev/splitcifar100/quota_scan/quota_splitcifar100_q272/0,quota_splitcifar100_q272,splitcifar100,0,8,training,[],"{'ReplayPlugin': 0, 'PrefetchWrapPlugin': 0, 'EvaluationPlugin': 0, 'PeriodicEval': 0, 'Clock': 0}"
effectiveness_v3_20260918T055051Z_91f34914,dev/splitcifar100/quota_scan/quota_splitcifar100_q272/0,quota_splitcifar100_q272,splitcifar100,0,9,training,[],"{'ReplayPlugin': 0, 'PrefetchWrapPlugin': 0, 'EvaluationPlugin': 0, 'PeriodicEval': 0, 'Clock': 0}"
effectiveness_v3_20260918T055222Z_53e5a22d,dev/core50_nc/q_loose_verify/loose_core50_nc_q320/0,loose_core50_nc_q320,core50_nc,0,0,training,[],"{'ReplayPlugin': 0, 'PrefetchWrapPlugin': 0, 'EvaluationPlugin': 0, 'PeriodicEval': 0, 'Clock': 0}"
effectiveness_v3_20260918T055222Z_53e5a22d,dev/core50_nc/q_loose_verify/loose_core50_nc_q320/0,loose_core50_nc_q320,core50_nc,0,1,training,[],"{'ReplayPlugin': 0, 'PrefetchWrapPlugin': 0, 'EvaluationPlugin': 0, 'PeriodicEval': 0, 'Clock': 0}"
effectiveness_v3_20260918T055222Z_53e5a22d,dev/core50_nc/q_loose_verify/loose_core50_nc_q320/0,loose_core50_nc_q320,core50_nc,0,2,training,[],"{'ReplayPlugin': 0, 'PrefetchWrapPlugin': 0, 'EvaluationPlugin': 0, 'PeriodicEval': 0, 'Clock': 0}"
effectiveness_v3_20260918T055222Z_53e5a22d,dev/core50_nc/q_loose_verify/loose_core50_nc_q320/0,loose_core50_nc_q320,core50_nc,0,3,training,[],"{'ReplayPlugin': 0, 'PrefetchWrapPlugin': 0, 'EvaluationPlugin': 0, 'PeriodicEval': 0, 'Clock': 0}"
effectiveness_v3_20260918T055222Z_53e5a22d,dev/core50_nc/q_loose_verify/loose_core50_nc_q320/0,loose_core50_nc_q320,core50_nc,0,4,training,[],"{'ReplayPlugin': 0, 'PrefetchWrapPlugin': 0, 'EvaluationPlugin': 0, 'PeriodicEval': 0, 'Clock': 0}"
effectiveness_v3_20260918T055222Z_53e5a22d,dev/core50_nc/q_loose_verify/loose_core50_nc_q320/0,loose_core50_nc_q320,core50_nc,0,5,training,[],"{'ReplayPlugin': 0, 'PrefetchWrapPlugin': 0, 'EvaluationPlugin': 0, 'PeriodicEval': 0, 'Clock': 0}"
effectiveness_v3_20260918T055222Z_53e5a22d,dev/core50_nc/q_loose_verify/loose_core50_nc_q320/0,loose_core50_nc_q320,core50_nc,0,6,training,[],"{'ReplayPlugin': 0, 'PrefetchWrapPlugin': 0, 'EvaluationPlugin': 0, 'PeriodicEval': 0, 'Clock': 0}"
effectiveness_v3_20260918T055222Z_53e5a22d,dev/core50_nc/q_loose_verify/loose_core50_nc_q320/0,loose_core50_nc_q320,core50_nc,0,7,training,[],"{'ReplayPlugin': 0, 'PrefetchWrapPlugin': 0, 'EvaluationPlugin': 0, 'PeriodicEval': 0, 'Clock': 0}"
effectiveness_v3_20260918T055222Z_53e5a22d,dev/core50_nc/q_loose_verify/loose_core50_nc_q320/0,loose_core50_nc_q320,core50_nc,0,8,training,[],"{'ReplayPlugin': 0, 'PrefetchWrapPlugin': 0, 'EvaluationPlugin': 0, 'PeriodicEval': 0, 'Clock': 0}"
effectiveness_v3_20260918T055602Z_9b29b8f8,dev/core50_nc/plugin_loose/plugin_loose_core50_nc_q320/0,plugin_loose_core50_nc_q320,core50_nc,0,0,training,"[{""name"": ""gem"", ""enabled"": true, ""inner"": ""SparseGEMPlugin"", ""before_backward"": 1218, ""after_training_exp"": 1, ""gem_reference_samples"": 50, ""ewc_extra_forward_visits"": 0, ""enabled_history"": [true]}, {""name"": ""ewc"", ""enabled"": true, ""inner"": ""EWCPlugin"", ""before_backward"": 1218, ""after_training_exp"": 1, ""gem_reference_samples"": null, ""ewc_extra_forward_visits"": null, ""enabled_history"": [true]}]","{'SparseGEMPlugin': 615200, 'EWCPlugin': 2178576, 'ReplayPlugin': 0, 'PrefetchWrapPlugin': 0, 'EvaluationPlugin': 0, 'PeriodicEval': 0, 'Clock': 0}"
effectiveness_v3_20260918T055602Z_9b29b8f8,dev/core50_nc/plugin_loose/plugin_loose_core50_nc_q320/0,plugin_loose_core50_nc_q320,core50_nc,0,1,training,"[{""name"": ""gem"", ""enabled"": true, ""inner"": ""SparseGEMPlugin"", ""before_backward"": 619, ""after_training_exp"": 1, ""gem_reference_samples"": 100, ""ewc_extra_forward_visits"": 30950, ""enabled_history"": [true]}, {""name"": ""ewc"", ""enabled"": true, ""inner"": ""EWCPlugin"", ""before_backward"": 619, ""after_training_exp"": 1, ""gem_reference_samples"": null, ""ewc_extra_forward_visits"": null, ""enabled_history"": [true]}]","{'SparseGEMPlugin': 1230400, 'EWCPlugin': 4357152, 'ReplayPlugin': 0, 'PrefetchWrapPlugin': 0, 'EvaluationPlugin': 0, 'PeriodicEval': 0, 'Clock': 0}"
effectiveness_v3_20260918T055602Z_9b29b8f8,dev/core50_nc/plugin_loose/plugin_loose_core50_nc_q320/0,plugin_loose_core50_nc_q320,core50_nc,0,2,training,"[{""name"": ""gem"", ""enabled"": true, ""inner"": ""SparseGEMPlugin"", ""before_backward"": 506, ""after_training_exp"": 1, ""gem_reference_samples"": 150, ""ewc_extra_forward_visits"": 50600, ""enabled_history"": [true]}, {""name"": ""ewc"", ""enabled"": true, ""inner"": ""EWCPlugin"", ""before_backward"": 506, ""after_training_exp"": 1, ""gem_reference_samples"": null, ""ewc_extra_forward_visits"": null, ""enabled_history"": [true]}]","{'SparseGEMPlugin': 1845600, 'EWCPlugin': 6535728, 'ReplayPlugin': 0, 'PrefetchWrapPlugin': 0, 'EvaluationPlugin': 0, 'PeriodicEval': 0, 'Clock': 0}"
effectiveness_v3_20260918T055602Z_9b29b8f8,dev/core50_nc/plugin_loose/plugin_loose_core50_nc_q320/0,plugin_loose_core50_nc_q320,core50_nc,0,3,training,"[{""name"": ""gem"", ""enabled"": true, ""inner"": ""SparseGEMPlugin"", ""before_backward"": 656, ""after_training_exp"": 1, ""gem_reference_samples"": 200, ""ewc_extra_forward_visits"": 98400, ""enabled_history"": [true]}, {""name"": ""ewc"", ""enabled"": true, ""inner"": ""EWCPlugin"", ""before_backward"": 656, ""after_training_exp"": 1, ""gem_reference_samples"": null, ""ewc_extra_forward_visits"": null, ""enabled_history"": [true]}]","{'SparseGEMPlugin': 2460800, 'EWCPlugin': 8714304, 'ReplayPlugin': 0, 'PrefetchWrapPlugin': 0, 'EvaluationPlugin': 0, 'PeriodicEval': 0, 'Clock': 0}"
effectiveness_v3_20260918T055602Z_9b29b8f8,dev/core50_nc/plugin_loose/plugin_loose_core50_nc_q320/0,plugin_loose_core50_nc_q320,core50_nc,0,4,training,"[{""name"": ""gem"", ""enabled"": true, ""inner"": ""SparseGEMPlugin"", ""before_backward"": 544, ""after_training_exp"": 1, ""gem_reference_samples"": 250, ""ewc_extra_forward_visits"": 108800, ""enabled_history"": [true]}, {""name"": ""ewc"", ""enabled"": true, ""inner"": ""EWCPlugin"", ""before_backward"": 544, ""after_training_exp"": 1, ""gem_reference_samples"": null, ""ewc_extra_forward_visits"": null, ""enabled_history"": [true]}]","{'SparseGEMPlugin': 3076000, 'EWCPlugin': 10892880, 'ReplayPlugin': 0, 'PrefetchWrapPlugin': 0, 'EvaluationPlugin': 0, 'PeriodicEval': 0, 'Clock': 0}"
effectiveness_v3_20260918T055602Z_9b29b8f8,dev/core50_nc/plugin_loose/plugin_loose_core50_nc_q320/0,plugin_loose_core50_nc_q320,core50_nc,0,5,training,"[{""name"": ""gem"", ""enabled"": true, ""inner"": ""SparseGEMPlugin"", ""before_backward"": 637, ""after_training_exp"": 1, ""gem_reference_samples"": 300, ""ewc_extra_forward_visits"": 159250, ""enabled_history"": [true]}, {""name"": ""ewc"", ""enabled"": true, ""inner"": ""EWCPlugin"", ""before_backward"": 637, ""after_training_exp"": 1, ""gem_reference_samples"": null, ""ewc_extra_forward_visits"": null, ""enabled_history"": [true]}]","{'SparseGEMPlugin': 3691200, 'EWCPlugin': 13071456, 'ReplayPlugin': 0, 'PrefetchWrapPlugin': 0, 'EvaluationPlugin': 0, 'PeriodicEval': 0, 'Clock': 0}"
effectiveness_v3_20260918T055602Z_9b29b8f8,dev/core50_nc/plugin_loose/plugin_loose_core50_nc_q320/0,plugin_loose_core50_nc_q320,core50_nc,0,6,training,"[{""name"": ""gem"", ""enabled"": true, ""inner"": ""SparseGEMPlugin"", ""before_backward"": 619, ""after_training_exp"": 1, ""gem_reference_samples"": 350, ""ewc_extra_forward_visits"": 185700, ""enabled_history"": [true]}, {""name"": ""ewc"", ""enabled"": true, ""inner"": ""EWCPlugin"", ""before_backward"": 619, ""after_training_exp"": 1, ""gem_reference_samples"": null, ""ewc_extra_forward_visits"": null, ""enabled_history"": [true]}]","{'SparseGEMPlugin': 4306400, 'EWCPlugin': 15250032, 'ReplayPlugin': 0, 'PrefetchWrapPlugin': 0, 'EvaluationPlugin': 0, 'PeriodicEval': 0, 'Clock': 0}"
effectiveness_v3_20260918T055602Z_9b29b8f8,dev/core50_nc/plugin_loose/plugin_loose_core50_nc_q320/0,plugin_loose_core50_nc_q320,core50_nc,0,7,training,"[{""name"": ""gem"", ""enabled"": true, ""inner"": ""SparseGEMPlugin"", ""before_backward"": 581, ""after_training_exp"": 1, ""gem_reference_samples"": 400, ""ewc_extra_forward_visits"": 203350, ""enabled_history"": [true]}, {""name"": ""ewc"", ""enabled"": true, ""inner"": ""EWCPlugin"", ""before_backward"": 581, ""after_training_exp"": 1, ""gem_reference_samples"": null, ""ewc_extra_forward_visits"": null, ""enabled_history"": [true]}]","{'SparseGEMPlugin': 4921600, 'EWCPlugin': 17428608, 'ReplayPlugin': 0, 'PrefetchWrapPlugin': 0, 'EvaluationPlugin': 0, 'PeriodicEval': 0, 'Clock': 0}"
effectiveness_v3_20260918T055602Z_9b29b8f8,dev/core50_nc/plugin_loose/plugin_loose_core50_nc_q320/0,plugin_loose_core50_nc_q320,core50_nc,0,8,training,"[{""name"": ""gem"", ""enabled"": true, ""inner"": ""SparseGEMPlugin"", ""before_backward"": 619, ""after_training_exp"": 1, ""gem_reference_samples"": 450, ""ewc_extra_forward_visits"": 247600, ""enabled_history"": [true]}, {""name"": ""ewc"", ""enabled"": true, ""inner"": ""EWCPlugin"", ""before_backward"": 619, ""after_training_exp"": 1, ""gem_reference_samples"": null, ""ewc_extra_forward_visits"": null, ""enabled_history"": [true]}]","{'SparseGEMPlugin': 5536800, 'EWCPlugin': 19607184, 'ReplayPlugin': 0, 'PrefetchWrapPlugin': 0, 'EvaluationPlugin': 0, 'PeriodicEval': 0, 'Clock': 0}"
effectiveness_v3_20260918T061211Z_f25203dd,dev/core50_nc/l_cal/lcal_core50_nc_q320_rep0/0,lcal_core50_nc_q320_rep0,core50_nc,0,0,training,[],"{'ReplayPlugin': 0, 'PrefetchWrapPlugin': 0, 'EvaluationPlugin': 0, 'PeriodicEval': 0, 'Clock': 0}"
effectiveness_v3_20260918T061211Z_f25203dd,dev/core50_nc/l_cal/lcal_core50_nc_q320_rep0/0,lcal_core50_nc_q320_rep0,core50_nc,0,1,training,[],"{'ReplayPlugin': 0, 'PrefetchWrapPlugin': 0, 'EvaluationPlugin': 0, 'PeriodicEval': 0, 'Clock': 0}"
effectiveness_v3_20260918T061211Z_f25203dd,dev/core50_nc/l_cal/lcal_core50_nc_q320_rep0/0,lcal_core50_nc_q320_rep0,core50_nc,0,2,training,[],"{'ReplayPlugin': 0, 'PrefetchWrapPlugin': 0, 'EvaluationPlugin': 0, 'PeriodicEval': 0, 'Clock': 0}"
effectiveness_v3_20260918T061211Z_f25203dd,dev/core50_nc/l_cal/lcal_core50_nc_q320_rep0/0,lcal_core50_nc_q320_rep0,core50_nc,0,3,training,[],"{'ReplayPlugin': 0, 'PrefetchWrapPlugin': 0, 'EvaluationPlugin': 0, 'PeriodicEval': 0, 'Clock': 0}"
effectiveness_v3_20260918T061211Z_f25203dd,dev/core50_nc/l_cal/lcal_core50_nc_q320_rep0/0,lcal_core50_nc_q320_rep0,core50_nc,0,4,training,[],"{'ReplayPlugin': 0, 'PrefetchWrapPlugin': 0, 'EvaluationPlugin': 0, 'PeriodicEval': 0, 'Clock': 0}"
effectiveness_v3_20260918T061211Z_f25203dd,dev/core50_nc/l_cal/lcal_core50_nc_q320_rep0/0,lcal_core50_nc_q320_rep0,core50_nc,0,5,training,[],"{'ReplayPlugin': 0, 'PrefetchWrapPlugin': 0, 'EvaluationPlugin': 0, 'PeriodicEval': 0, 'Clock': 0}"
effectiveness_v3_20260918T061211Z_f25203dd,dev/core50_nc/l_cal/lcal_core50_nc_q320_rep0/0,lcal_core50_nc_q320_rep0,core50_nc,0,6,training,[],"{'ReplayPlugin': 0, 'PrefetchWrapPlugin': 0, 'EvaluationPlugin': 0, 'PeriodicEval': 0, 'Clock': 0}"
effectiveness_v3_20260918T061211Z_f25203dd,dev/core50_nc/l_cal/lcal_core50_nc_q320_rep0/0,lcal_core50_nc_q320_rep0,core50_nc,0,7,training,[],"{'ReplayPlugin': 0, 'PrefetchWrapPlugin': 0, 'EvaluationPlugin': 0, 'PeriodicEval': 0, 'Clock': 0}"
effectiveness_v3_20260918T061211Z_f25203dd,dev/core50_nc/l_cal/lcal_core50_nc_q320_rep0/0,lcal_core50_nc_q320_rep0,core50_nc,0,8,training,[],"{'ReplayPlugin': 0, 'PrefetchWrapPlugin': 0, 'EvaluationPlugin': 0, 'PeriodicEval': 0, 'Clock': 0}"
effectiveness_v3_20260918T061541Z_8747fb0e,dev/core50_nc/l_cal/lcal_core50_nc_q320_rep1/0,lcal_core50_nc_q320_rep1,core50_nc,0,0,training,[],"{'ReplayPlugin': 0, 'PrefetchWrapPlugin': 0, 'EvaluationPlugin': 0, 'PeriodicEval': 0, 'Clock': 0}"
effectiveness_v3_20260918T061541Z_8747fb0e,dev/core50_nc/l_cal/lcal_core50_nc_q320_rep1/0,lcal_core50_nc_q320_rep1,core50_nc,0,1,training,[],"{'ReplayPlugin': 0, 'PrefetchWrapPlugin': 0, 'EvaluationPlugin': 0, 'PeriodicEval': 0, 'Clock': 0}"
effectiveness_v3_20260918T061541Z_8747fb0e,dev/core50_nc/l_cal/lcal_core50_nc_q320_rep1/0,lcal_core50_nc_q320_rep1,core50_nc,0,2,training,[],"{'ReplayPlugin': 0, 'PrefetchWrapPlugin': 0, 'EvaluationPlugin': 0, 'PeriodicEval': 0, 'Clock': 0}"
effectiveness_v3_20260918T061541Z_8747fb0e,dev/core50_nc/l_cal/lcal_core50_nc_q320_rep1/0,lcal_core50_nc_q320_rep1,core50_nc,0,3,training,[],"{'ReplayPlugin': 0, 'PrefetchWrapPlugin': 0, 'EvaluationPlugin': 0, 'PeriodicEval': 0, 'Clock': 0}"
effectiveness_v3_20260918T061541Z_8747fb0e,dev/core50_nc/l_cal/lcal_core50_nc_q320_rep1/0,lcal_core50_nc_q320_rep1,core50_nc,0,4,training,[],"{'ReplayPlugin': 0, 'PrefetchWrapPlugin': 0, 'EvaluationPlugin': 0, 'PeriodicEval': 0, 'Clock': 0}"
effectiveness_v3_20260918T061541Z_8747fb0e,dev/core50_nc/l_cal/lcal_core50_nc_q320_rep1/0,lcal_core50_nc_q320_rep1,core50_nc,0,5,training,[],"{'ReplayPlugin': 0, 'PrefetchWrapPlugin': 0, 'EvaluationPlugin': 0, 'PeriodicEval': 0, 'Clock': 0}"
effectiveness_v3_20260918T061541Z_8747fb0e,dev/core50_nc/l_cal/lcal_core50_nc_q320_rep1/0,lcal_core50_nc_q320_rep1,core50_nc,0,6,training,[],"{'ReplayPlugin': 0, 'PrefetchWrapPlugin': 0, 'EvaluationPlugin': 0, 'PeriodicEval': 0, 'Clock': 0}"
effectiveness_v3_20260918T061541Z_8747fb0e,dev/core50_nc/l_cal/lcal_core50_nc_q320_rep1/0,lcal_core50_nc_q320_rep1,core50_nc,0,7,training,[],"{'ReplayPlugin': 0, 'PrefetchWrapPlugin': 0, 'EvaluationPlugin': 0, 'PeriodicEval': 0, 'Clock': 0}"
effectiveness_v3_20260918T061541Z_8747fb0e,dev/core50_nc/l_cal/lcal_core50_nc_q320_rep1/0,lcal_core50_nc_q320_rep1,core50_nc,0,8,training,[],"{'ReplayPlugin': 0, 'PrefetchWrapPlugin': 0, 'EvaluationPlugin': 0, 'PeriodicEval': 0, 'Clock': 0}"
effectiveness_v3_20260918T061925Z_1158848e,dev/core50_nc/static_search_tight/search_tight_core50_nc_b16_r200_q160/0,search_tight_core50_nc_b16_r200_q160,core50_nc,0,0,training,[],"{'ReplayPlugin': 0, 'PrefetchWrapPlugin': 0, 'EvaluationPlugin': 0, 'PeriodicEval': 0, 'Clock': 0}"
effectiveness_v3_20260918T061925Z_1158848e,dev/core50_nc/static_search_tight/search_tight_core50_nc_b16_r200_q160/0,search_tight_core50_nc_b16_r200_q160,core50_nc,0,1,training,[],"{'ReplayPlugin': 0, 'PrefetchWrapPlugin': 0, 'EvaluationPlugin': 0, 'PeriodicEval': 0, 'Clock': 0}"
effectiveness_v3_20260918T061925Z_1158848e,dev/core50_nc/static_search_tight/search_tight_core50_nc_b16_r200_q160/0,search_tight_core50_nc_b16_r200_q160,core50_nc,0,2,training,[],"{'ReplayPlugin': 0, 'PrefetchWrapPlugin': 0, 'EvaluationPlugin': 0, 'PeriodicEval': 0, 'Clock': 0}"
effectiveness_v3_20260918T061925Z_1158848e,dev/core50_nc/static_search_tight/search_tight_core50_nc_b16_r200_q160/0,search_tight_core50_nc_b16_r200_q160,core50_nc,0,3,training,[],"{'ReplayPlugin': 0, 'PrefetchWrapPlugin': 0, 'EvaluationPlugin': 0, 'PeriodicEval': 0, 'Clock': 0}"
effectiveness_v3_20260918T061925Z_1158848e,dev/core50_nc/static_search_tight/search_tight_core50_nc_b16_r200_q160/0,search_tight_core50_nc_b16_r200_q160,core50_nc,0,4,training,[],"{'ReplayPlugin': 0, 'PrefetchWrapPlugin': 0, 'EvaluationPlugin': 0, 'PeriodicEval': 0, 'Clock': 0}"
effectiveness_v3_20260918T061925Z_1158848e,dev/core50_nc/static_search_tight/search_tight_core50_nc_b16_r200_q160/0,search_tight_core50_nc_b16_r200_q160,core50_nc,0,5,training,[],"{'ReplayPlugin': 0, 'PrefetchWrapPlugin': 0, 'EvaluationPlugin': 0, 'PeriodicEval': 0, 'Clock': 0}"
effectiveness_v3_20260918T061925Z_1158848e,dev/core50_nc/static_search_tight/search_tight_core50_nc_b16_r200_q160/0,search_tight_core50_nc_b16_r200_q160,core50_nc,0,6,training,[],"{'ReplayPlugin': 0, 'PrefetchWrapPlugin': 0, 'EvaluationPlugin': 0, 'PeriodicEval': 0, 'Clock': 0}"
effectiveness_v3_20260918T061925Z_1158848e,dev/core50_nc/static_search_tight/search_tight_core50_nc_b16_r200_q160/0,search_tight_core50_nc_b16_r200_q160,core50_nc,0,7,training,[],"{'ReplayPlugin': 0, 'PrefetchWrapPlugin': 0, 'EvaluationPlugin': 0, 'PeriodicEval': 0, 'Clock': 0}"
effectiveness_v3_20260918T061925Z_1158848e,dev/core50_nc/static_search_tight/search_tight_core50_nc_b16_r200_q160/0,search_tight_core50_nc_b16_r200_q160,core50_nc,0,8,training,[],"{'ReplayPlugin': 0, 'PrefetchWrapPlugin': 0, 'EvaluationPlugin': 0, 'PeriodicEval': 0, 'Clock': 0}"
effectiveness_v3_20260918T062258Z_fb2a4c31,dev/core50_nc/static_search_tight/search_tight_core50_nc_b16_r2000_q160/0,search_tight_core50_nc_b16_r2000_q160,core50_nc,0,0,training,[],"{'ReplayPlugin': 0, 'PrefetchWrapPlugin': 0, 'EvaluationPlugin': 0, 'PeriodicEval': 0, 'Clock': 0}"
effectiveness_v3_20260918T062258Z_fb2a4c31,dev/core50_nc/static_search_tight/search_tight_core50_nc_b16_r2000_q160/0,search_tight_core50_nc_b16_r2000_q160,core50_nc,0,1,training,[],"{'ReplayPlugin': 0, 'PrefetchWrapPlugin': 0, 'EvaluationPlugin': 0, 'PeriodicEval': 0, 'Clock': 0}"
effectiveness_v3_20260918T062258Z_fb2a4c31,dev/core50_nc/static_search_tight/search_tight_core50_nc_b16_r2000_q160/0,search_tight_core50_nc_b16_r2000_q160,core50_nc,0,2,training,[],"{'ReplayPlugin': 0, 'PrefetchWrapPlugin': 0, 'EvaluationPlugin': 0, 'PeriodicEval': 0, 'Clock': 0}"
effectiveness_v3_20260918T062258Z_fb2a4c31,dev/core50_nc/static_search_tight/search_tight_core50_nc_b16_r2000_q160/0,search_tight_core50_nc_b16_r2000_q160,core50_nc,0,3,training,[],"{'ReplayPlugin': 0, 'PrefetchWrapPlugin': 0, 'EvaluationPlugin': 0, 'PeriodicEval': 0, 'Clock': 0}"
effectiveness_v3_20260918T062258Z_fb2a4c31,dev/core50_nc/static_search_tight/search_tight_core50_nc_b16_r2000_q160/0,search_tight_core50_nc_b16_r2000_q160,core50_nc,0,4,training,[],"{'ReplayPlugin': 0, 'PrefetchWrapPlugin': 0, 'EvaluationPlugin': 0, 'PeriodicEval': 0, 'Clock': 0}"
effectiveness_v3_20260918T062258Z_fb2a4c31,dev/core50_nc/static_search_tight/search_tight_core50_nc_b16_r2000_q160/0,search_tight_core50_nc_b16_r2000_q160,core50_nc,0,5,training,[],"{'ReplayPlugin': 0, 'PrefetchWrapPlugin': 0, 'EvaluationPlugin': 0, 'PeriodicEval': 0, 'Clock': 0}"
effectiveness_v3_20260918T062258Z_fb2a4c31,dev/core50_nc/static_search_tight/search_tight_core50_nc_b16_r2000_q160/0,search_tight_core50_nc_b16_r2000_q160,core50_nc,0,6,training,[],"{'ReplayPlugin': 0, 'PrefetchWrapPlugin': 0, 'EvaluationPlugin': 0, 'PeriodicEval': 0, 'Clock': 0}"
effectiveness_v3_20260918T062258Z_fb2a4c31,dev/core50_nc/static_search_tight/search_tight_core50_nc_b16_r2000_q160/0,search_tight_core50_nc_b16_r2000_q160,core50_nc,0,7,training,[],"{'ReplayPlugin': 0, 'PrefetchWrapPlugin': 0, 'EvaluationPlugin': 0, 'PeriodicEval': 0, 'Clock': 0}"
effectiveness_v3_20260918T062258Z_fb2a4c31,dev/core50_nc/static_search_tight/search_tight_core50_nc_b16_r2000_q160/0,search_tight_core50_nc_b16_r2000_q160,core50_nc,0,8,training,[],"{'ReplayPlugin': 0, 'PrefetchWrapPlugin': 0, 'EvaluationPlugin': 0, 'PeriodicEval': 0, 'Clock': 0}"
effectiveness_v3_20260918T062705Z_ce1e6152,dev/core50_nc/static_search_loose/search_loose_core50_nc_b16_r200_q320/0,search_loose_core50_nc_b16_r200_q320,core50_nc,0,0,training,[],"{'ReplayPlugin': 0, 'PrefetchWrapPlugin': 0, 'EvaluationPlugin': 0, 'PeriodicEval': 0, 'Clock': 0}"
effectiveness_v3_20260918T062705Z_ce1e6152,dev/core50_nc/static_search_loose/search_loose_core50_nc_b16_r200_q320/0,search_loose_core50_nc_b16_r200_q320,core50_nc,0,1,training,[],"{'ReplayPlugin': 0, 'PrefetchWrapPlugin': 0, 'EvaluationPlugin': 0, 'PeriodicEval': 0, 'Clock': 0}"
effectiveness_v3_20260918T062705Z_ce1e6152,dev/core50_nc/static_search_loose/search_loose_core50_nc_b16_r200_q320/0,search_loose_core50_nc_b16_r200_q320,core50_nc,0,2,training,[],"{'ReplayPlugin': 0, 'PrefetchWrapPlugin': 0, 'EvaluationPlugin': 0, 'PeriodicEval': 0, 'Clock': 0}"
effectiveness_v3_20260918T062705Z_ce1e6152,dev/core50_nc/static_search_loose/search_loose_core50_nc_b16_r200_q320/0,search_loose_core50_nc_b16_r200_q320,core50_nc,0,3,training,[],"{'ReplayPlugin': 0, 'PrefetchWrapPlugin': 0, 'EvaluationPlugin': 0, 'PeriodicEval': 0, 'Clock': 0}"
effectiveness_v3_20260918T062705Z_ce1e6152,dev/core50_nc/static_search_loose/search_loose_core50_nc_b16_r200_q320/0,search_loose_core50_nc_b16_r200_q320,core50_nc,0,4,training,[],"{'ReplayPlugin': 0, 'PrefetchWrapPlugin': 0, 'EvaluationPlugin': 0, 'PeriodicEval': 0, 'Clock': 0}"
effectiveness_v3_20260918T062705Z_ce1e6152,dev/core50_nc/static_search_loose/search_loose_core50_nc_b16_r200_q320/0,search_loose_core50_nc_b16_r200_q320,core50_nc,0,5,training,[],"{'ReplayPlugin': 0, 'PrefetchWrapPlugin': 0, 'EvaluationPlugin': 0, 'PeriodicEval': 0, 'Clock': 0}"
effectiveness_v3_20260918T062705Z_ce1e6152,dev/core50_nc/static_search_loose/search_loose_core50_nc_b16_r200_q320/0,search_loose_core50_nc_b16_r200_q320,core50_nc,0,6,training,[],"{'ReplayPlugin': 0, 'PrefetchWrapPlugin': 0, 'EvaluationPlugin': 0, 'PeriodicEval': 0, 'Clock': 0}"
effectiveness_v3_20260918T062705Z_ce1e6152,dev/core50_nc/static_search_loose/search_loose_core50_nc_b16_r200_q320/0,search_loose_core50_nc_b16_r200_q320,core50_nc,0,7,training,[],"{'ReplayPlugin': 0, 'PrefetchWrapPlugin': 0, 'EvaluationPlugin': 0, 'PeriodicEval': 0, 'Clock': 0}"
effectiveness_v3_20260918T062705Z_ce1e6152,dev/core50_nc/static_search_loose/search_loose_core50_nc_b16_r200_q320/0,search_loose_core50_nc_b16_r200_q320,core50_nc,0,8,training,[],"{'ReplayPlugin': 0, 'PrefetchWrapPlugin': 0, 'EvaluationPlugin': 0, 'PeriodicEval': 0, 'Clock': 0}"
effectiveness_v3_20260918T063035Z_a97c2d26,dev/core50_nc/static_search_loose/search_loose_core50_nc_b16_r2000_q320/0,search_loose_core50_nc_b16_r2000_q320,core50_nc,0,0,training,[],"{'ReplayPlugin': 0, 'PrefetchWrapPlugin': 0, 'EvaluationPlugin': 0, 'PeriodicEval': 0, 'Clock': 0}"
effectiveness_v3_20260918T063035Z_a97c2d26,dev/core50_nc/static_search_loose/search_loose_core50_nc_b16_r2000_q320/0,search_loose_core50_nc_b16_r2000_q320,core50_nc,0,1,training,[],"{'ReplayPlugin': 0, 'PrefetchWrapPlugin': 0, 'EvaluationPlugin': 0, 'PeriodicEval': 0, 'Clock': 0}"
effectiveness_v3_20260918T063035Z_a97c2d26,dev/core50_nc/static_search_loose/search_loose_core50_nc_b16_r2000_q320/0,search_loose_core50_nc_b16_r2000_q320,core50_nc,0,2,training,[],"{'ReplayPlugin': 0, 'PrefetchWrapPlugin': 0, 'EvaluationPlugin': 0, 'PeriodicEval': 0, 'Clock': 0}"
effectiveness_v3_20260918T063035Z_a97c2d26,dev/core50_nc/static_search_loose/search_loose_core50_nc_b16_r2000_q320/0,search_loose_core50_nc_b16_r2000_q320,core50_nc,0,3,training,[],"{'ReplayPlugin': 0, 'PrefetchWrapPlugin': 0, 'EvaluationPlugin': 0, 'PeriodicEval': 0, 'Clock': 0}"
effectiveness_v3_20260918T063035Z_a97c2d26,dev/core50_nc/static_search_loose/search_loose_core50_nc_b16_r2000_q320/0,search_loose_core50_nc_b16_r2000_q320,core50_nc,0,4,training,[],"{'ReplayPlugin': 0, 'PrefetchWrapPlugin': 0, 'EvaluationPlugin': 0, 'PeriodicEval': 0, 'Clock': 0}"
effectiveness_v3_20260918T063035Z_a97c2d26,dev/core50_nc/static_search_loose/search_loose_core50_nc_b16_r2000_q320/0,search_loose_core50_nc_b16_r2000_q320,core50_nc,0,5,training,[],"{'ReplayPlugin': 0, 'PrefetchWrapPlugin': 0, 'EvaluationPlugin': 0, 'PeriodicEval': 0, 'Clock': 0}"
effectiveness_v3_20260918T063035Z_a97c2d26,dev/core50_nc/static_search_loose/search_loose_core50_nc_b16_r2000_q320/0,search_loose_core50_nc_b16_r2000_q320,core50_nc,0,6,training,[],"{'ReplayPlugin': 0, 'PrefetchWrapPlugin': 0, 'EvaluationPlugin': 0, 'PeriodicEval': 0, 'Clock': 0}"
effectiveness_v3_20260918T063035Z_a97c2d26,dev/core50_nc/static_search_loose/search_loose_core50_nc_b16_r2000_q320/0,search_loose_core50_nc_b16_r2000_q320,core50_nc,0,7,training,[],"{'ReplayPlugin': 0, 'PrefetchWrapPlugin': 0, 'EvaluationPlugin': 0, 'PeriodicEval': 0, 'Clock': 0}"
effectiveness_v3_20260918T063035Z_a97c2d26,dev/core50_nc/static_search_loose/search_loose_core50_nc_b16_r2000_q320/0,search_loose_core50_nc_b16_r2000_q320,core50_nc,0,8,training,[],"{'ReplayPlugin': 0, 'PrefetchWrapPlugin': 0, 'EvaluationPlugin': 0, 'PeriodicEval': 0, 'Clock': 0}"
effectiveness_v3_20260918T063410Z_35400e3d,dev/core50_nc/static_search_loose/search_loose_core50_nc_b64_r200_q320/0,search_loose_core50_nc_b64_r200_q320,core50_nc,0,0,training,[],"{'ReplayPlugin': 0, 'PrefetchWrapPlugin': 0, 'EvaluationPlugin': 0, 'PeriodicEval': 0, 'Clock': 0}"
effectiveness_v3_20260918T063410Z_35400e3d,dev/core50_nc/static_search_loose/search_loose_core50_nc_b64_r200_q320/0,search_loose_core50_nc_b64_r200_q320,core50_nc,0,1,training,[],"{'ReplayPlugin': 0, 'PrefetchWrapPlugin': 0, 'EvaluationPlugin': 0, 'PeriodicEval': 0, 'Clock': 0}"
effectiveness_v3_20260918T063410Z_35400e3d,dev/core50_nc/static_search_loose/search_loose_core50_nc_b64_r200_q320/0,search_loose_core50_nc_b64_r200_q320,core50_nc,0,2,training,[],"{'ReplayPlugin': 0, 'PrefetchWrapPlugin': 0, 'EvaluationPlugin': 0, 'PeriodicEval': 0, 'Clock': 0}"
effectiveness_v3_20260918T063410Z_35400e3d,dev/core50_nc/static_search_loose/search_loose_core50_nc_b64_r200_q320/0,search_loose_core50_nc_b64_r200_q320,core50_nc,0,3,training,[],"{'ReplayPlugin': 0, 'PrefetchWrapPlugin': 0, 'EvaluationPlugin': 0, 'PeriodicEval': 0, 'Clock': 0}"
effectiveness_v3_20260918T063410Z_35400e3d,dev/core50_nc/static_search_loose/search_loose_core50_nc_b64_r200_q320/0,search_loose_core50_nc_b64_r200_q320,core50_nc,0,4,training,[],"{'ReplayPlugin': 0, 'PrefetchWrapPlugin': 0, 'EvaluationPlugin': 0, 'PeriodicEval': 0, 'Clock': 0}"
effectiveness_v3_20260918T063410Z_35400e3d,dev/core50_nc/static_search_loose/search_loose_core50_nc_b64_r200_q320/0,search_loose_core50_nc_b64_r200_q320,core50_nc,0,5,training,[],"{'ReplayPlugin': 0, 'PrefetchWrapPlugin': 0, 'EvaluationPlugin': 0, 'PeriodicEval': 0, 'Clock': 0}"
effectiveness_v3_20260918T063410Z_35400e3d,dev/core50_nc/static_search_loose/search_loose_core50_nc_b64_r200_q320/0,search_loose_core50_nc_b64_r200_q320,core50_nc,0,6,training,[],"{'ReplayPlugin': 0, 'PrefetchWrapPlugin': 0, 'EvaluationPlugin': 0, 'PeriodicEval': 0, 'Clock': 0}"
effectiveness_v3_20260918T063410Z_35400e3d,dev/core50_nc/static_search_loose/search_loose_core50_nc_b64_r200_q320/0,search_loose_core50_nc_b64_r200_q320,core50_nc,0,7,training,[],"{'ReplayPlugin': 0, 'PrefetchWrapPlugin': 0, 'EvaluationPlugin': 0, 'PeriodicEval': 0, 'Clock': 0}"
effectiveness_v3_20260918T063410Z_35400e3d,dev/core50_nc/static_search_loose/search_loose_core50_nc_b64_r200_q320/0,search_loose_core50_nc_b64_r200_q320,core50_nc,0,8,training,[],"{'ReplayPlugin': 0, 'PrefetchWrapPlugin': 0, 'EvaluationPlugin': 0, 'PeriodicEval': 0, 'Clock': 0}"
effectiveness_v3_20260918T063618Z_0d2342fd,dev/core50_nc/static_search_loose/search_loose_core50_nc_b64_r2000_q320/0,search_loose_core50_nc_b64_r2000_q320,core50_nc,0,0,training,[],"{'ReplayPlugin': 0, 'PrefetchWrapPlugin': 0, 'EvaluationPlugin': 0, 'PeriodicEval': 0, 'Clock': 0}"
effectiveness_v3_20260918T063618Z_0d2342fd,dev/core50_nc/static_search_loose/search_loose_core50_nc_b64_r2000_q320/0,search_loose_core50_nc_b64_r2000_q320,core50_nc,0,1,training,[],"{'ReplayPlugin': 0, 'PrefetchWrapPlugin': 0, 'EvaluationPlugin': 0, 'PeriodicEval': 0, 'Clock': 0}"
effectiveness_v3_20260918T063618Z_0d2342fd,dev/core50_nc/static_search_loose/search_loose_core50_nc_b64_r2000_q320/0,search_loose_core50_nc_b64_r2000_q320,core50_nc,0,2,training,[],"{'ReplayPlugin': 0, 'PrefetchWrapPlugin': 0, 'EvaluationPlugin': 0, 'PeriodicEval': 0, 'Clock': 0}"
effectiveness_v3_20260918T063618Z_0d2342fd,dev/core50_nc/static_search_loose/search_loose_core50_nc_b64_r2000_q320/0,search_loose_core50_nc_b64_r2000_q320,core50_nc,0,3,training,[],"{'ReplayPlugin': 0, 'PrefetchWrapPlugin': 0, 'EvaluationPlugin': 0, 'PeriodicEval': 0, 'Clock': 0}"
effectiveness_v3_20260918T063618Z_0d2342fd,dev/core50_nc/static_search_loose/search_loose_core50_nc_b64_r2000_q320/0,search_loose_core50_nc_b64_r2000_q320,core50_nc,0,4,training,[],"{'ReplayPlugin': 0, 'PrefetchWrapPlugin': 0, 'EvaluationPlugin': 0, 'PeriodicEval': 0, 'Clock': 0}"
effectiveness_v3_20260918T063618Z_0d2342fd,dev/core50_nc/static_search_loose/search_loose_core50_nc_b64_r2000_q320/0,search_loose_core50_nc_b64_r2000_q320,core50_nc,0,5,training,[],"{'ReplayPlugin': 0, 'PrefetchWrapPlugin': 0, 'EvaluationPlugin': 0, 'PeriodicEval': 0, 'Clock': 0}"
effectiveness_v3_20260918T063618Z_0d2342fd,dev/core50_nc/static_search_loose/search_loose_core50_nc_b64_r2000_q320/0,search_loose_core50_nc_b64_r2000_q320,core50_nc,0,6,training,[],"{'ReplayPlugin': 0, 'PrefetchWrapPlugin': 0, 'EvaluationPlugin': 0, 'PeriodicEval': 0, 'Clock': 0}"
effectiveness_v3_20260918T063618Z_0d2342fd,dev/core50_nc/static_search_loose/search_loose_core50_nc_b64_r2000_q320/0,search_loose_core50_nc_b64_r2000_q320,core50_nc,0,7,training,[],"{'ReplayPlugin': 0, 'PrefetchWrapPlugin': 0, 'EvaluationPlugin': 0, 'PeriodicEval': 0, 'Clock': 0}"
effectiveness_v3_20260918T063618Z_0d2342fd,dev/core50_nc/static_search_loose/search_loose_core50_nc_b64_r2000_q320/0,search_loose_core50_nc_b64_r2000_q320,core50_nc,0,8,training,[],"{'ReplayPlugin': 0, 'PrefetchWrapPlugin': 0, 'EvaluationPlugin': 0, 'PeriodicEval': 0, 'Clock': 0}"
effectiveness_v3_20260918T063857Z_99a791e7,dev/splitcifar100/q_loose_verify/loose_splitcifar100_q320/0,loose_splitcifar100_q320,splitcifar100,0,0,training,[],"{'ReplayPlugin': 0, 'PrefetchWrapPlugin': 0, 'EvaluationPlugin': 0, 'PeriodicEval': 0, 'Clock': 0}"
effectiveness_v3_20260918T063857Z_99a791e7,dev/splitcifar100/q_loose_verify/loose_splitcifar100_q320/0,loose_splitcifar100_q320,splitcifar100,0,1,training,[],"{'ReplayPlugin': 0, 'PrefetchWrapPlugin': 0, 'EvaluationPlugin': 0, 'PeriodicEval': 0, 'Clock': 0}"
effectiveness_v3_20260918T063857Z_99a791e7,dev/splitcifar100/q_loose_verify/loose_splitcifar100_q320/0,loose_splitcifar100_q320,splitcifar100,0,2,training,[],"{'ReplayPlugin': 0, 'PrefetchWrapPlugin': 0, 'EvaluationPlugin': 0, 'PeriodicEval': 0, 'Clock': 0}"
effectiveness_v3_20260918T063857Z_99a791e7,dev/splitcifar100/q_loose_verify/loose_splitcifar100_q320/0,loose_splitcifar100_q320,splitcifar100,0,3,training,[],"{'ReplayPlugin': 0, 'PrefetchWrapPlugin': 0, 'EvaluationPlugin': 0, 'PeriodicEval': 0, 'Clock': 0}"
effectiveness_v3_20260918T063857Z_99a791e7,dev/splitcifar100/q_loose_verify/loose_splitcifar100_q320/0,loose_splitcifar100_q320,splitcifar100,0,4,training,[],"{'ReplayPlugin': 0, 'PrefetchWrapPlugin': 0, 'EvaluationPlugin': 0, 'PeriodicEval': 0, 'Clock': 0}"
effectiveness_v3_20260918T063857Z_99a791e7,dev/splitcifar100/q_loose_verify/loose_splitcifar100_q320/0,loose_splitcifar100_q320,splitcifar100,0,5,training,[],"{'ReplayPlugin': 0, 'PrefetchWrapPlugin': 0, 'EvaluationPlugin': 0, 'PeriodicEval': 0, 'Clock': 0}"
effectiveness_v3_20260918T063857Z_99a791e7,dev/splitcifar100/q_loose_verify/loose_splitcifar100_q320/0,loose_splitcifar100_q320,splitcifar100,0,6,training,[],"{'ReplayPlugin': 0, 'PrefetchWrapPlugin': 0, 'EvaluationPlugin': 0, 'PeriodicEval': 0, 'Clock': 0}"
effectiveness_v3_20260918T063857Z_99a791e7,dev/splitcifar100/q_loose_verify/loose_splitcifar100_q320/0,loose_splitcifar100_q320,splitcifar100,0,7,training,[],"{'ReplayPlugin': 0, 'PrefetchWrapPlugin': 0, 'EvaluationPlugin': 0, 'PeriodicEval': 0, 'Clock': 0}"
effectiveness_v3_20260918T063857Z_99a791e7,dev/splitcifar100/q_loose_verify/loose_splitcifar100_q320/0,loose_splitcifar100_q320,splitcifar100,0,8,training,[],"{'ReplayPlugin': 0, 'PrefetchWrapPlugin': 0, 'EvaluationPlugin': 0, 'PeriodicEval': 0, 'Clock': 0}"
effectiveness_v3_20260918T063857Z_99a791e7,dev/splitcifar100/q_loose_verify/loose_splitcifar100_q320/0,loose_splitcifar100_q320,splitcifar100,0,9,training,[],"{'ReplayPlugin': 0, 'PrefetchWrapPlugin': 0, 'EvaluationPlugin': 0, 'PeriodicEval': 0, 'Clock': 0}"
effectiveness_v3_20260918T064028Z_cbe2cbf1,dev/splitcifar100/plugin_loose/plugin_loose_splitcifar100_q320/0,plugin_loose_splitcifar100_q320,splitcifar100,0,0,training,"[{""name"": ""gem"", ""enabled"": true, ""inner"": ""SparseGEMPlugin"", ""before_backward"": 250, ""after_training_exp"": 1, ""gem_reference_samples"": 50, ""ewc_extra_forward_visits"": 0, ""enabled_history"": [true]}, {""name"": ""ewc"", ""enabled"": true, ""inner"": ""EWCPlugin"", ""before_backward"": 250, ""after_training_exp"": 1, ""gem_reference_samples"": null, ""ewc_extra_forward_visits"": null, ""enabled_history"": [true]}]","{'SparseGEMPlugin': 615200, 'EWCPlugin': 2204576, 'ReplayPlugin': 0, 'PrefetchWrapPlugin': 0, 'EvaluationPlugin': 0, 'PeriodicEval': 0, 'Clock': 0}"
effectiveness_v3_20260918T064028Z_cbe2cbf1,dev/splitcifar100/plugin_loose/plugin_loose_splitcifar100_q320/0,plugin_loose_splitcifar100_q320,splitcifar100,0,1,training,"[{""name"": ""gem"", ""enabled"": true, ""inner"": ""SparseGEMPlugin"", ""before_backward"": 250, ""after_training_exp"": 1, ""gem_reference_samples"": 100, ""ewc_extra_forward_visits"": 12500, ""enabled_history"": [true]}, {""name"": ""ewc"", ""enabled"": true, ""inner"": ""EWCPlugin"", ""before_backward"": 250, ""after_training_exp"": 1, ""gem_reference_samples"": null, ""ewc_extra_forward_visits"": null, ""enabled_history"": [true]}]","{'SparseGEMPlugin': 1230400, 'EWCPlugin': 4409152, 'ReplayPlugin': 0, 'PrefetchWrapPlugin': 0, 'EvaluationPlugin': 0, 'PeriodicEval': 0, 'Clock': 0}"
effectiveness_v3_20260918T064028Z_cbe2cbf1,dev/splitcifar100/plugin_loose/plugin_loose_splitcifar100_q320/0,plugin_loose_splitcifar100_q320,splitcifar100,0,2,training,"[{""name"": ""gem"", ""enabled"": true, ""inner"": ""SparseGEMPlugin"", ""before_backward"": 250, ""after_training_exp"": 1, ""gem_reference_samples"": 150, ""ewc_extra_forward_visits"": 25000, ""enabled_history"": [true]}, {""name"": ""ewc"", ""enabled"": true, ""inner"": ""EWCPlugin"", ""before_backward"": 250, ""after_training_exp"": 1, ""gem_reference_samples"": null, ""ewc_extra_forward_visits"": null, ""enabled_history"": [true]}]","{'SparseGEMPlugin': 1845600, 'EWCPlugin': 6613728, 'ReplayPlugin': 0, 'PrefetchWrapPlugin': 0, 'EvaluationPlugin': 0, 'PeriodicEval': 0, 'Clock': 0}"
effectiveness_v3_20260918T064028Z_cbe2cbf1,dev/splitcifar100/plugin_loose/plugin_loose_splitcifar100_q320/0,plugin_loose_splitcifar100_q320,splitcifar100,0,3,training,"[{""name"": ""gem"", ""enabled"": true, ""inner"": ""SparseGEMPlugin"", ""before_backward"": 250, ""after_training_exp"": 1, ""gem_reference_samples"": 200, ""ewc_extra_forward_visits"": 37500, ""enabled_history"": [true]}, {""name"": ""ewc"", ""enabled"": true, ""inner"": ""EWCPlugin"", ""before_backward"": 250, ""after_training_exp"": 1, ""gem_reference_samples"": null, ""ewc_extra_forward_visits"": null, ""enabled_history"": [true]}]","{'SparseGEMPlugin': 2460800, 'EWCPlugin': 8818304, 'ReplayPlugin': 0, 'PrefetchWrapPlugin': 0, 'EvaluationPlugin': 0, 'PeriodicEval': 0, 'Clock': 0}"
effectiveness_v3_20260918T064028Z_cbe2cbf1,dev/splitcifar100/plugin_loose/plugin_loose_splitcifar100_q320/0,plugin_loose_splitcifar100_q320,splitcifar100,0,4,training,"[{""name"": ""gem"", ""enabled"": true, ""inner"": ""SparseGEMPlugin"", ""before_backward"": 250, ""after_training_exp"": 1, ""gem_reference_samples"": 250, ""ewc_extra_forward_visits"": 50000, ""enabled_history"": [true]}, {""name"": ""ewc"", ""enabled"": true, ""inner"": ""EWCPlugin"", ""before_backward"": 250, ""after_training_exp"": 1, ""gem_reference_samples"": null, ""ewc_extra_forward_visits"": null, ""enabled_history"": [true]}]","{'SparseGEMPlugin': 3076000, 'EWCPlugin': 11022880, 'ReplayPlugin': 0, 'PrefetchWrapPlugin': 0, 'EvaluationPlugin': 0, 'PeriodicEval': 0, 'Clock': 0}"
effectiveness_v3_20260918T064028Z_cbe2cbf1,dev/splitcifar100/plugin_loose/plugin_loose_splitcifar100_q320/0,plugin_loose_splitcifar100_q320,splitcifar100,0,5,training,"[{""name"": ""gem"", ""enabled"": true, ""inner"": ""SparseGEMPlugin"", ""before_backward"": 250, ""after_training_exp"": 1, ""gem_reference_samples"": 300, ""ewc_extra_forward_visits"": 62500, ""enabled_history"": [true]}, {""name"": ""ewc"", ""enabled"": true, ""inner"": ""EWCPlugin"", ""before_backward"": 250, ""after_training_exp"": 1, ""gem_reference_samples"": null, ""ewc_extra_forward_visits"": null, ""enabled_history"": [true]}]","{'SparseGEMPlugin': 3691200, 'EWCPlugin': 13227456, 'ReplayPlugin': 0, 'PrefetchWrapPlugin': 0, 'EvaluationPlugin': 0, 'PeriodicEval': 0, 'Clock': 0}"
effectiveness_v3_20260918T064028Z_cbe2cbf1,dev/splitcifar100/plugin_loose/plugin_loose_splitcifar100_q320/0,plugin_loose_splitcifar100_q320,splitcifar100,0,6,training,"[{""name"": ""gem"", ""enabled"": true, ""inner"": ""SparseGEMPlugin"", ""before_backward"": 250, ""after_training_exp"": 1, ""gem_reference_samples"": 350, ""ewc_extra_forward_visits"": 75000, ""enabled_history"": [true]}, {""name"": ""ewc"", ""enabled"": true, ""inner"": ""EWCPlugin"", ""before_backward"": 250, ""after_training_exp"": 1, ""gem_reference_samples"": null, ""ewc_extra_forward_visits"": null, ""enabled_history"": [true]}]","{'SparseGEMPlugin': 4306400, 'EWCPlugin': 15432032, 'ReplayPlugin': 0, 'PrefetchWrapPlugin': 0, 'EvaluationPlugin': 0, 'PeriodicEval': 0, 'Clock': 0}"
effectiveness_v3_20260918T064028Z_cbe2cbf1,dev/splitcifar100/plugin_loose/plugin_loose_splitcifar100_q320/0,plugin_loose_splitcifar100_q320,splitcifar100,0,7,training,"[{""name"": ""gem"", ""enabled"": true, ""inner"": ""SparseGEMPlugin"", ""before_backward"": 250, ""after_training_exp"": 1, ""gem_reference_samples"": 400, ""ewc_extra_forward_visits"": 87500, ""enabled_history"": [true]}, {""name"": ""ewc"", ""enabled"": true, ""inner"": ""EWCPlugin"", ""before_backward"": 250, ""after_training_exp"": 1, ""gem_reference_samples"": null, ""ewc_extra_forward_visits"": null, ""enabled_history"": [true]}]","{'SparseGEMPlugin': 4921600, 'EWCPlugin': 17636608, 'ReplayPlugin': 0, 'PrefetchWrapPlugin': 0, 'EvaluationPlugin': 0, 'PeriodicEval': 0, 'Clock': 0}"
effectiveness_v3_20260918T064028Z_cbe2cbf1,dev/splitcifar100/plugin_loose/plugin_loose_splitcifar100_q320/0,plugin_loose_splitcifar100_q320,splitcifar100,0,8,training,"[{""name"": ""gem"", ""enabled"": true, ""inner"": ""SparseGEMPlugin"", ""before_backward"": 250, ""after_training_exp"": 1, ""gem_reference_samples"": 450, ""ewc_extra_forward_visits"": 100000, ""enabled_history"": [true]}, {""name"": ""ewc"", ""enabled"": true, ""inner"": ""EWCPlugin"", ""before_backward"": 250, ""after_training_exp"": 1, ""gem_reference_samples"": null, ""ewc_extra_forward_visits"": null, ""enabled_history"": [true]}]","{'SparseGEMPlugin': 5536800, 'EWCPlugin': 19841184, 'ReplayPlugin': 0, 'PrefetchWrapPlugin': 0, 'EvaluationPlugin': 0, 'PeriodicEval': 0, 'Clock': 0}"
effectiveness_v3_20260918T064028Z_cbe2cbf1,dev/splitcifar100/plugin_loose/plugin_loose_splitcifar100_q320/0,plugin_loose_splitcifar100_q320,splitcifar100,0,9,training,"[{""name"": ""gem"", ""enabled"": true, ""inner"": ""SparseGEMPlugin"", ""before_backward"": 250, ""after_training_exp"": 1, ""gem_reference_samples"": 500, ""ewc_extra_forward_visits"": 112500, ""enabled_history"": [true]}, {""name"": ""ewc"", ""enabled"": true, ""inner"": ""EWCPlugin"", ""before_backward"": 250, ""after_training_exp"": 1, ""gem_reference_samples"": null, ""ewc_extra_forward_visits"": null, ""enabled_history"": [true]}]","{'SparseGEMPlugin': 6152000, 'EWCPlugin': 22045760, 'ReplayPlugin': 0, 'PrefetchWrapPlugin': 0, 'EvaluationPlugin': 0, 'PeriodicEval': 0, 'Clock': 0}"
effectiveness_v3_20260918T064650Z_7d7f8e57,dev/splitcifar100/l_cal/lcal_splitcifar100_q320_rep0/0,lcal_splitcifar100_q320_rep0,splitcifar100,0,0,training,[],"{'ReplayPlugin': 0, 'PrefetchWrapPlugin': 0, 'EvaluationPlugin': 0, 'PeriodicEval': 0, 'Clock': 0}"
effectiveness_v3_20260918T064650Z_7d7f8e57,dev/splitcifar100/l_cal/lcal_splitcifar100_q320_rep0/0,lcal_splitcifar100_q320_rep0,splitcifar100,0,1,training,[],"{'ReplayPlugin': 0, 'PrefetchWrapPlugin': 0, 'EvaluationPlugin': 0, 'PeriodicEval': 0, 'Clock': 0}"
effectiveness_v3_20260918T064650Z_7d7f8e57,dev/splitcifar100/l_cal/lcal_splitcifar100_q320_rep0/0,lcal_splitcifar100_q320_rep0,splitcifar100,0,2,training,[],"{'ReplayPlugin': 0, 'PrefetchWrapPlugin': 0, 'EvaluationPlugin': 0, 'PeriodicEval': 0, 'Clock': 0}"
effectiveness_v3_20260918T064650Z_7d7f8e57,dev/splitcifar100/l_cal/lcal_splitcifar100_q320_rep0/0,lcal_splitcifar100_q320_rep0,splitcifar100,0,3,training,[],"{'ReplayPlugin': 0, 'PrefetchWrapPlugin': 0, 'EvaluationPlugin': 0, 'PeriodicEval': 0, 'Clock': 0}"
effectiveness_v3_20260918T064650Z_7d7f8e57,dev/splitcifar100/l_cal/lcal_splitcifar100_q320_rep0/0,lcal_splitcifar100_q320_rep0,splitcifar100,0,4,training,[],"{'ReplayPlugin': 0, 'PrefetchWrapPlugin': 0, 'EvaluationPlugin': 0, 'PeriodicEval': 0, 'Clock': 0}"
effectiveness_v3_20260918T064650Z_7d7f8e57,dev/splitcifar100/l_cal/lcal_splitcifar100_q320_rep0/0,lcal_splitcifar100_q320_rep0,splitcifar100,0,5,training,[],"{'ReplayPlugin': 0, 'PrefetchWrapPlugin': 0, 'EvaluationPlugin': 0, 'PeriodicEval': 0, 'Clock': 0}"
effectiveness_v3_20260918T064650Z_7d7f8e57,dev/splitcifar100/l_cal/lcal_splitcifar100_q320_rep0/0,lcal_splitcifar100_q320_rep0,splitcifar100,0,6,training,[],"{'ReplayPlugin': 0, 'PrefetchWrapPlugin': 0, 'EvaluationPlugin': 0, 'PeriodicEval': 0, 'Clock': 0}"
effectiveness_v3_20260918T064650Z_7d7f8e57,dev/splitcifar100/l_cal/lcal_splitcifar100_q320_rep0/0,lcal_splitcifar100_q320_rep0,splitcifar100,0,7,training,[],"{'ReplayPlugin': 0, 'PrefetchWrapPlugin': 0, 'EvaluationPlugin': 0, 'PeriodicEval': 0, 'Clock': 0}"
effectiveness_v3_20260918T064650Z_7d7f8e57,dev/splitcifar100/l_cal/lcal_splitcifar100_q320_rep0/0,lcal_splitcifar100_q320_rep0,splitcifar100,0,8,training,[],"{'ReplayPlugin': 0, 'PrefetchWrapPlugin': 0, 'EvaluationPlugin': 0, 'PeriodicEval': 0, 'Clock': 0}"
effectiveness_v3_20260918T064650Z_7d7f8e57,dev/splitcifar100/l_cal/lcal_splitcifar100_q320_rep0/0,lcal_splitcifar100_q320_rep0,splitcifar100,0,9,training,[],"{'ReplayPlugin': 0, 'PrefetchWrapPlugin': 0, 'EvaluationPlugin': 0, 'PeriodicEval': 0, 'Clock': 0}"
effectiveness_v3_20260918T064813Z_08eabb50,dev/splitcifar100/l_cal/lcal_splitcifar100_q320_rep1/0,lcal_splitcifar100_q320_rep1,splitcifar100,0,0,training,[],"{'ReplayPlugin': 0, 'PrefetchWrapPlugin': 0, 'EvaluationPlugin': 0, 'PeriodicEval': 0, 'Clock': 0}"
effectiveness_v3_20260918T064813Z_08eabb50,dev/splitcifar100/l_cal/lcal_splitcifar100_q320_rep1/0,lcal_splitcifar100_q320_rep1,splitcifar100,0,1,training,[],"{'ReplayPlugin': 0, 'PrefetchWrapPlugin': 0, 'EvaluationPlugin': 0, 'PeriodicEval': 0, 'Clock': 0}"
effectiveness_v3_20260918T064813Z_08eabb50,dev/splitcifar100/l_cal/lcal_splitcifar100_q320_rep1/0,lcal_splitcifar100_q320_rep1,splitcifar100,0,2,training,[],"{'ReplayPlugin': 0, 'PrefetchWrapPlugin': 0, 'EvaluationPlugin': 0, 'PeriodicEval': 0, 'Clock': 0}"
effectiveness_v3_20260918T064813Z_08eabb50,dev/splitcifar100/l_cal/lcal_splitcifar100_q320_rep1/0,lcal_splitcifar100_q320_rep1,splitcifar100,0,3,training,[],"{'ReplayPlugin': 0, 'PrefetchWrapPlugin': 0, 'EvaluationPlugin': 0, 'PeriodicEval': 0, 'Clock': 0}"
effectiveness_v3_20260918T064813Z_08eabb50,dev/splitcifar100/l_cal/lcal_splitcifar100_q320_rep1/0,lcal_splitcifar100_q320_rep1,splitcifar100,0,4,training,[],"{'ReplayPlugin': 0, 'PrefetchWrapPlugin': 0, 'EvaluationPlugin': 0, 'PeriodicEval': 0, 'Clock': 0}"
effectiveness_v3_20260918T064813Z_08eabb50,dev/splitcifar100/l_cal/lcal_splitcifar100_q320_rep1/0,lcal_splitcifar100_q320_rep1,splitcifar100,0,5,training,[],"{'ReplayPlugin': 0, 'PrefetchWrapPlugin': 0, 'EvaluationPlugin': 0, 'PeriodicEval': 0, 'Clock': 0}"
effectiveness_v3_20260918T064813Z_08eabb50,dev/splitcifar100/l_cal/lcal_splitcifar100_q320_rep1/0,lcal_splitcifar100_q320_rep1,splitcifar100,0,6,training,[],"{'ReplayPlugin': 0, 'PrefetchWrapPlugin': 0, 'EvaluationPlugin': 0, 'PeriodicEval': 0, 'Clock': 0}"
effectiveness_v3_20260918T064813Z_08eabb50,dev/splitcifar100/l_cal/lcal_splitcifar100_q320_rep1/0,lcal_splitcifar100_q320_rep1,splitcifar100,0,7,training,[],"{'ReplayPlugin': 0, 'PrefetchWrapPlugin': 0, 'EvaluationPlugin': 0, 'PeriodicEval': 0, 'Clock': 0}"
effectiveness_v3_20260918T064813Z_08eabb50,dev/splitcifar100/l_cal/lcal_splitcifar100_q320_rep1/0,lcal_splitcifar100_q320_rep1,splitcifar100,0,8,training,[],"{'ReplayPlugin': 0, 'PrefetchWrapPlugin': 0, 'EvaluationPlugin': 0, 'PeriodicEval': 0, 'Clock': 0}"
effectiveness_v3_20260918T064813Z_08eabb50,dev/splitcifar100/l_cal/lcal_splitcifar100_q320_rep1/0,lcal_splitcifar100_q320_rep1,splitcifar100,0,9,training,[],"{'ReplayPlugin': 0, 'PrefetchWrapPlugin': 0, 'EvaluationPlugin': 0, 'PeriodicEval': 0, 'Clock': 0}"
effectiveness_v3_20260918T064943Z_874b24ea,dev/splitcifar100/static_search_tight/search_tight_splitcifar100_b16_r200_q160/0,search_tight_splitcifar100_b16_r200_q160,splitcifar100,0,0,training,[],"{'ReplayPlugin': 0, 'PrefetchWrapPlugin': 0, 'EvaluationPlugin': 0, 'PeriodicEval': 0, 'Clock': 0}"
effectiveness_v3_20260918T064943Z_874b24ea,dev/splitcifar100/static_search_tight/search_tight_splitcifar100_b16_r200_q160/0,search_tight_splitcifar100_b16_r200_q160,splitcifar100,0,1,training,[],"{'ReplayPlugin': 0, 'PrefetchWrapPlugin': 0, 'EvaluationPlugin': 0, 'PeriodicEval': 0, 'Clock': 0}"
effectiveness_v3_20260918T064943Z_874b24ea,dev/splitcifar100/static_search_tight/search_tight_splitcifar100_b16_r200_q160/0,search_tight_splitcifar100_b16_r200_q160,splitcifar100,0,2,training,[],"{'ReplayPlugin': 0, 'PrefetchWrapPlugin': 0, 'EvaluationPlugin': 0, 'PeriodicEval': 0, 'Clock': 0}"
effectiveness_v3_20260918T064943Z_874b24ea,dev/splitcifar100/static_search_tight/search_tight_splitcifar100_b16_r200_q160/0,search_tight_splitcifar100_b16_r200_q160,splitcifar100,0,3,training,[],"{'ReplayPlugin': 0, 'PrefetchWrapPlugin': 0, 'EvaluationPlugin': 0, 'PeriodicEval': 0, 'Clock': 0}"
effectiveness_v3_20260918T064943Z_874b24ea,dev/splitcifar100/static_search_tight/search_tight_splitcifar100_b16_r200_q160/0,search_tight_splitcifar100_b16_r200_q160,splitcifar100,0,4,training,[],"{'ReplayPlugin': 0, 'PrefetchWrapPlugin': 0, 'EvaluationPlugin': 0, 'PeriodicEval': 0, 'Clock': 0}"
effectiveness_v3_20260918T064943Z_874b24ea,dev/splitcifar100/static_search_tight/search_tight_splitcifar100_b16_r200_q160/0,search_tight_splitcifar100_b16_r200_q160,splitcifar100,0,5,training,[],"{'ReplayPlugin': 0, 'PrefetchWrapPlugin': 0, 'EvaluationPlugin': 0, 'PeriodicEval': 0, 'Clock': 0}"
effectiveness_v3_20260918T064943Z_874b24ea,dev/splitcifar100/static_search_tight/search_tight_splitcifar100_b16_r200_q160/0,search_tight_splitcifar100_b16_r200_q160,splitcifar100,0,6,training,[],"{'ReplayPlugin': 0, 'PrefetchWrapPlugin': 0, 'EvaluationPlugin': 0, 'PeriodicEval': 0, 'Clock': 0}"
effectiveness_v3_20260918T064943Z_874b24ea,dev/splitcifar100/static_search_tight/search_tight_splitcifar100_b16_r200_q160/0,search_tight_splitcifar100_b16_r200_q160,splitcifar100,0,7,training,[],"{'ReplayPlugin': 0, 'PrefetchWrapPlugin': 0, 'EvaluationPlugin': 0, 'PeriodicEval': 0, 'Clock': 0}"
effectiveness_v3_20260918T064943Z_874b24ea,dev/splitcifar100/static_search_tight/search_tight_splitcifar100_b16_r200_q160/0,search_tight_splitcifar100_b16_r200_q160,splitcifar100,0,8,training,[],"{'ReplayPlugin': 0, 'PrefetchWrapPlugin': 0, 'EvaluationPlugin': 0, 'PeriodicEval': 0, 'Clock': 0}"
effectiveness_v3_20260918T064943Z_874b24ea,dev/splitcifar100/static_search_tight/search_tight_splitcifar100_b16_r200_q160/0,search_tight_splitcifar100_b16_r200_q160,splitcifar100,0,9,training,[],"{'ReplayPlugin': 0, 'PrefetchWrapPlugin': 0, 'EvaluationPlugin': 0, 'PeriodicEval': 0, 'Clock': 0}"
effectiveness_v3_20260918T065109Z_f4622985,dev/splitcifar100/static_search_tight/search_tight_splitcifar100_b16_r2000_q160/0,search_tight_splitcifar100_b16_r2000_q160,splitcifar100,0,0,training,[],"{'ReplayPlugin': 0, 'PrefetchWrapPlugin': 0, 'EvaluationPlugin': 0, 'PeriodicEval': 0, 'Clock': 0}"
effectiveness_v3_20260918T065109Z_f4622985,dev/splitcifar100/static_search_tight/search_tight_splitcifar100_b16_r2000_q160/0,search_tight_splitcifar100_b16_r2000_q160,splitcifar100,0,1,training,[],"{'ReplayPlugin': 0, 'PrefetchWrapPlugin': 0, 'EvaluationPlugin': 0, 'PeriodicEval': 0, 'Clock': 0}"
effectiveness_v3_20260918T065109Z_f4622985,dev/splitcifar100/static_search_tight/search_tight_splitcifar100_b16_r2000_q160/0,search_tight_splitcifar100_b16_r2000_q160,splitcifar100,0,2,training,[],"{'ReplayPlugin': 0, 'PrefetchWrapPlugin': 0, 'EvaluationPlugin': 0, 'PeriodicEval': 0, 'Clock': 0}"
effectiveness_v3_20260918T065109Z_f4622985,dev/splitcifar100/static_search_tight/search_tight_splitcifar100_b16_r2000_q160/0,search_tight_splitcifar100_b16_r2000_q160,splitcifar100,0,3,training,[],"{'ReplayPlugin': 0, 'PrefetchWrapPlugin': 0, 'EvaluationPlugin': 0, 'PeriodicEval': 0, 'Clock': 0}"
effectiveness_v3_20260918T065109Z_f4622985,dev/splitcifar100/static_search_tight/search_tight_splitcifar100_b16_r2000_q160/0,search_tight_splitcifar100_b16_r2000_q160,splitcifar100,0,4,training,[],"{'ReplayPlugin': 0, 'PrefetchWrapPlugin': 0, 'EvaluationPlugin': 0, 'PeriodicEval': 0, 'Clock': 0}"
effectiveness_v3_20260918T065109Z_f4622985,dev/splitcifar100/static_search_tight/search_tight_splitcifar100_b16_r2000_q160/0,search_tight_splitcifar100_b16_r2000_q160,splitcifar100,0,5,training,[],"{'ReplayPlugin': 0, 'PrefetchWrapPlugin': 0, 'EvaluationPlugin': 0, 'PeriodicEval': 0, 'Clock': 0}"
effectiveness_v3_20260918T065109Z_f4622985,dev/splitcifar100/static_search_tight/search_tight_splitcifar100_b16_r2000_q160/0,search_tight_splitcifar100_b16_r2000_q160,splitcifar100,0,6,training,[],"{'ReplayPlugin': 0, 'PrefetchWrapPlugin': 0, 'EvaluationPlugin': 0, 'PeriodicEval': 0, 'Clock': 0}"
effectiveness_v3_20260918T065109Z_f4622985,dev/splitcifar100/static_search_tight/search_tight_splitcifar100_b16_r2000_q160/0,search_tight_splitcifar100_b16_r2000_q160,splitcifar100,0,7,training,[],"{'ReplayPlugin': 0, 'PrefetchWrapPlugin': 0, 'EvaluationPlugin': 0, 'PeriodicEval': 0, 'Clock': 0}"
effectiveness_v3_20260918T065109Z_f4622985,dev/splitcifar100/static_search_tight/search_tight_splitcifar100_b16_r2000_q160/0,search_tight_splitcifar100_b16_r2000_q160,splitcifar100,0,8,training,[],"{'ReplayPlugin': 0, 'PrefetchWrapPlugin': 0, 'EvaluationPlugin': 0, 'PeriodicEval': 0, 'Clock': 0}"
effectiveness_v3_20260918T065109Z_f4622985,dev/splitcifar100/static_search_tight/search_tight_splitcifar100_b16_r2000_q160/0,search_tight_splitcifar100_b16_r2000_q160,splitcifar100,0,9,training,[],"{'ReplayPlugin': 0, 'PrefetchWrapPlugin': 0, 'EvaluationPlugin': 0, 'PeriodicEval': 0, 'Clock': 0}"
effectiveness_v3_20260918T065316Z_09e88ab3,dev/splitcifar100/static_search_loose/search_loose_splitcifar100_b16_r200_q320/0,search_loose_splitcifar100_b16_r200_q320,splitcifar100,0,0,training,[],"{'ReplayPlugin': 0, 'PrefetchWrapPlugin': 0, 'EvaluationPlugin': 0, 'PeriodicEval': 0, 'Clock': 0}"
effectiveness_v3_20260918T065316Z_09e88ab3,dev/splitcifar100/static_search_loose/search_loose_splitcifar100_b16_r200_q320/0,search_loose_splitcifar100_b16_r200_q320,splitcifar100,0,1,training,[],"{'ReplayPlugin': 0, 'PrefetchWrapPlugin': 0, 'EvaluationPlugin': 0, 'PeriodicEval': 0, 'Clock': 0}"
effectiveness_v3_20260918T065316Z_09e88ab3,dev/splitcifar100/static_search_loose/search_loose_splitcifar100_b16_r200_q320/0,search_loose_splitcifar100_b16_r200_q320,splitcifar100,0,2,training,[],"{'ReplayPlugin': 0, 'PrefetchWrapPlugin': 0, 'EvaluationPlugin': 0, 'PeriodicEval': 0, 'Clock': 0}"
effectiveness_v3_20260918T065316Z_09e88ab3,dev/splitcifar100/static_search_loose/search_loose_splitcifar100_b16_r200_q320/0,search_loose_splitcifar100_b16_r200_q320,splitcifar100,0,3,training,[],"{'ReplayPlugin': 0, 'PrefetchWrapPlugin': 0, 'EvaluationPlugin': 0, 'PeriodicEval': 0, 'Clock': 0}"
effectiveness_v3_20260918T065316Z_09e88ab3,dev/splitcifar100/static_search_loose/search_loose_splitcifar100_b16_r200_q320/0,search_loose_splitcifar100_b16_r200_q320,splitcifar100,0,4,training,[],"{'ReplayPlugin': 0, 'PrefetchWrapPlugin': 0, 'EvaluationPlugin': 0, 'PeriodicEval': 0, 'Clock': 0}"
effectiveness_v3_20260918T065316Z_09e88ab3,dev/splitcifar100/static_search_loose/search_loose_splitcifar100_b16_r200_q320/0,search_loose_splitcifar100_b16_r200_q320,splitcifar100,0,5,training,[],"{'ReplayPlugin': 0, 'PrefetchWrapPlugin': 0, 'EvaluationPlugin': 0, 'PeriodicEval': 0, 'Clock': 0}"
effectiveness_v3_20260918T065316Z_09e88ab3,dev/splitcifar100/static_search_loose/search_loose_splitcifar100_b16_r200_q320/0,search_loose_splitcifar100_b16_r200_q320,splitcifar100,0,6,training,[],"{'ReplayPlugin': 0, 'PrefetchWrapPlugin': 0, 'EvaluationPlugin': 0, 'PeriodicEval': 0, 'Clock': 0}"
effectiveness_v3_20260918T065316Z_09e88ab3,dev/splitcifar100/static_search_loose/search_loose_splitcifar100_b16_r200_q320/0,search_loose_splitcifar100_b16_r200_q320,splitcifar100,0,7,training,[],"{'ReplayPlugin': 0, 'PrefetchWrapPlugin': 0, 'EvaluationPlugin': 0, 'PeriodicEval': 0, 'Clock': 0}"
effectiveness_v3_20260918T065316Z_09e88ab3,dev/splitcifar100/static_search_loose/search_loose_splitcifar100_b16_r200_q320/0,search_loose_splitcifar100_b16_r200_q320,splitcifar100,0,8,training,[],"{'ReplayPlugin': 0, 'PrefetchWrapPlugin': 0, 'EvaluationPlugin': 0, 'PeriodicEval': 0, 'Clock': 0}"
effectiveness_v3_20260918T065316Z_09e88ab3,dev/splitcifar100/static_search_loose/search_loose_splitcifar100_b16_r200_q320/0,search_loose_splitcifar100_b16_r200_q320,splitcifar100,0,9,training,[],"{'ReplayPlugin': 0, 'PrefetchWrapPlugin': 0, 'EvaluationPlugin': 0, 'PeriodicEval': 0, 'Clock': 0}"
effectiveness_v3_20260918T065440Z_b6aee39a,dev/splitcifar100/static_search_loose/search_loose_splitcifar100_b16_r2000_q320/0,search_loose_splitcifar100_b16_r2000_q320,splitcifar100,0,0,training,[],"{'ReplayPlugin': 0, 'PrefetchWrapPlugin': 0, 'EvaluationPlugin': 0, 'PeriodicEval': 0, 'Clock': 0}"
effectiveness_v3_20260918T065440Z_b6aee39a,dev/splitcifar100/static_search_loose/search_loose_splitcifar100_b16_r2000_q320/0,search_loose_splitcifar100_b16_r2000_q320,splitcifar100,0,1,training,[],"{'ReplayPlugin': 0, 'PrefetchWrapPlugin': 0, 'EvaluationPlugin': 0, 'PeriodicEval': 0, 'Clock': 0}"
effectiveness_v3_20260918T065440Z_b6aee39a,dev/splitcifar100/static_search_loose/search_loose_splitcifar100_b16_r2000_q320/0,search_loose_splitcifar100_b16_r2000_q320,splitcifar100,0,2,training,[],"{'ReplayPlugin': 0, 'PrefetchWrapPlugin': 0, 'EvaluationPlugin': 0, 'PeriodicEval': 0, 'Clock': 0}"
effectiveness_v3_20260918T065440Z_b6aee39a,dev/splitcifar100/static_search_loose/search_loose_splitcifar100_b16_r2000_q320/0,search_loose_splitcifar100_b16_r2000_q320,splitcifar100,0,3,training,[],"{'ReplayPlugin': 0, 'PrefetchWrapPlugin': 0, 'EvaluationPlugin': 0, 'PeriodicEval': 0, 'Clock': 0}"
effectiveness_v3_20260918T065440Z_b6aee39a,dev/splitcifar100/static_search_loose/search_loose_splitcifar100_b16_r2000_q320/0,search_loose_splitcifar100_b16_r2000_q320,splitcifar100,0,4,training,[],"{'ReplayPlugin': 0, 'PrefetchWrapPlugin': 0, 'EvaluationPlugin': 0, 'PeriodicEval': 0, 'Clock': 0}"
effectiveness_v3_20260918T065440Z_b6aee39a,dev/splitcifar100/static_search_loose/search_loose_splitcifar100_b16_r2000_q320/0,search_loose_splitcifar100_b16_r2000_q320,splitcifar100,0,5,training,[],"{'ReplayPlugin': 0, 'PrefetchWrapPlugin': 0, 'EvaluationPlugin': 0, 'PeriodicEval': 0, 'Clock': 0}"
effectiveness_v3_20260918T065440Z_b6aee39a,dev/splitcifar100/static_search_loose/search_loose_splitcifar100_b16_r2000_q320/0,search_loose_splitcifar100_b16_r2000_q320,splitcifar100,0,6,training,[],"{'ReplayPlugin': 0, 'PrefetchWrapPlugin': 0, 'EvaluationPlugin': 0, 'PeriodicEval': 0, 'Clock': 0}"
effectiveness_v3_20260918T065440Z_b6aee39a,dev/splitcifar100/static_search_loose/search_loose_splitcifar100_b16_r2000_q320/0,search_loose_splitcifar100_b16_r2000_q320,splitcifar100,0,7,training,[],"{'ReplayPlugin': 0, 'PrefetchWrapPlugin': 0, 'EvaluationPlugin': 0, 'PeriodicEval': 0, 'Clock': 0}"
effectiveness_v3_20260918T065440Z_b6aee39a,dev/splitcifar100/static_search_loose/search_loose_splitcifar100_b16_r2000_q320/0,search_loose_splitcifar100_b16_r2000_q320,splitcifar100,0,8,training,[],"{'ReplayPlugin': 0, 'PrefetchWrapPlugin': 0, 'EvaluationPlugin': 0, 'PeriodicEval': 0, 'Clock': 0}"
effectiveness_v3_20260918T065440Z_b6aee39a,dev/splitcifar100/static_search_loose/search_loose_splitcifar100_b16_r2000_q320/0,search_loose_splitcifar100_b16_r2000_q320,splitcifar100,0,9,training,[],"{'ReplayPlugin': 0, 'PrefetchWrapPlugin': 0, 'EvaluationPlugin': 0, 'PeriodicEval': 0, 'Clock': 0}"
effectiveness_v3_20260918T065602Z_2e52079b,dev/splitcifar100/static_search_loose/search_loose_splitcifar100_b64_r200_q320/0,search_loose_splitcifar100_b64_r200_q320,splitcifar100,0,0,training,[],"{'ReplayPlugin': 0, 'PrefetchWrapPlugin': 0, 'EvaluationPlugin': 0, 'PeriodicEval': 0, 'Clock': 0}"
effectiveness_v3_20260918T065602Z_2e52079b,dev/splitcifar100/static_search_loose/search_loose_splitcifar100_b64_r200_q320/0,search_loose_splitcifar100_b64_r200_q320,splitcifar100,0,1,training,[],"{'ReplayPlugin': 0, 'PrefetchWrapPlugin': 0, 'EvaluationPlugin': 0, 'PeriodicEval': 0, 'Clock': 0}"
effectiveness_v3_20260918T065602Z_2e52079b,dev/splitcifar100/static_search_loose/search_loose_splitcifar100_b64_r200_q320/0,search_loose_splitcifar100_b64_r200_q320,splitcifar100,0,2,training,[],"{'ReplayPlugin': 0, 'PrefetchWrapPlugin': 0, 'EvaluationPlugin': 0, 'PeriodicEval': 0, 'Clock': 0}"
effectiveness_v3_20260918T065602Z_2e52079b,dev/splitcifar100/static_search_loose/search_loose_splitcifar100_b64_r200_q320/0,search_loose_splitcifar100_b64_r200_q320,splitcifar100,0,3,training,[],"{'ReplayPlugin': 0, 'PrefetchWrapPlugin': 0, 'EvaluationPlugin': 0, 'PeriodicEval': 0, 'Clock': 0}"
effectiveness_v3_20260918T065602Z_2e52079b,dev/splitcifar100/static_search_loose/search_loose_splitcifar100_b64_r200_q320/0,search_loose_splitcifar100_b64_r200_q320,splitcifar100,0,4,training,[],"{'ReplayPlugin': 0, 'PrefetchWrapPlugin': 0, 'EvaluationPlugin': 0, 'PeriodicEval': 0, 'Clock': 0}"
effectiveness_v3_20260918T065602Z_2e52079b,dev/splitcifar100/static_search_loose/search_loose_splitcifar100_b64_r200_q320/0,search_loose_splitcifar100_b64_r200_q320,splitcifar100,0,5,training,[],"{'ReplayPlugin': 0, 'PrefetchWrapPlugin': 0, 'EvaluationPlugin': 0, 'PeriodicEval': 0, 'Clock': 0}"
effectiveness_v3_20260918T065602Z_2e52079b,dev/splitcifar100/static_search_loose/search_loose_splitcifar100_b64_r200_q320/0,search_loose_splitcifar100_b64_r200_q320,splitcifar100,0,6,training,[],"{'ReplayPlugin': 0, 'PrefetchWrapPlugin': 0, 'EvaluationPlugin': 0, 'PeriodicEval': 0, 'Clock': 0}"
effectiveness_v3_20260918T065602Z_2e52079b,dev/splitcifar100/static_search_loose/search_loose_splitcifar100_b64_r200_q320/0,search_loose_splitcifar100_b64_r200_q320,splitcifar100,0,7,training,[],"{'ReplayPlugin': 0, 'PrefetchWrapPlugin': 0, 'EvaluationPlugin': 0, 'PeriodicEval': 0, 'Clock': 0}"
effectiveness_v3_20260918T065602Z_2e52079b,dev/splitcifar100/static_search_loose/search_loose_splitcifar100_b64_r200_q320/0,search_loose_splitcifar100_b64_r200_q320,splitcifar100,0,8,training,[],"{'ReplayPlugin': 0, 'PrefetchWrapPlugin': 0, 'EvaluationPlugin': 0, 'PeriodicEval': 0, 'Clock': 0}"
effectiveness_v3_20260918T065602Z_2e52079b,dev/splitcifar100/static_search_loose/search_loose_splitcifar100_b64_r200_q320/0,search_loose_splitcifar100_b64_r200_q320,splitcifar100,0,9,training,[],"{'ReplayPlugin': 0, 'PrefetchWrapPlugin': 0, 'EvaluationPlugin': 0, 'PeriodicEval': 0, 'Clock': 0}"
effectiveness_v3_20260918T065647Z_f82fb9c8,dev/splitcifar100/static_search_loose/search_loose_splitcifar100_b64_r2000_q320/0,search_loose_splitcifar100_b64_r2000_q320,splitcifar100,0,0,training,[],"{'ReplayPlugin': 0, 'PrefetchWrapPlugin': 0, 'EvaluationPlugin': 0, 'PeriodicEval': 0, 'Clock': 0}"
effectiveness_v3_20260918T065647Z_f82fb9c8,dev/splitcifar100/static_search_loose/search_loose_splitcifar100_b64_r2000_q320/0,search_loose_splitcifar100_b64_r2000_q320,splitcifar100,0,1,training,[],"{'ReplayPlugin': 0, 'PrefetchWrapPlugin': 0, 'EvaluationPlugin': 0, 'PeriodicEval': 0, 'Clock': 0}"
effectiveness_v3_20260918T065647Z_f82fb9c8,dev/splitcifar100/static_search_loose/search_loose_splitcifar100_b64_r2000_q320/0,search_loose_splitcifar100_b64_r2000_q320,splitcifar100,0,2,training,[],"{'ReplayPlugin': 0, 'PrefetchWrapPlugin': 0, 'EvaluationPlugin': 0, 'PeriodicEval': 0, 'Clock': 0}"
effectiveness_v3_20260918T065647Z_f82fb9c8,dev/splitcifar100/static_search_loose/search_loose_splitcifar100_b64_r2000_q320/0,search_loose_splitcifar100_b64_r2000_q320,splitcifar100,0,3,training,[],"{'ReplayPlugin': 0, 'PrefetchWrapPlugin': 0, 'EvaluationPlugin': 0, 'PeriodicEval': 0, 'Clock': 0}"
effectiveness_v3_20260918T065647Z_f82fb9c8,dev/splitcifar100/static_search_loose/search_loose_splitcifar100_b64_r2000_q320/0,search_loose_splitcifar100_b64_r2000_q320,splitcifar100,0,4,training,[],"{'ReplayPlugin': 0, 'PrefetchWrapPlugin': 0, 'EvaluationPlugin': 0, 'PeriodicEval': 0, 'Clock': 0}"
effectiveness_v3_20260918T065647Z_f82fb9c8,dev/splitcifar100/static_search_loose/search_loose_splitcifar100_b64_r2000_q320/0,search_loose_splitcifar100_b64_r2000_q320,splitcifar100,0,5,training,[],"{'ReplayPlugin': 0, 'PrefetchWrapPlugin': 0, 'EvaluationPlugin': 0, 'PeriodicEval': 0, 'Clock': 0}"
effectiveness_v3_20260918T065647Z_f82fb9c8,dev/splitcifar100/static_search_loose/search_loose_splitcifar100_b64_r2000_q320/0,search_loose_splitcifar100_b64_r2000_q320,splitcifar100,0,6,training,[],"{'ReplayPlugin': 0, 'PrefetchWrapPlugin': 0, 'EvaluationPlugin': 0, 'PeriodicEval': 0, 'Clock': 0}"
effectiveness_v3_20260918T065647Z_f82fb9c8,dev/splitcifar100/static_search_loose/search_loose_splitcifar100_b64_r2000_q320/0,search_loose_splitcifar100_b64_r2000_q320,splitcifar100,0,7,training,[],"{'ReplayPlugin': 0, 'PrefetchWrapPlugin': 0, 'EvaluationPlugin': 0, 'PeriodicEval': 0, 'Clock': 0}"
effectiveness_v3_20260918T065647Z_f82fb9c8,dev/splitcifar100/static_search_loose/search_loose_splitcifar100_b64_r2000_q320/0,search_loose_splitcifar100_b64_r2000_q320,splitcifar100,0,8,training,[],"{'ReplayPlugin': 0, 'PrefetchWrapPlugin': 0, 'EvaluationPlugin': 0, 'PeriodicEval': 0, 'Clock': 0}"
effectiveness_v3_20260918T065647Z_f82fb9c8,dev/splitcifar100/static_search_loose/search_loose_splitcifar100_b64_r2000_q320/0,search_loose_splitcifar100_b64_r2000_q320,splitcifar100,0,9,training,[],"{'ReplayPlugin': 0, 'PrefetchWrapPlugin': 0, 'EvaluationPlugin': 0, 'PeriodicEval': 0, 'Clock': 0}"
effectiveness_v3_20260918T065758Z_923243ad,dev/core50_nc/control_2x2/control_core50_nc_O00_q160/0,control_core50_nc_O00_q160,core50_nc,0,0,training,"[{""name"": ""gem"", ""enabled"": false, ""inner"": ""SparseGEMPlugin"", ""before_backward"": 0, ""after_training_exp"": 0, ""gem_reference_samples"": 0, ""ewc_extra_forward_visits"": 0, ""enabled_history"": [false]}, {""name"": ""ewc"", ""enabled"": false, ""inner"": ""EWCPlugin"", ""before_backward"": 0, ""after_training_exp"": 0, ""gem_reference_samples"": null, ""ewc_extra_forward_visits"": null, ""enabled_history"": [false]}]","{'SparseGEMPlugin': 0, 'EWCPlugin': 0, 'ReplayPlugin': 0, 'PrefetchWrapPlugin': 0, 'EvaluationPlugin': 0, 'PeriodicEval': 0, 'Clock': 0}"
effectiveness_v3_20260918T065758Z_923243ad,dev/core50_nc/control_2x2/control_core50_nc_O00_q160/0,control_core50_nc_O00_q160,core50_nc,0,1,training,"[{""name"": ""gem"", ""enabled"": true, ""inner"": ""SparseGEMPlugin"", ""before_backward"": 619, ""after_training_exp"": 1, ""gem_reference_samples"": 50, ""ewc_extra_forward_visits"": 0, ""enabled_history"": [true]}, {""name"": ""ewc"", ""enabled"": true, ""inner"": ""EWCPlugin"", ""before_backward"": 619, ""after_training_exp"": 1, ""gem_reference_samples"": null, ""ewc_extra_forward_visits"": null, ""enabled_history"": [true]}]","{'SparseGEMPlugin': 615200, 'EWCPlugin': 2178576, 'ReplayPlugin': 0, 'PrefetchWrapPlugin': 0, 'EvaluationPlugin': 0, 'PeriodicEval': 0, 'Clock': 0}"
effectiveness_v3_20260918T065908Z_f6fddf5b,dev/core50_nc/control_2x2/control_core50_nc_O10_q160/0,control_core50_nc_O10_q160,core50_nc,0,0,training,"[{""name"": ""gem"", ""enabled"": false, ""inner"": ""SparseGEMPlugin"", ""before_backward"": 0, ""after_training_exp"": 0, ""gem_reference_samples"": 0, ""ewc_extra_forward_visits"": 0, ""enabled_history"": [false]}, {""name"": ""ewc"", ""enabled"": false, ""inner"": ""EWCPlugin"", ""before_backward"": 0, ""after_training_exp"": 0, ""gem_reference_samples"": null, ""ewc_extra_forward_visits"": null, ""enabled_history"": [false]}]","{'SparseGEMPlugin': 0, 'EWCPlugin': 0, 'ReplayPlugin': 0, 'PrefetchWrapPlugin': 0, 'EvaluationPlugin': 0, 'PeriodicEval': 0, 'Clock': 0}"
effectiveness_v3_20260918T065908Z_f6fddf5b,dev/core50_nc/control_2x2/control_core50_nc_O10_q160/0,control_core50_nc_O10_q160,core50_nc,0,1,training,"[{""name"": ""gem"", ""enabled"": true, ""inner"": ""SparseGEMPlugin"", ""before_backward"": 619, ""after_training_exp"": 1, ""gem_reference_samples"": 50, ""ewc_extra_forward_visits"": 0, ""enabled_history"": [true]}, {""name"": ""ewc"", ""enabled"": true, ""inner"": ""EWCPlugin"", ""before_backward"": 619, ""after_training_exp"": 1, ""gem_reference_samples"": null, ""ewc_extra_forward_visits"": null, ""enabled_history"": [true]}]","{'SparseGEMPlugin': 615200, 'EWCPlugin': 2178576, 'ReplayPlugin': 0, 'PrefetchWrapPlugin': 0, 'EvaluationPlugin': 0, 'PeriodicEval': 0, 'Clock': 0}"
effectiveness_v3_20260918T070016Z_313ede76,dev/core50_nc/control_2x2/control_core50_nc_O01_q160/0,control_core50_nc_O01_q160,core50_nc,0,0,training,"[{""name"": ""gem"", ""enabled"": false, ""inner"": ""SparseGEMPlugin"", ""before_backward"": 0, ""after_training_exp"": 0, ""gem_reference_samples"": 0, ""ewc_extra_forward_visits"": 0, ""enabled_history"": [false]}, {""name"": ""ewc"", ""enabled"": false, ""inner"": ""EWCPlugin"", ""before_backward"": 0, ""after_training_exp"": 0, ""gem_reference_samples"": null, ""ewc_extra_forward_visits"": null, ""enabled_history"": [false]}]","{'SparseGEMPlugin': 0, 'EWCPlugin': 0, 'ReplayPlugin': 0, 'PrefetchWrapPlugin': 0, 'EvaluationPlugin': 0, 'PeriodicEval': 0, 'Clock': 0}"
effectiveness_v3_20260918T070016Z_313ede76,dev/core50_nc/control_2x2/control_core50_nc_O01_q160/0,control_core50_nc_O01_q160,core50_nc,0,1,training,"[{""name"": ""gem"", ""enabled"": true, ""inner"": ""SparseGEMPlugin"", ""before_backward"": 619, ""after_training_exp"": 1, ""gem_reference_samples"": 50, ""ewc_extra_forward_visits"": 0, ""enabled_history"": [true]}, {""name"": ""ewc"", ""enabled"": true, ""inner"": ""EWCPlugin"", ""before_backward"": 619, ""after_training_exp"": 1, ""gem_reference_samples"": null, ""ewc_extra_forward_visits"": null, ""enabled_history"": [true]}]","{'SparseGEMPlugin': 615200, 'EWCPlugin': 2178576, 'ReplayPlugin': 0, 'PrefetchWrapPlugin': 0, 'EvaluationPlugin': 0, 'PeriodicEval': 0, 'Clock': 0}"
effectiveness_v3_20260918T070126Z_72e2b9e8,dev/core50_nc/control_2x2/control_core50_nc_O11_q160/0,control_core50_nc_O11_q160,core50_nc,0,0,training,"[{""name"": ""gem"", ""enabled"": false, ""inner"": ""SparseGEMPlugin"", ""before_backward"": 0, ""after_training_exp"": 0, ""gem_reference_samples"": 0, ""ewc_extra_forward_visits"": 0, ""enabled_history"": [false]}, {""name"": ""ewc"", ""enabled"": false, ""inner"": ""EWCPlugin"", ""before_backward"": 0, ""after_training_exp"": 0, ""gem_reference_samples"": null, ""ewc_extra_forward_visits"": null, ""enabled_history"": [false]}]","{'SparseGEMPlugin': 0, 'EWCPlugin': 0, 'ReplayPlugin': 0, 'PrefetchWrapPlugin': 0, 'EvaluationPlugin': 0, 'PeriodicEval': 0, 'Clock': 0}"
effectiveness_v3_20260918T070126Z_72e2b9e8,dev/core50_nc/control_2x2/control_core50_nc_O11_q160/0,control_core50_nc_O11_q160,core50_nc,0,1,training,"[{""name"": ""gem"", ""enabled"": true, ""inner"": ""SparseGEMPlugin"", ""before_backward"": 619, ""after_training_exp"": 1, ""gem_reference_samples"": 50, ""ewc_extra_forward_visits"": 0, ""enabled_history"": [true]}, {""name"": ""ewc"", ""enabled"": true, ""inner"": ""EWCPlugin"", ""before_backward"": 619, ""after_training_exp"": 1, ""gem_reference_samples"": null, ""ewc_extra_forward_visits"": null, ""enabled_history"": [true]}]","{'SparseGEMPlugin': 615200, 'EWCPlugin': 2178576, 'ReplayPlugin': 0, 'PrefetchWrapPlugin': 0, 'EvaluationPlugin': 0, 'PeriodicEval': 0, 'Clock': 0}"
effectiveness_v3_20260918T070247Z_4f265e8f,dev/splitcifar100/control_2x2/control_splitcifar100_O00_q160/0,control_splitcifar100_O00_q160,splitcifar100,0,0,training,"[{""name"": ""gem"", ""enabled"": false, ""inner"": ""SparseGEMPlugin"", ""before_backward"": 0, ""after_training_exp"": 0, ""gem_reference_samples"": 0, ""ewc_extra_forward_visits"": 0, ""enabled_history"": [false]}, {""name"": ""ewc"", ""enabled"": false, ""inner"": ""EWCPlugin"", ""before_backward"": 0, ""after_training_exp"": 0, ""gem_reference_samples"": null, ""ewc_extra_forward_visits"": null, ""enabled_history"": [false]}]","{'SparseGEMPlugin': 0, 'EWCPlugin': 0, 'ReplayPlugin': 0, 'PrefetchWrapPlugin': 0, 'EvaluationPlugin': 0, 'PeriodicEval': 0, 'Clock': 0}"
effectiveness_v3_20260918T070247Z_4f265e8f,dev/splitcifar100/control_2x2/control_splitcifar100_O00_q160/0,control_splitcifar100_O00_q160,splitcifar100,0,1,training,"[{""name"": ""gem"", ""enabled"": false, ""inner"": ""SparseGEMPlugin"", ""before_backward"": 0, ""after_training_exp"": 0, ""gem_reference_samples"": 0, ""ewc_extra_forward_visits"": 0, ""enabled_history"": [false]}, {""name"": ""ewc"", ""enabled"": false, ""inner"": ""EWCPlugin"", ""before_backward"": 0, ""after_training_exp"": 0, ""gem_reference_samples"": null, ""ewc_extra_forward_visits"": null, ""enabled_history"": [false]}]","{'SparseGEMPlugin': 0, 'EWCPlugin': 0, 'ReplayPlugin': 0, 'PrefetchWrapPlugin': 0, 'EvaluationPlugin': 0, 'PeriodicEval': 0, 'Clock': 0}"
effectiveness_v3_20260918T070247Z_4f265e8f,dev/splitcifar100/control_2x2/control_splitcifar100_O00_q160/0,control_splitcifar100_O00_q160,splitcifar100,0,2,training,"[{""name"": ""gem"", ""enabled"": false, ""inner"": ""SparseGEMPlugin"", ""before_backward"": 0, ""after_training_exp"": 0, ""gem_reference_samples"": 0, ""ewc_extra_forward_visits"": 0, ""enabled_history"": [false]}, {""name"": ""ewc"", ""enabled"": false, ""inner"": ""EWCPlugin"", ""before_backward"": 0, ""after_training_exp"": 0, ""gem_reference_samples"": null, ""ewc_extra_forward_visits"": null, ""enabled_history"": [false]}]","{'SparseGEMPlugin': 0, 'EWCPlugin': 0, 'ReplayPlugin': 0, 'PrefetchWrapPlugin': 0, 'EvaluationPlugin': 0, 'PeriodicEval': 0, 'Clock': 0}"
effectiveness_v3_20260918T070247Z_4f265e8f,dev/splitcifar100/control_2x2/control_splitcifar100_O00_q160/0,control_splitcifar100_O00_q160,splitcifar100,0,3,training,"[{""name"": ""gem"", ""enabled"": false, ""inner"": ""SparseGEMPlugin"", ""before_backward"": 0, ""after_training_exp"": 0, ""gem_reference_samples"": 0, ""ewc_extra_forward_visits"": 0, ""enabled_history"": [false]}, {""name"": ""ewc"", ""enabled"": false, ""inner"": ""EWCPlugin"", ""before_backward"": 0, ""after_training_exp"": 0, ""gem_reference_samples"": null, ""ewc_extra_forward_visits"": null, ""enabled_history"": [false]}]","{'SparseGEMPlugin': 0, 'EWCPlugin': 0, 'ReplayPlugin': 0, 'PrefetchWrapPlugin': 0, 'EvaluationPlugin': 0, 'PeriodicEval': 0, 'Clock': 0}"
effectiveness_v3_20260918T070247Z_4f265e8f,dev/splitcifar100/control_2x2/control_splitcifar100_O00_q160/0,control_splitcifar100_O00_q160,splitcifar100,0,4,training,"[{""name"": ""gem"", ""enabled"": false, ""inner"": ""SparseGEMPlugin"", ""before_backward"": 0, ""after_training_exp"": 0, ""gem_reference_samples"": 0, ""ewc_extra_forward_visits"": 0, ""enabled_history"": [false]}, {""name"": ""ewc"", ""enabled"": false, ""inner"": ""EWCPlugin"", ""before_backward"": 0, ""after_training_exp"": 0, ""gem_reference_samples"": null, ""ewc_extra_forward_visits"": null, ""enabled_history"": [false]}]","{'SparseGEMPlugin': 0, 'EWCPlugin': 0, 'ReplayPlugin': 0, 'PrefetchWrapPlugin': 0, 'EvaluationPlugin': 0, 'PeriodicEval': 0, 'Clock': 0}"
effectiveness_v3_20260918T070247Z_4f265e8f,dev/splitcifar100/control_2x2/control_splitcifar100_O00_q160/0,control_splitcifar100_O00_q160,splitcifar100,0,5,training,"[{""name"": ""gem"", ""enabled"": false, ""inner"": ""SparseGEMPlugin"", ""before_backward"": 0, ""after_training_exp"": 0, ""gem_reference_samples"": 0, ""ewc_extra_forward_visits"": 0, ""enabled_history"": [false]}, {""name"": ""ewc"", ""enabled"": false, ""inner"": ""EWCPlugin"", ""before_backward"": 0, ""after_training_exp"": 0, ""gem_reference_samples"": null, ""ewc_extra_forward_visits"": null, ""enabled_history"": [false]}]","{'SparseGEMPlugin': 0, 'EWCPlugin': 0, 'ReplayPlugin': 0, 'PrefetchWrapPlugin': 0, 'EvaluationPlugin': 0, 'PeriodicEval': 0, 'Clock': 0}"
effectiveness_v3_20260918T070247Z_4f265e8f,dev/splitcifar100/control_2x2/control_splitcifar100_O00_q160/0,control_splitcifar100_O00_q160,splitcifar100,0,6,training,"[{""name"": ""gem"", ""enabled"": false, ""inner"": ""SparseGEMPlugin"", ""before_backward"": 0, ""after_training_exp"": 0, ""gem_reference_samples"": 0, ""ewc_extra_forward_visits"": 0, ""enabled_history"": [false]}, {""name"": ""ewc"", ""enabled"": false, ""inner"": ""EWCPlugin"", ""before_backward"": 0, ""after_training_exp"": 0, ""gem_reference_samples"": null, ""ewc_extra_forward_visits"": null, ""enabled_history"": [false]}]","{'SparseGEMPlugin': 0, 'EWCPlugin': 0, 'ReplayPlugin': 0, 'PrefetchWrapPlugin': 0, 'EvaluationPlugin': 0, 'PeriodicEval': 0, 'Clock': 0}"
effectiveness_v3_20260918T070247Z_4f265e8f,dev/splitcifar100/control_2x2/control_splitcifar100_O00_q160/0,control_splitcifar100_O00_q160,splitcifar100,0,7,training,"[{""name"": ""gem"", ""enabled"": false, ""inner"": ""SparseGEMPlugin"", ""before_backward"": 0, ""after_training_exp"": 0, ""gem_reference_samples"": 0, ""ewc_extra_forward_visits"": 0, ""enabled_history"": [false]}, {""name"": ""ewc"", ""enabled"": false, ""inner"": ""EWCPlugin"", ""before_backward"": 0, ""after_training_exp"": 0, ""gem_reference_samples"": null, ""ewc_extra_forward_visits"": null, ""enabled_history"": [false]}]","{'SparseGEMPlugin': 0, 'EWCPlugin': 0, 'ReplayPlugin': 0, 'PrefetchWrapPlugin': 0, 'EvaluationPlugin': 0, 'PeriodicEval': 0, 'Clock': 0}"
effectiveness_v3_20260918T070247Z_4f265e8f,dev/splitcifar100/control_2x2/control_splitcifar100_O00_q160/0,control_splitcifar100_O00_q160,splitcifar100,0,8,training,"[{""name"": ""gem"", ""enabled"": false, ""inner"": ""SparseGEMPlugin"", ""before_backward"": 0, ""after_training_exp"": 0, ""gem_reference_samples"": 0, ""ewc_extra_forward_visits"": 0, ""enabled_history"": [false]}, {""name"": ""ewc"", ""enabled"": false, ""inner"": ""EWCPlugin"", ""before_backward"": 0, ""after_training_exp"": 0, ""gem_reference_samples"": null, ""ewc_extra_forward_visits"": null, ""enabled_history"": [false]}]","{'SparseGEMPlugin': 0, 'EWCPlugin': 0, 'ReplayPlugin': 0, 'PrefetchWrapPlugin': 0, 'EvaluationPlugin': 0, 'PeriodicEval': 0, 'Clock': 0}"
effectiveness_v3_20260918T070247Z_4f265e8f,dev/splitcifar100/control_2x2/control_splitcifar100_O00_q160/0,control_splitcifar100_O00_q160,splitcifar100,0,9,training,"[{""name"": ""gem"", ""enabled"": false, ""inner"": ""SparseGEMPlugin"", ""before_backward"": 0, ""after_training_exp"": 0, ""gem_reference_samples"": 0, ""ewc_extra_forward_visits"": 0, ""enabled_history"": [false]}, {""name"": ""ewc"", ""enabled"": false, ""inner"": ""EWCPlugin"", ""before_backward"": 0, ""after_training_exp"": 0, ""gem_reference_samples"": null, ""ewc_extra_forward_visits"": null, ""enabled_history"": [false]}]","{'SparseGEMPlugin': 0, 'EWCPlugin': 0, 'ReplayPlugin': 0, 'PrefetchWrapPlugin': 0, 'EvaluationPlugin': 0, 'PeriodicEval': 0, 'Clock': 0}"
effectiveness_v3_20260918T070414Z_84ac12b9,dev/splitcifar100/control_2x2/control_splitcifar100_O10_q160/0,control_splitcifar100_O10_q160,splitcifar100,0,0,training,"[{""name"": ""gem"", ""enabled"": false, ""inner"": ""SparseGEMPlugin"", ""before_backward"": 0, ""after_training_exp"": 0, ""gem_reference_samples"": 0, ""ewc_extra_forward_visits"": 0, ""enabled_history"": [false]}, {""name"": ""ewc"", ""enabled"": false, ""inner"": ""EWCPlugin"", ""before_backward"": 0, ""after_training_exp"": 0, ""gem_reference_samples"": null, ""ewc_extra_forward_visits"": null, ""enabled_history"": [false]}]","{'SparseGEMPlugin': 0, 'EWCPlugin': 0, 'ReplayPlugin': 0, 'PrefetchWrapPlugin': 0, 'EvaluationPlugin': 0, 'PeriodicEval': 0, 'Clock': 0}"
effectiveness_v3_20260918T070414Z_84ac12b9,dev/splitcifar100/control_2x2/control_splitcifar100_O10_q160/0,control_splitcifar100_O10_q160,splitcifar100,0,1,training,"[{""name"": ""gem"", ""enabled"": true, ""inner"": ""SparseGEMPlugin"", ""before_backward"": 250, ""after_training_exp"": 1, ""gem_reference_samples"": 50, ""ewc_extra_forward_visits"": 0, ""enabled_history"": [true]}, {""name"": ""ewc"", ""enabled"": true, ""inner"": ""EWCPlugin"", ""before_backward"": 250, ""after_training_exp"": 1, ""gem_reference_samples"": null, ""ewc_extra_forward_visits"": null, ""enabled_history"": [true]}]","{'SparseGEMPlugin': 615200, 'EWCPlugin': 2204576, 'ReplayPlugin': 0, 'PrefetchWrapPlugin': 0, 'EvaluationPlugin': 0, 'PeriodicEval': 0, 'Clock': 0}"
effectiveness_v3_20260918T070441Z_f953b85a,dev/splitcifar100/control_2x2/control_splitcifar100_O01_q160/0,control_splitcifar100_O01_q160,splitcifar100,0,0,training,"[{""name"": ""gem"", ""enabled"": false, ""inner"": ""SparseGEMPlugin"", ""before_backward"": 0, ""after_training_exp"": 0, ""gem_reference_samples"": 0, ""ewc_extra_forward_visits"": 0, ""enabled_history"": [false]}, {""name"": ""ewc"", ""enabled"": false, ""inner"": ""EWCPlugin"", ""before_backward"": 0, ""after_training_exp"": 0, ""gem_reference_samples"": null, ""ewc_extra_forward_visits"": null, ""enabled_history"": [false]}]","{'SparseGEMPlugin': 0, 'EWCPlugin': 0, 'ReplayPlugin': 0, 'PrefetchWrapPlugin': 0, 'EvaluationPlugin': 0, 'PeriodicEval': 0, 'Clock': 0}"
effectiveness_v3_20260918T070441Z_f953b85a,dev/splitcifar100/control_2x2/control_splitcifar100_O01_q160/0,control_splitcifar100_O01_q160,splitcifar100,0,1,training,"[{""name"": ""gem"", ""enabled"": false, ""inner"": ""SparseGEMPlugin"", ""before_backward"": 0, ""after_training_exp"": 0, ""gem_reference_samples"": 0, ""ewc_extra_forward_visits"": 0, ""enabled_history"": [false]}, {""name"": ""ewc"", ""enabled"": false, ""inner"": ""EWCPlugin"", ""before_backward"": 0, ""after_training_exp"": 0, ""gem_reference_samples"": null, ""ewc_extra_forward_visits"": null, ""enabled_history"": [false]}]","{'SparseGEMPlugin': 0, 'EWCPlugin': 0, 'ReplayPlugin': 0, 'PrefetchWrapPlugin': 0, 'EvaluationPlugin': 0, 'PeriodicEval': 0, 'Clock': 0}"
effectiveness_v3_20260918T070441Z_f953b85a,dev/splitcifar100/control_2x2/control_splitcifar100_O01_q160/0,control_splitcifar100_O01_q160,splitcifar100,0,2,training,"[{""name"": ""gem"", ""enabled"": false, ""inner"": ""SparseGEMPlugin"", ""before_backward"": 0, ""after_training_exp"": 0, ""gem_reference_samples"": 0, ""ewc_extra_forward_visits"": 0, ""enabled_history"": [false]}, {""name"": ""ewc"", ""enabled"": false, ""inner"": ""EWCPlugin"", ""before_backward"": 0, ""after_training_exp"": 0, ""gem_reference_samples"": null, ""ewc_extra_forward_visits"": null, ""enabled_history"": [false]}]","{'SparseGEMPlugin': 0, 'EWCPlugin': 0, 'ReplayPlugin': 0, 'PrefetchWrapPlugin': 0, 'EvaluationPlugin': 0, 'PeriodicEval': 0, 'Clock': 0}"
effectiveness_v3_20260918T070441Z_f953b85a,dev/splitcifar100/control_2x2/control_splitcifar100_O01_q160/0,control_splitcifar100_O01_q160,splitcifar100,0,3,training,"[{""name"": ""gem"", ""enabled"": false, ""inner"": ""SparseGEMPlugin"", ""before_backward"": 0, ""after_training_exp"": 0, ""gem_reference_samples"": 0, ""ewc_extra_forward_visits"": 0, ""enabled_history"": [false]}, {""name"": ""ewc"", ""enabled"": false, ""inner"": ""EWCPlugin"", ""before_backward"": 0, ""after_training_exp"": 0, ""gem_reference_samples"": null, ""ewc_extra_forward_visits"": null, ""enabled_history"": [false]}]","{'SparseGEMPlugin': 0, 'EWCPlugin': 0, 'ReplayPlugin': 0, 'PrefetchWrapPlugin': 0, 'EvaluationPlugin': 0, 'PeriodicEval': 0, 'Clock': 0}"
effectiveness_v3_20260918T070441Z_f953b85a,dev/splitcifar100/control_2x2/control_splitcifar100_O01_q160/0,control_splitcifar100_O01_q160,splitcifar100,0,4,training,"[{""name"": ""gem"", ""enabled"": false, ""inner"": ""SparseGEMPlugin"", ""before_backward"": 0, ""after_training_exp"": 0, ""gem_reference_samples"": 0, ""ewc_extra_forward_visits"": 0, ""enabled_history"": [false]}, {""name"": ""ewc"", ""enabled"": false, ""inner"": ""EWCPlugin"", ""before_backward"": 0, ""after_training_exp"": 0, ""gem_reference_samples"": null, ""ewc_extra_forward_visits"": null, ""enabled_history"": [false]}]","{'SparseGEMPlugin': 0, 'EWCPlugin': 0, 'ReplayPlugin': 0, 'PrefetchWrapPlugin': 0, 'EvaluationPlugin': 0, 'PeriodicEval': 0, 'Clock': 0}"
effectiveness_v3_20260918T070441Z_f953b85a,dev/splitcifar100/control_2x2/control_splitcifar100_O01_q160/0,control_splitcifar100_O01_q160,splitcifar100,0,5,training,"[{""name"": ""gem"", ""enabled"": false, ""inner"": ""SparseGEMPlugin"", ""before_backward"": 0, ""after_training_exp"": 0, ""gem_reference_samples"": 0, ""ewc_extra_forward_visits"": 0, ""enabled_history"": [false]}, {""name"": ""ewc"", ""enabled"": false, ""inner"": ""EWCPlugin"", ""before_backward"": 0, ""after_training_exp"": 0, ""gem_reference_samples"": null, ""ewc_extra_forward_visits"": null, ""enabled_history"": [false]}]","{'SparseGEMPlugin': 0, 'EWCPlugin': 0, 'ReplayPlugin': 0, 'PrefetchWrapPlugin': 0, 'EvaluationPlugin': 0, 'PeriodicEval': 0, 'Clock': 0}"
effectiveness_v3_20260918T070441Z_f953b85a,dev/splitcifar100/control_2x2/control_splitcifar100_O01_q160/0,control_splitcifar100_O01_q160,splitcifar100,0,6,training,"[{""name"": ""gem"", ""enabled"": false, ""inner"": ""SparseGEMPlugin"", ""before_backward"": 0, ""after_training_exp"": 0, ""gem_reference_samples"": 0, ""ewc_extra_forward_visits"": 0, ""enabled_history"": [false]}, {""name"": ""ewc"", ""enabled"": false, ""inner"": ""EWCPlugin"", ""before_backward"": 0, ""after_training_exp"": 0, ""gem_reference_samples"": null, ""ewc_extra_forward_visits"": null, ""enabled_history"": [false]}]","{'SparseGEMPlugin': 0, 'EWCPlugin': 0, 'ReplayPlugin': 0, 'PrefetchWrapPlugin': 0, 'EvaluationPlugin': 0, 'PeriodicEval': 0, 'Clock': 0}"
effectiveness_v3_20260918T070441Z_f953b85a,dev/splitcifar100/control_2x2/control_splitcifar100_O01_q160/0,control_splitcifar100_O01_q160,splitcifar100,0,7,training,"[{""name"": ""gem"", ""enabled"": false, ""inner"": ""SparseGEMPlugin"", ""before_backward"": 0, ""after_training_exp"": 0, ""gem_reference_samples"": 0, ""ewc_extra_forward_visits"": 0, ""enabled_history"": [false]}, {""name"": ""ewc"", ""enabled"": false, ""inner"": ""EWCPlugin"", ""before_backward"": 0, ""after_training_exp"": 0, ""gem_reference_samples"": null, ""ewc_extra_forward_visits"": null, ""enabled_history"": [false]}]","{'SparseGEMPlugin': 0, 'EWCPlugin': 0, 'ReplayPlugin': 0, 'PrefetchWrapPlugin': 0, 'EvaluationPlugin': 0, 'PeriodicEval': 0, 'Clock': 0}"
effectiveness_v3_20260918T070441Z_f953b85a,dev/splitcifar100/control_2x2/control_splitcifar100_O01_q160/0,control_splitcifar100_O01_q160,splitcifar100,0,8,training,"[{""name"": ""gem"", ""enabled"": false, ""inner"": ""SparseGEMPlugin"", ""before_backward"": 0, ""after_training_exp"": 0, ""gem_reference_samples"": 0, ""ewc_extra_forward_visits"": 0, ""enabled_history"": [false]}, {""name"": ""ewc"", ""enabled"": false, ""inner"": ""EWCPlugin"", ""before_backward"": 0, ""after_training_exp"": 0, ""gem_reference_samples"": null, ""ewc_extra_forward_visits"": null, ""enabled_history"": [false]}]","{'SparseGEMPlugin': 0, 'EWCPlugin': 0, 'ReplayPlugin': 0, 'PrefetchWrapPlugin': 0, 'EvaluationPlugin': 0, 'PeriodicEval': 0, 'Clock': 0}"
effectiveness_v3_20260918T070441Z_f953b85a,dev/splitcifar100/control_2x2/control_splitcifar100_O01_q160/0,control_splitcifar100_O01_q160,splitcifar100,0,9,training,"[{""name"": ""gem"", ""enabled"": false, ""inner"": ""SparseGEMPlugin"", ""before_backward"": 0, ""after_training_exp"": 0, ""gem_reference_samples"": 0, ""ewc_extra_forward_visits"": 0, ""enabled_history"": [false]}, {""name"": ""ewc"", ""enabled"": false, ""inner"": ""EWCPlugin"", ""before_backward"": 0, ""after_training_exp"": 0, ""gem_reference_samples"": null, ""ewc_extra_forward_visits"": null, ""enabled_history"": [false]}]","{'SparseGEMPlugin': 0, 'EWCPlugin': 0, 'ReplayPlugin': 0, 'PrefetchWrapPlugin': 0, 'EvaluationPlugin': 0, 'PeriodicEval': 0, 'Clock': 0}"
effectiveness_v3_20260918T070608Z_9a93c0ae,dev/splitcifar100/control_2x2/control_splitcifar100_O11_q160/0,control_splitcifar100_O11_q160,splitcifar100,0,0,training,"[{""name"": ""gem"", ""enabled"": false, ""inner"": ""SparseGEMPlugin"", ""before_backward"": 0, ""after_training_exp"": 0, ""gem_reference_samples"": 0, ""ewc_extra_forward_visits"": 0, ""enabled_history"": [false]}, {""name"": ""ewc"", ""enabled"": false, ""inner"": ""EWCPlugin"", ""before_backward"": 0, ""after_training_exp"": 0, ""gem_reference_samples"": null, ""ewc_extra_forward_visits"": null, ""enabled_history"": [false]}]","{'SparseGEMPlugin': 0, 'EWCPlugin': 0, 'ReplayPlugin': 0, 'PrefetchWrapPlugin': 0, 'EvaluationPlugin': 0, 'PeriodicEval': 0, 'Clock': 0}"
effectiveness_v3_20260918T070608Z_9a93c0ae,dev/splitcifar100/control_2x2/control_splitcifar100_O11_q160/0,control_splitcifar100_O11_q160,splitcifar100,0,1,training,"[{""name"": ""gem"", ""enabled"": true, ""inner"": ""SparseGEMPlugin"", ""before_backward"": 250, ""after_training_exp"": 1, ""gem_reference_samples"": 50, ""ewc_extra_forward_visits"": 0, ""enabled_history"": [true]}, {""name"": ""ewc"", ""enabled"": true, ""inner"": ""EWCPlugin"", ""before_backward"": 250, ""after_training_exp"": 1, ""gem_reference_samples"": null, ""ewc_extra_forward_visits"": null, ""enabled_history"": [true]}]","{'SparseGEMPlugin': 615200, 'EWCPlugin': 2204576, 'ReplayPlugin': 0, 'PrefetchWrapPlugin': 0, 'EvaluationPlugin': 0, 'PeriodicEval': 0, 'Clock': 0}"
effectiveness_v3_20260918T070643Z_ca7c2157,dev/core50_nc/dyn_reservation_probe/dyn_core50_nc_R4/0,dyn_core50_nc_R4,core50_nc,0,0,training,"[{""name"": ""gem"", ""enabled"": false, ""inner"": ""SparseGEMPlugin"", ""before_backward"": 0, ""after_training_exp"": 0, ""gem_reference_samples"": 0, ""ewc_extra_forward_visits"": 0, ""enabled_history"": [false]}, {""name"": ""ewc"", ""enabled"": false, ""inner"": ""EWCPlugin"", ""before_backward"": 0, ""after_training_exp"": 0, ""gem_reference_samples"": null, ""ewc_extra_forward_visits"": null, ""enabled_history"": [false]}]","{'SparseGEMPlugin': 0, 'EWCPlugin': 0, 'ReplayPlugin': 0, 'PrefetchWrapPlugin': 0, 'EvaluationPlugin': 0, 'PeriodicEval': 0, 'Clock': 0}"
effectiveness_v3_20260918T070643Z_ca7c2157,dev/core50_nc/dyn_reservation_probe/dyn_core50_nc_R4/0,dyn_core50_nc_R4,core50_nc,0,1,training,"[{""name"": ""gem"", ""enabled"": true, ""inner"": ""SparseGEMPlugin"", ""before_backward"": 619, ""after_training_exp"": 1, ""gem_reference_samples"": 50, ""ewc_extra_forward_visits"": 0, ""enabled_history"": [true]}, {""name"": ""ewc"", ""enabled"": true, ""inner"": ""EWCPlugin"", ""before_backward"": 619, ""after_training_exp"": 1, ""gem_reference_samples"": null, ""ewc_extra_forward_visits"": null, ""enabled_history"": [true]}]","{'SparseGEMPlugin': 615200, 'EWCPlugin': 2178576, 'ReplayPlugin': 0, 'PrefetchWrapPlugin': 0, 'EvaluationPlugin': 0, 'PeriodicEval': 0, 'Clock': 0}"
effectiveness_v3_20260918T070802Z_9e915627,dev/core50_nc/io_off/io_off_core50_nc/0,io_off_core50_nc,core50_nc,0,0,training,[],"{'ReplayPlugin': 0, 'PrefetchWrapPlugin': 0, 'EvaluationPlugin': 0, 'PeriodicEval': 0, 'Clock': 0}"
effectiveness_v3_20260918T070802Z_9e915627,dev/core50_nc/io_off/io_off_core50_nc/0,io_off_core50_nc,core50_nc,0,1,training,[],"{'ReplayPlugin': 0, 'PrefetchWrapPlugin': 0, 'EvaluationPlugin': 0, 'PeriodicEval': 0, 'Clock': 0}"
effectiveness_v3_20260918T070802Z_9e915627,dev/core50_nc/io_off/io_off_core50_nc/0,io_off_core50_nc,core50_nc,0,2,training,[],"{'ReplayPlugin': 0, 'PrefetchWrapPlugin': 0, 'EvaluationPlugin': 0, 'PeriodicEval': 0, 'Clock': 0}"
effectiveness_v3_20260918T070802Z_9e915627,dev/core50_nc/io_off/io_off_core50_nc/0,io_off_core50_nc,core50_nc,0,3,training,[],"{'ReplayPlugin': 0, 'PrefetchWrapPlugin': 0, 'EvaluationPlugin': 0, 'PeriodicEval': 0, 'Clock': 0}"
effectiveness_v3_20260918T070802Z_9e915627,dev/core50_nc/io_off/io_off_core50_nc/0,io_off_core50_nc,core50_nc,0,4,training,[],"{'ReplayPlugin': 0, 'PrefetchWrapPlugin': 0, 'EvaluationPlugin': 0, 'PeriodicEval': 0, 'Clock': 0}"
effectiveness_v3_20260918T070802Z_9e915627,dev/core50_nc/io_off/io_off_core50_nc/0,io_off_core50_nc,core50_nc,0,5,training,[],"{'ReplayPlugin': 0, 'PrefetchWrapPlugin': 0, 'EvaluationPlugin': 0, 'PeriodicEval': 0, 'Clock': 0}"
effectiveness_v3_20260918T070802Z_9e915627,dev/core50_nc/io_off/io_off_core50_nc/0,io_off_core50_nc,core50_nc,0,6,training,[],"{'ReplayPlugin': 0, 'PrefetchWrapPlugin': 0, 'EvaluationPlugin': 0, 'PeriodicEval': 0, 'Clock': 0}"
effectiveness_v3_20260918T070802Z_9e915627,dev/core50_nc/io_off/io_off_core50_nc/0,io_off_core50_nc,core50_nc,0,7,training,[],"{'ReplayPlugin': 0, 'PrefetchWrapPlugin': 0, 'EvaluationPlugin': 0, 'PeriodicEval': 0, 'Clock': 0}"
effectiveness_v3_20260918T070802Z_9e915627,dev/core50_nc/io_off/io_off_core50_nc/0,io_off_core50_nc,core50_nc,0,8,training,[],"{'ReplayPlugin': 0, 'PrefetchWrapPlugin': 0, 'EvaluationPlugin': 0, 'PeriodicEval': 0, 'Clock': 0}"
effectiveness_v3_20260918T071131Z_f68f3c56,dev/core50_nc/io_on/io_on_core50_nc/0,io_on_core50_nc,core50_nc,0,0,training,[],"{'ReplayPlugin': 0, 'PrefetchWrapPlugin': 0, 'EvaluationPlugin': 0, 'PeriodicEval': 0, 'Clock': 0}"
effectiveness_v3_20260918T071131Z_f68f3c56,dev/core50_nc/io_on/io_on_core50_nc/0,io_on_core50_nc,core50_nc,0,1,training,[],"{'ReplayPlugin': 0, 'PrefetchWrapPlugin': 0, 'EvaluationPlugin': 0, 'PeriodicEval': 0, 'Clock': 0}"
effectiveness_v3_20260918T071131Z_f68f3c56,dev/core50_nc/io_on/io_on_core50_nc/0,io_on_core50_nc,core50_nc,0,2,training,[],"{'ReplayPlugin': 0, 'PrefetchWrapPlugin': 0, 'EvaluationPlugin': 0, 'PeriodicEval': 0, 'Clock': 0}"
effectiveness_v3_20260918T071131Z_f68f3c56,dev/core50_nc/io_on/io_on_core50_nc/0,io_on_core50_nc,core50_nc,0,3,training,[],"{'ReplayPlugin': 0, 'PrefetchWrapPlugin': 0, 'EvaluationPlugin': 0, 'PeriodicEval': 0, 'Clock': 0}"
effectiveness_v3_20260918T071131Z_f68f3c56,dev/core50_nc/io_on/io_on_core50_nc/0,io_on_core50_nc,core50_nc,0,4,training,[],"{'ReplayPlugin': 0, 'PrefetchWrapPlugin': 0, 'EvaluationPlugin': 0, 'PeriodicEval': 0, 'Clock': 0}"
effectiveness_v3_20260918T071131Z_f68f3c56,dev/core50_nc/io_on/io_on_core50_nc/0,io_on_core50_nc,core50_nc,0,5,training,[],"{'ReplayPlugin': 0, 'PrefetchWrapPlugin': 0, 'EvaluationPlugin': 0, 'PeriodicEval': 0, 'Clock': 0}"
effectiveness_v3_20260918T071131Z_f68f3c56,dev/core50_nc/io_on/io_on_core50_nc/0,io_on_core50_nc,core50_nc,0,6,training,[],"{'ReplayPlugin': 0, 'PrefetchWrapPlugin': 0, 'EvaluationPlugin': 0, 'PeriodicEval': 0, 'Clock': 0}"
effectiveness_v3_20260918T071131Z_f68f3c56,dev/core50_nc/io_on/io_on_core50_nc/0,io_on_core50_nc,core50_nc,0,7,training,[],"{'ReplayPlugin': 0, 'PrefetchWrapPlugin': 0, 'EvaluationPlugin': 0, 'PeriodicEval': 0, 'Clock': 0}"
effectiveness_v3_20260918T071131Z_f68f3c56,dev/core50_nc/io_on/io_on_core50_nc/0,io_on_core50_nc,core50_nc,0,8,training,[],"{'ReplayPlugin': 0, 'PrefetchWrapPlugin': 0, 'EvaluationPlugin': 0, 'PeriodicEval': 0, 'Clock': 0}"
effectiveness_v3_20260918T071448Z_a0c5f366,dev/core50_nc/sensitivity/sens_thr_half_q160/0,sens_thr_half_q160,core50_nc,0,0,training,"[{""name"": ""gem"", ""enabled"": false, ""inner"": ""SparseGEMPlugin"", ""before_backward"": 0, ""after_training_exp"": 0, ""gem_reference_samples"": 0, ""ewc_extra_forward_visits"": 0, ""enabled_history"": [false]}, {""name"": ""ewc"", ""enabled"": false, ""inner"": ""EWCPlugin"", ""before_backward"": 0, ""after_training_exp"": 0, ""gem_reference_samples"": null, ""ewc_extra_forward_visits"": null, ""enabled_history"": [false]}]","{'SparseGEMPlugin': 0, 'EWCPlugin': 0, 'ReplayPlugin': 0, 'PrefetchWrapPlugin': 0, 'EvaluationPlugin': 0, 'PeriodicEval': 0, 'Clock': 0}"
effectiveness_v3_20260918T071448Z_a0c5f366,dev/core50_nc/sensitivity/sens_thr_half_q160/0,sens_thr_half_q160,core50_nc,0,1,training,"[{""name"": ""gem"", ""enabled"": true, ""inner"": ""SparseGEMPlugin"", ""before_backward"": 619, ""after_training_exp"": 1, ""gem_reference_samples"": 50, ""ewc_extra_forward_visits"": 0, ""enabled_history"": [true]}, {""name"": ""ewc"", ""enabled"": true, ""inner"": ""EWCPlugin"", ""before_backward"": 619, ""after_training_exp"": 1, ""gem_reference_samples"": null, ""ewc_extra_forward_visits"": null, ""enabled_history"": [true]}]","{'SparseGEMPlugin': 615200, 'EWCPlugin': 2178576, 'ReplayPlugin': 0, 'PrefetchWrapPlugin': 0, 'EvaluationPlugin': 0, 'PeriodicEval': 0, 'Clock': 0}"
effectiveness_v3_20260918T071559Z_e01e3443,dev/core50_nc/sensitivity/sens_thr_double_q160/0,sens_thr_double_q160,core50_nc,0,0,training,"[{""name"": ""gem"", ""enabled"": false, ""inner"": ""SparseGEMPlugin"", ""before_backward"": 0, ""after_training_exp"": 0, ""gem_reference_samples"": 0, ""ewc_extra_forward_visits"": 0, ""enabled_history"": [false]}, {""name"": ""ewc"", ""enabled"": false, ""inner"": ""EWCPlugin"", ""before_backward"": 0, ""after_training_exp"": 0, ""gem_reference_samples"": null, ""ewc_extra_forward_visits"": null, ""enabled_history"": [false]}]","{'SparseGEMPlugin': 0, 'EWCPlugin': 0, 'ReplayPlugin': 0, 'PrefetchWrapPlugin': 0, 'EvaluationPlugin': 0, 'PeriodicEval': 0, 'Clock': 0}"
effectiveness_v3_20260918T071559Z_e01e3443,dev/core50_nc/sensitivity/sens_thr_double_q160/0,sens_thr_double_q160,core50_nc,0,1,training,"[{""name"": ""gem"", ""enabled"": true, ""inner"": ""SparseGEMPlugin"", ""before_backward"": 619, ""after_training_exp"": 1, ""gem_reference_samples"": 50, ""ewc_extra_forward_visits"": 0, ""enabled_history"": [true]}, {""name"": ""ewc"", ""enabled"": true, ""inner"": ""EWCPlugin"", ""before_backward"": 619, ""after_training_exp"": 1, ""gem_reference_samples"": null, ""ewc_extra_forward_visits"": null, ""enabled_history"": [true]}]","{'SparseGEMPlugin': 615200, 'EWCPlugin': 2178576, 'ReplayPlugin': 0, 'PrefetchWrapPlugin': 0, 'EvaluationPlugin': 0, 'PeriodicEval': 0, 'Clock': 0}"
effectiveness_v3_20260918T071706Z_15ebee85,dev/core50_nc/sensitivity/sens_alpha_half_q160/0,sens_alpha_half_q160,core50_nc,0,0,training,"[{""name"": ""gem"", ""enabled"": false, ""inner"": ""SparseGEMPlugin"", ""before_backward"": 0, ""after_training_exp"": 0, ""gem_reference_samples"": 0, ""ewc_extra_forward_visits"": 0, ""enabled_history"": [false]}, {""name"": ""ewc"", ""enabled"": false, ""inner"": ""EWCPlugin"", ""before_backward"": 0, ""after_training_exp"": 0, ""gem_reference_samples"": null, ""ewc_extra_forward_visits"": null, ""enabled_history"": [false]}]","{'SparseGEMPlugin': 0, 'EWCPlugin': 0, 'ReplayPlugin': 0, 'PrefetchWrapPlugin': 0, 'EvaluationPlugin': 0, 'PeriodicEval': 0, 'Clock': 0}"
effectiveness_v3_20260918T071706Z_15ebee85,dev/core50_nc/sensitivity/sens_alpha_half_q160/0,sens_alpha_half_q160,core50_nc,0,1,training,"[{""name"": ""gem"", ""enabled"": true, ""inner"": ""SparseGEMPlugin"", ""before_backward"": 619, ""after_training_exp"": 1, ""gem_reference_samples"": 50, ""ewc_extra_forward_visits"": 0, ""enabled_history"": [true]}, {""name"": ""ewc"", ""enabled"": true, ""inner"": ""EWCPlugin"", ""before_backward"": 619, ""after_training_exp"": 1, ""gem_reference_samples"": null, ""ewc_extra_forward_visits"": null, ""enabled_history"": [true]}]","{'SparseGEMPlugin': 615200, 'EWCPlugin': 2178576, 'ReplayPlugin': 0, 'PrefetchWrapPlugin': 0, 'EvaluationPlugin': 0, 'PeriodicEval': 0, 'Clock': 0}"
effectiveness_v3_20260918T071816Z_b64b58f9,dev/core50_nc/sensitivity/sens_alpha_double_q160/0,sens_alpha_double_q160,core50_nc,0,0,training,"[{""name"": ""gem"", ""enabled"": false, ""inner"": ""SparseGEMPlugin"", ""before_backward"": 0, ""after_training_exp"": 0, ""gem_reference_samples"": 0, ""ewc_extra_forward_visits"": 0, ""enabled_history"": [false]}, {""name"": ""ewc"", ""enabled"": false, ""inner"": ""EWCPlugin"", ""before_backward"": 0, ""after_training_exp"": 0, ""gem_reference_samples"": null, ""ewc_extra_forward_visits"": null, ""enabled_history"": [false]}]","{'SparseGEMPlugin': 0, 'EWCPlugin': 0, 'ReplayPlugin': 0, 'PrefetchWrapPlugin': 0, 'EvaluationPlugin': 0, 'PeriodicEval': 0, 'Clock': 0}"
effectiveness_v3_20260918T071816Z_b64b58f9,dev/core50_nc/sensitivity/sens_alpha_double_q160/0,sens_alpha_double_q160,core50_nc,0,1,training,"[{""name"": ""gem"", ""enabled"": true, ""inner"": ""SparseGEMPlugin"", ""before_backward"": 619, ""after_training_exp"": 1, ""gem_reference_samples"": 50, ""ewc_extra_forward_visits"": 0, ""enabled_history"": [true]}, {""name"": ""ewc"", ""enabled"": true, ""inner"": ""EWCPlugin"", ""before_backward"": 619, ""after_training_exp"": 1, ""gem_reference_samples"": null, ""ewc_extra_forward_visits"": null, ""enabled_history"": [true]}]","{'SparseGEMPlugin': 615200, 'EWCPlugin': 2178576, 'ReplayPlugin': 0, 'PrefetchWrapPlugin': 0, 'EvaluationPlugin': 0, 'PeriodicEval': 0, 'Clock': 0}"
effectiveness_v3_20260918T071926Z_2b894538,dev/core50_nc/sensitivity/sens_beta_half_q160/0,sens_beta_half_q160,core50_nc,0,0,training,"[{""name"": ""gem"", ""enabled"": false, ""inner"": ""SparseGEMPlugin"", ""before_backward"": 0, ""after_training_exp"": 0, ""gem_reference_samples"": 0, ""ewc_extra_forward_visits"": 0, ""enabled_history"": [false]}, {""name"": ""ewc"", ""enabled"": false, ""inner"": ""EWCPlugin"", ""before_backward"": 0, ""after_training_exp"": 0, ""gem_reference_samples"": null, ""ewc_extra_forward_visits"": null, ""enabled_history"": [false]}]","{'SparseGEMPlugin': 0, 'EWCPlugin': 0, 'ReplayPlugin': 0, 'PrefetchWrapPlugin': 0, 'EvaluationPlugin': 0, 'PeriodicEval': 0, 'Clock': 0}"
effectiveness_v3_20260918T071926Z_2b894538,dev/core50_nc/sensitivity/sens_beta_half_q160/0,sens_beta_half_q160,core50_nc,0,1,training,"[{""name"": ""gem"", ""enabled"": true, ""inner"": ""SparseGEMPlugin"", ""before_backward"": 619, ""after_training_exp"": 1, ""gem_reference_samples"": 50, ""ewc_extra_forward_visits"": 0, ""enabled_history"": [true]}, {""name"": ""ewc"", ""enabled"": true, ""inner"": ""EWCPlugin"", ""before_backward"": 619, ""after_training_exp"": 1, ""gem_reference_samples"": null, ""ewc_extra_forward_visits"": null, ""enabled_history"": [true]}]","{'SparseGEMPlugin': 615200, 'EWCPlugin': 2178576, 'ReplayPlugin': 0, 'PrefetchWrapPlugin': 0, 'EvaluationPlugin': 0, 'PeriodicEval': 0, 'Clock': 0}"
effectiveness_v3_20260918T072035Z_faee1189,dev/core50_nc/sensitivity/sens_beta_double_q160/0,sens_beta_double_q160,core50_nc,0,0,training,"[{""name"": ""gem"", ""enabled"": false, ""inner"": ""SparseGEMPlugin"", ""before_backward"": 0, ""after_training_exp"": 0, ""gem_reference_samples"": 0, ""ewc_extra_forward_visits"": 0, ""enabled_history"": [false]}, {""name"": ""ewc"", ""enabled"": false, ""inner"": ""EWCPlugin"", ""before_backward"": 0, ""after_training_exp"": 0, ""gem_reference_samples"": null, ""ewc_extra_forward_visits"": null, ""enabled_history"": [false]}]","{'SparseGEMPlugin': 0, 'EWCPlugin': 0, 'ReplayPlugin': 0, 'PrefetchWrapPlugin': 0, 'EvaluationPlugin': 0, 'PeriodicEval': 0, 'Clock': 0}"
effectiveness_v3_20260918T072035Z_faee1189,dev/core50_nc/sensitivity/sens_beta_double_q160/0,sens_beta_double_q160,core50_nc,0,1,training,"[{""name"": ""gem"", ""enabled"": true, ""inner"": ""SparseGEMPlugin"", ""before_backward"": 619, ""after_training_exp"": 1, ""gem_reference_samples"": 50, ""ewc_extra_forward_visits"": 0, ""enabled_history"": [true]}, {""name"": ""ewc"", ""enabled"": true, ""inner"": ""EWCPlugin"", ""before_backward"": 619, ""after_training_exp"": 1, ""gem_reference_samples"": null, ""ewc_extra_forward_visits"": null, ""enabled_history"": [true]}]","{'SparseGEMPlugin': 615200, 'EWCPlugin': 2178576, 'ReplayPlugin': 0, 'PrefetchWrapPlugin': 0, 'EvaluationPlugin': 0, 'PeriodicEval': 0, 'Clock': 0}"
effectiveness_v3_20260918T072142Z_620bd669,dev/core50_nc/sensitivity/sens_lr_half_q160/0,sens_lr_half_q160,core50_nc,0,0,training,"[{""name"": ""gem"", ""enabled"": false, ""inner"": ""SparseGEMPlugin"", ""before_backward"": 0, ""after_training_exp"": 0, ""gem_reference_samples"": 0, ""ewc_extra_forward_visits"": 0, ""enabled_history"": [false]}, {""name"": ""ewc"", ""enabled"": false, ""inner"": ""EWCPlugin"", ""before_backward"": 0, ""after_training_exp"": 0, ""gem_reference_samples"": null, ""ewc_extra_forward_visits"": null, ""enabled_history"": [false]}]","{'SparseGEMPlugin': 0, 'EWCPlugin': 0, 'ReplayPlugin': 0, 'PrefetchWrapPlugin': 0, 'EvaluationPlugin': 0, 'PeriodicEval': 0, 'Clock': 0}"
effectiveness_v3_20260918T072142Z_620bd669,dev/core50_nc/sensitivity/sens_lr_half_q160/0,sens_lr_half_q160,core50_nc,0,1,training,"[{""name"": ""gem"", ""enabled"": true, ""inner"": ""SparseGEMPlugin"", ""before_backward"": 619, ""after_training_exp"": 1, ""gem_reference_samples"": 50, ""ewc_extra_forward_visits"": 0, ""enabled_history"": [true]}, {""name"": ""ewc"", ""enabled"": true, ""inner"": ""EWCPlugin"", ""before_backward"": 619, ""after_training_exp"": 1, ""gem_reference_samples"": null, ""ewc_extra_forward_visits"": null, ""enabled_history"": [true]}]","{'SparseGEMPlugin': 615200, 'EWCPlugin': 2178576, 'ReplayPlugin': 0, 'PrefetchWrapPlugin': 0, 'EvaluationPlugin': 0, 'PeriodicEval': 0, 'Clock': 0}"
effectiveness_v3_20260918T072252Z_cfb0717e,dev/core50_nc/sensitivity/sens_lr_double_q160/0,sens_lr_double_q160,core50_nc,0,0,training,"[{""name"": ""gem"", ""enabled"": false, ""inner"": ""SparseGEMPlugin"", ""before_backward"": 0, ""after_training_exp"": 0, ""gem_reference_samples"": 0, ""ewc_extra_forward_visits"": 0, ""enabled_history"": [false]}, {""name"": ""ewc"", ""enabled"": false, ""inner"": ""EWCPlugin"", ""before_backward"": 0, ""after_training_exp"": 0, ""gem_reference_samples"": null, ""ewc_extra_forward_visits"": null, ""enabled_history"": [false]}]","{'SparseGEMPlugin': 0, 'EWCPlugin': 0, 'ReplayPlugin': 0, 'PrefetchWrapPlugin': 0, 'EvaluationPlugin': 0, 'PeriodicEval': 0, 'Clock': 0}"
effectiveness_v3_20260918T072252Z_cfb0717e,dev/core50_nc/sensitivity/sens_lr_double_q160/0,sens_lr_double_q160,core50_nc,0,1,training,"[{""name"": ""gem"", ""enabled"": true, ""inner"": ""SparseGEMPlugin"", ""before_backward"": 619, ""after_training_exp"": 1, ""gem_reference_samples"": 50, ""ewc_extra_forward_visits"": 0, ""enabled_history"": [true]}, {""name"": ""ewc"", ""enabled"": true, ""inner"": ""EWCPlugin"", ""before_backward"": 619, ""after_training_exp"": 1, ""gem_reference_samples"": null, ""ewc_extra_forward_visits"": null, ""enabled_history"": [true]}]","{'SparseGEMPlugin': 615200, 'EWCPlugin': 2178576, 'ReplayPlugin': 0, 'PrefetchWrapPlugin': 0, 'EvaluationPlugin': 0, 'PeriodicEval': 0, 'Clock': 0}"
effectiveness_v3_20260918T072403Z_e3878a3f,dev/core50_nc/sensitivity/sens_delta_half_life_q160/0,sens_delta_half_life_q160,core50_nc,0,0,training,"[{""name"": ""gem"", ""enabled"": false, ""inner"": ""SparseGEMPlugin"", ""before_backward"": 0, ""after_training_exp"": 0, ""gem_reference_samples"": 0, ""ewc_extra_forward_visits"": 0, ""enabled_history"": [false]}, {""name"": ""ewc"", ""enabled"": false, ""inner"": ""EWCPlugin"", ""before_backward"": 0, ""after_training_exp"": 0, ""gem_reference_samples"": null, ""ewc_extra_forward_visits"": null, ""enabled_history"": [false]}]","{'SparseGEMPlugin': 0, 'EWCPlugin': 0, 'ReplayPlugin': 0, 'PrefetchWrapPlugin': 0, 'EvaluationPlugin': 0, 'PeriodicEval': 0, 'Clock': 0}"
effectiveness_v3_20260918T072403Z_e3878a3f,dev/core50_nc/sensitivity/sens_delta_half_life_q160/0,sens_delta_half_life_q160,core50_nc,0,1,training,"[{""name"": ""gem"", ""enabled"": true, ""inner"": ""SparseGEMPlugin"", ""before_backward"": 619, ""after_training_exp"": 1, ""gem_reference_samples"": 50, ""ewc_extra_forward_visits"": 0, ""enabled_history"": [true]}, {""name"": ""ewc"", ""enabled"": true, ""inner"": ""EWCPlugin"", ""before_backward"": 619, ""after_training_exp"": 1, ""gem_reference_samples"": null, ""ewc_extra_forward_visits"": null, ""enabled_history"": [true]}]","{'SparseGEMPlugin': 615200, 'EWCPlugin': 2178576, 'ReplayPlugin': 0, 'PrefetchWrapPlugin': 0, 'EvaluationPlugin': 0, 'PeriodicEval': 0, 'Clock': 0}"
effectiveness_v3_20260918T072509Z_1bb76c1e,dev/core50_nc/sensitivity/sens_initial_batch32_q160/0,sens_initial_batch32_q160,core50_nc,0,0,training,"[{""name"": ""gem"", ""enabled"": false, ""inner"": ""SparseGEMPlugin"", ""before_backward"": 0, ""after_training_exp"": 0, ""gem_reference_samples"": 0, ""ewc_extra_forward_visits"": 0, ""enabled_history"": [false]}, {""name"": ""ewc"", ""enabled"": false, ""inner"": ""EWCPlugin"", ""before_backward"": 0, ""after_training_exp"": 0, ""gem_reference_samples"": null, ""ewc_extra_forward_visits"": null, ""enabled_history"": [false]}]","{'SparseGEMPlugin': 0, 'EWCPlugin': 0, 'ReplayPlugin': 0, 'PrefetchWrapPlugin': 0, 'EvaluationPlugin': 0, 'PeriodicEval': 0, 'Clock': 0}"
effectiveness_v3_20260918T072535Z_a66b8f55,dev/core50_nc/sensitivity/sens_initial_replay1000_q160/0,sens_initial_replay1000_q160,core50_nc,0,0,training,"[{""name"": ""gem"", ""enabled"": false, ""inner"": ""SparseGEMPlugin"", ""before_backward"": 0, ""after_training_exp"": 0, ""gem_reference_samples"": 0, ""ewc_extra_forward_visits"": 0, ""enabled_history"": [false]}, {""name"": ""ewc"", ""enabled"": false, ""inner"": ""EWCPlugin"", ""before_backward"": 0, ""after_training_exp"": 0, ""gem_reference_samples"": null, ""ewc_extra_forward_visits"": null, ""enabled_history"": [false]}]","{'SparseGEMPlugin': 0, 'EWCPlugin': 0, 'ReplayPlugin': 0, 'PrefetchWrapPlugin': 0, 'EvaluationPlugin': 0, 'PeriodicEval': 0, 'Clock': 0}"
effectiveness_v3_20260918T072535Z_a66b8f55,dev/core50_nc/sensitivity/sens_initial_replay1000_q160/0,sens_initial_replay1000_q160,core50_nc,0,1,training,"[{""name"": ""gem"", ""enabled"": true, ""inner"": ""SparseGEMPlugin"", ""before_backward"": 619, ""after_training_exp"": 1, ""gem_reference_samples"": 50, ""ewc_extra_forward_visits"": 0, ""enabled_history"": [true]}, {""name"": ""ewc"", ""enabled"": true, ""inner"": ""EWCPlugin"", ""before_backward"": 619, ""after_training_exp"": 1, ""gem_reference_samples"": null, ""ewc_extra_forward_visits"": null, ""enabled_history"": [true]}]","{'SparseGEMPlugin': 615200, 'EWCPlugin': 2178576, 'ReplayPlugin': 0, 'PrefetchWrapPlugin': 0, 'EvaluationPlugin': 0, 'PeriodicEval': 0, 'Clock': 0}"
effectiveness_v3_20260918T072643Z_8270ed07,dev/core50_nc/sensitivity/sens_quota_loose_q320/0,sens_quota_loose_q320,core50_nc,0,0,training,"[{""name"": ""gem"", ""enabled"": false, ""inner"": ""SparseGEMPlugin"", ""before_backward"": 0, ""after_training_exp"": 0, ""gem_reference_samples"": 0, ""ewc_extra_forward_visits"": 0, ""enabled_history"": [false]}, {""name"": ""ewc"", ""enabled"": false, ""inner"": ""EWCPlugin"", ""before_backward"": 0, ""after_training_exp"": 0, ""gem_reference_samples"": null, ""ewc_extra_forward_visits"": null, ""enabled_history"": [false]}]","{'SparseGEMPlugin': 0, 'EWCPlugin': 0, 'ReplayPlugin': 0, 'PrefetchWrapPlugin': 0, 'EvaluationPlugin': 0, 'PeriodicEval': 0, 'Clock': 0}"
effectiveness_v3_20260918T072643Z_8270ed07,dev/core50_nc/sensitivity/sens_quota_loose_q320/0,sens_quota_loose_q320,core50_nc,0,1,training,"[{""name"": ""gem"", ""enabled"": true, ""inner"": ""SparseGEMPlugin"", ""before_backward"": 619, ""after_training_exp"": 1, ""gem_reference_samples"": 50, ""ewc_extra_forward_visits"": 0, ""enabled_history"": [true]}, {""name"": ""ewc"", ""enabled"": true, ""inner"": ""EWCPlugin"", ""before_backward"": 619, ""after_training_exp"": 1, ""gem_reference_samples"": null, ""ewc_extra_forward_visits"": null, ""enabled_history"": [true]}]","{'SparseGEMPlugin': 615200, 'EWCPlugin': 2178576, 'ReplayPlugin': 0, 'PrefetchWrapPlugin': 0, 'EvaluationPlugin': 0, 'PeriodicEval': 0, 'Clock': 0}"
effectiveness_v3_20260918T072643Z_8270ed07,dev/core50_nc/sensitivity/sens_quota_loose_q320/0,sens_quota_loose_q320,core50_nc,0,2,training,"[{""name"": ""gem"", ""enabled"": true, ""inner"": ""SparseGEMPlugin"", ""before_backward"": 506, ""after_training_exp"": 1, ""gem_reference_samples"": 100, ""ewc_extra_forward_visits"": 25300, ""enabled_history"": [true]}, {""name"": ""ewc"", ""enabled"": true, ""inner"": ""EWCPlugin"", ""before_backward"": 506, ""after_training_exp"": 1, ""gem_reference_samples"": null, ""ewc_extra_forward_visits"": null, ""enabled_history"": [true]}]","{'SparseGEMPlugin': 1230400, 'EWCPlugin': 4357152, 'ReplayPlugin': 0, 'PrefetchWrapPlugin': 0, 'EvaluationPlugin': 0, 'PeriodicEval': 0, 'Clock': 0}"
effectiveness_v3_20260918T072643Z_8270ed07,dev/core50_nc/sensitivity/sens_quota_loose_q320/0,sens_quota_loose_q320,core50_nc,0,3,training,"[{""name"": ""gem"", ""enabled"": true, ""inner"": ""SparseGEMPlugin"", ""before_backward"": 656, ""after_training_exp"": 1, ""gem_reference_samples"": 150, ""ewc_extra_forward_visits"": 65600, ""enabled_history"": [true]}, {""name"": ""ewc"", ""enabled"": true, ""inner"": ""EWCPlugin"", ""before_backward"": 656, ""after_training_exp"": 1, ""gem_reference_samples"": null, ""ewc_extra_forward_visits"": null, ""enabled_history"": [true]}]","{'SparseGEMPlugin': 1845600, 'EWCPlugin': 6535728, 'ReplayPlugin': 0, 'PrefetchWrapPlugin': 0, 'EvaluationPlugin': 0, 'PeriodicEval': 0, 'Clock': 0}"
effectiveness_v3_20260918T072643Z_8270ed07,dev/core50_nc/sensitivity/sens_quota_loose_q320/0,sens_quota_loose_q320,core50_nc,0,4,training,"[{""name"": ""gem"", ""enabled"": true, ""inner"": ""SparseGEMPlugin"", ""before_backward"": 512, ""after_training_exp"": 1, ""gem_reference_samples"": 200, ""ewc_extra_forward_visits"": 76800, ""enabled_history"": [true]}, {""name"": ""ewc"", ""enabled"": true, ""inner"": ""EWCPlugin"", ""before_backward"": 512, ""after_training_exp"": 1, ""gem_reference_samples"": null, ""ewc_extra_forward_visits"": null, ""enabled_history"": [true]}]","{'SparseGEMPlugin': 2460800, 'EWCPlugin': 8714304, 'ReplayPlugin': 0, 'PrefetchWrapPlugin': 0, 'EvaluationPlugin': 0, 'PeriodicEval': 0, 'Clock': 0}"
effectiveness_v3_20260918T072643Z_8270ed07,dev/core50_nc/sensitivity/sens_quota_loose_q320/0,sens_quota_loose_q320,core50_nc,0,5,training,"[{""name"": ""gem"", ""enabled"": true, ""inner"": ""SparseGEMPlugin"", ""before_backward"": 599, ""after_training_exp"": 1, ""gem_reference_samples"": 250, ""ewc_extra_forward_visits"": 119800, ""enabled_history"": [true]}, {""name"": ""ewc"", ""enabled"": true, ""inner"": ""EWCPlugin"", ""before_backward"": 599, ""after_training_exp"": 1, ""gem_reference_samples"": null, ""ewc_extra_forward_visits"": null, ""enabled_history"": [true]}]","{'SparseGEMPlugin': 3076000, 'EWCPlugin': 10892880, 'ReplayPlugin': 0, 'PrefetchWrapPlugin': 0, 'EvaluationPlugin': 0, 'PeriodicEval': 0, 'Clock': 0}"
effectiveness_v3_20260918T072643Z_8270ed07,dev/core50_nc/sensitivity/sens_quota_loose_q320/0,sens_quota_loose_q320,core50_nc,0,6,training,"[{""name"": ""gem"", ""enabled"": true, ""inner"": ""SparseGEMPlugin"", ""before_backward"": 582, ""after_training_exp"": 1, ""gem_reference_samples"": 300, ""ewc_extra_forward_visits"": 145500, ""enabled_history"": [true]}, {""name"": ""ewc"", ""enabled"": true, ""inner"": ""EWCPlugin"", ""before_backward"": 582, ""after_training_exp"": 1, ""gem_reference_samples"": null, ""ewc_extra_forward_visits"": null, ""enabled_history"": [true]}]","{'SparseGEMPlugin': 3691200, 'EWCPlugin': 13071456, 'ReplayPlugin': 0, 'PrefetchWrapPlugin': 0, 'EvaluationPlugin': 0, 'PeriodicEval': 0, 'Clock': 0}"
effectiveness_v3_20260918T072643Z_8270ed07,dev/core50_nc/sensitivity/sens_quota_loose_q320/0,sens_quota_loose_q320,core50_nc,0,7,training,"[{""name"": ""gem"", ""enabled"": true, ""inner"": ""SparseGEMPlugin"", ""before_backward"": 517, ""after_training_exp"": 1, ""gem_reference_samples"": 350, ""ewc_extra_forward_visits"": 155100, ""enabled_history"": [true]}, {""name"": ""ewc"", ""enabled"": true, ""inner"": ""EWCPlugin"", ""before_backward"": 517, ""after_training_exp"": 1, ""gem_reference_samples"": null, ""ewc_extra_forward_visits"": null, ""enabled_history"": [true]}]","{'SparseGEMPlugin': 4306400, 'EWCPlugin': 15250032, 'ReplayPlugin': 0, 'PrefetchWrapPlugin': 0, 'EvaluationPlugin': 0, 'PeriodicEval': 0, 'Clock': 0}"
effectiveness_v3_20260918T072643Z_8270ed07,dev/core50_nc/sensitivity/sens_quota_loose_q320/0,sens_quota_loose_q320,core50_nc,0,8,training,"[{""name"": ""gem"", ""enabled"": true, ""inner"": ""SparseGEMPlugin"", ""before_backward"": 550, ""after_training_exp"": 1, ""gem_reference_samples"": 400, ""ewc_extra_forward_visits"": 192500, ""enabled_history"": [true]}, {""name"": ""ewc"", ""enabled"": true, ""inner"": ""EWCPlugin"", ""before_backward"": 550, ""after_training_exp"": 1, ""gem_reference_samples"": null, ""ewc_extra_forward_visits"": null, ""enabled_history"": [true]}]","{'SparseGEMPlugin': 4921600, 'EWCPlugin': 17428608, 'ReplayPlugin': 0, 'PrefetchWrapPlugin': 0, 'EvaluationPlugin': 0, 'PeriodicEval': 0, 'Clock': 0}"
effectiveness_v3_20260918T073910Z_ebc842d3,dev/core50_nc/sensitivity/sens_quota_mid_q240/0,sens_quota_mid_q240,core50_nc,0,0,training,"[{""name"": ""gem"", ""enabled"": false, ""inner"": ""SparseGEMPlugin"", ""before_backward"": 0, ""after_training_exp"": 0, ""gem_reference_samples"": 0, ""ewc_extra_forward_visits"": 0, ""enabled_history"": [false]}, {""name"": ""ewc"", ""enabled"": false, ""inner"": ""EWCPlugin"", ""before_backward"": 0, ""after_training_exp"": 0, ""gem_reference_samples"": null, ""ewc_extra_forward_visits"": null, ""enabled_history"": [false]}]","{'SparseGEMPlugin': 0, 'EWCPlugin': 0, 'ReplayPlugin': 0, 'PrefetchWrapPlugin': 0, 'EvaluationPlugin': 0, 'PeriodicEval': 0, 'Clock': 0}"
effectiveness_v3_20260918T073910Z_ebc842d3,dev/core50_nc/sensitivity/sens_quota_mid_q240/0,sens_quota_mid_q240,core50_nc,0,1,training,"[{""name"": ""gem"", ""enabled"": true, ""inner"": ""SparseGEMPlugin"", ""before_backward"": 619, ""after_training_exp"": 1, ""gem_reference_samples"": 50, ""ewc_extra_forward_visits"": 0, ""enabled_history"": [true]}, {""name"": ""ewc"", ""enabled"": true, ""inner"": ""EWCPlugin"", ""before_backward"": 619, ""after_training_exp"": 1, ""gem_reference_samples"": null, ""ewc_extra_forward_visits"": null, ""enabled_history"": [true]}]","{'SparseGEMPlugin': 615200, 'EWCPlugin': 2178576, 'ReplayPlugin': 0, 'PrefetchWrapPlugin': 0, 'EvaluationPlugin': 0, 'PeriodicEval': 0, 'Clock': 0}"
effectiveness_v3_20260918T073910Z_ebc842d3,dev/core50_nc/sensitivity/sens_quota_mid_q240/0,sens_quota_mid_q240,core50_nc,0,2,training,"[{""name"": ""gem"", ""enabled"": true, ""inner"": ""SparseGEMPlugin"", ""before_backward"": 506, ""after_training_exp"": 1, ""gem_reference_samples"": 100, ""ewc_extra_forward_visits"": 25300, ""enabled_history"": [true]}, {""name"": ""ewc"", ""enabled"": true, ""inner"": ""EWCPlugin"", ""before_backward"": 506, ""after_training_exp"": 1, ""gem_reference_samples"": null, ""ewc_extra_forward_visits"": null, ""enabled_history"": [true]}]","{'SparseGEMPlugin': 1230400, 'EWCPlugin': 4357152, 'ReplayPlugin': 0, 'PrefetchWrapPlugin': 0, 'EvaluationPlugin': 0, 'PeriodicEval': 0, 'Clock': 0}"
effectiveness_v3_20260918T073910Z_ebc842d3,dev/core50_nc/sensitivity/sens_quota_mid_q240/0,sens_quota_mid_q240,core50_nc,0,3,training,"[{""name"": ""gem"", ""enabled"": true, ""inner"": ""SparseGEMPlugin"", ""before_backward"": 656, ""after_training_exp"": 1, ""gem_reference_samples"": 150, ""ewc_extra_forward_visits"": 65600, ""enabled_history"": [true]}, {""name"": ""ewc"", ""enabled"": true, ""inner"": ""EWCPlugin"", ""before_backward"": 656, ""after_training_exp"": 1, ""gem_reference_samples"": null, ""ewc_extra_forward_visits"": null, ""enabled_history"": [true]}]","{'SparseGEMPlugin': 1845600, 'EWCPlugin': 6535728, 'ReplayPlugin': 0, 'PrefetchWrapPlugin': 0, 'EvaluationPlugin': 0, 'PeriodicEval': 0, 'Clock': 0}"
effectiveness_v3_20260918T073910Z_ebc842d3,dev/core50_nc/sensitivity/sens_quota_mid_q240/0,sens_quota_mid_q240,core50_nc,0,4,training,"[{""name"": ""gem"", ""enabled"": true, ""inner"": ""SparseGEMPlugin"", ""before_backward"": 512, ""after_training_exp"": 1, ""gem_reference_samples"": 200, ""ewc_extra_forward_visits"": 76800, ""enabled_history"": [true]}, {""name"": ""ewc"", ""enabled"": true, ""inner"": ""EWCPlugin"", ""before_backward"": 512, ""after_training_exp"": 1, ""gem_reference_samples"": null, ""ewc_extra_forward_visits"": null, ""enabled_history"": [true]}]","{'SparseGEMPlugin': 2460800, 'EWCPlugin': 8714304, 'ReplayPlugin': 0, 'PrefetchWrapPlugin': 0, 'EvaluationPlugin': 0, 'PeriodicEval': 0, 'Clock': 0}"
effectiveness_v3_20260918T073910Z_ebc842d3,dev/core50_nc/sensitivity/sens_quota_mid_q240/0,sens_quota_mid_q240,core50_nc,0,5,training,"[{""name"": ""gem"", ""enabled"": true, ""inner"": ""SparseGEMPlugin"", ""before_backward"": 599, ""after_training_exp"": 1, ""gem_reference_samples"": 250, ""ewc_extra_forward_visits"": 119800, ""enabled_history"": [true]}, {""name"": ""ewc"", ""enabled"": true, ""inner"": ""EWCPlugin"", ""before_backward"": 599, ""after_training_exp"": 1, ""gem_reference_samples"": null, ""ewc_extra_forward_visits"": null, ""enabled_history"": [true]}]","{'SparseGEMPlugin': 3076000, 'EWCPlugin': 10892880, 'ReplayPlugin': 0, 'PrefetchWrapPlugin': 0, 'EvaluationPlugin': 0, 'PeriodicEval': 0, 'Clock': 0}"
effectiveness_v3_20260918T073910Z_ebc842d3,dev/core50_nc/sensitivity/sens_quota_mid_q240/0,sens_quota_mid_q240,core50_nc,0,6,training,"[{""name"": ""gem"", ""enabled"": true, ""inner"": ""SparseGEMPlugin"", ""before_backward"": 582, ""after_training_exp"": 1, ""gem_reference_samples"": 300, ""ewc_extra_forward_visits"": 145500, ""enabled_history"": [true]}, {""name"": ""ewc"", ""enabled"": true, ""inner"": ""EWCPlugin"", ""before_backward"": 582, ""after_training_exp"": 1, ""gem_reference_samples"": null, ""ewc_extra_forward_visits"": null, ""enabled_history"": [true]}]","{'SparseGEMPlugin': 3691200, 'EWCPlugin': 13071456, 'ReplayPlugin': 0, 'PrefetchWrapPlugin': 0, 'EvaluationPlugin': 0, 'PeriodicEval': 0, 'Clock': 0}"
effectiveness_v3_20260918T073910Z_ebc842d3,dev/core50_nc/sensitivity/sens_quota_mid_q240/0,sens_quota_mid_q240,core50_nc,0,7,training,"[{""name"": ""gem"", ""enabled"": true, ""inner"": ""SparseGEMPlugin"", ""before_backward"": 517, ""after_training_exp"": 1, ""gem_reference_samples"": 350, ""ewc_extra_forward_visits"": 155100, ""enabled_history"": [true]}, {""name"": ""ewc"", ""enabled"": true, ""inner"": ""EWCPlugin"", ""before_backward"": 517, ""after_training_exp"": 1, ""gem_reference_samples"": null, ""ewc_extra_forward_visits"": null, ""enabled_history"": [true]}]","{'SparseGEMPlugin': 4306400, 'EWCPlugin': 15250032, 'ReplayPlugin': 0, 'PrefetchWrapPlugin': 0, 'EvaluationPlugin': 0, 'PeriodicEval': 0, 'Clock': 0}"
effectiveness_v3_20260918T073910Z_ebc842d3,dev/core50_nc/sensitivity/sens_quota_mid_q240/0,sens_quota_mid_q240,core50_nc,0,8,training,"[{""name"": ""gem"", ""enabled"": true, ""inner"": ""SparseGEMPlugin"", ""before_backward"": 550, ""after_training_exp"": 1, ""gem_reference_samples"": 400, ""ewc_extra_forward_visits"": 192500, ""enabled_history"": [true]}, {""name"": ""ewc"", ""enabled"": true, ""inner"": ""EWCPlugin"", ""before_backward"": 550, ""after_training_exp"": 1, ""gem_reference_samples"": null, ""ewc_extra_forward_visits"": null, ""enabled_history"": [true]}]","{'SparseGEMPlugin': 4921600, 'EWCPlugin': 17428608, 'ReplayPlugin': 0, 'PrefetchWrapPlugin': 0, 'EvaluationPlugin': 0, 'PeriodicEval': 0, 'Clock': 0}"
effectiveness_v3_20260918T075205Z_4e190a1d,dev/core50_nc/agem_profile/agem_static_q320/0,agem_static_q320,core50_nc,0,0,training,[],"{'AdaptiveAGEMPlugin': 200, 'PrefetchWrapPlugin': 0, 'EvaluationPlugin': 0, 'PeriodicEval': 0, 'Clock': 0}"
effectiveness_v3_20260918T075205Z_4e190a1d,dev/core50_nc/agem_profile/agem_static_q320/0,agem_static_q320,core50_nc,0,1,training,[],"{'AdaptiveAGEMPlugin': 400, 'PrefetchWrapPlugin': 0, 'EvaluationPlugin': 0, 'PeriodicEval': 0, 'Clock': 0}"
effectiveness_v3_20260918T075205Z_4e190a1d,dev/core50_nc/agem_profile/agem_static_q320/0,agem_static_q320,core50_nc,0,2,training,[],"{'AdaptiveAGEMPlugin': 600, 'PrefetchWrapPlugin': 0, 'EvaluationPlugin': 0, 'PeriodicEval': 0, 'Clock': 0}"
effectiveness_v3_20260918T075205Z_4e190a1d,dev/core50_nc/agem_profile/agem_static_q320/0,agem_static_q320,core50_nc,0,3,training,[],"{'AdaptiveAGEMPlugin': 800, 'PrefetchWrapPlugin': 0, 'EvaluationPlugin': 0, 'PeriodicEval': 0, 'Clock': 0}"
effectiveness_v3_20260918T075205Z_4e190a1d,dev/core50_nc/agem_profile/agem_static_q320/0,agem_static_q320,core50_nc,0,4,training,[],"{'AdaptiveAGEMPlugin': 1000, 'PrefetchWrapPlugin': 0, 'EvaluationPlugin': 0, 'PeriodicEval': 0, 'Clock': 0}"
effectiveness_v3_20260918T075205Z_4e190a1d,dev/core50_nc/agem_profile/agem_static_q320/0,agem_static_q320,core50_nc,0,5,training,[],"{'AdaptiveAGEMPlugin': 1200, 'PrefetchWrapPlugin': 0, 'EvaluationPlugin': 0, 'PeriodicEval': 0, 'Clock': 0}"
effectiveness_v3_20260918T075205Z_4e190a1d,dev/core50_nc/agem_profile/agem_static_q320/0,agem_static_q320,core50_nc,0,6,training,[],"{'AdaptiveAGEMPlugin': 1400, 'PrefetchWrapPlugin': 0, 'EvaluationPlugin': 0, 'PeriodicEval': 0, 'Clock': 0}"
effectiveness_v3_20260918T075205Z_4e190a1d,dev/core50_nc/agem_profile/agem_static_q320/0,agem_static_q320,core50_nc,0,7,training,[],"{'AdaptiveAGEMPlugin': 1600, 'PrefetchWrapPlugin': 0, 'EvaluationPlugin': 0, 'PeriodicEval': 0, 'Clock': 0}"
effectiveness_v3_20260918T075205Z_4e190a1d,dev/core50_nc/agem_profile/agem_static_q320/0,agem_static_q320,core50_nc,0,8,training,[],"{'AdaptiveAGEMPlugin': 1800, 'PrefetchWrapPlugin': 0, 'EvaluationPlugin': 0, 'PeriodicEval': 0, 'Clock': 0}"
effectiveness_v3_20260918T075722Z_0b1f08b5,dev/core50_nc/agem_profile/agem_adaptive_ewc_q320/0,agem_adaptive_ewc_q320,core50_nc,0,0,training,"[{""name"": ""ewc"", ""enabled"": false, ""inner"": ""EWCPlugin"", ""before_backward"": 0, ""after_training_exp"": 0, ""gem_reference_samples"": null, ""ewc_extra_forward_visits"": null, ""enabled_history"": [false]}]","{'EWCPlugin': 0, 'AdaptiveAGEMPlugin': 200, 'PrefetchWrapPlugin': 0, 'EvaluationPlugin': 0, 'PeriodicEval': 0, 'Clock': 0}"
effectiveness_v3_20260918T075722Z_0b1f08b5,dev/core50_nc/agem_profile/agem_adaptive_ewc_q320/0,agem_adaptive_ewc_q320,core50_nc,0,1,training,"[{""name"": ""ewc"", ""enabled"": true, ""inner"": ""EWCPlugin"", ""before_backward"": 619, ""after_training_exp"": 1, ""gem_reference_samples"": null, ""ewc_extra_forward_visits"": null, ""enabled_history"": [true]}]","{'EWCPlugin': 2178576, 'AdaptiveAGEMPlugin': 176, 'PrefetchWrapPlugin': 0, 'EvaluationPlugin': 0, 'PeriodicEval': 0, 'Clock': 0}"
effectiveness_v3_20260918T075722Z_0b1f08b5,dev/core50_nc/agem_profile/agem_adaptive_ewc_q320/0,agem_adaptive_ewc_q320,core50_nc,0,2,training,"[{""name"": ""ewc"", ""enabled"": true, ""inner"": ""EWCPlugin"", ""before_backward"": 506, ""after_training_exp"": 1, ""gem_reference_samples"": null, ""ewc_extra_forward_visits"": null, ""enabled_history"": [true]}]","{'EWCPlugin': 4357152, 'AdaptiveAGEMPlugin': 268, 'PrefetchWrapPlugin': 0, 'EvaluationPlugin': 0, 'PeriodicEval': 0, 'Clock': 0}"
effectiveness_v3_20260918T075722Z_0b1f08b5,dev/core50_nc/agem_profile/agem_adaptive_ewc_q320/0,agem_adaptive_ewc_q320,core50_nc,0,3,training,"[{""name"": ""ewc"", ""enabled"": true, ""inner"": ""EWCPlugin"", ""before_backward"": 656, ""after_training_exp"": 1, ""gem_reference_samples"": null, ""ewc_extra_forward_visits"": null, ""enabled_history"": [true]}]","{'EWCPlugin': 6535728, 'AdaptiveAGEMPlugin': 364, 'PrefetchWrapPlugin': 0, 'EvaluationPlugin': 0, 'PeriodicEval': 0, 'Clock': 0}"
effectiveness_v3_20260918T075722Z_0b1f08b5,dev/core50_nc/agem_profile/agem_adaptive_ewc_q320/0,agem_adaptive_ewc_q320,core50_nc,0,4,training,"[{""name"": ""ewc"", ""enabled"": true, ""inner"": ""EWCPlugin"", ""before_backward"": 512, ""after_training_exp"": 1, ""gem_reference_samples"": null, ""ewc_extra_forward_visits"": null, ""enabled_history"": [true]}]","{'EWCPlugin': 8714304, 'AdaptiveAGEMPlugin': 464, 'PrefetchWrapPlugin': 0, 'EvaluationPlugin': 0, 'PeriodicEval': 0, 'Clock': 0}"
effectiveness_v3_20260918T075722Z_0b1f08b5,dev/core50_nc/agem_profile/agem_adaptive_ewc_q320/0,agem_adaptive_ewc_q320,core50_nc,0,5,training,"[{""name"": ""ewc"", ""enabled"": true, ""inner"": ""EWCPlugin"", ""before_backward"": 599, ""after_training_exp"": 1, ""gem_reference_samples"": null, ""ewc_extra_forward_visits"": null, ""enabled_history"": [true]}]","{'EWCPlugin': 10892880, 'AdaptiveAGEMPlugin': 568, 'PrefetchWrapPlugin': 0, 'EvaluationPlugin': 0, 'PeriodicEval': 0, 'Clock': 0}"
effectiveness_v3_20260918T075722Z_0b1f08b5,dev/core50_nc/agem_profile/agem_adaptive_ewc_q320/0,agem_adaptive_ewc_q320,core50_nc,0,6,training,"[{""name"": ""ewc"", ""enabled"": true, ""inner"": ""EWCPlugin"", ""before_backward"": 582, ""after_training_exp"": 1, ""gem_reference_samples"": null, ""ewc_extra_forward_visits"": null, ""enabled_history"": [true]}]","{'EWCPlugin': 13071456, 'AdaptiveAGEMPlugin': 676, 'PrefetchWrapPlugin': 0, 'EvaluationPlugin': 0, 'PeriodicEval': 0, 'Clock': 0}"
effectiveness_v3_20260918T075722Z_0b1f08b5,dev/core50_nc/agem_profile/agem_adaptive_ewc_q320/0,agem_adaptive_ewc_q320,core50_nc,0,7,training,"[{""name"": ""ewc"", ""enabled"": true, ""inner"": ""EWCPlugin"", ""before_backward"": 517, ""after_training_exp"": 1, ""gem_reference_samples"": null, ""ewc_extra_forward_visits"": null, ""enabled_history"": [true]}]","{'EWCPlugin': 15250032, 'AdaptiveAGEMPlugin': 788, 'PrefetchWrapPlugin': 0, 'EvaluationPlugin': 0, 'PeriodicEval': 0, 'Clock': 0}"
effectiveness_v3_20260918T075722Z_0b1f08b5,dev/core50_nc/agem_profile/agem_adaptive_ewc_q320/0,agem_adaptive_ewc_q320,core50_nc,0,8,training,"[{""name"": ""ewc"", ""enabled"": true, ""inner"": ""EWCPlugin"", ""before_backward"": 550, ""after_training_exp"": 1, ""gem_reference_samples"": null, ""ewc_extra_forward_visits"": null, ""enabled_history"": [true]}]","{'EWCPlugin': 17428608, 'AdaptiveAGEMPlugin': 904, 'PrefetchWrapPlugin': 0, 'EvaluationPlugin': 0, 'PeriodicEval': 0, 'Clock': 0}"
