run_id,cell_id,method,dataset,seed,experience_index,learning_s,prefetch_produce_s,prefetch_wait_s,blocked_s,prefetch_enabled,supply_wait_ratio
effectiveness_v3_20260918T034951Z_79924874,dev/core50_nc/eval_batch/eval_core50_nc_b128/0,eval_core50_nc_b128,core50_nc,0,0,25.71642350498587,11.055251649027923,0.0,11.055251649027923,False,0.4298907134922764
effectiveness_v3_20260918T035026Z_9d0bd278,dev/core50_nc/eval_batch/eval_core50_nc_b32/0,eval_core50_nc_b32,core50_nc,0,0,26.179901821014937,11.245243482466321,0.0,11.245243482466321,False,0.4295372671504682
effectiveness_v3_20260918T035102Z_024561a7,dev/core50_nc/eval_batch/eval_core50_nc_b8/0,eval_core50_nc_b8,core50_nc,0,0,26.224801409000065,11.177801884477958,0.0,11.177801884477958,False,0.4262301822671518
effectiveness_v3_20260918T035221Z_7b303cae,dev/splitcifar100/eval_batch/eval_splitcifar100_b128/0,eval_splitcifar100_b128,splitcifar100,0,0,5.324573917983798,1.5495580529677682,0.0,1.5495580529677682,False,0.29102010354934155
effectiveness_v3_20260918T035236Z_4f0930ef,dev/splitcifar100/eval_batch/eval_splitcifar100_b32/0,eval_splitcifar100_b32,splitcifar100,0,0,5.273048037983244,1.5542618052277248,0.0,1.5542618052277248,False,0.2947558592358615
effectiveness_v3_20260918T035250Z_e0948625,dev/splitcifar100/eval_batch/eval_splitcifar100_b8/0,eval_splitcifar100_b8,splitcifar100,0,0,5.354050577007001,1.5724580397945829,0.0,1.5724580397945829,False,0.2936950290584688
effectiveness_v3_20260918T040734Z_93bd9bba,dev/core50_nc/s0_profile/s0_core50_nc_rep0/0,s0_core50_nc_rep0,core50_nc,0,0,27.953322985995328,11.760603304457618,0.0,11.760603304457618,False,0.42072290690984054
effectiveness_v3_20260918T040734Z_93bd9bba,dev/core50_nc/s0_profile/s0_core50_nc_rep0/0,s0_core50_nc_rep0,core50_nc,0,1,16.46921549900435,9.212796449661255,0.0,9.212796449661255,False,0.5593949784808036
effectiveness_v3_20260918T040734Z_93bd9bba,dev/core50_nc/s0_profile/s0_core50_nc_rep0/0,s0_core50_nc_rep0,core50_nc,0,2,13.655019875004655,7.663845007336931,0.0,7.663845007336931,False,0.5612474443457607
effectiveness_v3_20260918T040734Z_93bd9bba,dev/core50_nc/s0_profile/s0_core50_nc_rep0/0,s0_core50_nc_rep0,core50_nc,0,3,17.53096735200961,9.844794840872055,0.0,9.844794840872055,False,0.5615659788302284
effectiveness_v3_20260918T040734Z_93bd9bba,dev/core50_nc/s0_profile/s0_core50_nc_rep0/0,s0_core50_nc_rep0,core50_nc,0,4,14.531310964026488,8.11171965347603,0.0,8.11171965347603,False,0.5582235266699123
effectiveness_v3_20260918T040734Z_93bd9bba,dev/core50_nc/s0_profile/s0_core50_nc_rep0/0,s0_core50_nc_rep0,core50_nc,0,5,16.979125212004874,9.518792457034579,0.0,9.518792457034579,False,0.5606173662176916
effectiveness_v3_20260918T040734Z_93bd9bba,dev/core50_nc/s0_profile/s0_core50_nc_rep0/0,s0_core50_nc_rep0,core50_nc,0,6,16.71376491599949,9.312091466796119,0.0,9.312091466796119,False,0.5571510376983935
effectiveness_v3_20260918T040734Z_93bd9bba,dev/core50_nc/s0_profile/s0_core50_nc_rep0/0,s0_core50_nc_rep0,core50_nc,0,7,11.628630610997789,7.011872849921929,0.0,7.011872849921929,False,0.602983539892517
effectiveness_v3_20260918T040734Z_93bd9bba,dev/core50_nc/s0_profile/s0_core50_nc_rep0/0,s0_core50_nc_rep0,core50_nc,0,8,15.750706997001544,8.944002905802336,0.0,8.944002905802336,False,0.5678477104237291
effectiveness_v3_20260918T041110Z_7da6f0cf,dev/core50_nc/s0_profile/s0_core50_nc_rep1/0,s0_core50_nc_rep1,core50_nc,0,0,28.2865039309836,11.766217606666032,0.0,11.766217606666032,False,0.4159657777212233
effectiveness_v3_20260918T041110Z_7da6f0cf,dev/core50_nc/s0_profile/s0_core50_nc_rep1/0,s0_core50_nc_rep1,core50_nc,0,1,17.446304704004433,9.35308461484965,0.0,9.35308461484965,False,0.5361069162516029
effectiveness_v3_20260918T041110Z_7da6f0cf,dev/core50_nc/s0_profile/s0_core50_nc_rep1/0,s0_core50_nc_rep1,core50_nc,0,2,13.860398718010401,7.47782242813264,0.0,7.47782242813264,False,0.5395099073460167
effectiveness_v3_20260918T041110Z_7da6f0cf,dev/core50_nc/s0_profile/s0_core50_nc_rep1/0,s0_core50_nc_rep1,core50_nc,0,3,17.68392925299122,9.625386394793168,0.0,9.625386394793168,False,0.5443013403350414
effectiveness_v3_20260918T041110Z_7da6f0cf,dev/core50_nc/s0_profile/s0_core50_nc_rep1/0,s0_core50_nc_rep1,core50_nc,0,4,14.177877666021232,7.686552297498565,0.0,7.686552297498565,False,0.5421511229371229
effectiveness_v3_20260918T041110Z_7da6f0cf,dev/core50_nc/s0_profile/s0_core50_nc_rep1/0,s0_core50_nc_rep1,core50_nc,0,5,11.884086453996133,6.876221623970196,0.0,6.876221623970196,False,0.5786075059777105
effectiveness_v3_20260918T041110Z_7da6f0cf,dev/core50_nc/s0_profile/s0_core50_nc_rep1/0,s0_core50_nc_rep1,core50_nc,0,6,11.834526685008314,6.794882135844091,0.0,6.794882135844091,False,0.5741574899190248
effectiveness_v3_20260918T041110Z_7da6f0cf,dev/core50_nc/s0_profile/s0_core50_nc_rep1/0,s0_core50_nc_rep1,core50_nc,0,7,11.249326143995859,6.539433142810594,0.0,6.539433142810594,False,0.5813177659802234
effectiveness_v3_20260918T041110Z_7da6f0cf,dev/core50_nc/s0_profile/s0_core50_nc_rep1/0,s0_core50_nc_rep1,core50_nc,0,8,13.807013464014744,7.827629336854443,0.0,7.827629336854443,False,0.5669313901413665
effectiveness_v3_20260918T041442Z_64049f11,dev/core50_nc/plugin_cost/cost_core50_nc_b64/0,cost_core50_nc_b64,core50_nc,0,0,10.240838777011959,5.997145884903148,0.0,5.997145884903148,False,0.5856108093767859
effectiveness_v3_20260918T041442Z_64049f11,dev/core50_nc/plugin_cost/cost_core50_nc_b64/0,cost_core50_nc_b64,core50_nc,0,1,7.604974966001464,5.5275623710185755,0.0,5.5275623710185755,False,0.7268350514932532
effectiveness_v3_20260918T041442Z_64049f11,dev/core50_nc/plugin_cost/cost_core50_nc_b64/0,cost_core50_nc_b64,core50_nc,0,2,6.227269916998921,4.690719683130737,0.0,4.690719683130737,False,0.7532545956176112
effectiveness_v3_20260918T041442Z_64049f11,dev/core50_nc/plugin_cost/cost_core50_nc_b64/0,cost_core50_nc_b64,core50_nc,0,3,8.4492140779912,6.15109459523228,0.0,6.15109459523228,False,0.7280078997234618
effectiveness_v3_20260918T041442Z_64049f11,dev/core50_nc/plugin_cost/cost_core50_nc_b64/0,cost_core50_nc_b64,core50_nc,0,4,6.62474438798381,4.835821450018557,0.0,4.835821450018557,False,0.72996347735166
effectiveness_v3_20260918T041442Z_64049f11,dev/core50_nc/plugin_cost/cost_core50_nc_b64/0,cost_core50_nc_b64,core50_nc,0,5,8.454874010989442,6.204627796134446,0.0,6.204627796134446,False,0.7338521884619238
effectiveness_v3_20260918T041442Z_64049f11,dev/core50_nc/plugin_cost/cost_core50_nc_b64/0,cost_core50_nc_b64,core50_nc,0,6,7.578671884984942,5.405575562879676,0.0,5.405575562879676,False,0.7132615905419181
effectiveness_v3_20260918T041442Z_64049f11,dev/core50_nc/plugin_cost/cost_core50_nc_b64/0,cost_core50_nc_b64,core50_nc,0,7,6.652884470997378,4.919828654965386,0.0,4.919828654965386,False,0.739503094697182
effectiveness_v3_20260918T041442Z_64049f11,dev/core50_nc/plugin_cost/cost_core50_nc_b64/0,cost_core50_nc_b64,core50_nc,0,8,7.14813620300265,5.389140500104986,0.0,5.389140500104986,False,0.7539224697259155
effectiveness_v3_20260918T041653Z_27f9e4f1,dev/core50_nc/plugin_cost/cost_core50_nc_b256/0,cost_core50_nc_b256,core50_nc,0,0,7.547786306007765,5.904317684180569,0.0,5.904317684180569,False,0.7822581939662157
effectiveness_v3_20260918T041653Z_27f9e4f1,dev/core50_nc/plugin_cost/cost_core50_nc_b256/0,cost_core50_nc_b256,core50_nc,0,1,6.0280352419940755,5.430912737065228,0.0,5.430912737065228,False,0.9009424329889419
effectiveness_v3_20260918T041653Z_27f9e4f1,dev/core50_nc/plugin_cost/cost_core50_nc_b256/0,cost_core50_nc_b256,core50_nc,0,2,5.001670838973951,4.5136209620395675,0.0,4.5136209620395675,False,0.9024226318270672
effectiveness_v3_20260918T041653Z_27f9e4f1,dev/core50_nc/plugin_cost/cost_core50_nc_b256/0,cost_core50_nc_b256,core50_nc,0,3,6.270870156004094,5.660182212974178,0.0,5.660182212974178,False,0.902615119140171
effectiveness_v3_20260918T041653Z_27f9e4f1,dev/core50_nc/plugin_cost/cost_core50_nc_b256/0,cost_core50_nc_b256,core50_nc,0,4,5.18122977897292,4.654978434089571,0.0,4.654978434089571,False,0.898431189633966
effectiveness_v3_20260918T041653Z_27f9e4f1,dev/core50_nc/plugin_cost/cost_core50_nc_b256/0,cost_core50_nc_b256,core50_nc,0,5,6.0518878110160585,5.46658409704105,0.0,5.46658409704105,False,0.9032857626822495
effectiveness_v3_20260918T041653Z_27f9e4f1,dev/core50_nc/plugin_cost/cost_core50_nc_b256/0,cost_core50_nc_b256,core50_nc,0,6,6.091809013974853,5.268821951205609,0.0,5.268821951205609,False,0.8649026814725678
effectiveness_v3_20260918T041653Z_27f9e4f1,dev/core50_nc/plugin_cost/cost_core50_nc_b256/0,cost_core50_nc_b256,core50_nc,0,7,5.55845767800929,5.001678744039964,0.0,5.001678744039964,False,0.8998321177883409
effectiveness_v3_20260918T041653Z_27f9e4f1,dev/core50_nc/plugin_cost/cost_core50_nc_b256/0,cost_core50_nc_b256,core50_nc,0,8,5.897929869999643,5.3259698550682515,0.0,5.3259698550682515,False,0.9030235985272191
effectiveness_v3_20260918T041849Z_142c7d28,dev/core50_nc/plugin_cost/cost_core50_nc_gem/0,cost_core50_nc_gem,core50_nc,0,0,25.462154304987052,10.970996389194624,0.0,10.970996389194624,False,0.43087463290746886
effectiveness_v3_20260918T041849Z_142c7d28,dev/core50_nc/plugin_cost/cost_core50_nc_gem/0,cost_core50_nc_gem,core50_nc,0,1,23.29233713299618,7.2760008801706135,0.0,7.2760008801706135,False,0.31237745008693657
effectiveness_v3_20260918T041849Z_142c7d28,dev/core50_nc/plugin_cost/cost_core50_nc_gem/0,cost_core50_nc_gem,core50_nc,0,2,26.586134276993107,6.53658484769403,0.0,6.53658484769403,False,0.2458644336777689
effectiveness_v3_20260918T041849Z_142c7d28,dev/core50_nc/plugin_cost/cost_core50_nc_gem/0,cost_core50_nc_gem,core50_nc,0,3,43.044306305993814,8.574378465942573,0.0,8.574378465942573,False,0.19919889996574558
effectiveness_v3_20260918T041849Z_142c7d28,dev/core50_nc/plugin_cost/cost_core50_nc_gem/0,cost_core50_nc_gem,core50_nc,0,4,44.155609565001214,7.312347512721317,0.0,7.312347512721317,False,0.1656040440786318
effectiveness_v3_20260918T041849Z_142c7d28,dev/core50_nc/plugin_cost/cost_core50_nc_gem/0,cost_core50_nc_gem,core50_nc,0,5,59.51184969302267,8.66244706584257,0.0,8.66244706584257,False,0.1455583570419284
effectiveness_v3_20260918T041849Z_142c7d28,dev/core50_nc/plugin_cost/cost_core50_nc_gem/0,cost_core50_nc_gem,core50_nc,0,6,65.28720145698753,8.243733823066577,0.0,8.243733823066577,False,0.12626875772118534
effectiveness_v3_20260918T041849Z_142c7d28,dev/core50_nc/plugin_cost/cost_core50_nc_gem/0,cost_core50_nc_gem,core50_nc,0,7,70.67643342001247,7.954048638173845,0.0,7.954048638173845,False,0.11254173779405238
effectiveness_v3_20260918T041849Z_142c7d28,dev/core50_nc/plugin_cost/cost_core50_nc_gem/0,cost_core50_nc_gem,core50_nc,0,8,83.5660639090056,9.080345858965302,0.0,9.080345858965302,False,0.10866068633856939
effectiveness_v3_20260918T042714Z_1547820b,dev/core50_nc/plugin_cost/cost_core50_nc_ewc/0,cost_core50_nc_ewc,core50_nc,0,0,55.609017159004,11.633111446455587,0.0,11.633111446455587,False,0.20919469612621985
effectiveness_v3_20260918T042714Z_1547820b,dev/core50_nc/plugin_cost/cost_core50_nc_ewc/0,cost_core50_nc_ewc,core50_nc,0,1,42.179421111999545,11.747027240664465,0.0,11.747027240664465,False,0.2785013860069923
effectiveness_v3_20260918T042714Z_1547820b,dev/core50_nc/plugin_cost/cost_core50_nc_ewc/0,cost_core50_nc_ewc,core50_nc,0,2,42.70266040900606,10.338077895285096,0.0,10.338077895285096,False,0.24209446896907574
effectiveness_v3_20260918T042714Z_1547820b,dev/core50_nc/plugin_cost/cost_core50_nc_ewc/0,cost_core50_nc_ewc,core50_nc,0,3,62.88366613100516,12.513481569301803,0.0,12.513481569301803,False,0.1989941480707016
effectiveness_v3_20260918T042714Z_1547820b,dev/core50_nc/plugin_cost/cost_core50_nc_ewc/0,cost_core50_nc_ewc,core50_nc,0,4,59.989327866001986,12.078384507680312,0.0,12.078384507680312,False,0.20134222098070126
effectiveness_v3_20260918T042714Z_1547820b,dev/core50_nc/plugin_cost/cost_core50_nc_ewc/0,cost_core50_nc_ewc,core50_nc,0,5,74.10465568400105,12.209408722788794,0.0,12.209408722788794,False,0.16475899672015837
effectiveness_v3_20260918T042714Z_1547820b,dev/core50_nc/plugin_cost/cost_core50_nc_ewc/0,cost_core50_nc_ewc,core50_nc,0,6,79.51826160898781,12.173139407095732,0.0,12.173139407095732,False,0.15308608564601497
effectiveness_v3_20260918T042714Z_1547820b,dev/core50_nc/plugin_cost/cost_core50_nc_ewc/0,cost_core50_nc_ewc,core50_nc,0,7,81.17139358399436,10.645845338411164,0.0,10.645845338411164,False,0.1311526742163799
effectiveness_v3_20260918T042714Z_1547820b,dev/core50_nc/plugin_cost/cost_core50_nc_ewc/0,cost_core50_nc_ewc,core50_nc,0,8,91.17947541800095,11.093804514996009,0.0,11.093804514996009,False,0.1216699752234573
effectiveness_v3_20260918T043807Z_ed855c65,dev/core50_nc/plugin_cost/cost_core50_nc_gem_ewc/0,cost_core50_nc_gem_ewc,core50_nc,0,0,52.67947718099458,10.105365299416007,0.0,10.105365299416007,False,0.19182736504191744
effectiveness_v3_20260918T043807Z_ed855c65,dev/core50_nc/plugin_cost/cost_core50_nc_gem_ewc/0,cost_core50_nc_gem_ewc,core50_nc,0,1,43.73988550200011,6.956323989114026,0.0,6.956323989114026,False,0.15903845904662764
effectiveness_v3_20260918T043807Z_ed855c65,dev/core50_nc/plugin_cost/cost_core50_nc_gem_ewc/0,cost_core50_nc_gem_ewc,core50_nc,0,2,46.96382384499884,6.232519936165772,0.0,6.232519936165772,False,0.13270895395434185
effectiveness_v3_20260918T043807Z_ed855c65,dev/core50_nc/plugin_cost/cost_core50_nc_gem_ewc/0,cost_core50_nc_gem_ewc,core50_nc,0,3,91.42029213698697,13.003734217549209,0.0,13.003734217549209,False,0.14224122362313188
effectiveness_v3_20260918T043807Z_ed855c65,dev/core50_nc/plugin_cost/cost_core50_nc_gem_ewc/0,cost_core50_nc_gem_ewc,core50_nc,0,4,92.60370176300057,10.844782287167618,0.0,10.844782287167618,False,0.11710959800421937
effectiveness_v3_20260918T043807Z_ed855c65,dev/core50_nc/plugin_cost/cost_core50_nc_gem_ewc/0,cost_core50_nc_gem_ewc,core50_nc,0,5,123.75853136600927,14.595551421749406,0.0,14.595551421749406,False,0.11793571934514833
effectiveness_v3_20260918T043807Z_ed855c65,dev/core50_nc/plugin_cost/cost_core50_nc_gem_ewc/0,cost_core50_nc_gem_ewc,core50_nc,0,6,135.25442365399795,12.279198393021943,0.0,12.279198393021943,False,0.0907859281884492
effectiveness_v3_20260918T043807Z_ed855c65,dev/core50_nc/plugin_cost/cost_core50_nc_gem_ewc/0,cost_core50_nc_gem_ewc,core50_nc,0,7,142.57133603701368,11.499940385081572,0.0,11.499940385081572,False,0.0806609568566855
effectiveness_v3_20260918T043807Z_ed855c65,dev/core50_nc/plugin_cost/cost_core50_nc_gem_ewc/0,cost_core50_nc_gem_ewc,core50_nc,0,8,166.3567534419999,12.085007690882776,0.0,12.085007690882776,False,0.0726451282610309
effectiveness_v3_20260918T045416Z_2e6c108f,dev/splitcifar100/s0_profile/s0_splitcifar100_rep0/0,s0_splitcifar100_rep0,splitcifar100,0,0,5.406355520011857,1.576878558989847,0.0,1.576878558989847,False,0.29167126600405086
effectiveness_v3_20260918T045416Z_2e6c108f,dev/splitcifar100/s0_profile/s0_splitcifar100_rep0/0,s0_splitcifar100_rep0,splitcifar100,0,1,6.138766867981758,2.7808899879455566,0.0,2.7808899879455566,False,0.45300465838668175
effectiveness_v3_20260918T045416Z_2e6c108f,dev/splitcifar100/s0_profile/s0_splitcifar100_rep0/0,s0_splitcifar100_rep0,splitcifar100,0,2,6.032955834991299,2.789572102105012,0.0,2.789572102105012,False,0.4623889480386086
effectiveness_v3_20260918T045416Z_2e6c108f,dev/splitcifar100/s0_profile/s0_splitcifar100_rep0/0,s0_splitcifar100_rep0,splitcifar100,0,3,6.041100542992353,2.785161271953257,0.0,2.785161271953257,False,0.46103541103682344
effectiveness_v3_20260918T045416Z_2e6c108f,dev/splitcifar100/s0_profile/s0_splitcifar100_rep0/0,s0_splitcifar100_rep0,splitcifar100,0,4,6.305150630010758,2.816316648328211,0.0,2.816316648328211,False,0.44666920960196094
effectiveness_v3_20260918T045416Z_2e6c108f,dev/splitcifar100/s0_profile/s0_splitcifar100_rep0/0,s0_splitcifar100_rep0,splitcifar100,0,5,5.984403928014217,2.7741022598929703,0.0,2.7741022598929703,False,0.46355531699770985
effectiveness_v3_20260918T045416Z_2e6c108f,dev/splitcifar100/s0_profile/s0_splitcifar100_rep0/0,s0_splitcifar100_rep0,splitcifar100,0,6,5.84692779899342,2.7088418588391505,0.0,2.7088418588391505,False,0.4632931946424056
effectiveness_v3_20260918T045416Z_2e6c108f,dev/splitcifar100/s0_profile/s0_splitcifar100_rep0/0,s0_splitcifar100_rep0,splitcifar100,0,7,5.849772832007147,2.7077703081595246,0.0,2.7077703081595246,False,0.4628846941446864
effectiveness_v3_20260918T045416Z_2e6c108f,dev/splitcifar100/s0_profile/s0_splitcifar100_rep0/0,s0_splitcifar100_rep0,splitcifar100,0,8,5.937170660996344,2.7538901536609046,0.0,2.7538901536609046,False,0.4638388065467469
effectiveness_v3_20260918T045416Z_2e6c108f,dev/splitcifar100/s0_profile/s0_splitcifar100_rep0/0,s0_splitcifar100_rep0,splitcifar100,0,9,5.9284577690123115,2.7420838368707336,0.0,2.7420838368707336,False,0.46252903262690664
effectiveness_v3_20260918T045539Z_46e01d7e,dev/splitcifar100/s0_profile/s0_splitcifar100_rep1/0,s0_splitcifar100_rep1,splitcifar100,0,0,5.275753492984222,1.5808517838304397,0.0,1.5808517838304397,False,0.29964474002295227
effectiveness_v3_20260918T045539Z_46e01d7e,dev/splitcifar100/s0_profile/s0_splitcifar100_rep1/0,s0_splitcifar100_rep1,splitcifar100,0,1,5.744201938010519,2.7067260179610457,0.0,2.7067260179610457,False,0.47121010841386074
effectiveness_v3_20260918T045539Z_46e01d7e,dev/splitcifar100/s0_profile/s0_splitcifar100_rep1/0,s0_splitcifar100_rep1,splitcifar100,0,2,5.665700455982005,2.6706229888950475,0.0,2.6706229888950475,False,0.4713667815027759
effectiveness_v3_20260918T045539Z_46e01d7e,dev/splitcifar100/s0_profile/s0_splitcifar100_rep1/0,s0_splitcifar100_rep1,splitcifar100,0,3,5.840425353992032,2.7398014680074994,0.0,2.7398014680074994,False,0.4691099195600193
effectiveness_v3_20260918T045539Z_46e01d7e,dev/splitcifar100/s0_profile/s0_splitcifar100_rep1/0,s0_splitcifar100_rep1,splitcifar100,0,4,5.87755174699123,2.6742529610637575,0.0,2.6742529610637575,False,0.45499437115678837
effectiveness_v3_20260918T045539Z_46e01d7e,dev/splitcifar100/s0_profile/s0_splitcifar100_rep1/0,s0_splitcifar100_rep1,splitcifar100,0,5,6.071148903021822,2.823281935794512,0.0,2.823281935794512,False,0.46503256317585395
effectiveness_v3_20260918T045539Z_46e01d7e,dev/splitcifar100/s0_profile/s0_splitcifar100_rep1/0,s0_splitcifar100_rep1,splitcifar100,0,6,6.139278566988651,2.864181146316696,0.0,2.864181146316696,False,0.46653383049233293
effectiveness_v3_20260918T045539Z_46e01d7e,dev/splitcifar100/s0_profile/s0_splitcifar100_rep1/0,s0_splitcifar100_rep1,splitcifar100,0,7,6.007060448027914,2.785914874111768,0.0,2.785914874111768,False,0.4637734043489389
effectiveness_v3_20260918T045539Z_46e01d7e,dev/splitcifar100/s0_profile/s0_splitcifar100_rep1/0,s0_splitcifar100_rep1,splitcifar100,0,8,6.040176721988246,2.8015277512313332,0.0,2.8015277512313332,False,0.4638155272895979
effectiveness_v3_20260918T045539Z_46e01d7e,dev/splitcifar100/s0_profile/s0_splitcifar100_rep1/0,s0_splitcifar100_rep1,splitcifar100,0,9,4.915176178998081,2.3544985502085183,0.0,2.3544985502085183,False,0.47902627789192775
effectiveness_v3_20260918T045709Z_0b11e29d,dev/splitcifar100/plugin_cost/cost_splitcifar100_b64/0,cost_splitcifar100_b64,splitcifar100,0,0,2.160147007991327,0.9034932299691718,0.0,0.9034932299691718,False,0.41825543660998804
effectiveness_v3_20260918T045709Z_0b11e29d,dev/splitcifar100/plugin_cost/cost_splitcifar100_b64/0,cost_splitcifar100_b64,splitcifar100,0,1,2.242374796012882,1.3659448178077582,0.0,1.3659448178077582,False,0.6091509859264005
effectiveness_v3_20260918T045709Z_0b11e29d,dev/splitcifar100/plugin_cost/cost_splitcifar100_b64/0,cost_splitcifar100_b64,splitcifar100,0,2,2.0868755979754496,1.2892134120338596,0.0,1.2892134120338596,False,0.6177720479766835
effectiveness_v3_20260918T045709Z_0b11e29d,dev/splitcifar100/plugin_cost/cost_splitcifar100_b64/0,cost_splitcifar100_b64,splitcifar100,0,3,2.2516901300114114,1.464850274962373,0.0,1.464850274962373,False,0.6505558893021169
effectiveness_v3_20260918T045709Z_0b11e29d,dev/splitcifar100/plugin_cost/cost_splitcifar100_b64/0,cost_splitcifar100_b64,splitcifar100,0,4,2.5642193199892063,1.5242515779973473,0.0,1.5242515779973473,False,0.5944310481225777
effectiveness_v3_20260918T045709Z_0b11e29d,dev/splitcifar100/plugin_cost/cost_splitcifar100_b64/0,cost_splitcifar100_b64,splitcifar100,0,5,2.3397600099851843,1.5175623438553885,0.0,1.5175623438553885,False,0.6485974362238108
effectiveness_v3_20260918T045709Z_0b11e29d,dev/splitcifar100/plugin_cost/cost_splitcifar100_b64/0,cost_splitcifar100_b64,splitcifar100,0,6,2.436626801005332,1.5921194879629184,0.0,1.5921194879629184,False,0.6534113009452343
effectiveness_v3_20260918T045709Z_0b11e29d,dev/splitcifar100/plugin_cost/cost_splitcifar100_b64/0,cost_splitcifar100_b64,splitcifar100,0,7,2.3889612760103773,1.5413742278178688,0.0,1.5413742278178688,False,0.6452068701557192
effectiveness_v3_20260918T045709Z_0b11e29d,dev/splitcifar100/plugin_cost/cost_splitcifar100_b64/0,cost_splitcifar100_b64,splitcifar100,0,8,2.3874614349915646,1.5396708989574108,0.0,1.5396708989574108,False,0.6448987516160029
effectiveness_v3_20260918T045709Z_0b11e29d,dev/splitcifar100/plugin_cost/cost_splitcifar100_b64/0,cost_splitcifar100_b64,splitcifar100,0,9,2.417426025000168,1.5940379040548578,0.0,1.5940379040548578,False,0.659394698149966
effectiveness_v3_20260918T045753Z_531aff64,dev/splitcifar100/plugin_cost/cost_splitcifar100_b256/0,cost_splitcifar100_b256,splitcifar100,0,0,1.661678630975075,0.7864176850125659,0.0,0.7864176850125659,False,0.4732670146640178
effectiveness_v3_20260918T045753Z_531aff64,dev/splitcifar100/plugin_cost/cost_splitcifar100_b256/0,cost_splitcifar100_b256,splitcifar100,0,1,1.9252289930009283,1.2985820840112865,0.0,1.2985820840112865,False,0.6745078578871476
effectiveness_v3_20260918T045753Z_531aff64,dev/splitcifar100/plugin_cost/cost_splitcifar100_b256/0,cost_splitcifar100_b256,splitcifar100,0,2,1.9072283020068426,1.3819503589184023,0.0,1.3819503589184023,False,0.7245857024375493
effectiveness_v3_20260918T045753Z_531aff64,dev/splitcifar100/plugin_cost/cost_splitcifar100_b256/0,cost_splitcifar100_b256,splitcifar100,0,3,1.8881933790107723,1.3158145830093417,0.0,1.3158145830093417,False,0.6968643136004953
effectiveness_v3_20260918T045753Z_531aff64,dev/splitcifar100/plugin_cost/cost_splitcifar100_b256/0,cost_splitcifar100_b256,splitcifar100,0,4,1.9345178799994756,1.3829959330323618,0.0,1.3829959330323618,False,0.7149047043352924
effectiveness_v3_20260918T045753Z_531aff64,dev/splitcifar100/plugin_cost/cost_splitcifar100_b256/0,cost_splitcifar100_b256,splitcifar100,0,5,2.173472121998202,1.3324087449873332,0.0,1.3324087449873332,False,0.6130323602965612
effectiveness_v3_20260918T045753Z_531aff64,dev/splitcifar100/plugin_cost/cost_splitcifar100_b256/0,cost_splitcifar100_b256,splitcifar100,0,6,1.9206922099983785,1.324050387920579,0.0,1.324050387920579,False,0.6893610444339214
effectiveness_v3_20260918T045753Z_531aff64,dev/splitcifar100/plugin_cost/cost_splitcifar100_b256/0,cost_splitcifar100_b256,splitcifar100,0,7,1.9590189090231434,1.3783717520418577,0.0,1.3783717520418577,False,0.7036030870825933
effectiveness_v3_20260918T045753Z_531aff64,dev/splitcifar100/plugin_cost/cost_splitcifar100_b256/0,cost_splitcifar100_b256,splitcifar100,0,8,1.9754308440024033,1.3578813489584718,0.0,1.3578813489584718,False,0.6873849079967184
effectiveness_v3_20260918T045753Z_531aff64,dev/splitcifar100/plugin_cost/cost_splitcifar100_b256/0,cost_splitcifar100_b256,splitcifar100,0,9,1.9762078479980119,1.3853485419822391,0.0,1.3853485419822391,False,0.7010135818383982
effectiveness_v3_20260918T045833Z_3ea4231e,dev/splitcifar100/plugin_cost/cost_splitcifar100_gem/0,cost_splitcifar100_gem,splitcifar100,0,0,5.298766608990263,1.5638139581424184,0.0,1.5638139581424184,False,0.2951279181629062
effectiveness_v3_20260918T045833Z_3ea4231e,dev/splitcifar100/plugin_cost/cost_splitcifar100_gem/0,cost_splitcifar100_gem,splitcifar100,0,1,8.90038735800772,2.006618862738833,0.0,2.006618862738833,False,0.22545298109227443
effectiveness_v3_20260918T045833Z_3ea4231e,dev/splitcifar100/plugin_cost/cost_splitcifar100_gem/0,cost_splitcifar100_gem,splitcifar100,0,2,12.232209500973113,2.185082172101829,0.0,2.185082172101829,False,0.17863348170483825
effectiveness_v3_20260918T045833Z_3ea4231e,dev/splitcifar100/plugin_cost/cost_splitcifar100_gem/0,cost_splitcifar100_gem,splitcifar100,0,3,15.595634131983388,2.1613828986592125,0.0,2.1613828986592125,False,0.13858897178324206
effectiveness_v3_20260918T045833Z_3ea4231e,dev/splitcifar100/plugin_cost/cost_splitcifar100_gem/0,cost_splitcifar100_gem,splitcifar100,0,4,18.95341718601412,2.1822548730124254,0.0,2.1822548730124254,False,0.11513780610615845
effectiveness_v3_20260918T045833Z_3ea4231e,dev/splitcifar100/plugin_cost/cost_splitcifar100_gem/0,cost_splitcifar100_gem,splitcifar100,0,5,22.266770835994976,1.994741214934038,0.0,1.994741214934038,False,0.08958376720298718
effectiveness_v3_20260918T045833Z_3ea4231e,dev/splitcifar100/plugin_cost/cost_splitcifar100_gem/0,cost_splitcifar100_gem,splitcifar100,0,6,25.124514315015404,1.9716956509219017,0.0,1.9716956509219017,False,0.07847696581117743
effectiveness_v3_20260918T045833Z_3ea4231e,dev/splitcifar100/plugin_cost/cost_splitcifar100_gem/0,cost_splitcifar100_gem,splitcifar100,0,7,28.70709482600796,2.085517286002869,0.0,2.085517286002869,False,0.0726481484330988
effectiveness_v3_20260918T045833Z_3ea4231e,dev/splitcifar100/plugin_cost/cost_splitcifar100_gem/0,cost_splitcifar100_gem,splitcifar100,0,8,32.13167018798413,2.1279393800650723,0.0,2.1279393800650723,False,0.0662256075583905
effectiveness_v3_20260918T045833Z_3ea4231e,dev/splitcifar100/plugin_cost/cost_splitcifar100_gem/0,cost_splitcifar100_gem,splitcifar100,0,9,35.236624682002,2.0518395248800516,0.0,2.0518395248800516,False,0.05823030847583085
effectiveness_v3_20260918T050219Z_ee7b9532,dev/splitcifar100/plugin_cost/cost_splitcifar100_ewc/0,cost_splitcifar100_ewc,splitcifar100,0,0,10.37164075099281,1.5591453919769265,0.0,1.5591453919769265,False,0.15032774750009342
effectiveness_v3_20260918T050219Z_ee7b9532,dev/splitcifar100/plugin_cost/cost_splitcifar100_ewc/0,cost_splitcifar100_ewc,splitcifar100,0,1,14.322280408989172,2.5807441079814453,0.0,2.5807441079814453,False,0.18019086585971872
effectiveness_v3_20260918T050219Z_ee7b9532,dev/splitcifar100/plugin_cost/cost_splitcifar100_ewc/0,cost_splitcifar100_ewc,splitcifar100,0,2,18.266785382991657,2.664527835615445,0.0,2.664527835615445,False,0.14586736416668075
effectiveness_v3_20260918T050219Z_ee7b9532,dev/splitcifar100/plugin_cost/cost_splitcifar100_ewc/0,cost_splitcifar100_ewc,splitcifar100,0,3,21.081349315994885,2.99353940988658,0.0,2.99353940988658,False,0.1419994216221879
effectiveness_v3_20260918T050219Z_ee7b9532,dev/splitcifar100/plugin_cost/cost_splitcifar100_ewc/0,cost_splitcifar100_ewc,splitcifar100,0,4,23.551925528998254,2.521215604065219,0.0,2.521215604065219,False,0.10704923472014966
effectiveness_v3_20260918T050219Z_ee7b9532,dev/splitcifar100/plugin_cost/cost_splitcifar100_ewc/0,cost_splitcifar100_ewc,splitcifar100,0,5,27.327185704023577,2.976238217204809,0.0,2.976238217204809,False,0.108911259631342
effectiveness_v3_20260918T050219Z_ee7b9532,dev/splitcifar100/plugin_cost/cost_splitcifar100_ewc/0,cost_splitcifar100_ewc,splitcifar100,0,6,30.19795933799469,2.933172324934276,0.0,2.933172324934276,False,0.09713147474981185
effectiveness_v3_20260918T050219Z_ee7b9532,dev/splitcifar100/plugin_cost/cost_splitcifar100_ewc/0,cost_splitcifar100_ewc,splitcifar100,0,7,31.356569652009057,2.8629972129128873,0.0,2.8629972129128873,False,0.09130454143058507
effectiveness_v3_20260918T050219Z_ee7b9532,dev/splitcifar100/plugin_cost/cost_splitcifar100_ewc/0,cost_splitcifar100_ewc,splitcifar100,0,8,33.93715576600516,2.6353752632567193,0.0,2.6353752632567193,False,0.0776545707432729
effectiveness_v3_20260918T050219Z_ee7b9532,dev/splitcifar100/plugin_cost/cost_splitcifar100_ewc/0,cost_splitcifar100_ewc,splitcifar100,0,9,35.67598014898249,2.5363839070196263,0.0,2.5363839070196263,False,0.07109500275613216
effectiveness_v3_20260918T050652Z_3e217be9,dev/splitcifar100/plugin_cost/cost_splitcifar100_gem_ewc/0,cost_splitcifar100_gem_ewc,splitcifar100,0,0,10.216744898003526,1.503529935667757,0.0,1.503529935667757,False,0.14716330403449387
effectiveness_v3_20260918T050652Z_3e217be9,dev/splitcifar100/plugin_cost/cost_splitcifar100_gem_ewc/0,cost_splitcifar100_gem_ewc,splitcifar100,0,1,16.251882944983663,1.7298563181830104,0.0,1.7298563181830104,False,0.10644036288219459
effectiveness_v3_20260918T050652Z_3e217be9,dev/splitcifar100/plugin_cost/cost_splitcifar100_gem_ewc/0,cost_splitcifar100_gem_ewc,splitcifar100,0,2,21.63650343599147,1.770328449056251,0.0,1.770328449056251,False,0.08182137443295848
effectiveness_v3_20260918T050652Z_3e217be9,dev/splitcifar100/plugin_cost/cost_splitcifar100_gem_ewc/0,cost_splitcifar100_gem_ewc,splitcifar100,0,3,25.728032960993005,1.776603976933984,0.0,1.776603976933984,False,0.0690532377515041
effectiveness_v3_20260918T050652Z_3e217be9,dev/splitcifar100/plugin_cost/cost_splitcifar100_gem_ewc/0,cost_splitcifar100_gem_ewc,splitcifar100,0,4,30.98766737699043,1.8237581768480595,0.0,1.8237581768480595,False,0.05885432274267511
effectiveness_v3_20260918T050652Z_3e217be9,dev/splitcifar100/plugin_cost/cost_splitcifar100_gem_ewc/0,cost_splitcifar100_gem_ewc,splitcifar100,0,5,35.90492497099331,1.7639910679135937,0.0,1.7639910679135937,False,0.04912950157502566
effectiveness_v3_20260918T050652Z_3e217be9,dev/splitcifar100/plugin_cost/cost_splitcifar100_gem_ewc/0,cost_splitcifar100_gem_ewc,splitcifar100,0,6,41.41027953498997,1.7583712078921963,0.0,1.7583712078921963,False,0.042462191215262034
effectiveness_v3_20260918T050652Z_3e217be9,dev/splitcifar100/plugin_cost/cost_splitcifar100_gem_ewc/0,cost_splitcifar100_gem_ewc,splitcifar100,0,7,48.31985709597939,2.209174919029465,0.0,2.209174919029465,False,0.04571981482977702
effectiveness_v3_20260918T050652Z_3e217be9,dev/splitcifar100/plugin_cost/cost_splitcifar100_gem_ewc/0,cost_splitcifar100_gem_ewc,splitcifar100,0,8,53.28955096998834,1.9572591550240759,0.0,1.9572591550240759,False,0.03672876050553263
effectiveness_v3_20260918T050652Z_3e217be9,dev/splitcifar100/plugin_cost/cost_splitcifar100_gem_ewc/0,cost_splitcifar100_gem_ewc,splitcifar100,0,9,60.76458614799776,2.132470455864677,0.0,2.132470455864677,False,0.03509396823127946
effectiveness_v3_20260918T051310Z_753bf737,dev/core50_nc/quota_scan/quota_core50_nc_q160/0,quota_core50_nc_q160,core50_nc,0,0,27.07793365701218,11.518204057967523,0.0,11.518204057967523,False,0.4253723420651315
effectiveness_v3_20260918T051310Z_753bf737,dev/core50_nc/quota_scan/quota_core50_nc_q160/0,quota_core50_nc_q160,core50_nc,0,1,15.78321330700419,8.79470909864176,0.0,8.79470909864176,False,0.5572191750547332
effectiveness_v3_20260918T051310Z_753bf737,dev/core50_nc/quota_scan/quota_core50_nc_q160/0,quota_core50_nc_q160,core50_nc,0,2,13.028856092016213,7.325894378183875,0.0,7.325894378183875,False,0.5622822392422476
effectiveness_v3_20260918T051310Z_753bf737,dev/core50_nc/quota_scan/quota_core50_nc_q160/0,quota_core50_nc_q160,core50_nc,0,3,16.929708406009013,9.563788877072511,0.0,9.563788877072511,False,0.5649116126346246
effectiveness_v3_20260918T051310Z_753bf737,dev/core50_nc/quota_scan/quota_core50_nc_q160/0,quota_core50_nc_q160,core50_nc,0,4,13.836434088996612,7.779057151084999,0.0,7.779057151084999,False,0.5622154596371961
effectiveness_v3_20260918T051310Z_753bf737,dev/core50_nc/quota_scan/quota_core50_nc_q160/0,quota_core50_nc_q160,core50_nc,0,5,16.674379350995878,9.303023848711746,0.0,9.303023848711746,False,0.5579232457702314
effectiveness_v3_20260918T051310Z_753bf737,dev/core50_nc/quota_scan/quota_core50_nc_q160/0,quota_core50_nc_q160,core50_nc,0,6,16.101073186000576,8.962847486516694,0.0,8.962847486516694,False,0.556661495974668
effectiveness_v3_20260918T051310Z_753bf737,dev/core50_nc/quota_scan/quota_core50_nc_q160/0,quota_core50_nc_q160,core50_nc,0,7,15.214914249983849,8.516945398034295,0.0,8.516945398034295,False,0.559776102454428
effectiveness_v3_20260918T051310Z_753bf737,dev/core50_nc/quota_scan/quota_core50_nc_q160/0,quota_core50_nc_q160,core50_nc,0,8,16.04672017300618,9.075556887430139,0.0,9.075556887430139,False,0.5655708325179781
effectiveness_v3_20260918T051644Z_afe539fc,dev/core50_nc/quota_scan/quota_core50_nc_q176/0,quota_core50_nc_q176,core50_nc,0,0,26.886417152010836,11.506212802429218,0.0,11.506212802429218,False,0.42795634455030646
effectiveness_v3_20260918T051644Z_afe539fc,dev/core50_nc/quota_scan/quota_core50_nc_q176/0,quota_core50_nc_q176,core50_nc,0,1,13.83158200798789,7.9303987583261915,0.0,7.9303987583261915,False,0.5733544256720814
effectiveness_v3_20260918T051644Z_afe539fc,dev/core50_nc/quota_scan/quota_core50_nc_q176/0,quota_core50_nc_q176,core50_nc,0,2,11.799187844997505,6.735899143008282,0.0,6.735899143008282,False,0.5708782020844001
effectiveness_v3_20260918T051644Z_afe539fc,dev/core50_nc/quota_scan/quota_core50_nc_q176/0,quota_core50_nc_q176,core50_nc,0,3,11.702511271985713,7.030846149864374,0.0,7.030846149864374,False,0.6007980668811919
effectiveness_v3_20260918T051644Z_afe539fc,dev/core50_nc/quota_scan/quota_core50_nc_q176/0,quota_core50_nc_q176,core50_nc,0,4,12.392312070995104,6.952329391002422,0.0,6.952329391002422,False,0.5610195539922479
effectiveness_v3_20260918T051644Z_afe539fc,dev/core50_nc/quota_scan/quota_core50_nc_q176/0,quota_core50_nc_q176,core50_nc,0,5,15.948602479998954,8.938930909353076,0.0,8.938930909353076,False,0.5604836486810262
effectiveness_v3_20260918T051644Z_afe539fc,dev/core50_nc/quota_scan/quota_core50_nc_q176/0,quota_core50_nc_q176,core50_nc,0,6,15.240999537985772,8.442565963283414,0.0,8.442565963283414,False,0.5539378137399492
effectiveness_v3_20260918T051644Z_afe539fc,dev/core50_nc/quota_scan/quota_core50_nc_q176/0,quota_core50_nc_q176,core50_nc,0,7,14.434839655994438,7.829896970069967,0.0,7.829896970069967,False,0.5424304776962591
effectiveness_v3_20260918T051644Z_afe539fc,dev/core50_nc/quota_scan/quota_core50_nc_q176/0,quota_core50_nc_q176,core50_nc,0,8,15.365957971021999,8.467780940118246,0.0,8.467780940118246,False,0.5510740661979728
effectiveness_v3_20260918T052003Z_0326cd41,dev/core50_nc/quota_scan/quota_core50_nc_q192/0,quota_core50_nc_q192,core50_nc,0,0,27.64624304699828,11.693575392186176,0.0,11.693575392186176,False,0.4229715904727901
effectiveness_v3_20260918T052003Z_0326cd41,dev/core50_nc/quota_scan/quota_core50_nc_q192/0,quota_core50_nc_q192,core50_nc,0,1,16.263934009009972,9.001128745701862,0.0,9.001128745701862,False,0.5534410518829808
effectiveness_v3_20260918T052003Z_0326cd41,dev/core50_nc/quota_scan/quota_core50_nc_q192/0,quota_core50_nc_q192,core50_nc,0,2,12.751021547999699,7.099573319253977,0.0,7.099573319253977,False,0.5567846695677269
effectiveness_v3_20260918T052003Z_0326cd41,dev/core50_nc/quota_scan/quota_core50_nc_q192/0,quota_core50_nc_q192,core50_nc,0,3,16.865881877980428,9.382152572565246,0.0,9.382152572565246,False,0.5562799882296279
effectiveness_v3_20260918T052003Z_0326cd41,dev/core50_nc/quota_scan/quota_core50_nc_q192/0,quota_core50_nc_q192,core50_nc,0,4,13.699906483001541,7.651364770135842,0.0,7.651364770135842,False,0.5584975911791399
effectiveness_v3_20260918T052003Z_0326cd41,dev/core50_nc/quota_scan/quota_core50_nc_q192/0,quota_core50_nc_q192,core50_nc,0,5,11.527592432976235,6.857490041991696,0.0,6.857490041991696,False,0.5948761705327922
effectiveness_v3_20260918T052003Z_0326cd41,dev/core50_nc/quota_scan/quota_core50_nc_q192/0,quota_core50_nc_q192,core50_nc,0,6,13.177607300021918,7.437692009989405,0.0,7.437692009989405,False,0.5644190057156304
effectiveness_v3_20260918T052003Z_0326cd41,dev/core50_nc/quota_scan/quota_core50_nc_q192/0,quota_core50_nc_q192,core50_nc,0,7,15.164762872009305,8.331856863369467,0.0,8.331856863369467,False,0.5494221659573837
effectiveness_v3_20260918T052003Z_0326cd41,dev/core50_nc/quota_scan/quota_core50_nc_q192/0,quota_core50_nc_q192,core50_nc,0,8,16.154070628021145,8.9791099318536,0.0,8.9791099318536,False,0.5558419384571881
effectiveness_v3_20260918T052329Z_c1d89672,dev/core50_nc/quota_scan/quota_core50_nc_q208/0,quota_core50_nc_q208,core50_nc,0,0,26.890906440996332,11.556518866040278,0.0,11.556518866040278,False,0.42975564588711196
effectiveness_v3_20260918T052329Z_c1d89672,dev/core50_nc/quota_scan/quota_core50_nc_q208/0,quota_core50_nc_q208,core50_nc,0,1,15.380552404996706,8.644276160921436,0.0,8.644276160921436,False,0.5620263780716456
effectiveness_v3_20260918T052329Z_c1d89672,dev/core50_nc/quota_scan/quota_core50_nc_q208/0,quota_core50_nc_q208,core50_nc,0,2,13.208964108023793,7.365429071971448,0.0,7.365429071971448,False,0.5576083795622788
effectiveness_v3_20260918T052329Z_c1d89672,dev/core50_nc/quota_scan/quota_core50_nc_q208/0,quota_core50_nc_q208,core50_nc,0,3,17.07280808201176,9.516674214042723,0.0,9.516674214042723,False,0.5574170440110361
effectiveness_v3_20260918T052329Z_c1d89672,dev/core50_nc/quota_scan/quota_core50_nc_q208/0,quota_core50_nc_q208,core50_nc,0,4,14.112807472993154,7.820777495711809,0.0,7.820777495711809,False,0.5541617081277392
effectiveness_v3_20260918T052329Z_c1d89672,dev/core50_nc/quota_scan/quota_core50_nc_q208/0,quota_core50_nc_q208,core50_nc,0,5,17.01792627197574,9.403562822029926,0.0,9.403562822029926,False,0.552568078609862
effectiveness_v3_20260918T052329Z_c1d89672,dev/core50_nc/quota_scan/quota_core50_nc_q208/0,quota_core50_nc_q208,core50_nc,0,6,15.951987806998659,8.816690779931378,0.0,8.816690779931378,False,0.552701700039114
effectiveness_v3_20260918T052329Z_c1d89672,dev/core50_nc/quota_scan/quota_core50_nc_q208/0,quota_core50_nc_q208,core50_nc,0,7,14.785807678999845,7.850502517278073,0.0,7.850502517278073,False,0.530948507360073
effectiveness_v3_20260918T052329Z_c1d89672,dev/core50_nc/quota_scan/quota_core50_nc_q208/0,quota_core50_nc_q208,core50_nc,0,8,16.38787816700642,9.069827035680646,0.0,9.069827035680646,False,0.5534473067990494
effectiveness_v3_20260918T052702Z_ca15a41b,dev/core50_nc/quota_scan/quota_core50_nc_q224/0,quota_core50_nc_q224,core50_nc,0,0,26.400471603992628,11.290205686847912,0.0,11.290205686847912,False,0.4276516668414536
effectiveness_v3_20260918T052702Z_ca15a41b,dev/core50_nc/quota_scan/quota_core50_nc_q224/0,quota_core50_nc_q224,core50_nc,0,1,15.375445201992989,8.6042891718389,0.0,8.6042891718389,False,0.5596123597594168
effectiveness_v3_20260918T052702Z_ca15a41b,dev/core50_nc/quota_scan/quota_core50_nc_q224/0,quota_core50_nc_q224,core50_nc,0,2,10.079617462004535,5.875965017272392,0.0,5.875965017272392,False,0.5829551606915684
effectiveness_v3_20260918T052702Z_ca15a41b,dev/core50_nc/quota_scan/quota_core50_nc_q224/0,quota_core50_nc_q224,core50_nc,0,3,14.495947318006074,8.27317585182027,0.0,8.27317585182027,False,0.5707233663538348
effectiveness_v3_20260918T052702Z_ca15a41b,dev/core50_nc/quota_scan/quota_core50_nc_q224/0,quota_core50_nc_q224,core50_nc,0,4,14.076627906004433,7.810219545965083,0.0,7.810219545965083,False,0.5548359733678552
effectiveness_v3_20260918T052702Z_ca15a41b,dev/core50_nc/quota_scan/quota_core50_nc_q224/0,quota_core50_nc_q224,core50_nc,0,5,17.010642591980286,9.577042233024258,0.0,9.577042233024258,False,0.5630029660101954
effectiveness_v3_20260918T052702Z_ca15a41b,dev/core50_nc/quota_scan/quota_core50_nc_q224/0,quota_core50_nc_q224,core50_nc,0,6,16.720102927996777,9.345585144212237,0.0,9.345585144212237,False,0.5589430390744565
effectiveness_v3_20260918T052702Z_ca15a41b,dev/core50_nc/quota_scan/quota_core50_nc_q224/0,quota_core50_nc_q224,core50_nc,0,7,15.503841113008093,8.632181697059423,0.0,8.632181697059423,False,0.5567769712124317
effectiveness_v3_20260918T052702Z_ca15a41b,dev/core50_nc/quota_scan/quota_core50_nc_q224/0,quota_core50_nc_q224,core50_nc,0,8,16.12417527200887,9.148396698059514,0.0,9.148396698059514,False,0.5673714496232798
effectiveness_v3_20260918T053032Z_b8606185,dev/core50_nc/quota_scan/quota_core50_nc_q240/0,quota_core50_nc_q240,core50_nc,0,0,26.41819465899607,11.275838037254289,0.0,11.275838037254289,False,0.4268209157666486
effectiveness_v3_20260918T053032Z_b8606185,dev/core50_nc/quota_scan/quota_core50_nc_q240/0,quota_core50_nc_q240,core50_nc,0,1,16.038463080010843,8.970833611005219,0.0,8.970833611005219,False,0.5593324975250156
effectiveness_v3_20260918T053032Z_b8606185,dev/core50_nc/quota_scan/quota_core50_nc_q240/0,quota_core50_nc_q240,core50_nc,0,2,12.873000483989017,7.186134393152315,0.0,7.186134393152315,False,0.5582330554628795
effectiveness_v3_20260918T053032Z_b8606185,dev/core50_nc/quota_scan/quota_core50_nc_q240/0,quota_core50_nc_q240,core50_nc,0,3,16.64421513999696,9.105263469857164,0.0,9.105263469857164,False,0.5470527383401046
effectiveness_v3_20260918T053032Z_b8606185,dev/core50_nc/quota_scan/quota_core50_nc_q240/0,quota_core50_nc_q240,core50_nc,0,4,13.962887472996954,7.784733732318273,0.0,7.784733732318273,False,0.5575303637856633
effectiveness_v3_20260918T053032Z_b8606185,dev/core50_nc/quota_scan/quota_core50_nc_q240/0,quota_core50_nc_q240,core50_nc,0,5,16.6507409500191,9.288217613735469,0.0,9.288217613735469,False,0.5578260836329217
effectiveness_v3_20260918T053032Z_b8606185,dev/core50_nc/quota_scan/quota_core50_nc_q240/0,quota_core50_nc_q240,core50_nc,0,6,16.28360046297894,9.069601502356818,0.0,9.069601502356818,False,0.5569776489528051
effectiveness_v3_20260918T053032Z_b8606185,dev/core50_nc/quota_scan/quota_core50_nc_q240/0,quota_core50_nc_q240,core50_nc,0,7,15.617918264004402,8.577112177823437,0.0,8.577112177823437,False,0.5491840866904553
effectiveness_v3_20260918T053032Z_b8606185,dev/core50_nc/quota_scan/quota_core50_nc_q240/0,quota_core50_nc_q240,core50_nc,0,8,15.880413687002147,8.834980781160994,0.0,8.834980781160994,False,0.5563444980272949
effectiveness_v3_20260918T053405Z_da48ec62,dev/core50_nc/quota_scan/quota_core50_nc_q256/0,quota_core50_nc_q256,core50_nc,0,0,26.306605299992952,11.331245421722997,0.0,11.331245421722997,False,0.4307376528634059
effectiveness_v3_20260918T053405Z_da48ec62,dev/core50_nc/quota_scan/quota_core50_nc_q256/0,quota_core50_nc_q256,core50_nc,0,1,16.252688150998438,9.038094658841146,0.0,9.038094658841146,False,0.5560984481380034
effectiveness_v3_20260918T053405Z_da48ec62,dev/core50_nc/quota_scan/quota_core50_nc_q256/0,quota_core50_nc_q256,core50_nc,0,2,13.36887337299413,7.440277944231639,0.0,7.440277944231639,False,0.5565373937389081
effectiveness_v3_20260918T053405Z_da48ec62,dev/core50_nc/quota_scan/quota_core50_nc_q256/0,quota_core50_nc_q256,core50_nc,0,3,17.157737467990955,9.574916609999491,0.0,9.574916609999491,False,0.5580524021807779
effectiveness_v3_20260918T053405Z_da48ec62,dev/core50_nc/quota_scan/quota_core50_nc_q256/0,quota_core50_nc_q256,core50_nc,0,4,12.595512992003933,7.166289371991297,0.0,7.166289371991297,False,0.5689557365818054
effectiveness_v3_20260918T053405Z_da48ec62,dev/core50_nc/quota_scan/quota_core50_nc_q256/0,quota_core50_nc_q256,core50_nc,0,5,16.094103297014954,9.062140943860868,0.0,9.062140943860868,False,0.5630721250274108
effectiveness_v3_20260918T053405Z_da48ec62,dev/core50_nc/quota_scan/quota_core50_nc_q256/0,quota_core50_nc_q256,core50_nc,0,6,16.051153385982616,9.012126155779697,0.0,9.012126155779697,False,0.5614628394025527
effectiveness_v3_20260918T053405Z_da48ec62,dev/core50_nc/quota_scan/quota_core50_nc_q256/0,quota_core50_nc_q256,core50_nc,0,7,15.260369797004387,8.445660449797288,0.0,8.445660449797288,False,0.553437469874103
effectiveness_v3_20260918T053405Z_da48ec62,dev/core50_nc/quota_scan/quota_core50_nc_q256/0,quota_core50_nc_q256,core50_nc,0,8,16.11878550000256,8.951712223031791,0.0,8.951712223031791,False,0.5553589768305044
effectiveness_v3_20260918T053739Z_7f296087,dev/core50_nc/quota_scan/quota_core50_nc_q272/0,quota_core50_nc_q272,core50_nc,0,0,27.153936963004526,11.63469225281733,0.0,11.63469225281733,False,0.42847165288292605
effectiveness_v3_20260918T053739Z_7f296087,dev/core50_nc/quota_scan/quota_core50_nc_q272/0,quota_core50_nc_q272,core50_nc,0,1,12.09145349499886,7.085648901906097,0.0,7.085648901906097,False,0.5860047267962275
effectiveness_v3_20260918T053739Z_7f296087,dev/core50_nc/quota_scan/quota_core50_nc_q272/0,quota_core50_nc_q272,core50_nc,0,2,9.237028144008946,5.5008924580179155,0.0,5.5008924580179155,False,0.5955262203662057
effectiveness_v3_20260918T053739Z_7f296087,dev/core50_nc/quota_scan/quota_core50_nc_q272/0,quota_core50_nc_q272,core50_nc,0,3,17.233415097987745,9.629757019749377,0.0,9.629757019749377,False,0.558784023073511
effectiveness_v3_20260918T053739Z_7f296087,dev/core50_nc/quota_scan/quota_core50_nc_q272/0,quota_core50_nc_q272,core50_nc,0,4,14.130578338023042,7.9343375022290275,0.0,7.9343375022290275,False,0.5615012572329783
effectiveness_v3_20260918T053739Z_7f296087,dev/core50_nc/quota_scan/quota_core50_nc_q272/0,quota_core50_nc_q272,core50_nc,0,5,16.48361075000139,9.31142450295738,0.0,9.31142450295738,False,0.5648898560017619
effectiveness_v3_20260918T053739Z_7f296087,dev/core50_nc/quota_scan/quota_core50_nc_q272/0,quota_core50_nc_q272,core50_nc,0,6,15.670886737003457,8.741796065907693,0.0,8.741796065907693,False,0.5578367205772603
effectiveness_v3_20260918T053739Z_7f296087,dev/core50_nc/quota_scan/quota_core50_nc_q272/0,quota_core50_nc_q272,core50_nc,0,7,14.936445839004591,8.08551851962693,0.0,8.08551851962693,False,0.5413281450472406
effectiveness_v3_20260918T053739Z_7f296087,dev/core50_nc/quota_scan/quota_core50_nc_q272/0,quota_core50_nc_q272,core50_nc,0,8,15.835063592996448,8.901808394031832,0.0,8.901808394031832,False,0.5621580451352867
effectiveness_v3_20260918T054112Z_d4208e97,dev/splitcifar100/quota_scan/quota_splitcifar100_q160/0,quota_splitcifar100_q160,splitcifar100,0,0,5.182122114987578,1.5792290156823583,0.0,1.5792290156823583,False,0.3047456197751418
effectiveness_v3_20260918T054112Z_d4208e97,dev/splitcifar100/quota_scan/quota_splitcifar100_q160/0,quota_splitcifar100_q160,splitcifar100,0,1,5.785804528015433,2.7067919091205113,0.0,2.7067919091205113,False,0.4678332798859622
effectiveness_v3_20260918T054112Z_d4208e97,dev/splitcifar100/quota_scan/quota_splitcifar100_q160/0,quota_splitcifar100_q160,splitcifar100,0,2,5.836180523998337,2.7342014143359847,0.0,2.7342014143359847,False,0.4684915764844775
effectiveness_v3_20260918T054112Z_d4208e97,dev/splitcifar100/quota_scan/quota_splitcifar100_q160/0,quota_splitcifar100_q160,splitcifar100,0,3,6.111669954989338,2.8272926498029847,0.0,2.8272926498029847,False,0.4626055841734204
effectiveness_v3_20260918T054112Z_d4208e97,dev/splitcifar100/quota_scan/quota_splitcifar100_q160/0,quota_splitcifar100_q160,splitcifar100,0,4,6.3601783770136535,2.825809877947904,0.0,2.825809877947904,False,0.4442972681647853
effectiveness_v3_20260918T054112Z_d4208e97,dev/splitcifar100/quota_scan/quota_splitcifar100_q160/0,quota_splitcifar100_q160,splitcifar100,0,5,6.152404257009039,2.8348324751714244,0.0,2.8348324751714244,False,0.4607682390086578
effectiveness_v3_20260918T054112Z_d4208e97,dev/splitcifar100/quota_scan/quota_splitcifar100_q160/0,quota_splitcifar100_q160,splitcifar100,0,6,6.061172273999546,2.828010401164647,0.0,2.828010401164647,False,0.46657812603279575
effectiveness_v3_20260918T054112Z_d4208e97,dev/splitcifar100/quota_scan/quota_splitcifar100_q160/0,quota_splitcifar100_q160,splitcifar100,0,7,5.858576838974841,2.7677873351203743,0.0,2.7677873351203743,False,0.47243339315913
effectiveness_v3_20260918T054112Z_d4208e97,dev/splitcifar100/quota_scan/quota_splitcifar100_q160/0,quota_splitcifar100_q160,splitcifar100,0,8,6.029602586990222,2.810210303781787,0.0,2.810210303781787,False,0.4660689097230454
effectiveness_v3_20260918T054112Z_d4208e97,dev/splitcifar100/quota_scan/quota_splitcifar100_q160/0,quota_splitcifar100_q160,splitcifar100,0,9,6.049568585993256,2.8179363982053474,0.0,2.8179363982053474,False,0.4658078271448642
effectiveness_v3_20260918T054236Z_cc768590,dev/splitcifar100/quota_scan/quota_splitcifar100_q176/0,quota_splitcifar100_q176,splitcifar100,0,0,5.253485385997919,1.5578454978822265,0.0,1.5578454978822265,False,0.29653561082216806
effectiveness_v3_20260918T054236Z_cc768590,dev/splitcifar100/quota_scan/quota_splitcifar100_q176/0,quota_splitcifar100_q176,splitcifar100,0,1,6.102449520985829,2.7999713109165896,0.0,2.7999713109165896,False,0.45882744319108504
effectiveness_v3_20260918T054236Z_cc768590,dev/splitcifar100/quota_scan/quota_splitcifar100_q176/0,quota_splitcifar100_q176,splitcifar100,0,2,5.985916281992104,2.748146755155176,0.0,2.748146755155176,False,0.4591021032857808
effectiveness_v3_20260918T054236Z_cc768590,dev/splitcifar100/quota_scan/quota_splitcifar100_q176/0,quota_splitcifar100_q176,splitcifar100,0,3,5.997151653980836,2.781343738141004,0.0,2.781343738141004,False,0.4637774561353275
effectiveness_v3_20260918T054236Z_cc768590,dev/splitcifar100/quota_scan/quota_splitcifar100_q176/0,quota_splitcifar100_q176,splitcifar100,0,4,6.240720295987558,2.798830059764441,0.0,2.798830059764441,False,0.44847868948139463
effectiveness_v3_20260918T054236Z_cc768590,dev/splitcifar100/quota_scan/quota_splitcifar100_q176/0,quota_splitcifar100_q176,splitcifar100,0,5,6.088147233007476,2.836240001837723,0.0,2.836240001837723,False,0.46586258401583575
effectiveness_v3_20260918T054236Z_cc768590,dev/splitcifar100/quota_scan/quota_splitcifar100_q176/0,quota_splitcifar100_q176,splitcifar100,0,6,6.090984998998465,2.8417485611280426,0.0,2.8417485611280426,False,0.46654991952784464
effectiveness_v3_20260918T054236Z_cc768590,dev/splitcifar100/quota_scan/quota_splitcifar100_q176/0,quota_splitcifar100_q176,splitcifar100,0,7,6.003724287002115,2.8033559528703336,0.0,2.8033559528703336,False,0.46693615810098343
effectiveness_v3_20260918T054236Z_cc768590,dev/splitcifar100/quota_scan/quota_splitcifar100_q176/0,quota_splitcifar100_q176,splitcifar100,0,8,5.771404818980955,2.6991321868263185,0.0,2.6991321868263185,False,0.46767334322995885
effectiveness_v3_20260918T054236Z_cc768590,dev/splitcifar100/quota_scan/quota_splitcifar100_q176/0,quota_splitcifar100_q176,splitcifar100,0,9,6.029105540976161,2.8149269431305584,0.0,2.8149269431305584,False,0.46688964457484
effectiveness_v3_20260918T054400Z_e4bd3c8e,dev/splitcifar100/quota_scan/quota_splitcifar100_q192/0,quota_splitcifar100_q192,splitcifar100,0,0,5.179796860000351,1.540071562078083,0.0,1.540071562078083,False,0.29732277224438847
effectiveness_v3_20260918T054400Z_e4bd3c8e,dev/splitcifar100/quota_scan/quota_splitcifar100_q192/0,quota_splitcifar100_q192,splitcifar100,0,1,5.981762769020861,2.799054160073865,0.0,2.799054160073865,False,0.46793132194576065
effectiveness_v3_20260918T054400Z_e4bd3c8e,dev/splitcifar100/quota_scan/quota_splitcifar100_q192/0,quota_splitcifar100_q192,splitcifar100,0,2,5.853538447001483,2.754993813112378,0.0,2.754993813112378,False,0.4706544320254091
effectiveness_v3_20260918T054400Z_e4bd3c8e,dev/splitcifar100/quota_scan/quota_splitcifar100_q192/0,quota_splitcifar100_q192,splitcifar100,0,3,5.850833363016136,2.7526108349265996,0.0,2.7526108349265996,False,0.47046474649683306
effectiveness_v3_20260918T054400Z_e4bd3c8e,dev/splitcifar100/quota_scan/quota_splitcifar100_q192/0,quota_splitcifar100_q192,splitcifar100,0,4,6.030231045995606,2.7156838259543292,0.0,2.7156838259543292,False,0.45034490473755356
effectiveness_v3_20260918T054400Z_e4bd3c8e,dev/splitcifar100/quota_scan/quota_splitcifar100_q192/0,quota_splitcifar100_q192,splitcifar100,0,5,5.905264296015957,2.77012580880546,0.0,2.77012580880546,False,0.4690942978918576
effectiveness_v3_20260918T054400Z_e4bd3c8e,dev/splitcifar100/quota_scan/quota_splitcifar100_q192/0,quota_splitcifar100_q192,splitcifar100,0,6,5.950902830983978,2.7910273299203254,0.0,2.7910273299203254,False,0.46900905781700203
effectiveness_v3_20260918T054400Z_e4bd3c8e,dev/splitcifar100/quota_scan/quota_splitcifar100_q192/0,quota_splitcifar100_q192,splitcifar100,0,7,5.953164565027691,2.7867169140081387,0.0,2.7867169140081387,False,0.468106816730536
effectiveness_v3_20260918T054400Z_e4bd3c8e,dev/splitcifar100/quota_scan/quota_splitcifar100_q192/0,quota_splitcifar100_q192,splitcifar100,0,8,5.9691064420039766,2.8053127148014028,0.0,2.8053127148014028,False,0.46997197018647735
effectiveness_v3_20260918T054400Z_e4bd3c8e,dev/splitcifar100/quota_scan/quota_splitcifar100_q192/0,quota_splitcifar100_q192,splitcifar100,0,9,5.044048701005522,2.391729578812374,0.0,2.391729578812374,False,0.4741686134663186
effectiveness_v3_20260918T054522Z_0bab737f,dev/splitcifar100/quota_scan/quota_splitcifar100_q208/0,quota_splitcifar100_q208,splitcifar100,0,0,5.2938684840046335,1.5983729108120315,0.0,1.5983729108120315,False,0.3019290931842183
effectiveness_v3_20260918T054522Z_0bab737f,dev/splitcifar100/quota_scan/quota_splitcifar100_q208/0,quota_splitcifar100_q208,splitcifar100,0,1,6.006910902011441,2.7771852258883882,0.0,2.7771852258883882,False,0.4623316828219369
effectiveness_v3_20260918T054522Z_0bab737f,dev/splitcifar100/quota_scan/quota_splitcifar100_q208/0,quota_splitcifar100_q208,splitcifar100,0,2,5.911478552996414,2.7722160349949263,0.0,2.7722160349949263,False,0.46895476489375804
effectiveness_v3_20260918T054522Z_0bab737f,dev/splitcifar100/quota_scan/quota_splitcifar100_q208/0,quota_splitcifar100_q208,splitcifar100,0,3,5.86568701302167,2.734519502177136,0.0,2.734519502177136,False,0.4661891260318825
effectiveness_v3_20260918T054522Z_0bab737f,dev/splitcifar100/quota_scan/quota_splitcifar100_q208/0,quota_splitcifar100_q208,splitcifar100,0,4,5.790476905007381,2.569697443890618,0.0,2.569697443890618,False,0.4437799314368119
effectiveness_v3_20260918T054522Z_0bab737f,dev/splitcifar100/quota_scan/quota_splitcifar100_q208/0,quota_splitcifar100_q208,splitcifar100,0,5,6.04291740100598,2.7924715291592292,0.0,2.7924715291592292,False,0.4621065197241252
effectiveness_v3_20260918T054522Z_0bab737f,dev/splitcifar100/quota_scan/quota_splitcifar100_q208/0,quota_splitcifar100_q208,splitcifar100,0,6,6.067458742996678,2.8168356199166737,0.0,2.8168356199166737,False,0.4642529499138312
effectiveness_v3_20260918T054522Z_0bab737f,dev/splitcifar100/quota_scan/quota_splitcifar100_q208/0,quota_splitcifar100_q208,splitcifar100,0,7,5.908623327995883,2.755636682268232,0.0,2.755636682268232,False,0.46637541933188403
effectiveness_v3_20260918T054522Z_0bab737f,dev/splitcifar100/quota_scan/quota_splitcifar100_q208/0,quota_splitcifar100_q208,splitcifar100,0,8,5.583389935985906,2.6283127830538433,0.0,2.6283127830538433,False,0.4707378157692187
effectiveness_v3_20260918T054522Z_0bab737f,dev/splitcifar100/quota_scan/quota_splitcifar100_q208/0,quota_splitcifar100_q208,splitcifar100,0,9,5.815471123001771,2.702989708079258,0.0,2.702989708079258,False,0.4647929034310218
effectiveness_v3_20260918T054644Z_7e5cb9f5,dev/splitcifar100/quota_scan/quota_splitcifar100_q224/0,quota_splitcifar100_q224,splitcifar100,0,0,5.136527046997799,1.5527693479089066,0.0,1.5527693479089066,False,0.30229945909006173
effectiveness_v3_20260918T054644Z_7e5cb9f5,dev/splitcifar100/quota_scan/quota_splitcifar100_q224/0,quota_splitcifar100_q224,splitcifar100,0,1,5.637595426989719,2.6340080809313804,0.0,2.6340080809313804,False,0.46722190604902086
effectiveness_v3_20260918T054644Z_7e5cb9f5,dev/splitcifar100/quota_scan/quota_splitcifar100_q224/0,quota_splitcifar100_q224,splitcifar100,0,2,5.766073094011517,2.7081844010099303,0.0,2.7081844010099303,False,0.46967569728218933
effectiveness_v3_20260918T054644Z_7e5cb9f5,dev/splitcifar100/quota_scan/quota_splitcifar100_q224/0,quota_splitcifar100_q224,splitcifar100,0,3,5.582123291009339,2.6202595802315045,0.0,2.6202595802315045,False,0.46940195399333773
effectiveness_v3_20260918T054644Z_7e5cb9f5,dev/splitcifar100/quota_scan/quota_splitcifar100_q224/0,quota_splitcifar100_q224,splitcifar100,0,4,5.735889388015494,2.6101292750099674,0.0,2.6101292750099674,False,0.45505223313119386
effectiveness_v3_20260918T054644Z_7e5cb9f5,dev/splitcifar100/quota_scan/quota_splitcifar100_q224/0,quota_splitcifar100_q224,splitcifar100,0,5,6.091593392018694,2.844502715015551,0.0,2.844502715015551,False,0.46695544695127966
effectiveness_v3_20260918T054644Z_7e5cb9f5,dev/splitcifar100/quota_scan/quota_splitcifar100_q224/0,quota_splitcifar100_q224,splitcifar100,0,6,5.867140638001729,2.721898565068841,0.0,2.721898565068841,False,0.4639225021195135
effectiveness_v3_20260918T054644Z_7e5cb9f5,dev/splitcifar100/quota_scan/quota_splitcifar100_q224/0,quota_splitcifar100_q224,splitcifar100,0,7,5.9531871560029685,2.7616269330028445,0.0,2.7616269330028445,False,0.46389049439141594
effectiveness_v3_20260918T054644Z_7e5cb9f5,dev/splitcifar100/quota_scan/quota_splitcifar100_q224/0,quota_splitcifar100_q224,splitcifar100,0,8,5.990896381990751,2.7829389508406166,0.0,2.7829389508406166,False,0.4645279726764122
effectiveness_v3_20260918T054644Z_7e5cb9f5,dev/splitcifar100/quota_scan/quota_splitcifar100_q224/0,quota_splitcifar100_q224,splitcifar100,0,9,5.968734721973306,2.776670558989281,0.0,2.776670558989281,False,0.46520254096186303
effectiveness_v3_20260918T054805Z_038271a2,dev/splitcifar100/quota_scan/quota_splitcifar100_q240/0,quota_splitcifar100_q240,splitcifar100,0,0,5.320233336009551,1.5912122959271073,0.0,1.5912122959271073,False,0.2990869376267994
effectiveness_v3_20260918T054805Z_038271a2,dev/splitcifar100/quota_scan/quota_splitcifar100_q240/0,quota_splitcifar100_q240,splitcifar100,0,1,5.980978010018589,2.7724650882009882,0.0,2.7724650882009882,False,0.4635471127893967
effectiveness_v3_20260918T054805Z_038271a2,dev/splitcifar100/quota_scan/quota_splitcifar100_q240/0,quota_splitcifar100_q240,splitcifar100,0,2,5.979312630021013,2.7939583440311253,0.0,2.7939583440311253,False,0.4672708247438312
effectiveness_v3_20260918T054805Z_038271a2,dev/splitcifar100/quota_scan/quota_splitcifar100_q240/0,quota_splitcifar100_q240,splitcifar100,0,3,5.977519364998443,2.7967257882701233,0.0,2.7967257882701233,False,0.46787398208133646
effectiveness_v3_20260918T054805Z_038271a2,dev/splitcifar100/quota_scan/quota_splitcifar100_q240/0,quota_splitcifar100_q240,splitcifar100,0,4,6.168416648986749,2.77695753518492,0.0,2.77695753518492,False,0.4501896828971621
effectiveness_v3_20260918T054805Z_038271a2,dev/splitcifar100/quota_scan/quota_splitcifar100_q240/0,quota_splitcifar100_q240,splitcifar100,0,5,6.049985267018201,2.810522416839376,0.0,2.810522416839376,False,0.464550291082704
effectiveness_v3_20260918T054805Z_038271a2,dev/splitcifar100/quota_scan/quota_splitcifar100_q240/0,quota_splitcifar100_q240,splitcifar100,0,6,6.08451698400313,2.828066557121929,0.0,2.828066557121929,False,0.4647972163702114
effectiveness_v3_20260918T054805Z_038271a2,dev/splitcifar100/quota_scan/quota_splitcifar100_q240/0,quota_splitcifar100_q240,splitcifar100,0,7,6.041871586989146,2.8085486310592387,0.0,2.8085486310592387,False,0.46484745506794634
effectiveness_v3_20260918T054805Z_038271a2,dev/splitcifar100/quota_scan/quota_splitcifar100_q240/0,quota_splitcifar100_q240,splitcifar100,0,8,6.168109137011925,2.859594207664486,0.0,2.859594207664486,False,0.4636095348095261
effectiveness_v3_20260918T054805Z_038271a2,dev/splitcifar100/quota_scan/quota_splitcifar100_q240/0,quota_splitcifar100_q240,splitcifar100,0,9,6.015262812987203,2.8080951038573403,0.0,2.8080951038573403,False,0.46682833172218946
effectiveness_v3_20260918T054930Z_6d7360cb,dev/splitcifar100/quota_scan/quota_splitcifar100_q256/0,quota_splitcifar100_q256,splitcifar100,0,0,4.944230307999533,1.4976206419232767,0.0,1.4976206419232767,False,0.30290268628874284
effectiveness_v3_20260918T054930Z_6d7360cb,dev/splitcifar100/quota_scan/quota_splitcifar100_q256/0,quota_splitcifar100_q256,splitcifar100,0,1,5.871885561995441,2.7464613890624605,0.0,2.7464613890624605,False,0.4677307416953697
effectiveness_v3_20260918T054930Z_6d7360cb,dev/splitcifar100/quota_scan/quota_splitcifar100_q256/0,quota_splitcifar100_q256,splitcifar100,0,2,5.723806517984485,2.686353292898275,0.0,2.686353292898275,False,0.4693298567059559
effectiveness_v3_20260918T054930Z_6d7360cb,dev/splitcifar100/quota_scan/quota_splitcifar100_q256/0,quota_splitcifar100_q256,splitcifar100,0,3,5.916555485018762,2.758378798898775,0.0,2.758378798898775,False,0.46621362816308115
effectiveness_v3_20260918T054930Z_6d7360cb,dev/splitcifar100/quota_scan/quota_splitcifar100_q256/0,quota_splitcifar100_q256,splitcifar100,0,4,5.649746473005507,2.56994820581167,0.0,2.56994820581167,False,0.45487850084793796
effectiveness_v3_20260918T054930Z_6d7360cb,dev/splitcifar100/quota_scan/quota_splitcifar100_q256/0,quota_splitcifar100_q256,splitcifar100,0,5,5.648022853012662,2.6729931422160007,0.0,2.6729931422160007,False,0.47326174340640687
effectiveness_v3_20260918T054930Z_6d7360cb,dev/splitcifar100/quota_scan/quota_splitcifar100_q256/0,quota_splitcifar100_q256,splitcifar100,0,6,5.696594435023144,2.7002599488769192,0.0,2.7002599488769192,False,0.47401302298711895
effectiveness_v3_20260918T054930Z_6d7360cb,dev/splitcifar100/quota_scan/quota_splitcifar100_q256/0,quota_splitcifar100_q256,splitcifar100,0,7,5.7775530999933835,2.756790295126848,0.0,2.756790295126848,False,0.47715533676877936
effectiveness_v3_20260918T054930Z_6d7360cb,dev/splitcifar100/quota_scan/quota_splitcifar100_q256/0,quota_splitcifar100_q256,splitcifar100,0,8,6.033963410998695,2.796842211013427,0.0,2.796842211013427,False,0.46351660103131376
effectiveness_v3_20260918T054930Z_6d7360cb,dev/splitcifar100/quota_scan/quota_splitcifar100_q256/0,quota_splitcifar100_q256,splitcifar100,0,9,6.075311277003493,2.8061137130425777,0.0,2.8061137130425777,False,0.46188805562348545
effectiveness_v3_20260918T055051Z_91f34914,dev/splitcifar100/quota_scan/quota_splitcifar100_q272/0,quota_splitcifar100_q272,splitcifar100,0,0,5.258999219018733,1.546652704011649,0.0,1.546652704011649,False,0.29409639355303724
effectiveness_v3_20260918T055051Z_91f34914,dev/splitcifar100/quota_scan/quota_splitcifar100_q272/0,quota_splitcifar100_q272,splitcifar100,0,1,6.096535261021927,2.799603795079747,0.0,2.799603795079747,False,0.4592122697918204
effectiveness_v3_20260918T055051Z_91f34914,dev/splitcifar100/quota_scan/quota_splitcifar100_q272/0,quota_splitcifar100_q272,splitcifar100,0,2,5.974035532999551,2.7560199707804713,0.0,2.7560199707804713,False,0.46133303954365323
effectiveness_v3_20260918T055051Z_91f34914,dev/splitcifar100/quota_scan/quota_splitcifar100_q272/0,quota_splitcifar100_q272,splitcifar100,0,3,5.9851850940031,2.753276039235061,0.0,2.753276039235061,False,0.4600151868308511
effectiveness_v3_20260918T055051Z_91f34914,dev/splitcifar100/quota_scan/quota_splitcifar100_q272/0,quota_splitcifar100_q272,splitcifar100,0,4,5.999512032023631,2.6445215219282545,0.0,2.6445215219282545,False,0.4407894355095175
effectiveness_v3_20260918T055051Z_91f34914,dev/splitcifar100/quota_scan/quota_splitcifar100_q272/0,quota_splitcifar100_q272,splitcifar100,0,5,5.906219467986375,2.7310729410964996,0.0,2.7310729410964996,False,0.4624062745889821
effectiveness_v3_20260918T055051Z_91f34914,dev/splitcifar100/quota_scan/quota_splitcifar100_q272/0,quota_splitcifar100_q272,splitcifar100,0,6,5.909527273994172,2.7312080807751045,0.0,2.7312080807751045,False,0.4621703148396025
effectiveness_v3_20260918T055051Z_91f34914,dev/splitcifar100/quota_scan/quota_splitcifar100_q272/0,quota_splitcifar100_q272,splitcifar100,0,7,5.939187070995104,2.741493886918761,0.0,2.741493886918761,False,0.4615941296591331
effectiveness_v3_20260918T055051Z_91f34914,dev/splitcifar100/quota_scan/quota_splitcifar100_q272/0,quota_splitcifar100_q272,splitcifar100,0,8,6.012959897983819,2.774544577812776,0.0,2.774544577812776,False,0.461427420918456
effectiveness_v3_20260918T055051Z_91f34914,dev/splitcifar100/quota_scan/quota_splitcifar100_q272/0,quota_splitcifar100_q272,splitcifar100,0,9,5.504581009008689,2.554381587076932,0.0,2.554381587076932,False,0.46404650651820395
effectiveness_v3_20260918T055222Z_53e5a22d,dev/core50_nc/q_loose_verify/loose_core50_nc_q320/0,loose_core50_nc_q320,core50_nc,0,0,27.469822337006917,11.49453951016767,0.0,11.49453951016767,False,0.41844244091387534
effectiveness_v3_20260918T055222Z_53e5a22d,dev/core50_nc/q_loose_verify/loose_core50_nc_q320/0,loose_core50_nc_q320,core50_nc,0,1,15.553062754013808,8.730993416160345,0.0,8.730993416160345,False,0.5613681082786811
effectiveness_v3_20260918T055222Z_53e5a22d,dev/core50_nc/q_loose_verify/loose_core50_nc_q320/0,loose_core50_nc_q320,core50_nc,0,2,12.966113286005566,7.185106985969469,0.0,7.185106985969469,False,0.5541450107276492
effectiveness_v3_20260918T055222Z_53e5a22d,dev/core50_nc/q_loose_verify/loose_core50_nc_q320/0,loose_core50_nc_q320,core50_nc,0,3,16.802205287996912,9.37505360195064,0.0,9.37505360195064,False,0.5579656623198117
effectiveness_v3_20260918T055222Z_53e5a22d,dev/core50_nc/q_loose_verify/loose_core50_nc_q320/0,loose_core50_nc_q320,core50_nc,0,4,13.925332404993242,7.842507552908501,0.0,7.842507552908501,False,0.5631827898123561
effectiveness_v3_20260918T055222Z_53e5a22d,dev/core50_nc/q_loose_verify/loose_core50_nc_q320/0,loose_core50_nc_q320,core50_nc,0,5,15.503284107981017,8.796671131945914,0.0,8.796671131945914,False,0.5674069487907681
effectiveness_v3_20260918T055222Z_53e5a22d,dev/core50_nc/q_loose_verify/loose_core50_nc_q320/0,loose_core50_nc_q320,core50_nc,0,6,15.932874640013324,8.914029588195262,0.0,8.914029588195262,False,0.559474030242405
effectiveness_v3_20260918T055222Z_53e5a22d,dev/core50_nc/q_loose_verify/loose_core50_nc_q320/0,loose_core50_nc_q320,core50_nc,0,7,15.128566906001652,8.192122320033377,0.0,8.192122320033377,False,0.5415002208030346
effectiveness_v3_20260918T055222Z_53e5a22d,dev/core50_nc/q_loose_verify/loose_core50_nc_q320/0,loose_core50_nc_q320,core50_nc,0,8,15.492710699996678,8.456952118081972,0.0,8.456952118081972,False,0.5458665227695619
effectiveness_v3_20260918T055602Z_9b29b8f8,dev/core50_nc/plugin_loose/plugin_loose_core50_nc_q320/0,plugin_loose_core50_nc_q320,core50_nc,0,0,55.560809637012426,11.557261259789811,0.0,11.557261259789811,False,0.20801103035206345
effectiveness_v3_20260918T055602Z_9b29b8f8,dev/core50_nc/plugin_loose/plugin_loose_core50_nc_q320/0,plugin_loose_core50_nc_q320,core50_nc,0,1,43.88575120799942,7.277071038930444,0.0,7.277071038930444,False,0.16581853650949904
effectiveness_v3_20260918T055602Z_9b29b8f8,dev/core50_nc/plugin_loose/plugin_loose_core50_nc_q320/0,plugin_loose_core50_nc_q320,core50_nc,0,2,47.21977829802199,6.2443352547416,0.0,6.2443352547416,False,0.1322398257639251
effectiveness_v3_20260918T055602Z_9b29b8f8,dev/core50_nc/plugin_loose/plugin_loose_core50_nc_q320/0,plugin_loose_core50_nc_q320,core50_nc,0,3,91.46888831502292,13.23178471418214,0.0,13.23178471418214,False,0.14465885568228712
effectiveness_v3_20260918T055602Z_9b29b8f8,dev/core50_nc/plugin_loose/plugin_loose_core50_nc_q320/0,plugin_loose_core50_nc_q320,core50_nc,0,4,90.98245378100546,10.699759750743397,0.0,10.699759750743397,False,0.11760245306746388
effectiveness_v3_20260918T055602Z_9b29b8f8,dev/core50_nc/plugin_loose/plugin_loose_core50_nc_q320/0,plugin_loose_core50_nc_q320,core50_nc,0,5,123.05847984098364,14.197609526658198,0.0,14.197609526658198,False,0.11537286617715717
effectiveness_v3_20260918T055602Z_9b29b8f8,dev/core50_nc/plugin_loose/plugin_loose_core50_nc_q320/0,plugin_loose_core50_nc_q320,core50_nc,0,6,136.27889268801664,12.944710331357783,0.0,12.944710331357783,False,0.09498690571981765
effectiveness_v3_20260918T055602Z_9b29b8f8,dev/core50_nc/plugin_loose/plugin_loose_core50_nc_q320/0,plugin_loose_core50_nc_q320,core50_nc,0,7,141.59215079201385,11.417285037896363,0.0,11.417285037896363,False,0.08063501383397537
effectiveness_v3_20260918T055602Z_9b29b8f8,dev/core50_nc/plugin_loose/plugin_loose_core50_nc_q320/0,plugin_loose_core50_nc_q320,core50_nc,0,8,166.8909601920168,11.66657624716754,0.0,11.66657624716754,False,0.06990538153621104
effectiveness_v3_20260918T061211Z_f25203dd,dev/core50_nc/l_cal/lcal_core50_nc_q320_rep0/0,lcal_core50_nc_q320_rep0,core50_nc,0,0,26.93874394899467,11.47327344873338,0.0,11.47327344873338,False,0.4259023163981464
effectiveness_v3_20260918T061211Z_f25203dd,dev/core50_nc/l_cal/lcal_core50_nc_q320_rep0/0,lcal_core50_nc_q320_rep0,core50_nc,0,1,15.285118870990118,8.297153530118521,0.0,8.297153530118521,False,0.5428255808900398
effectiveness_v3_20260918T061211Z_f25203dd,dev/core50_nc/l_cal/lcal_core50_nc_q320_rep0/0,lcal_core50_nc_q320_rep0,core50_nc,0,2,12.177294202992925,6.537748663977254,0.0,6.537748663977254,False,0.5368802424409203
effectiveness_v3_20260918T061211Z_f25203dd,dev/core50_nc/l_cal/lcal_core50_nc_q320_rep0/0,lcal_core50_nc_q320_rep0,core50_nc,0,3,16.27258501498727,8.8893710176053,0.0,8.8893710176053,False,0.5462789722357
effectiveness_v3_20260918T061211Z_f25203dd,dev/core50_nc/l_cal/lcal_core50_nc_q320_rep0/0,lcal_core50_nc_q320_rep0,core50_nc,0,4,13.292774175992236,7.318574980134144,0.0,7.318574980134144,False,0.5505679163159222
effectiveness_v3_20260918T061211Z_f25203dd,dev/core50_nc/l_cal/lcal_core50_nc_q320_rep0/0,lcal_core50_nc_q320_rep0,core50_nc,0,5,16.463188601017464,9.330798565846635,0.0,9.330798565846635,False,0.5667673979796337
effectiveness_v3_20260918T061211Z_f25203dd,dev/core50_nc/l_cal/lcal_core50_nc_q320_rep0/0,lcal_core50_nc_q320_rep0,core50_nc,0,6,15.970763529010583,8.963559409079608,0.0,8.963559409079608,False,0.561248020033449
effectiveness_v3_20260918T061211Z_f25203dd,dev/core50_nc/l_cal/lcal_core50_nc_q320_rep0/0,lcal_core50_nc_q320_rep0,core50_nc,0,7,14.680501463997643,8.010512672190089,0.0,8.010512672190089,False,0.5456566106978711
effectiveness_v3_20260918T061211Z_f25203dd,dev/core50_nc/l_cal/lcal_core50_nc_q320_rep0/0,lcal_core50_nc_q320_rep0,core50_nc,0,8,15.859248610009672,9.006469149258919,0.0,9.006469149258919,False,0.5679001175108904
effectiveness_v3_20260918T061541Z_8747fb0e,dev/core50_nc/l_cal/lcal_core50_nc_q320_rep1/0,lcal_core50_nc_q320_rep1,core50_nc,0,0,26.555619246995775,11.489216045185458,0.0,11.489216045185458,False,0.43264726528586706
effectiveness_v3_20260918T061541Z_8747fb0e,dev/core50_nc/l_cal/lcal_core50_nc_q320_rep1/0,lcal_core50_nc_q320_rep1,core50_nc,0,1,16.07955263799522,8.899665455857757,0.0,8.899665455857757,False,0.5534771803805206
effectiveness_v3_20260918T061541Z_8747fb0e,dev/core50_nc/l_cal/lcal_core50_nc_q320_rep1/0,lcal_core50_nc_q320_rep1,core50_nc,0,2,13.270719513995573,7.405152821738739,0.0,7.405152821738739,False,0.5580068822891715
effectiveness_v3_20260918T061541Z_8747fb0e,dev/core50_nc/l_cal/lcal_core50_nc_q320_rep1/0,lcal_core50_nc_q320_rep1,core50_nc,0,3,17.39310024297447,9.681800667458447,0.0,9.681800667458447,False,0.5566460568965662
effectiveness_v3_20260918T061541Z_8747fb0e,dev/core50_nc/l_cal/lcal_core50_nc_q320_rep1/0,lcal_core50_nc_q320_rep1,core50_nc,0,4,14.498577685997589,8.02324573948863,0.0,8.02324573948863,False,0.5533815739206823
effectiveness_v3_20260918T061541Z_8747fb0e,dev/core50_nc/l_cal/lcal_core50_nc_q320_rep1/0,lcal_core50_nc_q320_rep1,core50_nc,0,5,17.118813455017516,9.53283968436881,0.0,9.53283968436881,False,0.5568633427438126
effectiveness_v3_20260918T061541Z_8747fb0e,dev/core50_nc/l_cal/lcal_core50_nc_q320_rep1/0,lcal_core50_nc_q320_rep1,core50_nc,0,6,16.853070204000687,9.387559936003527,0.0,9.387559936003527,False,0.5570237246015298
effectiveness_v3_20260918T061541Z_8747fb0e,dev/core50_nc/l_cal/lcal_core50_nc_q320_rep1/0,lcal_core50_nc_q320_rep1,core50_nc,0,7,15.554449126007967,8.530608129338361,0.0,8.530608129338361,False,0.5484352457763789
effectiveness_v3_20260918T061541Z_8747fb0e,dev/core50_nc/l_cal/lcal_core50_nc_q320_rep1/0,lcal_core50_nc_q320_rep1,core50_nc,0,8,14.298900794994552,8.098652568820398,0.0,8.098652568820398,False,0.5663828769030552
effectiveness_v3_20260918T061925Z_1158848e,dev/core50_nc/static_search_tight/search_tight_core50_nc_b16_r200_q160/0,search_tight_core50_nc_b16_r200_q160,core50_nc,0,0,25.769020211999305,11.051375286420807,0.0,11.051375286420807,False,0.4288628436588657
effectiveness_v3_20260918T061925Z_1158848e,dev/core50_nc/static_search_tight/search_tight_core50_nc_b16_r200_q160/0,search_tight_core50_nc_b16_r200_q160,core50_nc,0,1,15.472194745001616,8.744490504701389,0.0,8.744490504701389,False,0.5651745372146604
effectiveness_v3_20260918T061925Z_1158848e,dev/core50_nc/static_search_tight/search_tight_core50_nc_b16_r200_q160/0,search_tight_core50_nc_b16_r200_q160,core50_nc,0,2,12.883201018994441,7.247425941401161,0.0,7.247425941401161,False,0.5625485413691726
effectiveness_v3_20260918T061925Z_1158848e,dev/core50_nc/static_search_tight/search_tight_core50_nc_b16_r200_q160/0,search_tight_core50_nc_b16_r200_q160,core50_nc,0,3,16.94198030701955,9.284303577907849,0.0,9.284303577907849,False,0.5480058062669979
effectiveness_v3_20260918T061925Z_1158848e,dev/core50_nc/static_search_tight/search_tight_core50_nc_b16_r200_q160/0,search_tight_core50_nc_b16_r200_q160,core50_nc,0,4,14.423189825000009,7.923491531051695,0.0,7.923491531051695,False,0.5493577791868027
effectiveness_v3_20260918T061925Z_1158848e,dev/core50_nc/static_search_tight/search_tight_core50_nc_b16_r200_q160/0,search_tight_core50_nc_b16_r200_q160,core50_nc,0,5,16.86953346899827,9.369366571045248,0.0,9.369366571045248,False,0.5554016409679414
effectiveness_v3_20260918T061925Z_1158848e,dev/core50_nc/static_search_tight/search_tight_core50_nc_b16_r200_q160/0,search_tight_core50_nc_b16_r200_q160,core50_nc,0,6,16.351005401986185,9.084589153819252,0.0,9.084589153819252,False,0.5555981990389246
effectiveness_v3_20260918T061925Z_1158848e,dev/core50_nc/static_search_tight/search_tight_core50_nc_b16_r200_q160/0,search_tight_core50_nc_b16_r200_q160,core50_nc,0,7,14.221588877000613,7.9132887621817645,0.0,7.9132887621817645,False,0.5564278949857189
effectiveness_v3_20260918T061925Z_1158848e,dev/core50_nc/static_search_tight/search_tight_core50_nc_b16_r200_q160/0,search_tight_core50_nc_b16_r200_q160,core50_nc,0,8,15.844883768004365,8.866462177684298,0.0,8.866462177684298,False,0.5595788714833225
effectiveness_v3_20260918T062258Z_fb2a4c31,dev/core50_nc/static_search_tight/search_tight_core50_nc_b16_r2000_q160/0,search_tight_core50_nc_b16_r2000_q160,core50_nc,0,0,26.62370335299056,11.262931244418724,0.0,11.262931244418724,False,0.42304149408101005
effectiveness_v3_20260918T062258Z_fb2a4c31,dev/core50_nc/static_search_tight/search_tight_core50_nc_b16_r2000_q160/0,search_tight_core50_nc_b16_r2000_q160,core50_nc,0,1,15.902908521995414,8.86244988985709,0.0,8.86244988985709,False,0.5572848436875165
effectiveness_v3_20260918T062258Z_fb2a4c31,dev/core50_nc/static_search_tight/search_tight_core50_nc_b16_r2000_q160/0,search_tight_core50_nc_b16_r2000_q160,core50_nc,0,2,11.24319796799682,6.469146169605665,0.0,6.469146169605665,False,0.5753831061251214
effectiveness_v3_20260918T062258Z_fb2a4c31,dev/core50_nc/static_search_tight/search_tight_core50_nc_b16_r2000_q160/0,search_tight_core50_nc_b16_r2000_q160,core50_nc,0,3,16.731477641995298,9.470194846275263,0.0,9.470194846275263,False,0.5660106685679378
effectiveness_v3_20260918T062258Z_fb2a4c31,dev/core50_nc/static_search_tight/search_tight_core50_nc_b16_r2000_q160/0,search_tight_core50_nc_b16_r2000_q160,core50_nc,0,4,13.590039397997316,7.699940423568478,0.0,7.699940423568478,False,0.5665870567456318
effectiveness_v3_20260918T062258Z_fb2a4c31,dev/core50_nc/static_search_tight/search_tight_core50_nc_b16_r2000_q160/0,search_tight_core50_nc_b16_r2000_q160,core50_nc,0,5,16.733103673992446,9.303600474173436,0.0,9.303600474173436,False,0.5559996911172927
effectiveness_v3_20260918T062258Z_fb2a4c31,dev/core50_nc/static_search_tight/search_tight_core50_nc_b16_r2000_q160/0,search_tight_core50_nc_b16_r2000_q160,core50_nc,0,6,13.202560842008097,7.674473964027129,0.0,7.674473964027129,False,0.5812867712458009
effectiveness_v3_20260918T062258Z_fb2a4c31,dev/core50_nc/static_search_tight/search_tight_core50_nc_b16_r2000_q160/0,search_tight_core50_nc_b16_r2000_q160,core50_nc,0,7,13.113869655004237,7.544777242321288,0.0,7.544777242321288,False,0.5753280641646618
effectiveness_v3_20260918T062258Z_fb2a4c31,dev/core50_nc/static_search_tight/search_tight_core50_nc_b16_r2000_q160/0,search_tight_core50_nc_b16_r2000_q160,core50_nc,0,8,15.957118768012151,9.081108792946907,0.0,9.081108792946907,False,0.5690945166837397
effectiveness_v3_20260918T062705Z_ce1e6152,dev/core50_nc/static_search_loose/search_loose_core50_nc_b16_r200_q320/0,search_loose_core50_nc_b16_r200_q320,core50_nc,0,0,27.272228590998566,11.545128555502743,0.0,11.545128555502743,False,0.42332912094002145
effectiveness_v3_20260918T062705Z_ce1e6152,dev/core50_nc/static_search_loose/search_loose_core50_nc_b16_r200_q320/0,search_loose_core50_nc_b16_r200_q320,core50_nc,0,1,15.982788250985323,8.950468967814231,0.0,8.950468967814231,False,0.5600067289424575
effectiveness_v3_20260918T062705Z_ce1e6152,dev/core50_nc/static_search_loose/search_loose_core50_nc_b16_r200_q320/0,search_loose_core50_nc_b16_r200_q320,core50_nc,0,2,13.072847008996177,7.288789356709458,0.0,7.288789356709458,False,0.5575517981426404
effectiveness_v3_20260918T062705Z_ce1e6152,dev/core50_nc/static_search_loose/search_loose_core50_nc_b16_r200_q320/0,search_loose_core50_nc_b16_r200_q320,core50_nc,0,3,16.95897825001157,9.511676387337502,0.0,9.511676387337502,False,0.5608637647336456
effectiveness_v3_20260918T062705Z_ce1e6152,dev/core50_nc/static_search_loose/search_loose_core50_nc_b16_r200_q320/0,search_loose_core50_nc_b16_r200_q320,core50_nc,0,4,11.393434532976244,6.487797808920732,0.0,6.487797808920732,False,0.5694330177737863
effectiveness_v3_20260918T062705Z_ce1e6152,dev/core50_nc/static_search_loose/search_loose_core50_nc_b16_r200_q320/0,search_loose_core50_nc_b16_r200_q320,core50_nc,0,5,16.259352820983622,9.170709279977018,0.0,9.170709279977018,False,0.564026710100152
effectiveness_v3_20260918T062705Z_ce1e6152,dev/core50_nc/static_search_loose/search_loose_core50_nc_b16_r200_q320/0,search_loose_core50_nc_b16_r200_q320,core50_nc,0,6,15.985247126984177,9.023372648778604,0.0,9.023372648778604,False,0.5644812730825125
effectiveness_v3_20260918T062705Z_ce1e6152,dev/core50_nc/static_search_loose/search_loose_core50_nc_b16_r200_q320/0,search_loose_core50_nc_b16_r200_q320,core50_nc,0,7,15.56744631798938,8.583141615323257,0.0,8.583141615323257,False,0.5513519327447288
effectiveness_v3_20260918T062705Z_ce1e6152,dev/core50_nc/static_search_loose/search_loose_core50_nc_b16_r200_q320/0,search_loose_core50_nc_b16_r200_q320,core50_nc,0,8,14.609281158016529,8.063660189014627,0.0,8.063660189014627,False,0.5519546171914055
effectiveness_v3_20260918T063035Z_a97c2d26,dev/core50_nc/static_search_loose/search_loose_core50_nc_b16_r2000_q320/0,search_loose_core50_nc_b16_r2000_q320,core50_nc,0,0,27.1936190109991,11.563288641831605,0.0,11.563288641831605,False,0.4252206606687606
effectiveness_v3_20260918T063035Z_a97c2d26,dev/core50_nc/static_search_loose/search_loose_core50_nc_b16_r2000_q320/0,search_loose_core50_nc_b16_r2000_q320,core50_nc,0,1,15.76672521000728,8.883323774818564,0.0,8.883323774818564,False,0.5634222488497637
effectiveness_v3_20260918T063035Z_a97c2d26,dev/core50_nc/static_search_loose/search_loose_core50_nc_b16_r2000_q320/0,search_loose_core50_nc_b16_r2000_q320,core50_nc,0,2,13.039366018987494,7.424436224857345,0.0,7.424436224857345,False,0.5693862887234031
effectiveness_v3_20260918T063035Z_a97c2d26,dev/core50_nc/static_search_loose/search_loose_core50_nc_b16_r2000_q320/0,search_loose_core50_nc_b16_r2000_q320,core50_nc,0,3,16.77814233698882,9.509119257796556,0.0,9.509119257796556,False,0.5667563826081571
effectiveness_v3_20260918T063035Z_a97c2d26,dev/core50_nc/static_search_loose/search_loose_core50_nc_b16_r2000_q320/0,search_loose_core50_nc_b16_r2000_q320,core50_nc,0,4,14.170947478007292,7.944135727768298,0.0,7.944135727768298,False,0.5605931247785132
effectiveness_v3_20260918T063035Z_a97c2d26,dev/core50_nc/static_search_loose/search_loose_core50_nc_b16_r2000_q320/0,search_loose_core50_nc_b16_r2000_q320,core50_nc,0,5,16.800510057015345,9.309212935273536,0.0,9.309212935273536,False,0.5541029947115392
effectiveness_v3_20260918T063035Z_a97c2d26,dev/core50_nc/static_search_loose/search_loose_core50_nc_b16_r2000_q320/0,search_loose_core50_nc_b16_r2000_q320,core50_nc,0,6,15.903818835999118,8.92761246455484,0.0,8.92761246455484,False,0.5613502364819906
effectiveness_v3_20260918T063035Z_a97c2d26,dev/core50_nc/static_search_loose/search_loose_core50_nc_b16_r2000_q320/0,search_loose_core50_nc_b16_r2000_q320,core50_nc,0,7,15.096254617994418,8.43587418308016,0.0,8.43587418308016,False,0.5588057698115911
effectiveness_v3_20260918T063035Z_a97c2d26,dev/core50_nc/static_search_loose/search_loose_core50_nc_b16_r2000_q320/0,search_loose_core50_nc_b16_r2000_q320,core50_nc,0,8,16.272229083027923,9.089166138175642,0.0,9.089166138175642,False,0.5585692096515358
effectiveness_v3_20260918T063410Z_35400e3d,dev/core50_nc/static_search_loose/search_loose_core50_nc_b64_r200_q320/0,search_loose_core50_nc_b64_r200_q320,core50_nc,0,0,10.655123137985356,6.588954628125066,0.0,6.588954628125066,False,0.618383714838127
effectiveness_v3_20260918T063410Z_35400e3d,dev/core50_nc/static_search_loose/search_loose_core50_nc_b64_r200_q320/0,search_loose_core50_nc_b64_r200_q320,core50_nc,0,1,7.317792788002407,5.494558278267505,0.0,5.494558278267505,False,0.7508491204172776
effectiveness_v3_20260918T063410Z_35400e3d,dev/core50_nc/static_search_loose/search_loose_core50_nc_b64_r200_q320/0,search_loose_core50_nc_b64_r200_q320,core50_nc,0,2,5.583614834002219,4.2012173356779385,0.0,4.2012173356779385,False,0.7524189007619269
effectiveness_v3_20260918T063410Z_35400e3d,dev/core50_nc/static_search_loose/search_loose_core50_nc_b64_r200_q320/0,search_loose_core50_nc_b64_r200_q320,core50_nc,0,3,7.580925415008096,5.761748039163649,0.0,5.761748039163649,False,0.7600322815149997
effectiveness_v3_20260918T063410Z_35400e3d,dev/core50_nc/static_search_loose/search_loose_core50_nc_b64_r200_q320/0,search_loose_core50_nc_b64_r200_q320,core50_nc,0,4,6.364985274994979,4.8250134550035,0.0,4.8250134550035,False,0.7580557136492836
effectiveness_v3_20260918T063410Z_35400e3d,dev/core50_nc/static_search_loose/search_loose_core50_nc_b64_r200_q320/0,search_loose_core50_nc_b64_r200_q320,core50_nc,0,5,7.447306960995775,5.639679666142911,0.0,5.639679666142911,False,0.7572777241061691
effectiveness_v3_20260918T063410Z_35400e3d,dev/core50_nc/static_search_loose/search_loose_core50_nc_b64_r200_q320/0,search_loose_core50_nc_b64_r200_q320,core50_nc,0,6,7.343161503988085,5.50010935208411,0.0,5.50010935208411,False,0.7490110831822219
effectiveness_v3_20260918T063410Z_35400e3d,dev/core50_nc/static_search_loose/search_loose_core50_nc_b64_r200_q320/0,search_loose_core50_nc_b64_r200_q320,core50_nc,0,7,6.802840412012301,5.206498629238922,0.0,5.206498629238922,False,0.7653418739686153
effectiveness_v3_20260918T063410Z_35400e3d,dev/core50_nc/static_search_loose/search_loose_core50_nc_b64_r200_q320/0,search_loose_core50_nc_b64_r200_q320,core50_nc,0,8,7.186944429005962,5.496692059008637,0.0,5.496692059008637,False,0.7648162739125136
effectiveness_v3_20260918T063618Z_0d2342fd,dev/core50_nc/static_search_loose/search_loose_core50_nc_b64_r2000_q320/0,search_loose_core50_nc_b64_r2000_q320,core50_nc,0,0,10.571850682987133,6.4919317703461275,0.0,6.4919317703461275,False,0.6140771341760757
effectiveness_v3_20260918T063618Z_0d2342fd,dev/core50_nc/static_search_loose/search_loose_core50_nc_b64_r2000_q320/0,search_loose_core50_nc_b64_r2000_q320,core50_nc,0,1,8.089554720994784,6.188686025911011,0.0,6.188686025911011,False,0.7650218385753104
effectiveness_v3_20260918T063618Z_0d2342fd,dev/core50_nc/static_search_loose/search_loose_core50_nc_b64_r2000_q320/0,search_loose_core50_nc_b64_r2000_q320,core50_nc,0,2,6.394035431992961,5.0082553140237,0.0,5.0082553140237,False,0.7832698719441836
effectiveness_v3_20260918T063618Z_0d2342fd,dev/core50_nc/static_search_loose/search_loose_core50_nc_b64_r2000_q320/0,search_loose_core50_nc_b64_r2000_q320,core50_nc,0,3,8.035151858988684,6.162329165934352,0.0,6.162329165934352,False,0.7669213070367474
effectiveness_v3_20260918T063618Z_0d2342fd,dev/core50_nc/static_search_loose/search_loose_core50_nc_b64_r2000_q320/0,search_loose_core50_nc_b64_r2000_q320,core50_nc,0,4,6.862285045004683,5.340864258847432,0.0,5.340864258847432,False,0.7782923944168203
effectiveness_v3_20260918T063618Z_0d2342fd,dev/core50_nc/static_search_loose/search_loose_core50_nc_b64_r2000_q320/0,search_loose_core50_nc_b64_r2000_q320,core50_nc,0,5,8.300495835981565,6.394379391771508,0.0,6.394379391771508,False,0.7703611348195261
effectiveness_v3_20260918T063618Z_0d2342fd,dev/core50_nc/static_search_loose/search_loose_core50_nc_b64_r2000_q320/0,search_loose_core50_nc_b64_r2000_q320,core50_nc,0,6,8.452037590992404,6.291857993026497,0.0,6.291857993026497,False,0.7444190735417366
effectiveness_v3_20260918T063618Z_0d2342fd,dev/core50_nc/static_search_loose/search_loose_core50_nc_b64_r2000_q320/0,search_loose_core50_nc_b64_r2000_q320,core50_nc,0,7,7.6340625419979915,5.836426711030072,0.0,5.836426711030072,False,0.7645243510806448
effectiveness_v3_20260918T063618Z_0d2342fd,dev/core50_nc/static_search_loose/search_loose_core50_nc_b64_r2000_q320/0,search_loose_core50_nc_b64_r2000_q320,core50_nc,0,8,7.733792344020912,6.019360854901606,0.0,6.019360854901606,False,0.7783194307712756
effectiveness_v3_20260918T063857Z_99a791e7,dev/splitcifar100/q_loose_verify/loose_splitcifar100_q320/0,loose_splitcifar100_q320,splitcifar100,0,0,5.326617984013865,1.5986803341656923,0.0,1.5986803341656923,False,0.3001304653278344
effectiveness_v3_20260918T063857Z_99a791e7,dev/splitcifar100/q_loose_verify/loose_splitcifar100_q320/0,loose_splitcifar100_q320,splitcifar100,0,1,6.008785946003627,2.7700518269266468,0.0,2.7700518269266468,False,0.46100025060286526
effectiveness_v3_20260918T063857Z_99a791e7,dev/splitcifar100/q_loose_verify/loose_splitcifar100_q320/0,loose_splitcifar100_q320,splitcifar100,0,2,5.989846235985169,2.803705737896962,0.0,2.803705737896962,False,0.4680764125551593
effectiveness_v3_20260918T063857Z_99a791e7,dev/splitcifar100/q_loose_verify/loose_splitcifar100_q320/0,loose_splitcifar100_q320,splitcifar100,0,3,6.029607493022922,2.80542098172009,0.0,2.80542098172009,False,0.46527422970174165
effectiveness_v3_20260918T063857Z_99a791e7,dev/splitcifar100/q_loose_verify/loose_splitcifar100_q320/0,loose_splitcifar100_q320,splitcifar100,0,4,5.993850939994445,2.6261997829715256,0.0,2.6261997829715256,False,0.4381489979085065
effectiveness_v3_20260918T063857Z_99a791e7,dev/splitcifar100/q_loose_verify/loose_splitcifar100_q320/0,loose_splitcifar100_q320,splitcifar100,0,5,5.841576336009894,2.723449761077063,0.0,2.723449761077063,False,0.4662182952722182
effectiveness_v3_20260918T063857Z_99a791e7,dev/splitcifar100/q_loose_verify/loose_splitcifar100_q320/0,loose_splitcifar100_q320,splitcifar100,0,6,5.198294547008118,2.43341738320305,0.0,2.43341738320305,False,0.46811841098992846
effectiveness_v3_20260918T063857Z_99a791e7,dev/splitcifar100/q_loose_verify/loose_splitcifar100_q320/0,loose_splitcifar100_q320,splitcifar100,0,7,6.1883674139971845,2.840185992914485,0.0,2.840185992914485,False,0.4589556183251819
effectiveness_v3_20260918T063857Z_99a791e7,dev/splitcifar100/q_loose_verify/loose_splitcifar100_q320/0,loose_splitcifar100_q320,splitcifar100,0,8,6.06348299398087,2.7919381610117853,0.0,2.7919381610117853,False,0.4604512231308806
effectiveness_v3_20260918T063857Z_99a791e7,dev/splitcifar100/q_loose_verify/loose_splitcifar100_q320/0,loose_splitcifar100_q320,splitcifar100,0,9,5.519029295013752,2.6192844337783754,0.0,2.6192844337783754,False,0.47459150763066366
effectiveness_v3_20260918T064028Z_cbe2cbf1,dev/splitcifar100/plugin_loose/plugin_loose_splitcifar100_q320/0,plugin_loose_splitcifar100_q320,splitcifar100,0,0,10.391261047014268,1.5552545233804267,0.0,1.5552545233804267,False,0.14966946902246284
effectiveness_v3_20260918T064028Z_cbe2cbf1,dev/splitcifar100/plugin_loose/plugin_loose_splitcifar100_q320/0,plugin_loose_splitcifar100_q320,splitcifar100,0,1,16.309181918011745,1.6334286459314171,0.0,1.6334286459314171,False,0.10015392888146463
effectiveness_v3_20260918T064028Z_cbe2cbf1,dev/splitcifar100/plugin_loose/plugin_loose_splitcifar100_q320/0,plugin_loose_splitcifar100_q320,splitcifar100,0,2,21.156114669982344,1.7414912377425935,0.0,1.7414912377425935,False,0.08231621282586132
effectiveness_v3_20260918T064028Z_cbe2cbf1,dev/splitcifar100/plugin_loose/plugin_loose_splitcifar100_q320/0,plugin_loose_splitcifar100_q320,splitcifar100,0,3,26.159162682975875,1.6628347683290485,0.0,1.6628347683290485,False,0.06356605478856572
effectiveness_v3_20260918T064028Z_cbe2cbf1,dev/splitcifar100/plugin_loose/plugin_loose_splitcifar100_q320/0,plugin_loose_splitcifar100_q320,splitcifar100,0,4,30.490155970008345,1.8018647280696314,0.0,1.8018647280696314,False,0.059096605797688814
effectiveness_v3_20260918T064028Z_cbe2cbf1,dev/splitcifar100/plugin_loose/plugin_loose_splitcifar100_q320/0,plugin_loose_splitcifar100_q320,splitcifar100,0,5,35.2257920030097,1.7793211080715992,0.0,1.7793211080715992,False,0.05051188367658486
effectiveness_v3_20260918T064028Z_cbe2cbf1,dev/splitcifar100/plugin_loose/plugin_loose_splitcifar100_q320/0,plugin_loose_splitcifar100_q320,splitcifar100,0,6,39.822986090992345,1.5720434928662144,0.0,1.5720434928662144,False,0.03947578138098987
effectiveness_v3_20260918T064028Z_cbe2cbf1,dev/splitcifar100/plugin_loose/plugin_loose_splitcifar100_q320/0,plugin_loose_splitcifar100_q320,splitcifar100,0,7,46.65480576502159,1.7973423851071857,0.0,1.7973423851071857,False,0.03852427109351945
effectiveness_v3_20260918T064028Z_cbe2cbf1,dev/splitcifar100/plugin_loose/plugin_loose_splitcifar100_q320/0,plugin_loose_splitcifar100_q320,splitcifar100,0,8,52.231396276009036,1.9003939779940993,0.0,1.9003939779940993,False,0.03638413125989874
effectiveness_v3_20260918T064028Z_cbe2cbf1,dev/splitcifar100/plugin_loose/plugin_loose_splitcifar100_q320/0,plugin_loose_splitcifar100_q320,splitcifar100,0,9,69.37902229398605,2.6916862879588734,0.0,2.6916862879588734,False,0.03879683222621884
effectiveness_v3_20260918T064650Z_7d7f8e57,dev/splitcifar100/l_cal/lcal_splitcifar100_q320_rep0/0,lcal_splitcifar100_q320_rep0,splitcifar100,0,0,5.0727980569936335,1.5479763441544492,0.0,1.5479763441544492,False,0.30515236892198483
effectiveness_v3_20260918T064650Z_7d7f8e57,dev/splitcifar100/l_cal/lcal_splitcifar100_q320_rep0/0,lcal_splitcifar100_q320_rep0,splitcifar100,0,1,6.026586598018184,2.7690214021713473,0.0,2.7690214021713473,False,0.45946762020841575
effectiveness_v3_20260918T064650Z_7d7f8e57,dev/splitcifar100/l_cal/lcal_splitcifar100_q320_rep0/0,lcal_splitcifar100_q320_rep0,splitcifar100,0,2,5.840213040006347,2.718545716139488,0.0,2.718545716139488,False,0.46548742272191723
effectiveness_v3_20260918T064650Z_7d7f8e57,dev/splitcifar100/l_cal/lcal_splitcifar100_q320_rep0/0,lcal_splitcifar100_q320_rep0,splitcifar100,0,3,5.858007283997722,2.747384251910262,0.0,2.747384251910262,False,0.4689963871187515
effectiveness_v3_20260918T064650Z_7d7f8e57,dev/splitcifar100/l_cal/lcal_splitcifar100_q320_rep0/0,lcal_splitcifar100_q320_rep0,splitcifar100,0,4,6.066897159995278,2.737534096726449,0.0,2.737534096726449,False,0.4512247405111083
effectiveness_v3_20260918T064650Z_7d7f8e57,dev/splitcifar100/l_cal/lcal_splitcifar100_q320_rep0/0,lcal_splitcifar100_q320_rep0,splitcifar100,0,5,5.869634609000059,2.7319317075889558,0.0,2.7319317075889558,False,0.46543471435172745
effectiveness_v3_20260918T064650Z_7d7f8e57,dev/splitcifar100/l_cal/lcal_splitcifar100_q320_rep0/0,lcal_splitcifar100_q320_rep0,splitcifar100,0,6,5.995405111985747,2.8000905629305635,0.0,2.8000905629305635,False,0.4670394261319802
effectiveness_v3_20260918T064650Z_7d7f8e57,dev/splitcifar100/l_cal/lcal_splitcifar100_q320_rep0/0,lcal_splitcifar100_q320_rep0,splitcifar100,0,7,5.993429647991434,2.7933094679610804,0.0,2.7933094679610804,False,0.4660619431642443
effectiveness_v3_20260918T064650Z_7d7f8e57,dev/splitcifar100/l_cal/lcal_splitcifar100_q320_rep0/0,lcal_splitcifar100_q320_rep0,splitcifar100,0,8,6.064321032987209,2.832810077787144,0.0,2.832810077787144,False,0.46712732759000014
effectiveness_v3_20260918T064650Z_7d7f8e57,dev/splitcifar100/l_cal/lcal_splitcifar100_q320_rep0/0,lcal_splitcifar100_q320_rep0,splitcifar100,0,9,5.968085537984734,2.7894748779363,0.0,2.7894748779363,False,0.4673986088473913
effectiveness_v3_20260918T064813Z_08eabb50,dev/splitcifar100/l_cal/lcal_splitcifar100_q320_rep1/0,lcal_splitcifar100_q320_rep1,splitcifar100,0,0,5.260555315995589,1.5583072789304424,0.0,1.5583072789304424,False,0.2962248632177959
effectiveness_v3_20260918T064813Z_08eabb50,dev/splitcifar100/l_cal/lcal_splitcifar100_q320_rep1/0,lcal_splitcifar100_q320_rep1,splitcifar100,0,1,6.01711813401198,2.7715388069627807,0.0,2.7715388069627807,False,0.46060900670979954
effectiveness_v3_20260918T064813Z_08eabb50,dev/splitcifar100/l_cal/lcal_splitcifar100_q320_rep1/0,lcal_splitcifar100_q320_rep1,splitcifar100,0,2,5.8218785710050724,2.6968164760037325,0.0,2.6968164760037325,False,0.46322101072921584
effectiveness_v3_20260918T064813Z_08eabb50,dev/splitcifar100/l_cal/lcal_splitcifar100_q320_rep1/0,lcal_splitcifar100_q320_rep1,splitcifar100,0,3,5.768022803997155,2.650038302905159,0.0,2.650038302905159,False,0.45943616954300553
effectiveness_v3_20260918T064813Z_08eabb50,dev/splitcifar100/l_cal/lcal_splitcifar100_q320_rep1/0,lcal_splitcifar100_q320_rep1,splitcifar100,0,4,6.01339933599229,2.6640545616683085,0.0,2.6640545616683085,False,0.4430197319048835
effectiveness_v3_20260918T064813Z_08eabb50,dev/splitcifar100/l_cal/lcal_splitcifar100_q320_rep1/0,lcal_splitcifar100_q320_rep1,splitcifar100,0,5,5.8706689789833035,2.7301076017320156,0.0,2.7301076017320156,False,0.4650419929152303
effectiveness_v3_20260918T064813Z_08eabb50,dev/splitcifar100/l_cal/lcal_splitcifar100_q320_rep1/0,lcal_splitcifar100_q320_rep1,splitcifar100,0,6,5.879104099003598,2.7311339647276327,0.0,2.7311339647276327,False,0.46454934607987475
effectiveness_v3_20260918T064813Z_08eabb50,dev/splitcifar100/l_cal/lcal_splitcifar100_q320_rep1/0,lcal_splitcifar100_q320_rep1,splitcifar100,0,7,6.041086350014666,2.792007280921098,0.0,2.792007280921098,False,0.46216973556657065
effectiveness_v3_20260918T064813Z_08eabb50,dev/splitcifar100/l_cal/lcal_splitcifar100_q320_rep1/0,lcal_splitcifar100_q320_rep1,splitcifar100,0,8,6.01399141701404,2.754026198934298,0.0,2.754026198934298,False,0.457936503059008
effectiveness_v3_20260918T064813Z_08eabb50,dev/splitcifar100/l_cal/lcal_splitcifar100_q320_rep1/0,lcal_splitcifar100_q320_rep1,splitcifar100,0,9,5.526454880979145,2.620502335834317,0.0,2.620502335834317,False,0.4741742024988778
effectiveness_v3_20260918T064943Z_874b24ea,dev/splitcifar100/static_search_tight/search_tight_splitcifar100_b16_r200_q160/0,search_tight_splitcifar100_b16_r200_q160,splitcifar100,0,0,5.1926308639813215,1.5697841102955863,0.0,1.5697841102955863,False,0.30230997569736606
effectiveness_v3_20260918T064943Z_874b24ea,dev/splitcifar100/static_search_tight/search_tight_splitcifar100_b16_r200_q160/0,search_tight_splitcifar100_b16_r200_q160,splitcifar100,0,1,6.049619357014308,2.7708699019276537,0.0,2.7708699019276537,False,0.4580238422298311
effectiveness_v3_20260918T064943Z_874b24ea,dev/splitcifar100/static_search_tight/search_tight_splitcifar100_b16_r200_q160/0,search_tight_splitcifar100_b16_r200_q160,splitcifar100,0,2,6.151531321986113,2.8334351809462532,0.0,2.8334351809462532,False,0.46060647871844645
effectiveness_v3_20260918T064943Z_874b24ea,dev/splitcifar100/static_search_tight/search_tight_splitcifar100_b16_r200_q160/0,search_tight_splitcifar100_b16_r200_q160,splitcifar100,0,3,6.150920786982169,2.82533519458957,0.0,2.82533519458957,False,0.4593353243256066
effectiveness_v3_20260918T064943Z_874b24ea,dev/splitcifar100/static_search_tight/search_tight_splitcifar100_b16_r200_q160/0,search_tight_splitcifar100_b16_r200_q160,splitcifar100,0,4,6.303871785989031,2.7906268801016267,0.0,2.7906268801016267,False,0.442684587320457
effectiveness_v3_20260918T064943Z_874b24ea,dev/splitcifar100/static_search_tight/search_tight_splitcifar100_b16_r200_q160/0,search_tight_splitcifar100_b16_r200_q160,splitcifar100,0,5,6.106195495987777,2.798636803869158,0.0,2.798636803869158,False,0.45832741609862804
effectiveness_v3_20260918T064943Z_874b24ea,dev/splitcifar100/static_search_tight/search_tight_splitcifar100_b16_r200_q160/0,search_tight_splitcifar100_b16_r200_q160,splitcifar100,0,6,6.221499518986093,2.8513325889070984,0.0,2.8513325889070984,False,0.4583031116864532
effectiveness_v3_20260918T064943Z_874b24ea,dev/splitcifar100/static_search_tight/search_tight_splitcifar100_b16_r200_q160/0,search_tight_splitcifar100_b16_r200_q160,splitcifar100,0,7,6.006309646007139,2.7588096353574656,0.0,2.7588096353574656,False,0.45931858294909267
effectiveness_v3_20260918T064943Z_874b24ea,dev/splitcifar100/static_search_tight/search_tight_splitcifar100_b16_r200_q160/0,search_tight_splitcifar100_b16_r200_q160,splitcifar100,0,8,6.106342029001098,2.8197564457077533,0.0,2.8197564457077533,False,0.4617750581798022
effectiveness_v3_20260918T064943Z_874b24ea,dev/splitcifar100/static_search_tight/search_tight_splitcifar100_b16_r200_q160/0,search_tight_splitcifar100_b16_r200_q160,splitcifar100,0,9,6.153534213983221,2.8300693120982032,0.0,2.8300693120982032,False,0.45990957613710604
effectiveness_v3_20260918T065109Z_f4622985,dev/splitcifar100/static_search_tight/search_tight_splitcifar100_b16_r2000_q160/0,search_tight_splitcifar100_b16_r2000_q160,splitcifar100,0,0,5.306216147990199,1.5626999467494898,0.0,1.5626999467494898,False,0.2945036355786945
effectiveness_v3_20260918T065109Z_f4622985,dev/splitcifar100/static_search_tight/search_tight_splitcifar100_b16_r2000_q160/0,search_tight_splitcifar100_b16_r2000_q160,splitcifar100,0,1,5.951268353994237,2.78829616800067,0.0,2.78829616800067,False,0.4685213306049768
effectiveness_v3_20260918T065109Z_f4622985,dev/splitcifar100/static_search_tight/search_tight_splitcifar100_b16_r2000_q160/0,search_tight_splitcifar100_b16_r2000_q160,splitcifar100,0,2,5.869330210000044,2.758808090002276,0.0,2.758808090002276,False,0.4700379755941957
effectiveness_v3_20260918T065109Z_f4622985,dev/splitcifar100/static_search_tight/search_tight_splitcifar100_b16_r2000_q160/0,search_tight_splitcifar100_b16_r2000_q160,splitcifar100,0,3,6.1388587189721875,2.7959711986477487,0.0,2.7959711986477487,False,0.45545456030886966
effectiveness_v3_20260918T065109Z_f4622985,dev/splitcifar100/static_search_tight/search_tight_splitcifar100_b16_r2000_q160/0,search_tight_splitcifar100_b16_r2000_q160,splitcifar100,0,4,5.895304723992012,2.784594564087456,0.0,2.784594564087456,False,0.47234107386426405
effectiveness_v3_20260918T065109Z_f4622985,dev/splitcifar100/static_search_tight/search_tight_splitcifar100_b16_r2000_q160/0,search_tight_splitcifar100_b16_r2000_q160,splitcifar100,0,5,5.923564496013569,2.8287348610174377,0.0,2.8287348610174377,False,0.47753930305327397
effectiveness_v3_20260918T065109Z_f4622985,dev/splitcifar100/static_search_tight/search_tight_splitcifar100_b16_r2000_q160/0,search_tight_splitcifar100_b16_r2000_q160,splitcifar100,0,6,5.914530617999844,2.8046734308591112,0.0,2.8046734308591112,False,0.4742005092210658
effectiveness_v3_20260918T065109Z_f4622985,dev/splitcifar100/static_search_tight/search_tight_splitcifar100_b16_r2000_q160/0,search_tight_splitcifar100_b16_r2000_q160,splitcifar100,0,7,5.975381814001594,2.791258517157985,0.0,2.791258517157985,False,0.4671263869059331
effectiveness_v3_20260918T065109Z_f4622985,dev/splitcifar100/static_search_tight/search_tight_splitcifar100_b16_r2000_q160/0,search_tight_splitcifar100_b16_r2000_q160,splitcifar100,0,8,6.098588074994041,2.877544244256569,0.0,2.877544244256569,False,0.4718377776743646
effectiveness_v3_20260918T065109Z_f4622985,dev/splitcifar100/static_search_tight/search_tight_splitcifar100_b16_r2000_q160/0,search_tight_splitcifar100_b16_r2000_q160,splitcifar100,0,9,6.03810159600107,2.837597210862441,0.0,2.837597210862441,False,0.46994857005084717
effectiveness_v3_20260918T065316Z_09e88ab3,dev/splitcifar100/static_search_loose/search_loose_splitcifar100_b16_r200_q320/0,search_loose_splitcifar100_b16_r200_q320,splitcifar100,0,0,5.122126005007885,1.5737762006465346,0.0,1.5737762006465346,False,0.30725058288450124
effectiveness_v3_20260918T065316Z_09e88ab3,dev/splitcifar100/static_search_loose/search_loose_splitcifar100_b16_r200_q320/0,search_loose_splitcifar100_b16_r200_q320,splitcifar100,0,1,5.58159245501156,2.6335303742962424,0.0,2.6335303742962424,False,0.4718241963244141
effectiveness_v3_20260918T065316Z_09e88ab3,dev/splitcifar100/static_search_loose/search_loose_splitcifar100_b16_r200_q320/0,search_loose_splitcifar100_b16_r200_q320,splitcifar100,0,2,5.951706091989763,2.79511693623499,0.0,2.79511693623499,False,0.4696328906423758
effectiveness_v3_20260918T065316Z_09e88ab3,dev/splitcifar100/static_search_loose/search_loose_splitcifar100_b16_r200_q320/0,search_loose_splitcifar100_b16_r200_q320,splitcifar100,0,3,5.920031103974907,2.761125539895147,0.0,2.761125539895147,False,0.46640389068922883
effectiveness_v3_20260918T065316Z_09e88ab3,dev/splitcifar100/static_search_loose/search_loose_splitcifar100_b16_r200_q320/0,search_loose_splitcifar100_b16_r200_q320,splitcifar100,0,4,6.170441914000548,2.7609474509663414,0.0,2.7609474509663414,False,0.4474472800241153
effectiveness_v3_20260918T065316Z_09e88ab3,dev/splitcifar100/static_search_loose/search_loose_splitcifar100_b16_r200_q320/0,search_loose_splitcifar100_b16_r200_q320,splitcifar100,0,5,5.863839477999136,2.719170302967541,0.0,2.719170302967541,False,0.46371840722614366
effectiveness_v3_20260918T065316Z_09e88ab3,dev/splitcifar100/static_search_loose/search_loose_splitcifar100_b16_r200_q320/0,search_loose_splitcifar100_b16_r200_q320,splitcifar100,0,6,6.019202811992727,2.801958632131573,0.0,2.801958632131573,False,0.465503276704503
effectiveness_v3_20260918T065316Z_09e88ab3,dev/splitcifar100/static_search_loose/search_loose_splitcifar100_b16_r200_q320/0,search_loose_splitcifar100_b16_r200_q320,splitcifar100,0,7,6.000028365000617,2.7927264520258177,0.0,2.7927264520258177,False,0.4654522082456073
effectiveness_v3_20260918T065316Z_09e88ab3,dev/splitcifar100/static_search_loose/search_loose_splitcifar100_b16_r200_q320/0,search_loose_splitcifar100_b16_r200_q320,splitcifar100,0,8,6.048638069012668,2.813478634256171,0.0,2.813478634256171,False,0.4651425002050786
effectiveness_v3_20260918T065316Z_09e88ab3,dev/splitcifar100/static_search_loose/search_loose_splitcifar100_b16_r200_q320/0,search_loose_splitcifar100_b16_r200_q320,splitcifar100,0,9,6.108179927978199,2.833368115563644,0.0,2.833368115563644,False,0.4638645470454381
effectiveness_v3_20260918T065440Z_b6aee39a,dev/splitcifar100/static_search_loose/search_loose_splitcifar100_b16_r2000_q320/0,search_loose_splitcifar100_b16_r2000_q320,splitcifar100,0,0,5.359318456001347,1.56042866394273,0.0,1.56042866394273,False,0.2911617730413775
effectiveness_v3_20260918T065440Z_b6aee39a,dev/splitcifar100/static_search_loose/search_loose_splitcifar100_b16_r2000_q320/0,search_loose_splitcifar100_b16_r2000_q320,splitcifar100,0,1,5.660522791004041,2.5691173470113426,0.0,2.5691173470113426,False,0.45386573676450875
effectiveness_v3_20260918T065440Z_b6aee39a,dev/splitcifar100/static_search_loose/search_loose_splitcifar100_b16_r2000_q320/0,search_loose_splitcifar100_b16_r2000_q320,splitcifar100,0,2,5.773884349997388,2.693302626896184,0.0,2.693302626896184,False,0.46646286340969095
effectiveness_v3_20260918T065440Z_b6aee39a,dev/splitcifar100/static_search_loose/search_loose_splitcifar100_b16_r2000_q320/0,search_loose_splitcifar100_b16_r2000_q320,splitcifar100,0,3,6.017887344991323,2.6819577678106725,0.0,2.6819577678106725,False,0.44566433601367783
effectiveness_v3_20260918T065440Z_b6aee39a,dev/splitcifar100/static_search_loose/search_loose_splitcifar100_b16_r2000_q320/0,search_loose_splitcifar100_b16_r2000_q320,splitcifar100,0,4,6.048875100008445,2.8178704212477896,0.0,2.8178704212477896,False,0.4658503233508418
effectiveness_v3_20260918T065440Z_b6aee39a,dev/splitcifar100/static_search_loose/search_loose_splitcifar100_b16_r2000_q320/0,search_loose_splitcifar100_b16_r2000_q320,splitcifar100,0,5,6.063648848008597,2.8289470952004194,0.0,2.8289470952004194,False,0.4665420386488067
effectiveness_v3_20260918T065440Z_b6aee39a,dev/splitcifar100/static_search_loose/search_loose_splitcifar100_b16_r2000_q320/0,search_loose_splitcifar100_b16_r2000_q320,splitcifar100,0,6,6.044050152995624,2.8133611170051154,0.0,2.8133611170051154,False,0.46547613699246426
effectiveness_v3_20260918T065440Z_b6aee39a,dev/splitcifar100/static_search_loose/search_loose_splitcifar100_b16_r2000_q320/0,search_loose_splitcifar100_b16_r2000_q320,splitcifar100,0,7,6.072315158002311,2.830866148957284,0.0,2.830866148957284,False,0.46619223068925675
effectiveness_v3_20260918T065440Z_b6aee39a,dev/splitcifar100/static_search_loose/search_loose_splitcifar100_b16_r2000_q320/0,search_loose_splitcifar100_b16_r2000_q320,splitcifar100,0,8,6.124345324002206,2.865424181945855,0.0,2.865424181945855,False,0.4678743653980186
effectiveness_v3_20260918T065440Z_b6aee39a,dev/splitcifar100/static_search_loose/search_loose_splitcifar100_b16_r2000_q320/0,search_loose_splitcifar100_b16_r2000_q320,splitcifar100,0,9,5.784564481000416,2.7692572811210994,0.0,2.7692572811210994,False,0.4787322001884173
effectiveness_v3_20260918T065602Z_2e52079b,dev/splitcifar100/static_search_loose/search_loose_splitcifar100_b64_r200_q320/0,search_loose_splitcifar100_b64_r200_q320,splitcifar100,0,0,2.289653085026657,1.0665968689718284,0.0,1.0665968689718284,False,0.46583339456396755
effectiveness_v3_20260918T065602Z_2e52079b,dev/splitcifar100/static_search_loose/search_loose_splitcifar100_b64_r200_q320/0,search_loose_splitcifar100_b64_r200_q320,splitcifar100,0,1,2.4959282080235425,1.5837029280955903,0.0,1.5837029280955903,False,0.6345146158469364
effectiveness_v3_20260918T065602Z_2e52079b,dev/splitcifar100/static_search_loose/search_loose_splitcifar100_b64_r200_q320/0,search_loose_splitcifar100_b64_r200_q320,splitcifar100,0,2,2.2793050100153778,1.5185559040110093,0.0,1.5185559040110093,False,0.6662363735166642
effectiveness_v3_20260918T065602Z_2e52079b,dev/splitcifar100/static_search_loose/search_loose_splitcifar100_b64_r200_q320/0,search_loose_splitcifar100_b64_r200_q320,splitcifar100,0,3,2.1840751220006496,1.4414578000432812,0.0,1.4414578000432812,False,0.6599854489999784
effectiveness_v3_20260918T065602Z_2e52079b,dev/splitcifar100/static_search_loose/search_loose_splitcifar100_b64_r200_q320/0,search_loose_splitcifar100_b64_r200_q320,splitcifar100,0,4,2.2408946990035474,1.5128586620558053,0.0,1.5128586620558053,False,0.6751136779111148
effectiveness_v3_20260918T065602Z_2e52079b,dev/splitcifar100/static_search_loose/search_loose_splitcifar100_b64_r200_q320/0,search_loose_splitcifar100_b64_r200_q320,splitcifar100,0,5,2.450335448986152,1.4707951200834941,0.0,1.4707951200834941,False,0.6002423548547398
effectiveness_v3_20260918T065602Z_2e52079b,dev/splitcifar100/static_search_loose/search_loose_splitcifar100_b64_r200_q320/0,search_loose_splitcifar100_b64_r200_q320,splitcifar100,0,6,2.29616336998879,1.5079846029984765,0.0,1.5079846029984765,False,0.6567409892118603
effectiveness_v3_20260918T065602Z_2e52079b,dev/splitcifar100/static_search_loose/search_loose_splitcifar100_b64_r200_q320/0,search_loose_splitcifar100_b64_r200_q320,splitcifar100,0,7,2.2754722500103526,1.52420908305794,0.0,1.52420908305794,False,0.6698429669054436
effectiveness_v3_20260918T065602Z_2e52079b,dev/splitcifar100/static_search_loose/search_loose_splitcifar100_b64_r200_q320/0,search_loose_splitcifar100_b64_r200_q320,splitcifar100,0,8,2.2608538700151257,1.4989345740177669,0.0,1.4989345740177669,False,0.6629948949366368
effectiveness_v3_20260918T065602Z_2e52079b,dev/splitcifar100/static_search_loose/search_loose_splitcifar100_b64_r200_q320/0,search_loose_splitcifar100_b64_r200_q320,splitcifar100,0,9,2.340587252023397,1.5908376088773366,0.0,1.5908376088773366,False,0.6796745592381079
effectiveness_v3_20260918T065647Z_f82fb9c8,dev/splitcifar100/static_search_loose/search_loose_splitcifar100_b64_r2000_q320/0,search_loose_splitcifar100_b64_r2000_q320,splitcifar100,0,0,2.4085520560038276,1.0787863120494876,0.0,1.0787863120494876,False,0.4478982753810048
effectiveness_v3_20260918T065647Z_f82fb9c8,dev/splitcifar100/static_search_loose/search_loose_splitcifar100_b64_r2000_q320/0,search_loose_splitcifar100_b64_r2000_q320,splitcifar100,0,1,2.4600793670106214,1.6258583302551415,0.0,1.6258583302551415,False,0.660896697910528
effectiveness_v3_20260918T065647Z_f82fb9c8,dev/splitcifar100/static_search_loose/search_loose_splitcifar100_b64_r2000_q320/0,search_loose_splitcifar100_b64_r2000_q320,splitcifar100,0,2,2.2748682599922176,1.5433686370088253,0.0,1.5433686370088253,False,0.6784430835630478
effectiveness_v3_20260918T065647Z_f82fb9c8,dev/splitcifar100/static_search_loose/search_loose_splitcifar100_b64_r2000_q320/0,search_loose_splitcifar100_b64_r2000_q320,splitcifar100,0,3,2.261407509999117,1.3361763699504081,0.0,1.3361763699504081,False,0.5908604990663227
effectiveness_v3_20260918T065647Z_f82fb9c8,dev/splitcifar100/static_search_loose/search_loose_splitcifar100_b64_r2000_q320/0,search_loose_splitcifar100_b64_r2000_q320,splitcifar100,0,4,2.270010389998788,1.5366147008317057,0.0,1.5366147008317057,False,0.6769196773731622
effectiveness_v3_20260918T065647Z_f82fb9c8,dev/splitcifar100/static_search_loose/search_loose_splitcifar100_b64_r2000_q320/0,search_loose_splitcifar100_b64_r2000_q320,splitcifar100,0,5,2.2493008150195237,1.5233038981386926,0.0,1.5233038981386926,False,0.677234404561166
effectiveness_v3_20260918T065647Z_f82fb9c8,dev/splitcifar100/static_search_loose/search_loose_splitcifar100_b64_r2000_q320/0,search_loose_splitcifar100_b64_r2000_q320,splitcifar100,0,6,2.2308524080144707,1.5137613499246072,0.0,1.5137613499246072,False,0.678557373175531
effectiveness_v3_20260918T065647Z_f82fb9c8,dev/splitcifar100/static_search_loose/search_loose_splitcifar100_b64_r2000_q320/0,search_loose_splitcifar100_b64_r2000_q320,splitcifar100,0,7,2.282834584999364,1.5639149451162666,0.0,1.5639149451162666,False,0.6850758944133932
effectiveness_v3_20260918T065647Z_f82fb9c8,dev/splitcifar100/static_search_loose/search_loose_splitcifar100_b64_r2000_q320/0,search_loose_splitcifar100_b64_r2000_q320,splitcifar100,0,8,2.166408779012272,1.4551903600222431,0.0,1.4551903600222431,False,0.6717062698969056
effectiveness_v3_20260918T065647Z_f82fb9c8,dev/splitcifar100/static_search_loose/search_loose_splitcifar100_b64_r2000_q320/0,search_loose_splitcifar100_b64_r2000_q320,splitcifar100,0,9,2.2542158889991697,1.5384941290831193,0.0,1.5384941290831193,False,0.6824963556468331
effectiveness_v3_20260918T065758Z_923243ad,dev/core50_nc/control_2x2/control_core50_nc_O00_q160/0,control_core50_nc_O00_q160,core50_nc,0,0,27.043668385013007,11.542861184803769,0.0,11.542861184803769,False,0.4268230559727083
effectiveness_v3_20260918T065758Z_923243ad,dev/core50_nc/control_2x2/control_core50_nc_O00_q160/0,control_core50_nc_O00_q160,core50_nc,0,1,30.449395164992893,8.829405570955714,0.0,8.829405570955714,False,0.2899698178933524
effectiveness_v3_20260918T065908Z_f6fddf5b,dev/core50_nc/control_2x2/control_core50_nc_O10_q160/0,control_core50_nc_O10_q160,core50_nc,0,0,26.02703892099089,11.080948373361025,0.0,11.080948373361025,False,0.4257475622562736
effectiveness_v3_20260918T065908Z_f6fddf5b,dev/core50_nc/control_2x2/control_core50_nc_O10_q160/0,control_core50_nc_O10_q160,core50_nc,0,1,30.182140674995026,9.032705121528124,0.0,9.032705121528124,False,0.29927317677011034
effectiveness_v3_20260918T070016Z_313ede76,dev/core50_nc/control_2x2/control_core50_nc_O01_q160/0,control_core50_nc_O01_q160,core50_nc,0,0,26.375509163015522,11.268252195877722,0.0,11.268252195877722,False,0.4272240632866485
effectiveness_v3_20260918T070016Z_313ede76,dev/core50_nc/control_2x2/control_core50_nc_O01_q160/0,control_core50_nc_O01_q160,core50_nc,0,1,30.488954162981827,8.934731775254477,0.0,8.934731775254477,False,0.2930481553251369
effectiveness_v3_20260918T070126Z_72e2b9e8,dev/core50_nc/control_2x2/control_core50_nc_O11_q160/0,control_core50_nc_O11_q160,core50_nc,0,0,27.598032442008844,11.636118169990368,0.0,11.636118169990368,False,0.42162854161582336
effectiveness_v3_20260918T070126Z_72e2b9e8,dev/core50_nc/control_2x2/control_core50_nc_O11_q160/0,control_core50_nc_O11_q160,core50_nc,0,1,30.44581084299716,8.645942481351085,0.0,8.645942481351085,False,0.2839780660116575
effectiveness_v3_20260918T070247Z_4f265e8f,dev/splitcifar100/control_2x2/control_splitcifar100_O00_q160/0,control_splitcifar100_O00_q160,splitcifar100,0,0,5.328791470004944,1.5709040156798437,0.0,1.5709040156798437,False,0.29479555064638063
effectiveness_v3_20260918T070247Z_4f265e8f,dev/splitcifar100/control_2x2/control_splitcifar100_O00_q160/0,control_splitcifar100_O00_q160,splitcifar100,0,1,6.383711029018741,2.793590956105618,0.0,2.793590956105618,False,0.4376123767831372
effectiveness_v3_20260918T070247Z_4f265e8f,dev/splitcifar100/control_2x2/control_splitcifar100_O00_q160/0,control_splitcifar100_O00_q160,splitcifar100,0,2,6.045881206984632,2.6872393088706303,0.0,2.6872393088706303,False,0.44447438129716155
effectiveness_v3_20260918T070247Z_4f265e8f,dev/splitcifar100/control_2x2/control_splitcifar100_O00_q160/0,control_splitcifar100_O00_q160,splitcifar100,0,3,6.503552652022336,2.9296171799942385,0.0,2.9296171799942385,False,0.4504641288762764
effectiveness_v3_20260918T070247Z_4f265e8f,dev/splitcifar100/control_2x2/control_splitcifar100_O00_q160/0,control_splitcifar100_O00_q160,splitcifar100,0,4,6.592762424988905,2.936777756898664,0.0,2.936777756898664,False,0.4454548135645289
effectiveness_v3_20260918T070247Z_4f265e8f,dev/splitcifar100/control_2x2/control_splitcifar100_O00_q160/0,control_splitcifar100_O00_q160,splitcifar100,0,5,6.633453936985461,2.8772425259812735,0.0,2.8772425259812735,False,0.4337472685140588
effectiveness_v3_20260918T070247Z_4f265e8f,dev/splitcifar100/control_2x2/control_splitcifar100_O00_q160/0,control_splitcifar100_O00_q160,splitcifar100,0,6,6.3186167210224085,2.8395252206828445,0.0,2.8395252206828445,False,0.44939032482150365
effectiveness_v3_20260918T070247Z_4f265e8f,dev/splitcifar100/control_2x2/control_splitcifar100_O00_q160/0,control_splitcifar100_O00_q160,splitcifar100,0,7,6.159360232995823,2.7778684627846815,0.0,2.7778684627846815,False,0.45099951256359083
effectiveness_v3_20260918T070247Z_4f265e8f,dev/splitcifar100/control_2x2/control_splitcifar100_O00_q160/0,control_splitcifar100_O00_q160,splitcifar100,0,8,6.474248938000528,2.886213302903343,0.0,2.886213302903343,False,0.44579893830815615
effectiveness_v3_20260918T070247Z_4f265e8f,dev/splitcifar100/control_2x2/control_splitcifar100_O00_q160/0,control_splitcifar100_O00_q160,splitcifar100,0,9,6.526765985006932,2.9090912360406946,0.0,2.9090912360406946,False,0.4457171044163927
effectiveness_v3_20260918T070414Z_84ac12b9,dev/splitcifar100/control_2x2/control_splitcifar100_O10_q160/0,control_splitcifar100_O10_q160,splitcifar100,0,0,5.339860578998923,1.574103162944084,0.0,1.574103162944084,False,0.2947835696562671
effectiveness_v3_20260918T070414Z_84ac12b9,dev/splitcifar100/control_2x2/control_splitcifar100_O10_q160/0,control_splitcifar100_O10_q160,splitcifar100,0,1,11.35589077800978,2.7746840658946894,0.0,2.7746840658946894,False,0.24433874190369567
effectiveness_v3_20260918T070441Z_f953b85a,dev/splitcifar100/control_2x2/control_splitcifar100_O01_q160/0,control_splitcifar100_O01_q160,splitcifar100,0,0,5.280163228017045,1.5758798361348454,0.0,1.5758798361348454,False,0.2984528636866902
effectiveness_v3_20260918T070441Z_f953b85a,dev/splitcifar100/control_2x2/control_splitcifar100_O01_q160/0,control_splitcifar100_O01_q160,splitcifar100,0,1,6.424348872009432,2.8309579010820016,0.0,2.8309579010820016,False,0.4406606735534467
effectiveness_v3_20260918T070441Z_f953b85a,dev/splitcifar100/control_2x2/control_splitcifar100_O01_q160/0,control_splitcifar100_O01_q160,splitcifar100,0,2,6.298187553999014,2.7843871839286294,0.0,2.7843871839286294,False,0.44209340545292136
effectiveness_v3_20260918T070441Z_f953b85a,dev/splitcifar100/control_2x2/control_splitcifar100_O01_q160/0,control_splitcifar100_O01_q160,splitcifar100,0,3,6.359614995017182,2.8929163152351975,0.0,2.8929163152351975,False,0.4548885927059774
effectiveness_v3_20260918T070441Z_f953b85a,dev/splitcifar100/control_2x2/control_splitcifar100_O01_q160/0,control_splitcifar100_O01_q160,splitcifar100,0,4,6.488081587012857,2.8760153668408748,0.0,2.8760153668408748,False,0.4432766956256796
effectiveness_v3_20260918T070441Z_f953b85a,dev/splitcifar100/control_2x2/control_splitcifar100_O01_q160/0,control_splitcifar100_O01_q160,splitcifar100,0,5,6.308347471000161,2.884512789431028,0.0,2.884512789431028,False,0.4572533143888
effectiveness_v3_20260918T070441Z_f953b85a,dev/splitcifar100/control_2x2/control_splitcifar100_O01_q160/0,control_splitcifar100_O01_q160,splitcifar100,0,6,6.3584889080084395,2.896962507045828,0.0,2.896962507045828,False,0.45560549824929925
effectiveness_v3_20260918T070441Z_f953b85a,dev/splitcifar100/control_2x2/control_splitcifar100_O01_q160/0,control_splitcifar100_O01_q160,splitcifar100,0,7,6.286236379004549,2.8580564308795147,0.0,2.8580564308795147,False,0.45465303220622755
effectiveness_v3_20260918T070441Z_f953b85a,dev/splitcifar100/control_2x2/control_splitcifar100_O01_q160/0,control_splitcifar100_O01_q160,splitcifar100,0,8,6.343284464004682,2.8690176163509022,0.0,2.8690176163509022,False,0.45229212604783864
effectiveness_v3_20260918T070441Z_f953b85a,dev/splitcifar100/control_2x2/control_splitcifar100_O01_q160/0,control_splitcifar100_O01_q160,splitcifar100,0,9,6.312955189991044,2.85489458203665,0.0,2.85489458203665,False,0.45222791800628953
effectiveness_v3_20260918T070608Z_9a93c0ae,dev/splitcifar100/control_2x2/control_splitcifar100_O11_q160/0,control_splitcifar100_O11_q160,splitcifar100,0,0,5.26791243601474,1.5468712989240885,0.0,1.5468712989240885,False,0.2936402830746977
effectiveness_v3_20260918T070608Z_9a93c0ae,dev/splitcifar100/control_2x2/control_splitcifar100_O11_q160/0,control_splitcifar100_O11_q160,splitcifar100,0,1,10.764865008997731,2.5226101609587204,0.0,2.5226101609587204,False,0.2343373705894329
effectiveness_v3_20260918T070643Z_ca7c2157,dev/core50_nc/dyn_reservation_probe/dyn_core50_nc_R4/0,dyn_core50_nc_R4,core50_nc,0,0,27.014679940999486,11.529840317962226,0.0,11.529840317962226,False,0.42679907158417535
effectiveness_v3_20260918T070643Z_ca7c2157,dev/core50_nc/dyn_reservation_probe/dyn_core50_nc_R4/0,dyn_core50_nc_R4,core50_nc,0,1,29.302333992993226,8.79239053314086,0.0,8.79239053314086,False,0.300057686027444
effectiveness_v3_20260918T070802Z_9e915627,dev/core50_nc/io_off/io_off_core50_nc/0,io_off_core50_nc,core50_nc,0,0,25.536866128997644,10.389193699491443,0.0,10.389193699491443,False,0.40683119248114386
effectiveness_v3_20260918T070802Z_9e915627,dev/core50_nc/io_off/io_off_core50_nc/0,io_off_core50_nc,core50_nc,0,1,15.776352215994848,8.500478781905258,0.0,8.500478781905258,False,0.5388114226612569
effectiveness_v3_20260918T070802Z_9e915627,dev/core50_nc/io_off/io_off_core50_nc/0,io_off_core50_nc,core50_nc,0,2,13.374330553982873,7.3026557739358395,0.0,7.3026557739358395,False,0.546020284489014
effectiveness_v3_20260918T070802Z_9e915627,dev/core50_nc/io_off/io_off_core50_nc/0,io_off_core50_nc,core50_nc,0,3,17.182459629984805,9.43930289580021,0.0,9.43930289580021,False,0.5493569080952677
effectiveness_v3_20260918T070802Z_9e915627,dev/core50_nc/io_off/io_off_core50_nc/0,io_off_core50_nc,core50_nc,0,4,14.281941853987519,7.7561329679738265,0.0,7.7561329679738265,False,0.5430727170905204
effectiveness_v3_20260918T070802Z_9e915627,dev/core50_nc/io_off/io_off_core50_nc/0,io_off_core50_nc,core50_nc,0,5,16.590709256008267,8.920727230259217,0.0,8.920727230259217,False,0.5376941451148995
effectiveness_v3_20260918T070802Z_9e915627,dev/core50_nc/io_off/io_off_core50_nc/0,io_off_core50_nc,core50_nc,0,6,16.27267068999936,8.888631997338962,0.0,8.888631997338962,False,0.5462306812858703
effectiveness_v3_20260918T070802Z_9e915627,dev/core50_nc/io_off/io_off_core50_nc/0,io_off_core50_nc,core50_nc,0,7,15.435346946003847,8.281029545207275,0.0,8.281029545207275,False,0.5364977913471004
effectiveness_v3_20260918T070802Z_9e915627,dev/core50_nc/io_off/io_off_core50_nc/0,io_off_core50_nc,core50_nc,0,8,11.543237576988759,6.645589424850186,0.0,6.645589424850186,False,0.5757127825297517
effectiveness_v3_20260918T071131Z_f68f3c56,dev/core50_nc/io_on/io_on_core50_nc/0,io_on_core50_nc,core50_nc,0,0,25.477976072987076,19.566746820462868,0.04007181606721133,0.04007181606721133,True,0.0015728021704870551
effectiveness_v3_20260918T071131Z_f68f3c56,dev/core50_nc/io_on/io_on_core50_nc/0,io_on_core50_nc,core50_nc,0,1,13.420932932000142,13.279032351070782,0.4551877958001569,0.4551877958001569,True,0.0339162559045975
effectiveness_v3_20260918T071131Z_f68f3c56,dev/core50_nc/io_on/io_on_core50_nc/0,io_on_core50_nc,core50_nc,0,2,10.496520162007073,10.397338018985465,0.2963506033120211,0.2963506033120211,True,0.028233223843525203
effectiveness_v3_20260918T071131Z_f68f3c56,dev/core50_nc/io_on/io_on_core50_nc/0,io_on_core50_nc,core50_nc,0,3,13.46992424101336,13.338454222248401,0.43395440292079,0.43395440292079,True,0.032216543698106434
effectiveness_v3_20260918T071131Z_f68f3c56,dev/core50_nc/io_on/io_on_core50_nc/0,io_on_core50_nc,core50_nc,0,4,10.267966525978409,10.06133939907886,0.09121156577020884,0.09121156577020884,True,0.008883118730416539
effectiveness_v3_20260918T071131Z_f68f3c56,dev/core50_nc/io_on/io_on_core50_nc/0,io_on_core50_nc,core50_nc,0,5,13.406520238000667,13.300484842417063,0.507973883766681,0.507973883766681,True,0.037890062055538715
effectiveness_v3_20260918T071131Z_f68f3c56,dev/core50_nc/io_on/io_on_core50_nc/0,io_on_core50_nc,core50_nc,0,6,13.106034103984712,13.018744395201793,0.6582261713338085,0.6582261713338085,True,0.050223138907725236
effectiveness_v3_20260918T071131Z_f68f3c56,dev/core50_nc/io_on/io_on_core50_nc/0,io_on_core50_nc,core50_nc,0,7,12.710966398008168,12.406211261637509,0.6506599705608096,0.6506599705608096,True,0.051188867170852505
effectiveness_v3_20260918T071131Z_f68f3c56,dev/core50_nc/io_on/io_on_core50_nc/0,io_on_core50_nc,core50_nc,0,8,12.285901160998037,12.184750317101134,0.4253221547987778,0.4253221547987778,True,0.034618718580365575
effectiveness_v3_20260918T071448Z_a0c5f366,dev/core50_nc/sensitivity/sens_thr_half_q160/0,sens_thr_half_q160,core50_nc,0,0,26.886116301000584,11.461007683712523,0.0,11.461007683712523,False,0.42627977783782756
effectiveness_v3_20260918T071448Z_a0c5f366,dev/core50_nc/sensitivity/sens_thr_half_q160/0,sens_thr_half_q160,core50_nc,0,1,30.41417547900346,8.86639278481016,0.0,8.86639278481016,False,0.29152172120960856
effectiveness_v3_20260918T071559Z_e01e3443,dev/core50_nc/sensitivity/sens_thr_double_q160/0,sens_thr_double_q160,core50_nc,0,0,26.936300728004426,11.472975615499308,0.0,11.472975615499308,False,0.42592989034947126
effectiveness_v3_20260918T071559Z_e01e3443,dev/core50_nc/sensitivity/sens_thr_double_q160/0,sens_thr_double_q160,core50_nc,0,1,27.270294127985835,7.133644376153825,0.0,7.133644376153825,False,0.2615902983177949
effectiveness_v3_20260918T071706Z_15ebee85,dev/core50_nc/sensitivity/sens_alpha_half_q160/0,sens_alpha_half_q160,core50_nc,0,0,26.81200051898486,11.378315942536574,0.0,11.378315942536574,False,0.4243740012790128
effectiveness_v3_20260918T071706Z_15ebee85,dev/core50_nc/sensitivity/sens_alpha_half_q160/0,sens_alpha_half_q160,core50_nc,0,1,30.842372804007027,8.925394032994518,0.0,8.925394032994518,False,0.28938739861917934
effectiveness_v3_20260918T071816Z_b64b58f9,dev/core50_nc/sensitivity/sens_alpha_double_q160/0,sens_alpha_double_q160,core50_nc,0,0,27.07002545101568,11.4817689495394,0.0,11.4817689495394,False,0.42415065217859255
effectiveness_v3_20260918T071816Z_b64b58f9,dev/core50_nc/sensitivity/sens_alpha_double_q160/0,sens_alpha_double_q160,core50_nc,0,1,29.85572398500517,8.781939375650836,0.0,8.781939375650836,False,0.2941459192234462
effectiveness_v3_20260918T071926Z_2b894538,dev/core50_nc/sensitivity/sens_beta_half_q160/0,sens_beta_half_q160,core50_nc,0,0,25.866472313995473,11.016286369442241,0.0,11.016286369442241,False,0.42589055962925804
effectiveness_v3_20260918T071926Z_2b894538,dev/core50_nc/sensitivity/sens_beta_half_q160/0,sens_beta_half_q160,core50_nc,0,1,30.67820408102125,8.87335606169654,0.0,8.87335606169654,False,0.2892397494410682
effectiveness_v3_20260918T072035Z_faee1189,dev/core50_nc/sensitivity/sens_beta_double_q160/0,sens_beta_double_q160,core50_nc,0,0,26.57043553100084,11.293250530259684,0.0,11.293250530259684,False,0.42503068935710053
effectiveness_v3_20260918T072035Z_faee1189,dev/core50_nc/sensitivity/sens_beta_double_q160/0,sens_beta_double_q160,core50_nc,0,1,27.180407545994967,7.141229093860602,0.0,7.141229093860602,False,0.2627344377296823
effectiveness_v3_20260918T072142Z_620bd669,dev/core50_nc/sensitivity/sens_lr_half_q160/0,sens_lr_half_q160,core50_nc,0,0,26.789851306995843,11.54823531783768,0.0,11.54823531783768,False,0.4310675406705971
effectiveness_v3_20260918T072142Z_620bd669,dev/core50_nc/sensitivity/sens_lr_half_q160/0,sens_lr_half_q160,core50_nc,0,1,31.00767086999258,9.125512732251082,0.0,9.125512732251082,False,0.2942985550418178
effectiveness_v3_20260918T072252Z_cfb0717e,dev/core50_nc/sensitivity/sens_lr_double_q160/0,sens_lr_double_q160,core50_nc,0,0,26.98900033099926,11.443689789244672,0.0,11.443689789244672,False,0.4240131034457241
effectiveness_v3_20260918T072252Z_cfb0717e,dev/core50_nc/sensitivity/sens_lr_double_q160/0,sens_lr_double_q160,core50_nc,0,1,31.231986591010354,8.995261725096498,0.0,8.995261725096498,False,0.28801439507807824
effectiveness_v3_20260918T072403Z_e3878a3f,dev/core50_nc/sensitivity/sens_delta_half_life_q160/0,sens_delta_half_life_q160,core50_nc,0,0,22.145589738996932,9.574239736568416,0.0,9.574239736568416,False,0.4323316673616872
effectiveness_v3_20260918T072403Z_e3878a3f,dev/core50_nc/sensitivity/sens_delta_half_life_q160/0,sens_delta_half_life_q160,core50_nc,0,1,30.84998418900068,8.904393886739854,0.0,8.904393886739854,False,0.2886352820211378
effectiveness_v3_20260918T072509Z_1bb76c1e,dev/core50_nc/sensitivity/sens_initial_batch32_q160/0,sens_initial_batch32_q160,core50_nc,0,0,16.315688399015926,8.748355762974825,0.0,8.748355762974825,False,0.5361928684236503
effectiveness_v3_20260918T072535Z_a66b8f55,dev/core50_nc/sensitivity/sens_initial_replay1000_q160/0,sens_initial_replay1000_q160,core50_nc,0,0,27.240298481978243,11.659156451642048,0.0,11.659156451642048,False,0.42801133252469914
effectiveness_v3_20260918T072535Z_a66b8f55,dev/core50_nc/sensitivity/sens_initial_replay1000_q160/0,sens_initial_replay1000_q160,core50_nc,0,1,28.098380366020137,8.044269500445807,0.0,8.044269500445807,False,0.2862894371724672
effectiveness_v3_20260918T072643Z_8270ed07,dev/core50_nc/sensitivity/sens_quota_loose_q320/0,sens_quota_loose_q320,core50_nc,0,0,27.375306655012537,11.596127860277193,0.0,11.596127860277193,False,0.4235980990610709
effectiveness_v3_20260918T072643Z_8270ed07,dev/core50_nc/sensitivity/sens_quota_loose_q320/0,sens_quota_loose_q320,core50_nc,0,1,30.782860509993043,8.936966316890903,0.0,8.936966316890903,False,0.29032280200177285
effectiveness_v3_20260918T072643Z_8270ed07,dev/core50_nc/sensitivity/sens_quota_loose_q320/0,sens_quota_loose_q320,core50_nc,0,2,37.18102988501778,6.846521937754005,0.0,6.846521937754005,False,0.18414019081576957
effectiveness_v3_20260918T072643Z_8270ed07,dev/core50_nc/sensitivity/sens_quota_loose_q320/0,sens_quota_loose_q320,core50_nc,0,3,62.35222324699862,8.862671846349258,0.0,8.862671846349258,False,0.1421388265698428
effectiveness_v3_20260918T072643Z_8270ed07,dev/core50_nc/sensitivity/sens_quota_loose_q320/0,sens_quota_loose_q320,core50_nc,0,4,59.85075543698622,7.1331932090979535,0.0,7.1331932090979535,False,0.11918301042345449
effectiveness_v3_20260918T072643Z_8270ed07,dev/core50_nc/sensitivity/sens_quota_loose_q320/0,sens_quota_loose_q320,core50_nc,0,5,99.19776028799242,11.42410077128443,0.0,11.42410077128443,False,0.11516490632568527
effectiveness_v3_20260918T072643Z_8270ed07,dev/core50_nc/sensitivity/sens_quota_loose_q320/0,sens_quota_loose_q320,core50_nc,0,6,113.14586126999347,13.384964647877496,0.0,13.384964647877496,False,0.11829831420822122
effectiveness_v3_20260918T072643Z_8270ed07,dev/core50_nc/sensitivity/sens_quota_loose_q320/0,sens_quota_loose_q320,core50_nc,0,7,115.92718262999551,12.002663501305506,0.0,12.002663501305506,False,0.10353623049405397
effectiveness_v3_20260918T072643Z_8270ed07,dev/core50_nc/sensitivity/sens_quota_loose_q320/0,sens_quota_loose_q320,core50_nc,0,8,136.1102472039929,12.251111590187065,0.0,12.251111590187065,False,0.0900087380770525
effectiveness_v3_20260918T073910Z_ebc842d3,dev/core50_nc/sensitivity/sens_quota_mid_q240/0,sens_quota_mid_q240,core50_nc,0,0,26.891086566000013,11.466636786790332,0.0,11.466636786790332,False,0.4264103184766166
effectiveness_v3_20260918T073910Z_ebc842d3,dev/core50_nc/sensitivity/sens_quota_mid_q240/0,sens_quota_mid_q240,core50_nc,0,1,29.12185843201587,8.26700229709968,0.0,8.26700229709968,False,0.28387619273676357
effectiveness_v3_20260918T073910Z_ebc842d3,dev/core50_nc/sensitivity/sens_quota_mid_q240/0,sens_quota_mid_q240,core50_nc,0,2,37.23568056998192,7.116380587220192,0.0,7.116380587220192,False,0.1911172423408628
effectiveness_v3_20260918T073910Z_ebc842d3,dev/core50_nc/sensitivity/sens_quota_mid_q240/0,sens_quota_mid_q240,core50_nc,0,3,61.504840742010856,8.4047497214342,0.0,8.4047497214342,False,0.13665184105896463
effectiveness_v3_20260918T073910Z_ebc842d3,dev/core50_nc/sensitivity/sens_quota_mid_q240/0,sens_quota_mid_q240,core50_nc,0,4,72.22311606700532,11.137826250807848,0.0,11.137826250807848,False,0.15421414717795726
effectiveness_v3_20260918T073910Z_ebc842d3,dev/core50_nc/sensitivity/sens_quota_mid_q240/0,sens_quota_mid_q240,core50_nc,0,5,105.57068400099524,12.411847066658083,0.0,12.411847066658083,False,0.11756906933122716
effectiveness_v3_20260918T073910Z_ebc842d3,dev/core50_nc/sensitivity/sens_quota_mid_q240/0,sens_quota_mid_q240,core50_nc,0,6,114.14173695398495,13.38184100628132,0.0,13.38184100628132,False,0.11723880644707614
effectiveness_v3_20260918T073910Z_ebc842d3,dev/core50_nc/sensitivity/sens_quota_mid_q240/0,sens_quota_mid_q240,core50_nc,0,7,116.39958270199713,11.699804457835853,0.0,11.699804457835853,False,0.10051414434869028
effectiveness_v3_20260918T073910Z_ebc842d3,dev/core50_nc/sensitivity/sens_quota_mid_q240/0,sens_quota_mid_q240,core50_nc,0,8,136.27683142598835,11.94453468217398,0.0,11.94453468217398,False,0.08764904905101958
effectiveness_v3_20260918T075205Z_4e190a1d,dev/core50_nc/agem_profile/agem_static_q320/0,agem_static_q320,core50_nc,0,0,25.027568497986067,10.434807479963638,0.0,10.434807479963638,False,0.4169325310528393
effectiveness_v3_20260918T075205Z_4e190a1d,dev/core50_nc/agem_profile/agem_static_q320/0,agem_static_q320,core50_nc,0,1,29.257302439014893,6.572476111789001,0.0,6.572476111789001,False,0.22464395429103337
effectiveness_v3_20260918T075205Z_4e190a1d,dev/core50_nc/agem_profile/agem_static_q320/0,agem_static_q320,core50_nc,0,2,24.665535192994867,5.387223233090481,0.0,5.387223233090481,False,0.21841096051386222
effectiveness_v3_20260918T075205Z_4e190a1d,dev/core50_nc/agem_profile/agem_static_q320/0,agem_static_q320,core50_nc,0,3,29.878319811978145,6.60445892313146,0.0,6.60445892313146,False,0.22104519145295945
effectiveness_v3_20260918T075205Z_4e190a1d,dev/core50_nc/agem_profile/agem_static_q320/0,agem_static_q320,core50_nc,0,4,26.75847739900928,5.546232155029429,0.0,5.546232155029429,False,0.20727009509273409
effectiveness_v3_20260918T075205Z_4e190a1d,dev/core50_nc/agem_profile/agem_static_q320/0,agem_static_q320,core50_nc,0,5,29.08113341900753,6.280505327536957,0.0,6.280505327536957,False,0.21596494321751564
effectiveness_v3_20260918T075205Z_4e190a1d,dev/core50_nc/agem_profile/agem_static_q320/0,agem_static_q320,core50_nc,0,6,30.17365145200165,6.623155815294012,0.0,6.623155815294012,False,0.21950130317604127
effectiveness_v3_20260918T075205Z_4e190a1d,dev/core50_nc/agem_profile/agem_static_q320/0,agem_static_q320,core50_nc,0,7,28.944874392007478,6.10459275462199,0.0,6.10459275462199,False,0.21090410246546606
effectiveness_v3_20260918T075205Z_4e190a1d,dev/core50_nc/agem_profile/agem_static_q320/0,agem_static_q320,core50_nc,0,8,31.312212780001573,6.286968217958929,0.0,6.286968217958929,False,0.20078326185795078
effectiveness_v3_20260918T075722Z_0b1f08b5,dev/core50_nc/agem_profile/agem_adaptive_ewc_q320/0,agem_adaptive_ewc_q320,core50_nc,0,0,27.123441668984015,11.481303899025079,0.0,11.481303899025079,False,0.4232981949394014
effectiveness_v3_20260918T075722Z_0b1f08b5,dev/core50_nc/agem_profile/agem_adaptive_ewc_q320/0,agem_adaptive_ewc_q320,core50_nc,0,1,45.03100439798436,6.762085613241652,0.0,6.762085613241652,False,0.15016510743305408
effectiveness_v3_20260918T075722Z_0b1f08b5,dev/core50_nc/agem_profile/agem_adaptive_ewc_q320/0,agem_adaptive_ewc_q320,core50_nc,0,2,46.00201084499713,5.810679861053359,0.0,5.810679861053359,False,0.12631360573850414
effectiveness_v3_20260918T075722Z_0b1f08b5,dev/core50_nc/agem_profile/agem_adaptive_ewc_q320/0,agem_adaptive_ewc_q320,core50_nc,0,3,70.31541307500447,7.724366450012894,0.0,7.724366450012894,False,0.1098531049198761
effectiveness_v3_20260918T075722Z_0b1f08b5,dev/core50_nc/agem_profile/agem_adaptive_ewc_q320/0,agem_adaptive_ewc_q320,core50_nc,0,4,60.7472696909972,6.178823025751626,0.0,6.178823025751626,False,0.10171359235042844
effectiveness_v3_20260918T075722Z_0b1f08b5,dev/core50_nc/agem_profile/agem_adaptive_ewc_q320/0,agem_adaptive_ewc_q320,core50_nc,0,5,79.87544907600386,6.973335762624629,0.0,6.973335762624629,False,0.08730261730346321
effectiveness_v3_20260918T075722Z_0b1f08b5,dev/core50_nc/agem_profile/agem_adaptive_ewc_q320/0,agem_adaptive_ewc_q320,core50_nc,0,6,82.88826478100964,6.960923779988661,0.0,6.960923779988661,False,0.08397960553739887
effectiveness_v3_20260918T075722Z_0b1f08b5,dev/core50_nc/agem_profile/agem_adaptive_ewc_q320/0,agem_adaptive_ewc_q320,core50_nc,0,7,80.20386125601362,6.410440657869913,0.0,6.410440657869913,False,0.07992683341525858
effectiveness_v3_20260918T075722Z_0b1f08b5,dev/core50_nc/agem_profile/agem_adaptive_ewc_q320/0,agem_adaptive_ewc_q320,core50_nc,0,8,88.80944662998081,6.0873150893021375,0.0,6.0873150893021375,False,0.06854355387062108
