run_id,cell_id,method,dataset,seed,t,controller,reason,urge,thr,factors,mb_before,mr_before,mb_next,mr_next,suggested_new_batch,suggested_replay,suggested_optimizer_mode,plugin_policy,applied_new_batch,applied_replay,applied_optimizer_mode,applied_optional_plugins,replay_requested,replay_occupancy,replay_max_size,predicted_bytes,limit_bytes,guard_reason,enforcement,controller_s,reconfigure_s,plasticity,stability,latency_s,memory_mib,memory_mib_model,plugins,applied
effectiveness_v3_20260918T124042Z_48203b04,A/core50_nc/tight/S0/0/default,S0,core50_nc,0,0,skipped,disabled,,,,,,,,,,,,,,,,,,,,,,,,,,,,,,,
effectiveness_v3_20260918T124042Z_48203b04,A/core50_nc/tight/S0/0/default,S0,core50_nc,0,1,skipped,disabled,,,,,,,,,,,,,,,,,,,,,,,,,,,,,,,
effectiveness_v3_20260918T124042Z_48203b04,A/core50_nc/tight/S0/0/default,S0,core50_nc,0,2,skipped,disabled,,,,,,,,,,,,,,,,,,,,,,,,,,,,,,,
effectiveness_v3_20260918T124042Z_48203b04,A/core50_nc/tight/S0/0/default,S0,core50_nc,0,3,skipped,disabled,,,,,,,,,,,,,,,,,,,,,,,,,,,,,,,
effectiveness_v3_20260918T124042Z_48203b04,A/core50_nc/tight/S0/0/default,S0,core50_nc,0,4,skipped,disabled,,,,,,,,,,,,,,,,,,,,,,,,,,,,,,,
effectiveness_v3_20260918T124042Z_48203b04,A/core50_nc/tight/S0/0/default,S0,core50_nc,0,5,skipped,disabled,,,,,,,,,,,,,,,,,,,,,,,,,,,,,,,
effectiveness_v3_20260918T124042Z_48203b04,A/core50_nc/tight/S0/0/default,S0,core50_nc,0,6,skipped,disabled,,,,,,,,,,,,,,,,,,,,,,,,,,,,,,,
effectiveness_v3_20260918T124042Z_48203b04,A/core50_nc/tight/S0/0/default,S0,core50_nc,0,7,skipped,disabled,,,,,,,,,,,,,,,,,,,,,,,,,,,,,,,
effectiveness_v3_20260918T124042Z_48203b04,A/core50_nc/tight/S0/0/default,S0,core50_nc,0,8,skipped,disabled,,,,,,,,,,,,,,,,,,,,,,,,,,,,,,,
effectiveness_v3_20260918T124542Z_e661f745,A/core50_nc/tight/S_star/0/default,S_star,core50_nc,0,0,skipped,disabled,,,,,,,,,,,,,,,,,,,,,,,,,,,,,,,
effectiveness_v3_20260918T124542Z_e661f745,A/core50_nc/tight/S_star/0/default,S_star,core50_nc,0,1,skipped,disabled,,,,,,,,,,,,,,,,,,,,,,,,,,,,,,,
effectiveness_v3_20260918T124542Z_e661f745,A/core50_nc/tight/S_star/0/default,S_star,core50_nc,0,2,skipped,disabled,,,,,,,,,,,,,,,,,,,,,,,,,,,,,,,
effectiveness_v3_20260918T124542Z_e661f745,A/core50_nc/tight/S_star/0/default,S_star,core50_nc,0,3,skipped,disabled,,,,,,,,,,,,,,,,,,,,,,,,,,,,,,,
effectiveness_v3_20260918T124542Z_e661f745,A/core50_nc/tight/S_star/0/default,S_star,core50_nc,0,4,skipped,disabled,,,,,,,,,,,,,,,,,,,,,,,,,,,,,,,
effectiveness_v3_20260918T124542Z_e661f745,A/core50_nc/tight/S_star/0/default,S_star,core50_nc,0,5,skipped,disabled,,,,,,,,,,,,,,,,,,,,,,,,,,,,,,,
effectiveness_v3_20260918T124542Z_e661f745,A/core50_nc/tight/S_star/0/default,S_star,core50_nc,0,6,skipped,disabled,,,,,,,,,,,,,,,,,,,,,,,,,,,,,,,
effectiveness_v3_20260918T124542Z_e661f745,A/core50_nc/tight/S_star/0/default,S_star,core50_nc,0,7,skipped,disabled,,,,,,,,,,,,,,,,,,,,,,,,,,,,,,,
effectiveness_v3_20260918T124542Z_e661f745,A/core50_nc/tight/S_star/0/default,S_star,core50_nc,0,8,skipped,disabled,,,,,,,,,,,,,,,,,,,,,,,,,,,,,,,
effectiveness_v3_20260918T125033Z_0169998d,A/core50_nc/tight/O00/0/default,O00,core50_nc,0,0,,,0.1543569578400416,0.05,"{""factor_p"": 0.5009139042418951, ""factor_s"": 0.46879062662624377, ""factor_l"": 0.6573311362456828, ""factor_m"": 1.0, ""urge"": 0.1543569578400416}",16.0,200.0,16.166971132544067,204.17427831360166,16,204,advanced,adaptive,16,204,advanced,"{""gem"": true, ""ewc"": true}",204,200,204,,167772160,ok,device_allocator_enforced,0.00024054700043052435,0.00030335201881825924,0.48537751584565775,1.0,32.605693340010475,91.03076171875,91.03076171875,"{""gem"": true, ""ewc"": true}",
effectiveness_v3_20260918T125033Z_0169998d,A/core50_nc/tight/O00/0/default,O00,core50_nc,0,1,,,0.19649559822087964,0.05,"{""factor_p"": 0.4928899958826709, ""factor_s"": 0.4817820869569896, ""factor_l"": 0.8274698412577853, ""factor_m"": 1.0, ""urge"": 0.19649559822087964}",16.166971132544067,204.17427831360166,16.40381014329224,210.15640492217514,16,210,advanced,adaptive,16,210,advanced,"{""gem"": true, ""ewc"": true}",210,204,210,,167772160,ok,device_allocator_enforced,0.00032450901926495135,0.000695555005222559,0.6137677345635407,0.7916157011008562,36.27120242599631,116.2509765625,116.2509765625,"{""gem"": true, ""ewc"": true}",
effectiveness_v3_20260918T125201Z_602c23ec,A/core50_nc/tight/O10/0/default,O10,core50_nc,0,0,,,0.2316570285049819,0.05,"{""factor_p"": 0.5024567521627066, ""factor_s"": 0.46879062662624377, ""factor_l"": 0.983485304696314, ""factor_m"": 1.0, ""urge"": 0.2316570285049819}",16.0,200.0,16.29065124560797,207.26628114019928,16,207,advanced,adaptive,16,207,advanced,"{""gem"": true, ""ewc"": true}",207,200,207,,167772160,ok,device_allocator_enforced,0.0002314999874215573,0.00031527801183983684,0.4606916490603803,1.0,32.21909892998519,91.03076171875,91.03076171875,"{""gem"": true, ""ewc"": true}",
effectiveness_v3_20260918T125201Z_602c23ec,A/core50_nc/tight/O10/0/default,O10,core50_nc,0,1,,,0.2337074723842324,0.05,"{""factor_p"": 0.49503069086101686, ""factor_s"": 0.47579523268322893, ""factor_l"": 0.9922483538287097, ""factor_m"": 1.0, ""urge"": 0.2337074723842324}",16.29065124560797,207.26628114019928,16.589922681990338,214.8815540639484,16,214,advanced,adaptive,16,214,advanced,"{""gem"": true, ""ewc"": true}",214,207,214,,167772160,ok,device_allocator_enforced,0.00032969500171020627,0.0006962499755900353,0.5795115642409799,0.887579228288669,35.27996339299716,116.2509765625,116.2509765625,"{""gem"": true, ""ewc"": true}",
effectiveness_v3_20260918T125327Z_307ffa7d,A/core50_nc/tight/O01/0/default,O01,core50_nc,0,0,,,0.14858992228844617,0.05,"{""factor_p"": 0.5008096568037089, ""factor_s"": 0.46879062662624377, ""factor_l"": 0.6329038764793042, ""factor_m"": 0.9999999675092239, ""urge"": 0.14858992228844617}",16.0,200.0,16.157743875661513,203.94359689153782,16,203,advanced,adaptive,16,203,advanced,"{""gem"": true, ""ewc"": true}",203,200,203,,167772160,ok,device_allocator_enforced,0.0002562220033723861,0.0003298330120742321,0.48704547981763596,1.0,32.17877930399845,91.03076171875,91.03076171875,"{""gem"": true, ""ewc"": true}",
effectiveness_v3_20260918T125327Z_307ffa7d,A/core50_nc/tight/O01/0/default,O01,core50_nc,0,1,,,0.18776423452154856,0.05,"{""factor_p"": 0.49397088851308685, ""factor_s"": 0.48185149354280066, ""factor_l"": 0.7888710698591861, ""factor_m"": 0.9999822171072174, ""urge"": 0.18776423452154856}",16.157743875661513,203.94359689153782,16.380339797324087,209.56282359380464,16,209,advanced,adaptive,16,209,advanced,"{""gem"": true, ""ewc"": true}",209,203,209,,167772160,ok,device_allocator_enforced,0.00020356400636956096,0.0006338520033750683,0.5964704595973608,0.7905037251195374,35.27253563099657,116.2509765625,116.2509765625,"{""gem"": true, ""ewc"": true}",
effectiveness_v3_20260918T125453Z_e468c444,A/core50_nc/tight/O11/0/default,O11,core50_nc,0,0,,,0.2310845125549176,0.05,"{""factor_p"": 0.49932239005122186, ""factor_s"": 0.46879062662624377, ""factor_l"": 0.98721306378747, ""factor_m"": 0.9999999675092239, ""urge"": 0.2310845125549176}",16.0,200.0,16.289735220087866,207.24338050219671,16,207,advanced,adaptive,16,207,advanced,"{""gem"": true, ""ewc"": true}",207,200,207,,167772160,ok,device_allocator_enforced,0.00022295399685390294,0.0002634720003698021,0.5108417658178583,1.0,33.2575379620248,91.03076171875,91.03076171875,"{""gem"": true, ""ewc"": true}",
effectiveness_v3_20260918T125453Z_e468c444,A/core50_nc/tight/O11/0/default,O11,core50_nc,0,1,,,0.23639795565484484,0.05,"{""factor_p"": 0.4939016251646052, ""factor_s"": 0.4811158198920075, ""factor_l"": 0.9948585733869768, ""factor_m"": 0.9999822171072174, ""urge"": 0.23639795565484484}",16.289735220087866,207.24338050219671,16.593372554406177,214.96932899191842,16,214,advanced,adaptive,16,214,advanced,"{""gem"": true, ""ewc"": true}",214,207,214,,167772160,ok,device_allocator_enforced,0.00019209302263334394,0.0006533980194944888,0.5975788361903529,0.8022906705215167,36.9327705730102,116.2509765625,116.2509765625,"{""gem"": true, ""ewc"": true}",
effectiveness_v3_20260918T125622Z_5cc2c4e7,A/core50_nc/tight/R11/0/default,R11,core50_nc,0,0,,,0.23042197151456792,0.05,"{""factor_p"": 0.49913474455325546, ""factor_s"": 0.46879062662624377, ""factor_l"": 0.9847527013949857, ""factor_m"": 0.9999999675092239, ""urge"": 0.23042197151456792}",16.0,200.0,16.28867515442331,207.21687886058274,16,207,advanced,fixed_default,16,207,default,"{""gem"": false, ""ewc"": false}",207,200,207,,167772160,ok,device_allocator_enforced,0.00024147200747393072,0.00028610200388357043,0.5138441009674191,1.0,32.54364337597508,91.03076171875,91.03076171875,"{""gem"": false, ""ewc"": false}",
effectiveness_v3_20260918T125622Z_5cc2c4e7,A/core50_nc/tight/R11/0/default,R11,core50_nc,0,1,,,0.16097355345420783,0.05,"{""factor_p"": 0.492250834426304, ""factor_s"": 0.4796516597183753, ""factor_l"": 0.6817887670085677, ""factor_m"": 0.9999822171072174, ""urge"": 0.16097355345420783}",16.28867515442331,207.21687886058274,16.46943637071807,211.81599753715253,16,211,advanced,fixed_default,16,211,default,"{""gem"": false, ""ewc"": false}",211,207,211,,167772160,ok,device_allocator_enforced,0.00019652699120342731,0.0004596659855451435,0.6239965777362123,0.8257533637273435,18.91970845099422,116.2509765625,116.2509765625,"{""gem"": false, ""ewc"": false}",
effectiveness_v3_20260918T125622Z_5cc2c4e7,A/core50_nc/tight/R11/0/default,R11,core50_nc,0,2,,,0.17543859679516427,0.05,"{""factor_p"": 0.4962363247923913, ""factor_s"": 0.4899387309745097, ""factor_l"": 0.7216100008344061, ""factor_m"": 0.9999822171072174, ""urge"": 0.17543859679516427}",16.46943637071807,211.81599753715253,16.67602666955308,217.1299778391182,16,217,advanced,fixed_default,16,217,default,"{""gem"": false, ""ewc"": false}",217,211,217,,167772160,ok,device_allocator_enforced,0.0002067869936581701,0.0021950369991827756,0.5602199407130305,0.6610020375506497,19.68153787299525,116.2509765625,116.2509765625,"{""gem"": false, ""ewc"": false}",
effectiveness_v3_20260918T125622Z_5cc2c4e7,A/core50_nc/tight/R11/0/default,R11,core50_nc,0,3,,,0.15906627117214184,0.05,"{""factor_p"": 0.4941988589048149, ""factor_s"": 0.4887977395026233, ""factor_l"": 0.6584986614034486, ""factor_m"": 0.9999822171072174, ""urge"": 0.15906627117214184}",16.67602666955308,217.1299778391182,16.857905874234618,221.86628924763872,16,221,advanced,fixed_default,16,221,default,"{""gem"": false, ""ewc"": false}",221,217,221,,167772160,ok,device_allocator_enforced,0.00019822199828922749,0.003438130021095276,0.592822422705928,0.679266166942196,18.498134141002083,116.2509765625,116.2509765625,"{""gem"": false, ""ewc"": false}",
effectiveness_v3_20260918T125622Z_5cc2c4e7,A/core50_nc/tight/R11/0/default,R11,core50_nc,0,4,,,0.09767193659887999,0.05,"{""factor_p"": 0.495870083900598, ""factor_s"": 0.49592404334729306, ""factor_l"": 0.3971864734676523, ""factor_m"": 0.9999822171072174, ""urge"": 0.09767193659887999}",16.857905874234618,221.86628924763872,16.93827077623726,223.98164838252714,16,223,advanced,fixed_default,16,223,default,"{""gem"": false, ""ewc"": false}",223,221,223,,167772160,ok,device_allocator_enforced,0.0002564539900049567,0.002159463008865714,0.5660801603869646,0.565216751100178,14.202882465993753,116.2509765625,116.2509765625,"{""gem"": false, ""ewc"": false}",
effectiveness_v3_20260918T125622Z_5cc2c4e7,A/core50_nc/tight/R11/0/default,R11,core50_nc,0,5,,,0.1276071519254921,0.05,"{""factor_p"": 0.49609544138945705, ""factor_s"": 0.4954292392114887, ""factor_l"": 0.5192014160857467, ""factor_m"": 0.9999822171072174, ""urge"": 0.1276071519254921}",16.93827077623726,223.98164838252714,17.069723871585918,227.4581639454361,17,227,advanced,fixed_default,17,227,default,"{""gem"": false, ""ewc"": false}",227,223,227,,167772160,ok,device_allocator_enforced,0.0002274349972140044,0.0020860460062976927,0.5624742077298779,0.5731342098739126,16.179064402007498,116.2509765625,116.2509765625,"{""gem"": false, ""ewc"": false}",
effectiveness_v3_20260918T125622Z_5cc2c4e7,A/core50_nc/tight/R11/0/default,R11,core50_nc,0,6,,,0.16661870678345572,0.05,"{""factor_p"": 0.4952976331203431, ""factor_s"": 0.4967243028104747, ""factor_l"": 0.6772794095947235, ""factor_m"": 0.9999406533576642, ""urge"": 0.16661870678345572}",17.069723871585918,227.4581639454361,17.26878878389142,232.7633393307673,17,232,advanced,fixed_default,17,232,default,"{""gem"": false, ""ewc"": false}",232,227,232,,167772160,ok,device_allocator_enforced,0.0002225370262749493,0.0022975280007813126,0.57524008843079,0.5524119048940634,18.836878587986575,121.07177734375,121.07177734375,"{""gem"": false, ""ewc"": false}",
effectiveness_v3_20260918T125622Z_5cc2c4e7,A/core50_nc/tight/R11/0/default,R11,core50_nc,0,7,,,0.16998746871437803,0.05,"{""factor_p"": 0.49417919275307975, ""factor_s"": 0.4990510258133692, ""factor_l"": 0.6893079276304227, ""factor_m"": 0.9999406533576642, ""urge"": 0.16998746871437803}",17.26878878389142,232.7633393307673,17.475992609285658,238.3490761099282,17,238,advanced,fixed_default,17,238,default,"{""gem"": false, ""ewc"": false}",238,232,238,,167772160,ok,device_allocator_enforced,0.00021391600603237748,0.0022025469806976616,0.5931371236402865,0.515183605217612,19.059233742998913,121.07177734375,121.07177734375,"{""gem"": false, ""ewc"": false}",
effectiveness_v3_20260918T125622Z_5cc2c4e7,A/core50_nc/tight/R11/0/default,R11,core50_nc,0,8,,last_experience,0.12865000492817877,0.05,"{""factor_p"": 0.49310855919447905, ""factor_s"": 0.5014653814245483, ""factor_l"": 0.5202979131535543, ""factor_m"": 0.9999406533576642, ""urge"": 0.12865000492817877}",17.475992609285658,238.3490761099282,17.61344129977017,242.09830731206276,17,242,advanced,,,,,,,,,,,,,0.031387851980980486,0.0,0.6102700358284028,0.47655383007778984,16.196635776985204,121.07177734375,121.07177734375,,
effectiveness_v3_20260918T130106Z_37d309d9,A/core50_nc/tight/F11/0/default,F11,core50_nc,0,0,,,0.23445340113797739,0.05,"{""factor_p"": 0.5001285722200062, ""factor_s"": 0.46879062662624377, ""factor_l"": 0.999990721494665, ""factor_m"": 0.9999999563695182, ""urge"": 0.23445340113797739}",16.0,200.0,16.295125441820765,207.37813604551908,16,207,advanced,fixed_advanced,16,207,advanced,"{""gem"": true, ""ewc"": true}",207,200,207,,167772160,ok,device_allocator_enforced,0.00021527701755985618,0.0005203790205996484,0.4979428444345602,1.0,62.22289381700102,92.2099609375,92.2099609375,"{""gem"": true, ""ewc"": true}",
effectiveness_v3_20260918T130221Z_60c895a2,A/core50_nc/tight/S_star/1/default,S_star,core50_nc,1,0,skipped,disabled,,,,,,,,,,,,,,,,,,,,,,,,,,,,,,,
effectiveness_v3_20260918T130221Z_60c895a2,A/core50_nc/tight/S_star/1/default,S_star,core50_nc,1,1,skipped,disabled,,,,,,,,,,,,,,,,,,,,,,,,,,,,,,,
effectiveness_v3_20260918T130221Z_60c895a2,A/core50_nc/tight/S_star/1/default,S_star,core50_nc,1,2,skipped,disabled,,,,,,,,,,,,,,,,,,,,,,,,,,,,,,,
effectiveness_v3_20260918T130221Z_60c895a2,A/core50_nc/tight/S_star/1/default,S_star,core50_nc,1,3,skipped,disabled,,,,,,,,,,,,,,,,,,,,,,,,,,,,,,,
effectiveness_v3_20260918T130221Z_60c895a2,A/core50_nc/tight/S_star/1/default,S_star,core50_nc,1,4,skipped,disabled,,,,,,,,,,,,,,,,,,,,,,,,,,,,,,,
effectiveness_v3_20260918T130221Z_60c895a2,A/core50_nc/tight/S_star/1/default,S_star,core50_nc,1,5,skipped,disabled,,,,,,,,,,,,,,,,,,,,,,,,,,,,,,,
effectiveness_v3_20260918T130221Z_60c895a2,A/core50_nc/tight/S_star/1/default,S_star,core50_nc,1,6,skipped,disabled,,,,,,,,,,,,,,,,,,,,,,,,,,,,,,,
effectiveness_v3_20260918T130221Z_60c895a2,A/core50_nc/tight/S_star/1/default,S_star,core50_nc,1,7,skipped,disabled,,,,,,,,,,,,,,,,,,,,,,,,,,,,,,,
effectiveness_v3_20260918T130221Z_60c895a2,A/core50_nc/tight/S_star/1/default,S_star,core50_nc,1,8,skipped,disabled,,,,,,,,,,,,,,,,,,,,,,,,,,,,,,,
effectiveness_v3_20260918T130717Z_c1ab5a21,A/core50_nc/tight/O00/1/default,O00,core50_nc,1,0,,,0.14830225749479087,0.05,"{""factor_p"": 0.4960143455136883, ""factor_s"": 0.46879062662624377, ""factor_l"": 0.6377854471803801, ""factor_m"": 1.0, ""urge"": 0.14830225749479087}",16.0,200.0,16.157283611991666,203.93209029979164,16,203,advanced,adaptive,16,203,advanced,"{""gem"": true, ""ewc"": true}",203,200,203,,167772160,ok,device_allocator_enforced,0.0002136109978891909,0.00035524999839253724,0.5637718225286333,1.0,32.26306085399119,91.03076171875,91.03076171875,"{""gem"": true, ""ewc"": true}",
effectiveness_v3_20260918T130717Z_c1ab5a21,A/core50_nc/tight/O00/1/default,O00,core50_nc,1,1,,,0.20451127040098424,0.05,"{""factor_p"": 0.4928456333278001, ""factor_s"": 0.48214300881980754, ""factor_l"": 0.8606577022723848, ""factor_m"": 1.0, ""urge"": 0.20451127040098424}",16.157283611991666,203.93209029979164,16.406931853703448,210.23405156934146,16,210,advanced,adaptive,16,210,advanced,"{""gem"": true, ""ewc"": true}",210,203,210,,167772160,ok,device_allocator_enforced,0.0001852220157161355,0.0007891569985076785,0.6144776798961298,0.7858334259979984,37.28305354999611,116.2509765625,116.2509765625,"{""gem"": true, ""ewc"": true}",
effectiveness_v3_20260918T130845Z_09b114c7,A/core50_nc/tight/O10/1/default,O10,core50_nc,1,0,,,0.23176411066317373,0.05,"{""factor_p"": 0.5008166066352117, ""factor_s"": 0.46879062662624377, ""factor_l"": 0.9871622617691331, ""factor_m"": 1.0, ""urge"": 0.23176411066317373}",16.0,200.0,16.29082257706108,207.27056442652696,16,207,advanced,adaptive,16,207,advanced,"{""gem"": true, ""ewc"": true}",207,200,207,,167772160,ok,device_allocator_enforced,0.00022386998170986772,0.00027003700961358845,0.4869342822195041,1.0,33.24147175200051,91.03076171875,91.03076171875,"{""gem"": true, ""ewc"": true}",
effectiveness_v3_20260918T130845Z_09b114c7,A/core50_nc/tight/O10/1/default,O10,core50_nc,1,1,,,0.23332354733380545,0.05,"{""factor_p"": 0.4917014740145302, ""factor_s"": 0.4769602008465033, ""factor_l"": 0.9948896636735808, ""factor_m"": 1.0, ""urge"": 0.23332354733380545}",16.29082257706108,207.27056442652696,16.589471715442325,214.87007945223718,16,214,advanced,adaptive,16,214,advanced,"{""gem"": true, ""ewc"": true}",214,207,214,,167772160,ok,device_allocator_enforced,0.00022155599435791373,0.0006617220060434192,0.632788609407861,0.868898031802513,36.957157066004584,116.2509765625,116.2509765625,"{""gem"": true, ""ewc"": true}",
effectiveness_v3_20260918T131014Z_b09fde4a,A/core50_nc/tight/O01/1/default,O01,core50_nc,1,0,,,0.12693682752362428,0.05,"{""factor_p"": 0.5007123591310443, ""factor_s"": 0.46879062662624377, ""factor_l"": 0.5407797533434898, ""factor_m"": 0.9999999675092239, ""urge"": 0.12693682752362428}",16.0,200.0,16.123098924037798,203.07747310094496,16,203,advanced,adaptive,16,203,advanced,"{""gem"": true, ""ewc"": true}",203,200,203,,167772160,ok,device_allocator_enforced,0.00021102800383232534,0.0002799729991238564,0.48860224619148224,1.0,30.653928601997904,91.03076171875,91.03076171875,"{""gem"": true, ""ewc"": true}",
effectiveness_v3_20260918T131014Z_b09fde4a,A/core50_nc/tight/O01/1/default,O01,core50_nc,1,1,,,0.20565679432482217,0.05,"{""factor_p"": 0.4912254066727516, ""factor_s"": 0.4771613222701181, ""factor_l"": 0.8774143456014224, ""factor_m"": 0.9999822171072174, ""urge"": 0.20565679432482217}",16.123098924037798,203.07747310094496,16.37406591334757,209.39955079344062,16,209,advanced,adaptive,16,209,advanced,"{""gem"": true, ""ewc"": true}",209,203,209,,167772160,ok,device_allocator_enforced,0.00021916598780080676,0.000754444015910849,0.6404079084127601,0.8656733014566886,37.87267733400222,116.2509765625,116.2509765625,"{""gem"": true, ""ewc"": true}",
effectiveness_v3_20260918T131141Z_97cbc12a,A/core50_nc/tight/O11/1/default,O11,core50_nc,1,0,,,0.22904586297303034,0.05,"{""factor_p"": 0.49686913354825485, ""factor_s"": 0.46879062662624377, ""factor_l"": 0.9833350698760118, ""factor_m"": 0.9999999675092239, ""urge"": 0.22904586297303034}",16.0,200.0,16.28647338075685,207.16183451892124,16,207,advanced,adaptive,16,207,advanced,"{""gem"": true, ""ewc"": true}",207,200,207,,167772160,ok,device_allocator_enforced,0.00023326001246459782,0.0002686389780137688,0.5500945179584121,1.0,32.18226421397412,91.03076171875,91.03076171875,"{""gem"": true, ""ewc"": true}",
effectiveness_v3_20260918T131141Z_97cbc12a,A/core50_nc/tight/O11/1/default,O11,core50_nc,1,1,,,0.2343396073395412,0.05,"{""factor_p"": 0.48963111096079626, ""factor_s"": 0.4821360678378242, ""factor_l"": 0.9926926228940882, ""factor_m"": 0.9999822171072174, ""urge"": 0.2343396073395412}",16.28647338075685,207.16183451892124,16.58669759155231,214.79946076511263,16,214,advanced,adaptive,16,214,advanced,"{""gem"": true, ""ewc"": true}",214,207,214,,167772160,ok,device_allocator_enforced,0.00022465799702331424,0.0007169909949880093,0.6659260131505076,0.7859446235961303,35.51783727001748,116.2509765625,116.2509765625,"{""gem"": true, ""ewc"": true}",
effectiveness_v3_20260918T131308Z_e7f97314,A/core50_nc/tight/R11/1/default,R11,core50_nc,1,0,,,0.22811262051898665,0.05,"{""factor_p"": 0.5004830144166337, ""factor_s"": 0.46879062662624377, ""factor_l"": 0.9722569705232218, ""factor_m"": 0.9999999675092239, ""urge"": 0.22811262051898665}",16.0,200.0,16.28498019283038,207.12450482075946,16,207,advanced,fixed_default,16,207,default,"{""gem"": false, ""ewc"": false}",207,200,207,,167772160,ok,device_allocator_enforced,0.00020178701379336417,0.0003202130028512329,0.4922717669298343,1.0,30.0982326779922,91.03076171875,91.03076171875,"{""gem"": false, ""ewc"": false}",
effectiveness_v3_20260918T131308Z_e7f97314,A/core50_nc/tight/R11/1/default,R11,core50_nc,1,1,,,0.16931592480529817,0.05,"{""factor_p"": 0.4925981381612491, ""factor_s"": 0.47876361751120305, ""factor_l"": 0.7179457422753861, ""factor_m"": 0.9999822171072174, ""urge"": 0.16931592480529817}",16.28498019283038,207.12450482075946,16.479285940044733,212.0671551892651,16,212,advanced,fixed_default,16,212,default,"{""gem"": false, ""ewc"": false}",212,207,212,,167772160,ok,device_allocator_enforced,0.00022490799892693758,0.0005046389997005463,0.6184384418631375,0.8399866562882241,19.608868752984563,116.2509765625,116.2509765625,"{""gem"": false, ""ewc"": false}",
effectiveness_v3_20260918T131308Z_e7f97314,A/core50_nc/tight/R11/1/default,R11,core50_nc,1,2,,,0.16121382382134525,0.05,"{""factor_p"": 0.4966901132715979, ""factor_s"": 0.4870759445268512, ""factor_l"": 0.666388978285403, ""factor_m"": 0.9999822171072174, ""urge"": 0.16121382382134525}",16.479285940044733,212.0671551892651,16.662558380368505,216.78411503636767,16,216,advanced,fixed_default,16,216,default,"{""gem"": false, ""ewc"": false}",216,212,216,,167772160,ok,device_allocator_enforced,0.00021769400336779654,0.0017569079936947674,0.5529589612420917,0.7068309587471754,18.639281954005128,116.2509765625,116.2509765625,"{""gem"": false, ""ewc"": false}",
effectiveness_v3_20260918T131308Z_e7f97314,A/core50_nc/tight/R11/1/default,R11,core50_nc,1,3,,,0.17117965031624943,0.05,"{""factor_p"": 0.49512335378997685, ""factor_s"": 0.48927768697002, ""factor_l"": 0.7066283149793139, ""factor_m"": 0.9999822171072174, ""urge"": 0.17117965031624943}",16.662558380368505,216.78411503636767,16.86447468015922,222.03807968721262,16,222,advanced,fixed_default,16,222,default,"{""gem"": false, ""ewc"": false}",222,216,222,,167772160,ok,device_allocator_enforced,0.00024222201318480074,0.0020138609979767352,0.5780288136313239,0.6715833138257663,19.38794838899048,116.2509765625,116.2509765625,"{""gem"": false, ""ewc"": false}",
effectiveness_v3_20260918T131308Z_e7f97314,A/core50_nc/tight/R11/1/default,R11,core50_nc,1,4,,,0.17562555855881887,0.05,"{""factor_p"": 0.4969958176922122, ""factor_s"": 0.4936380430797096, ""factor_l"": 0.7158698725809297, ""factor_m"": 0.9999822171072174, ""urge"": 0.17562555855881887}",16.86447468015922,222.03807968721262,17.076335585308826,227.6168112436193,17,227,advanced,fixed_default,17,227,default,"{""gem"": false, ""ewc"": false}",227,222,227,,167772160,ok,device_allocator_enforced,0.00021082398598082364,0.0019683139980770648,0.5480674953495035,0.6017968045276297,19.567954902013298,116.2509765625,116.2509765625,"{""gem"": false, ""ewc"": false}",
effectiveness_v3_20260918T131308Z_e7f97314,A/core50_nc/tight/R11/1/default,R11,core50_nc,1,5,,,0.1580521091673314,0.05,"{""factor_p"": 0.4967673629928354, ""factor_s"": 0.4946768975538718, ""factor_l"": 0.6432079247735272, ""factor_m"": 0.9999406533576642, ""urge"": 0.1580521091673314}",17.076335585308826,227.6168112436193,17.260848992993004,232.53570655098238,17,232,advanced,fixed_default,17,232,default,"{""gem"": false, ""ewc"": false}",232,227,232,,167772160,ok,device_allocator_enforced,0.0002130270004272461,0.004270186007488519,0.551722912791253,0.5851728571135153,18.228949977987213,121.07177734375,121.07177734375,"{""gem"": false, ""ewc"": false}",
effectiveness_v3_20260918T131308Z_e7f97314,A/core50_nc/tight/R11/1/default,R11,core50_nc,1,6,,,0.16107636701751907,0.05,"{""factor_p"": 0.4966044798219041, ""factor_s"": 0.4967002656030985, ""factor_l"": 0.6530592350431534, ""factor_m"": 0.9999406533576642, ""urge"": 0.16107636701751907}",17.260848992993004,232.53570655098238,17.452576232770973,237.70155084808937,17,237,advanced,fixed_default,17,237,default,"{""gem"": false, ""ewc"": false}",237,232,237,,167772160,ok,device_allocator_enforced,0.00022167598945088685,0.0027673059958033264,0.5543291580479928,0.5527965168413547,18.401745695009595,121.07177734375,121.07177734375,"{""gem"": false, ""ewc"": false}",
effectiveness_v3_20260918T131308Z_e7f97314,A/core50_nc/tight/R11/1/default,R11,core50_nc,1,7,,,0.13090348473766772,0.05,"{""factor_p"": 0.49491258510679903, ""factor_s"": 0.49850672857079537, ""factor_l"": 0.5306124800831271, ""factor_m"": 0.9999406533576642, ""urge"": 0.13090348473766772}",17.452576232770973,237.70155084808937,17.593773656259067,241.54772760632105,17,241,advanced,fixed_default,17,241,default,"{""gem"": false, ""ewc"": false}",241,237,241,,167772160,ok,device_allocator_enforced,0.00020054599735885859,0.002339416998438537,0.5814014474556948,0.5238924139030804,16.362103647988988,121.07177734375,121.07177734375,"{""gem"": false, ""ewc"": false}",
effectiveness_v3_20260918T131308Z_e7f97314,A/core50_nc/tight/R11/1/default,R11,core50_nc,1,8,,last_experience,0.15819549004109007,0.05,"{""factor_p"": 0.49407673990919254, ""factor_s"": 0.5012777462281464, ""factor_l"": 0.6387737182436565, ""factor_m"": 0.9999406533576642, ""urge"": 0.15819549004109007}",17.593773656259067,241.54772760632105,17.784130352500163,246.77460255765655,17,246,advanced,,,,,,,,,,,,,0.026929268991807476,0.0,0.5947765952692596,0.47955601584615115,18.151873349997913,121.07177734375,121.07177734375,,
effectiveness_v3_20260918T131757Z_e471a404,A/core50_nc/tight/F11/1/default,F11,core50_nc,1,0,,,0.23380980558536818,0.05,"{""factor_p"": 0.4987525045345123, ""factor_s"": 0.46879062662624377, ""factor_l"": 0.9999970773530616, ""factor_m"": 0.9999999563695182, ""urge"": 0.23380980558536818}",16.0,200.0,16.29409568893659,207.35239222341474,16,207,advanced,fixed_advanced,16,207,advanced,"{""gem"": true, ""ewc"": true}",207,200,207,,167772160,ok,device_allocator_enforced,0.0002455189824104309,0.00044616698869504035,0.5199599688646726,1.0,66.84376235801028,92.2099609375,92.2099609375,"{""gem"": true, ""ewc"": true}",
effectiveness_v3_20260918T131917Z_45192821,A/core50_nc/tight/S0/1/default,S0,core50_nc,1,0,skipped,disabled,,,,,,,,,,,,,,,,,,,,,,,,,,,,,,,
effectiveness_v3_20260918T131917Z_45192821,A/core50_nc/tight/S0/1/default,S0,core50_nc,1,1,skipped,disabled,,,,,,,,,,,,,,,,,,,,,,,,,,,,,,,
effectiveness_v3_20260918T131917Z_45192821,A/core50_nc/tight/S0/1/default,S0,core50_nc,1,2,skipped,disabled,,,,,,,,,,,,,,,,,,,,,,,,,,,,,,,
effectiveness_v3_20260918T131917Z_45192821,A/core50_nc/tight/S0/1/default,S0,core50_nc,1,3,skipped,disabled,,,,,,,,,,,,,,,,,,,,,,,,,,,,,,,
effectiveness_v3_20260918T131917Z_45192821,A/core50_nc/tight/S0/1/default,S0,core50_nc,1,4,skipped,disabled,,,,,,,,,,,,,,,,,,,,,,,,,,,,,,,
effectiveness_v3_20260918T131917Z_45192821,A/core50_nc/tight/S0/1/default,S0,core50_nc,1,5,skipped,disabled,,,,,,,,,,,,,,,,,,,,,,,,,,,,,,,
effectiveness_v3_20260918T131917Z_45192821,A/core50_nc/tight/S0/1/default,S0,core50_nc,1,6,skipped,disabled,,,,,,,,,,,,,,,,,,,,,,,,,,,,,,,
effectiveness_v3_20260918T131917Z_45192821,A/core50_nc/tight/S0/1/default,S0,core50_nc,1,7,skipped,disabled,,,,,,,,,,,,,,,,,,,,,,,,,,,,,,,
effectiveness_v3_20260918T131917Z_45192821,A/core50_nc/tight/S0/1/default,S0,core50_nc,1,8,skipped,disabled,,,,,,,,,,,,,,,,,,,,,,,,,,,,,,,
effectiveness_v3_20260918T132403Z_30b2b6d9,A/core50_nc/tight/O00/2/default,O00,core50_nc,2,0,,,0.15666352908547243,0.05,"{""factor_p"": 0.4960282443333196, ""factor_s"": 0.46879062662624377, ""factor_l"": 0.6737248705864006, ""factor_m"": 1.0, ""urge"": 0.15666352908547243}",16.0,200.0,16.170661646536757,204.26654116341888,16,204,advanced,adaptive,16,204,advanced,"{""gem"": true, ""ewc"": true}",204,200,204,,167772160,ok,device_allocator_enforced,0.0002250740071758628,0.0002872319892048836,0.5635494273323696,1.0,32.9003233720141,91.03076171875,91.03076171875,"{""gem"": true, ""ewc"": true}",
effectiveness_v3_20260918T132403Z_30b2b6d9,A/core50_nc/tight/O00/2/default,O00,core50_nc,2,1,,,0.2042418107717524,0.05,"{""factor_p"": 0.48953743765686053, ""factor_s"": 0.4853434917194645, ""factor_l"": 0.859625978288268, ""factor_m"": 1.0, ""urge"": 0.2042418107717524}",16.170661646536757,204.26654116341888,16.420080859910673,210.56782940124458,16,210,advanced,adaptive,16,210,advanced,"{""gem"": true, ""ewc"": true}",210,204,210,,167772160,ok,device_allocator_enforced,0.00020080499234609306,0.0006398149998858571,0.6674254366917688,0.7345713332592017,37.248747767007444,116.2509765625,116.2509765625,"{""gem"": true, ""ewc"": true}",
effectiveness_v3_20260918T132532Z_ffb79b97,A/core50_nc/tight/O10/2/default,O10,core50_nc,2,0,,,0.23049040796297582,0.05,"{""factor_p"": 0.5007401584719188, ""factor_s"": 0.46879062662624377, ""factor_l"": 0.9818870104074869, ""factor_m"": 1.0, ""urge"": 0.23049040796297582}",16.0,200.0,16.288784652740762,207.21961631851903,16,207,advanced,adaptive,16,207,advanced,"{""gem"": true, ""ewc"": true}",207,200,207,,167772160,ok,device_allocator_enforced,0.00021063900203444064,0.0002808980061672628,0.48815745579895475,1.0,31.843078195001,91.03076171875,91.03076171875,"{""gem"": true, ""ewc"": true}",
effectiveness_v3_20260918T132532Z_ffb79b97,A/core50_nc/tight/O10/2/default,O10,core50_nc,2,1,,,0.23318091748112066,0.05,"{""factor_p"": 0.4926571758553268, ""factor_s"": 0.4768631104154494, ""factor_l"": 0.9925547375038952, ""factor_m"": 1.0, ""urge"": 0.23318091748112066}",16.288784652740762,207.21961631851903,16.58716410447491,214.81135220598145,16,214,advanced,adaptive,16,214,advanced,"{""gem"": true, ""ewc"": true}",214,207,214,,167772160,ok,device_allocator_enforced,0.00021890798234380782,0.0006425000028684735,0.6174936333499779,0.8704547981763594,35.442507536994526,116.2509765625,116.2509765625,"{""gem"": true, ""ewc"": true}",
effectiveness_v3_20260918T132658Z_2cba89e4,A/core50_nc/tight/O01/2/default,O01,core50_nc,2,0,,,0.14896725506898448,0.05,"{""factor_p"": 0.49757799625958504, ""factor_s"": 0.46879062662624377, ""factor_l"": 0.6386320987289131, ""factor_m"": 0.9999999675092239, ""urge"": 0.14896725506898448}",16.0,200.0,16.158347608110375,203.95869020275939,16,203,advanced,adaptive,16,203,advanced,"{""gem"": true, ""ewc"": true}",203,200,203,,167772160,ok,device_allocator_enforced,0.0002820650115609169,0.00029832401196472347,0.5387523629489603,1.0,32.27772794701741,91.03076171875,91.03076171875,"{""gem"": true, ""ewc"": true}",
effectiveness_v3_20260918T132658Z_2cba89e4,A/core50_nc/tight/O01/2/default,O01,core50_nc,2,1,,,0.200560676091735,0.05,"{""factor_p"": 0.4900549000179721, ""factor_s"": 0.4819278415959832, ""factor_l"": 0.8492327914360298, ""factor_m"": 0.9999822171072174, ""urge"": 0.200560676091735}",16.158347608110375,203.95869020275939,16.401628782150613,210.10032186110183,16,210,advanced,adaptive,16,210,advanced,"{""gem"": true, ""ewc"": true}",210,203,210,,167772160,ok,device_allocator_enforced,0.000324445019941777,0.0006737039948347956,0.6591425885935013,0.7892805515400867,36.91438544599805,116.2509765625,116.2509765625,"{""gem"": true, ""ewc"": true}",
effectiveness_v3_20260918T132826Z_dafb140a,A/core50_nc/tight/O11/2/default,O11,core50_nc,2,0,,,0.2297134451581139,0.05,"{""factor_p"": 0.4982729691722013, ""factor_s"": 0.46879062662624377, ""factor_l"": 0.9834225944920454, ""factor_m"": 0.9999999675092239, ""urge"": 0.2297134451581139}",16.0,200.0,16.287541512252982,207.18853780632455,16,207,advanced,adaptive,16,207,advanced,"{""gem"": true, ""ewc"": true}",207,200,207,,167772160,ok,device_allocator_enforced,0.0002582120068836957,0.0003088790108449757,0.5276326031357723,1.0,32.20368368801428,91.03076171875,91.03076171875,"{""gem"": true, ""ewc"": true}",
effectiveness_v3_20260918T132826Z_dafb140a,A/core50_nc/tight/O11/2/default,O11,core50_nc,2,1,,,0.2358925487549434,0.05,"{""factor_p"": 0.49204246456464396, ""factor_s"": 0.4815391694603966, ""factor_l"": 0.9956065414765268, ""factor_m"": 0.9999822171072174, ""urge"": 0.2358925487549434}",16.287541512252982,207.18853780632455,16.590314772719445,214.89149887945007,16,214,advanced,adaptive,16,214,advanced,"{""gem"": true, ""ewc"": true}",214,207,214,,167772160,ok,device_allocator_enforced,0.00019958300981670618,0.0005994910025037825,0.627331318253092,0.795507617035472,37.564632204012014,116.2509765625,116.2509765625,"{""gem"": true, ""ewc"": true}",
effectiveness_v3_20260918T132954Z_7351c595,A/core50_nc/tight/R11/2/default,R11,core50_nc,2,0,,,0.2311722782726671,0.05,"{""factor_p"": 0.49931544021423424, ""factor_s"": 0.46879062662624377, ""factor_l"": 0.9876017525108038, ""factor_m"": 0.9999999675092239, ""urge"": 0.2311722782726671}",16.0,200.0,16.28987564523627,207.24689113090668,16,207,advanced,fixed_default,16,207,default,"{""gem"": false, ""ewc"": false}",207,200,207,,167772160,ok,device_allocator_enforced,0.00020390801364555955,0.000285916990833357,0.5109529634159902,1.0,33.38258818601025,91.03076171875,91.03076171875,"{""gem"": false, ""ewc"": false}",
effectiveness_v3_20260918T132954Z_7351c595,A/core50_nc/tight/R11/2/default,R11,core50_nc,2,1,,,0.1697955780801824,0.05,"{""factor_p"": 0.492681740883102, ""factor_s"": 0.48063004235720497, ""factor_l"": 0.7170620167319329, ""factor_m"": 0.9999822171072174, ""urge"": 0.1697955780801824}",16.28987564523627,207.24689113090668,16.485021152213804,212.2123433565762,16,212,advanced,fixed_default,16,212,default,"{""gem"": false, ""ewc"": false}",212,207,212,,167772160,ok,device_allocator_enforced,0.00021138900774531066,0.00045451801270246506,0.6171005084043244,0.8100745023907484,19.591428975982126,116.2509765625,116.2509765625,"{""gem"": false, ""ewc"": false}",
effectiveness_v3_20260918T132954Z_7351c595,A/core50_nc/tight/R11/2/default,R11,core50_nc,2,2,,,0.17094780268588036,0.05,"{""factor_p"": 0.4966903049350941, ""factor_s"": 0.4854088462992572, ""factor_l"": 0.7090516568434131, ""factor_m"": 0.9999822171072174, ""urge"": 0.17094780268588036}",16.485021152213804,212.2123433565762,16.684403860772857,217.3456666829361,16,217,advanced,fixed_default,16,217,default,"{""gem"": false, ""ewc"": false}",217,212,217,,167772160,ok,device_allocator_enforced,0.00019287000759504735,0.0017286569927819073,0.5529558944917718,0.7335247647193646,19.434821167000337,116.2509765625,116.2509765625,"{""gem"": false, ""ewc"": false}",
effectiveness_v3_20260918T132954Z_7351c595,A/core50_nc/tight/R11/2/default,R11,core50_nc,2,3,,,0.17538876783357918,0.05,"{""factor_p"": 0.4953599550764565, ""factor_s"": 0.49031896171213896, ""factor_l"": 0.7221209023050547, ""factor_m"": 0.9999822171072174, ""urge"": 0.17538876783357918}",16.684403860772857,217.3456666829361,16.893607544986867,222.79620775080434,16,222,advanced,fixed_default,16,222,default,"{""gem"": false, ""ewc"": false}",222,217,222,,167772160,ok,device_allocator_enforced,0.00020477798534557223,0.0015819069813005626,0.574242850092065,0.6549159733583694,19.691716425993945,116.2509765625,116.2509765625,"{""gem"": false, ""ewc"": false}",
effectiveness_v3_20260918T132954Z_7351c595,A/core50_nc/tight/R11/2/default,R11,core50_nc,2,4,,,0.17226666856582917,0.05,"{""factor_p"": 0.49652124696223326, ""factor_s"": 0.4937527747854583, ""factor_l"": 0.7026864700459728, ""factor_m"": 0.9999822171072174, ""urge"": 0.17226666856582917}",16.893607544986867,222.79620775080434,17.100160056445276,228.2443177689626,17,228,advanced,fixed_default,17,228,default,"{""gem"": false, ""ewc"": false}",228,222,228,,167772160,ok,device_allocator_enforced,0.00020737102022394538,0.0020362400100566447,0.5556609467403186,0.5999608053193684,19.312184843991417,116.2509765625,116.2509765625,"{""gem"": false, ""ewc"": false}",
effectiveness_v3_20260918T132954Z_7351c595,A/core50_nc/tight/R11/2/default,R11,core50_nc,2,5,,,0.16952481079219064,0.05,"{""factor_p"": 0.49684177510082067, ""factor_s"": 0.49509900652253913, ""factor_l"": 0.6892057362222078, ""factor_m"": 0.9999406533576642, ""urge"": 0.16952481079219064}",17.100160056445276,228.2443177689626,17.304549395971556,233.70048954810818,17,233,advanced,fixed_default,17,233,default,"{""gem"": false, ""ewc"": false}",233,228,233,,167772160,ok,device_allocator_enforced,0.0001983800029847771,0.0020191670046187937,0.550532270431747,0.5784184071564182,19.057325244997628,121.07177734375,121.07177734375,"{""gem"": false, ""ewc"": false}",
effectiveness_v3_20260918T132954Z_7351c595,A/core50_nc/tight/R11/2/default,R11,core50_nc,2,6,,,0.1548581341959316,0.05,"{""factor_p"": 0.4963464909479913, ""factor_s"": 0.4951634448626904, ""factor_l"": 0.6301243544472774, ""factor_m"": 0.9999406533576642, ""urge"": 0.1548581341959316}",17.304549395971556,233.70048954810818,17.486001672247845,238.6015690070463,17,238,advanced,fixed_default,17,238,default,"{""gem"": false, ""ewc"": false}",238,233,238,,167772160,ok,device_allocator_enforced,0.0002076759992633015,0.005408536992035806,0.5584571852389708,0.5773872959427557,18.002691909990972,121.07177734375,121.07177734375,"{""gem"": false, ""ewc"": false}",
effectiveness_v3_20260918T132954Z_7351c595,A/core50_nc/tight/R11/2/default,R11,core50_nc,2,7,,,0.17063402763305818,0.05,"{""factor_p"": 0.4947129199501597, ""factor_s"": 0.49829846212455237, ""factor_l"": 0.6922271314781718, ""factor_m"": 0.9999406533576642, ""urge"": 0.17063402763305818}",17.486001672247845,238.6015690070463,17.69694235314001,244.35826266082373,17,244,advanced,fixed_default,17,244,default,"{""gem"": false, ""ewc"": false}",244,238,244,,167772160,ok,device_allocator_enforced,0.00021238898625597358,0.002336675999686122,0.5845964338812525,0.5272247111032613,19.11389880400384,121.07177734375,121.07177734375,"{""gem"": false, ""ewc"": false}",
effectiveness_v3_20260918T132954Z_7351c595,A/core50_nc/tight/R11/2/default,R11,core50_nc,2,8,,last_experience,0.15557006088396186,0.05,"{""factor_p"": 0.49327282630048236, ""factor_s"": 0.5007418981814714, ""factor_l"": 0.6298696370165923, ""factor_m"": 0.9999406533576642, ""urge"": 0.15557006088396186}",17.69694235314001,244.35826266082373,17.883769081308106,249.51764599414417,17,249,advanced,,,,,,,,,,,,,0.0284083420119714,0.0,0.6076412745611133,0.4881296203849711,17.99832096902537,121.07177734375,121.07177734375,,
effectiveness_v3_20260918T133452Z_f09920d9,A/core50_nc/tight/F11/2/default,F11,core50_nc,2,0,,,0.23407338432903196,0.05,"{""factor_p"": 0.49931544021423424, ""factor_s"": 0.46879062662624377, ""factor_l"": 0.9999957126433696, ""factor_m"": 0.9999999563695182, ""urge"": 0.23407338432903196}",16.0,200.0,16.29451741492645,207.3629353731613,16,207,advanced,fixed_advanced,16,207,advanced,"{""gem"": true, ""ewc"": true}",207,200,207,,167772160,ok,device_allocator_enforced,0.00023750998661853373,0.0004932500014547259,0.5109529634159902,1.0,65.31103417300619,92.2099609375,92.2099609375,"{""gem"": true, ""ewc"": true}",
effectiveness_v3_20260918T133610Z_461128c7,A/core50_nc/tight/S0/2/default,S0,core50_nc,2,0,skipped,disabled,,,,,,,,,,,,,,,,,,,,,,,,,,,,,,,
effectiveness_v3_20260918T133610Z_461128c7,A/core50_nc/tight/S0/2/default,S0,core50_nc,2,1,skipped,disabled,,,,,,,,,,,,,,,,,,,,,,,,,,,,,,,
effectiveness_v3_20260918T133610Z_461128c7,A/core50_nc/tight/S0/2/default,S0,core50_nc,2,2,skipped,disabled,,,,,,,,,,,,,,,,,,,,,,,,,,,,,,,
effectiveness_v3_20260918T133610Z_461128c7,A/core50_nc/tight/S0/2/default,S0,core50_nc,2,3,skipped,disabled,,,,,,,,,,,,,,,,,,,,,,,,,,,,,,,
effectiveness_v3_20260918T133610Z_461128c7,A/core50_nc/tight/S0/2/default,S0,core50_nc,2,4,skipped,disabled,,,,,,,,,,,,,,,,,,,,,,,,,,,,,,,
effectiveness_v3_20260918T133610Z_461128c7,A/core50_nc/tight/S0/2/default,S0,core50_nc,2,5,skipped,disabled,,,,,,,,,,,,,,,,,,,,,,,,,,,,,,,
effectiveness_v3_20260918T133610Z_461128c7,A/core50_nc/tight/S0/2/default,S0,core50_nc,2,6,skipped,disabled,,,,,,,,,,,,,,,,,,,,,,,,,,,,,,,
effectiveness_v3_20260918T133610Z_461128c7,A/core50_nc/tight/S0/2/default,S0,core50_nc,2,7,skipped,disabled,,,,,,,,,,,,,,,,,,,,,,,,,,,,,,,
effectiveness_v3_20260918T133610Z_461128c7,A/core50_nc/tight/S0/2/default,S0,core50_nc,2,8,skipped,disabled,,,,,,,,,,,,,,,,,,,,,,,,,,,,,,,
effectiveness_v3_20260918T134105Z_8816285b,A/core50_nc/tight/S_star/2/default,S_star,core50_nc,2,0,skipped,disabled,,,,,,,,,,,,,,,,,,,,,,,,,,,,,,,
effectiveness_v3_20260918T134105Z_8816285b,A/core50_nc/tight/S_star/2/default,S_star,core50_nc,2,1,skipped,disabled,,,,,,,,,,,,,,,,,,,,,,,,,,,,,,,
effectiveness_v3_20260918T134105Z_8816285b,A/core50_nc/tight/S_star/2/default,S_star,core50_nc,2,2,skipped,disabled,,,,,,,,,,,,,,,,,,,,,,,,,,,,,,,
effectiveness_v3_20260918T134105Z_8816285b,A/core50_nc/tight/S_star/2/default,S_star,core50_nc,2,3,skipped,disabled,,,,,,,,,,,,,,,,,,,,,,,,,,,,,,,
effectiveness_v3_20260918T134105Z_8816285b,A/core50_nc/tight/S_star/2/default,S_star,core50_nc,2,4,skipped,disabled,,,,,,,,,,,,,,,,,,,,,,,,,,,,,,,
effectiveness_v3_20260918T134105Z_8816285b,A/core50_nc/tight/S_star/2/default,S_star,core50_nc,2,5,skipped,disabled,,,,,,,,,,,,,,,,,,,,,,,,,,,,,,,
effectiveness_v3_20260918T134105Z_8816285b,A/core50_nc/tight/S_star/2/default,S_star,core50_nc,2,6,skipped,disabled,,,,,,,,,,,,,,,,,,,,,,,,,,,,,,,
effectiveness_v3_20260918T134105Z_8816285b,A/core50_nc/tight/S_star/2/default,S_star,core50_nc,2,7,skipped,disabled,,,,,,,,,,,,,,,,,,,,,,,,,,,,,,,
effectiveness_v3_20260918T134105Z_8816285b,A/core50_nc/tight/S_star/2/default,S_star,core50_nc,2,8,skipped,disabled,,,,,,,,,,,,,,,,,,,,,,,,,,,,,,,
effectiveness_v3_20260918T134607Z_d44ef855,A/splitcifar100/tight/S0/0/default,S0,splitcifar100,0,0,skipped,disabled,,,,,,,,,,,,,,,,,,,,,,,,,,,,,,,
effectiveness_v3_20260918T134607Z_d44ef855,A/splitcifar100/tight/S0/0/default,S0,splitcifar100,0,1,skipped,disabled,,,,,,,,,,,,,,,,,,,,,,,,,,,,,,,
effectiveness_v3_20260918T134607Z_d44ef855,A/splitcifar100/tight/S0/0/default,S0,splitcifar100,0,2,skipped,disabled,,,,,,,,,,,,,,,,,,,,,,,,,,,,,,,
effectiveness_v3_20260918T134607Z_d44ef855,A/splitcifar100/tight/S0/0/default,S0,splitcifar100,0,3,skipped,disabled,,,,,,,,,,,,,,,,,,,,,,,,,,,,,,,
effectiveness_v3_20260918T134607Z_d44ef855,A/splitcifar100/tight/S0/0/default,S0,splitcifar100,0,4,skipped,disabled,,,,,,,,,,,,,,,,,,,,,,,,,,,,,,,
effectiveness_v3_20260918T134607Z_d44ef855,A/splitcifar100/tight/S0/0/default,S0,splitcifar100,0,5,skipped,disabled,,,,,,,,,,,,,,,,,,,,,,,,,,,,,,,
effectiveness_v3_20260918T134607Z_d44ef855,A/splitcifar100/tight/S0/0/default,S0,splitcifar100,0,6,skipped,disabled,,,,,,,,,,,,,,,,,,,,,,,,,,,,,,,
effectiveness_v3_20260918T134607Z_d44ef855,A/splitcifar100/tight/S0/0/default,S0,splitcifar100,0,7,skipped,disabled,,,,,,,,,,,,,,,,,,,,,,,,,,,,,,,
effectiveness_v3_20260918T134607Z_d44ef855,A/splitcifar100/tight/S0/0/default,S0,splitcifar100,0,8,skipped,disabled,,,,,,,,,,,,,,,,,,,,,,,,,,,,,,,
effectiveness_v3_20260918T134607Z_d44ef855,A/splitcifar100/tight/S0/0/default,S0,splitcifar100,0,9,skipped,disabled,,,,,,,,,,,,,,,,,,,,,,,,,,,,,,,
effectiveness_v3_20260918T134746Z_6c651fb4,A/splitcifar100/tight/S_star/0/default,S_star,splitcifar100,0,0,skipped,disabled,,,,,,,,,,,,,,,,,,,,,,,,,,,,,,,
effectiveness_v3_20260918T134746Z_6c651fb4,A/splitcifar100/tight/S_star/0/default,S_star,splitcifar100,0,1,skipped,disabled,,,,,,,,,,,,,,,,,,,,,,,,,,,,,,,
effectiveness_v3_20260918T134746Z_6c651fb4,A/splitcifar100/tight/S_star/0/default,S_star,splitcifar100,0,2,skipped,disabled,,,,,,,,,,,,,,,,,,,,,,,,,,,,,,,
effectiveness_v3_20260918T134746Z_6c651fb4,A/splitcifar100/tight/S_star/0/default,S_star,splitcifar100,0,3,skipped,disabled,,,,,,,,,,,,,,,,,,,,,,,,,,,,,,,
effectiveness_v3_20260918T134746Z_6c651fb4,A/splitcifar100/tight/S_star/0/default,S_star,splitcifar100,0,4,skipped,disabled,,,,,,,,,,,,,,,,,,,,,,,,,,,,,,,
effectiveness_v3_20260918T134746Z_6c651fb4,A/splitcifar100/tight/S_star/0/default,S_star,splitcifar100,0,5,skipped,disabled,,,,,,,,,,,,,,,,,,,,,,,,,,,,,,,
effectiveness_v3_20260918T134746Z_6c651fb4,A/splitcifar100/tight/S_star/0/default,S_star,splitcifar100,0,6,skipped,disabled,,,,,,,,,,,,,,,,,,,,,,,,,,,,,,,
effectiveness_v3_20260918T134746Z_6c651fb4,A/splitcifar100/tight/S_star/0/default,S_star,splitcifar100,0,7,skipped,disabled,,,,,,,,,,,,,,,,,,,,,,,,,,,,,,,
effectiveness_v3_20260918T134746Z_6c651fb4,A/splitcifar100/tight/S_star/0/default,S_star,splitcifar100,0,8,skipped,disabled,,,,,,,,,,,,,,,,,,,,,,,,,,,,,,,
effectiveness_v3_20260918T134746Z_6c651fb4,A/splitcifar100/tight/S_star/0/default,S_star,splitcifar100,0,9,skipped,disabled,,,,,,,,,,,,,,,,,,,,,,,,,,,,,,,
effectiveness_v3_20260918T134924Z_a57461cc,A/splitcifar100/tight/O00/0/default,O00,splitcifar100,0,0,,,0.0006858711274526138,0.05,"{""factor_p"": 0.5057497465342417, ""factor_s"": 0.46879062662624377, ""factor_l"": 0.0028928634063678897, ""factor_m"": 1.0, ""urge"": 0.0006858711274526138}",16.0,200.0,15.921097393803924,198.0274348450981,15,198,default,adaptive,15,198,default,"{""gem"": false, ""ewc"": false}",198,198,198,,167772160,ok,device_allocator_enforced,0.00024410197511315346,0.0020268509979359806,0.408,1.0,6.629554346000077,91.05810546875,91.05810546875,"{""gem"": false, ""ewc"": false}",
effectiveness_v3_20260918T134924Z_a57461cc,A/splitcifar100/tight/O00/0/default,O00,splitcifar100,0,1,,,0.0009768720226568527,0.05,"{""factor_p"": 0.5075619233727519, ""factor_s"": 0.4713439373094766, ""factor_l"": 0.00408329457726485, ""factor_m"": 1.0, ""urge"": 0.0009768720226568527}",15.921097393803924,198.0274348450981,15.843047194296304,196.08584998881085,15,196,default,adaptive,15,196,default,"{""gem"": false, ""ewc"": false}",196,196,196,,167772160,ok,device_allocator_enforced,0.0002154260000679642,0.004205703997286037,0.379,0.9590000000000001,8.01296212800662,112.2587890625,112.2587890625,"{""gem"": false, ""ewc"": false}",
effectiveness_v3_20260918T134924Z_a57461cc,A/splitcifar100/tight/O00/0/default,O00,splitcifar100,0,2,,,0.0009695180190919003,0.05,"{""factor_p"": 0.5078743489005428, ""factor_s"": 0.4832250481938129, ""factor_l"": 0.003950482738521536, ""factor_m"": 1.0, ""urge"": 0.0009695180190919003}",15.843047194296304,196.08584998881085,15.76536797029804,194.16301324189337,15,194,default,adaptive,15,194,default,"{""gem"": false, ""ewc"": false}",194,194,194,,167772160,ok,device_allocator_enforced,0.00022987902048043907,0.0032261849846690893,0.37399999999999994,0.7685,7.880163245019503,112.2587890625,112.2587890625,"{""gem"": false, ""ewc"": false}",
effectiveness_v3_20260918T134924Z_a57461cc,A/splitcifar100/tight/O00/0/default,O00,splitcifar100,0,3,,,0.0009798174992622,0.05,"{""factor_p"": 0.5068120784723817, ""factor_s"": 0.4889393047354895, ""factor_l"": 0.0039540602663637, ""factor_m"": 1.0, ""urge"": 0.0009798174992622}",15.76536797029804,194.16301324189337,15.68808584878851,192.2594319730912,15,192,default,adaptive,15,192,default,"{""gem"": false, ""ewc"": false}",192,192,192,,167772160,ok,device_allocator_enforced,0.00023006400442682207,0.0018406389863230288,0.39099999999999996,0.677,7.883798343013041,112.2587890625,112.2587890625,"{""gem"": false, ""ewc"": false}",
effectiveness_v3_20260918T134924Z_a57461cc,A/splitcifar100/tight/O00/0/default,O00,splitcifar100,0,4,,,0.0011043876247770518,0.05,"{""factor_p"": 0.5056747563233273, ""factor_s"": 0.4896577253614891, ""factor_l"": 0.004460234029705326, ""factor_m"": 1.0, ""urge"": 0.0011043876247770518}",15.68808584878851,192.2594319730912,15.611377992331352,190.37930344084384,15,190,default,adaptive,15,190,default,"{""gem"": false, ""ewc"": false}",190,190,190,,167772160,ok,device_allocator_enforced,0.0002506849996279925,0.0020177589904051274,0.40919999999999995,0.6655,8.367664677003631,112.2587890625,112.2587890625,"{""gem"": false, ""ewc"": false}",
effectiveness_v3_20260918T134924Z_a57461cc,A/splitcifar100/tight/O00/0/default,O00,splitcifar100,0,5,,,0.0009244472310318373,0.05,"{""factor_p"": 0.5043853042170546, ""factor_s"": 0.4921256510994573, ""factor_l"": 0.0037242917853013108, ""factor_m"": 1.0, ""urge"": 0.0009244472310318373}",15.611377992331352,190.37930344084384,15.534764291885455,188.51070953041776,15,188,default,adaptive,15,188,default,"{""gem"": false, ""ewc"": false}",188,188,188,,167772160,ok,device_allocator_enforced,0.00027196298469789326,0.0017358149925712496,0.4298333333333333,0.626,7.643410696997307,112.2587890625,112.2587890625,"{""gem"": false, ""ewc"": false}",
effectiveness_v3_20260918T134924Z_a57461cc,A/splitcifar100/tight/O00/0/default,O00,splitcifar100,0,6,,,0.00100181146137894,0.05,"{""factor_p"": 0.5041338343790494, ""factor_s"": 0.49356285568181973, ""factor_l"": 0.004026221670758247, ""factor_m"": 1.0, ""urge"": 0.00100181146137894}",15.534764291885455,188.51070953041776,15.458646760917771,186.66337287299362,15,186,default,adaptive,15,186,default,"{""gem"": false, ""ewc"": false}",186,186,186,,167772160,ok,device_allocator_enforced,0.0002186110068578273,0.0015999349998310208,0.43385714285714283,0.603,7.956429820973426,112.2587890625,112.2587890625,"{""gem"": false, ""ewc"": false}",
effectiveness_v3_20260918T134924Z_a57461cc,A/splitcifar100/tight/O00/0/default,O00,splitcifar100,0,7,,,0.00101411291280985,0.05,"{""factor_p"": 0.5035780639203745, ""factor_s"": 0.49454485932210995, ""factor_l"": 0.0040720567045565955, ""factor_m"": 1.0, ""urge"": 0.00101411291280985}",15.458646760917771,186.66337287299362,15.382921208442664,184.8345986916195,15,184,default,adaptive,15,184,default,"{""gem"": false, ""ewc"": false}",184,184,184,,167772160,ok,device_allocator_enforced,0.0002626670175231993,0.001678147993516177,0.44275000000000003,0.5872857142857143,8.001893183012726,112.2587890625,112.2587890625,"{""gem"": false, ""ewc"": false}",
effectiveness_v3_20260918T134924Z_a57461cc,A/splitcifar100/tight/O00/0/default,O00,splitcifar100,0,8,,,0.0009793886988819962,0.05,"{""factor_p"": 0.5022847063208236, ""factor_s"": 0.4949142379017087, ""factor_l"": 0.003939809159968965, ""factor_m"": 1.0, ""urge"": 0.0009793886988819962}",15.382921208442664,184.8345986916195,15.307513188319184,183.0224576881275,15,183,default,adaptive,15,183,default,"{""gem"": false, ""ewc"": false}",183,183,183,,167772160,ok,device_allocator_enforced,0.00023715800489299,0.001878730981843546,0.4634444444444445,0.581375,7.869298389006872,112.2587890625,112.2587890625,"{""gem"": false, ""ewc"": false}",
effectiveness_v3_20260918T134924Z_a57461cc,A/splitcifar100/tight/O00/0/default,O00,splitcifar100,0,9,,last_experience,0.0010107738264997067,0.05,"{""factor_p"": 0.502093737762008, ""factor_s"": 0.4971944738879751, ""factor_l"": 0.004048954438012206, ""factor_m"": 1.0, ""urge"": 0.0010107738264997067}",15.307513188319184,183.0224576881275,15.232522865745544,181.22923197322478,15,181,default,,,,,,,,,,,,,0.03111236001132056,0.0,0.4665,0.5448888888888889,7.979042316001141,112.2587890625,112.2587890625,,
effectiveness_v3_20260918T135107Z_986b52f6,A/splitcifar100/tight/O10/0/default,O10,splitcifar100,0,0,,,0.12895062453005907,0.05,"{""factor_p"": 0.5075619233727519, ""factor_s"": 0.46879062662624377, ""factor_l"": 0.5419453520280825, ""factor_m"": 1.0, ""urge"": 0.12895062453005907}",16.0,200.0,16.126320999248094,203.15802498120235,16,203,advanced,adaptive,16,203,advanced,"{""gem"": true, ""ewc"": true}",203,200,203,,167772160,ok,device_allocator_enforced,0.00024895399110391736,0.0003280180098954588,0.379,1.0,6.514334634004626,91.05810546875,91.05810546875,"{""gem"": true, ""ewc"": true}",
effectiveness_v3_20260918T135107Z_986b52f6,A/splitcifar100/tight/O10/0/default,O10,splitcifar100,0,1,,,0.2095359409174097,0.05,"{""factor_p"": 0.5069370548418971, ""factor_s"": 0.4741480735723901, ""factor_l"": 0.871747074966694, ""factor_m"": 1.0, ""urge"": 0.2095359409174097}",16.126320999248094,203.15802498120235,16.38359377866322,209.6402263152621,16,209,advanced,adaptive,16,209,advanced,"{""gem"": true, ""ewc"": true}",209,203,209,,167772160,ok,device_allocator_enforced,0.0002816579944919795,0.0008069259929470718,0.389,0.9139999999999999,13.507608093990711,116.29345703125,116.29345703125,"{""gem"": true, ""ewc"": true}",
effectiveness_v3_20260918T135137Z_c1fc1ed7,A/splitcifar100/tight/O01/0/default,O01,splitcifar100,0,0,,,0.0006627387253966499,0.05,"{""factor_p"": 0.5064371443181802, ""factor_s"": 0.46879062662624377, ""factor_l"": 0.0027915016680274884, ""factor_m"": 0.9999999672863582, ""urge"": 0.0006627387253966499}",16.0,200.0,15.921060381960634,198.02650954901586,15,198,default,adaptive,15,198,default,"{""gem"": false, ""ewc"": false}",198,198,198,,167772160,ok,device_allocator_enforced,0.00024146301439031959,0.0018798609962686896,0.397,1.0,6.486479237995809,91.05810546875,91.05810546875,"{""gem"": false, ""ewc"": false}",
effectiveness_v3_20260918T135137Z_c1fc1ed7,A/splitcifar100/tight/O01/0/default,O01,splitcifar100,0,1,,,0.0009423735338439945,0.05,"{""factor_p"": 0.5075931661953437, ""factor_s"": 0.47053418223877286, ""factor_l"": 0.003945653851958066, ""factor_m"": 0.9999934451759894, ""urge"": 0.0009423735338439945}",15.921060381960634,198.02650954901586,15.842955438644301,196.08356744184542,15,196,default,adaptive,15,196,default,"{""gem"": false, ""ewc"": false}",196,196,196,,167772160,ok,device_allocator_enforced,0.0002797229972202331,0.0015998519957065582,0.3785,0.972,7.875251448014751,112.2587890625,112.2587890625,"{""gem"": false, ""ewc"": false}",
effectiveness_v3_20260918T135137Z_c1fc1ed7,A/splitcifar100/tight/O01/0/default,O01,splitcifar100,0,2,,,0.0009651178798885593,0.05,"{""factor_p"": 0.5077910360177595, ""factor_s"": 0.48291290652841823, ""factor_l"": 0.003935766868429086, ""factor_m"": 0.9999934451759894, ""urge"": 0.0009651178798885593}",15.842955438644301,196.08356744184542,15.765269693407491,194.16058051880506,15,194,default,adaptive,15,194,default,"{""gem"": false, ""ewc"": false}",194,194,194,,167772160,ok,device_allocator_enforced,0.00022880599135532975,0.0018773239862639457,0.3753333333333333,0.7735,7.8651760010106955,112.2587890625,112.2587890625,"{""gem"": false, ""ewc"": false}",
effectiveness_v3_20260918T135137Z_c1fc1ed7,A/splitcifar100/tight/O01/0/default,O01,splitcifar100,0,3,,,0.0010078930618806306,0.05,"{""factor_p"": 0.5058591067938315, ""factor_s"": 0.4882938062476313, ""factor_l"": 0.004080435468983612, ""factor_m"": 0.9999934451759894, ""urge"": 0.0010078930618806306}",15.765269693407491,194.16058051880506,15.68803231553472,192.25811333401614,15,192,default,adaptive,15,192,default,"{""gem"": false, ""ewc"": false}",192,192,192,,167772160,ok,device_allocator_enforced,0.00025065799127332866,0.0021918790007475764,0.40625,0.6873333333333334,8.010148877976462,112.2587890625,112.2587890625,"{""gem"": false, ""ewc"": false}",
effectiveness_v3_20260918T135137Z_c1fc1ed7,A/splitcifar100/tight/O01/0/default,O01,splitcifar100,0,4,,,0.0010315939614766569,0.05,"{""factor_p"": 0.5055247751388783, ""factor_s"": 0.4915164392322246, ""factor_l"": 0.004151749533571001, ""factor_m"": 0.9999934451759894, ""urge"": 0.0010315939614766569}",15.68803231553472,192.25811333401614,15.611210521897462,190.37519866242803,15,190,default,adaptive,15,190,default,"{""gem"": false, ""ewc"": false}",190,190,190,,167772160,ok,device_allocator_enforced,0.00021760197705589235,0.00306403698050417,0.41159999999999997,0.63575,8.079739731008885,112.2587890625,112.2587890625,"{""gem"": false, ""ewc"": false}",
effectiveness_v3_20260918T135137Z_c1fc1ed7,A/splitcifar100/tight/O01/0/default,O01,splitcifar100,0,5,,,0.0010027806308095038,0.05,"{""factor_p"": 0.5042915612755788, ""factor_s"": 0.4928754822342681, ""factor_l"": 0.004034501373748012, ""factor_m"": 0.9999934451759894, ""urge"": 0.0010027806308095038}",15.611210521897462,190.37519866242803,15.53471993124146,188.5096275881648,15,188,default,adaptive,15,188,default,"{""gem"": false, ""ewc"": false}",188,188,188,,167772160,ok,device_allocator_enforced,0.00021536098211072385,0.003087313991272822,0.43133333333333335,0.614,7.96468040702166,112.2587890625,112.2587890625,"{""gem"": false, ""ewc"": false}",
effectiveness_v3_20260918T135137Z_c1fc1ed7,A/splitcifar100/tight/O01/0/default,O01,splitcifar100,0,6,,,0.0009718086861821012,0.05,"{""factor_p"": 0.504705218243214, ""factor_s"": 0.4934378768050905, ""factor_l"": 0.0039022343265321625, ""factor_m"": 0.9999934451759894, ""urge"": 0.0009718086861821012}",15.53471993124146,188.5096275881648,15.458556009161912,186.66117037098695,15,186,default,adaptive,15,186,default,"{""gem"": false, ""ewc"": false}",186,186,186,,167772160,ok,device_allocator_enforced,0.0002915459917858243,0.0017752400017343462,0.4247142857142857,0.605,7.830815529014217,112.2587890625,112.2587890625,"{""gem"": false, ""ewc"": false}",
effectiveness_v3_20260918T135137Z_c1fc1ed7,A/splitcifar100/tight/O01/0/default,O01,splitcifar100,0,7,,,0.0009687236252298677,0.05,"{""factor_p"": 0.5039296065900277, ""factor_s"": 0.4938663791294498, ""factor_l"": 0.003892453220097695, ""factor_m"": 0.9999934451759894, ""urge"": 0.0009687236252298677}",15.458556009161912,186.66117037098695,15.382760735957904,184.83072328440736,15,184,default,adaptive,15,184,default,"{""gem"": false, ""ewc"": false}",184,184,184,,167772160,ok,device_allocator_enforced,0.00023531500482931733,0.0017741670017130673,0.437125,0.5981428571428571,7.8207375049823895,112.2587890625,112.2587890625,"{""gem"": false, ""ewc"": false}",
effectiveness_v3_20260918T135137Z_c1fc1ed7,A/splitcifar100/tight/O01/0/default,O01,splitcifar100,0,8,,,0.0010015703073376493,0.05,"{""factor_p"": 0.5027569165050172, ""factor_s"": 0.4945002218225971, ""factor_l"": 0.00402865189634396, ""factor_m"": 0.9999934451759894, ""urge"": 0.0010015703073376493}",15.382760735957904,184.83072328440736,15.307387623917915,183.01944024442838,15,183,default,adaptive,15,183,default,"{""gem"": false, ""ewc"": false}",183,183,183,,167772160,ok,device_allocator_enforced,0.00019623097614385188,0.0019316569960210472,0.45588888888888884,0.5880000000000001,7.958853251009714,112.2587890625,112.2587890625,"{""gem"": false, ""ewc"": false}",
effectiveness_v3_20260918T135137Z_c1fc1ed7,A/splitcifar100/tight/O01/0/default,O01,splitcifar100,0,9,,last_experience,0.0009765140242197129,0.05,"{""factor_p"": 0.5030499621703964, ""factor_s"": 0.49661810712948196, ""factor_l"": 0.003908837900264973, ""factor_m"": 0.9999934451759894, ""urge"": 0.0009765140242197129}",15.307387623917915,183.01944024442838,15.232345473667218,181.22499005200478,15,181,default,,,,,,,,,,,,,0.030240952997701243,0.0,0.45119999999999993,0.5541111111111111,7.837605344015174,112.2587890625,112.2587890625,,
effectiveness_v3_20260918T135320Z_a44d2b26,A/splitcifar100/tight/O11/0/default,O11,splitcifar100,0,0,,,0.1295512025357164,0.05,"{""factor_p"": 0.505312300098545, ""factor_s"": 0.46879062662624377, ""factor_l"": 0.5468933890360393, ""factor_m"": 0.9999999672863582, ""urge"": 0.1295512025357164}",16.0,200.0,16.127281924057147,203.18204810142865,16,203,advanced,adaptive,16,203,advanced,"{""gem"": true, ""ewc"": true}",203,200,203,,167772160,ok,device_allocator_enforced,0.00023020399385131896,0.0003366020100656897,0.415,1.0,6.594133698003134,91.05810546875,91.05810546875,"{""gem"": true, ""ewc"": true}",
effectiveness_v3_20260918T135320Z_a44d2b26,A/splitcifar100/tight/O11/0/default,O11,splitcifar100,0,1,,,0.21366000982596484,0.05,"{""factor_p"": 0.5067495899673914, ""factor_s"": 0.47502081252106, ""factor_l"": 0.8876157614550735, ""factor_m"": 0.9999820272478264, ""urge"": 0.21366000982596484}",16.127281924057147,203.18204810142865,16.391221035872878,209.83260329917653,16,209,advanced,adaptive,16,209,advanced,"{""gem"": true, ""ewc"": true}",209,203,209,,167772160,ok,device_allocator_enforced,0.0002473330241627991,0.0006606850074604154,0.392,0.9,14.108088926004712,116.29345703125,116.29345703125,"{""gem"": true, ""ewc"": true}",
effectiveness_v3_20260918T135350Z_94fffae9,A/splitcifar100/tight/R11/0/default,R11,splitcifar100,0,0,,,0.12775574858761515,0.05,"{""factor_p"": 0.5039374186065113, ""factor_s"": 0.46879062662624377, ""factor_l"": 0.5407853759675767, ""factor_m"": 0.9999999672863582, ""urge"": 0.12775574858761515}",16.0,200.0,16.124409197740185,203.11022994350463,16,203,advanced,fixed_default,16,203,default,"{""gem"": false, ""ewc"": false}",203,200,203,,167772160,ok,device_allocator_enforced,0.000291639007627964,0.0002915929944720119,0.437,1.0,6.4956471039913595,91.05810546875,91.05810546875,"{""gem"": false, ""ewc"": false}",
effectiveness_v3_20260918T135350Z_94fffae9,A/splitcifar100/tight/R11/0/default,R11,splitcifar100,0,1,,,0.14562405359502145,0.05,"{""factor_p"": 0.5059997120165879, ""factor_s"": 0.4795114791148383, ""factor_l"": 0.6001939916111365, ""factor_m"": 0.9999820272478264, ""urge"": 0.14562405359502145}",16.124409197740185,203.11022994350463,16.278597334671463,206.9946746462676,16,206,advanced,fixed_default,16,206,default,"{""gem"": false, ""ewc"": false}",206,203,206,,167772160,ok,device_allocator_enforced,0.00022010202519595623,0.00044290698133409023,0.404,0.8280000000000001,7.466721824981505,116.29345703125,116.29345703125,"{""gem"": false, ""ewc"": false}",
effectiveness_v3_20260918T135350Z_94fffae9,A/splitcifar100/tight/R11/0/default,R11,splitcifar100,0,2,,,0.1483146591433024,0.05,"{""factor_p"": 0.5072703208797048, ""factor_s"": 0.48375571893792757, ""factor_l"": 0.6044025913633635, ""factor_m"": 0.9999820272478264, ""urge"": 0.1483146591433024}",16.278597334671463,206.9946746462676,16.43863980950039,211.06479682273294,16,211,advanced,fixed_default,16,211,default,"{""gem"": false, ""ewc"": false}",211,206,211,,167772160,ok,device_allocator_enforced,0.00024891598150134087,0.00066113899811171,0.38366666666666666,0.76,7.537001811986556,116.29345703125,116.29345703125,"{""gem"": false, ""ewc"": false}",
effectiveness_v3_20260918T135350Z_94fffae9,A/splitcifar100/tight/R11/0/default,R11,splitcifar100,0,3,,,0.14923432689427313,0.05,"{""factor_p"": 0.5061403162903078, ""factor_s"": 0.48777327128685194, ""factor_l"": 0.6044878916901708, ""factor_m"": 0.9999820272478264, ""urge"": 0.14923432689427313}",16.43863980950039,211.06479682273294,16.601767545155706,215.253771431489,16,215,advanced,fixed_default,16,215,default,"{""gem"": false, ""ewc"": false}",215,211,215,,167772160,ok,device_allocator_enforced,0.00019495299784466624,0.0006805919983889908,0.40175,0.6956666666666667,7.538428888015915,116.29345703125,116.29345703125,"{""gem"": false, ""ewc"": false}",
effectiveness_v3_20260918T135350Z_94fffae9,A/splitcifar100/tight/R11/0/default,R11,splitcifar100,0,4,,,0.15750611383723798,0.05,"{""factor_p"": 0.5051998125307774, ""factor_s"": 0.4905792400364658, ""factor_l"": 0.6355253448214713, ""factor_m"": 0.9999820272478264, ""urge"": 0.15750611383723798}",16.601767545155706,215.253771431489,16.780246696316595,219.8819907225707,16,219,advanced,fixed_default,16,219,default,"{""gem"": false, ""ewc"": false}",219,215,219,,167772160,ok,device_allocator_enforced,0.00022895398433320224,0.0007748419884592295,0.4168,0.6507499999999999,8.065607759985141,116.29345703125,116.29345703125,"{""gem"": false, ""ewc"": false}",
effectiveness_v3_20260918T135350Z_94fffae9,A/splitcifar100/tight/R11/0/default,R11,splitcifar100,0,5,,,0.15178048221405854,0.05,"{""factor_p"": 0.503895754496477, ""factor_s"": 0.4932004192116517, ""factor_l"": 0.6107445461098774, ""factor_m"": 0.9999820272478264, ""urge"": 0.15178048221405854}",16.780246696316595,219.8819907225707,16.95103685635879,224.3579297317568,16,224,advanced,fixed_default,16,224,default,"{""gem"": false, ""ewc"": false}",224,219,224,,167772160,ok,device_allocator_enforced,0.00024122200557030737,0.0009399350092280656,0.4376666666666667,0.6088,7.6433997710119,116.29345703125,116.29345703125,"{""gem"": false, ""ewc"": false}",
effectiveness_v3_20260918T135350Z_94fffae9,A/splitcifar100/tight/R11/0/default,R11,splitcifar100,0,6,,,0.15211732620641283,0.05,"{""factor_p"": 0.5043302488756698, ""factor_s"": 0.49414610082494703, ""factor_l"": 0.6104022118687404, ""factor_m"": 0.9999820272478264, ""urge"": 0.15211732620641283}",16.95103685635879,224.3579297317568,17.12413631237856,228.94009611123943,17,228,advanced,fixed_default,17,228,default,"{""gem"": false, ""ewc"": false}",228,224,228,,167772160,ok,device_allocator_enforced,0.00023032401804812253,0.001033823995385319,0.43071428571428577,0.5936666666666668,7.6376407740172,116.29345703125,116.29345703125,"{""gem"": false, ""ewc"": false}",
effectiveness_v3_20260918T135350Z_94fffae9,A/splitcifar100/tight/R11/0/default,R11,splitcifar100,0,7,,,0.14600416186734647,0.05,"{""factor_p"": 0.503679621070323, ""factor_s"": 0.4945894969085886, ""factor_l"": 0.5861273939433255, ""factor_m"": 0.9999400124469191, ""urge"": 0.14600416186734647}",17.12413631237856,228.94009611123943,17.28853514781577,233.3359365202373,17,233,advanced,fixed_default,17,233,default,"{""gem"": false, ""ewc"": false}",233,228,233,,167772160,ok,device_allocator_enforced,0.00027538000722415745,0.0012155460135545582,0.44112500000000004,0.5865714285714285,7.2335437379952054,121.11474609375,121.11474609375,"{""gem"": false, ""ewc"": false}",
effectiveness_v3_20260918T135350Z_94fffae9,A/splitcifar100/tight/R11/0/default,R11,splitcifar100,0,8,,,0.14628675482150222,0.05,"{""factor_p"": 0.5030485733331633, ""factor_s"": 0.494211196166487, ""factor_l"": 0.5884486315133903, ""factor_m"": 0.9999400124469191, ""urge"": 0.14628675482150222}",17.28853514781577,233.3359365202373,17.455000842315837,237.82936854239122,17,237,advanced,fixed_default,17,237,default,"{""gem"": false, ""ewc"": false}",237,233,237,,167772160,ok,device_allocator_enforced,0.000268509000306949,0.0013107130071148276,0.4512222222222222,0.592625,7.271851102006622,121.11474609375,121.11474609375,"{""gem"": false, ""ewc"": false}",
effectiveness_v3_20260918T135350Z_94fffae9,A/splitcifar100/tight/R11/0/default,R11,splitcifar100,0,9,,last_experience,0.1488817040634609,0.05,"{""factor_p"": 0.5032687034331962, ""factor_s"": 0.49622923815593767, ""factor_l"": 0.5961905809780339, ""factor_m"": 0.9999400124469191, ""urge"": 0.1488817040634609}",17.455000842315837,237.82936854239122,17.62759886508757,242.5327631899529,17,242,advanced,,,,,,,,,,,,,0.03067799101700075,0.0,0.44770000000000004,0.5603333333333333,7.400097342004301,121.11474609375,121.11474609375,,
effectiveness_v3_20260918T135529Z_f109dbc3,A/splitcifar100/tight/F11/0/default,F11,splitcifar100,0,0,,,0.20139802486376535,0.05,"{""factor_p"": 0.5036249364883145, ""factor_s"": 0.46879062662624377, ""factor_l"": 0.8530393806528204, ""factor_m"": 0.9999999564387011, ""urge"": 0.20139802486376535}",16.0,200.0,16.242236839782024,206.05592099455063,16,206,advanced,fixed_advanced,16,206,advanced,"{""gem"": true, ""ewc"": true}",206,200,206,,167772160,ok,device_allocator_enforced,0.00022140800138004124,0.0005002589896321297,0.442,1.0,12.876192170981085,92.20361328125,92.20361328125,"{""gem"": true, ""ewc"": true}",
effectiveness_v3_20260918T135551Z_aa5dd7bf,A/splitcifar100/tight/S_star/1/default,S_star,splitcifar100,1,0,skipped,disabled,,,,,,,,,,,,,,,,,,,,,,,,,,,,,,,
effectiveness_v3_20260918T135551Z_aa5dd7bf,A/splitcifar100/tight/S_star/1/default,S_star,splitcifar100,1,1,skipped,disabled,,,,,,,,,,,,,,,,,,,,,,,,,,,,,,,
effectiveness_v3_20260918T135551Z_aa5dd7bf,A/splitcifar100/tight/S_star/1/default,S_star,splitcifar100,1,2,skipped,disabled,,,,,,,,,,,,,,,,,,,,,,,,,,,,,,,
effectiveness_v3_20260918T135551Z_aa5dd7bf,A/splitcifar100/tight/S_star/1/default,S_star,splitcifar100,1,3,skipped,disabled,,,,,,,,,,,,,,,,,,,,,,,,,,,,,,,
effectiveness_v3_20260918T135551Z_aa5dd7bf,A/splitcifar100/tight/S_star/1/default,S_star,splitcifar100,1,4,skipped,disabled,,,,,,,,,,,,,,,,,,,,,,,,,,,,,,,
effectiveness_v3_20260918T135551Z_aa5dd7bf,A/splitcifar100/tight/S_star/1/default,S_star,splitcifar100,1,5,skipped,disabled,,,,,,,,,,,,,,,,,,,,,,,,,,,,,,,
effectiveness_v3_20260918T135551Z_aa5dd7bf,A/splitcifar100/tight/S_star/1/default,S_star,splitcifar100,1,6,skipped,disabled,,,,,,,,,,,,,,,,,,,,,,,,,,,,,,,
effectiveness_v3_20260918T135551Z_aa5dd7bf,A/splitcifar100/tight/S_star/1/default,S_star,splitcifar100,1,7,skipped,disabled,,,,,,,,,,,,,,,,,,,,,,,,,,,,,,,
effectiveness_v3_20260918T135551Z_aa5dd7bf,A/splitcifar100/tight/S_star/1/default,S_star,splitcifar100,1,8,skipped,disabled,,,,,,,,,,,,,,,,,,,,,,,,,,,,,,,
effectiveness_v3_20260918T135551Z_aa5dd7bf,A/splitcifar100/tight/S_star/1/default,S_star,splitcifar100,1,9,skipped,disabled,,,,,,,,,,,,,,,,,,,,,,,,,,,,,,,
effectiveness_v3_20260918T135730Z_5faec831,A/splitcifar100/tight/O00/1/default,O00,splitcifar100,1,0,,,0.0006588607062154872,0.05,"{""factor_p"": 0.5004999998333334, ""factor_s"": 0.46879062662624377, ""factor_l"": 0.002808087306130065, ""factor_m"": 1.0, ""urge"": 0.0006588607062154872}",16.0,200.0,15.921054177129944,198.02635442824862,15,198,default,adaptive,15,198,default,"{""gem"": false, ""ewc"": false}",198,198,198,,167772160,ok,device_allocator_enforced,0.0002461299882270396,0.002078694000374526,0.492,1.0,6.510241344018141,91.05810546875,91.05810546875,"{""gem"": false, ""ewc"": false}",
effectiveness_v3_20260918T135730Z_5faec831,A/splitcifar100/tight/O00/1/default,O00,splitcifar100,1,1,,,0.0009587361447670106,0.05,"{""factor_p"": 0.5036249364883145, ""factor_s"": 0.48238229642820174, ""factor_l"": 0.0039463946568743915, ""factor_m"": 1.0, ""urge"": 0.0009587361447670106}",15.921054177129944,198.02635442824862,15.842975315254536,196.0840618886875,15,196,default,adaptive,15,196,default,"{""gem"": false, ""ewc"": false}",196,196,196,,167772160,ok,device_allocator_enforced,0.0002500099944882095,0.0018580180185381323,0.442,0.782,7.876005361002171,112.2587890625,112.2587890625,"{""gem"": false, ""ewc"": false}",
effectiveness_v3_20260918T135730Z_5faec831,A/splitcifar100/tight/O00/1/default,O00,splitcifar100,1,2,,,0.0008349887156034528,0.05,"{""factor_p"": 0.5045415417644423, ""factor_s"": 0.4900013331200346, ""factor_l"": 0.003377430451362457, ""factor_m"": 1.0, ""urge"": 0.0008349887156034528}",15.842975315254536,196.0840618886875,15.765083309239246,194.15596686559797,15,194,default,adaptive,15,194,default,"{""gem"": false, ""ewc"": false}",194,194,194,,167772160,ok,device_allocator_enforced,0.00021629600087180734,0.001758047001203522,0.42733333333333334,0.66,7.250972267007455,112.2587890625,112.2587890625,"{""gem"": false, ""ewc"": false}",
effectiveness_v3_20260918T135730Z_5faec831,A/splitcifar100/tight/O00/1/default,O00,splitcifar100,1,3,,,0.0009157702389353274,0.05,"{""factor_p"": 0.5034686943520235, ""factor_s"": 0.49222979227073105, ""factor_l"": 0.0036952698477894924, ""factor_m"": 1.0, ""urge"": 0.0009157702389353274}",15.765083309239246,194.15596686559797,15.687701612103943,192.24996764817544,15,192,default,adaptive,15,192,default,"{""gem"": false, ""ewc"": false}",192,192,192,,167772160,ok,device_allocator_enforced,0.0002124820020981133,0.0018441019929014146,0.4445,0.6243333333333334,7.612001670000609,112.2587890625,112.2587890625,"{""gem"": false, ""ewc"": false}",
effectiveness_v3_20260918T135730Z_5faec831,A/splitcifar100/tight/O00/1/default,O00,splitcifar100,1,4,,,0.0010366009042802869,0.05,"{""factor_p"": 0.5025999765655867, ""factor_s"": 0.49379719323181664, ""factor_l"": 0.00417676943686024, ""factor_m"": 1.0, ""urge"": 0.0010366009042802869}",15.687701612103943,192.24996764817544,15.610889292611143,190.3673252697561,15,190,default,adaptive,15,190,default,"{""gem"": false, ""ewc"": false}",190,190,190,,167772160,ok,device_allocator_enforced,0.00028921299963258207,0.0015947589999996126,0.4584,0.59925,8.103873293002835,112.2587890625,112.2587890625,"{""gem"": false, ""ewc"": false}",
effectiveness_v3_20260918T135730Z_5faec831,A/splitcifar100/tight/O00/1/default,O00,splitcifar100,1,5,,,0.0009809660874720966,0.05,"{""factor_p"": 0.5017083266858914, ""factor_s"": 0.4960750806207836, ""factor_l"": 0.003941443208531433, ""factor_m"": 1.0, ""urge"": 0.0009809660874720966}",15.610889292611143,190.3673252697561,15.534366221447222,188.501000795109,15,188,default,adaptive,15,188,default,"{""gem"": false, ""ewc"": false}",188,188,188,,167772160,ok,device_allocator_enforced,0.00021592600387521088,0.001338795991614461,0.4726666666666666,0.5628,7.870963620021939,112.2587890625,112.2587890625,"{""gem"": false, ""ewc"": false}",
effectiveness_v3_20260918T135730Z_5faec831,A/splitcifar100/tight/O00/1/default,O00,splitcifar100,1,6,,,0.000980302552508426,0.05,"{""factor_p"": 0.5020624883018374, ""factor_s"": 0.49723961137845735, ""factor_l"": 0.003926780637836498, ""factor_m"": 1.0, ""urge"": 0.000980302552508426}",15.534366221447222,188.501000795109,15.458217228225834,186.6529483896039,15,186,default,adaptive,15,186,default,"{""gem"": false, ""ewc"": false}",186,186,186,,167772160,ok,device_allocator_enforced,0.00026444499962963164,0.0023493519984185696,0.46699999999999997,0.5441666666666667,7.855996583006345,112.2587890625,112.2587890625,"{""gem"": false, ""ewc"": false}",
effectiveness_v3_20260918T135730Z_5faec831,A/splitcifar100/tight/O00/1/default,O00,splitcifar100,1,7,,,0.000958010600979877,0.05,"{""factor_p"": 0.5018749912109869, ""factor_s"": 0.4975893043940729, ""factor_l"": 0.0038362219252100265, ""factor_m"": 1.0, ""urge"": 0.000958010600979877}",15.458217228225834,186.6529483896039,15.382407055682394,184.82218200636012,15,184,default,adaptive,15,184,default,"{""gem"": false, ""ewc"": false}",184,184,184,,167772160,ok,device_allocator_enforced,0.00021821301197633147,0.0021413509966805577,0.47,0.5385714285714286,7.762305315001868,112.2587890625,112.2587890625,"{""gem"": false, ""ewc"": false}",
effectiveness_v3_20260918T135730Z_5faec831,A/splitcifar100/tight/O00/1/default,O00,splitcifar100,1,8,,,0.00099014433965553,0.05,"{""factor_p"": 0.501291663793314, ""factor_s"": 0.49728908906391883, ""factor_l"": 0.0039719072264782045, ""factor_m"": 1.0, ""urge"": 0.00099014433965553}",15.382407055682394,184.82218200636012,15.307018100731629,183.0105603137678,15,183,default,adaptive,15,183,default,"{""gem"": false, ""ewc"": false}",183,183,183,,167772160,ok,device_allocator_enforced,0.00020333300926722586,0.0019242779817432165,0.47933333333333333,0.543375,7.901883704995271,112.2587890625,112.2587890625,"{""gem"": false, ""ewc"": false}",
effectiveness_v3_20260918T135730Z_5faec831,A/splitcifar100/tight/O00/1/default,O00,splitcifar100,1,9,,last_experience,0.0009735835137711595,0.05,"{""factor_p"": 0.5011249981015663, ""factor_s"": 0.49821528535741494, ""factor_l"": 0.0038995105160212064, ""factor_m"": 1.0, ""urge"": 0.0009735835137711595}",15.307018100731629,183.0105603137678,15.231973276274758,181.21608992350363,15,181,default,,,,,,,,,,,,,0.03133158397395164,0.0,0.48200000000000004,0.5285555555555554,7.828011563979089,112.2587890625,112.2587890625,,
effectiveness_v3_20260918T135911Z_c0a10258,A/splitcifar100/tight/O10/1/default,O10,splitcifar100,1,0,,,0.12754162516178275,0.05,"{""factor_p"": 0.499812500008789, ""factor_s"": 0.46879062662624377, ""factor_l"": 0.5443345662837598, ""factor_m"": 1.0, ""urge"": 0.12754162516178275}",16.0,200.0,16.124066600258853,203.10166500647128,16,203,advanced,adaptive,16,203,advanced,"{""gem"": true, ""ewc"": true}",203,200,203,,167772160,ok,device_allocator_enforced,0.00022749998606741428,0.0003162589855492115,0.503,1.0,6.552848846011329,91.05810546875,91.05810546875,"{""gem"": true, ""ewc"": true}",
effectiveness_v3_20260918T135911Z_c0a10258,A/splitcifar100/tight/O10/1/default,O10,splitcifar100,1,1,,,0.21694282656256378,0.05,"{""factor_p"": 0.5045936207513122, ""factor_s"": 0.48175810020426185, ""factor_l"": 0.8924307231431301, ""factor_m"": 1.0, ""urge"": 0.21694282656256378}",16.124066600258853,203.10166500647128,16.393246325651877,209.88293821361992,16,209,advanced,adaptive,16,209,advanced,"{""gem"": true, ""ewc"": true}",209,203,209,,167772160,ok,device_allocator_enforced,0.00025790699874050915,0.0006357679958455265,0.4265,0.792,14.304883192002308,116.29345703125,116.29345703125,"{""gem"": true, ""ewc"": true}",
effectiveness_v3_20260918T135941Z_a26de010,A/splitcifar100/tight/O01/1/default,O01,splitcifar100,1,0,,,0.0006717378941524431,0.05,"{""factor_p"": 0.5064371443181802, ""factor_s"": 0.46879062662624377, ""factor_l"": 0.002829406793576961, ""factor_m"": 0.9999999672863582, ""urge"": 0.0006717378941524431}",16.0,200.0,15.921074780630644,198.0268695157661,15,198,default,adaptive,15,198,default,"{""gem"": false, ""ewc"": false}",198,198,198,,167772160,ok,device_allocator_enforced,0.00025617601932026446,0.0016946389805525541,0.397,1.0,6.5405808570212685,91.05810546875,91.05810546875,"{""gem"": false, ""ewc"": false}",
effectiveness_v3_20260918T135941Z_a26de010,A/splitcifar100/tight/O01/1/default,O01,splitcifar100,1,1,,,0.0010089817465014715,0.05,"{""factor_p"": 0.5061559389278393, ""factor_s"": 0.4762678458734389, ""factor_l"": 0.004185530944850922, ""factor_m"": 0.9999934451759894, ""urge"": 0.0010089817465014715}",15.921074780630644,198.0268695157661,15.843075814111325,196.08656191994007,15,196,default,adaptive,15,196,default,"{""gem"": false, ""ewc"": false}",196,196,196,,167772160,ok,device_allocator_enforced,0.00020555598894134164,0.0015784169954713434,0.4015,0.88,8.112290401011705,112.2587890625,112.2587890625,"{""gem"": false, ""ewc"": false}",
effectiveness_v3_20260918T135941Z_a26de010,A/splitcifar100/tight/O01/1/default,O01,splitcifar100,1,2,,,0.0009240603278013638,0.05,"{""factor_p"": 0.5064788040339178, ""factor_s"": 0.4872527628438866, ""factor_l"": 0.0037444461279058333, ""factor_m"": 0.9999934451759894, ""urge"": 0.0009240603278013638}",15.843075814111325,196.08656191994007,15.765324430823785,194.1619354632777,15,194,default,adaptive,15,194,default,"{""gem"": false, ""ewc"": false}",194,194,194,,167772160,ok,device_allocator_enforced,0.0002296299790032208,0.001362971990602091,0.39633333333333337,0.704,7.66507961897878,112.2587890625,112.2587890625,"{""gem"": false, ""ewc"": false}",
effectiveness_v3_20260918T135941Z_a26de010,A/splitcifar100/tight/O01/1/default,O01,splitcifar100,1,3,,,0.0010483376676588307,0.05,"{""factor_p"": 0.5048279749423796, ""factor_s"": 0.49100097187404534, ""factor_l"": 0.004229395242001245, ""factor_m"": 0.9999934451759894, ""urge"": 0.0010483376676588307}",15.765324430823785,194.1619354632777,15.688150547014034,192.26102556275927,15,192,default,adaptive,15,192,default,"{""gem"": false, ""ewc"": false}",192,192,192,,167772160,ok,device_allocator_enforced,0.0002228239900432527,0.0017651670204941183,0.42275,0.6439999999999999,8.15416839797399,112.2587890625,112.2587890625,"{""gem"": false, ""ewc"": false}",
effectiveness_v3_20260918T135941Z_a26de010,A/splitcifar100/tight/O01/1/default,O01,splitcifar100,1,4,,,0.0011009587386392782,0.05,"{""factor_p"": 0.5036374358290382, ""factor_s"": 0.49295359154542545, ""factor_l"": 0.004434553006323379, ""factor_m"": 0.9999934451759894, ""urge"": 0.0011009587386392782}",15.688150547014034,192.26102556275927,15.611436994922746,190.3807495983703,15,190,default,adaptive,15,190,default,"{""gem"": false, ""ewc"": false}",190,190,190,,167772160,ok,device_allocator_enforced,0.0002214720007032156,0.001450342999305576,0.4418,0.6127499999999999,8.344463835004717,112.2587890625,112.2587890625,"{""gem"": false, ""ewc"": false}",
effectiveness_v3_20260918T135941Z_a26de010,A/splitcifar100/tight/O01/1/default,O01,splitcifar100,1,5,,,0.0010117737808633706,0.05,"{""factor_p"": 0.5026249758830783, ""factor_s"": 0.49538763083775716, ""factor_l"": 0.004063469868572107, ""factor_m"": 0.9999934451759894, ""urge"": 0.0010117737808633706}",15.611436994922746,190.3807495983703,15.53495933421144,188.51546655255154,15,188,default,adaptive,15,188,default,"{""gem"": false, ""ewc"": false}",188,188,188,,167772160,ok,device_allocator_enforced,0.0002672589907888323,0.0014705370122101158,0.458,0.5738000000000001,7.993414901022334,112.2587890625,112.2587890625,"{""gem"": false, ""ewc"": false}",
effectiveness_v3_20260918T135941Z_a26de010,A/splitcifar100/tight/O01/1/default,O01,splitcifar100,1,6,,,0.00100328846053042,0.05,"{""factor_p"": 0.5028481834785956, ""factor_s"": 0.4964792248591009, ""factor_l"": 0.004018747296655537, ""factor_m"": 0.9999934451759894, ""urge"": 0.00100328846053042}",15.53495933421144,188.51546655255154,15.458843142083865,186.66813896547077,15,186,default,adaptive,15,186,default,"{""gem"": false, ""ewc"": false}",186,186,186,,167772160,ok,device_allocator_enforced,0.0002372779999859631,0.0015213890001177788,0.45442857142857146,0.5563333333333333,7.948967206000816,112.2587890625,112.2587890625,"{""gem"": false, ""ewc"": false}",
effectiveness_v3_20260918T135941Z_a26de010,A/splitcifar100/tight/O01/1/default,O01,splitcifar100,1,7,,,0.000979367707743204,0.05,"{""factor_p"": 0.502539040674991, ""factor_s"": 0.49661612309332254, ""factor_l"": 0.003924262092988128, ""factor_m"": 0.9999934451759894, ""urge"": 0.000979367707743204}",15.458843142083865,186.66813896547077,15.383062915550687,184.83802092528953,15,184,default,adaptive,15,184,default,"{""gem"": false, ""ewc"": false}",184,184,184,,167772160,ok,device_allocator_enforced,0.00025945401284843683,0.002633583004353568,0.459375,0.5541428571428572,7.853420140017988,112.2587890625,112.2587890625,"{""gem"": false, ""ewc"": false}",
effectiveness_v3_20260918T135941Z_a26de010,A/splitcifar100/tight/O01/1/default,O01,splitcifar100,1,8,,,0.0009766135026175323,0.05,"{""factor_p"": 0.5021527644752822, ""factor_s"": 0.4970312848861861, ""factor_l"": 0.0039129652198691, ""factor_m"": 0.9999934451759894, ""urge"": 0.0009766135026175323}",15.383062915550687,184.83802092528953,15.307649931668427,183.02574377744318,15,183,default,adaptive,15,183,default,"{""gem"": false, ""ewc"": false}",183,183,183,,167772160,ok,device_allocator_enforced,0.0002866380091290921,0.0017410269938409328,0.4655555555555555,0.5475,7.841843267000513,112.2587890625,112.2587890625,"{""gem"": false, ""ewc"": false}",
effectiveness_v3_20260918T135941Z_a26de010,A/splitcifar100/tight/O01/1/default,O01,splitcifar100,1,9,,last_experience,0.0009909435925286273,0.05,"{""factor_p"": 0.502081237979889, ""factor_s"": 0.49755557503044945, ""factor_l"": 0.003966762427643895, ""factor_m"": 0.9999934451759894, ""urge"": 0.0009909435925286273}",15.307649931668427,183.02574377744318,15.23262858377173,181.23175997728157,15,181,default,,,,,,,,,,,,,0.028840740997111425,0.0,0.4667,0.5391111111111111,7.896678497985704,112.2587890625,112.2587890625,,
effectiveness_v3_20260918T140124Z_09059880,A/splitcifar100/tight/O11/1/default,O11,splitcifar100,1,0,,,0.12796669698969043,0.05,"{""factor_p"": 0.5028124703372895, ""factor_s"": 0.46879062662624377, ""factor_l"": 0.5428902160569437, ""factor_m"": 0.9999999672863582, ""urge"": 0.12796669698969043}",16.0,200.0,16.124746715183505,203.11866787958763,16,203,advanced,adaptive,16,203,advanced,"{""gem"": true, ""ewc"": true}",203,200,203,,167772160,ok,device_allocator_enforced,0.0002783790114335716,0.00029981500119902194,0.455,1.0,6.529562056006398,91.05810546875,91.05810546875,"{""gem"": true, ""ewc"": true}",
effectiveness_v3_20260918T140124Z_09059880,A/splitcifar100/tight/O11/1/default,O11,splitcifar100,1,1,,,0.2139395020812126,0.05,"{""factor_p"": 0.5055310243749362, ""factor_s"": 0.4812587841214647, ""factor_l"": 0.8793713322544039, ""factor_m"": 0.9999820272478264, ""urge"": 0.2139395020812126}",16.124746715183505,203.11866787958763,16.38909500995079,209.7785025347034,16,209,advanced,adaptive,16,209,advanced,"{""gem"": true, ""ewc"": true}",209,203,209,,167772160,ok,device_allocator_enforced,0.000293091987259686,0.000799435016233474,0.4115,0.8,13.787589104002109,116.29345703125,116.29345703125,"{""gem"": true, ""ewc"": true}",
effectiveness_v3_20260918T140154Z_8551117e,A/splitcifar100/tight/R11/1/default,R11,splitcifar100,1,0,,,0.12646832163889946,0.05,"{""factor_p"": 0.5005624997626954, ""factor_s"": 0.46879062662624377, ""factor_l"": 0.5389451139851994, ""factor_m"": 0.9999999672863582, ""urge"": 0.12646832163889946}",16.0,200.0,16.122349314622237,203.05873286555598,16,203,advanced,fixed_default,16,203,default,"{""gem"": false, ""ewc"": false}",203,200,203,,167772160,ok,device_allocator_enforced,0.00022839801385998726,0.00028374098474159837,0.491,1.0,6.466014504985651,91.05810546875,91.05810546875,"{""gem"": false, ""ewc"": false}",
effectiveness_v3_20260918T140154Z_8551117e,A/splitcifar100/tight/R11/1/default,R11,splitcifar100,1,1,,,0.1312123116531519,0.05,"{""factor_p"": 0.5044686310175143, ""factor_s"": 0.4818205172968613, ""factor_l"": 0.5398373596472583, ""factor_m"": 0.9999820272478264, ""urge"": 0.1312123116531519}",16.122349314622237,203.05873286555598,16.253282640334245,206.3569066850303,16,206,advanced,fixed_default,16,206,default,"{""gem"": false, ""ewc"": false}",206,203,206,,167772160,ok,device_allocator_enforced,0.000206776981940493,0.0005928799801040441,0.4285,0.7909999999999999,6.480379599001026,116.29345703125,116.29345703125,"{""gem"": false, ""ewc"": false}",
effectiveness_v3_20260918T140154Z_8551117e,A/splitcifar100/tight/R11/1/default,R11,splitcifar100,1,2,,,0.1494484940505025,0.05,"{""factor_p"": 0.50527063809851, ""factor_s"": 0.4899076209625088, ""factor_l"": 0.6037554884424712, ""factor_m"": 0.9999820272478264, ""urge"": 0.1494484940505025}",16.253282640334245,206.3569066850303,16.414919088530088,210.46128340637958,16,210,advanced,fixed_default,16,210,default,"{""gem"": false, ""ewc"": false}",210,206,210,,167772160,ok,device_allocator_enforced,0.00020791697897948325,0.0005298609903547913,0.41566666666666663,0.6615,7.526179223001236,116.29345703125,116.29345703125,"{""gem"": false, ""ewc"": false}",
effectiveness_v3_20260918T140154Z_8551117e,A/splitcifar100/tight/R11/1/default,R11,splitcifar100,1,3,,,0.1507324440503572,0.05,"{""factor_p"": 0.5038905464789067, ""factor_s"": 0.49123006618052906, ""factor_l"": 0.6089664908210104, ""factor_m"": 0.9999820272478264, ""urge"": 0.1507324440503572}",16.414919088530088,210.46128340637958,16.580270580397737,214.7013392974795,16,214,advanced,fixed_default,16,214,default,"{""gem"": false, ""ewc"": false}",214,210,214,,167772160,ok,device_allocator_enforced,0.00021184200886636972,0.0007996109779924154,0.43775,0.6403333333333334,7.613507878995733,116.29345703125,116.29345703125,"{""gem"": false, ""ewc"": false}",
effectiveness_v3_20260918T140154Z_8551117e,A/splitcifar100/tight/R11/1/default,R11,splitcifar100,1,4,,,0.15297993543859187,0.05,"{""factor_p"": 0.5035499403493695, ""factor_s"": 0.49390655169411124, ""factor_l"": 0.615113052693111, ""factor_m"": 0.9999820272478264, ""urge"": 0.15297993543859187}",16.580270580397737,214.7013392974795,16.751014099790112,219.12332530936624,16,219,advanced,fixed_default,16,219,default,"{""gem"": false, ""ewc"": false}",219,214,219,,167772160,ok,device_allocator_enforced,0.00025047300732694566,0.0010983060055878013,0.4431999999999999,0.5975,7.717053651984315,116.29345703125,116.29345703125,"{""gem"": false, ""ewc"": false}",
effectiveness_v3_20260918T140154Z_8551117e,A/splitcifar100/tight/R11/1/default,R11,splitcifar100,1,5,,,0.14730735153909116,0.05,"{""factor_p"": 0.5030207965786496, ""factor_s"": 0.4957501023512087, ""factor_l"": 0.5907224465625549, ""factor_m"": 0.9999820272478264, ""urge"": 0.14730735153909116}",16.751014099790112,219.12332530936624,16.914013781554566,223.38778739862485,16,223,advanced,fixed_default,16,223,default,"{""gem"": false, ""ewc"": false}",223,219,223,,167772160,ok,device_allocator_enforced,0.00022421299945563078,0.000858804996823892,0.45166666666666666,0.568,7.309438869007863,116.29345703125,116.29345703125,"{""gem"": false, ""ewc"": false}",
effectiveness_v3_20260918T140154Z_8551117e,A/splitcifar100/tight/R11/1/default,R11,splitcifar100,1,6,,,0.15236415646358792,0.05,"{""factor_p"": 0.503214241436592, ""factor_s"": 0.49603133334681715, ""factor_l"": 0.6104197584561113, ""factor_m"": 0.9999820272478264, ""urge"": 0.15236415646358792}",16.914013781554566,223.38778739862485,17.0871526568708,227.96116788289035,17,227,advanced,fixed_default,17,227,default,"{""gem"": false, ""ewc"": false}",227,223,227,,167772160,ok,device_allocator_enforced,0.00028711999766528606,0.0012079910084139556,0.44857142857142857,0.5635000000000001,7.637935910985107,116.29345703125,116.29345703125,"{""gem"": false, ""ewc"": false}",
effectiveness_v3_20260918T140154Z_8551117e,A/splitcifar100/tight/R11/1/default,R11,splitcifar100,1,7,,,0.1453760981977587,0.05,"{""factor_p"": 0.5028905927961205, ""factor_s"": 0.49581259790187565, ""factor_l"": 0.5830797950782144, ""factor_m"": 0.9999400124469191, ""urge"": 0.1453760981977587}",17.0871526568708,227.96116788289035,17.25012325184298,232.30957722954523,17,232,advanced,fixed_default,17,232,default,"{""gem"": false, ""ewc"": false}",232,227,232,,167772160,ok,device_allocator_enforced,0.0002678890014067292,0.001079527981346473,0.45375,0.5670000000000001,7.183344730990939,121.11474609375,121.11474609375,"{""gem"": false, ""ewc"": false}",
effectiveness_v3_20260918T140154Z_8551117e,A/splitcifar100/tight/R11/1/default,R11,splitcifar100,1,8,,,0.1413538503099846,0.05,"{""factor_p"": 0.5019722119939194, ""factor_s"": 0.4957422904166728, ""factor_l"": 0.5680650240559958, ""factor_m"": 0.9999400124469191, ""urge"": 0.1413538503099846}",17.25012325184298,232.30957722954523,17.407709769580745,236.55405209830593,17,236,advanced,fixed_default,17,236,default,"{""gem"": false, ""ewc"": false}",236,232,236,,167772160,ok,device_allocator_enforced,0.0002257309970445931,0.0013229260221123695,0.46844444444444444,0.568125,6.937471268989611,121.11474609375,121.11474609375,"{""gem"": false, ""ewc"": false}",
effectiveness_v3_20260918T140154Z_8551117e,A/splitcifar100/tight/R11/1/default,R11,splitcifar100,1,9,,last_experience,0.14518050136312818,0.05,"{""factor_p"": 0.5015999945386891, ""factor_s"": 0.4976597393120292, ""factor_l"": 0.5816266720899265, ""factor_m"": 0.9999400124469191, ""urge"": 0.14518050136312818}",17.407709769580745,236.55405209830593,17.573397223925998,241.0571187539452,17,241,advanced,,,,,,,,,,,,,0.029828305006958544,0.0,0.4744,0.5374444444444444,7.159446425997885,121.11474609375,121.11474609375,,
effectiveness_v3_20260918T140331Z_47023b0d,A/splitcifar100/tight/F11/1/default,F11,splitcifar100,1,0,,,0.1989919053310571,0.05,"{""factor_p"": 0.49781251395659887, ""factor_s"": 0.46879062662624377, ""factor_l"": 0.8526890779560472, ""factor_m"": 0.9999999564387011, ""urge"": 0.1989919053310571}",16.0,200.0,16.23838704852969,205.9596762132423,16,205,advanced,fixed_advanced,16,205,advanced,"{""gem"": true, ""ewc"": true}",205,200,205,,167772160,ok,device_allocator_enforced,0.0002919819962698966,0.0005208149959798902,0.535,1.0,12.865025968989357,92.20361328125,92.20361328125,"{""gem"": true, ""ewc"": true}",
effectiveness_v3_20260918T140353Z_21d26ae7,A/splitcifar100/tight/S0/1/default,S0,splitcifar100,1,0,skipped,disabled,,,,,,,,,,,,,,,,,,,,,,,,,,,,,,,
effectiveness_v3_20260918T140353Z_21d26ae7,A/splitcifar100/tight/S0/1/default,S0,splitcifar100,1,1,skipped,disabled,,,,,,,,,,,,,,,,,,,,,,,,,,,,,,,
effectiveness_v3_20260918T140353Z_21d26ae7,A/splitcifar100/tight/S0/1/default,S0,splitcifar100,1,2,skipped,disabled,,,,,,,,,,,,,,,,,,,,,,,,,,,,,,,
effectiveness_v3_20260918T140353Z_21d26ae7,A/splitcifar100/tight/S0/1/default,S0,splitcifar100,1,3,skipped,disabled,,,,,,,,,,,,,,,,,,,,,,,,,,,,,,,
effectiveness_v3_20260918T140353Z_21d26ae7,A/splitcifar100/tight/S0/1/default,S0,splitcifar100,1,4,skipped,disabled,,,,,,,,,,,,,,,,,,,,,,,,,,,,,,,
effectiveness_v3_20260918T140353Z_21d26ae7,A/splitcifar100/tight/S0/1/default,S0,splitcifar100,1,5,skipped,disabled,,,,,,,,,,,,,,,,,,,,,,,,,,,,,,,
effectiveness_v3_20260918T140353Z_21d26ae7,A/splitcifar100/tight/S0/1/default,S0,splitcifar100,1,6,skipped,disabled,,,,,,,,,,,,,,,,,,,,,,,,,,,,,,,
effectiveness_v3_20260918T140353Z_21d26ae7,A/splitcifar100/tight/S0/1/default,S0,splitcifar100,1,7,skipped,disabled,,,,,,,,,,,,,,,,,,,,,,,,,,,,,,,
effectiveness_v3_20260918T140353Z_21d26ae7,A/splitcifar100/tight/S0/1/default,S0,splitcifar100,1,8,skipped,disabled,,,,,,,,,,,,,,,,,,,,,,,,,,,,,,,
effectiveness_v3_20260918T140353Z_21d26ae7,A/splitcifar100/tight/S0/1/default,S0,splitcifar100,1,9,skipped,disabled,,,,,,,,,,,,,,,,,,,,,,,,,,,,,,,
effectiveness_v3_20260918T140531Z_c2ff5b17,A/splitcifar100/tight/O00/2/default,O00,splitcifar100,2,0,,,0.0006724412506680417,0.05,"{""factor_p"": 0.5021874860434011, ""factor_s"": 0.46879062662624377, ""factor_l"": 0.0028563376298805, ""factor_m"": 1.0, ""urge"": 0.0006724412506680417}",16.0,200.0,15.921075906001068,198.0268976500267,15,198,default,adaptive,15,198,default,"{""gem"": false, ""ewc"": false}",198,198,198,,167772160,ok,device_allocator_enforced,0.00021356498473323882,0.0016513979935552925,0.465,1.0,6.578581604000647,91.05810546875,91.05810546875,"{""gem"": false, ""ewc"": false}",
effectiveness_v3_20260918T140531Z_c2ff5b17,A/splitcifar100/tight/O00/2/default,O00,splitcifar100,2,1,,,0.0008627343685685255,0.05,"{""factor_p"": 0.503812426114674, ""factor_s"": 0.4767667429566659, ""factor_l"": 0.0035917183300303826, ""factor_m"": 1.0, ""urge"": 0.0008627343685685255}",15.921075906001068,198.0268976500267,15.842844092407931,196.0807975956272,15,196,default,adaptive,15,196,default,"{""gem"": false, ""ewc"": false}",196,196,196,,167772160,ok,device_allocator_enforced,0.0002322410000488162,0.0015639720077160746,0.439,0.872,7.497894546017051,112.2587890625,112.2587890625,"{""gem"": false, ""ewc"": false}",
effectiveness_v3_20260918T140531Z_c2ff5b17,A/splitcifar100/tight/O00/2/default,O00,splitcifar100,2,2,,,0.0009077754396058524,0.05,"{""factor_p"": 0.5060413726420754, ""factor_s"": 0.4850981645818058, ""factor_l"": 0.003697964791900371, ""factor_m"": 1.0, ""urge"": 0.0009077754396058524}",15.842844092407931,196.0807975956272,15.76506804642195,194.15558908611806,15,194,default,adaptive,15,194,default,"{""gem"": false, ""ewc"": false}",194,194,194,,167772160,ok,device_allocator_enforced,0.00021552699035964906,0.0017979909898713231,0.4033333333333333,0.7384999999999999,7.614928609022172,112.2587890625,112.2587890625,"{""gem"": false, ""ewc"": false}",
effectiveness_v3_20260918T140531Z_c2ff5b17,A/splitcifar100/tight/O00/2/default,O00,splitcifar100,2,3,,,0.0009594042400238791,0.05,"{""factor_p"": 0.5045779970656662, ""factor_s"": 0.4897306110500605, ""factor_l"": 0.0038825412104162953, ""factor_m"": 1.0, ""urge"": 0.0009594042400238791}",15.76506804642195,194.15558908611806,15.68775521350264,192.25128793433558,15,192,default,adaptive,15,192,default,"{""gem"": false, ""ewc"": false}",192,192,192,,167772160,ok,device_allocator_enforced,0.00021258401102386415,0.0018455370154697448,0.42674999999999996,0.6643333333333332,7.810498836974148,112.2587890625,112.2587890625,"{""gem"": false, ""ewc"": false}",
effectiveness_v3_20260918T140531Z_c2ff5b17,A/splitcifar100/tight/O00/2/default,O00,splitcifar100,2,4,,,0.0010150844723020424,0.05,"{""factor_p"": 0.5049373395117939, ""factor_s"": 0.49300045729748126, ""factor_l"": 0.004077719752180399, ""factor_m"": 1.0, ""urge"": 0.0010150844723020424}",15.68775521350264,192.25128793433558,15.610908877107377,190.3678053144247,15,190,default,adaptive,15,190,default,"{""gem"": false, ""ewc"": false}",190,190,190,,167772160,ok,device_allocator_enforced,0.00022826800704933703,0.0015075460250955075,0.421,0.612,8.007474901009118,112.2587890625,112.2587890625,"{""gem"": false, ""ewc"": false}",
effectiveness_v3_20260918T140531Z_c2ff5b17,A/splitcifar100/tight/O00/2/default,O00,splitcifar100,2,5,,,0.000936563077862822,0.05,"{""factor_p"": 0.5038436742829179, ""factor_s"": 0.49410027382341587, ""factor_l"": 0.003762063550856181, ""factor_m"": 1.0, ""urge"": 0.000936563077862822}",15.610908877107377,190.3678053144247,15.534316392808458,188.4997855528147,15,188,default,adaptive,15,188,default,"{""gem"": false, ""ewc"": false}",188,188,188,,167772160,ok,device_allocator_enforced,0.00026697199791669846,0.0018661940121091902,0.43850000000000006,0.5944,7.6839260100096,112.2587890625,112.2587890625,"{""gem"": false, ""ewc"": false}",
effectiveness_v3_20260918T140531Z_c2ff5b17,A/splitcifar100/tight/O00/2/default,O00,splitcifar100,2,6,,,0.0008939526444899833,0.05,"{""factor_p"": 0.503910634542016, ""factor_s"": 0.4954688740447938, ""factor_l"": 0.00358050770687159, ""factor_m"": 1.0, ""urge"": 0.0008939526444899833}",15.534316392808458,188.4997855528147,15.458033505166386,186.6484896736427,15,186,default,adaptive,15,186,default,"{""gem"": false, ""ewc"": false}",186,186,186,,167772160,ok,device_allocator_enforced,0.0002477400121279061,0.0015676860057283193,0.43742857142857144,0.5725,7.485345048015006,112.2587890625,112.2587890625,"{""gem"": false, ""ewc"": false}",
effectiveness_v3_20260918T140531Z_c2ff5b17,A/splitcifar100/tight/O00/2/default,O00,splitcifar100,2,7,,,0.0009203844666864558,0.05,"{""factor_p"": 0.5034921307164, ""factor_s"": 0.49471448260733064, ""factor_l"": 0.0036950640337523825, ""factor_m"": 1.0, ""urge"": 0.0009203844666864558}",15.458033505166386,186.6484896736427,15.38216607103292,184.8163624510315,15,184,default,adaptive,15,184,default,"{""gem"": false, ""ewc"": false}",184,184,184,,167772160,ok,device_allocator_enforced,0.00023311999393627048,0.0019909169932361692,0.444125,0.5845714285714285,7.611778051010333,112.2587890625,112.2587890625,"{""gem"": false, ""ewc"": false}",
effectiveness_v3_20260918T140531Z_c2ff5b17,A/splitcifar100/tight/O00/2/default,O00,splitcifar100,2,8,,,0.0009121682974556227,0.05,"{""factor_p"": 0.5026666413830037, ""factor_s"": 0.494843932777259, ""factor_l"": 0.0036671329842925455, ""factor_m"": 1.0, ""urge"": 0.0009121682974556227}",15.38216607103292,184.8163624510315,15.306658353101374,183.00191555185697,15,183,default,adaptive,15,183,default,"{""gem"": false, ""ewc"": false}",183,183,183,,167772160,ok,device_allocator_enforced,0.00022210198221728206,0.0014990369963925332,0.4573333333333333,0.5825,7.581314991984982,112.2587890625,112.2587890625,"{""gem"": false, ""ewc"": false}",
effectiveness_v3_20260918T140531Z_c2ff5b17,A/splitcifar100/tight/O00/2/default,O00,splitcifar100,2,9,,last_experience,0.0008857237790502624,0.05,"{""factor_p"": 0.5020749880878529, ""factor_s"": 0.496277846537799, ""factor_l"": 0.003554715342553399, ""factor_m"": 1.0, ""urge"": 0.0008857237790502624}",15.306658353101374,183.00191555185697,15.231480808463981,181.20431422598162,15,181,default,,,,,,,,,,,,,0.03292626899201423,0.0,0.46679999999999994,0.5595555555555556,7.456323028018232,112.2587890625,112.2587890625,,
effectiveness_v3_20260918T140711Z_a8920eca,A/splitcifar100/tight/O10/2/default,O10,splitcifar100,2,0,,,0.12665112492770506,0.05,"{""factor_p"": 0.5020624883018374, ""factor_s"": 0.46879062662624377, ""factor_l"": 0.5381116046580344, ""factor_m"": 1.0, ""urge"": 0.12665112492770506}",16.0,200.0,16.122641799884327,203.06604499710818,16,203,advanced,adaptive,16,203,advanced,"{""gem"": true, ""ewc"": true}",203,200,203,,167772160,ok,device_allocator_enforced,0.00031266699079424143,0.0003666300035547465,0.467,1.0,6.452598692994798,91.05810546875,91.05810546875,"{""gem"": true, ""ewc"": true}",
effectiveness_v3_20260918T140711Z_a8920eca,A/splitcifar100/tight/O10/2/default,O10,splitcifar100,2,1,,,0.21312164746508414,0.05,"{""factor_p"": 0.5050935737887686, ""factor_s"": 0.47614312896350736, ""factor_l"": 0.886172359737373, ""factor_m"": 1.0, ""urge"": 0.21312164746508414}",16.122641799884327,203.06604499710818,16.38563698907298,209.6909385579376,16,209,advanced,adaptive,16,209,advanced,"{""gem"": true, ""ewc"": true}",209,203,209,,167772160,ok,device_allocator_enforced,0.00021399999968707561,0.0006194539892021567,0.4185,0.8819999999999999,14.05053230500198,116.29345703125,116.29345703125,"{""gem"": true, ""ewc"": true}",
effectiveness_v3_20260918T140741Z_abeddeaf,A/splitcifar100/tight/O01/2/default,O01,splitcifar100,2,0,,,0.0006719325161833342,0.05,"{""factor_p"": 0.5015624949137568, ""factor_s"": 0.46879062662624377, ""factor_l"": 0.0028577333211442465, ""factor_m"": 0.9999999672863582, ""urge"": 0.0006719325161833342}",16.0,200.0,15.921075092025893,198.02687730064733,15,198,default,adaptive,15,198,default,"{""gem"": false, ""ewc"": false}",198,198,198,,167772160,ok,device_allocator_enforced,0.00022754599922336638,0.0018043240124825388,0.475,1.0,6.58054124400951,91.05810546875,91.05810546875,"{""gem"": false, ""ewc"": false}",
effectiveness_v3_20260918T140741Z_abeddeaf,A/splitcifar100/tight/O01/2/default,O01,splitcifar100,2,1,,,0.0009667722542402325,0.05,"{""factor_p"": 0.5040624106062017, ""factor_s"": 0.47876278503372593, ""factor_l"": 0.004006104999867542, ""factor_m"": 0.9999934451759894, ""urge"": 0.0009667722542402325}",15.921075092025893,198.02687730064733,15.843008921931428,196.08489790575447,15,196,default,adaptive,15,196,default,"{""gem"": false, ""ewc"": false}",196,196,196,,167772160,ok,device_allocator_enforced,0.0002617499849293381,0.0018608139944262803,0.435,0.8400000000000001,7.936313278012676,112.2587890625,112.2587890625,"{""gem"": false, ""ewc"": false}",
effectiveness_v3_20260918T140741Z_abeddeaf,A/splitcifar100/tight/O01/2/default,O01,splitcifar100,2,2,,,0.0009584928253674321,0.05,"{""factor_p"": 0.5045832049618765, ""factor_s"": 0.48818969718817623, ""factor_l"": 0.003891081366163847, ""factor_m"": 0.9999934451759894, ""urge"": 0.0009584928253674321}",15.843008921931428,196.08489790575447,15.76531241836016,194.16163812025803,15,194,default,adaptive,15,194,default,"{""gem"": false, ""ewc"": false}",194,194,194,,167772160,ok,device_allocator_enforced,0.00022387001081369817,0.0016702779976185411,0.4266666666666667,0.6890000000000001,7.819321989984019,112.2587890625,112.2587890625,"{""gem"": false, ""ewc"": false}",
effectiveness_v3_20260918T140741Z_abeddeaf,A/splitcifar100/tight/O01/2/default,O01,splitcifar100,2,3,,,0.0009991775406778755,0.05,"{""factor_p"": 0.5037343055642985, ""factor_s"": 0.49077188134717803, ""factor_l"": 0.004041702191585029, ""factor_m"": 0.9999934451759894, ""urge"": 0.0009991775406778755}",15.76531241836016,194.16163812025803,15.68806109087738,192.25882212866966,15,192,default,adaptive,15,192,default,"{""gem"": false, ""ewc"": false}",192,192,192,,167772160,ok,device_allocator_enforced,0.00025851899408735335,0.0018232130096293986,0.44025000000000003,0.6476666666666666,7.971842202998232,112.2587890625,112.2587890625,"{""gem"": false, ""ewc"": false}",
effectiveness_v3_20260918T140741Z_abeddeaf,A/splitcifar100/tight/O01/2/default,O01,splitcifar100,2,4,,,0.0010606108464521803,0.05,"{""factor_p"": 0.5031874568200378, ""factor_s"": 0.4932660321918835, ""factor_l"": 0.004273147603640329, ""factor_m"": 0.9999934451759894, ""urge"": 0.0010606108464521803}",15.68806109087738,192.25882212866966,15.61128467819827,190.37701626579812,15,190,default,adaptive,15,190,default,"{""gem"": false, ""ewc"": false}",190,190,190,,167772160,ok,device_allocator_enforced,0.00022818500292487442,0.0017896759964060038,0.449,0.60775,8.195510896010092,112.2587890625,112.2587890625,"{""gem"": false, ""ewc"": false}",
effectiveness_v3_20260918T140741Z_abeddeaf,A/splitcifar100/tight/O01/2/default,O01,splitcifar100,2,5,,,0.0010507727535283892,0.05,"{""factor_p"": 0.5024791463500382, ""factor_s"": 0.49562511165022655, ""factor_l"": 0.0042192990194114275, ""factor_m"": 0.9999934451759894, ""urge"": 0.0010507727535283892}",15.61128467819827,190.37701626579812,15.534868646066021,188.51325469945817,15,188,default,adaptive,15,188,default,"{""gem"": false, ""ewc"": false}",188,188,188,,167772160,ok,device_allocator_enforced,0.0002841480018105358,0.001557047013193369,0.4603333333333333,0.5700000000000001,8.144567806011764,112.2587890625,112.2587890625,"{""gem"": false, ""ewc"": false}",
effectiveness_v3_20260918T140741Z_abeddeaf,A/splitcifar100/tight/O01/2/default,O01,splitcifar100,2,6,,,0.0010258178746294136,0.05,"{""factor_p"": 0.5027142590518207, ""factor_s"": 0.49664588364686874, ""factor_l"": 0.004108705987628948, ""factor_m"": 0.9999934451759894, ""urge"": 0.0010258178746294136}",15.534868646066021,188.51325469945817,15.458787897429406,186.66679820571864,15,186,default,adaptive,15,186,default,"{""gem"": false, ""ewc"": false}",186,186,186,,167772160,ok,device_allocator_enforced,0.00022969397832639515,0.0023954820062499493,0.4565714285714286,0.5536666666666668,8.03788010001881,112.2587890625,112.2587890625,"{""gem"": false, ""ewc"": false}",
effectiveness_v3_20260918T140741Z_abeddeaf,A/splitcifar100/tight/O01/2/default,O01,splitcifar100,2,7,,,0.0009699799976992386,0.05,"{""factor_p"": 0.5023827944613347, ""factor_s"": 0.49671433300987305, ""factor_l"": 0.003887086238987973, ""factor_m"": 0.9999934451759894, ""urge"": 0.0009699799976992386}",15.458787897429406,186.66679820571864,15.382993429447177,184.83634283576026,15,184,default,adaptive,15,184,default,"{""gem"": false, ""ewc"": false}",184,184,184,,167772160,ok,device_allocator_enforced,0.00030353700276464224,0.001827472005970776,0.46187500000000004,0.5525714285714286,7.815196879004361,112.2587890625,112.2587890625,"{""gem"": false, ""ewc"": false}",
effectiveness_v3_20260918T140741Z_abeddeaf,A/splitcifar100/tight/O01/2/default,O01,splitcifar100,2,8,,,0.0010162608363312264,0.05,"{""factor_p"": 0.5017152710489398, ""factor_s"": 0.49644537238723163, ""factor_l"": 0.004080179310193306, ""factor_m"": 0.9999934451759894, ""urge"": 0.0010162608363312264}",15.382993429447177,184.83634283576026,15.30764177567673,183.0255477946736,15,183,default,adaptive,15,183,default,"{""gem"": false, ""ewc"": false}",183,183,183,,167772160,ok,device_allocator_enforced,0.0002774530148599297,0.001511277019744739,0.47255555555555556,0.556875,8.00989673199365,112.2587890625,112.2587890625,"{""gem"": false, ""ewc"": false}",
effectiveness_v3_20260918T140741Z_abeddeaf,A/splitcifar100/tight/O01/2/default,O01,splitcifar100,2,9,,last_experience,0.0009677159060439846,0.05,"{""factor_p"": 0.501462495829147, ""factor_s"": 0.497750015187377, ""factor_l"": 0.0038770462907887315, ""factor_m"": 0.9999934451759894, ""urge"": 0.0009677159060439846}",15.30764177567673,183.0255477946736,15.23258491164138,181.23071566348952,15,181,default,,,,,,,,,,,,,0.030347749998327345,0.0,0.4766,0.536,7.804811604000861,112.2587890625,112.2587890625,,
effectiveness_v3_20260918T140924Z_0b422fc2,A/splitcifar100/tight/O11/2/default,O11,splitcifar100,2,0,,,0.12855220806865467,0.05,"{""factor_p"": 0.5039999146688512, ""factor_s"": 0.46879062662624377, ""factor_l"": 0.5440892840843357, ""factor_m"": 0.9999999672863582, ""urge"": 0.12855220806865467}",16.0,200.0,16.125683532909846,203.14208832274622,16,203,advanced,adaptive,16,203,advanced,"{""gem"": true, ""ewc"": true}",203,200,203,,167772160,ok,device_allocator_enforced,0.00024867599131539464,0.00028483301866799593,0.436,1.0,6.5488934040185995,91.05810546875,91.05810546875,"{""gem"": true, ""ewc"": true}",
effectiveness_v3_20260918T140924Z_0b422fc2,A/splitcifar100/tight/O11/2/default,O11,splitcifar100,2,1,,,0.21605015082813878,0.05,"{""factor_p"": 0.5051248205257716, ""factor_s"": 0.47888756084642203, ""factor_l"": 0.893161745716369, ""factor_m"": 0.9999820272478264, ""urge"": 0.21605015082813878}",16.125683532909846,203.14208832274622,16.393450751194496,209.88844320385323,16,209,advanced,adaptive,16,209,advanced,"{""gem"": true, ""ewc"": true}",209,203,209,,167772160,ok,device_allocator_enforced,0.0002245929790660739,0.0007585739949718118,0.41800000000000004,0.8380000000000001,14.335434506007005,116.29345703125,116.29345703125,"{""gem"": true, ""ewc"": true}",
effectiveness_v3_20260918T140955Z_ccb483a4,A/splitcifar100/tight/R11/2/default,R11,splitcifar100,2,0,,,0.12576059835500364,0.05,"{""factor_p"": 0.5034999428344538, ""factor_s"": 0.46879062662624377, ""factor_l"": 0.5328025125553923, ""factor_m"": 0.9999999672863582, ""urge"": 0.12576059835500364}",16.0,200.0,16.121216957368006,203.03042393420014,16,203,advanced,fixed_default,16,203,default,"{""gem"": false, ""ewc"": false}",203,200,203,,167772160,ok,device_allocator_enforced,0.0002463890123181045,0.00031317502725869417,0.444,1.0,6.367223062989069,91.05810546875,91.05810546875,"{""gem"": false, ""ewc"": false}",
effectiveness_v3_20260918T140955Z_ccb483a4,A/splitcifar100/tight/R11/2/default,R11,splitcifar100,2,1,,,0.13713649220446422,0.05,"{""factor_p"": 0.5054685319369077, ""factor_s"": 0.4743974116753822, ""factor_l"": 0.5719056769609916, ""factor_m"": 0.9999820272478264, ""urge"": 0.13713649220446422}",16.121216957368006,203.03042393420014,16.261691586941225,206.5686957246824,16,206,advanced,fixed_default,16,206,default,"{""gem"": false, ""ewc"": false}",206,203,206,,167772160,ok,device_allocator_enforced,0.00020396299078129232,0.0004843980132136494,0.4125,0.9099999999999999,7.000150038016727,116.29345703125,116.29345703125,"{""gem"": false, ""ewc"": false}",
effectiveness_v3_20260918T140955Z_ccb483a4,A/splitcifar100/tight/R11/2/default,R11,splitcifar100,2,2,,,0.14598126935728148,0.05,"{""factor_p"": 0.5050623270119764, ""factor_s"": 0.4855040634663887, ""factor_l"": 0.5953427877065041, ""factor_m"": 0.9999820272478264, ""urge"": 0.14598126935728148}",16.261691586941225,206.5686957246824,16.41777336698235,210.53404084970902,16,210,advanced,fixed_default,16,210,default,"{""gem"": false, ""ewc"": false}",210,206,210,,167772160,ok,device_allocator_enforced,0.0002041569969151169,0.0005639629962388426,0.419,0.732,7.38601607401506,116.29345703125,116.29345703125,"{""gem"": false, ""ewc"": false}",
effectiveness_v3_20260918T140955Z_ccb483a4,A/splitcifar100/tight/R11/2/default,R11,splitcifar100,2,3,,,0.1423571888768111,0.05,"{""factor_p"": 0.5035780639203745, ""factor_s"": 0.4921464792793317, ""factor_l"": 0.5744153309592582, ""factor_m"": 0.9999820272478264, ""urge"": 0.1423571888768111}",16.41777336698235,210.53404084970902,16.569403306561455,214.42290728486,16,214,advanced,fixed_default,16,214,default,"{""gem"": false, ""ewc"": false}",214,210,214,,167772160,ok,device_allocator_enforced,0.00026116601657122374,0.0007194910140242428,0.44275,0.6256666666666666,7.041183107008692,116.29345703125,116.29345703125,"{""gem"": false, ""ewc"": false}",
effectiveness_v3_20260918T140955Z_ccb483a4,A/splitcifar100/tight/R11/2/default,R11,splitcifar100,2,4,,,0.15275787089926582,0.05,"{""factor_p"": 0.5026874741191142, ""factor_s"": 0.4933753876732965, ""factor_l"": 0.6159363822699317, ""factor_m"": 0.9999820272478264, ""urge"": 0.15275787089926582}",16.569403306561455,214.42290728486,16.739666967146807,218.82963556978459,16,218,advanced,fixed_default,16,218,default,"{""gem"": false, ""ewc"": false}",218,214,218,,167772160,ok,device_allocator_enforced,0.00022065799566917121,0.0010370370000600815,0.457,0.606,7.730969828000525,116.29345703125,116.29345703125,"{""gem"": false, ""ewc"": false}",
effectiveness_v3_20260918T140955Z_ccb483a4,A/splitcifar100/tight/R11/2/default,R11,splitcifar100,2,5,,,0.14991432542656213,0.05,"{""factor_p"": 0.5017708259292786, ""factor_s"": 0.4957626014507806, ""factor_l"": 0.602659173307138, ""factor_m"": 0.9999820272478264, ""urge"": 0.14991432542656213}",16.739666967146807,218.82963556978459,16.906920220435584,223.2024786540437,16,223,advanced,fixed_default,16,223,default,"{""gem"": false, ""ewc"": false}",223,218,223,,167772160,ok,device_allocator_enforced,0.00028050001128576696,0.0009801569976843894,0.4716666666666667,0.5678,7.507857540011173,116.29345703125,116.29345703125,"{""gem"": false, ""ewc"": false}",
effectiveness_v3_20260918T140955Z_ccb483a4,A/splitcifar100/tight/R11/2/default,R11,splitcifar100,2,6,,,0.15089860903226823,0.05,"{""factor_p"": 0.5021874860434011, ""factor_s"": 0.49683337567216024, ""factor_l"": 0.6048064206664892, ""factor_m"": 0.9999820272478264, ""urge"": 0.15089860903226823}",16.906920220435584,223.2024786540437,17.07750869376173,227.7066425797932,17,227,advanced,fixed_default,17,227,default,"{""gem"": false, ""ewc"": false}",227,223,227,,167772160,ok,device_allocator_enforced,0.0002453339984640479,0.001034527987940237,0.46499999999999997,0.5506666666666666,7.543758824991528,116.29345703125,116.29345703125,"{""gem"": false, ""ewc"": false}",
effectiveness_v3_20260918T140955Z_ccb483a4,A/splitcifar100/tight/R11/2/default,R11,splitcifar100,2,7,,,0.14337529009580074,0.05,"{""factor_p"": 0.5020624883018374, ""factor_s"": 0.49716074480402056, ""factor_l"": 0.5744414351139895, ""factor_m"": 0.9999400124469191, ""urge"": 0.14337529009580074}",17.07750869376173,227.7066425797932,17.236970426601086,231.959077341319,17,231,advanced,fixed_default,17,231,default,"{""gem"": false, ""ewc"": false}",231,227,231,,167772160,ok,device_allocator_enforced,0.00044238902046345174,0.0014507869782391936,0.46699999999999997,0.5454285714285714,7.041610237996792,121.11474609375,121.11474609375,"{""gem"": false, ""ewc"": false}",
effectiveness_v3_20260918T140955Z_ccb483a4,A/splitcifar100/tight/R11/2/default,R11,splitcifar100,2,8,,,0.14386492665783654,0.05,"{""factor_p"": 0.5018749912109869, ""factor_s"": 0.4969219138857885, ""factor_l"": 0.5768956675432398, ""factor_m"": 0.9999400124469191, ""urge"": 0.14386492665783654}",17.236970426601086,231.959077341319,17.39876512309071,236.31364169777143,17,236,advanced,fixed_default,17,236,default,"{""gem"": false, ""ewc"": false}",236,231,236,,167772160,ok,device_allocator_enforced,0.0002252770063932985,0.0011718060122802854,0.47,0.54925,7.081798472994706,121.11474609375,121.11474609375,"{""gem"": false, ""ewc"": false}",
effectiveness_v3_20260918T140955Z_ccb483a4,A/splitcifar100/tight/R11/2/default,R11,splitcifar100,2,9,,last_experience,0.1454086346007383,0.05,"{""factor_p"": 0.5015124953865768, ""factor_s"": 0.49750696510444303, ""factor_l"": 0.5828211803008575, ""factor_m"": 0.9999400124469191, ""urge"": 0.1454086346007383}",17.39876512309071,236.31364169777143,17.56476436550401,240.82291407615395,17,240,advanced,,,,,,,,,,,,,0.032991657993989065,0.0,0.4757999999999999,0.5398888888888889,7.179089785000542,121.11474609375,121.11474609375,,
effectiveness_v3_20260918T141131Z_aba3f441,A/splitcifar100/tight/F11/2/default,F11,splitcifar100,2,0,,,0.20206888779699353,0.05,"{""factor_p"": 0.5029374662039171, ""factor_s"": 0.46879062662624377, ""factor_l"": 0.8570507929093405, ""factor_m"": 0.9999999564387011, ""urge"": 0.20206888779699353}",16.0,200.0,16.24331022047519,206.08275551187972,16,206,advanced,fixed_advanced,16,206,advanced,"{""gem"": true, ""ewc"": true}",206,200,206,,167772160,ok,device_allocator_enforced,0.00021208298858255148,0.0004542039823718369,0.453,1.0,13.00565918997745,92.20361328125,92.20361328125,"{""gem"": true, ""ewc"": true}",
effectiveness_v3_20260918T141153Z_eb488ab7,A/splitcifar100/tight/S0/2/default,S0,splitcifar100,2,0,skipped,disabled,,,,,,,,,,,,,,,,,,,,,,,,,,,,,,,
effectiveness_v3_20260918T141153Z_eb488ab7,A/splitcifar100/tight/S0/2/default,S0,splitcifar100,2,1,skipped,disabled,,,,,,,,,,,,,,,,,,,,,,,,,,,,,,,
effectiveness_v3_20260918T141153Z_eb488ab7,A/splitcifar100/tight/S0/2/default,S0,splitcifar100,2,2,skipped,disabled,,,,,,,,,,,,,,,,,,,,,,,,,,,,,,,
effectiveness_v3_20260918T141153Z_eb488ab7,A/splitcifar100/tight/S0/2/default,S0,splitcifar100,2,3,skipped,disabled,,,,,,,,,,,,,,,,,,,,,,,,,,,,,,,
effectiveness_v3_20260918T141153Z_eb488ab7,A/splitcifar100/tight/S0/2/default,S0,splitcifar100,2,4,skipped,disabled,,,,,,,,,,,,,,,,,,,,,,,,,,,,,,,
effectiveness_v3_20260918T141153Z_eb488ab7,A/splitcifar100/tight/S0/2/default,S0,splitcifar100,2,5,skipped,disabled,,,,,,,,,,,,,,,,,,,,,,,,,,,,,,,
effectiveness_v3_20260918T141153Z_eb488ab7,A/splitcifar100/tight/S0/2/default,S0,splitcifar100,2,6,skipped,disabled,,,,,,,,,,,,,,,,,,,,,,,,,,,,,,,
effectiveness_v3_20260918T141153Z_eb488ab7,A/splitcifar100/tight/S0/2/default,S0,splitcifar100,2,7,skipped,disabled,,,,,,,,,,,,,,,,,,,,,,,,,,,,,,,
effectiveness_v3_20260918T141153Z_eb488ab7,A/splitcifar100/tight/S0/2/default,S0,splitcifar100,2,8,skipped,disabled,,,,,,,,,,,,,,,,,,,,,,,,,,,,,,,
effectiveness_v3_20260918T141153Z_eb488ab7,A/splitcifar100/tight/S0/2/default,S0,splitcifar100,2,9,skipped,disabled,,,,,,,,,,,,,,,,,,,,,,,,,,,,,,,
effectiveness_v3_20260918T141330Z_a81aaf78,A/splitcifar100/tight/S_star/2/default,S_star,splitcifar100,2,0,skipped,disabled,,,,,,,,,,,,,,,,,,,,,,,,,,,,,,,
effectiveness_v3_20260918T141330Z_a81aaf78,A/splitcifar100/tight/S_star/2/default,S_star,splitcifar100,2,1,skipped,disabled,,,,,,,,,,,,,,,,,,,,,,,,,,,,,,,
effectiveness_v3_20260918T141330Z_a81aaf78,A/splitcifar100/tight/S_star/2/default,S_star,splitcifar100,2,2,skipped,disabled,,,,,,,,,,,,,,,,,,,,,,,,,,,,,,,
effectiveness_v3_20260918T141330Z_a81aaf78,A/splitcifar100/tight/S_star/2/default,S_star,splitcifar100,2,3,skipped,disabled,,,,,,,,,,,,,,,,,,,,,,,,,,,,,,,
effectiveness_v3_20260918T141330Z_a81aaf78,A/splitcifar100/tight/S_star/2/default,S_star,splitcifar100,2,4,skipped,disabled,,,,,,,,,,,,,,,,,,,,,,,,,,,,,,,
effectiveness_v3_20260918T141330Z_a81aaf78,A/splitcifar100/tight/S_star/2/default,S_star,splitcifar100,2,5,skipped,disabled,,,,,,,,,,,,,,,,,,,,,,,,,,,,,,,
effectiveness_v3_20260918T141330Z_a81aaf78,A/splitcifar100/tight/S_star/2/default,S_star,splitcifar100,2,6,skipped,disabled,,,,,,,,,,,,,,,,,,,,,,,,,,,,,,,
effectiveness_v3_20260918T141330Z_a81aaf78,A/splitcifar100/tight/S_star/2/default,S_star,splitcifar100,2,7,skipped,disabled,,,,,,,,,,,,,,,,,,,,,,,,,,,,,,,
effectiveness_v3_20260918T141330Z_a81aaf78,A/splitcifar100/tight/S_star/2/default,S_star,splitcifar100,2,8,skipped,disabled,,,,,,,,,,,,,,,,,,,,,,,,,,,,,,,
effectiveness_v3_20260918T141330Z_a81aaf78,A/splitcifar100/tight/S_star/2/default,S_star,splitcifar100,2,9,skipped,disabled,,,,,,,,,,,,,,,,,,,,,,,,,,,,,,,
effectiveness_v3_20260918T141508Z_c5bb9561,B/core50_nc/loose/S0/0/default,S0,core50_nc,0,0,skipped,disabled,,,,,,,,,,,,,,,,,,,,,,,,,,,,,,,
effectiveness_v3_20260918T141508Z_c5bb9561,B/core50_nc/loose/S0/0/default,S0,core50_nc,0,1,skipped,disabled,,,,,,,,,,,,,,,,,,,,,,,,,,,,,,,
effectiveness_v3_20260918T141508Z_c5bb9561,B/core50_nc/loose/S0/0/default,S0,core50_nc,0,2,skipped,disabled,,,,,,,,,,,,,,,,,,,,,,,,,,,,,,,
effectiveness_v3_20260918T141508Z_c5bb9561,B/core50_nc/loose/S0/0/default,S0,core50_nc,0,3,skipped,disabled,,,,,,,,,,,,,,,,,,,,,,,,,,,,,,,
effectiveness_v3_20260918T141508Z_c5bb9561,B/core50_nc/loose/S0/0/default,S0,core50_nc,0,4,skipped,disabled,,,,,,,,,,,,,,,,,,,,,,,,,,,,,,,
effectiveness_v3_20260918T141508Z_c5bb9561,B/core50_nc/loose/S0/0/default,S0,core50_nc,0,5,skipped,disabled,,,,,,,,,,,,,,,,,,,,,,,,,,,,,,,
effectiveness_v3_20260918T141508Z_c5bb9561,B/core50_nc/loose/S0/0/default,S0,core50_nc,0,6,skipped,disabled,,,,,,,,,,,,,,,,,,,,,,,,,,,,,,,
effectiveness_v3_20260918T141508Z_c5bb9561,B/core50_nc/loose/S0/0/default,S0,core50_nc,0,7,skipped,disabled,,,,,,,,,,,,,,,,,,,,,,,,,,,,,,,
effectiveness_v3_20260918T141508Z_c5bb9561,B/core50_nc/loose/S0/0/default,S0,core50_nc,0,8,skipped,disabled,,,,,,,,,,,,,,,,,,,,,,,,,,,,,,,
effectiveness_v3_20260918T141959Z_1d7322eb,B/core50_nc/loose/S_star/0/default,S_star,core50_nc,0,0,skipped,disabled,,,,,,,,,,,,,,,,,,,,,,,,,,,,,,,
effectiveness_v3_20260918T141959Z_1d7322eb,B/core50_nc/loose/S_star/0/default,S_star,core50_nc,0,1,skipped,disabled,,,,,,,,,,,,,,,,,,,,,,,,,,,,,,,
effectiveness_v3_20260918T141959Z_1d7322eb,B/core50_nc/loose/S_star/0/default,S_star,core50_nc,0,2,skipped,disabled,,,,,,,,,,,,,,,,,,,,,,,,,,,,,,,
effectiveness_v3_20260918T141959Z_1d7322eb,B/core50_nc/loose/S_star/0/default,S_star,core50_nc,0,3,skipped,disabled,,,,,,,,,,,,,,,,,,,,,,,,,,,,,,,
effectiveness_v3_20260918T141959Z_1d7322eb,B/core50_nc/loose/S_star/0/default,S_star,core50_nc,0,4,skipped,disabled,,,,,,,,,,,,,,,,,,,,,,,,,,,,,,,
effectiveness_v3_20260918T141959Z_1d7322eb,B/core50_nc/loose/S_star/0/default,S_star,core50_nc,0,5,skipped,disabled,,,,,,,,,,,,,,,,,,,,,,,,,,,,,,,
effectiveness_v3_20260918T141959Z_1d7322eb,B/core50_nc/loose/S_star/0/default,S_star,core50_nc,0,6,skipped,disabled,,,,,,,,,,,,,,,,,,,,,,,,,,,,,,,
effectiveness_v3_20260918T141959Z_1d7322eb,B/core50_nc/loose/S_star/0/default,S_star,core50_nc,0,7,skipped,disabled,,,,,,,,,,,,,,,,,,,,,,,,,,,,,,,
effectiveness_v3_20260918T141959Z_1d7322eb,B/core50_nc/loose/S_star/0/default,S_star,core50_nc,0,8,skipped,disabled,,,,,,,,,,,,,,,,,,,,,,,,,,,,,,,
effectiveness_v3_20260918T142454Z_e358987c,B/core50_nc/loose/O11/0/default,O11,core50_nc,0,0,,,0.2311768062948127,0.05,"{""factor_p"": 0.499238992025419, ""factor_s"": 0.46879062662624377, ""factor_l"": 0.9877722986581161, ""factor_m"": 1.0, ""urge"": 0.2311768062948127}",16.0,200.0,16.289882890071702,207.2470722517925,16,207,advanced,adaptive,16,207,advanced,"{""gem"": true, ""ewc"": true}",207,200,207,,335544320,ok,device_allocator_enforced,0.00022404600167647004,0.00030707402038387954,0.5121761369954408,1.0,33.43868348101387,91.03076171875,91.03076171875,"{""gem"": true, ""ewc"": true}",
effectiveness_v3_20260918T142454Z_e358987c,B/core50_nc/loose/O11/0/default,O11,core50_nc,0,1,,,0.23636240991179155,0.05,"{""factor_p"": 0.49367920398358317, ""factor_s"": 0.4807896509811493, ""factor_l"": 0.9958145448742761, ""factor_m"": 1.0, ""urge"": 0.23636240991179155}",16.289882890071702,207.2470722517925,16.593465073329163,214.97168501819394,16,214,advanced,adaptive,16,214,advanced,"{""gem"": true, ""ewc"": true}",214,207,214,,335544320,ok,device_allocator_enforced,0.00021737001952715218,0.0006657500052824616,0.6011381241150731,0.8075169576337151,37.759472945006564,116.2509765625,116.2509765625,"{""gem"": true, ""ewc"": true}",
effectiveness_v3_20260918T142454Z_e358987c,B/core50_nc/loose/O11/0/default,O11,core50_nc,0,2,,,0.2414869490073291,0.05,"{""factor_p"": 0.49809610588215025, ""factor_s"": 0.4848424552132445, ""factor_l"": 0.999953664650256, ""factor_m"": 1.0, ""urge"": 0.2414869490073291}",16.593465073329163,214.97168501819394,16.91120827336431,223.20453943561364,16,223,advanced,adaptive,16,223,advanced,"{""gem"": true, ""ewc"": true}",223,214,223,,335544320,ok,device_allocator_enforced,0.00025623099645599723,0.0020340180199127644,0.5304624531137524,0.742595050136016,55.789926815981744,148.1484375,148.1484375,"{""gem"": true, ""ewc"": true}",
effectiveness_v3_20260918T142454Z_e358987c,B/core50_nc/loose/O11/0/default,O11,core50_nc,0,3,,,0.24057093550698797,0.05,"{""factor_p"": 0.49873030748966435, ""factor_s"": 0.48236719776267734, ""factor_l"": 0.9999991463809038, ""factor_m"": 1.0, ""urge"": 0.24057093550698797}",16.91120827336431,223.20453943561364,17.233486751485167,231.71179901354392,17,231,advanced,adaptive,17,231,advanced,"{""gem"": true, ""ewc"": true}",231,223,231,,335544320,ok,device_allocator_enforced,0.00022841600002720952,0.00216677799471654,0.5203151238326436,0.7822418792070657,71.76681023201672,152.85546875,152.85546875,"{""gem"": true, ""ewc"": true}",
effectiveness_v3_20260918T142454Z_e358987c,B/core50_nc/loose/O11/0/default,O11,core50_nc,0,4,,,0.25246935463043957,0.05,"{""factor_p"": 0.505234052611161, ""factor_s"": 0.4997077165115744, ""factor_l"": 0.9999999995889703, ""factor_m"": 1.0, ""urge"": 0.25246935463043957}",17.233486751485167,231.71179901354392,17.58241204554571,241.09470669484998,17,241,advanced,adaptive,17,241,advanced,"{""gem"": true, ""ewc"": true}",241,231,241,,335544320,ok,device_allocator_enforced,0.0002175650151912123,0.0027020369889214635,0.4162520990661148,0.5046765363474965,102.32111380199785,155.80517578125,155.80517578125,"{""gem"": true, ""ewc"": true}",
effectiveness_v3_20260918T142454Z_e358987c,B/core50_nc/loose/O11/0/default,O11,core50_nc,0,5,,,0.25148074513643937,0.05,"{""factor_p"": 0.5095690346471217, ""factor_s"": 0.4935165365983744, ""factor_l"": 0.9999999999984683, ""factor_m"": 1.0, ""urge"": 0.25148074513643937}",17.58241204554571,241.09470669484998,17.936663793568954,250.80989492551592,17,250,advanced,adaptive,17,250,advanced,"{""gem"": true, ""ewc"": true}",250,241,250,,335544320,ok,device_allocator_enforced,0.0002365830005146563,0.002690712979529053,0.34687674922176237,0.6037412290779973,124.69019002499408,160.888671875,160.888671875,"{""gem"": true, ""ewc"": true}",
effectiveness_v3_20260918T142454Z_e358987c,B/core50_nc/loose/O11/0/default,O11,core50_nc,0,6,,,0.25089296847086023,0.05,"{""factor_p"": 0.5126646075558025, ""factor_s"": 0.4893900705707654, ""factor_l"": 0.9999999999999694, ""factor_m"": 1.0, ""urge"": 0.25089296847086023}",17.936663793568954,250.80989492551592,18.296998756964342,260.8870837882062,18,260,advanced,adaptive,18,260,advanced,"{""gem"": true, ""ewc"": true}",260,250,260,,335544320,ok,device_allocator_enforced,0.00024004600709304214,0.003604232013458386,0.29732292790436776,0.6697843575649978,140.3333239989879,164.72802734375,164.72802734375,"{""gem"": true, ""ewc"": true}",
effectiveness_v3_20260918T142454Z_e358987c,B/core50_nc/loose/O11/0/default,O11,core50_nc,0,7,,,0.25051140102795594,0.05,"{""factor_p"": 0.5149856628513724, ""factor_s"": 0.48644344706787634, ""factor_l"": 0.9999999999999967, ""factor_m"": 1.0, ""urge"": 0.25051140102795594}",18.296998756964342,260.8870837882062,18.663874442500912,271.3492507243004,18,271,advanced,adaptive,18,271,advanced,"{""gem"": true, ""ewc"": true}",271,260,271,,335544320,ok,device_allocator_enforced,0.00023580502602271736,0.0033501110156066716,0.2601575619163218,0.716958020769998,149.34347098498256,169.1376953125,169.1376953125,"{""gem"": true, ""ewc"": true}",
effectiveness_v3_20260918T142454Z_e358987c,B/core50_nc/loose/O11/0/default,O11,core50_nc,0,8,,last_experience,0.25024756908210627,0.05,"{""factor_p"": 0.5167904864003311, ""factor_s"": 0.4842340864770725, ""factor_l"": 1.0, ""factor_m"": 1.0, ""urge"": 0.25024756908210627}",18.663874442500912,271.3492507243004,19.03761399117736,282.2166562902588,19,282,advanced,,,,,,,,,,,,,0.029999538004631177,0.0,0.23125116614784158,0.7523382681737483,165.37982644399744,172.8056640625,172.8056640625,,
effectiveness_v3_20260918T144127Z_d92f4f45,B/core50_nc/loose/R11/0/default,R11,core50_nc,0,0,,,0.2313904898153382,0.05,"{""factor_p"": 0.5009834024904367, ""factor_s"": 0.46879062662624377, ""factor_l"": 0.9852427504589556, ""factor_m"": 1.0, ""urge"": 0.2313904898153382}",16.0,200.0,16.29022478370454,207.25561959261353,16,207,advanced,fixed_default,16,207,default,"{""gem"": false, ""ewc"": false}",207,200,207,,335544320,ok,device_allocator_enforced,0.00021528700017370284,0.00026068498846143484,0.48426553986433896,1.0,32.67630498899962,91.03076171875,91.03076171875,"{""gem"": false, ""ewc"": false}",
effectiveness_v3_20260918T144127Z_d92f4f45,B/core50_nc/loose/R11/0/default,R11,core50_nc,0,1,,,0.17158195548096836,0.05,"{""factor_p"": 0.4944192139607488, ""factor_s"": 0.47953370908496185, ""factor_l"": 0.7236975988810253, ""factor_m"": 1.0, ""urge"": 0.17158195548096836}",16.29022478370454,207.25561959261353,16.488284522147275,212.29532829551147,16,212,advanced,fixed_default,16,212,default,"{""gem"": false, ""ewc"": false}",212,207,212,,335544320,ok,device_allocator_enforced,0.00025570299476385117,0.00047996299690566957,0.5892962849488547,0.8276437228955854,19.72320139000658,116.2509765625,116.2509765625,"{""gem"": false, ""ewc"": false}",
effectiveness_v3_20260918T144127Z_d92f4f45,B/core50_nc/loose/R11/0/default,R11,core50_nc,0,2,,,0.16219306504193398,0.05,"{""factor_p"": 0.49929321082012346, ""factor_s"": 0.4840060150724021, ""factor_l"": 0.6711596845673913, ""factor_m"": 1.0, ""urge"": 0.16219306504193398}",16.488284522147275,212.29532829551147,16.673271639929595,217.0589410106229,16,217,advanced,fixed_default,16,217,default,"{""gem"": false, ""ewc"": false}",217,212,217,,335544320,ok,device_allocator_enforced,0.00020718600717373192,0.004091869981493801,0.5113086344103476,0.7559910952864464,18.725429859012365,116.2509765625,116.2509765625,"{""gem"": false, ""ewc"": false}",
effectiveness_v3_20260918T144127Z_d92f4f45,B/core50_nc/loose/R11/0/default,R11,core50_nc,0,3,,,0.17858927829373572,0.05,"{""factor_p"": 0.4965365806726284, ""factor_s"": 0.48809666526321793, ""factor_l"": 0.7368825844828516, ""factor_m"": 1.0, ""urge"": 0.17858927829373572}",16.673271639929595,217.0589410106229,16.88767203662699,222.64123152497461,16,222,advanced,fixed_default,16,222,default,"{""gem"": false, ""ewc"": false}",222,217,222,,335544320,ok,device_allocator_enforced,0.00020734299323521554,0.0016052690043579787,0.5554155955495812,0.690489348318718,19.991003320988966,116.2509765625,116.2509765625,"{""gem"": false, ""ewc"": false}",
effectiveness_v3_20260918T144127Z_d92f4f45,B/core50_nc/loose/R11/0/default,R11,core50_nc,0,4,,,0.15993757962385086,0.05,"{""factor_p"": 0.49759590541594484, ""factor_s"": 0.49271659581561095, ""factor_l"": 0.6523437876345733, ""factor_m"": 1.0, ""urge"": 0.15993757962385086}",16.88767203662699,222.64123152497461,17.073331015545808,227.53655914864044,17,227,advanced,fixed_default,17,227,default,"{""gem"": false, ""ewc"": false}",227,222,227,,335544320,ok,device_allocator_enforced,0.0002032589982263744,0.0020015740010421723,0.5384658097729983,0.6165427105566734,18.389121017011348,116.2509765625,116.2509765625,"{""gem"": false, ""ewc"": false}",
effectiveness_v3_20260918T144127Z_d92f4f45,B/core50_nc/loose/R11/0/default,R11,core50_nc,0,5,,,0.1336887939144657,0.05,"{""factor_p"": 0.49684152182797475, ""factor_s"": 0.4941623474099759, ""factor_l"": 0.5445120192466586, ""factor_m"": 1.0, ""urge"": 0.1336887939144657}",17.073331015545808,227.53655914864044,17.216215663625153,231.34501118995988,17,231,advanced,fixed_default,17,231,default,"{""gem"": false, ""ewc"": false}",231,227,231,,335544320,ok,device_allocator_enforced,0.00024413899518549442,0.002009074989473447,0.55053632295898,0.5934066857687734,16.58577332898858,121.07177734375,121.07177734375,"{""gem"": false, ""ewc"": false}",
effectiveness_v3_20260918T144127Z_d92f4f45,B/core50_nc/loose/R11/0/default,R11,core50_nc,0,6,,,0.1619512018686586,0.05,"{""factor_p"": 0.49615758273362615, ""factor_s"": 0.4957054313632112, ""factor_l"": 0.658477386372184, ""factor_m"": 1.0, ""urge"": 0.1619512018686586}",17.216215663625153,231.34501118995988,17.40895326714244,236.52488159976673,17,236,advanced,fixed_default,17,236,default,"{""gem"": false, ""ewc"": false}",236,231,236,,335544320,ok,device_allocator_enforced,0.00021477698464877903,0.0023299820022657514,0.5614798865470743,0.5687147879936088,18.497755718999542,121.07177734375,121.07177734375,"{""gem"": false, ""ewc"": false}",
effectiveness_v3_20260918T144127Z_d92f4f45,B/core50_nc/loose/R11/0/default,R11,core50_nc,0,7,,,0.16737081791910574,0.05,"{""factor_p"": 0.49473006790887425, ""factor_s"": 0.4972571252625046, ""factor_l"": 0.6803469114165984, ""factor_m"": 1.0, ""urge"": 0.16737081791910574}",17.40895326714244,236.52488159976673,17.61328357555044,242.07710536208359,17,242,advanced,fixed_default,17,242,default,"{""gem"": false, ""ewc"": false}",242,236,242,,335544320,ok,device_allocator_enforced,0.00018960199668072164,0.0021929909999016672,0.5843220359600068,0.5438864360348424,18.89315667198389,121.07177734375,121.07177734375,"{""gem"": false, ""ewc"": false}",
effectiveness_v3_20260918T144127Z_d92f4f45,B/core50_nc/loose/R11/0/default,R11,core50_nc,0,8,,last_experience,0.16012750246989169,0.05,"{""factor_p"": 0.49323252241480736, ""factor_s"": 0.501326820486996, ""factor_l"": 0.6475797880869916, ""factor_m"": 1.0, ""urge"": 0.16012750246989169}",17.61328357555044,242.07710536208359,17.807254268597376,247.40897476581702,17,247,advanced,,,,,,,,,,,,,0.04308612900786102,0.0,0.6082862541866727,0.4787708223773576,18.305361636012094,121.07177734375,121.07177734375,,
effectiveness_v3_20260918T144620Z_be1c54a2,B/core50_nc/loose/F11/0/default,F11,core50_nc,0,0,,,0.2353638392294624,0.05,"{""factor_p"": 0.5020675685554448, ""factor_s"": 0.46879062662624377, ""factor_l"": 0.9999968948497265, ""factor_m"": 1.0, ""urge"": 0.2353638392294624}",16.0,200.0,16.29658214276714,207.41455356917848,16,207,advanced,fixed_advanced,16,207,advanced,"{""gem"": true, ""ewc"": true}",207,200,207,,335544320,ok,device_allocator_enforced,0.00022059198818169534,0.0004548050055745989,0.4669187145557656,1.0,66.60147194800084,92.2099609375,92.2099609375,"{""gem"": true, ""ewc"": true}",
effectiveness_v3_20260918T144620Z_be1c54a2,B/core50_nc/loose/F11/0/default,F11,core50_nc,0,1,,,0.23562216099944283,0.05,"{""factor_p"": 0.49510027071149754, ""factor_s"": 0.4759408395601682, ""factor_l"": 0.9999309216715369, ""factor_m"": 1.0, ""urge"": 0.23562216099944283}",16.29658214276714,207.41455356917848,16.599082822191676,215.1147011004276,16,215,advanced,fixed_advanced,16,215,advanced,"{""gem"": true, ""ewc"": true}",215,207,215,,335544320,ok,device_allocator_enforced,0.00021388899767771363,0.0007833429845049977,0.5783981781900074,0.8852440787278995,54.19249226801912,148.1484375,148.1484375,"{""gem"": true, ""ewc"": true}",
effectiveness_v3_20260918T144620Z_be1c54a2,B/core50_nc/loose/F11/0/default,F11,core50_nc,0,2,,,0.2402835215390416,0.05,"{""factor_p"": 0.5013121099338129, ""factor_s"": 0.47930989549407865, ""factor_l"": 0.9999986121279338, ""factor_m"": 1.0, ""urge"": 0.2402835215390416}",16.599082822191676,215.1147011004276,16.91493601556416,223.30125767246915,16,223,advanced,fixed_advanced,16,223,advanced,"{""gem"": true, ""ewc"": true}",223,215,223,,335544320,ok,device_allocator_enforced,0.00021233301959000528,0.0020885179983451962,0.4790061928674123,0.8312308164043546,69.82264051699894,152.85546875,152.85546875,"{""gem"": true, ""ewc"": true}",
effectiveness_v3_20260918T144620Z_be1c54a2,B/core50_nc/loose/F11/0/default,F11,core50_nc,0,3,,,0.23942207932219137,0.05,"{""factor_p"": 0.501410090875267, ""factor_s"": 0.47749754345275836, ""factor_l"": 0.9999999693713597, ""factor_m"": 1.0, ""urge"": 0.23942207932219137}",16.91493601556416,223.30125767246915,17.235342250731158,231.76089538118507,17,231,advanced,fixed_advanced,17,231,advanced,"{""gem"": true, ""ewc"": true}",231,223,231,,335544320,ok,device_allocator_enforced,0.00023233299725688994,0.002220981987193227,0.4774384861818301,0.860282680190948,85.07701170200016,155.78125,155.78125,"{""gem"": true, ""ewc"": true}",
effectiveness_v3_20260918T144620Z_be1c54a2,B/core50_nc/loose/F11/0/default,F11,core50_nc,0,4,,,0.2521808245939838,0.05,"{""factor_p"": 0.5073775402269661, ""factor_s"": 0.49702796162858215, ""factor_l"": 0.9999999999954432, ""factor_m"": 1.0, ""urge"": 0.2521808245939838}",17.235342250731158,231.76089538118507,17.583807821572393,241.13241716854665,17,241,advanced,fixed_advanced,17,241,advanced,"{""gem"": true, ""ewc"": true}",241,231,241,,335544320,ok,device_allocator_enforced,0.00018417599494569004,0.002698128984775394,0.3819507889454641,0.5475531739983099,120.32934657999431,160.888671875,160.888671875,"{""gem"": true, ""ewc"": true}",
effectiveness_v3_20260918T144620Z_be1c54a2,B/core50_nc/loose/F11/0/default,F11,core50_nc,0,5,,,0.2512660319014631,0.05,"{""factor_p"": 0.5113547771616994, ""factor_s"": 0.49137319748167557, ""factor_l"": 0.9999999999999569, ""factor_m"": 1.0, ""urge"": 0.2512660319014631}",17.583807821572393,241.13241716854665,17.93771014416897,250.838770121811,17,250,advanced,fixed_advanced,17,250,advanced,"{""gem"": true, ""ewc"": true}",250,241,250,,335544320,ok,device_allocator_enforced,0.0002108240150846541,0.002840897999703884,0.31829232412122005,0.638042539198648,138.97800582501804,164.72802734375,164.72802734375,"{""gem"": true, ""ewc"": true}",
effectiveness_v3_20260918T144620Z_be1c54a2,B/core50_nc/loose/F11/0/default,F11,core50_nc,0,6,,,0.25072369887925366,0.05,"{""factor_p"": 0.5141948101153769, ""factor_s"": 0.48760449142416556, ""factor_l"": 0.9999999999999996, ""factor_m"": 1.0, ""urge"": 0.25072369887925366}",17.93771014416897,250.838770121811,18.29776249712512,260.90862727404556,18,260,advanced,fixed_advanced,18,260,advanced,"{""gem"": true, ""ewc"": true}",260,250,260,,335544320,ok,device_allocator_enforced,0.00020565700833685696,0.0058303429977968335,0.2728219921039029,0.69836878266554,156.5585244540125,169.11376953125,169.11376953125,"{""gem"": true, ""ewc"": true}",
effectiveness_v3_20260918T144620Z_be1c54a2,B/core50_nc/loose/F11/0/default,F11,core50_nc,0,7,,,0.25037254239168605,0.05,"{""factor_p"": 0.516324243461837, ""factor_s"": 0.48491339611131734, ""factor_l"": 1.0, ""factor_m"": 1.0, ""urge"": 0.25037254239168605}",18.29776249712512,260.90862727404556,18.664399416287942,271.3644122698106,18,271,advanced,fixed_advanced,18,271,advanced,"{""gem"": true, ""ewc"": true}",271,260,271,,335544320,ok,device_allocator_enforced,0.00019160198280587792,0.006207177008036524,0.23871924309091505,0.7414589565704628,163.96055416497984,172.8056640625,172.8056640625,"{""gem"": true, ""ewc"": true}",
effectiveness_v3_20260918T144620Z_be1c54a2,B/core50_nc/loose/F11/0/default,F11,core50_nc,0,8,,last_experience,0.2501303143542122,0.05,"{""factor_p"": 0.5179800636184605, ""factor_s"": 0.4828956400500696, ""factor_l"": 1.0, ""factor_m"": 0.9999999999999998, ""urge"": 0.2501303143542122}",18.664399416287942,271.3644122698106,19.03793062852937,282.22606129623125,19,282,advanced,,,,,,,,,,,,,0.0526996289845556,0.0,0.21219488274748005,0.773776586999155,182.4654941020126,176.74560546875,176.74560546875,,
effectiveness_v3_20260918T150530Z_e016f976,B/core50_nc/loose/S_star/1/default,S_star,core50_nc,1,0,skipped,disabled,,,,,,,,,,,,,,,,,,,,,,,,,,,,,,,
effectiveness_v3_20260918T150530Z_e016f976,B/core50_nc/loose/S_star/1/default,S_star,core50_nc,1,1,skipped,disabled,,,,,,,,,,,,,,,,,,,,,,,,,,,,,,,
effectiveness_v3_20260918T150530Z_e016f976,B/core50_nc/loose/S_star/1/default,S_star,core50_nc,1,2,skipped,disabled,,,,,,,,,,,,,,,,,,,,,,,,,,,,,,,
effectiveness_v3_20260918T150530Z_e016f976,B/core50_nc/loose/S_star/1/default,S_star,core50_nc,1,3,skipped,disabled,,,,,,,,,,,,,,,,,,,,,,,,,,,,,,,
effectiveness_v3_20260918T150530Z_e016f976,B/core50_nc/loose/S_star/1/default,S_star,core50_nc,1,4,skipped,disabled,,,,,,,,,,,,,,,,,,,,,,,,,,,,,,,
effectiveness_v3_20260918T150530Z_e016f976,B/core50_nc/loose/S_star/1/default,S_star,core50_nc,1,5,skipped,disabled,,,,,,,,,,,,,,,,,,,,,,,,,,,,,,,
effectiveness_v3_20260918T150530Z_e016f976,B/core50_nc/loose/S_star/1/default,S_star,core50_nc,1,6,skipped,disabled,,,,,,,,,,,,,,,,,,,,,,,,,,,,,,,
effectiveness_v3_20260918T150530Z_e016f976,B/core50_nc/loose/S_star/1/default,S_star,core50_nc,1,7,skipped,disabled,,,,,,,,,,,,,,,,,,,,,,,,,,,,,,,
effectiveness_v3_20260918T150530Z_e016f976,B/core50_nc/loose/S_star/1/default,S_star,core50_nc,1,8,skipped,disabled,,,,,,,,,,,,,,,,,,,,,,,,,,,,,,,
effectiveness_v3_20260918T151027Z_6f26f3e9,B/core50_nc/loose/O11/1/default,O11,core50_nc,1,0,,,0.2311987863080101,0.05,"{""factor_p"": 0.5001841710135767, ""factor_s"": 0.46879062662624377, ""factor_l"": 0.9859994816798647, ""factor_m"": 1.0, ""urge"": 0.2311987863080101}",16.0,200.0,16.289918058092816,207.2479514523204,16,207,advanced,adaptive,16,207,advanced,"{""gem"": true, ""ewc"": true}",207,200,207,,335544320,ok,device_allocator_enforced,0.0002036849909927696,0.0002771940198726952,0.4970532636495052,1.0,32.88993649100303,91.03076171875,91.03076171875,"{""gem"": true, ""ewc"": true}",
effectiveness_v3_20260918T151027Z_6f26f3e9,B/core50_nc/loose/O11/1/default,O11,core50_nc,1,1,,,0.234361294925138,0.05,"{""factor_p"": 0.49173980595457467, ""factor_s"": 0.47982512064954663, ""factor_l"": 0.9932705116640471, ""factor_m"": 1.0, ""urge"": 0.234361294925138}",16.289918058092816,207.2479514523204,16.59024109683425,214.8896515923868,16,214,advanced,adaptive,16,214,advanced,"{""gem"": true, ""ewc"": true}",214,207,214,,335544320,ok,device_allocator_enforced,0.00020086101721972227,0.0006426299805752933,0.632175130156232,0.8229734237740465,35.84970631098258,116.2509765625,116.2509765625,"{""gem"": true, ""ewc"": true}",
effectiveness_v3_20260918T151027Z_6f26f3e9,B/core50_nc/loose/O11/1/default,O11,core50_nc,1,2,,,0.2398401866425115,0.05,"{""factor_p"": 0.494784558741597, ""factor_s"": 0.4847630877213196, ""factor_l"": 0.9999453673957486, ""factor_m"": 1.0, ""urge"": 0.2398401866425115}",16.59024109683425,214.8896515923868,16.90519054346098,223.0485899055554,16,223,advanced,adaptive,16,223,advanced,"{""gem"": true, ""ewc"": true}",223,214,223,,335544320,ok,device_allocator_enforced,0.00020522301201708615,0.002146093000192195,0.5834500867708213,0.7438661042385333,55.13099087000592,148.1484375,148.1484375,"{""gem"": true, ""ewc"": true}",
effectiveness_v3_20260918T151027Z_6f26f3e9,B/core50_nc/loose/O11/1/default,O11,core50_nc,1,3,,,0.23992908240207328,0.05,"{""factor_p"": 0.4953702785211461, ""factor_s"": 0.484343642468815, ""factor_l"": 0.9999984884404249, ""factor_m"": 1.0, ""urge"": 0.23992908240207328}",16.90519054346098,223.0485899055554,17.226269276236156,231.52127270792312,17,231,advanced,adaptive,17,231,advanced,"{""gem"": true, ""ewc"": true}",231,223,231,,335544320,ok,device_allocator_enforced,0.0002093880029860884,0.0019733420049306005,0.5740776607825451,0.7505836398505457,69.48115897201933,152.85546875,152.85546875,"{""gem"": true, ""ewc"": true}",
effectiveness_v3_20260918T151027Z_6f26f3e9,B/core50_nc/loose/O11/1/default,O11,core50_nc,1,4,,,0.24159566801357527,0.05,"{""factor_p"": 0.4985933428942195, ""factor_s"": 0.48455457033528754, ""factor_l"": 0.9999999378111074, ""factor_m"": 1.0, ""urge"": 0.24159566801357527}",17.226269276236156,231.52127270792312,17.556317133172374,240.39296728868865,17,240,advanced,adaptive,17,240,advanced,"{""gem"": true, ""ewc"": true}",240,231,240,,335544320,ok,device_allocator_enforced,0.00023704601335339248,0.0026473049947526306,0.5225065730704805,0.7472055262158707,82.24404805098311,155.80517578125,155.80517578125,"{""gem"": true, ""ewc"": true}",
effectiveness_v3_20260918T151027Z_6f26f3e9,B/core50_nc/loose/O11/1/default,O11,core50_nc,1,5,,,0.24277726239396316,0.05,"{""factor_p"": 0.5010013924247763, ""factor_s"": 0.48458400880649866, ""factor_l"": 0.9999999968494879, ""factor_m"": 1.0, ""urge"": 0.24277726239396316}",17.556317133172374,240.39296728868865,17.894763008637696,249.66142691522361,17,249,advanced,adaptive,17,249,advanced,"{""gem"": true, ""ewc"": true}",249,240,249,,335544320,ok,device_allocator_enforced,0.00021964800544083118,0.002934008982265368,0.48397769978095595,0.7467340616406245,94.17449380399194,160.888671875,160.888671875,"{""gem"": true, ""ewc"": true}",
effectiveness_v3_20260918T151027Z_6f26f3e9,B/core50_nc/loose/O11/1/default,O11,core50_nc,1,6,,,0.2516289881830738,0.05,"{""factor_p"": 0.5053224221796552, ""factor_s"": 0.4979572984268341, ""factor_l"": 0.9999999999999545, ""factor_m"": 1.0, ""urge"": 0.2516289881830738}",17.894763008637696,249.66142691522361,18.255573304558446,259.7292230946754,18,259,advanced,adaptive,18,259,advanced,"{""gem"": true, ""ewc"": true}",259,249,259,,335544320,ok,device_allocator_enforced,0.00019693499780260026,0.0034637039934750646,0.4148380283836765,0.5326834070058042,138.75540087599074,164.72802734375,164.72802734375,"{""gem"": true, ""ewc"": true}",
effectiveness_v3_20260918T151027Z_6f26f3e9,B/core50_nc/loose/O11/1/default,O11,core50_nc,1,7,,,0.2511207067764134,0.05,"{""factor_p"": 0.5085627080854387, ""factor_s"": 0.49378513757290043, ""factor_l"": 0.9999999999999931, ""factor_m"": 1.0, ""urge"": 0.2511207067764134}",18.255573304558446,259.7292230946754,18.62273068512059,270.1766080785333,18,270,advanced,adaptive,18,270,advanced,"{""gem"": true, ""ewc"": true}",270,259,270,,335544320,ok,device_allocator_enforced,0.00019478698959574103,0.0060717219894286245,0.362983274835717,0.5994429202906892,146.36002045901841,169.1376953125,169.1376953125,"{""gem"": true, ""ewc"": true}",
effectiveness_v3_20260918T151027Z_6f26f3e9,B/core50_nc/loose/O11/1/default,O11,core50_nc,1,8,,last_experience,0.2507659518463971,0.05,"{""factor_p"": 0.5110824471030675, ""factor_s"": 0.49065655310174716, ""factor_l"": 1.0, ""factor_m"": 1.0, ""urge"": 0.2507659518463971}",18.62273068512059,270.1766080785333,18.996611710318327,281.0250608560368,18,281,advanced,,,,,,,,,,,,,0.05339662899496034,0.0,0.3226517998539707,0.649512555254353,165.70352780699614,172.8056640625,172.8056640625,,
effectiveness_v3_20260918T152559Z_d84362b8,B/core50_nc/loose/R11/1/default,R11,core50_nc,1,0,,,0.23011559857447358,0.05,"{""factor_p"": 0.5020814680159339, ""factor_s"": 0.46879062662624377, ""factor_l"": 0.9776714824099164, ""factor_m"": 1.0, ""urge"": 0.23011559857447358}",16.0,200.0,16.288184957719157,207.20462394297897,16,207,advanced,fixed_default,16,207,default,"{""gem"": false, ""ewc"": false}",207,200,207,,335544320,ok,device_allocator_enforced,0.0002336390025448054,0.0003661299997474998,0.46669631935950184,1.0,30.988926697988063,91.03076171875,91.03076171875,"{""gem"": false, ""ewc"": false}",
effectiveness_v3_20260918T152559Z_d84362b8,B/core50_nc/loose/R11/1/default,R11,core50_nc,1,1,,,0.12908337817844243,0.05,"{""factor_p"": 0.49268823014342633, ""factor_s"": 0.4771751929868714, ""factor_l"": 0.5490605961247212, ""factor_m"": 1.0, ""urge"": 0.12908337817844243}",16.288184957719157,207.20462394297897,16.41699742680433,210.48191227009988,16,210,advanced,fixed_default,16,210,default,"{""gem"": false, ""ewc"": false}",210,207,210,,335544320,ok,device_allocator_enforced,0.00034347298787906766,0.000501851987792179,0.6169966580112303,0.8654509062604248,16.659193942003185,116.2509765625,116.2509765625,"{""gem"": false, ""ewc"": false}",
effectiveness_v3_20260918T152559Z_d84362b8,B/core50_nc/loose/R11/1/default,R11,core50_nc,1,2,,,0.10475859619576862,0.05,"{""factor_p"": 0.4970418404315779, ""factor_s"": 0.48834816406849724, ""factor_l"": 0.43158581482583547, ""factor_m"": 1.0, ""urge"": 0.10475859619576862}",16.41699742680433,210.48191227009988,16.506894600088465,212.7870510782022,16,212,advanced,fixed_default,16,212,default,"{""gem"": false, ""ewc"": false}",212,210,212,,335544320,ok,device_allocator_enforced,0.00024181499611586332,0.0020508799934759736,0.5473311053408202,0.6864631334196775,14.770154639001703,116.2509765625,116.2509765625,"{""gem"": false, ""ewc"": false}",
effectiveness_v3_20260918T152559Z_d84362b8,B/core50_nc/loose/R11/1/default,R11,core50_nc,1,3,,,0.14932060971835878,0.05,"{""factor_p"": 0.49459083823203426, ""factor_s"": 0.48810212614198706, ""factor_l"": 0.6185331607183226, ""factor_m"": 1.0, ""urge"": 0.14932060971835878}",16.506894600088465,212.7870510782022,16.670842083712213,217.01387900885393,16,217,advanced,fixed_default,16,217,default,"{""gem"": false, ""ewc"": false}",217,212,217,,335544320,ok,device_allocator_enforced,0.00021056400146335363,0.0015336569922510535,0.5865499648836476,0.6904019247331665,17.804998103005346,116.2509765625,116.2509765625,"{""gem"": false, ""ewc"": false}",
effectiveness_v3_20260918T152559Z_d84362b8,B/core50_nc/loose/R11/1/default,R11,core50_nc,1,4,,,0.18043842791239603,0.05,"{""factor_p"": 0.49628645892852596, ""factor_s"": 0.49500957469190265, ""factor_l"": 0.7344851331065776, ""factor_m"": 1.0, ""urge"": 0.18043842791239603}",16.670842083712213,217.01387900885393,16.888293927049737,222.6752688514711,16,222,advanced,fixed_default,16,222,default,"{""gem"": false, ""ewc"": false}",222,217,222,,335544320,ok,device_allocator_enforced,0.00021746300626546144,0.0021483059972524643,0.5594177496846958,0.5798494564645198,19.941686261008726,116.2509765625,116.2509765625,"{""gem"": false, ""ewc"": false}",
effectiveness_v3_20260918T152559Z_d84362b8,B/core50_nc/loose/R11/1/default,R11,core50_nc,1,5,,,0.16823047291693838,0.05,"{""factor_p"": 0.4957225595210369, ""factor_s"": 0.495498224251777, ""factor_l"": 0.6848948175077146, ""factor_m"": 1.0, ""urge"": 0.16823047291693838}",16.888293927049737,222.6752688514711,17.087965024825273,227.94066932011424,17,227,advanced,fixed_default,17,227,default,"{""gem"": false, ""ewc"": false}",227,222,227,,335544320,ok,device_allocator_enforced,0.00019602800603024662,0.0018464450258761644,0.5684407173298391,0.5720303583685172,18.97712570099975,116.2509765625,116.2509765625,"{""gem"": false, ""ewc"": false}",
effectiveness_v3_20260918T152559Z_d84362b8,B/core50_nc/loose/R11/1/default,R11,core50_nc,1,6,,,0.16333825362428378,0.05,"{""factor_p"": 0.4953236185113979, ""factor_s"": 0.4975143732048413, ""factor_l"": 0.6628163898270097, ""factor_m"": 1.0, ""urge"": 0.16333825362428378}",17.087965024825273,227.94066932011424,17.281637036215926,233.10754879825265,17,233,advanced,fixed_default,17,233,default,"{""gem"": false, ""ewc"": false}",233,227,233,,335544320,ok,device_allocator_enforced,0.00019558399799279869,0.0021843609865754843,0.5748242855994203,0.5397703563444394,18.575172158976784,121.07177734375,121.07177734375,"{""gem"": false, ""ewc"": false}",
effectiveness_v3_20260918T152559Z_d84362b8,B/core50_nc/loose/R11/1/default,R11,core50_nc,1,7,,,0.17159662430272693,0.05,"{""factor_p"": 0.49401950036750536, ""factor_s"": 0.4983878995335335, ""factor_l"": 0.6969428363402421, ""factor_m"": 1.0, ""urge"": 0.17159662430272693}",17.281637036215926,233.10754879825265,17.49177590881881,238.77656700492278,17,238,advanced,fixed_default,17,238,default,"{""gem"": false, ""ewc"": false}",238,233,238,,335544320,ok,device_allocator_enforced,0.00023000899818725884,0.002462628995999694,0.5956925577286742,0.5257936968429266,19.202818370016757,121.07177734375,121.07177734375,"{""gem"": false, ""ewc"": false}",
effectiveness_v3_20260918T152559Z_d84362b8,B/core50_nc/loose/R11/1/default,R11,core50_nc,1,8,,last_experience,0.16790028075980146,0.05,"{""factor_p"": 0.4931641110280161, ""factor_s"": 0.5015328148977198, ""factor_l"": 0.6788293390863477, ""factor_m"": 1.0, ""urge"": 0.16790028075980146}",17.49177590881881,238.77656700492278,17.69800443788254,244.40693186267117,17,244,advanced,,,,,,,,,,,,,0.025693398987641558,0.0,0.6093810389686981,0.47547488480657585,18.865279057004955,121.07177734375,121.07177734375,,
effectiveness_v3_20260918T153047Z_64a88b5a,B/core50_nc/loose/F11/1/default,F11,core50_nc,1,0,,,0.23394036674423646,0.05,"{""factor_p"": 0.4990304971563176, ""factor_s"": 0.46879062662624377, ""factor_l"": 0.9999980647957007, ""factor_m"": 1.0, ""urge"": 0.23394036674423646}",16.0,200.0,16.29430458679078,207.35761466976945,16,207,advanced,fixed_advanced,16,207,advanced,"{""gem"": true, ""ewc"": true}",207,200,207,,335544320,ok,device_allocator_enforced,0.00023216698900796473,0.0004870559787377715,0.5155120649393973,1.0,68.49287346599158,92.2099609375,92.2099609375,"{""gem"": true, ""ewc"": true}",
effectiveness_v3_20260918T153047Z_64a88b5a,B/core50_nc/loose/F11/1/default,F11,core50_nc,1,1,,,0.25484781196458467,0.05,"{""factor_p"": 0.5151356222601563, ""factor_s"": 0.4947217850917291, ""factor_l"": 0.9999960657290086, ""factor_m"": 1.0, ""urge"": 0.25484781196458467}",16.29430458679078,207.35761466976945,16.628089850999636,215.852965401629,16,215,advanced,fixed_advanced,16,215,advanced,"{""gem"": true, ""ewc"": true}",215,207,215,,335544320,ok,device_allocator_enforced,0.00018984198686666787,0.0008335000020451844,0.25775603246969864,0.5844545757811632,65.65481466901838,148.1484375,148.1484375,"{""gem"": true, ""ewc"": true}",
effectiveness_v3_20260918T153047Z_64a88b5a,B/core50_nc/loose/F11/1/default,F11,core50_nc,1,2,,,0.250747060570083,0.05,"{""factor_p"": 0.5204986691217076, ""factor_s"": 0.48174391363428143, ""factor_l"": 0.999999978727395, ""factor_m"": 1.0, ""urge"": 0.250747060570083}",16.628089850999636,215.852965401629,16.961893867047976,224.5193350655716,16,224,advanced,fixed_advanced,16,224,advanced,"{""gem"": true, ""ewc"": true}",224,215,224,,335544320,ok,device_allocator_enforced,0.0001855650043580681,0.002068906993372366,0.1718373549797991,0.7922272878905816,86.53507348100538,152.85546875,152.85546875,"{""gem"": true, ""ewc"": true}",
effectiveness_v3_20260918T153047Z_64a88b5a,B/core50_nc/loose/F11/1/default,F11,core50_nc,1,3,,,0.24977721839391448,0.05,"{""factor_p"": 0.5231784992344523, ""factor_s"": 0.4774225599941915, ""factor_l"": 0.9999999998217737, ""factor_m"": 1.0, ""urge"": 0.24977721839391448}",16.961893867047976,224.5193350655716,17.30075386459314,233.49010471258185,17,233,advanced,fixed_advanced,17,233,advanced,"{""gem"": true, ""ewc"": true}",233,224,233,,335544320,ok,device_allocator_enforced,0.00018658398767001927,0.0020414080063346773,0.12887801623484932,0.861484858593721,105.66356056701625,155.78125,155.78125,"{""gem"": true, ""ewc"": true}",
effectiveness_v3_20260918T153047Z_64a88b5a,B/core50_nc/loose/F11/1/default,F11,core50_nc,1,4,,,0.24941131533448202,0.05,"{""factor_p"": 0.524785766874827, ""factor_s"": 0.47526310940335054, ""factor_l"": 0.9999999999957094, ""factor_m"": 1.0, ""urge"": 0.24941131533448202}",17.30075386459314,233.49010471258185,17.645750473034802,242.80221849224625,17,242,advanced,fixed_advanced,17,242,advanced,"{""gem"": true, ""ewc"": true}",242,233,242,,335544320,ok,device_allocator_enforced,0.0002518140245229006,0.003196304984157905,0.10310241298787945,0.8961136439452908,120.57012347597629,160.888671875,160.888671875,"{""gem"": true, ""ewc"": true}",
effectiveness_v3_20260918T153047Z_64a88b5a,B/core50_nc/loose/F11/1/default,F11,core50_nc,1,5,,,0.24923932416253938,0.05,"{""factor_p"": 0.5258569954944191, ""factor_s"": 0.47396787776535726, ""factor_l"": 0.9999999999999298, ""factor_m"": 1.0, ""urge"": 0.24923932416253938}",17.645750473034802,242.80221849224625,17.997323212893626,252.4773684757583,17,252,advanced,fixed_advanced,17,252,advanced,"{""gem"": true, ""ewc"": true}",252,242,252,,335544320,ok,device_allocator_enforced,0.00019529700512066483,0.00276233401382342,0.08591867748989955,0.9168909151562327,137.01721176499268,164.72802734375,164.72802734375,"{""gem"": true, ""ewc"": true}",
effectiveness_v3_20260918T153047Z_64a88b5a,B/core50_nc/loose/F11/1/default,F11,core50_nc,1,6,,,0.24914728844843595,0.05,"{""factor_p"": 0.526622013677621, ""factor_s"": 0.4731045835105468, ""factor_l"": 0.9999999999999984, ""factor_m"": 1.0, ""urge"": 0.24914728844843595}",17.997323212893626,252.4773684757583,18.355735024611413,262.5334051410671,18,262,advanced,fixed_advanced,18,262,advanced,"{""gem"": true, ""ewc"": true}",262,252,262,,335544320,ok,device_allocator_enforced,0.00019556499319151044,0.003474332974292338,0.07364458070562818,0.9307424292968606,152.24993688098039,169.11376953125,169.11376953125,"{""gem"": true, ""ewc"": true}",
effectiveness_v3_20260918T153047Z_64a88b5a,B/core50_nc/loose/F11/1/default,F11,core50_nc,1,7,,,0.24909366238973457,0.05,"{""factor_p"": 0.5271956954929269, ""factor_s"": 0.4724880429018536, ""factor_l"": 1.0, ""factor_m"": 1.0, ""urge"": 0.24909366238973457}",18.355735024611413,262.5334051410671,18.721186075801956,272.98715256690366,18,272,advanced,fixed_advanced,18,272,advanced,"{""gem"": true, ""ewc"": true}",272,262,272,,335544320,ok,device_allocator_enforced,0.00021478699636645615,0.003626166988397017,0.06443900811742466,0.9406363679687376,163.95188559498638,172.8056640625,172.8056640625,"{""gem"": true, ""ewc"": true}",
effectiveness_v3_20260918T153047Z_64a88b5a,B/core50_nc/loose/F11/1/default,F11,core50_nc,1,8,,last_experience,0.2490605062343401,0.05,"{""factor_p"": 0.5276418428933797, ""factor_s"": 0.47202569240640696, ""factor_l"": 1.0, ""factor_m"": 0.9999999999999998, ""urge"": 0.2490605062343401}",18.721186075801956,272.98715256690366,19.0938509535576,283.85534472399144,19,283,advanced,,,,,,,,,,,,,0.029383239976596087,0.0,0.057279118326599696,0.9480568219726454,181.85924103698926,176.74560546875,176.74560546875,,
effectiveness_v3_20260918T155041Z_f5333308,B/core50_nc/loose/S0/1/default,S0,core50_nc,1,0,skipped,disabled,,,,,,,,,,,,,,,,,,,,,,,,,,,,,,,
effectiveness_v3_20260918T155041Z_f5333308,B/core50_nc/loose/S0/1/default,S0,core50_nc,1,1,skipped,disabled,,,,,,,,,,,,,,,,,,,,,,,,,,,,,,,
effectiveness_v3_20260918T155041Z_f5333308,B/core50_nc/loose/S0/1/default,S0,core50_nc,1,2,skipped,disabled,,,,,,,,,,,,,,,,,,,,,,,,,,,,,,,
effectiveness_v3_20260918T155041Z_f5333308,B/core50_nc/loose/S0/1/default,S0,core50_nc,1,3,skipped,disabled,,,,,,,,,,,,,,,,,,,,,,,,,,,,,,,
effectiveness_v3_20260918T155041Z_f5333308,B/core50_nc/loose/S0/1/default,S0,core50_nc,1,4,skipped,disabled,,,,,,,,,,,,,,,,,,,,,,,,,,,,,,,
effectiveness_v3_20260918T155041Z_f5333308,B/core50_nc/loose/S0/1/default,S0,core50_nc,1,5,skipped,disabled,,,,,,,,,,,,,,,,,,,,,,,,,,,,,,,
effectiveness_v3_20260918T155041Z_f5333308,B/core50_nc/loose/S0/1/default,S0,core50_nc,1,6,skipped,disabled,,,,,,,,,,,,,,,,,,,,,,,,,,,,,,,
effectiveness_v3_20260918T155041Z_f5333308,B/core50_nc/loose/S0/1/default,S0,core50_nc,1,7,skipped,disabled,,,,,,,,,,,,,,,,,,,,,,,,,,,,,,,
effectiveness_v3_20260918T155041Z_f5333308,B/core50_nc/loose/S0/1/default,S0,core50_nc,1,8,skipped,disabled,,,,,,,,,,,,,,,,,,,,,,,,,,,,,,,
effectiveness_v3_20260918T155534Z_4df370ae,B/core50_nc/loose/O11/2/default,O11,core50_nc,2,0,,,0.22887052636295405,0.05,"{""factor_p"": 0.49687608312624376, ""factor_s"": 0.46879062662624377, ""factor_l"": 0.9825685434323522, ""factor_m"": 1.0, ""urge"": 0.22887052636295405}",16.0,200.0,16.286192842180725,207.15482105451818,16,207,advanced,adaptive,16,207,advanced,"{""gem"": true, ""ewc"": true}",207,200,207,,335544320,ok,device_allocator_enforced,0.0002167040074709803,0.00030202799825929105,0.5499833203602802,1.0,31.99926531399251,91.03076171875,91.03076171875,"{""gem"": true, ""ewc"": true}",
effectiveness_v3_20260918T155534Z_4df370ae,B/core50_nc/loose/O11/2/default,O11,core50_nc,2,1,,,0.23458591829023634,0.05,"{""factor_p"": 0.49076735222044227, ""factor_s"": 0.4849407563881629, ""factor_l"": 0.9856837327004065, ""factor_m"": 1.0, ""urge"": 0.23458591829023634}",16.286192842180725,207.15482105451818,16.586813028303304,214.80239362903777,16,214,advanced,adaptive,16,214,advanced,"{""gem"": true, ""ewc"": true}",214,207,214,,335544320,ok,device_allocator_enforced,0.000240592984482646,0.0007965830154716969,0.6477391573992725,0.7410207939508506,32.79944690698176,116.2509765625,116.2509765625,"{""gem"": true, ""ewc"": true}",
effectiveness_v3_20260918T155534Z_4df370ae,B/core50_nc/loose/O11/2/default,O11,core50_nc,2,2,,,0.24015001969470293,0.05,"{""factor_p"": 0.4960665051476446, ""factor_s"": 0.48413394013052213, ""factor_l"": 0.9999474855471282, ""factor_m"": 1.0, ""urge"": 0.24015001969470293}",16.586813028303304,214.80239362903777,16.902211310703727,222.97132950484394,16,222,advanced,adaptive,16,222,advanced,"{""gem"": true, ""ewc"": true}",222,214,222,,335544320,ok,device_allocator_enforced,0.00019387100473977625,0.004554943996481597,0.5629372160439594,0.7539422146034482,55.28916905299411,148.1484375,148.1484375,"{""gem"": true, ""ewc"": true}",
effectiveness_v3_20260918T155534Z_4df370ae,B/core50_nc/loose/O11/2/default,O11,core50_nc,2,3,,,0.24132270320189741,0.05,"{""factor_p"": 0.4984913009875718, ""factor_s"": 0.4841066620671426, ""factor_l"": 0.9999989367414378, ""factor_m"": 1.0, ""urge"": 0.24132270320189741}",16.902211310703727,222.97132950484394,17.225588986509077,231.50322500432148,17,231,advanced,adaptive,17,231,advanced,"{""gem"": true, ""ewc"": true}",231,222,231,,335544320,ok,device_allocator_enforced,0.00024016600218601525,0.0021192879939917475,0.5241392574591881,0.754379104290497,70.88837532899925,152.85546875,152.85546875,"{""gem"": true, ""ewc"": true}",
effectiveness_v3_20260918T155534Z_4df370ae,B/core50_nc/loose/O11/2/default,O11,core50_nc,2,4,,,0.24144423948866214,0.05,"{""factor_p"": 0.5030374442057715, ""factor_s"": 0.47997273331065915, ""factor_l"": 0.9999999272528144, ""factor_m"": 1.0, ""urge"": 0.24144423948866214}",17.225588986509077,231.50322500432148,17.55536296483573,240.36721677434645,17,240,advanced,adaptive,17,240,advanced,"{""gem"": true, ""ewc"": true}",240,231,240,,335544320,ok,device_allocator_enforced,0.00018953700782731175,0.0026171109930146486,0.45140029485623934,0.8206077978246136,81.61679275499773,155.80517578125,155.80517578125,"{""gem"": true, ""ewc"": true}",
effectiveness_v3_20260918T155534Z_4df370ae,B/core50_nc/loose/O11/2/default,O11,core50_nc,2,5,,,0.25169281861607057,0.05,"{""factor_p"": 0.5077389498925637, ""factor_s"": 0.4957130404719236, ""factor_l"": 0.9999999999952567, ""factor_m"": 1.0, ""urge"": 0.25169281861607057}",17.55536296483573,240.36721677434645,17.90944202865632,250.06328506517005,17,250,advanced,adaptive,17,250,advanced,"{""gem"": true, ""ewc"": true}",250,240,250,,335544320,ok,device_allocator_enforced,0.00021238898625597358,0.005164693982806057,0.37616691238019945,0.5685930332878727,120.1687819439976,160.888671875,160.888671875,"{""gem"": true, ""ewc"": true}",
effectiveness_v3_20260918T155534Z_4df370ae,B/core50_nc/loose/O11/2/default,O11,core50_nc,2,6,,,0.2510607711251694,0.05,"{""factor_p"": 0.5110963788600208, ""factor_s"": 0.4912200154600247, ""factor_l"": 0.9999999999999496, ""factor_m"": 1.0, ""urge"": 0.2510607711251694}",17.90944202865632,250.06328506517005,18.269530651126637,260.1188684502293,18,260,advanced,adaptive,18,260,advanced,"{""gem"": true, ""ewc"": true}",260,250,260,,335544320,ok,device_allocator_enforced,0.00024036099785007536,0.0034384169848635793,0.32242878204017095,0.6404941944065605,138.34223504501279,164.72802734375,164.72802734375,"{""gem"": true, ""ewc"": true}",
effectiveness_v3_20260918T155534Z_4df370ae,B/core50_nc/loose/O11/2/default,O11,core50_nc,2,7,,,0.2506494653761093,0.05,"{""factor_p"": 0.5136138103158464, ""factor_s"": 0.48801153773878037, ""factor_l"": 0.9999999999999956, ""factor_m"": 1.0, ""urge"": 0.2506494653761093}",18.269530651126637,260.1188684502293,18.63610780690874,270.5574108279847,18,270,advanced,adaptive,18,270,advanced,"{""gem"": true, ""ewc"": true}",270,260,270,,335544320,ok,device_allocator_enforced,0.0001962870010174811,0.006130362016847357,0.2821251842851496,0.6918521666341948,148.10600073300884,169.1376953125,169.1376953125,"{""gem"": true, ""ewc"": true}",
effectiveness_v3_20260918T155534Z_4df370ae,B/core50_nc/loose/O11/2/default,O11,core50_nc,2,8,,last_experience,0.2503644405904228,0.05,"{""factor_p"": 0.5155713416773241, ""factor_s"": 0.48560581310804524, ""factor_l"": 1.0, ""factor_m"": 1.0, ""urge"": 0.2503644405904228}",18.63610780690874,270.5574108279847,19.00950913846015,281.3994276816132,19,281,advanced,,,,,,,,,,,,,0.033241453988011926,0.0,0.25077794158679967,0.7303706458049204,166.90458315200522,172.8056640625,172.8056640625,,
effectiveness_v3_20260918T161132Z_0b332220,B/core50_nc/loose/R11/2/default,R11,core50_nc,2,0,,,0.22962018291511485,0.05,"{""factor_p"": 0.4991764435336013, ""factor_s"": 0.46879062662624377, ""factor_l"": 0.9812440957970162, ""factor_m"": 1.0, ""urge"": 0.22962018291511485}",16.0,200.0,16.287392292664183,207.18480731660458,16,207,advanced,fixed_default,16,207,default,"{""gem"": false, ""ewc"": false}",207,200,207,,335544320,ok,device_allocator_enforced,0.0002051479823421687,0.00029525900026783347,0.5131769153786279,1.0,31.700941216025967,91.03076171875,91.03076171875,"{""gem"": false, ""ewc"": false}",
effectiveness_v3_20260918T161132Z_0b332220,B/core50_nc/loose/R11/2/default,R11,core50_nc,2,1,,,0.15837776176671378,0.05,"{""factor_p"": 0.49181990238574336, ""factor_s"": 0.48022062969485363, ""factor_l"": 0.6705748929760653, ""factor_m"": 1.0, ""urge"": 0.15837776176671378}",16.287392292664183,207.18480731660458,16.46391140483372,211.67565245441287,16,211,advanced,fixed_default,16,211,default,"{""gem"": false, ""ewc"": false}",211,207,211,,335544320,ok,device_allocator_enforced,0.0002056579978670925,0.0004655279917642474,0.6308932407816388,0.8166351606805293,18.714836016006302,116.2509765625,116.2509765625,"{""gem"": false, ""ewc"": false}",
effectiveness_v3_20260918T161132Z_0b332220,B/core50_nc/loose/R11/2/default,R11,core50_nc,2,2,,,0.1256504122392925,0.05,"{""factor_p"": 0.49525922000340034, ""factor_s"": 0.4876838566431195, ""factor_l"": 0.5202270960226407, ""factor_m"": 1.0, ""urge"": 0.1256504122392925}",16.46391140483372,211.67565245441287,16.588461573318405,214.87832252825237,16,214,advanced,fixed_default,16,214,default,"{""gem"": false, ""ewc"": false}",214,211,214,,335544320,ok,device_allocator_enforced,0.00019577800412662327,0.0016580550000071526,0.5758547531136852,0.6970981632358476,16.195500839006854,116.2509765625,116.2509765625,"{""gem"": false, ""ewc"": false}",
effectiveness_v3_20260918T161132Z_0b332220,B/core50_nc/loose/R11/2/default,R11,core50_nc,2,3,,,0.11228158784296667,0.05,"{""factor_p"": 0.49434927583878735, ""factor_s"": 0.4943808605211332, ""factor_l"": 0.4594232759046854, ""factor_m"": 1.0, ""urge"": 0.11228158784296667}",16.588461573318405,214.87832252825237,16.691777145984236,217.55491515227092,16,217,advanced,fixed_default,16,217,default,"{""gem"": false, ""ewc"": false}",217,214,217,,335544320,ok,device_allocator_enforced,0.00022464801440946758,0.0015544719935860485,0.5904154360794214,0.5899100169685254,15.221032092988025,116.2509765625,116.2509765625,"{""gem"": false, ""ewc"": false}",
effectiveness_v3_20260918T161132Z_0b332220,B/core50_nc/loose/R11/2/default,R11,core50_nc,2,4,,,0.18117392461944853,0.05,"{""factor_p"": 0.49746536101883665, ""factor_s"": 0.4938726256794429, ""factor_l"": 0.7374250589615039, ""factor_m"": 1.0, ""urge"": 0.18117392461944853}",16.691777145984236,217.55491515227092,16.910729737695434,223.26242156042582,16,223,advanced,fixed_default,16,223,default,"{""gem"": false, ""ewc"": false}",223,217,223,,335544320,ok,device_allocator_enforced,0.0002500740229152143,0.002112852002028376,0.5405545710857593,0.598042897315805,20.002202331001172,116.2509765625,116.2509765625,"{""gem"": false, ""ewc"": false}",
effectiveness_v3_20260918T161132Z_0b332220,B/core50_nc/loose/R11/2/default,R11,core50_nc,2,5,,,0.17899765660028916,0.05,"{""factor_p"": 0.497299846041936, ""factor_s"": 0.4945801524404689, ""factor_l"": 0.7277669622796697, ""factor_m"": 1.0, ""urge"": 0.17899765660028916}",16.910729737695434,223.26242156042582,17.128874188451785,229.02248739806598,17,229,advanced,fixed_default,17,229,default,"{""gem"": false, ""ewc"": false}",229,223,229,,335544320,ok,device_allocator_enforced,0.00019824999617412686,0.0020094900100957602,0.5432028833122068,0.5867209576005799,19.804980320011964,116.2509765625,116.2509765625,"{""gem"": false, ""ewc"": false}",
effectiveness_v3_20260918T161132Z_0b332220,B/core50_nc/loose/R11/2/default,R11,core50_nc,2,6,,,0.15950383465624116,0.05,"{""factor_p"": 0.49652063108202166, ""factor_s"": 0.49678585108350276, ""factor_l"": 0.64664304596691, ""factor_m"": 1.0, ""urge"": 0.15950383465624116}",17.128874188451785,229.02248739806598,17.316441929149764,234.03825551658576,17,234,advanced,fixed_default,17,234,default,"{""gem"": false, ""ewc"": false}",234,229,234,,335544320,ok,device_allocator_enforced,0.00021142599871382117,0.0023103890125639737,0.5556708013008174,0.5514270910458801,18.288953337003477,121.07177734375,121.07177734375,"{""gem"": false, ""ewc"": false}",
effectiveness_v3_20260918T161132Z_0b332220,B/core50_nc/loose/R11/2/default,R11,core50_nc,2,7,,,0.11341675822862472,0.05,"{""factor_p"": 0.4952544806290241, ""factor_s"": 0.4990770511481719, ""factor_l"": 0.4588610727228983, ""factor_m"": 1.0, ""urge"": 0.11341675822862472}",17.316441929149764,234.03825551658576,17.426257190269855,237.00664500985465,17,237,advanced,fixed_default,17,237,default,"{""gem"": false, ""ewc"": false}",237,234,237,,335544320,ok,device_allocator_enforced,0.00018626899691298604,0.002338666992727667,0.5759305899282507,0.5147671984015452,15.21197637199657,121.07177734375,121.07177734375,"{""gem"": false, ""ewc"": false}",
effectiveness_v3_20260918T161132Z_0b332220,B/core50_nc/loose/R11/2/default,R11,core50_nc,2,8,,last_experience,0.08270292562827215,0.05,"{""factor_p"": 0.4938591031839673, ""factor_s"": 0.5004012977264362, ""factor_l"": 0.3346565906535073, ""factor_m"": 1.0, ""urge"": 0.08270292562827215}",17.426257190269855,237.00664500985465,17.483246149557107,238.55680714688734,17,238,advanced,,,,,,,,,,,,,0.027837436005938798,0.0,0.5982592898127661,0.49357923499835665,13.122896946995752,121.07177734375,121.07177734375,,
effectiveness_v3_20260918T161611Z_22479fed,B/core50_nc/loose/F11/2/default,F11,core50_nc,2,0,,,0.23303793127566,0.05,"{""factor_p"": 0.49710541986096285, ""factor_s"": 0.46879062662624377, ""factor_l"": 0.9999981548091034, ""factor_m"": 1.0, ""urge"": 0.23303793127566}",16.0,200.0,16.292860690041056,207.32151725102642,16,207,advanced,fixed_advanced,16,207,advanced,"{""gem"": true, ""ewc"": true}",207,200,207,,335544320,ok,device_allocator_enforced,0.00020611099898815155,0.00042636998114176095,0.5463137996219282,1.0,68.68339447700419,92.2099609375,92.2099609375,"{""gem"": true, ""ewc"": true}",
effectiveness_v3_20260918T161611Z_22479fed,B/core50_nc/loose/F11/2/default,F11,core50_nc,2,1,,,0.23772865898131063,0.05,"{""factor_p"": 0.4937594972528255, ""factor_s"": 0.4814975273340079, ""factor_l"": 0.9999355691622585, ""factor_m"": 1.0, ""urge"": 0.23772865898131063}",16.292860690041056,207.32151725102642,16.598724378872127,215.1055553333276,16,215,advanced,fixed_advanced,16,215,advanced,"{""gem"": true, ""ewc"": true}",215,207,215,,335544320,ok,device_allocator_enforced,0.00018584198551252484,0.0009140089969150722,0.5998532290656915,0.7961748026242633,54.47110562102171,148.1484375,148.1484375,"{""gem"": true, ""ewc"": true}",
effectiveness_v3_20260918T161611Z_22479fed,B/core50_nc/loose/F11/2/default,F11,core50_nc,2,2,,,0.2384996309758501,0.05,"{""factor_p"": 0.5000663006403928, ""factor_s"": 0.476936624667134, ""factor_l"": 0.9999987313985601, ""factor_m"": 1.0, ""urge"": 0.2384996309758501}",16.598724378872127,215.1055553333276,16.91160972088085,223.21501889356512,16,223,advanced,fixed_advanced,16,223,advanced,"{""gem"": true, ""ewc"": true}",223,215,223,,335544320,ok,device_allocator_enforced,0.0002226850192528218,0.0022739359992556274,0.498939189747498,0.8692760541600333,70.18206747900695,152.85546875,152.85546875,"{""gem"": true, ""ewc"": true}",
effectiveness_v3_20260918T161611Z_22479fed,B/core50_nc/loose/F11/2/default,F11,core50_nc,2,3,,,0.2528394318881733,0.05,"{""factor_p"": 0.5078615775443481, ""factor_s"": 0.4978510742423341, ""factor_l"": 0.9999999997678888, ""factor_m"": 1.0, ""urge"": 0.2528394318881733}",16.91160972088085,223.21501889356512,17.25464385169065,232.27038041782083,17,232,advanced,fixed_advanced,17,232,advanced,"{""gem"": true, ""ewc"": true}",232,223,232,,335544320,ok,device_allocator_enforced,0.0001963050162885338,0.003210305003449321,0.3742043923106235,0.5343830238260221,104.60690838700975,155.78125,155.78125,"{""gem"": true, ""ewc"": true}",
effectiveness_v3_20260918T161611Z_22479fed,B/core50_nc/loose/F11/2/default,F11,core50_nc,2,4,,,0.25143889308689366,0.05,"{""factor_p"": 0.512537151937153, ""factor_s"": 0.4905769116217129, ""factor_l"": 0.9999999999927478, ""factor_m"": 1.0, ""urge"": 0.25143889308689366}",17.25464385169065,232.27038041782083,17.602219487499962,241.62803808346834,17,241,advanced,fixed_advanced,17,241,advanced,"{""gem"": true, ""ewc"": true}",241,232,241,,335544320,ok,device_allocator_enforced,0.00022643498959951103,0.003271759982453659,0.2993635138484988,0.6507872678695166,118.47056769800838,160.888671875,160.888671875,"{""gem"": true, ""ewc"": true}",
effectiveness_v3_20260918T161611Z_22479fed,B/core50_nc/loose/F11/2/default,F11,core50_nc,2,5,,,0.2507177919202261,0.05,"{""factor_p"": 0.5156530336224683, ""factor_s"": 0.4862141315429501, ""factor_l"": 0.9999999999999603, ""factor_m"": 1.0, ""urge"": 0.2507177919202261}",17.602219487499962,241.62803808346834,17.955527350342578,251.32784733749438,17,251,advanced,fixed_advanced,17,251,advanced,"{""gem"": true, ""ewc"": true}",251,241,251,,335544320,ok,device_allocator_enforced,0.0002338790218345821,0.0028398889990057796,0.249469594873749,0.7206298142956132,139.29424963198835,164.72802734375,164.72802734375,"{""gem"": true, ""ewc"": true}",
effectiveness_v3_20260918T161611Z_22479fed,B/core50_nc/loose/F11/2/default,F11,core50_nc,2,6,,,0.2502938938650843,0.05,"{""factor_p"": 0.5178779326966015, ""factor_s"": 0.48330673709497307, ""factor_l"": 0.9999999999999991, ""factor_m"": 1.0, ""urge"": 0.2502938938650843}",17.955527350342578,251.32784733749438,18.315165599282693,261.3957339734856,18,261,advanced,fixed_advanced,18,261,advanced,"{""gem"": true, ""ewc"": true}",261,251,261,,335544320,ok,device_allocator_enforced,0.0001987690047826618,0.0046892779937479645,0.2138310813203563,0.767191511913011,154.76513855799567,169.11376953125,169.11376953125,"{""gem"": true, ""ewc"": true}",
effectiveness_v3_20260918T161611Z_22479fed,B/core50_nc/loose/F11/2/default,F11,core50_nc,2,7,,,0.25002155950335886,0.05,"{""factor_p"": 0.5195461467451981, ""factor_s"": 0.48123070697313325, ""factor_l"": 0.9999999999999998, ""factor_m"": 1.0, ""urge"": 0.25002155950335886}",18.315165599282693,261.3957339734856,18.681508397855772,271.8526904448659,18,271,advanced,fixed_advanced,18,271,advanced,"{""gem"": true, ""ewc"": true}",271,261,271,,335544320,ok,device_allocator_enforced,0.00020186099573038518,0.0038511019956786186,0.18710219615531176,0.8004498673540095,162.32162889800384,172.8056640625,172.8056640625,"{""gem"": true, ""ewc"": true}",
effectiveness_v3_20260918T161611Z_22479fed,B/core50_nc/loose/F11/2/default,F11,core50_nc,2,8,,last_experience,0.2498350667542239,0.05,"{""factor_p"": 0.5208433472216528, ""factor_s"": 0.47967410563449675, ""factor_l"": 1.0, ""factor_m"": 0.9999999999999998, ""urge"": 0.2498350667542239}",18.681508397855772,271.8526904448659,19.054830445631282,282.71783055333896,19,282,advanced,,,,,,,,,,,,,0.029584889009129256,0.0,0.166313063249166,0.8253936339347583,181.6424367710133,176.74560546875,176.74560546875,,
effectiveness_v3_20260918T163536Z_1458e8d5,B/core50_nc/loose/S0/2/default,S0,core50_nc,2,0,skipped,disabled,,,,,,,,,,,,,,,,,,,,,,,,,,,,,,,
effectiveness_v3_20260918T163536Z_1458e8d5,B/core50_nc/loose/S0/2/default,S0,core50_nc,2,1,skipped,disabled,,,,,,,,,,,,,,,,,,,,,,,,,,,,,,,
effectiveness_v3_20260918T163536Z_1458e8d5,B/core50_nc/loose/S0/2/default,S0,core50_nc,2,2,skipped,disabled,,,,,,,,,,,,,,,,,,,,,,,,,,,,,,,
effectiveness_v3_20260918T163536Z_1458e8d5,B/core50_nc/loose/S0/2/default,S0,core50_nc,2,3,skipped,disabled,,,,,,,,,,,,,,,,,,,,,,,,,,,,,,,
effectiveness_v3_20260918T163536Z_1458e8d5,B/core50_nc/loose/S0/2/default,S0,core50_nc,2,4,skipped,disabled,,,,,,,,,,,,,,,,,,,,,,,,,,,,,,,
effectiveness_v3_20260918T163536Z_1458e8d5,B/core50_nc/loose/S0/2/default,S0,core50_nc,2,5,skipped,disabled,,,,,,,,,,,,,,,,,,,,,,,,,,,,,,,
effectiveness_v3_20260918T163536Z_1458e8d5,B/core50_nc/loose/S0/2/default,S0,core50_nc,2,6,skipped,disabled,,,,,,,,,,,,,,,,,,,,,,,,,,,,,,,
effectiveness_v3_20260918T163536Z_1458e8d5,B/core50_nc/loose/S0/2/default,S0,core50_nc,2,7,skipped,disabled,,,,,,,,,,,,,,,,,,,,,,,,,,,,,,,
effectiveness_v3_20260918T163536Z_1458e8d5,B/core50_nc/loose/S0/2/default,S0,core50_nc,2,8,skipped,disabled,,,,,,,,,,,,,,,,,,,,,,,,,,,,,,,
effectiveness_v3_20260918T164020Z_d3a2f0de,B/core50_nc/loose/S_star/2/default,S_star,core50_nc,2,0,skipped,disabled,,,,,,,,,,,,,,,,,,,,,,,,,,,,,,,
effectiveness_v3_20260918T164020Z_d3a2f0de,B/core50_nc/loose/S_star/2/default,S_star,core50_nc,2,1,skipped,disabled,,,,,,,,,,,,,,,,,,,,,,,,,,,,,,,
effectiveness_v3_20260918T164020Z_d3a2f0de,B/core50_nc/loose/S_star/2/default,S_star,core50_nc,2,2,skipped,disabled,,,,,,,,,,,,,,,,,,,,,,,,,,,,,,,
effectiveness_v3_20260918T164020Z_d3a2f0de,B/core50_nc/loose/S_star/2/default,S_star,core50_nc,2,3,skipped,disabled,,,,,,,,,,,,,,,,,,,,,,,,,,,,,,,
effectiveness_v3_20260918T164020Z_d3a2f0de,B/core50_nc/loose/S_star/2/default,S_star,core50_nc,2,4,skipped,disabled,,,,,,,,,,,,,,,,,,,,,,,,,,,,,,,
effectiveness_v3_20260918T164020Z_d3a2f0de,B/core50_nc/loose/S_star/2/default,S_star,core50_nc,2,5,skipped,disabled,,,,,,,,,,,,,,,,,,,,,,,,,,,,,,,
effectiveness_v3_20260918T164020Z_d3a2f0de,B/core50_nc/loose/S_star/2/default,S_star,core50_nc,2,6,skipped,disabled,,,,,,,,,,,,,,,,,,,,,,,,,,,,,,,
effectiveness_v3_20260918T164020Z_d3a2f0de,B/core50_nc/loose/S_star/2/default,S_star,core50_nc,2,7,skipped,disabled,,,,,,,,,,,,,,,,,,,,,,,,,,,,,,,
effectiveness_v3_20260918T164020Z_d3a2f0de,B/core50_nc/loose/S_star/2/default,S_star,core50_nc,2,8,skipped,disabled,,,,,,,,,,,,,,,,,,,,,,,,,,,,,,,
effectiveness_v3_20260918T164505Z_c55b5565,B/splitcifar100/loose/S0/0/default,S0,splitcifar100,0,0,skipped,disabled,,,,,,,,,,,,,,,,,,,,,,,,,,,,,,,
effectiveness_v3_20260918T164505Z_c55b5565,B/splitcifar100/loose/S0/0/default,S0,splitcifar100,0,1,skipped,disabled,,,,,,,,,,,,,,,,,,,,,,,,,,,,,,,
effectiveness_v3_20260918T164505Z_c55b5565,B/splitcifar100/loose/S0/0/default,S0,splitcifar100,0,2,skipped,disabled,,,,,,,,,,,,,,,,,,,,,,,,,,,,,,,
effectiveness_v3_20260918T164505Z_c55b5565,B/splitcifar100/loose/S0/0/default,S0,splitcifar100,0,3,skipped,disabled,,,,,,,,,,,,,,,,,,,,,,,,,,,,,,,
effectiveness_v3_20260918T164505Z_c55b5565,B/splitcifar100/loose/S0/0/default,S0,splitcifar100,0,4,skipped,disabled,,,,,,,,,,,,,,,,,,,,,,,,,,,,,,,
effectiveness_v3_20260918T164505Z_c55b5565,B/splitcifar100/loose/S0/0/default,S0,splitcifar100,0,5,skipped,disabled,,,,,,,,,,,,,,,,,,,,,,,,,,,,,,,
effectiveness_v3_20260918T164505Z_c55b5565,B/splitcifar100/loose/S0/0/default,S0,splitcifar100,0,6,skipped,disabled,,,,,,,,,,,,,,,,,,,,,,,,,,,,,,,
effectiveness_v3_20260918T164505Z_c55b5565,B/splitcifar100/loose/S0/0/default,S0,splitcifar100,0,7,skipped,disabled,,,,,,,,,,,,,,,,,,,,,,,,,,,,,,,
effectiveness_v3_20260918T164505Z_c55b5565,B/splitcifar100/loose/S0/0/default,S0,splitcifar100,0,8,skipped,disabled,,,,,,,,,,,,,,,,,,,,,,,,,,,,,,,
effectiveness_v3_20260918T164505Z_c55b5565,B/splitcifar100/loose/S0/0/default,S0,splitcifar100,0,9,skipped,disabled,,,,,,,,,,,,,,,,,,,,,,,,,,,,,,,
effectiveness_v3_20260918T164641Z_656a2787,B/splitcifar100/loose/S_star/0/default,S_star,splitcifar100,0,0,skipped,disabled,,,,,,,,,,,,,,,,,,,,,,,,,,,,,,,
effectiveness_v3_20260918T164641Z_656a2787,B/splitcifar100/loose/S_star/0/default,S_star,splitcifar100,0,1,skipped,disabled,,,,,,,,,,,,,,,,,,,,,,,,,,,,,,,
effectiveness_v3_20260918T164641Z_656a2787,B/splitcifar100/loose/S_star/0/default,S_star,splitcifar100,0,2,skipped,disabled,,,,,,,,,,,,,,,,,,,,,,,,,,,,,,,
effectiveness_v3_20260918T164641Z_656a2787,B/splitcifar100/loose/S_star/0/default,S_star,splitcifar100,0,3,skipped,disabled,,,,,,,,,,,,,,,,,,,,,,,,,,,,,,,
effectiveness_v3_20260918T164641Z_656a2787,B/splitcifar100/loose/S_star/0/default,S_star,splitcifar100,0,4,skipped,disabled,,,,,,,,,,,,,,,,,,,,,,,,,,,,,,,
effectiveness_v3_20260918T164641Z_656a2787,B/splitcifar100/loose/S_star/0/default,S_star,splitcifar100,0,5,skipped,disabled,,,,,,,,,,,,,,,,,,,,,,,,,,,,,,,
effectiveness_v3_20260918T164641Z_656a2787,B/splitcifar100/loose/S_star/0/default,S_star,splitcifar100,0,6,skipped,disabled,,,,,,,,,,,,,,,,,,,,,,,,,,,,,,,
effectiveness_v3_20260918T164641Z_656a2787,B/splitcifar100/loose/S_star/0/default,S_star,splitcifar100,0,7,skipped,disabled,,,,,,,,,,,,,,,,,,,,,,,,,,,,,,,
effectiveness_v3_20260918T164641Z_656a2787,B/splitcifar100/loose/S_star/0/default,S_star,splitcifar100,0,8,skipped,disabled,,,,,,,,,,,,,,,,,,,,,,,,,,,,,,,
effectiveness_v3_20260918T164641Z_656a2787,B/splitcifar100/loose/S_star/0/default,S_star,splitcifar100,0,9,skipped,disabled,,,,,,,,,,,,,,,,,,,,,,,,,,,,,,,
effectiveness_v3_20260918T164819Z_1eaa0e7b,B/splitcifar100/loose/O11/0/default,O11,splitcifar100,0,0,,,0.12796552732399086,0.05,"{""factor_p"": 0.5056247627073255, ""factor_s"": 0.46879062662624377, ""factor_l"": 0.5398657003969892, ""factor_m"": 1.0, ""urge"": 0.12796552732399086}",16.0,200.0,16.124744843718386,203.11862109295964,16,203,advanced,adaptive,16,203,advanced,"{""gem"": true, ""ewc"": true}",203,200,203,,335544320,ok,device_allocator_enforced,0.00021331501193344593,0.0003371759958099574,0.41,1.0,6.480835950002074,91.05810546875,91.05810546875,"{""gem"": true, ""ewc"": true}",
effectiveness_v3_20260918T164819Z_1eaa0e7b,B/splitcifar100/loose/O11/0/default,O11,splitcifar100,0,1,,,0.21402403014826962,0.05,"{""factor_p"": 0.5066558568151039, ""factor_s"": 0.47470910224424295, ""factor_l"": 0.8898604629925505, ""factor_m"": 1.0, ""urge"": 0.21402403014826962}",16.124744843718386,203.11862109295964,16.389229407156307,209.78188805892498,16,209,advanced,adaptive,16,209,advanced,"{""gem"": true, ""ewc"": true}",209,203,209,,335544320,ok,device_allocator_enforced,0.0002325560199096799,0.0006092769908718765,0.39349999999999996,0.905,14.19889428600436,116.29345703125,116.29345703125,"{""gem"": true, ""ewc"": true}",
effectiveness_v3_20260918T164819Z_1eaa0e7b,B/splitcifar100/loose/O11/0/default,O11,splitcifar100,0,2,,,0.23760588274246272,0.05,"{""factor_p"": 0.5101652657810576, ""factor_s"": 0.47608077162331885, ""factor_l"": 0.9782856003158256, ""factor_m"": 1.0, ""urge"": 0.23760588274246272}",16.389229407156307,209.78188805892498,16.696700992196135,217.65315131746001,16,217,advanced,adaptive,16,217,advanced,"{""gem"": true, ""ewc"": true}",217,209,217,,335544320,ok,device_allocator_enforced,0.0002373240131419152,0.0008696849981788546,0.3373333333333333,0.883,21.072932064998895,148.212890625,148.212890625,"{""gem"": true, ""ewc"": true}",
effectiveness_v3_20260918T164819Z_1eaa0e7b,B/splitcifar100/loose/O11/0/default,O11,splitcifar100,0,3,,,0.24384794435406684,0.05,"{""factor_p"": 0.5104047477359959, ""factor_s"": 0.47974026526448627, ""factor_l"": 0.9958598479080347, ""factor_m"": 1.0, ""urge"": 0.24384794435406684}",16.696700992196135,217.65315131746001,17.02036310867931,226.09147451047485,17,226,advanced,adaptive,17,226,advanced,"{""gem"": true, ""ewc"": true}",226,217,226,,335544320,ok,device_allocator_enforced,0.00023458298528566957,0.0013844810018781573,0.3335,0.8243333333333334,27.773123971011955,152.95654296875,152.95654296875,"{""gem"": true, ""ewc"": true}",
effectiveness_v3_20260918T164819Z_1eaa0e7b,B/splitcifar100/loose/O11/0/default,O11,splitcifar100,0,4,,,0.24499616027070337,0.05,"{""factor_p"": 0.5125973335093292, ""factor_s"": 0.4787783818657167, ""factor_l"": 0.9982708796627405, ""factor_m"": 1.0, ""urge"": 0.24499616027070337}",17.02036310867931,226.09147451047485,17.35225365393987,234.90886839037168,17,234,advanced,adaptive,17,234,advanced,"{""gem"": true, ""ewc"": true}",234,226,234,,335544320,ok,device_allocator_enforced,0.00025442501646466553,0.0014336759923025966,0.2984,0.83975,31.275275370979216,156.67333984375,156.67333984375,"{""gem"": true, ""ewc"": true}",
effectiveness_v3_20260918T164819Z_1eaa0e7b,B/splitcifar100/loose/O11/0/default,O11,splitcifar100,0,5,,,0.24588353837280036,0.05,"{""factor_p"": 0.5139859339699921, ""factor_s"": 0.4785881033511951, ""factor_l"": 0.9995771537474132, ""factor_m"": 1.0, ""urge"": 0.24588353837280036}",17.35225365393987,234.90886839037168,17.69215573838748,244.111824457463,17,244,advanced,adaptive,17,244,advanced,"{""gem"": true, ""ewc"": true}",244,234,244,,335544320,ok,device_allocator_enforced,0.00024724099785089493,0.002001629996811971,0.27616666666666667,0.8428,36.91394385098829,160.98095703125,160.98095703125,"{""gem"": true, ""ewc"": true}",
effectiveness_v3_20260918T164819Z_1eaa0e7b,B/splitcifar100/loose/O11/0/default,O11,splitcifar100,0,6,,,0.24633298268662665,0.05,"{""factor_p"": 0.5161372505514393, ""factor_s"": 0.47731766230849015, ""factor_l"": 0.9998845469544668, ""factor_m"": 1.0, ""urge"": 0.24633298268662665}",17.69215573838748,244.111824457463,18.039511109014875,253.69726497842458,18,253,advanced,adaptive,18,253,advanced,"{""gem"": true, ""ewc"": true}",253,244,253,,335544320,ok,device_allocator_enforced,0.00023807500838302076,0.0024575839925091714,0.24171428571428571,0.8631666666666666,42.107752670010086,164.84033203125,164.84033203125,"{""gem"": true, ""ewc"": true}",
effectiveness_v3_20260918T164819Z_1eaa0e7b,B/splitcifar100/loose/O11/0/default,O11,splitcifar100,0,7,,,0.24663642886699166,0.05,"{""factor_p"": 0.5173602064993084, ""factor_s"": 0.47674892439940314, ""factor_l"": 0.9999412404036823, ""factor_m"": 1.0, ""urge"": 0.24663642886699166}",18.039511109014875,253.69726497842458,18.394233613313187,263.6744898181607,18,263,advanced,adaptive,18,263,advanced,"{""gem"": true, ""ewc"": true}",263,253,263,,335544320,ok,device_allocator_enforced,0.00023784200311638415,0.0020066389988642186,0.22212500000000002,0.8722857142857143,44.809617199003696,169.33740234375,169.33740234375,"{""gem"": true, ""ewc"": true}",
effectiveness_v3_20260918T164819Z_1eaa0e7b,B/splitcifar100/loose/O11/0/default,O11,splitcifar100,0,8,,,0.25003694698686896,0.05,"{""factor_p"": 0.5189007117866279, ""factor_s"": 0.4818595282679707, ""factor_l"": 0.9999987793316912, ""factor_m"": 1.0, ""urge"": 0.25003694698686896}",18.394233613313187,263.6744898181607,18.762186246730227,274.2234178064697,18,274,advanced,adaptive,18,274,advanced,"{""gem"": true, ""ewc"": true}",274,263,274,,335544320,ok,device_allocator_enforced,0.00023178698029369116,0.002290805976372212,0.19744444444444445,0.790375,60.30607127500116,173.02978515625,173.02978515625,"{""gem"": true, ""ewc"": true}",
effectiveness_v3_20260918T164819Z_1eaa0e7b,B/splitcifar100/loose/O11/0/default,O11,splitcifar100,0,9,,last_experience,0.24987486611294724,0.05,"{""factor_p"": 0.5201328587471545, ""factor_s"": 0.48040587294520815, ""factor_l"": 0.9999999442082128, ""factor_m"": 0.9999999999999998, ""urge"": 0.24987486611294724}",18.762186246730227,274.2234178064697,19.137195193135366,285.18549159029027,19,285,advanced,,,,,,,,,,,,,0.0322392959787976,0.0,0.17770000000000002,0.8136666666666666,72.64818436201313,177.1787109375,177.1787109375,,
effectiveness_v3_20260918T165443Z_1c14c05b,B/splitcifar100/loose/R11/0/default,R11,splitcifar100,0,0,,,0.12851008979809997,0.05,"{""factor_p"": 0.5026874741191142, ""factor_s"": 0.46879062662624377, ""factor_l"": 0.5453310722266758, ""factor_m"": 1.0, ""urge"": 0.12851008979809997}",16.0,200.0,16.12561614367696,203.14040359192398,16,203,advanced,fixed_default,16,203,default,"{""gem"": false, ""ewc"": false}",203,200,203,,335544320,ok,device_allocator_enforced,0.0002692870039027184,0.0003516380093060434,0.457,1.0,6.56892217497807,91.05810546875,91.05810546875,"{""gem"": false, ""ewc"": false}",
effectiveness_v3_20260918T165443Z_1c14c05b,B/splitcifar100/loose/R11/0/default,R11,splitcifar100,0,1,,,0.14746422199365297,0.05,"{""factor_p"": 0.505156067222741, ""factor_s"": 0.48026026523934506, ""factor_l"": 0.607833222857306, ""factor_m"": 1.0, ""urge"": 0.14746422199365297}",16.12561614367696,203.14040359192398,16.282783206838136,207.10018787023668,16,207,advanced,fixed_default,16,207,default,"{""gem"": false, ""ewc"": false}",207,203,207,,335544320,ok,device_allocator_enforced,0.00022405601339414716,0.0004381019971333444,0.4175,0.8160000000000001,7.59448129197699,116.29345703125,116.29345703125,"{""gem"": false, ""ewc"": false}",
effectiveness_v3_20260918T165443Z_1c14c05b,B/splitcifar100/loose/R11/0/default,R11,splitcifar100,0,2,,,0.1495069861913953,0.05,"{""factor_p"": 0.5066662716330296, ""factor_s"": 0.4861285604423613, ""factor_l"": 0.6069995307541306, ""factor_m"": 1.0, ""urge"": 0.1495069861913953}",16.282783206838136,207.10018787023668,16.444808275210168,211.22177097716448,16,211,advanced,fixed_default,16,211,default,"{""gem"": false, ""ewc"": false}",211,207,211,,335544320,ok,device_allocator_enforced,0.00022222200641408563,0.0005508799804374576,0.3933333333333333,0.722,7.580496785987634,116.29345703125,116.29345703125,"{""gem"": false, ""ewc"": false}",
effectiveness_v3_20260918T165443Z_1c14c05b,B/splitcifar100/loose/R11/0/default,R11,splitcifar100,0,3,,,0.14769329863784328,0.05,"{""factor_p"": 0.5058434839336864, ""factor_s"": 0.4895640158370177, ""factor_l"": 0.5963965764098934, ""factor_m"": 1.0, ""urge"": 0.14769329863784328}",16.444808275210168,211.22177097716448,16.605463031797388,215.34876128734172,16,215,advanced,fixed_default,16,215,default,"{""gem"": false, ""ewc"": false}",215,211,215,,335544320,ok,device_allocator_enforced,0.00021635100711137056,0.0007132680038921535,0.4065,0.667,7.403520222986117,116.29345703125,116.29345703125,"{""gem"": false, ""ewc"": false}",
effectiveness_v3_20260918T165443Z_1c14c05b,B/splitcifar100/loose/R11/0/default,R11,splitcifar100,0,4,,,0.1529595991980794,0.05,"{""factor_p"": 0.5051998125307774, ""factor_s"": 0.4906417179956083, ""factor_l"": 0.6170908172394348, ""factor_m"": 1.0, ""urge"": 0.1529595991980794}",16.605463031797388,215.34876128734172,16.776432213622627,219.7832057173312,16,219,advanced,fixed_default,16,219,default,"{""gem"": false, ""ewc"": false}",219,215,219,,335544320,ok,device_allocator_enforced,0.00022628699662163854,0.0008030459866859019,0.4168,0.6497499999999999,7.750501394999446,116.29345703125,116.29345703125,"{""gem"": false, ""ewc"": false}",
effectiveness_v3_20260918T165443Z_1c14c05b,B/splitcifar100/loose/R11/0/default,R11,splitcifar100,0,5,,,0.15217836788947134,0.05,"{""factor_p"": 0.5039061705290805, ""factor_s"": 0.49198818580122367, ""factor_l"": 0.6138306519985607, ""factor_m"": 1.0, ""urge"": 0.15217836788947134}",16.776432213622627,219.7832057173312,16.947851059882257,224.2746235672738,16,224,advanced,fixed_default,16,224,default,"{""gem"": false, ""ewc"": false}",224,219,224,,335544320,ok,device_allocator_enforced,0.000233906990615651,0.0008989449997898191,0.4375,0.6282000000000001,7.695400259020971,116.29345703125,116.29345703125,"{""gem"": false, ""ewc"": false}",
effectiveness_v3_20260918T165443Z_1c14c05b,B/splitcifar100/loose/R11/0/default,R11,splitcifar100,0,6,,,0.14214373593759638,0.05,"{""factor_p"": 0.503973130657325, ""factor_s"": 0.49412527035746534, ""factor_l"": 0.5707990979645401, ""factor_m"": 1.0, ""urge"": 0.14214373593759638}",16.947851059882257,224.2746235672738,17.104014891159405,228.40772390557115,17,228,advanced,fixed_default,17,228,default,"{""gem"": false, ""ewc"": false}",228,224,228,,335544320,ok,device_allocator_enforced,0.00023498199880123138,0.0010070840071421117,0.43642857142857144,0.5940000000000001,6.982076709013199,116.29345703125,116.29345703125,"{""gem"": false, ""ewc"": false}",
effectiveness_v3_20260918T165443Z_1c14c05b,B/splitcifar100/loose/R11/0/default,R11,splitcifar100,0,7,,,0.13277462195793951,0.05,"{""factor_p"": 0.5035624397170444, ""factor_s"": 0.49465198967440654, ""factor_l"": 0.5330426805594521, ""factor_m"": 1.0, ""urge"": 0.13277462195793951}",17.104014891159405,228.40772390557115,17.245592727817275,232.18899650528257,17,232,advanced,fixed_default,17,232,default,"{""gem"": false, ""ewc"": false}",232,228,232,,335544320,ok,device_allocator_enforced,0.0002859439991880208,0.0011471380130387843,0.443,0.5855714285714286,6.371082483994542,121.11474609375,121.11474609375,"{""gem"": false, ""ewc"": false}",
effectiveness_v3_20260918T165443Z_1c14c05b,B/splitcifar100/loose/R11/0/default,R11,splitcifar100,0,8,,,0.13315387360165962,0.05,"{""factor_p"": 0.5028194145614691, ""factor_s"": 0.49462520703990875, ""factor_l"": 0.5353841650201532, ""factor_m"": 1.0, ""urge"": 0.13315387360165962}",17.245592727817275,232.18899650528257,17.388996511604738,236.0504793987019,17,236,advanced,fixed_default,17,236,default,"{""gem"": false, ""ewc"": false}",236,232,236,,335544320,ok,device_allocator_enforced,0.000208314013434574,0.0011491210025269538,0.4548888888888889,0.5860000000000001,6.408722544991178,121.11474609375,121.11474609375,"{""gem"": false, ""ewc"": false}",
effectiveness_v3_20260918T165443Z_1c14c05b,B/splitcifar100/loose/R11/0/default,R11,splitcifar100,0,9,,last_experience,0.14158561926181137,0.05,"{""factor_p"": 0.5028249699400297, ""factor_s"": 0.49654866592771796, ""factor_l"": 0.5670749836389163, ""factor_m"": 1.0, ""urge"": 0.14158561926181137}",17.388996511604738,236.0504793987019,17.548254712990417,240.3742452652574,17,240,advanced,,,,,,,,,,,,,0.046221555006923154,0.0,0.4548,0.5552222222222223,6.921335940016434,121.11474609375,121.11474609375,,
effectiveness_v3_20260918T165619Z_636a0335,B/splitcifar100/loose/F11/0/default,F11,splitcifar100,0,0,,,0.2036152435966452,0.05,"{""factor_p"": 0.5049998333399998, ""factor_s"": 0.46879062662624377, ""factor_l"": 0.8600825450304275, ""factor_m"": 1.0, ""urge"": 0.2036152435966452}",16.0,200.0,16.245784389754633,206.14460974386583,16,206,advanced,fixed_advanced,16,206,advanced,"{""gem"": true, ""ewc"": true}",206,200,206,,335544320,ok,device_allocator_enforced,0.00022981499205343425,0.00048250899999402463,0.42,1.0,13.105530840985011,92.20361328125,92.20361328125,"{""gem"": true, ""ewc"": true}",
effectiveness_v3_20260918T165619Z_636a0335,B/splitcifar100/loose/F11/0/default,F11,splitcifar100,0,1,,,0.23520569087483825,0.05,"{""factor_p"": 0.5130283002922823, ""factor_s"": 0.4699113990262216, ""factor_l"": 0.9756420776735121, ""factor_m"": 1.0, ""urge"": 0.23520569087483825}",16.245784389754633,206.14460974386583,16.54666556192545,213.78044071741314,16,213,advanced,fixed_advanced,16,213,advanced,"{""gem"": true, ""ewc"": true}",213,206,213,,335544320,ok,device_allocator_enforced,0.00023117600358091295,0.0009124630014412105,0.2915,0.982,20.60258252400672,148.212890625,148.212890625,"{""gem"": true, ""ewc"": true}",
effectiveness_v3_20260918T165619Z_636a0335,B/splitcifar100/loose/F11/0/default,F11,splitcifar100,0,2,,,0.24132868468414298,0.05,"{""factor_p"": 0.5176593183855959, ""factor_s"": 0.4678568895942192, ""factor_l"": 0.996441669010705, ""factor_m"": 1.0, ""urge"": 0.24132868468414298}",16.54666556192545,213.78044071741314,16.86325073771261,221.96090682414496,16,221,advanced,fixed_advanced,16,221,advanced,"{""gem"": true, ""ewc"": true}",221,213,221,,335544320,ok,device_allocator_enforced,0.00023834299645386636,0.0012113239790778607,0.2173333333333333,1.015,28.381223898992175,152.95654296875,152.95654296875,"{""gem"": true, ""ewc"": true}",
effectiveness_v3_20260918T165619Z_636a0335,B/splitcifar100/loose/F11/0/default,F11,splitcifar100,0,3,,,0.24305638236340882,0.05,"{""factor_p"": 0.5182887122416905, ""factor_s"": 0.46949626214697887, ""factor_l"": 0.998856591984677, ""factor_m"": 1.0, ""urge"": 0.24305638236340882}",16.86325073771261,221.96090682414496,17.1888065559436,230.5311007636592,17,230,advanced,fixed_advanced,17,230,advanced,"{""gem"": true, ""ewc"": true}",230,221,230,,335544320,ok,device_allocator_enforced,0.00023873199825175107,0.001315147994318977,0.20725,0.9886666666666667,32.932019644998945,156.64892578125,156.64892578125,"{""gem"": true, ""ewc"": true}",
effectiveness_v3_20260918T165619Z_636a0335,B/splitcifar100/loose/F11/0/default,F11,splitcifar100,0,4,,,0.24509459463715114,0.05,"{""factor_p"": 0.519377789467086, ""factor_s"": 0.4720136565894004, ""factor_l"": 0.999760089322706, ""factor_m"": 1.0, ""urge"": 0.24509459463715114}",17.1888065559436,230.5311007636592,17.524150880676423,239.52617509460765,17,239,advanced,fixed_advanced,17,239,advanced,"{""gem"": true, ""ewc"": true}",239,230,239,,335544320,ok,device_allocator_enforced,0.00024701000074855983,0.0017639539728406817,0.1898,0.94825,39.181643707008334,160.98095703125,160.98095703125,"{""gem"": true, ""ewc"": true}",
effectiveness_v3_20260918T165619Z_636a0335,B/splitcifar100/loose/F11/0/default,F11,splitcifar100,0,5,,,0.24534344179142809,0.05,"{""factor_p"": 0.520228535963651, ""factor_s"": 0.471667881810813, ""factor_l"": 0.9998710145195294, ""factor_m"": 1.0, ""urge"": 0.24534344179142809}",17.524150880676423,239.52617509460765,17.866473675426786,248.88414858303102,17,248,advanced,fixed_advanced,17,248,advanced,"{""gem"": true, ""ewc"": true}",248,239,248,,335544320,ok,device_allocator_enforced,0.00023554600193165243,0.0023122229904402047,0.17616666666666667,0.9538,41.66435482000816,164.84033203125,164.84033203125,"{""gem"": true, ""ewc"": true}",
effectiveness_v3_20260918T165619Z_636a0335,B/splitcifar100/loose/F11/0/default,F11,splitcifar100,0,6,,,0.24567110576835038,0.05,"{""factor_p"": 0.5216917329023391, ""factor_s"": 0.4709286591892138, ""factor_l"": 0.9999654732511367, ""factor_m"": 1.0, ""urge"": 0.24567110576835038}",17.866473675426786,248.88414858303102,18.216068941451976,258.6240358953222,18,258,advanced,fixed_advanced,18,258,advanced,"{""gem"": true, ""ewc"": true}",258,248,258,,335544320,ok,device_allocator_enforced,0.0002362589875701815,0.0023806009849067777,0.15271428571428572,0.9656666666666667,46.93659464799566,169.31298828125,169.31298828125,"{""gem"": true, ""ewc"": true}",
effectiveness_v3_20260918T165619Z_636a0335,B/splitcifar100/loose/F11/0/default,F11,splitcifar100,0,7,,,0.24571468103809824,0.05,"{""factor_p"": 0.522305497777952, ""factor_s"": 0.4704452075454788, ""factor_l"": 0.9999941507044596, ""factor_m"": 1.0, ""urge"": 0.24571468103809824}",18.216068941451976,258.6240358953222,18.572584153716402,268.74734003412993,18,268,advanced,fixed_advanced,18,268,advanced,"{""gem"": true, ""ewc"": true}",268,258,268,,335544320,ok,device_allocator_enforced,0.00029617600375786424,0.002327862021047622,0.14287499999999997,0.9734285714285714,54.03836183800013,173.02978515625,173.02978515625,"{""gem"": true, ""ewc"": true}",
effectiveness_v3_20260918T165619Z_636a0335,B/splitcifar100/loose/F11/0/default,F11,splitcifar100,0,8,,,0.24592340811779154,0.05,"{""factor_p"": 0.5228382639206751, ""factor_s"": 0.4703629076263185, ""factor_l"": 0.9999987072486304, ""factor_m"": 0.9999999999999998, ""urge"": 0.24592340811779154}",18.572584153716402,268.74734003412993,18.93646455221146,279.2781189905455,18,279,advanced,fixed_advanced,18,279,advanced,"{""gem"": true, ""ewc"": true}",279,268,279,,335544320,ok,device_allocator_enforced,0.00023201899603009224,0.0028754170052707195,0.1343333333333333,0.97475,60.07657383100013,177.1787109375,177.1787109375,"{""gem"": true, ""ewc"": true}",
effectiveness_v3_20260918T165619Z_636a0335,B/splitcifar100/loose/F11/0/default,F11,splitcifar100,0,9,,last_experience,0.24951527916207317,0.05,"{""factor_p"": 0.5236760305505193, ""factor_s"": 0.4764687848918426, ""factor_l"": 0.9999999888130463, ""factor_m"": 0.9999999999999989, ""urge"": 0.24951527916207317}",18.93646455221146,279.2781189905455,19.31427595335918,290.422169365397,19,290,advanced,,,,,,,,,,,,,0.0350746390176937,0.0,0.12089999999999998,0.8767777777777778,79.07569821999641,181.97705078125,181.97705078125,,
effectiveness_v3_20260918T170342Z_a5939b94,B/splitcifar100/loose/S_star/1/default,S_star,splitcifar100,1,0,skipped,disabled,,,,,,,,,,,,,,,,,,,,,,,,,,,,,,,
effectiveness_v3_20260918T170342Z_a5939b94,B/splitcifar100/loose/S_star/1/default,S_star,splitcifar100,1,1,skipped,disabled,,,,,,,,,,,,,,,,,,,,,,,,,,,,,,,
effectiveness_v3_20260918T170342Z_a5939b94,B/splitcifar100/loose/S_star/1/default,S_star,splitcifar100,1,2,skipped,disabled,,,,,,,,,,,,,,,,,,,,,,,,,,,,,,,
effectiveness_v3_20260918T170342Z_a5939b94,B/splitcifar100/loose/S_star/1/default,S_star,splitcifar100,1,3,skipped,disabled,,,,,,,,,,,,,,,,,,,,,,,,,,,,,,,
effectiveness_v3_20260918T170342Z_a5939b94,B/splitcifar100/loose/S_star/1/default,S_star,splitcifar100,1,4,skipped,disabled,,,,,,,,,,,,,,,,,,,,,,,,,,,,,,,
effectiveness_v3_20260918T170342Z_a5939b94,B/splitcifar100/loose/S_star/1/default,S_star,splitcifar100,1,5,skipped,disabled,,,,,,,,,,,,,,,,,,,,,,,,,,,,,,,
effectiveness_v3_20260918T170342Z_a5939b94,B/splitcifar100/loose/S_star/1/default,S_star,splitcifar100,1,6,skipped,disabled,,,,,,,,,,,,,,,,,,,,,,,,,,,,,,,
effectiveness_v3_20260918T170342Z_a5939b94,B/splitcifar100/loose/S_star/1/default,S_star,splitcifar100,1,7,skipped,disabled,,,,,,,,,,,,,,,,,,,,,,,,,,,,,,,
effectiveness_v3_20260918T170342Z_a5939b94,B/splitcifar100/loose/S_star/1/default,S_star,splitcifar100,1,8,skipped,disabled,,,,,,,,,,,,,,,,,,,,,,,,,,,,,,,
effectiveness_v3_20260918T170342Z_a5939b94,B/splitcifar100/loose/S_star/1/default,S_star,splitcifar100,1,9,skipped,disabled,,,,,,,,,,,,,,,,,,,,,,,,,,,,,,,
effectiveness_v3_20260918T170519Z_efdcf21c,B/splitcifar100/loose/O11/1/default,O11,splitcifar100,1,0,,,0.1268507670928713,0.05,"{""factor_p"": 0.5046248680956603, ""factor_s"": 0.46879062662624377, ""factor_l"": 0.5362231128553961, ""factor_m"": 1.0, ""urge"": 0.1268507670928713}",16.0,200.0,16.122961227348593,203.07403068371482,16,203,advanced,adaptive,16,203,advanced,"{""gem"": true, ""ewc"": true}",203,200,203,,335544320,ok,device_allocator_enforced,0.00023458301438950002,0.00031048202072270215,0.426,1.0,6.422214897000231,91.05810546875,91.05810546875,"{""gem"": true, ""ewc"": true}",
effectiveness_v3_20260918T170519Z_efdcf21c,B/splitcifar100/loose/O11/1/default,O11,splitcifar100,1,1,,,0.21534270474027092,0.05,"{""factor_p"": 0.5056247627073255, ""factor_s"": 0.4803226681326921, ""factor_l"": 0.8866837419444343, ""factor_m"": 1.0, ""urge"": 0.21534270474027092}",16.122961227348593,203.07403068371482,16.389542629123824,209.78939258286567,16,209,advanced,adaptive,16,209,advanced,"{""gem"": true, ""ewc"": true}",209,203,209,,335544320,ok,device_allocator_enforced,0.00024594401475042105,0.0007251109927892685,0.41000000000000003,0.815,14.070850807009265,116.29345703125,116.29345703125,"{""gem"": true, ""ewc"": true}",
effectiveness_v3_20260918T170519Z_efdcf21c,B/splitcifar100/loose/O11/1/default,O11,splitcifar100,1,2,,,0.23758144965059141,0.05,"{""factor_p"": 0.5091864661152183, ""factor_s"": 0.47792061838606226, ""factor_l"": 0.9762924008275989, ""factor_m"": 1.0, ""urge"": 0.23758144965059141}",16.389542629123824,209.78939258286567,16.696980045671946,217.65991225926786,16,217,advanced,adaptive,16,217,advanced,"{""gem"": true, ""ewc"": true}",217,209,217,,335544320,ok,device_allocator_enforced,0.00022476899903267622,0.0008388799906242639,0.35300000000000004,0.8535,20.71349391998956,148.212890625,148.212890625,"{""gem"": true, ""ewc"": true}",
effectiveness_v3_20260918T170519Z_efdcf21c,B/splitcifar100/loose/O11/1/default,O11,splitcifar100,1,3,,,0.24349009473323596,0.05,"{""factor_p"": 0.51045160234593, ""factor_s"": 0.4795946730890791, ""factor_l"": 0.9946089811446952, ""factor_m"": 1.0, ""urge"": 0.24349009473323596}",16.696980045671946,217.65991225926786,17.020050070751548,226.08291966780257,17,226,advanced,adaptive,17,226,advanced,"{""gem"": true, ""ewc"": true}",226,217,226,,335544320,ok,device_allocator_enforced,0.00029602801077999175,0.001465926005039364,0.33275000000000005,0.8266666666666667,26.712089066015324,152.95654296875,152.95654296875,"{""gem"": true, ""ewc"": true}",
effectiveness_v3_20260918T170519Z_efdcf21c,B/splitcifar100/loose/O11/1/default,O11,splitcifar100,1,4,,,0.24519658191058333,0.05,"{""factor_p"": 0.5129096301850194, ""factor_s"": 0.4790903271537333, ""factor_l"": 0.9978290785710408, ""factor_m"": 1.0, ""urge"": 0.24519658191058333}",17.020050070751548,226.08291966780257,17.352275630527316,234.9090422973066,17,234,advanced,adaptive,17,234,advanced,"{""gem"": true, ""ewc"": true}",234,226,234,,335544320,ok,device_allocator_enforced,0.0002953149960376322,0.0016474260191898793,0.2934,0.83475,30.363349131977884,156.67333984375,156.67333984375,"{""gem"": true, ""ewc"": true}",
effectiveness_v3_20260918T170519Z_efdcf21c,B/splitcifar100/loose/O11/1/default,O11,splitcifar100,1,5,,,0.2453551540079245,0.05,"{""factor_p"": 0.5139442998074313, ""factor_s"": 0.4776648738828705, ""factor_l"": 0.9994379266854873, ""factor_m"": 1.0, ""urge"": 0.2453551540079245}",17.352275630527316,234.9090422973066,17.691261278346275,244.08718072447547,17,244,advanced,adaptive,17,244,advanced,"{""gem"": true, ""ewc"": true}",244,234,244,,335544320,ok,device_allocator_enforced,0.0002582400047685951,0.001714916987111792,0.2768333333333333,0.8576,35.77489206698374,160.98095703125,160.98095703125,"{""gem"": true, ""ewc"": true}",
effectiveness_v3_20260918T170519Z_efdcf21c,B/splitcifar100/loose/O11/1/default,O11,splitcifar100,1,6,,,0.24589074657102233,0.05,"{""factor_p"": 0.5157180335553982, ""factor_s"": 0.47686029135151997, ""factor_l"": 0.9998588793262642, ""factor_m"": 1.0, ""urge"": 0.24589074657102233}",17.691261278346275,244.08718072447547,18.0378167163061,253.65006473658218,18,253,advanced,adaptive,18,253,advanced,"{""gem"": true, ""ewc"": true}",253,244,253,,335544320,ok,device_allocator_enforced,0.0002775650063995272,0.002581314998678863,0.24842857142857144,0.8705,41.30464418101474,164.84033203125,164.84033203125,"{""gem"": true, ""ewc"": true}",
effectiveness_v3_20260918T170519Z_efdcf21c,B/splitcifar100/loose/O11/1/default,O11,splitcifar100,1,7,,,0.24625388064929016,0.05,"{""factor_p"": 0.5167359331725903, ""factor_s"": 0.4765885600528146, ""factor_l"": 0.9999327825565911, ""factor_m"": 1.0, ""urge"": 0.24625388064929016}",18.0378167163061,253.65006473658218,18.391815869207672,263.6060266428817,18,263,advanced,adaptive,18,263,advanced,"{""gem"": true, ""ewc"": true}",263,253,263,,335544320,ok,device_allocator_enforced,0.0002286480157636106,0.002027926006121561,0.232125,0.8748571428571428,44.271670137008186,169.33740234375,169.33740234375,"{""gem"": true, ""ewc"": true}",
effectiveness_v3_20260918T170519Z_efdcf21c,B/splitcifar100/loose/O11/1/default,O11,splitcifar100,1,8,,,0.25009339331079206,0.05,"{""factor_p"": 0.5183459270173322, ""factor_s"": 0.48248373355952323, ""factor_l"": 0.9999996607992214, ""factor_m"": 1.0, ""urge"": 0.25009339331079206}",18.391815869207672,263.6060266428817,18.759823953849377,274.15519151651154,18,274,advanced,adaptive,18,274,advanced,"{""gem"": true, ""ewc"": true}",274,263,274,,335544320,ok,device_allocator_enforced,0.0002633059921208769,0.002426138991722837,0.20633333333333334,0.780375,65.42832113199984,173.02978515625,173.02978515625,"{""gem"": true, ""ewc"": true}",
effectiveness_v3_20260918T170519Z_efdcf21c,B/splitcifar100/loose/O11/1/default,O11,splitcifar100,1,9,,last_experience,0.24992329173365654,0.05,"{""factor_p"": 0.5196336494765408, ""factor_s"": 0.4809605992492871, ""factor_l"": 0.9999999211411119, ""factor_m"": 0.9999999999999998, ""urge"": 0.24992329173365654}",18.759823953849377,274.15519151651154,19.134876529569123,285.117193183282,19,285,advanced,,,,,,,,,,,,,0.03277912101475522,0.0,0.1857,0.8047777777777778,71.26405085599981,177.1787109375,177.1787109375,,
effectiveness_v3_20260918T171142Z_552f5e4f,B/splitcifar100/loose/R11/1/default,R11,splitcifar100,1,0,,,0.13027041153411212,0.05,"{""factor_p"": 0.5006249996744794, ""factor_s"": 0.46879062662624377, ""factor_l"": 0.5550784060425659, ""factor_m"": 1.0, ""urge"": 0.13027041153411212}",16.0,200.0,16.128432658454578,203.2108164613645,16,203,advanced,fixed_default,16,203,default,"{""gem"": false, ""ewc"": false}",203,200,203,,335544320,ok,device_allocator_enforced,0.00031136098550632596,0.000312110991217196,0.49,1.0,6.726473148009973,91.05810546875,91.05810546875,"{""gem"": false, ""ewc"": false}",
effectiveness_v3_20260918T171142Z_552f5e4f,B/splitcifar100/loose/R11/1/default,R11,splitcifar100,1,1,,,0.1497363460214054,0.05,"{""factor_p"": 0.5049060925397152, ""factor_s"": 0.4836308518930503, ""factor_l"": 0.6132006718773501, ""factor_m"": 1.0, ""urge"": 0.1497363460214054}",16.128432658454578,203.2108164613645,16.289291752495235,207.26431732254107,16,207,advanced,fixed_default,16,207,default,"{""gem"": false, ""ewc"": false}",207,203,207,,335544320,ok,device_allocator_enforced,0.0002259810280520469,0.0004714260285254568,0.4215,0.762,7.684772801992949,116.29345703125,116.29345703125,"{""gem"": false, ""ewc"": false}",
effectiveness_v3_20260918T171142Z_552f5e4f,B/splitcifar100/loose/R11/1/default,R11,splitcifar100,1,2,,,0.1522592394602364,0.05,"{""factor_p"": 0.5062913346129484, ""factor_s"": 0.48781491312279696, ""factor_l"": 0.6164929133674812, ""factor_m"": 1.0, ""urge"": 0.1522592394602364}",16.289291752495235,207.26431732254107,16.45586481109084,211.5032556138707,16,211,advanced,fixed_default,16,211,default,"{""gem"": false, ""ewc"": false}",211,207,211,,335544320,ok,device_allocator_enforced,0.0002721390046644956,0.0006665920082014054,0.3993333333333333,0.6950000000000001,7.7403828499955125,116.29345703125,116.29345703125,"{""gem"": false, ""ewc"": false}",
effectiveness_v3_20260918T171142Z_552f5e4f,B/splitcifar100/loose/R11/1/default,R11,splitcifar100,1,3,,,0.14905485262995613,0.05,"{""factor_p"": 0.5048123513945041, ""factor_s"": 0.49104262510600416, ""factor_l"": 0.6013079617934952, ""factor_m"": 1.0, ""urge"": 0.14905485262995613}",16.45586481109084,211.5032556138707,16.61886813746695,215.6933403769883,16,215,advanced,fixed_default,16,215,default,"{""gem"": false, ""ewc"": false}",215,211,215,,335544320,ok,device_allocator_enforced,0.00023745300131849945,0.0007396760047413409,0.423,0.6433333333333333,7.485299673979171,116.29345703125,116.29345703125,"{""gem"": false, ""ewc"": false}",
effectiveness_v3_20260918T171142Z_552f5e4f,B/splitcifar100/loose/R11/1/default,R11,splitcifar100,1,4,,,0.15407466754679364,0.05,"{""factor_p"": 0.5036624344968303, ""factor_s"": 0.4934847437885943, ""factor_l"": 0.6198947354780373, ""factor_m"": 1.0, ""urge"": 0.15407466754679364}",16.61886813746695,215.6933403769883,16.79182845510804,220.1829829153468,16,220,advanced,fixed_default,16,220,default,"{""gem"": false, ""ewc"": false}",220,215,220,,335544320,ok,device_allocator_enforced,0.00020912097534164786,0.0008500829862896353,0.44139999999999996,0.60425,7.7980337610060815,116.29345703125,116.29345703125,"{""gem"": false, ""ewc"": false}",
effectiveness_v3_20260918T171142Z_552f5e4f,B/splitcifar100/loose/R11/1/default,R11,splitcifar100,1,5,,,0.15337160504019334,0.05,"{""factor_p"": 0.5028437193375143, ""factor_s"": 0.494637705598845, ""factor_l"": 0.6166300901220771, ""factor_m"": 1.0, ""urge"": 0.15337160504019334}",16.79182845510804,220.1829829153468,16.965408281004446,224.73511658464616,16,224,advanced,fixed_default,16,224,default,"{""gem"": false, ""ewc"": false}",224,220,224,,335544320,ok,device_allocator_enforced,0.00033033397630788386,0.0011791940196417272,0.45449999999999996,0.5858,7.742703813972184,116.29345703125,116.29345703125,"{""gem"": false, ""ewc"": false}",
effectiveness_v3_20260918T171142Z_552f5e4f,B/splitcifar100/loose/R11/1/default,R11,splitcifar100,1,6,,,0.15530175973079724,0.05,"{""factor_p"": 0.5030535334659225, ""factor_s"": 0.4960521653745018, ""factor_l"": 0.6223501852482896, ""factor_m"": 1.0, ""urge"": 0.15530175973079724}",16.965408281004446,224.73511658464616,17.144057015658568,229.46811723457998,17,229,advanced,fixed_default,17,229,default,"{""gem"": false, ""ewc"": false}",229,224,229,,335544320,ok,device_allocator_enforced,0.0002635830023791641,0.0011560189886949956,0.4511428571428571,0.5631666666666666,7.839770268998109,116.29345703125,116.29345703125,"{""gem"": false, ""ewc"": false}",
effectiveness_v3_20260918T171142Z_552f5e4f,B/splitcifar100/loose/R11/1/default,R11,splitcifar100,1,7,,,0.1454129277995692,0.05,"{""factor_p"": 0.5025468529729102, ""factor_s"": 0.49638399161497737, ""factor_l"": 0.582919648049425, ""factor_m"": 1.0, ""urge"": 0.1454129277995692}",17.144057015658568,229.46811723457998,17.30763348308124,233.8469622149812,17,233,advanced,fixed_default,17,233,default,"{""gem"": false, ""ewc"": false}",233,229,233,,335544320,ok,device_allocator_enforced,0.00023953701020218432,0.0012346669973339885,0.45925000000000005,0.5578571428571428,7.180709770007525,121.11474609375,121.11474609375,"{""gem"": false, ""ewc"": false}",
effectiveness_v3_20260918T171142Z_552f5e4f,B/splitcifar100/loose/R11/1/default,R11,splitcifar100,1,8,,,0.14152505337278182,0.05,"{""factor_p"": 0.501986100665193, ""factor_s"": 0.4966328634017554, ""factor_l"": 0.5676833812547528, ""factor_m"": 1.0, ""urge"": 0.14152505337278182}",17.30763348308124,233.8469622149812,17.466041690910792,238.12753335453903,17,238,advanced,fixed_default,17,238,default,"{""gem"": false, ""ewc"": false}",238,233,238,,335544320,ok,device_allocator_enforced,0.00023936101933941245,0.0012176849995739758,0.46822222222222226,0.553875,6.93125034699915,121.11474609375,121.11474609375,"{""gem"": false, ""ewc"": false}",
effectiveness_v3_20260918T171142Z_552f5e4f,B/splitcifar100/loose/R11/1/default,R11,splitcifar100,1,9,,last_experience,0.14813460798332245,0.05,"{""factor_p"": 0.5022312351891501, ""factor_s"": 0.4977569594916319, ""factor_l"": 0.5925642853009715, ""factor_m"": 1.0, ""urge"": 0.14813460798332245}",17.466041690910792,238.12753335453903,17.63744400634658,242.80124378169566,17,242,advanced,,,,,,,,,,,,,0.030695518013089895,0.0,0.46430000000000005,0.5358888888888889,7.339932739996584,121.11474609375,121.11474609375,,
effectiveness_v3_20260918T171321Z_0b9d1439,B/splitcifar100/loose/F11/1/default,F11,splitcifar100,1,0,,,0.20225905253377705,0.05,"{""factor_p"": 0.5008124992848314, ""factor_s"": 0.46879062662624377, ""factor_l"": 0.8614972382823995, ""factor_m"": 1.0, ""urge"": 0.20225905253377705}",16.0,200.0,16.243614484054042,206.0903621013511,16,206,advanced,fixed_advanced,16,206,advanced,"{""gem"": true, ""ewc"": true}",206,200,206,,335544320,ok,device_allocator_enforced,0.000281250016996637,0.0005021390097681433,0.487,1.0,13.15275427600136,92.20361328125,92.20361328125,"{""gem"": true, ""ewc"": true}",
effectiveness_v3_20260918T171321Z_0b9d1439,B/splitcifar100/loose/F11/1/default,F11,splitcifar100,1,1,,,0.23562831105978913,0.05,"{""factor_p"": 0.5058747296425347, ""factor_s"": 0.4767667429566659, ""factor_l"": 0.9769639344170906, ""factor_m"": 1.0, ""urge"": 0.23562831105978913}",16.243614484054042,206.0903621013511,16.545141956272168,213.74160326986592,16,213,advanced,fixed_advanced,16,213,advanced,"{""gem"": true, ""ewc"": true}",213,206,213,,335544320,ok,device_allocator_enforced,0.00022400901070795953,0.0009788979950826615,0.406,0.872,20.831182658002945,148.212890625,148.212890625,"{""gem"": true, ""ewc"": true}",
effectiveness_v3_20260918T171321Z_0b9d1439,B/splitcifar100/loose/F11/1/default,F11,splitcifar100,1,2,,,0.2432617812243478,0.05,"{""factor_p"": 0.5080409733494183, ""factor_s"": 0.4811963722225017, ""factor_l"": 0.995068087891505, ""factor_m"": 1.0, ""urge"": 0.2432617812243478}",16.545141956272168,213.74160326986592,16.864896316780055,222.00321986380234,16,222,advanced,fixed_advanced,16,222,advanced,"{""gem"": true, ""ewc"": true}",222,213,222,,335544320,ok,device_allocator_enforced,0.00024385200231336057,0.0013105090183671564,0.37133333333333335,0.8009999999999999,27.069965539005352,152.95654296875,152.95654296875,"{""gem"": true, ""ewc"": true}",
effectiveness_v3_20260918T171321Z_0b9d1439,B/splitcifar100/loose/F11/1/default,F11,splitcifar100,1,3,,,0.24402752448035875,0.05,"{""factor_p"": 0.5104984567722248, ""factor_s"": 0.4786172166024682, ""factor_l"": 0.9987483248633765, ""factor_m"": 1.0, ""urge"": 0.24402752448035875}",16.864896316780055,222.00321986380234,17.19212172507633,230.61816689917083,17,230,advanced,fixed_advanced,17,230,advanced,"{""gem"": true, ""ewc"": true}",230,222,230,,335544320,ok,device_allocator_enforced,0.00023876799969002604,0.001317620015470311,0.332,0.8423333333333334,32.569708163006,156.64892578125,156.64892578125,"{""gem"": true, ""ewc"": true}",
effectiveness_v3_20260918T171321Z_0b9d1439,B/splitcifar100/loose/F11/1/default,F11,splitcifar100,1,4,,,0.24616426638225136,0.05,"{""factor_p"": 0.5105359401804876, ""factor_s"": 0.4823666908443577, ""factor_l"": 0.9995887949121749, ""factor_m"": 1.0, ""urge"": 0.24616426638225136}",17.19212172507633,230.61816689917083,17.529369719651726,239.66597560400993,17,239,advanced,fixed_advanced,17,239,advanced,"{""gem"": true, ""ewc"": true}",239,230,239,,335544320,ok,device_allocator_enforced,0.00021858297986909747,0.0014584259770344943,0.33140000000000003,0.78225,37.02565666200826,160.98095703125,160.98095703125,"{""gem"": true, ""ewc"": true}",
effectiveness_v3_20260918T171321Z_0b9d1439,B/splitcifar100/loose/F11/1/default,F11,splitcifar100,1,5,,,0.24549011234818938,0.05,"{""factor_p"": 0.5123204222226275, ""factor_s"": 0.4792369470871878, ""factor_l"": 0.9998665593656335, ""factor_m"": 1.0, ""urge"": 0.24549011234818938}",17.529369719651726,239.66597560400993,17.87205156524049,249.03644130338316,17,249,advanced,fixed_advanced,17,249,advanced,"{""gem"": true, ""ewc"": true}",249,239,249,,335544320,ok,device_allocator_enforced,0.0002500000118743628,0.0018278610077686608,0.30283333333333334,0.8324,41.52850960101932,164.84033203125,164.84033203125,"{""gem"": true, ""ewc"": true}",
effectiveness_v3_20260918T171321Z_0b9d1439,B/splitcifar100/loose/F11/1/default,F11,splitcifar100,1,6,,,0.24550814423380307,0.05,"{""factor_p"": 0.5146029886674026, ""factor_s"": 0.47709936683232584, ""factor_l"": 0.9999649073674847, ""factor_m"": 1.0, ""urge"": 0.24550814423380307}",17.87205156524049,249.03644130338316,18.22146472875759,258.7741718005461,18,258,advanced,fixed_advanced,18,258,advanced,"{""gem"": true, ""ewc"": true}",258,249,258,,335544320,ok,device_allocator_enforced,0.00022327699116431177,0.0020143150177318603,0.2662857142857143,0.8666666666666667,46.871564961998956,169.31298828125,169.31298828125,"{""gem"": true, ""ewc"": true}",
effectiveness_v3_20260918T171321Z_0b9d1439,B/splitcifar100/loose/F11/1/default,F11,splitcifar100,1,7,,,0.24596580381706498,0.05,"{""factor_p"": 0.5161584337911534, ""factor_s"": 0.47653510634165097, ""factor_l"": 0.9999926400117809, ""factor_m"": 1.0, ""urge"": 0.24596580381706498}",18.22146472875759,258.7741718005461,18.578543126987114,268.91634951734403,18,268,advanced,fixed_advanced,18,268,advanced,"{""gem"": true, ""ewc"": true}",268,258,268,,335544320,ok,device_allocator_enforced,0.0003026199992746115,0.0034885370114352554,0.241375,0.8757142857142857,53.11940740098362,173.02978515625,173.02978515625,"{""gem"": true, ""ewc"": true}",
effectiveness_v3_20260918T171321Z_0b9d1439,B/splitcifar100/loose/F11/1/default,F11,splitcifar100,1,8,,,0.2460200064194444,0.05,"{""factor_p"": 0.5169310242904088, ""factor_s"": 0.4759248815398038, ""factor_l"": 0.9999986583214115, ""factor_m"": 0.9999999999999998, ""urge"": 0.2460200064194444}",18.578543126987114,268.91634951734403,18.942719741288705,279.4589464290807,18,279,advanced,fixed_advanced,18,279,advanced,"{""gem"": true, ""ewc"": true}",279,268,279,,335544320,ok,device_allocator_enforced,0.00021028699120506644,0.0023567119787912816,0.22899999999999998,0.8855,59.92797877101111,177.1787109375,177.1787109375,"{""gem"": true, ""ewc"": true}",
effectiveness_v3_20260918T171321Z_0b9d1439,B/splitcifar100/loose/F11/1/default,F11,splitcifar100,1,9,,last_experience,0.25004432451195197,0.05,"{""factor_p"": 0.5183604907016484, ""factor_s"": 0.48237536060891534, ""factor_l"": 0.9999999835402398, ""factor_m"": 0.9999999999999989, ""urge"": 0.25004432451195197}",18.942719741288705,279.4589464290807,19.321658098795236,290.63978166252616,19,290,advanced,,,,,,,,,,,,,0.03191546301241033,0.0,0.2061,0.7821111111111111,77.53101672200137,181.97705078125,181.97705078125,,
effectiveness_v3_20260918T172038Z_15039b60,B/splitcifar100/loose/S0/1/default,S0,splitcifar100,1,0,skipped,disabled,,,,,,,,,,,,,,,,,,,,,,,,,,,,,,,
effectiveness_v3_20260918T172038Z_15039b60,B/splitcifar100/loose/S0/1/default,S0,splitcifar100,1,1,skipped,disabled,,,,,,,,,,,,,,,,,,,,,,,,,,,,,,,
effectiveness_v3_20260918T172038Z_15039b60,B/splitcifar100/loose/S0/1/default,S0,splitcifar100,1,2,skipped,disabled,,,,,,,,,,,,,,,,,,,,,,,,,,,,,,,
effectiveness_v3_20260918T172038Z_15039b60,B/splitcifar100/loose/S0/1/default,S0,splitcifar100,1,3,skipped,disabled,,,,,,,,,,,,,,,,,,,,,,,,,,,,,,,
effectiveness_v3_20260918T172038Z_15039b60,B/splitcifar100/loose/S0/1/default,S0,splitcifar100,1,4,skipped,disabled,,,,,,,,,,,,,,,,,,,,,,,,,,,,,,,
effectiveness_v3_20260918T172038Z_15039b60,B/splitcifar100/loose/S0/1/default,S0,splitcifar100,1,5,skipped,disabled,,,,,,,,,,,,,,,,,,,,,,,,,,,,,,,
effectiveness_v3_20260918T172038Z_15039b60,B/splitcifar100/loose/S0/1/default,S0,splitcifar100,1,6,skipped,disabled,,,,,,,,,,,,,,,,,,,,,,,,,,,,,,,
effectiveness_v3_20260918T172038Z_15039b60,B/splitcifar100/loose/S0/1/default,S0,splitcifar100,1,7,skipped,disabled,,,,,,,,,,,,,,,,,,,,,,,,,,,,,,,
effectiveness_v3_20260918T172038Z_15039b60,B/splitcifar100/loose/S0/1/default,S0,splitcifar100,1,8,skipped,disabled,,,,,,,,,,,,,,,,,,,,,,,,,,,,,,,
effectiveness_v3_20260918T172038Z_15039b60,B/splitcifar100/loose/S0/1/default,S0,splitcifar100,1,9,skipped,disabled,,,,,,,,,,,,,,,,,,,,,,,,,,,,,,,
effectiveness_v3_20260918T172216Z_c03835a6,B/splitcifar100/loose/O11/2/default,O11,splitcifar100,2,0,,,0.12646136577423658,0.05,"{""factor_p"": 0.5028124703372895, ""factor_s"": 0.46879062662624377, ""factor_l"": 0.5365039307658255, ""factor_m"": 1.0, ""urge"": 0.12646136577423658}",16.0,200.0,16.122338185238778,203.05845463096946,16,203,advanced,adaptive,16,203,advanced,"{""gem"": true, ""ewc"": true}",203,200,203,,335544320,ok,device_allocator_enforced,0.0002172399836126715,0.0002835000050254166,0.455,1.0,6.426731874991674,91.05810546875,91.05810546875,"{""gem"": true, ""ewc"": true}",
effectiveness_v3_20260918T172216Z_c03835a6,B/splitcifar100/loose/O11/2/default,O11,splitcifar100,2,1,,,0.21240145652864714,0.05,"{""factor_p"": 0.5047811042705891, ""factor_s"": 0.47520784804643396, ""factor_l"": 0.8854637713835346, ""factor_m"": 1.0, ""urge"": 0.21240145652864714}",16.122338185238778,203.05845463096946,16.3841673056318,209.6538523894746,16,209,advanced,adaptive,16,209,advanced,"{""gem"": true, ""ewc"": true}",209,203,209,,335544320,ok,device_allocator_enforced,0.00021575900609605014,0.000645713007543236,0.4235,0.897,14.022509390022606,116.29345703125,116.29345703125,"{""gem"": true, ""ewc"": true}",
effectiveness_v3_20260918T172216Z_c03835a6,B/splitcifar100/loose/O11/2/default,O11,splitcifar100,2,2,,,0.23853717091341306,0.05,"{""factor_p"": 0.5068329079268443, ""factor_s"": 0.48104034504651483, ""factor_l"": 0.9783849342544362, ""factor_m"": 1.0, ""urge"": 0.23853717091341306}",16.3841673056318,209.6538523894746,16.69306976078938,217.55936122959656,16,217,advanced,adaptive,16,217,advanced,"{""gem"": true, ""ewc"": true}",217,209,217,,335544320,ok,device_allocator_enforced,0.00021912899683229625,0.0009373140055686235,0.39066666666666666,0.8035,21.09167844199692,148.212890625,148.212890625,"{""gem"": true, ""ewc"": true}",
effectiveness_v3_20260918T172216Z_c03835a6,B/splitcifar100/loose/O11/2/default,O11,splitcifar100,2,3,,,0.24468325070606142,0.05,"{""factor_p"": 0.5085772834794624, ""factor_s"": 0.483214643259379, ""factor_l"": 0.9956511444824755, ""factor_m"": 1.0, ""urge"": 0.24468325070606142}",16.69306976078938,217.55936122959656,17.018055869318736,226.030393962739,17,226,advanced,adaptive,17,226,advanced,"{""gem"": true, ""ewc"": true}",226,217,226,,335544320,ok,device_allocator_enforced,0.00023280500317923725,0.0011849720031023026,0.36275,0.7686666666666666,27.57556485198438,152.95654296875,152.95654296875,"{""gem"": true, ""ewc"": true}",
effectiveness_v3_20260918T172216Z_c03835a6,B/splitcifar100/loose/O11/2/default,O11,splitcifar100,2,4,,,0.24489502035499455,0.05,"{""factor_p"": 0.510923261718353, ""factor_s"": 0.48019786296190325, ""factor_l"": 0.998168948144185, ""factor_m"": 1.0, ""urge"": 0.24489502035499455}",17.018055869318736,226.030393962739,17.349729303824066,234.8408336091821,17,234,advanced,adaptive,17,234,advanced,"{""gem"": true, ""ewc"": true}",234,226,234,,335544320,ok,device_allocator_enforced,0.00024772199685685337,0.0016479810001328588,0.32520000000000004,0.817,31.04575578699587,156.67333984375,156.67333984375,"{""gem"": true, ""ewc"": true}",
effectiveness_v3_20260918T172216Z_c03835a6,B/splitcifar100/loose/O11/2/default,O11,splitcifar100,2,5,,,0.24551555106720288,0.05,"{""factor_p"": 0.5121122132576611, ""factor_s"": 0.4797236259840897, ""factor_l"": 0.999361845964221, ""factor_m"": 1.0, ""urge"": 0.24551555106720288}",17.349729303824066,234.8408336091821,17.68894349239446,244.0238406084182,17,244,advanced,adaptive,17,244,advanced,"{""gem"": true, ""ewc"": true}",244,234,244,,335544320,ok,device_allocator_enforced,0.00022054699365980923,0.0015253520105034113,0.3061666666666667,0.8246,35.26679798000259,160.98095703125,160.98095703125,"{""gem"": true, ""ewc"": true}",
effectiveness_v3_20260918T172216Z_c03835a6,B/splitcifar100/loose/O11/2/default,O11,splitcifar100,2,6,,,0.24594558921623622,0.05,"{""factor_p"": 0.5142015363366457, ""factor_s"": 0.478378076360309, ""factor_l"": 0.9998489625827819, ""factor_m"": 1.0, ""urge"": 0.24594558921623622}",17.68894349239446,244.0238406084182,18.035550537917455,253.58691965458328,18,253,advanced,adaptive,18,253,advanced,"{""gem"": true, ""ewc"": true}",253,244,253,,335544320,ok,device_allocator_enforced,0.00031003798358142376,0.0021735650079790503,0.27271428571428574,0.8461666666666666,41.03295556499506,164.84033203125,164.84033203125,"{""gem"": true, ""ewc"": true}",
effectiveness_v3_20260918T172216Z_c03835a6,B/splitcifar100/loose/O11/2/default,O11,splitcifar100,2,7,,,0.24623156268562954,0.05,"{""factor_p"": 0.5155886961598213, ""factor_s"": 0.4776042810773184, ""factor_l"": 0.9999358130181605, ""factor_m"": 1.0, ""urge"": 0.24623156268562954}",18.035550537917455,253.58691965458328,18.389464964512573,263.53927115867407,18,263,advanced,adaptive,18,263,advanced,"{""gem"": true, ""ewc"": true}",263,253,263,,335544320,ok,device_allocator_enforced,0.000332741008605808,0.002714843023568392,0.2505,0.8585714285714285,44.45621175298584,169.33740234375,169.33740234375,"{""gem"": true, ""ewc"": true}",
effectiveness_v3_20260918T172216Z_c03835a6,B/splitcifar100/loose/O11/2/default,O11,splitcifar100,2,8,,,0.24620813956807183,0.05,"{""factor_p"": 0.5161887839456689, ""factor_s"": 0.47697722912740526, ""factor_l"": 0.9999912420194674, ""factor_m"": 1.0, ""urge"": 0.24620813956807183}",18.389464964512573,263.53927115867407,18.7502812353465,273.88098117810785,18,273,advanced,adaptive,18,273,advanced,"{""gem"": true, ""ewc"": true}",273,263,273,,335544320,ok,device_allocator_enforced,0.0002944169973488897,0.0028268419846426696,0.2408888888888889,0.868625,52.423773754999274,173.02978515625,173.02978515625,"{""gem"": true, ""ewc"": true}",
effectiveness_v3_20260918T172216Z_c03835a6,B/splitcifar100/loose/O11/2/default,O11,splitcifar100,2,9,,last_experience,0.2501063572766633,0.05,"{""factor_p"": 0.5176926100602887, ""factor_s"": 0.4831175312410377, ""factor_l"": 0.9999999262817972, ""factor_m"": 0.9999999999999998, ""urge"": 0.2501063572766633}",18.7502812353465,273.88098117810785,19.125486282938315,284.8420462722898,19,284,advanced,,,,,,,,,,,,,0.032983529003104195,0.0,0.21680000000000002,0.7702222222222223,71.53369197700522,177.1787109375,177.1787109375,,
effectiveness_v3_20260918T172828Z_112e26f9,B/splitcifar100/loose/R11/2/default,R11,splitcifar100,2,0,,,0.12421115524298999,0.05,"{""factor_p"": 0.5039999146688512, ""factor_s"": 0.46879062662624377, ""factor_l"": 0.5257160288098813, ""factor_m"": 1.0, ""urge"": 0.12421115524298999}",16.0,200.0,16.118737848388783,202.96844620971962,16,202,advanced,fixed_default,16,202,default,"{""gem"": false, ""ewc"": false}",202,200,202,,335544320,ok,device_allocator_enforced,0.00021065701730549335,0.0003021300071850419,0.436,1.0,6.253447777999099,91.05810546875,91.05810546875,"{""gem"": false, ""ewc"": false}",
effectiveness_v3_20260918T172828Z_112e26f9,B/splitcifar100/loose/R11/2/default,R11,splitcifar100,2,1,,,0.14201768480702692,0.05,"{""factor_p"": 0.5043123930666584, ""factor_s"": 0.47458442363821207, ""factor_l"": 0.5933750859080055, ""factor_m"": 1.0, ""urge"": 0.14201768480702692}",16.118737848388783,202.96844620971962,16.267058742270795,206.7037835115392,16,206,advanced,fixed_default,16,206,default,"{""gem"": false, ""ewc"": false}",206,202,206,,335544320,ok,device_allocator_enforced,0.00021497198031283915,0.00047283299500122666,0.431,0.907,7.353370130003896,116.29345703125,116.29345703125,"{""gem"": false, ""ewc"": false}",
effectiveness_v3_20260918T172828Z_112e26f9,B/splitcifar100/loose/R11/2/default,R11,splitcifar100,2,2,,,0.1477001359278137,0.05,"{""factor_p"": 0.5042290658132281, ""factor_s"": 0.4872527628438866, ""factor_l"": 0.6011719491354651, ""factor_m"": 1.0, ""urge"": 0.1477001359278137}",16.267058742270795,206.7037835115392,16.425988127297355,210.74278106071336,16,210,advanced,fixed_default,16,210,default,"{""gem"": false, ""ewc"": false}",210,206,210,,335544320,ok,device_allocator_enforced,0.0002294910082127899,0.0005498419923242182,0.4323333333333333,0.704,7.483030436997069,116.29345703125,116.29345703125,"{""gem"": false, ""ewc"": false}",
effectiveness_v3_20260918T172828Z_112e26f9,B/splitcifar100/loose/R11/2/default,R11,splitcifar100,2,3,,,0.1472586750708795,0.05,"{""factor_p"": 0.5037811779166474, ""factor_s"": 0.4919173708160457, ""factor_l"": 0.5942193532560679, ""factor_m"": 1.0, ""urge"": 0.1472586750708795}",16.425988127297355,210.74278106071336,16.585745111496447,214.84209379405684,16,214,advanced,fixed_default,16,214,default,"{""gem"": false, ""ewc"": false}",214,210,214,,335544320,ok,device_allocator_enforced,0.00032969500171020627,0.000845203991048038,0.4395,0.6293333333333333,7.367371130007086,116.29345703125,116.29345703125,"{""gem"": false, ""ewc"": false}",
effectiveness_v3_20260918T172828Z_112e26f9,B/splitcifar100/loose/R11/2/default,R11,splitcifar100,2,4,,,0.1545966165976078,0.05,"{""factor_p"": 0.5038374246516634, ""factor_s"": 0.49368783536305866, ""factor_l"": 0.6215229007840278, ""factor_m"": 1.0, ""urge"": 0.1545966165976078}",16.585745111496447,214.84209379405684,16.75922639373773,219.33644501677767,16,219,advanced,fixed_default,16,219,default,"{""gem"": false, ""ewc"": false}",219,214,219,,335544320,ok,device_allocator_enforced,0.0002500280097592622,0.0007951849838718772,0.4386,0.601,7.825696701009292,116.29345703125,116.29345703125,"{""gem"": false, ""ewc"": false}",
effectiveness_v3_20260918T172828Z_112e26f9,B/splitcifar100/loose/R11/2/default,R11,splitcifar100,2,5,,,0.15215152737802695,0.05,"{""factor_p"": 0.5029270498955065, ""factor_s"": 0.4940377826176038, ""factor_l"": 0.6123661243521125, ""factor_m"": 1.0, ""urge"": 0.15215152737802695}",16.75922639373773,219.33644501677767,16.930424451117176,223.81755559040377,16,223,advanced,fixed_default,16,223,default,"{""gem"": false, ""ewc"": false}",223,219,223,,335544320,ok,device_allocator_enforced,0.00028215799829922616,0.0009121669863816351,0.4531666666666667,0.5953999999999999,7.670704222982749,116.29345703125,116.29345703125,"{""gem"": false, ""ewc"": false}",
effectiveness_v3_20260918T172828Z_112e26f9,B/splitcifar100/loose/R11/2/default,R11,splitcifar100,2,6,,,0.15303985355040814,0.05,"{""factor_p"": 0.5031606721851892, ""factor_s"": 0.4958021819676252, ""factor_l"": 0.6134644760759389, ""factor_m"": 1.0, ""urge"": 0.15303985355040814}",16.930424451117176,223.81755559040377,17.104875296716113,228.42998122041288,17,228,advanced,fixed_default,17,228,default,"{""gem"": false, ""ewc"": false}",228,223,228,,335544320,ok,device_allocator_enforced,0.0002046670124400407,0.0010127220011781901,0.44942857142857146,0.5671666666666666,7.689222270011669,116.29345703125,116.29345703125,"{""gem"": false, ""ewc"": false}",
effectiveness_v3_20260918T172828Z_112e26f9,B/splitcifar100/loose/R11/2/default,R11,splitcifar100,2,7,,,0.14500622110828684,0.05,"{""factor_p"": 0.5028827805565256, ""factor_s"": 0.4960090133324477, ""factor_l"": 0.581340127392014, ""factor_m"": 1.0, ""urge"": 0.14500622110828684}",17.104875296716113,228.42998122041288,17.26738225316306,232.77043508113056,17,232,advanced,fixed_default,17,232,default,"{""gem"": false, ""ewc"": false}",232,228,232,,335544320,ok,device_allocator_enforced,0.00023530499311164021,0.0009422590082976967,0.45387500000000003,0.5638571428571428,7.154736627009697,121.11474609375,121.11474609375,"{""gem"": false, ""ewc"": false}",
effectiveness_v3_20260918T172828Z_112e26f9,B/splitcifar100/loose/R11/2/default,R11,splitcifar100,2,8,,,0.14436687872942824,0.05,"{""factor_p"": 0.5019236016206351, ""factor_s"": 0.4958750935833897, ""factor_l"": 0.5800396125869213, ""factor_m"": 1.0, ""urge"": 0.14436687872942824}",17.26738225316306,232.77043508113056,17.430329149868953,237.16359896495,17,237,advanced,fixed_default,17,237,default,"{""gem"": false, ""ewc"": false}",237,232,237,,335544320,ok,device_allocator_enforced,0.00025384299806319177,0.0016407690127380192,0.4692222222222222,0.5660000000000001,7.133371967996936,121.11474609375,121.11474609375,"{""gem"": false, ""ewc"": false}",
effectiveness_v3_20260918T172828Z_112e26f9,B/splitcifar100/loose/R11/2/default,R11,splitcifar100,2,9,,last_experience,0.14556377067032045,0.05,"{""factor_p"": 0.5013437467648613, ""factor_s"": 0.4975486307524551, ""factor_l"": 0.5835554900151945, ""factor_m"": 1.0, ""urge"": 0.14556377067032045}",17.430329149868953,237.16359896495,17.59689994762758,241.69644852151688,17,241,advanced,,,,,,,,,,,,,0.030729666003026068,0.0,0.47850000000000004,0.5392222222222223,7.191173226980027,121.11474609375,121.11474609375,,
effectiveness_v3_20260918T173006Z_a240ced0,B/splitcifar100/loose/F11/2/default,F11,splitcifar100,2,0,,,0.20164611250027425,0.05,"{""factor_p"": 0.5026874741191142, ""factor_s"": 0.46879062662624377, ""factor_l"": 0.8556829344129933, ""factor_m"": 1.0, ""urge"": 0.20164611250027425}",16.0,200.0,16.24263378000044,206.06584450001097,16,206,advanced,fixed_advanced,16,206,advanced,"{""gem"": true, ""ewc"": true}",206,200,206,,335544320,ok,device_allocator_enforced,0.00021936101256869733,0.0005519450060091913,0.457,1.0,12.961176659009652,92.20361328125,92.20361328125,"{""gem"": true, ""ewc"": true}",
effectiveness_v3_20260918T173006Z_a240ced0,B/splitcifar100/loose/F11/2/default,F11,splitcifar100,2,1,,,0.2344523012383061,0.05,"{""factor_p"": 0.5098424783923389, ""factor_s"": 0.47090789633476415, ""factor_l"": 0.9765230757367305, ""factor_m"": 1.0, ""urge"": 0.2344523012383061}",16.24263378000044,206.06584450001097,16.542232897889654,213.66770834493934,16,213,advanced,fixed_advanced,16,213,advanced,"{""gem"": true, ""ewc"": true}",213,206,213,,335544320,ok,device_allocator_enforced,0.0002318519982509315,0.0007884539954829961,0.3425,0.966,20.753549491986632,148.212890625,148.212890625,"{""gem"": true, ""ewc"": true}",
effectiveness_v3_20260918T173006Z_a240ced0,B/splitcifar100/loose/F11/2/default,F11,splitcifar100,2,2,,,0.242402007975375,0.05,"{""factor_p"": 0.5129762521796601, ""factor_s"": 0.47495846890065974, ""factor_l"": 0.9949089022916724, ""factor_m"": 1.0, ""urge"": 0.242402007975375}",16.542232897889654,213.66770834493934,16.86050878048468,221.889727569952,16,221,advanced,fixed_advanced,16,221,advanced,"{""gem"": true, ""ewc"": true}",221,213,221,,335544320,ok,device_allocator_enforced,0.0002595100086182356,0.001049712998792529,0.29233333333333333,0.901,26.94225877901772,152.95654296875,152.95654296875,"{""gem"": true, ""ewc"": true}",
effectiveness_v3_20260918T173006Z_a240ced0,B/splitcifar100/loose/F11/2/default,F11,splitcifar100,2,3,,,0.24453707584894416,0.05,"{""factor_p"": 0.5155106467200686, ""factor_s"": 0.4748753452880368, ""factor_l"": 0.998912512552465, ""factor_m"": 1.0, ""urge"": 0.24453707584894416}",16.86050878048468,221.889727569952,17.188508188032774,230.52288332242745,17,230,advanced,fixed_advanced,17,230,advanced,"{""gem"": true, ""ewc"": true}",230,221,230,,335544320,ok,device_allocator_enforced,0.00022818500292487442,0.001312009000685066,0.25175000000000003,0.9023333333333333,33.13281697098864,156.64892578125,156.64892578125,"{""gem"": true, ""ewc"": true}",
effectiveness_v3_20260918T173006Z_a240ced0,B/splitcifar100/loose/F11/2/default,F11,splitcifar100,2,4,,,0.24490343023924302,0.05,"{""factor_p"": 0.5172057038215037, ""factor_s"": 0.47377409062793124, ""factor_l"": 0.999448120736264, ""factor_m"": 1.0, ""urge"": 0.24490343023924302}",17.188508188032774,230.52288332242745,17.523518108687064,239.50882346406382,17,239,advanced,fixed_advanced,17,239,advanced,"{""gem"": true, ""ewc"": true}",239,230,239,,335544320,ok,device_allocator_enforced,0.00023632397642359138,0.00198191698291339,0.22460000000000005,0.9199999999999999,35.848144853982376,160.98095703125,160.98095703125,"{""gem"": true, ""ewc"": true}",
effectiveness_v3_20260918T173006Z_a240ced0,B/splitcifar100/loose/F11/2/default,F11,splitcifar100,2,5,,,0.2459161245580555,0.05,"{""factor_p"": 0.517836178604415, ""factor_s"": 0.47495846890065974, ""factor_l"": 0.9998595085263746, ""factor_m"": 1.0, ""urge"": 0.2459161245580555}",17.523518108687064,239.50882346406382,17.866832084334753,248.89355156217158,17,248,advanced,fixed_advanced,17,248,advanced,"{""gem"": true, ""ewc"": true}",248,239,248,,335544320,ok,device_allocator_enforced,0.0002455919748172164,0.0017538519750814885,0.21450000000000002,0.901,41.32252096000593,164.84033203125,164.84033203125,"{""gem"": true, ""ewc"": true}",
effectiveness_v3_20260918T173006Z_a240ced0,B/splitcifar100/loose/F11/2/default,F11,splitcifar100,2,6,,,0.24516198365460382,0.05,"{""factor_p"": 0.5189997756308504, ""factor_s"": 0.4723926898117722, ""factor_l"": 0.999960369131678, ""factor_m"": 1.0, ""urge"": 0.24516198365460382}",17.866832084334753,248.89355156217158,18.215524723455,258.60846341051416,18,258,advanced,fixed_advanced,18,258,advanced,"{""gem"": true, ""ewc"": true}",258,248,258,,335544320,ok,device_allocator_enforced,0.0003157589817419648,0.0023461480159312487,0.1958571428571429,0.9421666666666666,46.385078371997224,169.31298828125,169.31298828125,"{""gem"": true, ""ewc"": true}",
effectiveness_v3_20260918T173006Z_a240ced0,B/splitcifar100/loose/F11/2/default,F11,splitcifar100,2,7,,,0.24617454407987938,0.05,"{""factor_p"": 0.5199893401555818, ""factor_s"": 0.4734268470876026, ""factor_l"": 0.9999903737962111, ""factor_m"": 1.0, ""urge"": 0.24617454407987938}",18.215524723455,258.60846341051416,18.572866949234957,268.7549428914653,18,268,advanced,fixed_advanced,18,268,advanced,"{""gem"": true, ""ewc"": true}",268,258,268,,335544320,ok,device_allocator_enforced,0.00026693500694818795,0.002921509003499523,0.18000000000000002,0.9255714285714286,52.04567589901853,173.02978515625,173.02978515625,"{""gem"": true, ""ewc"": true}",
effectiveness_v3_20260918T173006Z_a240ced0,B/splitcifar100/loose/F11/2/default,F11,splitcifar100,2,8,,,0.24635100865834703,0.05,"{""factor_p"": 0.5203359977343339, ""factor_s"": 0.4734468796732959, ""factor_l"": 0.9999981901845664, ""factor_m"": 0.9999999999999998, ""urge"": 0.24635100865834703}",18.572866949234957,268.7549428914653,18.937547065150913,279.30900371519647,18,279,advanced,fixed_advanced,18,279,advanced,"{""gem"": true, ""ewc"": true}",279,268,279,,335544320,ok,device_allocator_enforced,0.00027013898943550885,0.0026318340096622705,0.17444444444444449,0.92525,58.73076345099253,177.1787109375,177.1787109375,"{""gem"": true, ""ewc"": true}",
effectiveness_v3_20260918T173006Z_a240ced0,B/splitcifar100/loose/F11/2/default,F11,splitcifar100,2,9,,last_experience,0.24974701838567695,0.05,"{""factor_p"": 0.5214243737119786, ""factor_s"": 0.4789707461860379, ""factor_l"": 0.9999999881050167, ""factor_m"": 0.9999999999999989, ""urge"": 0.24974701838567695}",18.937547065150913,279.30900371519647,19.315818921331143,290.4672318552733,19,290,advanced,,,,,,,,,,,,,0.038056674995459616,0.0,0.15700000000000003,0.8366666666666667,78.83022427698597,181.97705078125,181.97705078125,,
effectiveness_v3_20260918T173720Z_d27c9c53,B/splitcifar100/loose/S0/2/default,S0,splitcifar100,2,0,skipped,disabled,,,,,,,,,,,,,,,,,,,,,,,,,,,,,,,
effectiveness_v3_20260918T173720Z_d27c9c53,B/splitcifar100/loose/S0/2/default,S0,splitcifar100,2,1,skipped,disabled,,,,,,,,,,,,,,,,,,,,,,,,,,,,,,,
effectiveness_v3_20260918T173720Z_d27c9c53,B/splitcifar100/loose/S0/2/default,S0,splitcifar100,2,2,skipped,disabled,,,,,,,,,,,,,,,,,,,,,,,,,,,,,,,
effectiveness_v3_20260918T173720Z_d27c9c53,B/splitcifar100/loose/S0/2/default,S0,splitcifar100,2,3,skipped,disabled,,,,,,,,,,,,,,,,,,,,,,,,,,,,,,,
effectiveness_v3_20260918T173720Z_d27c9c53,B/splitcifar100/loose/S0/2/default,S0,splitcifar100,2,4,skipped,disabled,,,,,,,,,,,,,,,,,,,,,,,,,,,,,,,
effectiveness_v3_20260918T173720Z_d27c9c53,B/splitcifar100/loose/S0/2/default,S0,splitcifar100,2,5,skipped,disabled,,,,,,,,,,,,,,,,,,,,,,,,,,,,,,,
effectiveness_v3_20260918T173720Z_d27c9c53,B/splitcifar100/loose/S0/2/default,S0,splitcifar100,2,6,skipped,disabled,,,,,,,,,,,,,,,,,,,,,,,,,,,,,,,
effectiveness_v3_20260918T173720Z_d27c9c53,B/splitcifar100/loose/S0/2/default,S0,splitcifar100,2,7,skipped,disabled,,,,,,,,,,,,,,,,,,,,,,,,,,,,,,,
effectiveness_v3_20260918T173720Z_d27c9c53,B/splitcifar100/loose/S0/2/default,S0,splitcifar100,2,8,skipped,disabled,,,,,,,,,,,,,,,,,,,,,,,,,,,,,,,
effectiveness_v3_20260918T173720Z_d27c9c53,B/splitcifar100/loose/S0/2/default,S0,splitcifar100,2,9,skipped,disabled,,,,,,,,,,,,,,,,,,,,,,,,,,,,,,,
effectiveness_v3_20260918T173859Z_b898a972,B/splitcifar100/loose/S_star/2/default,S_star,splitcifar100,2,0,skipped,disabled,,,,,,,,,,,,,,,,,,,,,,,,,,,,,,,
effectiveness_v3_20260918T173859Z_b898a972,B/splitcifar100/loose/S_star/2/default,S_star,splitcifar100,2,1,skipped,disabled,,,,,,,,,,,,,,,,,,,,,,,,,,,,,,,
effectiveness_v3_20260918T173859Z_b898a972,B/splitcifar100/loose/S_star/2/default,S_star,splitcifar100,2,2,skipped,disabled,,,,,,,,,,,,,,,,,,,,,,,,,,,,,,,
effectiveness_v3_20260918T173859Z_b898a972,B/splitcifar100/loose/S_star/2/default,S_star,splitcifar100,2,3,skipped,disabled,,,,,,,,,,,,,,,,,,,,,,,,,,,,,,,
effectiveness_v3_20260918T173859Z_b898a972,B/splitcifar100/loose/S_star/2/default,S_star,splitcifar100,2,4,skipped,disabled,,,,,,,,,,,,,,,,,,,,,,,,,,,,,,,
effectiveness_v3_20260918T173859Z_b898a972,B/splitcifar100/loose/S_star/2/default,S_star,splitcifar100,2,5,skipped,disabled,,,,,,,,,,,,,,,,,,,,,,,,,,,,,,,
effectiveness_v3_20260918T173859Z_b898a972,B/splitcifar100/loose/S_star/2/default,S_star,splitcifar100,2,6,skipped,disabled,,,,,,,,,,,,,,,,,,,,,,,,,,,,,,,
effectiveness_v3_20260918T173859Z_b898a972,B/splitcifar100/loose/S_star/2/default,S_star,splitcifar100,2,7,skipped,disabled,,,,,,,,,,,,,,,,,,,,,,,,,,,,,,,
effectiveness_v3_20260918T173859Z_b898a972,B/splitcifar100/loose/S_star/2/default,S_star,splitcifar100,2,8,skipped,disabled,,,,,,,,,,,,,,,,,,,,,,,,,,,,,,,
effectiveness_v3_20260918T173859Z_b898a972,B/splitcifar100/loose/S_star/2/default,S_star,splitcifar100,2,9,skipped,disabled,,,,,,,,,,,,,,,,,,,,,,,,,,,,,,,
effectiveness_v3_20260918T174034Z_368f9cd7,D/core50_nc/tight/O11/0/latency,O11,core50_nc,0,0,,,0.24543605876756625,0.05,"{""factor_p"": 0.5040002482402948, ""factor_s"": 0.48750260351578967, ""factor_l"": 0.9989199323536935, ""factor_m"": 0.9999999989669719, ""urge"": 0.24543605876756625}",16.0,200.0,16.312697694028106,207.81744235070266,16,207,advanced,adaptive,16,207,advanced,"{""gem"": true, ""ewc"": true}",207,200,207,,167772160,ok,device_allocator_enforced,0.0002031019830610603,0.0002751849824562669,0.4199933281441121,1.0,32.94581796499551,91.03076171875,91.03076171875,"{""gem"": true, ""ewc"": true}",
effectiveness_v3_20260918T174034Z_368f9cd7,D/core50_nc/tight/O11/0/latency,O11,core50_nc,0,1,,,0.24364467713116295,0.05,"{""factor_p"": 0.496207692243419, ""factor_s"": 0.4911009620720301, ""factor_l"": 0.9998239069824836, ""factor_m"": 0.9999980046858006, ""urge"": 0.24364467713116295}",16.312697694028106,207.81744235070266,16.62858440183794,215.86599065594783,16,215,advanced,adaptive,16,215,advanced,"{""gem"": true, ""ewc"": true}",215,207,215,,167772160,ok,device_allocator_enforced,0.00019170300220139325,0.0005852589965797961,0.5758476095670505,0.855999110419215,37.4824957959936,116.2509765625,116.2509765625,"{""gem"": true, ""ewc"": true}",
effectiveness_v3_20260918T174203Z_034c0a94,D/core50_nc/tight/O11/1/latency,O11,core50_nc,1,0,,,0.24264794212291,0.05,"{""factor_p"": 0.4985572151687141, ""factor_s"": 0.48750260351578967, ""factor_l"": 0.9983542422860878, ""factor_m"": 0.9999999989669719, ""urge"": 0.24264794212291}",16.0,200.0,16.308236707396656,207.7059176849164,16,207,advanced,adaptive,16,207,advanced,"{""gem"": true, ""ewc"": true}",207,200,207,,167772160,ok,device_allocator_enforced,0.00020920298993587494,0.00024670400307513773,0.528855776715223,1.0,31.891458759986563,91.03076171875,91.03076171875,"{""gem"": true, ""ewc"": true}",
effectiveness_v3_20260918T174203Z_034c0a94,D/core50_nc/tight/O11/1/latency,O11,core50_nc,1,1,,,0.24247238238072735,0.05,"{""factor_p"": 0.4926300848823298, ""factor_s"": 0.49244052936329435, ""factor_l"": 0.9995129515116999, ""factor_m"": 0.9999980046858006, ""urge"": 0.24247238238072735}",16.308236707396656,207.7059176849164,16.622125224546803,215.7014482471946,16,215,advanced,adaptive,16,215,advanced,"{""gem"": true, ""ewc"": true}",215,207,215,,167772160,ok,device_allocator_enforced,0.00019891600823029876,0.0007572130125481635,0.6474089784577227,0.8024018681196485,34.938339851010824,116.2509765625,116.2509765625,"{""gem"": true, ""ewc"": true}",
effectiveness_v3_20260918T174329Z_f90e0766,D/core50_nc/tight/O11/2/latency,O11,core50_nc,2,0,,,0.24169869241482153,0.05,"{""factor_p"": 0.49741189901823957, ""factor_s"": 0.48750260351578967, ""factor_l"": 0.9967384038723747, ""factor_m"": 0.9999999989669719, ""urge"": 0.24169869241482153}",16.0,200.0,16.306717907863714,207.66794769659285,16,207,advanced,adaptive,16,207,advanced,"{""gem"": true, ""ewc"": true}",207,200,207,,167772160,ok,device_allocator_enforced,0.0003447219787631184,0.0002940929844044149,0.5517624819303903,1.0,30.17736974998843,91.03076171875,91.03076171875,"{""gem"": true, ""ewc"": true}",
effectiveness_v3_20260918T174329Z_f90e0766,D/core50_nc/tight/O11/2/latency,O11,core50_nc,2,1,,,0.24258369848203767,0.05,"{""factor_p"": 0.4928971833119136, ""factor_s"": 0.49228210977069276, ""factor_l"": 0.9997515591915752, ""factor_m"": 0.9999980046858006, ""urge"": 0.24258369848203767}",16.306717907863714,207.66794769659285,16.620758712343683,215.6666399813097,16,215,advanced,adaptive,16,215,advanced,"{""gem"": true, ""ewc"": true}",215,207,215,,167772160,ok,device_allocator_enforced,0.0002617310092318803,0.0007239360129460692,0.6420658905758737,0.8087401312131657,36.621834243997,116.2509765625,116.2509765625,"{""gem"": true, ""ewc"": true}",
effectiveness_v3_20260918T174454Z_1ef05ebd,D/core50_nc/tight/O11/0/plasticity_stability,O11,core50_nc,0,0,,,0.19473400349196182,0.05,"{""factor_p"": 0.5009396185981142, ""factor_s"": 0.46257015465625045, ""factor_l"": 0.8403868481244461, ""factor_m"": 0.9999989781017984, ""urge"": 0.19473400349196182}",16.0,200.0,16.23157440558714,205.78936013967848,16,205,advanced,adaptive,16,205,advanced,"{""gem"": true, ""ewc"": true}",205,200,205,,167772160,ok,device_allocator_enforced,0.00020646300981752574,0.0002806670090649277,0.4906038029578561,1.0,32.48278290699818,91.03076171875,91.03076171875,"{""gem"": true, ""ewc"": true}",
effectiveness_v3_20260918T174454Z_1ef05ebd,D/core50_nc/tight/O11/0/plasticity_stability,O11,core50_nc,0,1,,,0.20700831184231172,0.05,"{""factor_p"": 0.4868743834585489, ""factor_s"": 0.47643662683103377, ""factor_l"": 0.8925540897926859, ""factor_m"": 0.9998415328382055, ""urge"": 0.20700831184231172}",16.23157440558714,205.78936013967848,16.48642361518355,212.25148814580655,16,212,advanced,adaptive,16,212,advanced,"{""gem"": true, ""ewc"": true}",212,205,212,,167772160,ok,device_allocator_enforced,0.00019672300550155342,0.0006491480162367225,0.6312863286201962,0.8144112087178916,37.04268614799366,116.2509765625,116.2509765625,"{""gem"": true, ""ewc"": true}",
effectiveness_v3_20260918T174622Z_9a630c92,D/core50_nc/tight/O11/1/plasticity_stability,O11,core50_nc,1,0,,,0.19834775872955646,0.05,"{""factor_p"": 0.49718117075172463, ""factor_s"": 0.46257015465625045, ""factor_l"": 0.8624530456913706, ""factor_m"": 0.9999989781017984, ""urge"": 0.19834775872955646}",16.0,200.0,16.23735641396729,205.93391034918227,16,205,advanced,adaptive,16,205,advanced,"{""gem"": true, ""ewc"": true}",205,200,205,,167772160,ok,device_allocator_enforced,0.0002165100013371557,0.0002746859972830862,0.5281885911264317,1.0,34.229844212008175,91.03076171875,91.03076171875,"{""gem"": true, ""ewc"": true}",
effectiveness_v3_20260918T174622Z_9a630c92,D/core50_nc/tight/O11/1/plasticity_stability,O11,core50_nc,1,1,,,0.20882722459944927,0.05,"{""factor_p"": 0.4875419814562528, ""factor_s"": 0.4764283055398736, ""factor_l"": 0.8991794430129254, ""factor_m"": 0.9998415328382055, ""urge"": 0.20882722459944927}",16.23735641396729,205.93391034918227,16.49524983937354,212.47549263551676,16,212,advanced,adaptive,16,212,advanced,"{""gem"": true, ""ewc"": true}",212,205,212,,167772160,ok,device_allocator_enforced,0.00019832400721497834,0.0006339809915516526,0.6246059752072648,0.8145224063160236,37.753094025014434,116.2509765625,116.2509765625,"{""gem"": true, ""ewc"": true}",
effectiveness_v3_20260918T174753Z_645fa73d,D/core50_nc/tight/O11/2/plasticity_stability,O11,core50_nc,2,0,,,0.18409688806661623,0.05,"{""factor_p"": 0.5023518118563709, ""factor_s"": 0.46257015465625045, ""factor_l"": 0.7922482887719484, ""factor_m"": 0.9999989781017984, ""urge"": 0.18409688806661623}",16.0,200.0,16.214555020906587,205.36387552266464,16,205,advanced,adaptive,16,205,advanced,"{""gem"": true, ""ewc"": true}",205,200,205,,167772160,ok,device_allocator_enforced,0.00021562902838923037,0.0002944819862022996,0.4764817079951073,1.0,29.257002261991147,91.03076171875,91.03076171875,"{""gem"": true, ""ewc"": true}",
effectiveness_v3_20260918T174753Z_645fa73d,D/core50_nc/tight/O11/2/plasticity_stability,O11,core50_nc,2,1,,,0.20782905803780935,0.05,"{""factor_p"": 0.48921429547533407, ""factor_s"": 0.47487245914065984, ""factor_l"": 0.8947443693972665, ""factor_m"": 0.9998415328382055, ""urge"": 0.20782905803780935}",16.214555020906587,205.36387552266464,16.470467815451777,211.84635292841187,16,211,advanced,adaptive,16,211,advanced,"{""gem"": true, ""ewc"": true}",211,205,211,,167772160,ok,device_allocator_enforced,0.00021885198657400906,0.0008540000126231462,0.6078737794703012,0.8353163571666852,37.2731514639745,116.2509765625,116.2509765625,"{""gem"": true, ""ewc"": true}",
effectiveness_v3_20260918T174918Z_0de3e1e6,D/core50_nc/tight/O11/0/memory,O11,core50_nc,0,0,,,0.23470080130672782,0.05,"{""factor_p"": 0.5003349827142529, ""factor_s"": 0.47502081252106, ""factor_l"": 0.9875090058267385, ""factor_m"": 0.9999999999989557, ""urge"": 0.23470080130672782}",16.0,200.0,16.295521282090764,207.3880320522691,16,207,advanced,adaptive,16,207,advanced,"{""gem"": true, ""ewc"": true}",207,200,207,,167772160,ok,device_allocator_enforced,0.00029079700470902026,0.0003063339972868562,0.4866006894251084,1.0,30.438949575996958,91.03076171875,91.03076171875,"{""gem"": true, ""ewc"": true}",
effectiveness_v3_20260918T174918Z_0de3e1e6,D/core50_nc/tight/O11/0/memory,O11,core50_nc,0,1,,,0.2403631862617386,0.05,"{""factor_p"": 0.4970015095310932, ""factor_s"": 0.48444014203473607, ""factor_l"": 0.9983208298480806, ""factor_m"": 0.9999999748801986, ""urge"": 0.2403631862617386}",16.295521282090764,207.3880320522691,16.605728017396242,215.2838413670734,16,215,advanced,adaptive,16,215,advanced,"{""gem"": true, ""ewc"": true}",215,207,215,,167772160,ok,device_allocator_enforced,0.00020694400882348418,0.0006621950014960021,0.6199410566146677,0.8112976759701991,37.16427386002033,116.2509765625,116.2509765625,"{""gem"": true, ""ewc"": true}",
effectiveness_v3_20260918T175044Z_0788d99f,D/core50_nc/tight/O11/1/memory,O11,core50_nc,1,0,,,0.23632583463654097,0.05,"{""factor_p"": 0.5001848659984705, ""factor_s"": 0.47502081252106, ""factor_l"": 0.9946447965277734, ""factor_m"": 0.9999999999989557, ""urge"": 0.23632583463654097}",16.0,200.0,16.298121335418465,207.45303338546162,16,207,advanced,adaptive,16,207,advanced,"{""gem"": true, ""ewc"": true}",207,200,207,,167772160,ok,device_allocator_enforced,0.00022337998962029815,0.00030326799605973065,0.49260535972423,1.0,33.28608053299831,91.03076171875,91.03076171875,"{""gem"": true, ""ewc"": true}",
effectiveness_v3_20260918T175044Z_0788d99f,D/core50_nc/tight/O11/1/memory,O11,core50_nc,1,1,,,0.23998364620514723,0.05,"{""factor_p"": 0.4969931922754522, ""factor_s"": 0.48376252260492303, ""factor_l"": 0.9981573252253159, ""factor_m"": 0.9999999748801986, ""urge"": 0.23998364620514723}",16.298121335418465,207.45303338546162,16.607758987178133,215.33557012523926,16,215,advanced,adaptive,16,215,advanced,"{""gem"": true, ""ewc"": true}",215,207,215,,167772160,ok,device_allocator_enforced,0.00021745299454778433,0.0007169730088207871,0.6202737588387557,0.8248637829422885,36.85399960400537,116.2509765625,116.2509765625,"{""gem"": true, ""ewc"": true}",
effectiveness_v3_20260918T175213Z_3943b81b,D/core50_nc/tight/O11/2/memory,O11,core50_nc,2,0,,,0.23528657265856584,0.05,"{""factor_p"": 0.49892833478903703, ""factor_s"": 0.47502081252106, ""factor_l"": 0.9927647231830589, ""factor_m"": 0.9999999999989557, ""urge"": 0.23528657265856584}",16.0,200.0,16.296458516253704,207.41146290634265,16,207,advanced,adaptive,16,207,advanced,"{""gem"": true, ""ewc"": true}",207,200,207,,167772160,ok,device_allocator_enforced,0.00021757397917099297,0.00030532400705851614,0.5428666740798399,1.0,32.27677418399253,91.03076171875,91.03076171875,"{""gem"": true, ""ewc"": true}",
effectiveness_v3_20260918T175213Z_3943b81b,D/core50_nc/tight/O11/2/memory,O11,core50_nc,2,1,,,0.24022345268259473,0.05,"{""factor_p"": 0.4962704092731665, ""factor_s"": 0.4850233849906486, ""factor_l"": 0.9980087678604176, ""factor_m"": 0.9999999748801986, ""urge"": 0.24022345268259473}",16.296458516253704,207.41146290634265,16.606455376799747,215.30236782634114,16,215,advanced,adaptive,16,215,advanced,"{""gem"": true, ""ewc"": true}",215,207,215,,167772160,ok,device_allocator_enforced,0.00019856402650475502,0.0006460180156864226,0.6491863959943137,0.7996219281663516,36.595052079006564,116.2509765625,116.2509765625,"{""gem"": true, ""ewc"": true}",
effectiveness_v3_20260918T175340Z_168b5058,E/core50_nc/io/static_off/0/default,static_off,core50_nc,0,0,skipped,disabled,,,,,,,,,,,,,,,,,,,,,,,,,,,,,,,
effectiveness_v3_20260918T175340Z_168b5058,E/core50_nc/io/static_off/0/default,static_off,core50_nc,0,1,skipped,disabled,,,,,,,,,,,,,,,,,,,,,,,,,,,,,,,
effectiveness_v3_20260918T175340Z_168b5058,E/core50_nc/io/static_off/0/default,static_off,core50_nc,0,2,skipped,disabled,,,,,,,,,,,,,,,,,,,,,,,,,,,,,,,
effectiveness_v3_20260918T175340Z_168b5058,E/core50_nc/io/static_off/0/default,static_off,core50_nc,0,3,skipped,disabled,,,,,,,,,,,,,,,,,,,,,,,,,,,,,,,
effectiveness_v3_20260918T175340Z_168b5058,E/core50_nc/io/static_off/0/default,static_off,core50_nc,0,4,skipped,disabled,,,,,,,,,,,,,,,,,,,,,,,,,,,,,,,
effectiveness_v3_20260918T175340Z_168b5058,E/core50_nc/io/static_off/0/default,static_off,core50_nc,0,5,skipped,disabled,,,,,,,,,,,,,,,,,,,,,,,,,,,,,,,
effectiveness_v3_20260918T175340Z_168b5058,E/core50_nc/io/static_off/0/default,static_off,core50_nc,0,6,skipped,disabled,,,,,,,,,,,,,,,,,,,,,,,,,,,,,,,
effectiveness_v3_20260918T175340Z_168b5058,E/core50_nc/io/static_off/0/default,static_off,core50_nc,0,7,skipped,disabled,,,,,,,,,,,,,,,,,,,,,,,,,,,,,,,
effectiveness_v3_20260918T175340Z_168b5058,E/core50_nc/io/static_off/0/default,static_off,core50_nc,0,8,skipped,disabled,,,,,,,,,,,,,,,,,,,,,,,,,,,,,,,
effectiveness_v3_20260918T175908Z_5a9860d1,E/core50_nc/io/static_on/0/default,static_on,core50_nc,0,0,skipped,disabled,,,,,,,,,,,,,,,,,,,,,,,,,,,,,,,
effectiveness_v3_20260918T175908Z_5a9860d1,E/core50_nc/io/static_on/0/default,static_on,core50_nc,0,1,skipped,disabled,,,,,,,,,,,,,,,,,,,,,,,,,,,,,,,
effectiveness_v3_20260918T175908Z_5a9860d1,E/core50_nc/io/static_on/0/default,static_on,core50_nc,0,2,skipped,disabled,,,,,,,,,,,,,,,,,,,,,,,,,,,,,,,
effectiveness_v3_20260918T175908Z_5a9860d1,E/core50_nc/io/static_on/0/default,static_on,core50_nc,0,3,skipped,disabled,,,,,,,,,,,,,,,,,,,,,,,,,,,,,,,
effectiveness_v3_20260918T175908Z_5a9860d1,E/core50_nc/io/static_on/0/default,static_on,core50_nc,0,4,skipped,disabled,,,,,,,,,,,,,,,,,,,,,,,,,,,,,,,
effectiveness_v3_20260918T175908Z_5a9860d1,E/core50_nc/io/static_on/0/default,static_on,core50_nc,0,5,skipped,disabled,,,,,,,,,,,,,,,,,,,,,,,,,,,,,,,
effectiveness_v3_20260918T175908Z_5a9860d1,E/core50_nc/io/static_on/0/default,static_on,core50_nc,0,6,skipped,disabled,,,,,,,,,,,,,,,,,,,,,,,,,,,,,,,
effectiveness_v3_20260918T175908Z_5a9860d1,E/core50_nc/io/static_on/0/default,static_on,core50_nc,0,7,skipped,disabled,,,,,,,,,,,,,,,,,,,,,,,,,,,,,,,
effectiveness_v3_20260918T175908Z_5a9860d1,E/core50_nc/io/static_on/0/default,static_on,core50_nc,0,8,skipped,disabled,,,,,,,,,,,,,,,,,,,,,,,,,,,,,,,
effectiveness_v3_20260918T180420Z_b082c5fa,E/core50_nc/io/orion_off/0/default,orion_off,core50_nc,0,0,,,0.2316317349104765,0.05,"{""factor_p"": 0.5012127464264153, ""factor_s"": 0.46879062662624377, ""factor_l"": 0.9858186579020078, ""factor_m"": 1.0, ""urge"": 0.2316317349104765}",16.0,200.0,16.290610775856763,207.26526939641906,16,207,advanced,adaptive,16,207,advanced,"{""gem"": true, ""ewc"": true}",207,200,207,,335544320,ok,device_allocator_enforced,0.0002180740120820701,0.00029504598933272064,0.4805960191259869,1.0,32.83787161001237,91.03076171875,91.03076171875,"{""gem"": true, ""ewc"": true}",
effectiveness_v3_20260918T180420Z_b082c5fa,E/core50_nc/io/orion_off/0/default,orion_off,core50_nc,0,1,,,0.2350226264169195,0.05,"{""factor_p"": 0.49243467705795274, ""factor_s"": 0.4810603006351907, ""factor_l"": 0.9921138871645602, ""factor_m"": 1.0, ""urge"": 0.2350226264169195}",16.290610775856763,207.26526939641906,16.592023935025242,214.93502229816622,16,214,advanced,adaptive,16,214,advanced,"{""gem"": true, ""ewc"": true}",214,207,214,,335544320,ok,device_allocator_enforced,0.00021170300897210836,0.0006461580051109195,0.6210544055585441,0.8031802513065718,35.21062883301056,116.2509765625,116.2509765625,"{""gem"": true, ""ewc"": true}",
effectiveness_v3_20260918T180420Z_b082c5fa,E/core50_nc/io/orion_off/0/default,orion_off,core50_nc,0,2,,,0.24110876649116822,0.05,"{""factor_p"": 0.49783570958199885, ""factor_s"": 0.48433942418718745, ""factor_l"": 0.9999473525602051, ""factor_m"": 1.0, ""urge"": 0.24110876649116822}",16.592023935025242,214.93502229816622,16.909112057806702,223.15021569559707,16,223,advanced,adaptive,16,223,advanced,"{""gem"": true, ""ewc"": true}",223,214,223,,335544320,ok,device_allocator_enforced,0.00019948199042119086,0.0018709909927565604,0.5346288629649553,0.7506511986148663,55.27905177697539,148.1484375,148.1484375,"{""gem"": true, ""ewc"": true}",
effectiveness_v3_20260918T180420Z_b082c5fa,E/core50_nc/io/orion_off/0/default,orion_off,core50_nc,0,3,,,0.24036727727956628,0.05,"{""factor_p"": 0.4985941277454214, ""factor_s"": 0.48209061245212825, ""factor_l"": 0.999998872018039, ""factor_m"": 1.0, ""urge"": 0.24036727727956628}",16.909112057806702,223.15021569559707,17.231006220172677,231.64631549286082,17,231,advanced,adaptive,17,231,advanced,"{""gem"": true, ""ewc"": true}",231,223,231,,335544320,ok,device_allocator_enforced,0.00020203698659315705,0.002086564025375992,0.5224940153519159,0.786672841690605,70.65200765899499,152.85546875,152.85546875,"{""gem"": true, ""ewc"": true}",
effectiveness_v3_20260918T180420Z_b082c5fa,E/core50_nc/io/orion_off/0/default,orion_off,core50_nc,0,4,,,0.2524837082385914,0.05,"{""factor_p"": 0.505125119726738, ""factor_s"": 0.4998438972033079, ""factor_l"": 0.9999999992834832, ""factor_m"": 1.0, ""urge"": 0.2524837082385914}",17.231006220172677,231.64631549286082,17.579906023786958,241.02723648502104,17,241,advanced,adaptive,17,241,advanced,"{""gem"": true, ""ewc"": true}",241,231,241,,335544320,ok,device_allocator_enforced,0.00024978700093925,0.0027196019946131855,0.4179952122815327,0.5024976448282242,100.09816857200349,155.80517578125,155.80517578125,"{""gem"": true, ""ewc"": true}",
effectiveness_v3_20260918T180420Z_b082c5fa,E/core50_nc/io/orion_off/0/default,orion_off,core50_nc,0,5,,,0.25149145215202956,0.05,"{""factor_p"": 0.509478280438331, ""factor_s"": 0.49362546316229944, ""factor_l"": 0.9999999999981175, ""factor_m"": 1.0, ""urge"": 0.25149145215202956}",17.579906023786958,241.02723648502104,17.934126103129863,250.74022206253252,17,250,advanced,adaptive,17,250,advanced,"{""gem"": true, ""ewc"": true}",250,241,250,,335544320,ok,device_allocator_enforced,0.00022605599951930344,0.003517870994983241,0.3483293435679439,0.6019981158625793,123.8654799630167,160.888671875,160.888671875,"{""gem"": true, ""ewc"": true}",
effectiveness_v3_20260918T180420Z_b082c5fa,E/core50_nc/io/orion_off/0/default,orion_off,core50_nc,0,6,,,0.25090142513654,0.05,"{""factor_p"": 0.5125868396209418, ""factor_s"": 0.48948081718619424, ""factor_l"": 0.9999999999999709, ""factor_m"": 1.0, ""urge"": 0.25090142513654}",17.934126103129863,250.74022206253252,18.294425252399584,260.8150356528156,18,260,advanced,adaptive,18,260,advanced,"{""gem"": true, ""ewc"": true}",260,250,260,,335544320,ok,device_allocator_enforced,0.00019282399443909526,0.0036093239905312657,0.2985680087725234,0.6683317632188162,140.54412347599282,164.72802734375,164.72802734375,"{""gem"": true, ""ewc"": true}",
effectiveness_v3_20260918T180420Z_b082c5fa,E/core50_nc/io/orion_off/0/default,orion_off,core50_nc,0,7,,,0.2505183488801177,0.05,"{""factor_p"": 0.5149176333783857, ""factor_s"": 0.48652120774435875, ""factor_l"": 0.9999999999999942, ""factor_m"": 1.0, ""urge"": 0.2505183488801177}",18.294425252399584,260.8150356528156,18.661262046931775,271.2746757152579,18,271,advanced,adaptive,18,271,advanced,"{""gem"": true, ""ewc"": true}",271,260,271,,335544320,ok,device_allocator_enforced,0.00022053701104596257,0.00422099998104386,0.26124700767595793,0.7157129399018425,146.97722908301512,169.1376953125,169.1376953125,"{""gem"": true, ""ewc"": true}",
effectiveness_v3_20260918T180420Z_b082c5fa,E/core50_nc/io/orion_off/0/default,orion_off,core50_nc,0,8,,last_experience,0.25025344336171246,0.05,"{""factor_p"": 0.5167300296431192, ""factor_s"": 0.4843021094294647, ""factor_l"": 1.0, ""factor_m"": 1.0, ""urge"": 0.25025344336171246}",18.661262046931775,271.2746757152579,19.03496024516911,282.1394132970203,19,282,advanced,,,,,,,,,,,,,0.03153211099561304,0.0,0.23221956237862929,0.7512488224141121,166.29961675600498,172.8056640625,172.8056640625,,
effectiveness_v3_20260918T182042Z_f77f5488,E/core50_nc/io/orion_on/0/default,orion_on,core50_nc,0,0,,,0.23009205084110582,0.05,"{""factor_p"": 0.5008096568037089, ""factor_s"": 0.46879062662624377, ""factor_l"": 0.9800539898675601, ""factor_m"": 1.0, ""urge"": 0.23009205084110582}",16.0,200.0,16.28814728134577,207.2036820336442,16,207,advanced,adaptive,16,207,advanced,"{""gem"": true, ""ewc"": true}",207,200,207,,335544320,ok,device_allocator_enforced,0.00021202699281275272,0.00030195401632227004,0.48704547981763596,1.0,31.45000471000094,91.03076171875,91.03076171875,"{""gem"": true, ""ewc"": true}",
effectiveness_v3_20260918T182042Z_f77f5488,E/core50_nc/io/orion_on/0/default,orion_on,core50_nc,0,1,,,0.23584265867198212,0.05,"{""factor_p"": 0.4961119427212755, ""factor_s"": 0.4812129797127358, ""factor_l"": 0.9878826254137729, ""factor_m"": 1.0, ""urge"": 0.23584265867198212}",16.28814728134577,207.2036820336442,16.59085054090638,214.9051386647955,16,214,advanced,adaptive,16,214,advanced,"{""gem"": true, ""ewc"": true}",214,207,214,,335544320,ok,device_allocator_enforced,0.00020442597451619804,0.0006697500066366047,0.5622101703871272,0.8007339041476704,33.47538478899514,116.2509765625,116.2509765625,"{""gem"": true, ""ewc"": true}",
effectiveness_v3_20260918T182042Z_f77f5488,E/core50_nc/io/orion_on/0/default,orion_on,core50_nc,0,2,,,0.24080912653866646,0.05,"{""factor_p"": 0.49876439356393254, ""factor_s"": 0.4828531095281228, ""factor_l"": 0.9999135829385289, ""factor_m"": 1.0, ""urge"": 0.24080912653866646}",16.59085054090638,214.9051386647955,16.90741911093077,223.10631102425563,16,223,advanced,adaptive,16,223,advanced,"{""gem"": true, ""ewc"": true}",223,214,223,,335544320,ok,device_allocator_enforced,0.0001879350165836513,0.0019897500169463456,0.5197697432210477,0.774457874602011,53.296646622999106,148.1484375,148.1484375,"{""gem"": true, ""ewc"": true}",
effectiveness_v3_20260918T182042Z_f77f5488,E/core50_nc/io/orion_on/0/default,orion_on,core50_nc,0,3,,,0.23970528528201654,0.05,"{""factor_p"": 0.4984177649601432, ""factor_s"": 0.48093420183773733, ""factor_l"": 0.9999963927048222, ""factor_m"": 1.0, ""urge"": 0.23970528528201654}",16.90741911093077,223.10631102425563,17.228161787512946,231.5712003004706,17,231,advanced,adaptive,17,231,advanced,"{""gem"": true, ""ewc"": true}",231,223,231,,335544320,ok,device_allocator_enforced,0.0002221020113211125,0.0027321570087224245,0.5253158451411364,0.8052007505217132,66.00188545198762,152.85546875,152.85546875,"{""gem"": true, ""ewc"": true}",
effectiveness_v3_20260918T182042Z_f77f5488,E/core50_nc/io/orion_on/0/default,orion_on,core50_nc,0,4,,,0.2525022525488551,0.05,"{""factor_p"": 0.5049840426570813, ""factor_s"": 0.5000202615600512, ""factor_l"": 0.9999999978448084, ""factor_m"": 1.0, ""urge"": 0.2525022525488551}",17.228161787512946,231.5712003004706,17.577035944437693,240.94993823772808,17,240,advanced,adaptive,17,240,advanced,"{""gem"": true, ""ewc"": true}",240,231,240,,335544320,ok,device_allocator_enforced,0.0002699810138437897,0.007333165995078161,0.4202526761129091,0.4996758150390037,95.69323527798406,155.80517578125,155.80517578125,"{""gem"": true, ""ewc"": true}",
effectiveness_v3_20260918T182042Z_f77f5488,E/core50_nc/io/orion_on/0/default,orion_on,core50_nc,0,5,,,0.2515052891614998,0.05,"{""factor_p"": 0.5093607459265118, ""factor_s"": 0.49376653222266964, ""factor_l"": 0.9999999999801743, ""factor_m"": 1.0, ""urge"": 0.2515052891614998}",17.577035944437693,240.94993823772808,17.93122251549629,250.66047563333586,17,250,advanced,adaptive,17,250,advanced,"{""gem"": true, ""ewc"": true}",250,240,250,,335544320,ok,device_allocator_enforced,0.0002000090025831014,0.002673648006748408,0.35021056342742424,0.599740652031203,114.44785465401947,160.888671875,160.888671875,"{""gem"": true, ""ewc"": true}",
effectiveness_v3_20260918T182042Z_f77f5488,E/core50_nc/io/orion_on/0/default,orion_on,core50_nc,0,6,,,0.25091235626841696,0.05,"{""factor_p"": 0.5124861233414216, ""factor_s"": 0.4895983419659143, ""factor_l"": 0.9999999999996727, ""factor_m"": 1.0, ""urge"": 0.25091235626841696}",17.93122251549629,250.66047563333586,18.291482932132457,260.73263298990696,18,260,advanced,adaptive,18,260,advanced,"{""gem"": true, ""ewc"": true}",260,250,260,,335544320,ok,device_allocator_enforced,0.00019971298752352595,0.00320442600059323,0.3001804829377922,0.6664505433593357,130.8630540560116,164.72802734375,164.72802734375,"{""gem"": true, ""ewc"": true}",
effectiveness_v3_20260918T182042Z_f77f5488,E/core50_nc/io/orion_on/0/default,orion_on,core50_nc,0,7,,,0.25052733125151044,0.05,"{""factor_p"": 0.5148295292295564, ""factor_s"": 0.4866219146878145, ""factor_l"": 0.9999999999999902, ""factor_m"": 1.0, ""urge"": 0.25052733125151044}",18.291482932132457,260.73263298990696,18.658277157833762,271.18943680263607,18,271,advanced,adaptive,18,271,advanced,"{""gem"": true, ""ewc"": true}",271,260,271,,335544320,ok,device_allocator_enforced,0.00020218500867486,0.003605546022299677,0.2626579225705682,0.7141004657365735,144.95457454197458,169.1376953125,169.1376953125,"{""gem"": true, ""ewc"": true}",
effectiveness_v3_20260918T182042Z_f77f5488,E/core50_nc/io/orion_on/0/default,orion_on,core50_nc,0,8,,last_experience,0.2502610388699571,0.05,"{""factor_p"": 0.516651732829236, ""factor_s"": 0.4843902051765178, ""factor_l"": 1.0, ""factor_m"": 1.0, ""urge"": 0.2502610388699571}",18.658277157833762,271.18943680263607,19.0319297545489,282.05117247156693,19,282,advanced,,,,,,,,,,,,,0.034274361009011045,0.0,0.23347370895161618,0.7498379075195019,164.41712562201428,172.8056640625,172.8056640625,,
effectiveness_v3_20260918T183629Z_4b1778de,E/core50_nc/io/static_on/1/default,static_on,core50_nc,1,0,skipped,disabled,,,,,,,,,,,,,,,,,,,,,,,,,,,,,,,
effectiveness_v3_20260918T183629Z_4b1778de,E/core50_nc/io/static_on/1/default,static_on,core50_nc,1,1,skipped,disabled,,,,,,,,,,,,,,,,,,,,,,,,,,,,,,,
effectiveness_v3_20260918T183629Z_4b1778de,E/core50_nc/io/static_on/1/default,static_on,core50_nc,1,2,skipped,disabled,,,,,,,,,,,,,,,,,,,,,,,,,,,,,,,
effectiveness_v3_20260918T183629Z_4b1778de,E/core50_nc/io/static_on/1/default,static_on,core50_nc,1,3,skipped,disabled,,,,,,,,,,,,,,,,,,,,,,,,,,,,,,,
effectiveness_v3_20260918T183629Z_4b1778de,E/core50_nc/io/static_on/1/default,static_on,core50_nc,1,4,skipped,disabled,,,,,,,,,,,,,,,,,,,,,,,,,,,,,,,
effectiveness_v3_20260918T183629Z_4b1778de,E/core50_nc/io/static_on/1/default,static_on,core50_nc,1,5,skipped,disabled,,,,,,,,,,,,,,,,,,,,,,,,,,,,,,,
effectiveness_v3_20260918T183629Z_4b1778de,E/core50_nc/io/static_on/1/default,static_on,core50_nc,1,6,skipped,disabled,,,,,,,,,,,,,,,,,,,,,,,,,,,,,,,
effectiveness_v3_20260918T183629Z_4b1778de,E/core50_nc/io/static_on/1/default,static_on,core50_nc,1,7,skipped,disabled,,,,,,,,,,,,,,,,,,,,,,,,,,,,,,,
effectiveness_v3_20260918T183629Z_4b1778de,E/core50_nc/io/static_on/1/default,static_on,core50_nc,1,8,skipped,disabled,,,,,,,,,,,,,,,,,,,,,,,,,,,,,,,
effectiveness_v3_20260918T184139Z_7fd5ed3e,E/core50_nc/io/orion_off/1/default,orion_off,core50_nc,1,0,,,0.23141551130840163,0.05,"{""factor_p"": 0.5010806999739555, ""factor_s"": 0.46879062662624377, ""factor_l"": 0.9851579595638855, ""factor_m"": 1.0, ""urge"": 0.23141551130840163}",16.0,200.0,16.290264818093444,207.25662045233605,16,207,advanced,adaptive,16,207,advanced,"{""gem"": true, ""ewc"": true}",207,200,207,,335544320,ok,device_allocator_enforced,0.00021297301282174885,0.0002810089790727943,0.4827087734904926,1.0,32.653043659986,91.03076171875,91.03076171875,"{""gem"": true, ""ewc"": true}",
effectiveness_v3_20260918T184139Z_7fd5ed3e,E/core50_nc/io/orion_off/1/default,orion_off,core50_nc,1,1,,,0.23510443080301727,0.05,"{""factor_p"": 0.49238256983658, ""factor_s"": 0.4798043050801471, ""factor_l"": 0.9951625010594728, ""factor_m"": 1.0, ""urge"": 0.23510443080301727}",16.290264818093444,207.25662045233605,16.591804837771807,214.92944420413338,16,214,advanced,adaptive,16,214,advanced,"{""gem"": true, ""ewc"": true}",214,207,214,,335544320,ok,device_allocator_enforced,0.00020615701214410365,0.0006647869886364788,0.6218883133303409,0.8233070165684421,37.17772339101066,116.2509765625,116.2509765625,"{""gem"": true, ""ewc"": true}",
effectiveness_v3_20260918T184139Z_7fd5ed3e,E/core50_nc/io/orion_off/1/default,orion_off,core50_nc,1,2,,,0.24091157233497557,0.05,"{""factor_p"": 0.49570383341606, ""factor_s"": 0.4860169343031345, ""factor_l"": 0.9999631201754139, ""factor_m"": 1.0, ""urge"": 0.24091157233497557}",16.591804837771807,214.92944420413338,16.908561592717213,223.13594783095206,16,223,advanced,adaptive,16,223,advanced,"{""gem"": true, ""ewc"": true}",223,214,223,,335544320,ok,device_allocator_enforced,0.00020359197515062988,0.0021770739986095577,0.5687403570350421,0.7237874050352103,56.70292672299547,148.1484375,148.1484375,"{""gem"": true, ""ewc"": true}",
effectiveness_v3_20260918T184139Z_7fd5ed3e,E/core50_nc/io/orion_off/1/default,orion_off,core50_nc,1,3,,,0.240458686334387,0.05,"{""factor_p"": 0.4967239393519255, ""factor_s"": 0.4840897738924954, ""factor_l"": 0.999998780858686, ""factor_m"": 1.0, ""urge"": 0.240458686334387}",16.908561592717213,223.13594783095206,17.23059983559251,231.63558373052436,17,231,advanced,adaptive,17,231,advanced,"{""gem"": true, ""ewc"": true}",231,223,231,,335544320,ok,device_allocator_enforced,0.0001943520037457347,0.003201787010766566,0.5524177204804881,0.7546495886708169,70.34114085801411,152.85546875,152.85546875,"{""gem"": true, ""ewc"": true}",
effectiveness_v3_20260918T184139Z_7fd5ed3e,E/core50_nc/io/orion_off/1/default,orion_off,core50_nc,1,4,,,0.25267780667899936,0.05,"{""factor_p"": 0.5036290502478113, ""factor_s"": 0.5017141220534469, ""factor_l"": 0.9999999995777524, ""factor_m"": 1.0, ""urge"": 0.25267780667899936}",17.23059983559251,231.63558373052436,17.579825853836653,241.02506214238682,17,241,advanced,adaptive,17,241,advanced,"{""gem"": true, ""ewc"": true}",241,231,241,,335544320,ok,device_allocator_enforced,0.00021962900063954294,0.002602073975140229,0.4419341763843905,0.472573939699652,102.21340734499972,155.80517578125,155.80517578125,"{""gem"": true, ""ewc"": true}",
effectiveness_v3_20260918T184139Z_7fd5ed3e,E/core50_nc/io/orion_off/1/default,orion_off,core50_nc,1,5,,,0.25163649503593416,0.05,"{""factor_p"": 0.5082318511016733, ""factor_s"": 0.4951214578373951, ""factor_l"": 0.9999999999963269, ""factor_m"": 1.0, ""urge"": 0.25163649503593416}",17.579825853836653,241.02506214238682,17.934299300687627,250.74495189162863,17,250,advanced,adaptive,17,250,advanced,"{""gem"": true, ""ewc"": true}",250,241,250,,335544320,ok,device_allocator_enforced,0.0001964450057130307,0.0026675740082282573,0.3682784803203254,0.5780591517597216,121.19178437098162,160.888671875,160.888671875,"{""gem"": true, ""ewc"": true}",
effectiveness_v3_20260918T184139Z_7fd5ed3e,E/core50_nc/io/orion_off/1/default,orion_off,core50_nc,1,6,,,0.2510161415081015,0.05,"{""factor_p"": 0.5115187572758533, ""factor_s"": 0.4907271491761552, ""factor_l"": 0.9999999999999696, ""factor_m"": 1.0, ""urge"": 0.2510161415081015}",17.934299300687627,250.74495189162863,18.294807665295195,260.8257084380066,18,260,advanced,adaptive,18,260,advanced,"{""gem"": true, ""ewc"": true}",260,250,260,,335544320,ok,device_allocator_enforced,0.00019801800954155624,0.003510499984258786,0.3156672688459932,0.6483826264664347,140.35528614500072,164.72802734375,164.72802734375,"{""gem"": true, ""ewc"": true}",
effectiveness_v3_20260918T184139Z_7fd5ed3e,E/core50_nc/io/orion_off/1/default,orion_off,core50_nc,1,7,,,0.2506127028528101,0.05,"{""factor_p"": 0.5139832989345876, ""factor_s"": 0.48758919477013063, ""factor_l"": 0.9999999999999969, ""factor_m"": 1.0, ""urge"": 0.2506127028528101}",18.294807665295195,260.8257084380066,18.661824746685912,271.2906985066561,18,271,advanced,adaptive,18,271,advanced,"{""gem"": true, ""ewc"": true}",271,260,271,,335544320,ok,device_allocator_enforced,0.00021637897589243948,0.0036264540103729814,0.27620886024024405,0.6986136798283726,149.48428539800807,169.1376953125,169.1376953125,"{""gem"": true, ""ewc"": true}",
effectiveness_v3_20260918T184139Z_7fd5ed3e,E/core50_nc/io/orion_off/1/default,orion_off,core50_nc,1,8,,last_experience,0.250333291517321,0.05,"{""factor_p"": 0.5158997007966146, ""factor_s"": 0.485236357243035, ""factor_l"": 1.0, ""factor_m"": 1.0, ""urge"": 0.250333291517321}",18.661824746685912,271.2906985066561,19.03568322440821,282.16041022463037,19,282,advanced,,,,,,,,,,,,,0.04546556598506868,0.0,0.24551898688021692,0.736286969849826,165.83581060901633,172.8056640625,172.8056640625,,
effectiveness_v3_20260918T185806Z_ae220d7f,E/core50_nc/io/orion_on/1/default,orion_on,core50_nc,1,0,,,0.22701141614310685,0.05,"{""factor_p"": 0.4944577217232788, ""factor_s"": 0.46879062662624377, ""factor_l"": 0.9793538049855472, ""factor_m"": 1.0, ""urge"": 0.22701141614310685}",16.0,200.0,16.28321826582897,207.08045664572427,16,207,advanced,adaptive,16,207,advanced,"{""gem"": true, ""ewc"": true}",207,200,207,,335544320,ok,device_allocator_enforced,0.00020388001576066017,0.0002920090046245605,0.5886800845101746,1.0,31.309138302021893,91.03076171875,91.03076171875,"{""gem"": true, ""ewc"": true}",
effectiveness_v3_20260918T185806Z_ae220d7f,E/core50_nc/io/orion_on/1/default,orion_on,core50_nc,1,1,,,0.235041527497831,0.05,"{""factor_p"": 0.48919719738574957, ""factor_s"": 0.48342026401858756, ""factor_l"": 0.993884206351448, ""factor_m"": 1.0, ""urge"": 0.235041527497831}",16.28321826582897,207.08045664572427,16.584525423877928,214.7441534482589,16,214,advanced,adaptive,16,214,advanced,"{""gem"": true, ""ewc"": true}",214,207,214,,335544320,ok,device_allocator_enforced,0.00024346300051547587,0.0007438049942720681,0.6728717441460773,0.7653730679417324,36.234675220010104,116.2509765625,116.2509765625,"{""gem"": true, ""ewc"": true}",
effectiveness_v3_20260918T185806Z_ae220d7f,E/core50_nc/io/orion_on/1/default,orion_on,core50_nc,1,2,,,0.24046106325689293,0.05,"{""factor_p"": 0.49355662663527766, ""factor_s"": 0.48724534105953715, ""factor_l"": 0.9999080866220509, ""factor_m"": 1.0, ""urge"": 0.24046106325689293}",16.584525423877928,214.7441534482589,16.900396058462203,222.92423340705025,16,222,advanced,adaptive,16,222,advanced,"{""gem"": true, ""ewc"": true}",222,214,222,,335544320,ok,device_allocator_enforced,0.0002519350091461092,0.0022006200160831213,0.6030996812825701,0.7041188258275779,53.04997878600261,148.1484375,148.1484375,"{""gem"": true, ""ewc"": true}",
effectiveness_v3_20260918T185806Z_ae220d7f,E/core50_nc/io/orion_on/1/default,orion_on,core50_nc,1,3,,,0.24041804331030925,0.05,"{""factor_p"": 0.4942963030800753, ""factor_s"": 0.48638686574484674, ""factor_l"": 0.9999950657271659, ""factor_m"": 1.0, ""urge"": 0.24041804331030925}",16.900396058462203,222.92423340705025,17.222210093324367,231.4139926734145,17,231,advanced,adaptive,17,231,advanced,"{""gem"": true, ""ewc"": true}",231,222,231,,335544320,ok,device_allocator_enforced,0.00020997298997826874,0.0021139999735169113,0.5912631095041042,0.7178639907191213,64.74889182401239,152.85546875,152.85546875,"{""gem"": true, ""ewc"": true}",
effectiveness_v3_20260918T185806Z_ae220d7f,E/core50_nc/io/orion_on/1/default,orion_on,core50_nc,1,4,,,0.24353311667175867,0.05,"{""factor_p"": 0.49740908993712374, ""factor_s"": 0.4896033822630006, ""factor_l"": 0.999999769518799, ""factor_m"": 1.0, ""urge"": 0.24353311667175867}",17.222210093324367,231.4139926734145,17.555516892858055,240.3712469221228,17,240,advanced,adaptive,17,240,advanced,"{""gem"": true, ""ewc"": true}",240,231,240,,335544320,ok,device_allocator_enforced,0.0002333519805688411,0.003278667019912973,0.5414549320477278,0.6663698637064952,77.00407580297906,155.80517578125,155.80517578125,"{""gem"": true, ""ewc"": true}",
effectiveness_v3_20260918T185806Z_ae220d7f,E/core50_nc/io/orion_on/1/default,orion_on,core50_nc,1,5,,,0.25219935576835156,0.05,"{""factor_p"": 0.5030491844885078, ""factor_s"": 0.5013413470261388, ""factor_l"": 0.9999999999860527, ""factor_m"": 1.0, ""urge"": 0.25219935576835156}",17.555516892858055,240.3712469221228,17.910488313449687,250.0918291767005,17,250,advanced,adaptive,17,250,advanced,"{""gem"": true, ""ewc"": true}",250,240,250,,335544320,ok,device_allocator_enforced,0.00019082400831393898,0.0027225930243730545,0.45121244337310645,0.47853839609638427,115.85464912099997,160.888671875,160.888671875,"{""gem"": true, ""ewc"": true}",
effectiveness_v3_20260918T185806Z_ae220d7f,E/core50_nc/io/orion_on/1/default,orion_on,core50_nc,1,6,,,0.2514645410555221,0.05,"{""factor_p"": 0.507077432083945, ""factor_s"": 0.49590954979434426, ""factor_l"": 0.9999999999996052, ""factor_m"": 1.0, ""urge"": 0.2514645410555221}",17.910488313449687,250.0918291767005,18.271321144264633,260.16875629406445,18,260,advanced,adaptive,18,260,advanced,"{""gem"": true, ""ewc"": true}",260,250,260,,335544320,ok,device_allocator_enforced,0.0002191480016335845,0.0035243050078861415,0.3867535228912341,0.5654486634136535,130.1131415310083,164.72802734375,164.72802734375,"{""gem"": true, ""ewc"": true}",
effectiveness_v3_20260918T185806Z_ae220d7f,E/core50_nc/io/orion_on/1/default,orion_on,core50_nc,1,7,,,0.2509836479227717,0.05,"{""factor_p"": 0.5100980434443217, ""factor_s"": 0.49203021095329785, ""factor_l"": 0.9999999999999905, ""factor_m"": 1.0, ""urge"": 0.2509836479227717}",18.271321144264633,260.16875629406445,18.63854482185891,270.6266894371668,18,270,advanced,adaptive,18,270,advanced,"{""gem"": true, ""ewc"": true}",270,260,270,,335544320,ok,device_allocator_enforced,0.0002121669822372496,0.003590055013773963,0.33840933252982996,0.6275274257831316,144.99636255099904,169.1376953125,169.1376953125,"{""gem"": true, ""ewc"": true}",
effectiveness_v3_20260918T185806Z_ae220d7f,E/core50_nc/io/orion_on/1/default,orion_on,core50_nc,1,8,,last_experience,0.2506487041586936,0.05,"{""factor_p"": 0.5124469094438978, ""factor_s"": 0.4891213109875032, ""factor_l"": 0.9999999999999998, ""factor_m"": 1.0, ""urge"": 0.2506487041586936}",18.63854482185891,270.6266894371668,19.012524808449886,281.4868683464318,19,281,advanced,,,,,,,,,,,,,0.03055233199847862,0.0,0.30080829558207106,0.6740864975602401,161.39722738001728,172.8056640625,172.8056640625,,
effectiveness_v3_20260918T191333Z_a15e235f,E/core50_nc/io/static_off/1/default,static_off,core50_nc,1,0,skipped,disabled,,,,,,,,,,,,,,,,,,,,,,,,,,,,,,,
effectiveness_v3_20260918T191333Z_a15e235f,E/core50_nc/io/static_off/1/default,static_off,core50_nc,1,1,skipped,disabled,,,,,,,,,,,,,,,,,,,,,,,,,,,,,,,
effectiveness_v3_20260918T191333Z_a15e235f,E/core50_nc/io/static_off/1/default,static_off,core50_nc,1,2,skipped,disabled,,,,,,,,,,,,,,,,,,,,,,,,,,,,,,,
effectiveness_v3_20260918T191333Z_a15e235f,E/core50_nc/io/static_off/1/default,static_off,core50_nc,1,3,skipped,disabled,,,,,,,,,,,,,,,,,,,,,,,,,,,,,,,
effectiveness_v3_20260918T191333Z_a15e235f,E/core50_nc/io/static_off/1/default,static_off,core50_nc,1,4,skipped,disabled,,,,,,,,,,,,,,,,,,,,,,,,,,,,,,,
effectiveness_v3_20260918T191333Z_a15e235f,E/core50_nc/io/static_off/1/default,static_off,core50_nc,1,5,skipped,disabled,,,,,,,,,,,,,,,,,,,,,,,,,,,,,,,
effectiveness_v3_20260918T191333Z_a15e235f,E/core50_nc/io/static_off/1/default,static_off,core50_nc,1,6,skipped,disabled,,,,,,,,,,,,,,,,,,,,,,,,,,,,,,,
effectiveness_v3_20260918T191333Z_a15e235f,E/core50_nc/io/static_off/1/default,static_off,core50_nc,1,7,skipped,disabled,,,,,,,,,,,,,,,,,,,,,,,,,,,,,,,
effectiveness_v3_20260918T191333Z_a15e235f,E/core50_nc/io/static_off/1/default,static_off,core50_nc,1,8,skipped,disabled,,,,,,,,,,,,,,,,,,,,,,,,,,,,,,,
effectiveness_v3_20260918T191852Z_4739dab6,E/core50_nc/io/orion_off/2/default,orion_off,core50_nc,2,0,,,0.2309330388381219,0.05,"{""factor_p"": 0.4996142834079945, ""factor_s"": 0.46879062662624377, ""factor_l"": 0.9859895341648645, ""factor_m"": 1.0, ""urge"": 0.2309330388381219}",16.0,200.0,16.289492862140996,207.23732155352485,16,207,advanced,adaptive,16,207,advanced,"{""gem"": true, ""ewc"": true}",207,200,207,,335544320,ok,device_allocator_enforced,0.00020436098566278815,0.0003455090045463294,0.5061714666963194,1.0,32.88705510299769,91.03076171875,91.03076171875,"{""gem"": true, ""ewc"": true}",
effectiveness_v3_20260918T191852Z_4739dab6,E/core50_nc/io/orion_off/2/default,orion_off,core50_nc,2,1,,,0.23314843663457266,0.05,"{""factor_p"": 0.4916495477540917, ""factor_s"": 0.4794573893018779, ""factor_l"": 0.9890695857933656, ""factor_m"": 1.0, ""urge"": 0.23314843663457266}",16.289492862140996,207.23732155352485,16.58783237726811,214.8283598444977,16,214,advanced,adaptive,16,214,advanced,"{""gem"": true, ""ewc"": true}",214,207,214,,335544320,ok,device_allocator_enforced,0.00021704600658267736,0.000676611001836136,0.6336196599332542,0.8288668964750361,33.89255254698219,116.2509765625,116.2509765625,"{""gem"": true, ""ewc"": true}",
effectiveness_v3_20260918T191852Z_4739dab6,E/core50_nc/io/orion_off/2/default,orion_off,core50_nc,2,2,,,0.24059392230971363,0.05,"{""factor_p"": 0.4971362491881907, ""factor_s"": 0.48398518456762135, ""factor_l"": 0.9999473954165189, ""factor_m"": 1.0, ""urge"": 0.24059392230971363}",16.58783237726811,214.8283598444977,16.90398638080807,223.0173557897228,16,223,advanced,adaptive,16,223,advanced,"{""gem"": true, ""ewc"": true}",223,214,223,,335544320,ok,device_allocator_enforced,0.00025159301003441215,0.002014017984038219,0.5458205140295769,0.7563247251879381,55.28230937299668,148.1484375,148.1484375,"{""gem"": true, ""ewc"": true}",
effectiveness_v3_20260918T191852Z_4739dab6,E/core50_nc/io/orion_off/2/default,orion_off,core50_nc,2,3,,,0.24066518697844297,0.05,"{""factor_p"": 0.49984310765661866, ""factor_s"": 0.4814821522937159, ""factor_l"": 0.9999985527414845, ""factor_m"": 1.0, ""urge"": 0.24066518697844297}",16.90398638080807,223.0173557897228,17.226286553205853,231.5216849579399,17,231,advanced,adaptive,17,231,advanced,"{""gem"": true, ""ewc"": true}",231,223,231,,335544320,ok,device_allocator_enforced,0.00022873099078424275,0.0019641660037450492,0.5025102775764894,0.7964211408765454,69.65504267398501,152.85546875,152.85546875,"{""gem"": true, ""ewc"": true}",
effectiveness_v3_20260918T191852Z_4739dab6,E/core50_nc/io/orion_off/2/default,orion_off,core50_nc,2,4,,,0.2523509434288253,0.05,"{""factor_p"": 0.5061241798390603, ""factor_s"": 0.49859491728594935, ""factor_l"": 0.9999999993879558, ""factor_m"": 1.0, ""urge"": 0.2523509434288253}",17.226286553205853,231.5216849579399,17.574862086787505,240.89141123303398,17,240,advanced,adaptive,17,240,advanced,"{""gem"": true, ""ewc"": true}",240,231,240,,335544320,ok,device_allocator_enforced,0.00021917599951848388,0.002749897976173088,0.40200822206119147,0.5224813826036507,100.72855775099015,155.80517578125,155.80517578125,"{""gem"": true, ""ewc"": true}",
effectiveness_v3_20260918T191852Z_4739dab6,E/core50_nc/io/orion_off/2/default,orion_off,core50_nc,2,5,,,0.251392512051092,0.05,"{""factor_p"": 0.5103106099182529, ""factor_s"": 0.49262646546195543, ""factor_l"": 0.9999999999973281, ""factor_m"": 1.0, ""urge"": 0.251392512051092}",17.574862086787505,240.89141123303398,17.928806649248468,250.59415652098463,17,250,advanced,adaptive,17,250,advanced,"{""gem"": true, ""ewc"": true}",250,240,250,,335544320,ok,device_allocator_enforced,0.00020335198496468365,0.002637685014633462,0.3350068517176596,0.6179851060829206,122.46471334001399,160.888671875,160.888671875,"{""gem"": true, ""ewc"": true}",
effectiveness_v3_20260918T191852Z_4739dab6,E/core50_nc/io/orion_off/2/default,orion_off,core50_nc,2,6,,,0.25082333812668944,0.05,"{""factor_p"": 0.513300066143722, ""factor_s"": 0.48864855991751244, ""factor_l"": 0.9999999999999831, ""factor_m"": 1.0, ""urge"": 0.25082333812668944}",17.928806649248468,250.59415652098463,18.288858929241474,260.6591875265019,18,260,advanced,adaptive,18,260,advanced,"{""gem"": true, ""ewc"": true}",260,250,260,,335544320,ok,device_allocator_enforced,0.0001984999980777502,0.0035405279777478427,0.2871487300437082,0.6816542550691005,142.71872744400753,164.72802734375,164.72802734375,"{""gem"": true, ""ewc"": true}",
effectiveness_v3_20260918T191852Z_4739dab6,E/core50_nc/io/orion_off/2/default,orion_off,core50_nc,2,7,,,0.25045423271629486,0.05,"{""factor_p"": 0.5155415457230241, ""factor_s"": 0.4858080494076277, ""factor_l"": 0.9999999999999969, ""factor_m"": 1.0, ""urge"": 0.25045423271629486}",18.288858929241474,260.6591875265019,18.65546684763324,271.10923501371747,18,271,advanced,adaptive,18,271,advanced,"{""gem"": true, ""ewc"": true}",271,260,271,,335544320,ok,device_allocator_enforced,0.00020418499480001628,0.0034589999995660037,0.2512551387882447,0.7271322186306576,149.5261704410077,169.1376953125,169.1376953125,"{""gem"": true, ""ewc"": true}",
effectiveness_v3_20260918T191852Z_4739dab6,E/core50_nc/io/orion_off/2/default,orion_off,core50_nc,2,8,,last_experience,0.25019926156141187,0.05,"{""factor_p"": 0.517284491164807, ""factor_s"": 0.48367825796984565, ""factor_l"": 1.0, ""factor_m"": 1.0, ""urge"": 0.25019926156141187}",18.65546684763324,271.10923501371747,19.028947916331195,281.9644087441626,19,281,advanced,,,,,,,,,,,,,0.057006972027011216,0.0,0.22333790114510638,0.7612406913018254,165.1581244339759,172.8056640625,172.8056640625,,
effectiveness_v3_20260918T193516Z_4583bff6,E/core50_nc/io/orion_on/2/default,orion_on,core50_nc,2,0,,,0.22847016476742157,0.05,"{""factor_p"": 0.4984328139835213, ""factor_s"": 0.46879062662624377, ""factor_l"": 0.977786303133848, ""factor_m"": 1.0, ""urge"": 0.22847016476742157}",16.0,200.0,16.285552263627874,207.13880659069684,16,207,advanced,adaptive,16,207,advanced,"{""gem"": true, ""ewc"": true}",207,200,207,,335544320,ok,device_allocator_enforced,0.00027338898507878184,0.0003056950226891786,0.525075058378739,1.0,31.010018853005022,91.03076171875,91.03076171875,"{""gem"": true, ""ewc"": true}",
effectiveness_v3_20260918T193516Z_4583bff6,E/core50_nc/io/orion_on/2/default,orion_on,core50_nc,2,1,,,0.2350216296457218,0.05,"{""factor_p"": 0.4933317886807849, ""factor_s"": 0.4808243490280538, ""factor_l"": 0.9907915183867667, ""factor_m"": 1.0, ""urge"": 0.2350216296457218}",16.285552263627874,207.13880659069684,16.586870205577572,214.803838502353,16,214,advanced,adaptive,16,214,advanced,"{""gem"": true, ""ewc"": true}",214,207,214,,335544320,ok,device_allocator_enforced,0.00019846297800540924,0.0006609249976463616,0.6066977071648979,0.8069609696430557,34.585207235999405,116.2509765625,116.2509765625,"{""gem"": true, ""ewc"": true}",
effectiveness_v3_20260918T193516Z_4583bff6,E/core50_nc/io/orion_on/2/default,orion_on,core50_nc,2,2,,,0.24165996658473074,0.05,"{""factor_p"": 0.4977440923239092, ""factor_s"": 0.4855788236790853, ""factor_l"": 0.9998592258789376, ""factor_m"": 1.0, ""urge"": 0.24165996658473074}",16.586870205577572,214.803838502353,16.9047741045122,223.03769780427956,16,223,advanced,adaptive,16,223,advanced,"{""gem"": true, ""ewc"": true}",223,214,223,,335544320,ok,device_allocator_enforced,0.00020313001004979014,0.0019605559937190264,0.5360947677395616,0.7308028355263834,51.34454316800111,148.1484375,148.1484375,"{""gem"": true, ""ewc"": true}",
effectiveness_v3_20260918T193516Z_4583bff6,E/core50_nc/io/orion_on/2/default,orion_on,core50_nc,2,3,,,0.24006221198175828,0.05,"{""factor_p"": 0.49945393768106927, ""factor_s"": 0.4806520786405677, ""factor_l"": 0.999994329211028, ""factor_m"": 1.0, ""urge"": 0.24006221198175828}",16.9047741045122,223.03769780427956,17.226069980447754,231.51590544427964,17,231,advanced,adaptive,17,231,advanced,"{""gem"": true, ""ewc"": true}",231,223,231,,335544320,ok,device_allocator_enforced,0.00022099100169725716,0.0020625739998649806,0.5087370005765385,0.8097213925190051,64.19239710498368,152.85546875,152.85546875,"{""gem"": true, ""ewc"": true}",
effectiveness_v3_20260918T193516Z_4583bff6,E/core50_nc/io/orion_on/2/default,orion_on,core50_nc,2,4,,,0.24315712044491175,0.05,"{""factor_p"": 0.5031881067647911, ""factor_s"": 0.48323317060687804, ""factor_l"": 0.9999997376235841, ""factor_m"": 1.0, ""urge"": 0.24315712044491175}",17.226069980447754,231.51590544427964,17.558803787848337,240.45969457084232,17,240,advanced,adaptive,17,240,advanced,"{""gem"": true, ""ewc"": true}",240,231,240,,335544320,ok,device_allocator_enforced,0.00019872200209647417,0.0027448059991002083,0.44898960046123076,0.7683698950162022,76.48563218198251,155.80517578125,155.80517578125,"{""gem"": true, ""ewc"": true}",
effectiveness_v3_20260918T193516Z_4583bff6,E/core50_nc/io/orion_on/2/default,orion_on,core50_nc,2,5,,,0.25167853039764193,0.05,"{""factor_p"": 0.507864476322669, ""factor_s"": 0.4955623835419871, ""factor_l"": 0.9999999999796447, ""factor_m"": 1.0, ""urge"": 0.25167853039764193}",17.558803787848337,240.45969457084232,17.912927162195718,250.15880613502497,17,250,advanced,adaptive,17,250,advanced,"{""gem"": true, ""ewc"": true}",250,240,250,,335544320,ok,device_allocator_enforced,0.00019828698714263737,0.002883342996938154,0.374158000384359,0.5710037276828813,114.34240810401388,160.888671875,160.888671875,"{""gem"": true, ""ewc"": true}",
effectiveness_v3_20260918T193516Z_4583bff6,E/core50_nc/io/orion_on/2/default,orion_on,core50_nc,2,6,,,0.25104944491534037,0.05,"{""factor_p"": 0.511203945625047, ""factor_s"": 0.4910944977322167, ""factor_l"": 0.9999999999995239, ""factor_m"": 1.0, ""urge"": 0.25104944491534037}",17.912927162195718,250.15880613502497,18.273065568472553,260.21766395785113,18,260,advanced,adaptive,18,260,advanced,"{""gem"": true, ""ewc"": true}",260,250,260,,335544320,ok,device_allocator_enforced,0.00018170301336795092,0.003197351994458586,0.3207068574723077,0.6425031064024012,129.36515375599265,164.72802734375,164.72802734375,"{""gem"": true, ""ewc"": true}",
effectiveness_v3_20260918T193516Z_4583bff6,E/core50_nc/io/orion_on/2/default,orion_on,core50_nc,2,7,,,0.2506401326975715,0.05,"{""factor_p"": 0.5137079077713812, ""factor_s"": 0.4879039798801743, ""factor_l"": 0.9999999999999885, ""factor_m"": 1.0, ""urge"": 0.2506401326975715}",18.273065568472553,260.21766395785113,18.639696598517528,270.6596852832022,18,270,advanced,adaptive,18,270,advanced,"{""gem"": true, ""ewc"": true}",270,260,270,,335544320,ok,device_allocator_enforced,0.000250832992605865,0.0036205560027156025,0.2806185002882693,0.693574091202058,144.25497692401404,169.1376953125,169.1376953125,"{""gem"": true, ""ewc"": true}",
effectiveness_v3_20260918T193516Z_4583bff6,E/core50_nc/io/orion_on/2/default,orion_on,core50_nc,2,8,,last_experience,0.25035653086775167,0.05,"{""factor_p"": 0.5156549647246903, ""factor_s"": 0.4855117239129421, ""factor_l"": 0.9999999999999998, ""factor_m"": 1.0, ""urge"": 0.25035653086775167}",18.639696598517528,270.6596852832022,19.013155093208166,281.50537240102216,19,281,advanced,,,,,,,,,,,,,0.03161089899367653,0.0,0.24943866692290603,0.7318773298018008,161.57080869798665,172.8056640625,172.8056640625,,
effectiveness_v3_20260918T195035Z_c7ac5492,E/core50_nc/io/static_off/2/default,static_off,core50_nc,2,0,skipped,disabled,,,,,,,,,,,,,,,,,,,,,,,,,,,,,,,
effectiveness_v3_20260918T195035Z_c7ac5492,E/core50_nc/io/static_off/2/default,static_off,core50_nc,2,1,skipped,disabled,,,,,,,,,,,,,,,,,,,,,,,,,,,,,,,
effectiveness_v3_20260918T195035Z_c7ac5492,E/core50_nc/io/static_off/2/default,static_off,core50_nc,2,2,skipped,disabled,,,,,,,,,,,,,,,,,,,,,,,,,,,,,,,
effectiveness_v3_20260918T195035Z_c7ac5492,E/core50_nc/io/static_off/2/default,static_off,core50_nc,2,3,skipped,disabled,,,,,,,,,,,,,,,,,,,,,,,,,,,,,,,
effectiveness_v3_20260918T195035Z_c7ac5492,E/core50_nc/io/static_off/2/default,static_off,core50_nc,2,4,skipped,disabled,,,,,,,,,,,,,,,,,,,,,,,,,,,,,,,
effectiveness_v3_20260918T195035Z_c7ac5492,E/core50_nc/io/static_off/2/default,static_off,core50_nc,2,5,skipped,disabled,,,,,,,,,,,,,,,,,,,,,,,,,,,,,,,
effectiveness_v3_20260918T195035Z_c7ac5492,E/core50_nc/io/static_off/2/default,static_off,core50_nc,2,6,skipped,disabled,,,,,,,,,,,,,,,,,,,,,,,,,,,,,,,
effectiveness_v3_20260918T195035Z_c7ac5492,E/core50_nc/io/static_off/2/default,static_off,core50_nc,2,7,skipped,disabled,,,,,,,,,,,,,,,,,,,,,,,,,,,,,,,
effectiveness_v3_20260918T195035Z_c7ac5492,E/core50_nc/io/static_off/2/default,static_off,core50_nc,2,8,skipped,disabled,,,,,,,,,,,,,,,,,,,,,,,,,,,,,,,
effectiveness_v3_20260918T195602Z_f026e1f7,E/core50_nc/io/static_on/2/default,static_on,core50_nc,2,0,skipped,disabled,,,,,,,,,,,,,,,,,,,,,,,,,,,,,,,
effectiveness_v3_20260918T195602Z_f026e1f7,E/core50_nc/io/static_on/2/default,static_on,core50_nc,2,1,skipped,disabled,,,,,,,,,,,,,,,,,,,,,,,,,,,,,,,
effectiveness_v3_20260918T195602Z_f026e1f7,E/core50_nc/io/static_on/2/default,static_on,core50_nc,2,2,skipped,disabled,,,,,,,,,,,,,,,,,,,,,,,,,,,,,,,
effectiveness_v3_20260918T195602Z_f026e1f7,E/core50_nc/io/static_on/2/default,static_on,core50_nc,2,3,skipped,disabled,,,,,,,,,,,,,,,,,,,,,,,,,,,,,,,
effectiveness_v3_20260918T195602Z_f026e1f7,E/core50_nc/io/static_on/2/default,static_on,core50_nc,2,4,skipped,disabled,,,,,,,,,,,,,,,,,,,,,,,,,,,,,,,
effectiveness_v3_20260918T195602Z_f026e1f7,E/core50_nc/io/static_on/2/default,static_on,core50_nc,2,5,skipped,disabled,,,,,,,,,,,,,,,,,,,,,,,,,,,,,,,
effectiveness_v3_20260918T195602Z_f026e1f7,E/core50_nc/io/static_on/2/default,static_on,core50_nc,2,6,skipped,disabled,,,,,,,,,,,,,,,,,,,,,,,,,,,,,,,
effectiveness_v3_20260918T195602Z_f026e1f7,E/core50_nc/io/static_on/2/default,static_on,core50_nc,2,7,skipped,disabled,,,,,,,,,,,,,,,,,,,,,,,,,,,,,,,
effectiveness_v3_20260918T195602Z_f026e1f7,E/core50_nc/io/static_on/2/default,static_on,core50_nc,2,8,skipped,disabled,,,,,,,,,,,,,,,,,,,,,,,,,,,,,,,
effectiveness_v3_20260918T200116Z_50105d6d,F/core50_nc/loose/agem_static/0/default,agem_static,core50_nc,0,0,skipped,disabled,,,,,,,,,,,,,,,,,,,,,,,,,,,,,,,
effectiveness_v3_20260918T200116Z_50105d6d,F/core50_nc/loose/agem_static/0/default,agem_static,core50_nc,0,1,skipped,disabled,,,,,,,,,,,,,,,,,,,,,,,,,,,,,,,
effectiveness_v3_20260918T200116Z_50105d6d,F/core50_nc/loose/agem_static/0/default,agem_static,core50_nc,0,2,skipped,disabled,,,,,,,,,,,,,,,,,,,,,,,,,,,,,,,
effectiveness_v3_20260918T200116Z_50105d6d,F/core50_nc/loose/agem_static/0/default,agem_static,core50_nc,0,3,skipped,disabled,,,,,,,,,,,,,,,,,,,,,,,,,,,,,,,
effectiveness_v3_20260918T200116Z_50105d6d,F/core50_nc/loose/agem_static/0/default,agem_static,core50_nc,0,4,skipped,disabled,,,,,,,,,,,,,,,,,,,,,,,,,,,,,,,
effectiveness_v3_20260918T200116Z_50105d6d,F/core50_nc/loose/agem_static/0/default,agem_static,core50_nc,0,5,skipped,disabled,,,,,,,,,,,,,,,,,,,,,,,,,,,,,,,
effectiveness_v3_20260918T200116Z_50105d6d,F/core50_nc/loose/agem_static/0/default,agem_static,core50_nc,0,6,skipped,disabled,,,,,,,,,,,,,,,,,,,,,,,,,,,,,,,
effectiveness_v3_20260918T200116Z_50105d6d,F/core50_nc/loose/agem_static/0/default,agem_static,core50_nc,0,7,skipped,disabled,,,,,,,,,,,,,,,,,,,,,,,,,,,,,,,
effectiveness_v3_20260918T200116Z_50105d6d,F/core50_nc/loose/agem_static/0/default,agem_static,core50_nc,0,8,skipped,disabled,,,,,,,,,,,,,,,,,,,,,,,,,,,,,,,
effectiveness_v3_20260918T200827Z_d913a753,F/core50_nc/loose/agem_adaptive_ewc/0/default,agem_adaptive_ewc,core50_nc,0,0,,,0.227818297874646,0.05,"{""factor_p"": 0.49836331619818774, ""factor_s"": 0.46879062662624377, ""factor_l"": 0.9751324664080195, ""factor_m"": 1.0, ""urge"": 0.227818297874646}",16.0,200.0,16.284509276599433,207.11273191498583,16,207,advanced,adaptive,16,207,advanced,"{""ewc"": true}",23,23,23,,335544320,ok,device_allocator_enforced,0.00023611998767592013,0.0006098150042816997,0.5261870343600579,1.0,30.547731557977386,91.03076171875,91.03076171875,"{""ewc"": true}",
effectiveness_v3_20260918T200827Z_d913a753,F/core50_nc/loose/agem_adaptive_ewc/0/default,agem_adaptive_ewc,core50_nc,0,1,,,0.24536637466734815,0.05,"{""factor_p"": 0.4891687503364441, ""factor_s"": 0.5016366838018123, ""factor_l"": 0.9999241393252206, ""factor_m"": 1.0, ""urge"": 0.24536637466734815}",16.284509276599433,207.11273191498583,16.602653830660035,215.20530463132206,16,215,advanced,adaptive,16,215,advanced,"{""ewc"": true}",46,46,46,,335544320,ok,device_allocator_enforced,0.0002545549941714853,0.0005310279957484454,0.6733271100610079,0.47381296563994213,53.81783563501085,93.21337890625,93.21337890625,"{""ewc"": true}",
effectiveness_v3_20260918T200827Z_d913a753,F/core50_nc/loose/agem_adaptive_ewc/0/default,agem_adaptive_ewc,core50_nc,0,2,,,0.2510762287070822,0.05,"{""factor_p"": 0.49157975914074953, ""factor_s"": 0.5107548114374703, ""factor_l"": 0.999998014633479, ""factor_m"": 1.0, ""urge"": 0.2510762287070822}",16.602653830660035,215.20530463132206,16.936493732539866,223.85983884192706,16,223,advanced,adaptive,16,223,advanced,"{""ewc"": true}",72,69,72,,335544320,ok,device_allocator_enforced,0.00021603802451863885,0.0006652680167462677,0.6347365918925237,0.3278964716965005,68.39051070300047,95.283203125,95.283203125,"{""ewc"": true}",
effectiveness_v3_20260918T200827Z_d913a753,F/core50_nc/loose/agem_adaptive_ewc/0/default,agem_adaptive_ewc,core50_nc,0,3,,,0.24940848007351643,0.05,"{""factor_p"": 0.49067193667829156, ""factor_s"": 0.5082999041405936, ""factor_l"": 0.9999999266082004, ""factor_m"": 1.0, ""urge"": 0.24940848007351643}",16.936493732539866,223.85983884192706,17.27422177983791,232.78774888452125,17,232,advanced,adaptive,17,232,advanced,"{""ewc"": true}",100,93,100,,335544320,ok,device_allocator_enforced,0.00019114799215458333,0.000703286990756169,0.649266332190036,0.36718933403340215,81.5815048069926,97.52099609375,97.52099609375,"{""ewc"": true}",
effectiveness_v3_20260918T200827Z_d913a753,F/core50_nc/loose/agem_adaptive_ewc/0/default,agem_adaptive_ewc,core50_nc,0,4,,,0.25106192066694866,0.05,"{""factor_p"": 0.4929815888408638, ""factor_s"": 0.5092724404628043, ""factor_l"": 0.9999999355327654, ""factor_m"": 1.0, ""urge"": 0.25106192066694866}",17.27422177983791,232.78774888452125,17.621540600746016,242.14869926421267,17,242,advanced,adaptive,17,242,advanced,"{""ewc"": true}",130,118,130,,335544320,ok,device_allocator_enforced,0.00020154600497335196,0.000914481992367655,0.6123019546409176,0.3516239415691449,82.10012526100036,102.26318359375,102.26318359375,"{""ewc"": true}",
effectiveness_v3_20260918T200827Z_d913a753,F/core50_nc/loose/agem_adaptive_ewc/0/default,agem_adaptive_ewc,core50_nc,0,5,,,0.25256045591908144,0.05,"{""factor_p"": 0.4993592735465028, ""factor_s"": 0.5057690331309603, ""factor_l"": 0.9999999958524306, ""factor_m"": 1.0, ""urge"": 0.25256045591908144}",17.621540600746016,242.14869926421267,17.978483330554386,251.95864944884698,17,251,advanced,adaptive,17,251,advanced,"{""ewc"": true}",162,144,162,,335544320,ok,device_allocator_enforced,0.0002038049860857427,0.001039286988088861,0.5102516288674314,0.4076913735031944,93.07466413400834,105.287109375,105.287109375,"{""ewc"": true}",
effectiveness_v3_20260918T200827Z_d913a753,F/core50_nc/loose/agem_adaptive_ewc/0/default,agem_adaptive_ewc,core50_nc,0,6,,,0.2517556409606112,0.05,"{""factor_p"": 0.5039150112989228, ""factor_s"": 0.49959940771575495, ""factor_l"": 0.9999999991125976, ""factor_m"": 1.0, ""urge"": 0.2517556409606112}",17.978483330554386,251.95864944884698,18.34120937333995,262.1254652118714,18,262,advanced,adaptive,18,262,advanced,"{""ewc"": true}",203,171,203,,335544320,ok,device_allocator_enforced,0.00022917601745575666,0.0011139730049762875,0.4373585390292269,0.5064094779193287,99.2425805630046,108.4453125,108.4453125,"{""ewc"": true}",
effectiveness_v3_20260918T200827Z_d913a753,F/core50_nc/loose/agem_adaptive_ewc/0/default,agem_adaptive_ewc,core50_nc,0,7,,,0.2512267175163826,0.05,"{""factor_p"": 0.507331429411338, ""factor_s"": 0.4951924975539037, ""factor_l"": 0.9999999995963411, ""factor_m"": 1.0, ""urge"": 0.2512267175163826}",18.34120937333995,262.1254652118714,18.71028350908774,272.67479460027937,18,272,advanced,adaptive,18,272,advanced,"{""ewc"": true}",240,200,240,,335544320,ok,device_allocator_enforced,0.00020951800979673862,0.0012629360135179013,0.38268872165057355,0.5769224096451389,102.39349335801671,113.0537109375,113.0537109375,"{""ewc"": true}",
effectiveness_v3_20260918T200827Z_d913a753,F/core50_nc/loose/agem_adaptive_ewc/0/default,agem_adaptive_ewc,core50_nc,0,8,,last_experience,0.250856950584865,0.05,"{""factor_p"": 0.5099881865321256, ""factor_s"": 0.49188776763808634, ""factor_l"": 0.9999999999592668, ""factor_m"": 1.0, ""urge"": 0.250856950584865}",18.71028350908774,272.67479460027937,19.086092558109105,283.62852014923266,19,283,advanced,,,,,,,,,,,,,0.03286289001698606,0.0,0.3401677525782876,0.6298071084394965,111.56759128900012,116.2119140625,116.2119140625,,
effectiveness_v3_20260918T202219Z_9d416150,F/core50_nc/loose/agem_adaptive_ewc/1/default,agem_adaptive_ewc,core50_nc,1,0,,,0.23165629056153944,0.05,"{""factor_p"": 0.49981582898642324, ""factor_s"": 0.46879062662624377, ""factor_l"": 0.988678687621096, ""factor_m"": 1.0, ""urge"": 0.23165629056153944}",16.0,200.0,16.290650064898465,207.26625162246157,16,207,advanced,adaptive,16,207,advanced,"{""ewc"": true}",23,23,23,,335544320,ok,device_allocator_enforced,0.00022749998606741428,0.0005353339947760105,0.5029467363504948,1.0,33.75042015098734,91.03076171875,91.03076171875,"{""ewc"": true}",
effectiveness_v3_20260918T202219Z_9d416150,F/core50_nc/loose/agem_adaptive_ewc/1/default,agem_adaptive_ewc,core50_nc,1,1,,,0.245078609816775,0.05,"{""factor_p"": 0.49001977973138533, ""factor_s"": 0.5001841710135767, ""factor_l"": 0.9999121685990873, ""factor_m"": 1.0, ""urge"": 0.245078609816775}",16.290650064898465,207.26625162246157,16.60844580166566,215.35289406815028,16,215,advanced,adaptive,16,215,advanced,"{""ewc"": true}",46,46,46,,335544320,ok,device_allocator_enforced,0.00020347200916148722,0.000526704010553658,0.6597047363621217,0.4970532636495052,53.23170516101527,93.21337890625,93.21337890625,"{""ewc"": true}",
effectiveness_v3_20260918T202219Z_9d416150,F/core50_nc/loose/agem_adaptive_ewc/1/default,agem_adaptive_ewc,core50_nc,1,2,,,0.25041554592053467,0.05,"{""factor_p"": 0.49128633310880415, ""factor_s"": 0.5097161403385281, ""factor_l"": 0.9999958964666796, ""factor_m"": 1.0, ""urge"": 0.25041554592053467}",16.60844580166566,215.35289406815028,16.941304874888903,223.98490763419736,16,223,advanced,adaptive,16,223,advanced,"{""ewc"": true}",72,69,72,,335544320,ok,device_allocator_enforced,0.00020578698604367673,0.0006315279752016068,0.6394327872043775,0.3445221824365434,65.48632284800988,95.283203125,95.283203125,"{""ewc"": true}",
effectiveness_v3_20260918T202219Z_9d416150,F/core50_nc/loose/agem_adaptive_ewc/1/default,agem_adaptive_ewc,core50_nc,1,3,,,0.2505515533200119,0.05,"{""factor_p"": 0.4925691450506725, ""factor_s"": 0.5086627563418923, ""factor_l"": 0.9999998974644956, ""factor_m"": 1.0, ""urge"": 0.2505515533200119}",16.941304874888903,223.98490763419736,17.28106537568159,232.9690118634529,17,232,advanced,adaptive,17,232,advanced,"{""ewc"": true}",100,93,100,,335544320,ok,device_allocator_enforced,0.000259917025687173,0.0007792870164848864,0.6189024337151015,0.36138202761043736,80.24391702900175,97.52099609375,97.52099609375,"{""ewc"": true}",
effectiveness_v3_20260918T202219Z_9d416150,F/core50_nc/loose/agem_adaptive_ewc/1/default,agem_adaptive_ewc,core50_nc,1,4,,,0.2513992801659236,0.05,"{""factor_p"": 0.49543556067082695, ""factor_s"": 0.5074308549493274, ""factor_l"": 0.9999999603914018, ""factor_m"": 1.0, ""urge"": 0.2513992801659236}",17.28106537568159,232.9690118634529,17.629104788397843,242.35297012150608,17,242,advanced,adaptive,17,242,advanced,"{""ewc"": true}",130,118,130,,335544320,ok,device_allocator_enforced,0.00020083400886505842,0.001003037003101781,0.5730330580831923,0.38109756628489855,84.04856890099472,102.26318359375,102.26318359375,"{""ewc"": true}",
effectiveness_v3_20260918T202219Z_9d416150,F/core50_nc/loose/agem_adaptive_ewc/1/default,agem_adaptive_ewc,core50_nc,1,5,,,0.2501010013968006,0.05,"{""factor_p"": 0.49571250368708775, ""factor_s"": 0.5045283312036892, ""factor_l"": 0.9999999966203716, ""factor_m"": 1.0, ""urge"": 0.2501010013968006}",17.629104788397843,242.35297012150608,17.981864940586597,252.05198452406654,17,252,advanced,adaptive,17,252,advanced,"{""ewc"": true}",168,144,168,,335544320,ok,device_allocator_enforced,0.00023086200235411525,0.0013388880179263651,0.5686016224767343,0.4275447196945855,93.89369100600015,105.287109375,105.287109375,"{""ewc"": true}",
effectiveness_v3_20260918T202219Z_9d416150,F/core50_nc/loose/agem_adaptive_ewc/1/default,agem_adaptive_ewc,core50_nc,1,6,,,0.24994849332101246,0.05,"{""factor_p"": 0.49581750229727367, ""factor_s"": 0.5041138974576111, ""factor_l"": 0.9999999992407866, ""factor_m"": 1.0, ""urge"": 0.24994849332101246}",17.981864940586597,252.05198452406654,18.341409620783818,262.1314674328982,18,262,advanced,adaptive,18,262,advanced,"{""ewc"": true}",203,172,203,,335544320,ok,device_allocator_enforced,0.0002247680095024407,0.0011063799902331084,0.56692152417599,0.4341761553010435,99.86664406899945,108.4453125,108.4453125,"{""ewc"": true}",
effectiveness_v3_20260918T202219Z_9d416150,F/core50_nc/loose/agem_adaptive_ewc/1/default,agem_adaptive_ewc,core50_nc,1,7,,,0.25176904462657074,0.05,"{""factor_p"": 0.5002464791266601, ""factor_s"": 0.5032899884863978, ""factor_l"": 0.999999999628838, ""factor_m"": 1.0, ""urge"": 0.25176904462657074}",18.341409620783818,262.1314674328982,18.71148249041283,272.7094705829976,18,272,advanced,adaptive,18,272,advanced,"{""ewc"": true}",240,201,240,,335544320,ok,device_allocator_enforced,0.00024188001407310367,0.001566426013596356,0.4960563336539912,0.44735942449837585,102.72921953900368,113.0537109375,113.0537109375,"{""ewc"": true}",
effectiveness_v3_20260918T202219Z_9d416150,F/core50_nc/loose/agem_adaptive_ewc/1/default,agem_adaptive_ewc,core50_nc,1,8,,last_experience,0.2513280976808282,0.05,"{""factor_p"": 0.5036912477356154, ""factor_s"": 0.4989725329189958, ""factor_l"": 0.9999999999564666, ""factor_m"": 1.0, ""urge"": 0.2513280976808282}",18.71148249041283,272.7094705829976,19.088197207871126,283.69028636940175,19,283,advanced,,,,,,,,,,,,,0.05331517700687982,0.0,0.4409389632479922,0.5164394964360788,111.30166897299932,116.2119140625,116.2119140625,,
effectiveness_v3_20260918T203615Z_3b1672b7,F/core50_nc/loose/agem_static/1/default,agem_static,core50_nc,1,0,skipped,disabled,,,,,,,,,,,,,,,,,,,,,,,,,,,,,,,
effectiveness_v3_20260918T203615Z_3b1672b7,F/core50_nc/loose/agem_static/1/default,agem_static,core50_nc,1,1,skipped,disabled,,,,,,,,,,,,,,,,,,,,,,,,,,,,,,,
effectiveness_v3_20260918T203615Z_3b1672b7,F/core50_nc/loose/agem_static/1/default,agem_static,core50_nc,1,2,skipped,disabled,,,,,,,,,,,,,,,,,,,,,,,,,,,,,,,
effectiveness_v3_20260918T203615Z_3b1672b7,F/core50_nc/loose/agem_static/1/default,agem_static,core50_nc,1,3,skipped,disabled,,,,,,,,,,,,,,,,,,,,,,,,,,,,,,,
effectiveness_v3_20260918T203615Z_3b1672b7,F/core50_nc/loose/agem_static/1/default,agem_static,core50_nc,1,4,skipped,disabled,,,,,,,,,,,,,,,,,,,,,,,,,,,,,,,
effectiveness_v3_20260918T203615Z_3b1672b7,F/core50_nc/loose/agem_static/1/default,agem_static,core50_nc,1,5,skipped,disabled,,,,,,,,,,,,,,,,,,,,,,,,,,,,,,,
effectiveness_v3_20260918T203615Z_3b1672b7,F/core50_nc/loose/agem_static/1/default,agem_static,core50_nc,1,6,skipped,disabled,,,,,,,,,,,,,,,,,,,,,,,,,,,,,,,
effectiveness_v3_20260918T203615Z_3b1672b7,F/core50_nc/loose/agem_static/1/default,agem_static,core50_nc,1,7,skipped,disabled,,,,,,,,,,,,,,,,,,,,,,,,,,,,,,,
effectiveness_v3_20260918T203615Z_3b1672b7,F/core50_nc/loose/agem_static/1/default,agem_static,core50_nc,1,8,skipped,disabled,,,,,,,,,,,,,,,,,,,,,,,,,,,,,,,
effectiveness_v3_20260918T204329Z_8162adb1,F/core50_nc/loose/agem_static/2/default,agem_static,core50_nc,2,0,skipped,disabled,,,,,,,,,,,,,,,,,,,,,,,,,,,,,,,
effectiveness_v3_20260918T204329Z_8162adb1,F/core50_nc/loose/agem_static/2/default,agem_static,core50_nc,2,1,skipped,disabled,,,,,,,,,,,,,,,,,,,,,,,,,,,,,,,
effectiveness_v3_20260918T204329Z_8162adb1,F/core50_nc/loose/agem_static/2/default,agem_static,core50_nc,2,2,skipped,disabled,,,,,,,,,,,,,,,,,,,,,,,,,,,,,,,
effectiveness_v3_20260918T204329Z_8162adb1,F/core50_nc/loose/agem_static/2/default,agem_static,core50_nc,2,3,skipped,disabled,,,,,,,,,,,,,,,,,,,,,,,,,,,,,,,
effectiveness_v3_20260918T204329Z_8162adb1,F/core50_nc/loose/agem_static/2/default,agem_static,core50_nc,2,4,skipped,disabled,,,,,,,,,,,,,,,,,,,,,,,,,,,,,,,
effectiveness_v3_20260918T204329Z_8162adb1,F/core50_nc/loose/agem_static/2/default,agem_static,core50_nc,2,5,skipped,disabled,,,,,,,,,,,,,,,,,,,,,,,,,,,,,,,
effectiveness_v3_20260918T204329Z_8162adb1,F/core50_nc/loose/agem_static/2/default,agem_static,core50_nc,2,6,skipped,disabled,,,,,,,,,,,,,,,,,,,,,,,,,,,,,,,
effectiveness_v3_20260918T204329Z_8162adb1,F/core50_nc/loose/agem_static/2/default,agem_static,core50_nc,2,7,skipped,disabled,,,,,,,,,,,,,,,,,,,,,,,,,,,,,,,
effectiveness_v3_20260918T204329Z_8162adb1,F/core50_nc/loose/agem_static/2/default,agem_static,core50_nc,2,8,skipped,disabled,,,,,,,,,,,,,,,,,,,,,,,,,,,,,,,
effectiveness_v3_20260918T205037Z_c7fe7b8c,F/core50_nc/loose/agem_adaptive_ewc/2/default,agem_adaptive_ewc,core50_nc,2,0,,,0.2291377640109555,0.05,"{""factor_p"": 0.497355606775512, ""factor_s"": 0.46879062662624377, ""factor_l"": 0.9827673804827152, ""factor_m"": 1.0, ""urge"": 0.2291377640109555}",16.0,200.0,16.286620422417528,207.16551056043824,16,207,advanced,adaptive,16,207,advanced,"{""ewc"": true}",23,23,23,,335544320,ok,device_allocator_enforced,0.0002738799958024174,0.0006505179917439818,0.5423106860891804,1.0,32.045964096003445,91.03076171875,91.03076171875,"{""ewc"": true}",
effectiveness_v3_20260918T205037Z_c7fe7b8c,F/core50_nc/loose/agem_adaptive_ewc/2/default,agem_adaptive_ewc,core50_nc,2,1,,,0.24655616428251267,0.05,"{""factor_p"": 0.4905622547419266, ""factor_s"": 0.502644393224488, ""factor_l"": 0.999909957262832, ""factor_m"": 1.0, ""urge"": 0.24655616428251267}",16.286620422417528,207.16551056043824,16.60674398635309,215.30944218591588,16,215,advanced,adaptive,16,215,advanced,"{""ewc"": true}",46,46,46,,335544320,ok,device_allocator_enforced,0.00031578700873069465,0.0004962309903930873,0.6510218613983165,0.4576893139108196,53.13223496702267,93.21337890625,93.21337890625,"{""ewc"": true}",
effectiveness_v3_20260918T205037Z_c7fe7b8c,F/core50_nc/loose/agem_adaptive_ewc/2/default,agem_adaptive_ewc,core50_nc,2,2,,,0.2509775769735886,0.05,"{""factor_p"": 0.49287920021766113, ""factor_s"": 0.5092084034476022, ""factor_l"": 0.9999973955439241, ""factor_m"": 1.0, ""urge"": 0.2509775769735886}",16.60674398635309,215.30944218591588,16.940502303132888,223.96391618392795,16,223,advanced,adaptive,16,223,advanced,"{""ewc"": true}",72,69,72,,335544320,ok,device_allocator_enforced,0.00026265799533575773,0.0006823049916420132,0.6139405001914703,0.35264888387420845,67.30482698298874,95.283203125,95.283203125,"{""ewc"": true}",
effectiveness_v3_20260918T205037Z_c7fe7b8c,F/core50_nc/loose/agem_adaptive_ewc/2/default,agem_adaptive_ewc,core50_nc,2,3,,,0.24996590877755534,0.05,"{""factor_p"": 0.4929120038934937, ""factor_s"": 0.5071207997823389, ""factor_l"": 0.9999999165517134, ""factor_m"": 1.0, ""urge"": 0.24996590877755534}",16.940502303132888,223.96391618392795,17.279254596952313,232.92094579054782,17,232,advanced,adaptive,17,232,advanced,"{""ewc"": true}",100,93,100,,335544320,ok,device_allocator_enforced,0.00022127700503915548,0.0007524350075982511,0.6134155353928793,0.3860594998085297,81.06784511898877,97.52099609375,97.52099609375,"{""ewc"": true}",
effectiveness_v3_20260918T205037Z_c7fe7b8c,F/core50_nc/loose/agem_adaptive_ewc/2/default,agem_adaptive_ewc,core50_nc,2,4,,,0.25078652396961215,0.05,"{""factor_p"": 0.49456554835276845, ""factor_s"": 0.5070845191731523, ""factor_l"": 0.9999999628510441, ""factor_m"": 1.0, ""urge"": 0.25078652396961215}",17.279254596952313,232.92094579054782,17.626198743683112,242.2744232035475,17,242,advanced,adaptive,17,242,advanced,"{""ewc"": true}",130,118,130,,335544320,ok,device_allocator_enforced,0.00020708300871774554,0.0009818520047701895,0.5869546505365257,0.3866401067170695,84.3050111120101,102.26318359375,102.26318359375,"{""ewc"": true}",
effectiveness_v3_20260918T205037Z_c7fe7b8c,F/core50_nc/loose/agem_adaptive_ewc/2/default,agem_adaptive_ewc,core50_nc,2,5,,,0.25243505735690863,0.05,"{""factor_p"": 0.5006794448663388, ""factor_s"": 0.5041849849170988, ""factor_l"": 0.9999999960333252, ""factor_m"": 1.0, ""urge"": 0.25243505735690863}",17.626198743683112,242.2744232035475,17.98301479904929,252.08339055501196,17,252,advanced,adaptive,17,252,advanced,"{""ewc"": true}",168,144,168,,335544320,ok,device_allocator_enforced,0.00024911999935284257,0.0011150740028824657,0.48912887544710476,0.4330386776075864,93.25304128299467,105.287109375,105.287109375,"{""ewc"": true}",
effectiveness_v3_20260918T205037Z_c7fe7b8c,F/core50_nc/loose/agem_adaptive_ewc/2/default,agem_adaptive_ewc,core50_nc,2,6,,,0.2516541851494817,0.05,"{""factor_p"": 0.5050464960166479, ""factor_s"": 0.498279242334887, ""factor_l"": 0.999999999087704, ""factor_m"": 1.0, ""urge"": 0.2516541851494817}",17.98301479904929,252.08339055501196,18.345649818632626,262.25012469742984,18,262,advanced,adaptive,18,262,advanced,"{""ewc"": true}",203,172,203,,335544320,ok,device_allocator_enforced,0.00020299098105169833,0.0011460369860287756,0.4192533218118041,0.5275322313396553,99.13191652702517,108.4453125,108.4453125,"{""ewc"": true}",
effectiveness_v3_20260918T205037Z_c7fe7b8c,F/core50_nc/loose/agem_adaptive_ewc/2/default,agem_adaptive_ewc,core50_nc,2,7,,,0.25114176416073564,0.05,"{""factor_p"": 0.5083213155642344, ""factor_s"": 0.4940610526423093, ""factor_l"": 0.9999999996517761, ""factor_m"": 1.0, ""urge"": 0.25114176416073564}",18.345649818632626,262.25012469742984,18.71465745555211,272.80001524403264,18,272,advanced,adaptive,18,272,advanced,"{""ewc"": true}",240,201,240,,335544320,ok,device_allocator_enforced,0.000246907991822809,0.001405880000675097,0.3668466565853286,0.5950276268625617,102.98439277999569,113.0537109375,113.0537109375,"{""ewc"": true}",
effectiveness_v3_20260918T205037Z_c7fe7b8c,F/core50_nc/loose/agem_adaptive_ewc/2/default,agem_adaptive_ewc,core50_nc,2,8,,last_experience,0.2507840047156172,0.05,"{""factor_p"": 0.5108679182007737, ""factor_s"": 0.4908979323023114, ""factor_l"": 0.9999999999651934, ""factor_m"": 1.0, ""urge"": 0.2507840047156172}",18.71465745555211,272.80001524403264,19.090417842632785,283.7547911534683,19,283,advanced,,,,,,,,,,,,,0.031018333014799282,0.0,0.32608591696473654,0.6456491735047414,112.1965590470063,116.2119140625,116.2119140625,,
effectiveness_v3_20260918T210433Z_552578ab,G/core50_nc/tight/O11/0/thr_half,O11,core50_nc,0,0,,,0.2324726596036727,0.025,"{""factor_p"": 0.5023872552947272, ""factor_s"": 0.46879062662624377, ""factor_l"": 0.9870845748965478, ""factor_m"": 0.9999999675092239, ""urge"": 0.2324726596036727}",16.0,200.0,16.331956255365878,208.2989063841469,16,208,advanced,adaptive,16,208,advanced,"{""gem"": true, ""ewc"": true}",208,200,208,,167772160,ok,device_allocator_enforced,0.00021551898680627346,0.00027952800155617297,0.4618036250416991,1.0,33.21702411500155,91.03076171875,91.03076171875,"{""gem"": true, ""ewc"": true}",
effectiveness_v3_20260918T210433Z_552578ab,G/core50_nc/tight/O11/0/thr_half,O11,core50_nc,0,1,,,0.2370997183554275,0.025,"{""factor_p"": 0.49581623158380134, ""factor_s"": 0.4804634984433613, ""factor_l"": 0.995308290865336, ""factor_m"": 0.9999822171072174, ""urge"": 0.2370997183554275}",16.331956255365878,208.2989063841469,16.678356587561503,217.13493425971112,16,217,advanced,adaptive,16,217,advanced,"{""gem"": true, ""ewc"": true}",217,208,217,,167772160,ok,device_allocator_enforced,0.00021349999587982893,0.0006484539771918207,0.5669418570147317,0.8127432447459135,37.30071295099333,116.2509765625,116.2509765625,"{""gem"": true, ""ewc"": true}",
effectiveness_v3_20260918T210602Z_fc717bb2,G/core50_nc/tight/O11/1/thr_half,O11,core50_nc,1,0,,,0.2298369416512122,0.025,"{""factor_p"": 0.4983216175571715, ""factor_s"": 0.46879062662624377, ""factor_l"": 0.9838552356482985, ""factor_m"": 0.9999999675092239, ""urge"": 0.2298369416512122}",16.0,200.0,16.32773910664194,208.19347766604847,16,208,advanced,adaptive,16,208,advanced,"{""gem"": true, ""ewc"": true}",208,200,208,,167772160,ok,device_allocator_enforced,0.00023081398103386164,0.0002940090198535472,0.5268542199488491,1.0,32.31122242100537,91.03076171875,91.03076171875,"{""gem"": true, ""ewc"": true}",
effectiveness_v3_20260918T210602Z_fc717bb2,G/core50_nc/tight/O11/1/thr_half,O11,core50_nc,1,1,,,0.23573568766328978,0.025,"{""factor_p"": 0.4906559147893285, ""factor_s"": 0.4827330172022757, ""factor_l"": 0.995288566688016, ""factor_m"": 0.9999822171072174, ""urge"": 0.23573568766328978}",16.32773910664194,208.19347766604847,16.671822839504436,216.96823680264174,16,216,advanced,adaptive,16,216,advanced,"{""gem"": true, ""ewc"": true}",216,208,216,,167772160,ok,device_allocator_enforced,0.0001943520037457347,0.0006655460165347904,0.6495227718209207,0.7763816301567886,37.28385273300228,116.2509765625,116.2509765625,"{""gem"": true, ""ewc"": true}",
effectiveness_v3_20260918T210731Z_d856d9be,G/core50_nc/tight/O11/2/thr_half,O11,core50_nc,2,0,,,0.23235580637507622,0.025,"{""factor_p"": 0.5019772219853325, ""factor_s"": 0.46879062662624377, ""factor_l"": 0.9873942946530881, ""factor_m"": 0.9999999675092239, ""urge"": 0.23235580637507622}",16.0,200.0,16.33176929020012,208.29423225500304,16,208,advanced,adaptive,16,208,advanced,"{""gem"": true, ""ewc"": true}",208,200,208,,167772160,ok,device_allocator_enforced,0.00019973100279457867,0.00028863901388831437,0.46836428333148006,1.0,33.31537030599429,91.03076171875,91.03076171875,"{""gem"": true, ""ewc"": true}",
effectiveness_v3_20260918T210731Z_d856d9be,G/core50_nc/tight/O11/2/thr_half,O11,core50_nc,2,1,,,0.23442908924931485,0.025,"{""factor_p"": 0.49280988490567396, ""factor_s"": 0.4788191162754915, ""factor_l"": 0.993501054075149, ""factor_m"": 0.9999822171072174, ""urge"": 0.23442908924931485}",16.33176929020012,208.29423225500304,16.673804047027776,217.01880652641313,16,217,advanced,adaptive,16,217,advanced,"{""gem"": true, ""ewc"": true}",217,208,217,,167772160,ok,device_allocator_enforced,0.0002562500012572855,0.0006636299949605018,0.6150497723665187,0.839097075503169,35.9900710809743,116.2509765625,116.2509765625,"{""gem"": true, ""ewc"": true}",
effectiveness_v3_20260918T210859Z_0e7b29e8,G/core50_nc/tight/O11/0/thr_double,O11,core50_nc,0,0,,,0.23126140051813962,0.1,"{""factor_p"": 0.5014003910897225, ""factor_s"": 0.46879062662624377, ""factor_l"": 0.9838742122346013, ""factor_m"": 0.9999999675092239, ""urge"": 0.23126140051813962}",16.0,200.0,16.210018240829022,205.2504560207256,16,205,advanced,adaptive,16,205,advanced,"{""gem"": true, ""ewc"": true}",205,200,205,,167772160,ok,device_allocator_enforced,0.0002198799920734018,0.00033998998696915805,0.4775936839764261,1.0,32.31600394501584,91.03076171875,91.03076171875,"{""gem"": true, ""ewc"": true}",
effectiveness_v3_20260918T210859Z_0e7b29e8,G/core50_nc/tight/O11/0/thr_double,O11,core50_nc,0,1,,,0.23582741069387553,0.1,"{""factor_p"": 0.4942731675115845, ""factor_s"": 0.4807965905757169, ""factor_l"": 0.9923699198110764, ""factor_m"": 0.9999822171072174, ""urge"": 0.23582741069387553}",16.210018240829022,205.2504560207256,16.430194721324252,210.82618361773206,16,210,advanced,adaptive,16,210,advanced,"{""gem"": true, ""ewc"": true}",210,205,210,,167772160,ok,device_allocator_enforced,0.00018622199422679842,0.000700147997122258,0.5916333269715278,0.8074057600355833,35.34368092601653,116.2509765625,116.2509765625,"{""gem"": true, ""ewc"": true}",
effectiveness_v3_20260918T211026Z_3c3348ef,G/core50_nc/tight/O11/1/thr_double,O11,core50_nc,1,0,,,0.2301223355654338,0.1,"{""factor_p"": 0.4990096476867547, ""factor_s"": 0.46879062662624377, ""factor_l"": 0.9837186963265165, ""factor_m"": 0.9999999675092239, ""urge"": 0.2301223355654338}",16.0,200.0,16.208195736904695,205.20489342261735,16,205,advanced,adaptive,16,205,advanced,"{""gem"": true, ""ewc"": true}",205,200,205,,167772160,ok,device_allocator_enforced,0.00020932397455908358,0.00028687098529189825,0.515845657733793,1.0,32.27698075398803,91.03076171875,91.03076171875,"{""gem"": true, ""ewc"": true}",
effectiveness_v3_20260918T211026Z_3c3348ef,G/core50_nc/tight/O11/1/thr_double,O11,core50_nc,1,1,,,0.2347393232233591,0.1,"{""factor_p"": 0.49031179232958183, ""factor_s"": 0.4815252887230775, ""factor_l"": 0.9942649559310109, ""factor_m"": 0.9999822171072174, ""urge"": 0.2347393232233591}",16.208195736904695,205.20489342261735,16.426583869330923,210.73472711499437,16,210,advanced,adaptive,16,210,advanced,"{""gem"": true, ""ewc"": true}",210,205,210,,167772160,ok,device_allocator_enforced,0.0002064440050162375,0.0006672960007563233,0.6550307265309676,0.7957300122317358,36.4933237490186,116.2509765625,116.2509765625,"{""gem"": true, ""ewc"": true}",
effectiveness_v3_20260918T211153Z_27de471a,G/core50_nc/tight/O11/2/thr_double,O11,core50_nc,2,0,,,0.2253188503490944,0.1,"{""factor_p"": 0.4969386293821388, ""factor_s"": 0.46879062662624377, ""factor_l"": 0.9671990549072055, ""factor_m"": 0.9999999675092239, ""urge"": 0.2253188503490944}",16.0,200.0,16.20051016055855,205.0127540139638,16,205,advanced,adaptive,16,205,advanced,"{""gem"": true, ""ewc"": true}",205,200,205,,167772160,ok,device_allocator_enforced,0.00022181399981491268,0.00028792599914595485,0.5489825419770933,1.0,29.407478556007845,91.03076171875,91.03076171875,"{""gem"": true, ""ewc"": true}",
effectiveness_v3_20260918T211153Z_27de471a,G/core50_nc/tight/O11/2/thr_double,O11,core50_nc,2,1,,,0.23465797558455787,0.1,"{""factor_p"": 0.48962415019256794, ""factor_s"": 0.4819347823699882, ""factor_l"": 0.9944705818313802, ""factor_m"": 0.9999822171072174, ""urge"": 0.23465797558455787}",16.20051016055855,205.0127540139638,16.41866295072434,210.53407449887084,16,210,advanced,adaptive,16,210,advanced,"{""gem"": true, ""ewc"": true}",210,205,210,,167772160,ok,device_allocator_enforced,0.00019999098731204867,0.0007711939979344606,0.6660374333912162,0.7891693539419549,36.64020226499997,116.2509765625,116.2509765625,"{""gem"": true, ""ewc"": true}",
effectiveness_v3_20260918T211318Z_814274ae,G/core50_nc/tight/O11/0/alpha_double,O11,core50_nc,0,0,,,0.23179404880462295,0.05,"{""factor_p"": 0.5011293486854831, ""factor_s"": 0.46879062662624377, ""factor_l"": 0.9866736681852263, ""factor_m"": 0.9999999675092239, ""urge"": 0.23179404880462295}",16.0,200.0,16.581740956174794,207.27176195218493,16,207,advanced,adaptive,16,207,advanced,"{""gem"": true, ""ewc"": true}",207,200,207,,167772160,ok,device_allocator_enforced,0.0002167319762520492,0.0002974439994432032,0.48193039030356943,1.0,33.09008034699946,91.03076171875,91.03076171875,"{""gem"": true, ""ewc"": true}",
effectiveness_v3_20260918T211318Z_814274ae,G/core50_nc/tight/O11/0/alpha_double,O11,core50_nc,0,1,,,0.23410165706729136,0.05,"{""factor_p"": 0.4946729135858715, ""factor_s"": 0.47687698037014664, ""factor_l"": 0.9924022068702343, ""factor_m"": 0.9999822171072174, ""urge"": 0.23410165706729136}",16.581740956174794,207.27176195218493,17.192286153593265,214.90357691991582,17,214,advanced,adaptive,17,214,advanced,"{""gem"": true, ""ewc"": true}",214,207,214,,167772160,ok,device_allocator_enforced,0.00020708300871774554,0.0007167029834818095,0.5852366078325411,0.8702324029800956,35.36077317499439,116.2509765625,116.2509765625,"{""gem"": true, ""ewc"": true}",
effectiveness_v3_20260918T211445Z_7b05951c,G/core50_nc/tight/O11/1/alpha_double,O11,core50_nc,1,0,,,0.23120970234315183,0.05,"{""factor_p"": 0.49925289169357095, ""factor_s"": 0.46879062662624377, ""factor_l"": 0.9878853845771088, ""factor_m"": 0.9999999675092239, ""urge"": 0.23120970234315183}",16.0,200.0,16.579871047498084,207.24838809372605,16,207,advanced,adaptive,16,207,advanced,"{""gem"": true, ""ewc"": true}",207,200,207,,167772160,ok,device_allocator_enforced,0.00021808297606185079,0.0002959810080938041,0.5119537417991772,1.0,33.47630687698256,91.03076171875,91.03076171875,"{""gem"": true, ""ewc"": true}",
effectiveness_v3_20260918T211445Z_7b05951c,G/core50_nc/tight/O11/1/alpha_double,O11,core50_nc,1,1,,,0.23514446145865817,0.05,"{""factor_p"": 0.49322738817655315, ""factor_s"": 0.47894399040476526, ""factor_l"": 0.9954296313427476, ""factor_m"": 0.9999822171072174, ""urge"": 0.23514446145865817}",16.579871047498084,207.24838809372605,17.19380530672669,214.92256633408363,17,214,advanced,adaptive,17,214,advanced,"{""gem"": true, ""ewc"": true}",214,207,214,,167772160,ok,device_allocator_enforced,0.0002027970040217042,0.0006821010028943419,0.6083684170619912,0.8370955187367952,37.40601283698925,116.2509765625,116.2509765625,"{""gem"": true, ""ewc"": true}",
effectiveness_v3_20260918T211615Z_0b43da14,G/core50_nc/tight/O11/2/alpha_double,O11,core50_nc,2,0,,,0.23199824828694737,0.05,"{""factor_p"": 0.5006845597857658, ""factor_s"": 0.46879062662624377, ""factor_l"": 0.988420175646164, ""factor_m"": 0.9999999675092239, ""urge"": 0.23199824828694737}",16.0,200.0,16.582394394518232,207.2799299314779,16,207,advanced,adaptive,16,207,advanced,"{""gem"": true, ""ewc"": true}",207,200,207,,167772160,ok,device_allocator_enforced,0.00021442599245347083,0.000286666996544227,0.4890470365840098,1.0,33.65906491197529,91.03076171875,91.03076171875,"{""gem"": true, ""ewc"": true}",
effectiveness_v3_20260918T211615Z_0b43da14,G/core50_nc/tight/O11/2/alpha_double,O11,core50_nc,2,1,,,0.23669180350339825,0.05,"{""factor_p"": 0.4932758056616021, ""factor_s"": 0.48220547796744095, ""factor_l"": 0.9951051814154721, ""factor_m"": 0.9999822171072174, ""urge"": 0.23669180350339825}",16.582394394518232,207.2799299314779,17.201553817701683,215.01942272127104,17,215,advanced,adaptive,17,215,advanced,"{""gem"": true, ""ewc"": true}",215,207,215,,167772160,ok,device_allocator_enforced,0.000239360990235582,0.0007101389928720891,0.6075935961562986,0.7848326476148115,37.1303754929977,116.2509765625,116.2509765625,"{""gem"": true, ""ewc"": true}",
effectiveness_v3_20260918T211744Z_a3a01ee6,G/core50_nc/tight/O11/0/beta_double,O11,core50_nc,0,0,,,0.22938104749095115,0.05,"{""factor_p"": 0.5019355235244527, ""factor_s"": 0.46879062662624377, ""factor_l"": 0.9748340565343446, ""factor_m"": 0.9999999675092239, ""urge"": 0.22938104749095115}",16.0,200.0,16.287009675985523,214.3504837992761,16,214,advanced,adaptive,16,214,advanced,"{""gem"": true, ""ewc"": true}",214,200,214,,167772160,ok,device_allocator_enforced,0.00023616699036210775,0.0003585279919207096,0.4690314689202713,1.0,30.498793092003325,91.03076171875,91.03076171875,"{""gem"": true, ""ewc"": true}",
effectiveness_v3_20260918T211744Z_a3a01ee6,G/core50_nc/tight/O11/0/beta_double,O11,core50_nc,0,1,,,0.23707831622136377,0.05,"{""factor_p"": 0.4949299815308263, ""factor_s"": 0.48080353017769384, ""factor_l"": 0.9962954490121935, ""factor_m"": 0.9999822171072174, ""urge"": 0.23707831622136377}",16.287009675985523,214.3504837992761,16.591704310631965,230.39061483543745,16,230,advanced,adaptive,16,230,advanced,"{""gem"": true, ""ewc"": true}",230,214,230,,167772160,ok,device_allocator_enforced,0.00021296300110407174,0.0007305839972104877,0.5811230759506807,0.8072945624374513,38.24961773699033,116.2509765625,116.2509765625,"{""gem"": true, ""ewc"": true}",
effectiveness_v3_20260918T211912Z_c7d51640,G/core50_nc/tight/O11/1/beta_double,O11,core50_nc,1,0,,,0.23235464411328155,0.05,"{""factor_p"": 0.5030613706178612, ""factor_s"": 0.46879062662624377, ""factor_l"": 0.9852614307243256, ""factor_m"": 0.9999999675092239, ""urge"": 0.23235464411328155}",16.0,200.0,16.29176743058125,214.58837152906253,16,214,advanced,adaptive,16,214,advanced,"{""gem"": true, ""ewc"": true}",214,200,214,,167772160,ok,device_allocator_enforced,0.00021101799211464822,0.00031489800312556326,0.4510174580229067,1.0,32.681447381997714,91.03076171875,91.03076171875,"{""gem"": true, ""ewc"": true}",
effectiveness_v3_20260918T211912Z_c7d51640,G/core50_nc/tight/O11/1/beta_double,O11,core50_nc,1,1,,,0.23205332797444375,0.05,"{""factor_p"": 0.49219110027941015, ""factor_s"": 0.4759824422773616, ""factor_l"": 0.9905373011767669, ""factor_m"": 0.9999822171072174, ""urge"": 0.23205332797444375}",16.29176743058125,214.58837152906253,16.588364478513544,230.2149824016554,16,230,advanced,adaptive,16,230,advanced,"{""gem"": true, ""ewc"": true}",230,214,230,,167772160,ok,device_allocator_enforced,0.0001893150038085878,0.0007314170070458204,0.6249525554853133,0.8845768931391083,34.47525015898282,116.2509765625,116.2509765625,"{""gem"": true, ""ewc"": true}",
effectiveness_v3_20260918T212037Z_f3306b0e,G/core50_nc/tight/O11/2/beta_double,O11,core50_nc,2,0,,,0.23042023827459643,0.05,"{""factor_p"": 0.5003926664376778, ""factor_s"": 0.46879062662624377, ""factor_l"": 0.9822697728561687, ""factor_m"": 0.9999999675092239, ""urge"": 0.23042023827459643}",16.0,200.0,16.288672381239355,214.4336190619677,16,214,advanced,adaptive,16,214,advanced,"{""gem"": true, ""ewc"": true}",214,200,214,,167772160,ok,device_allocator_enforced,0.000249898002948612,0.0003236199845559895,0.49371733570554877,1.0,31.9300708110095,91.03076171875,91.03076171875,"{""gem"": true, ""ewc"": true}",
effectiveness_v3_20260918T212037Z_f3306b0e,G/core50_nc/tight/O11/2/beta_double,O11,core50_nc,2,1,,,0.23421422196645056,0.05,"{""factor_p"": 0.49233055552661914, ""factor_s"": 0.4790480541899364, ""factor_l"": 0.9930820113062543, ""factor_m"": 0.9999822171072174, ""urge"": 0.23421422196645056}",16.288672381239355,214.4336190619677,16.588732892196997,230.23430798154794,16,230,advanced,adaptive,16,230,advanced,"{""gem"": true, ""ewc"": true}",230,214,230,,167772160,ok,device_allocator_enforced,0.0002162130258511752,0.0006911760137882084,0.6227207368182917,0.8354275547648171,35.73844327800907,116.2509765625,116.2509765625,"{""gem"": true, ""ewc"": true}",
effectiveness_v3_20260918T212204Z_4a444ddd,G/core50_nc/tight/O11/0/lr_half,O11,core50_nc,0,0,,,0.23173528185454764,0.05,"{""factor_p"": 0.5006706601115287, ""factor_s"": 0.46879062662624377, ""factor_l"": 0.9873272261648923, ""factor_m"": 0.9999999675092239, ""urge"": 0.23173528185454764}",16.0,200.0,16.290776450967275,207.26941127418192,16,207,advanced,adaptive,16,207,advanced,"{""gem"": true, ""ewc"": true}",207,200,207,,167772160,ok,device_allocator_enforced,0.00023523200070485473,0.0002795279724523425,0.48926943178027354,1.0,33.29387306602439,91.03076171875,91.03076171875,"{""gem"": true, ""ewc"": true}",
effectiveness_v3_20260918T212204Z_4a444ddd,G/core50_nc/tight/O11/0/lr_half,O11,core50_nc,0,1,,,0.23563225478590386,0.05,"{""factor_p"": 0.4943879852945472, ""factor_s"": 0.4801234848064257, ""factor_l"": 0.9927081894126413, ""factor_m"": 0.9999822171072174, ""urge"": 0.23563225478590386}",16.290776450967275,207.26941127418192,16.59318580744789,214.96458890677656,16,214,advanced,adaptive,16,214,advanced,"{""gem"": true, ""ewc"": true}",214,207,214,,167772160,ok,device_allocator_enforced,0.00020560200209729373,0.0007499539933633059,0.5897960062127174,0.8181919270543756,35.526430070982315,116.2509765625,116.2509765625,"{""gem"": true, ""ewc"": true}",
effectiveness_v3_20260918T212332Z_e2c21f24,G/core50_nc/tight/O11/1/lr_half,O11,core50_nc,1,0,,,0.22960406344748926,0.05,"{""factor_p"": 0.49930849037751107, ""factor_s"": 0.46879062662624377, ""factor_l"": 0.9809157627259268, ""factor_m"": 0.9999999675092239, ""urge"": 0.22960406344748926}",16.0,200.0,16.287366501515983,207.18416253789957,16,207,advanced,adaptive,16,207,advanced,"{""gem"": true, ""ewc"": true}",207,200,207,,167772160,ok,device_allocator_enforced,0.00022153698955662549,0.00028387902420945466,0.5110641610141221,1.0,31.630186048016185,91.03076171875,91.03076171875,"{""gem"": true, ""ewc"": true}",
effectiveness_v3_20260918T212332Z_e2c21f24,G/core50_nc/tight/O11/1/lr_half,O11,core50_nc,1,1,,,0.23601323800398125,0.05,"{""factor_p"": 0.49313006664977305, ""factor_s"": 0.48195560473382076, ""factor_l"": 0.9930601816851435, ""factor_m"": 0.9999822171072174, ""urge"": 0.23601323800398125}",16.287366501515983,207.18416253789957,16.59033307966644,214.89196192526313,16,214,advanced,adaptive,16,214,advanced,"{""gem"": true, ""ewc"": true}",214,207,214,,167772160,ok,device_allocator_enforced,0.00019613001495599747,0.0007963889802340418,0.6099258513635684,0.7888357611475592,35.725753275997704,116.2509765625,116.2509765625,"{""gem"": true, ""ewc"": true}",
effectiveness_v3_20260918T212457Z_5925df96,G/core50_nc/tight/O11/2/lr_half,O11,core50_nc,2,0,,,0.2313334404439613,0.05,"{""factor_p"": 0.500378766746184, ""factor_s"": 0.46879062662624377, ""factor_l"": 0.9861901012861144, ""factor_m"": 0.9999999675092239, ""urge"": 0.2313334404439613}",16.0,200.0,16.290133504710337,207.25333761775846,16,207,advanced,adaptive,16,207,advanced,"{""gem"": true, ""ewc"": true}",207,200,207,,167772160,ok,device_allocator_enforced,0.00022885200451128185,0.00029637099942192435,0.49393973090181253,1.0,32.945544596004765,91.03076171875,91.03076171875,"{""gem"": true, ""ewc"": true}",
effectiveness_v3_20260918T212457Z_5925df96,G/core50_nc/tight/O11/2/lr_half,O11,core50_nc,2,1,,,0.2353931855715427,0.05,"{""factor_p"": 0.4923027557355704, ""factor_s"": 0.48135178191951755, ""factor_l"": 0.9933602070737751, ""factor_m"": 0.9999822171072174, ""urge"": 0.2353931855715427}",16.290133504710337,207.25333761775846,16.592141479092735,214.93800891401662,16,214,advanced,adaptive,16,214,advanced,"{""gem"": true, ""ewc"": true}",214,207,214,,167772160,ok,device_allocator_enforced,0.00019459298346191645,0.0006534259882755578,0.6231656385321076,0.7985099521850327,35.90374085199437,116.2509765625,116.2509765625,"{""gem"": true, ""ewc"": true}",
effectiveness_v3_20260918T212625Z_b9468714,G/core50_nc/tight/O11/0/initial_batch32,O11,core50_nc,0,0,,,0.1779818963774799,0.05,"{""factor_p"": 0.5016158344727303, ""factor_s"": 0.46879062662624377, ""factor_l"": 0.7568910956247555, ""factor_m"": 0.9999822171072174, ""urge"": 0.1779818963774799}",32.0,200.0,32.40954206840794,205.1192758550992,32,205,advanced,adaptive,32,205,advanced,"{""gem"": true, ""ewc"": true}",205,200,205,,167772160,ok,device_allocator_enforced,0.0002320369821973145,0.00032267600181512535,0.47414655843433784,1.0,20.414530066016596,116.2509765625,116.2509765625,"{""gem"": true, ""ewc"": true}",
effectiveness_v3_20260918T212658Z_b3ae2918,G/core50_nc/tight/O11/1/initial_batch32,O11,core50_nc,1,0,,,0.1700957450454882,0.05,"{""factor_p"": 0.4995378351143868, ""factor_s"": 0.46879062662624377, ""factor_l"": 0.726363254915772, ""factor_m"": 0.9999822171072174, ""urge"": 0.1700957450454882}",32.0,200.0,32.38430638414556,204.80382980181955,32,204,advanced,adaptive,32,204,advanced,"{""gem"": true, ""ewc"": true}",204,200,204,,167772160,ok,device_allocator_enforced,0.00021565702627412975,0.00028141698567196727,0.5073946402757701,1.0,19.77668563000043,116.2509765625,116.2509765625,"{""gem"": true, ""ewc"": true}",
effectiveness_v3_20260918T212731Z_9b5ab473,G/core50_nc/tight/O11/2/initial_batch32,O11,core50_nc,2,0,,,0.16785428501945585,0.05,"{""factor_p"": 0.4936933457164374, ""factor_s"": 0.46879062662624377, ""factor_l"": 0.7252770955064385, ""factor_m"": 0.9999822171072174, ""urge"": 0.16785428501945585}",32.0,200.0,32.37713371206226,204.71417140077824,32,204,advanced,adaptive,32,204,advanced,"{""gem"": true, ""ewc"": true}",204,200,204,,167772160,ok,device_allocator_enforced,0.00020934300846420228,0.0002728890103753656,0.6009118203046814,1.0,19.75485383401974,116.2509765625,116.2509765625,"{""gem"": true, ""ewc"": true}",
effectiveness_v3_20260918T212803Z_193f70dc,G/core50_nc/tight/O11/0/initial_replay1000,O11,core50_nc,0,0,,,0.23097373565060839,0.05,"{""factor_p"": 0.4987108057035622, ""factor_s"": 0.46879062662624377, ""factor_l"": 0.9879498845334306, ""factor_m"": 0.9999999675092239, ""urge"": 0.23097373565060839}",16.0,1000.0,16.289557977040975,1036.1947471301216,16,1036,advanced,adaptive,16,1036,advanced,"{""gem"": true, ""ewc"": true}",1036,1000,1036,,167772160,ok,device_allocator_enforced,0.00025312998332083225,0.00028280599508434534,0.5206271544534639,1.0,33.497921503003454,91.03076171875,91.03076171875,"{""gem"": true, ""ewc"": true}",
effectiveness_v3_20260918T212803Z_193f70dc,G/core50_nc/tight/O11/0/initial_replay1000,O11,core50_nc,0,1,,,0.2363382898774728,0.05,"{""factor_p"": 0.49739143732649804, ""factor_s"": 0.47816010258899716, ""factor_l"": 0.9937340503924456, ""factor_m"": 0.9999822171072174, ""urge"": 0.2363382898774728}",16.289557977040975,1036.1947471301216,16.59309481467115,1074.811298562171,16,1074,advanced,adaptive,16,1074,advanced,"{""gem"": true, ""ewc"": true}",1074,1036,1074,,167772160,ok,device_allocator_enforced,0.00021280499640852213,0.0006688889989163727,0.5417373814536508,0.8496608473256977,36.13704844500171,116.2509765625,116.2509765625,"{""gem"": true, ""ewc"": true}",
effectiveness_v3_20260918T212932Z_761cbed7,G/core50_nc/tight/O11/1/initial_replay1000,O11,core50_nc,1,0,,,0.22959404944799508,0.05,"{""factor_p"": 0.4952638189644932, ""factor_s"": 0.46879062662624377, ""factor_l"": 0.9888834769920382, ""factor_m"": 0.9999999675092239, ""urge"": 0.22959404944799508}",16.0,1000.0,16.287350479116792,1035.918809889599,16,1035,advanced,adaptive,16,1035,advanced,"{""gem"": true, ""ewc"": true}",1035,1000,1035,,167772160,ok,device_allocator_enforced,0.0002472400083206594,0.00029640700086019933,0.5757811631268764,1.0,33.82426636200398,91.03076171875,91.03076171875,"{""gem"": true, ""ewc"": true}",
effectiveness_v3_20260918T212932Z_761cbed7,G/core50_nc/tight/O11/1/initial_replay1000,O11,core50_nc,1,1,,,0.23370831815969034,0.05,"{""factor_p"": 0.4909830666179022, ""factor_s"": 0.4778895820072771, ""factor_l"": 0.9960653120360088, ""factor_m"": 0.9999822171072174, ""urge"": 0.23370831815969034}",16.287350479116792,1035.918809889599,16.58656265549639,1073.9801903525602,16,1073,advanced,adaptive,16,1073,advanced,"{""gem"": true, ""ewc"": true}",1073,1035,1073,,167772160,ok,device_allocator_enforced,0.00025763901066966355,0.0007334900146815926,0.64428657711405,0.8539975536528411,38.00761557702208,116.2509765625,116.2509765625,"{""gem"": true, ""ewc"": true}",
effectiveness_v3_20260918T213102Z_e6e61120,G/core50_nc/tight/O11/2/initial_replay1000,O11,core50_nc,2,0,,,0.22978729925150812,0.05,"{""factor_p"": 0.49811312471389485, ""factor_s"": 0.46879062662624377, ""factor_l"": 0.9840544517679982, ""factor_m"": 0.9999999675092239, ""urge"": 0.22978729925150812}",16.0,1000.0,16.287659678802413,1035.9574598503016,16,1035,advanced,adaptive,16,1035,advanced,"{""gem"": true, ""ewc"": true}",1035,1000,1035,,167772160,ok,device_allocator_enforced,0.00024852799833752215,0.0003090639947913587,0.5301901478928055,1.0,32.361696782987565,91.03076171875,91.03076171875,"{""gem"": true, ""ewc"": true}",
effectiveness_v3_20260918T213102Z_e6e61120,G/core50_nc/tight/O11/2/initial_replay1000,O11,core50_nc,2,1,,,0.23347560394883665,0.05,"{""factor_p"": 0.49246994704465763, ""factor_s"": 0.4767452172434191, ""factor_l"": 0.9944504597640013, ""factor_m"": 0.9999822171072174, ""urge"": 0.23347560394883665}",16.287659678802413,1035.9574598503016,16.586498498450553,1073.972043972569,16,1073,advanced,adaptive,16,1073,advanced,"{""gem"": true, ""ewc"": true}",1073,1035,1073,,167772160,ok,device_allocator_enforced,0.00023406499531120062,0.0007498060003854334,0.6204899571499622,0.8723451573446014,36.62559137798962,116.2509765625,116.2509765625,"{""gem"": true, ""ewc"": true}",
effectiveness_v3_20260918T213230Z_86788851,G/core50_nc/tight/O11/0/quota_mid,O11,core50_nc,0,0,,,0.2321013608217442,0.05,"{""factor_p"": 0.5024081043649286, ""factor_s"": 0.46879062662624377, ""factor_l"": 0.9854671023220274, ""factor_m"": 1.0, ""urge"": 0.2321013608217442}",16.0,200.0,16.29136217731479,207.2840544328698,16,207,advanced,adaptive,16,207,advanced,"{""gem"": true, ""ewc"": true}",207,200,207,,251658240,ok,device_allocator_enforced,0.00021002700668759644,0.00026924099074676633,0.4614700322473035,1.0,32.7384940199845,91.03076171875,91.03076171875,"{""gem"": true, ""ewc"": true}",
effectiveness_v3_20260918T213230Z_86788851,G/core50_nc/tight/O11/0/quota_mid,O11,core50_nc,0,1,,,0.23577263928865624,0.05,"{""factor_p"": 0.49618119359122714, ""factor_s"": 0.4777161781894866, ""factor_l"": 0.9946794748636453, ""factor_m"": 0.9999999999999634, ""urge"": 0.23577263928865624}",16.29136217731479,207.2840544328698,16.59401111224351,214.98559560775934,16,214,advanced,adaptive,16,214,advanced,"{""gem"": true, ""ewc"": true}",214,207,214,,251658240,ok,device_allocator_enforced,0.00019771300139836967,0.0007019260083325207,0.5611020906509042,0.8567774936061381,36.79508474699105,116.2509765625,116.2509765625,"{""gem"": true, ""ewc"": true}",
effectiveness_v3_20260918T213230Z_86788851,G/core50_nc/tight/O11/0/quota_mid,O11,core50_nc,0,2,,,0.24106913889551032,0.05,"{""factor_p"": 0.4999633388155373, ""factor_s"": 0.4822044557265054, ""factor_l"": 0.9999360773820246, ""factor_m"": 0.9999999998935016, ""urge"": 0.24106913889551032}",16.59401111224351,214.98559560775934,16.9110714536474,223.20101813330191,16,223,advanced,adaptive,16,223,advanced,"{""gem"": true, ""ewc"": true}",223,214,223,,251658240,ok,device_allocator_enforced,0.00020648198551498353,0.001985148002859205,0.5005865789524546,0.784849024213246,54.502784084994346,148.1484375,148.1484375,"{""gem"": true, ""ewc"": true}",
effectiveness_v3_20260918T213230Z_86788851,G/core50_nc/tight/O11/0/quota_mid,O11,core50_nc,0,3,,,0.2528532708131038,0.05,"{""factor_p"": 0.5077843750789887, ""factor_s"": 0.497954034255449, ""factor_l"": 0.9999999715170432, ""factor_m"": 0.9999999996545361, ""urge"": 0.2528532708131038}",16.9110714536474,223.20101813330191,17.25411806938005,232.25642944873294,17,232,advanced,adaptive,17,232,advanced,"{""gem"": true, ""ewc"": true}",232,223,232,,251658240,ok,device_allocator_enforced,0.00019678700482472777,0.002086036984110251,0.37543993421434096,0.5327356346210654,85.36753021299955,152.85546875,152.85546875,"{""gem"": true, ""ewc"": true}",
effectiveness_v3_20260918T213230Z_86788851,G/core50_nc/tight/O11/0/quota_mid,O11,core50_nc,0,4,,,0.2514481654267973,0.05,"{""factor_p"": 0.5124754134915528, ""factor_s"": 0.49065410578740654, ""factor_l"": 0.9999999994578062, ""factor_m"": 0.9999999992777906, ""urge"": 0.2514481654267973}",17.25411806938005,232.25642944873294,17.601699112493442,241.61395577293808,17,241,advanced,adaptive,17,241,advanced,"{""gem"": true, ""ewc"": true}",241,232,241,,251658240,ok,device_allocator_enforced,0.00023341600899584591,0.002755499997874722,0.30035194737147275,0.6495517259657991,101.2132802309934,155.80517578125,155.80517578125,"{""gem"": true, ""ewc"": true}",
effectiveness_v3_20260918T213230Z_86788851,G/core50_nc/tight/O11/0/quota_mid,O11,core50_nc,0,5,,,0.2507246132412725,0.05,"{""factor_p"": 0.5156016029991074, ""factor_s"": 0.4862758618851231, ""factor_l"": 0.9999999999955249, ""factor_m"": 0.9999999974260703, ""urge"": 0.2507246132412725}",17.601699112493442,241.61395577293808,17.955008537167892,251.31352933818144,17,251,advanced,adaptive,17,251,advanced,"{""gem"": true, ""ewc"": true}",251,241,251,,251658240,ok,device_allocator_enforced,0.00025770399952307343,0.0029271480161696672,0.2502932894762273,0.7196413807726393,120.40164362301584,160.888671875,160.888671875,"{""gem"": true, ""ewc"": true}",
effectiveness_v3_20260918T213230Z_86788851,G/core50_nc/tight/O11/0/quota_mid,O11,core50_nc,0,6,,,0.2502992216842918,0.05,"{""factor_p"": 0.5178338624760159, ""factor_s"": 0.48335816080049765, ""factor_l"": 0.9999999999999523, ""factor_m"": 0.99999999327876, ""urge"": 0.2502992216842918}",17.955008537167892,251.31352933818144,18.314645960700847,261.3811102032154,18,261,advanced,adaptive,18,261,advanced,"{""gem"": true, ""ewc"": true}",261,251,261,,251658240,ok,device_allocator_enforced,0.00021850000484846532,0.004001286986749619,0.2145371052653377,0.7663678173105327,138.55826188100036,164.72802734375,164.72802734375,"{""gem"": true, ""ewc"": true}",
effectiveness_v3_20260918T213230Z_86788851,G/core50_nc/tight/O11/0/quota_mid,O11,core50_nc,0,7,,,0.2500258939573681,0.05,"{""factor_p"": 0.519507594949539, ""factor_s"": 0.48127477143490954, ""factor_l"": 0.9999999999999962, ""factor_m"": 0.999999979759417, ""urge"": 0.2500258939573681}",18.314645960700847,261.3811102032154,18.680986303781033,271.83770824960897,18,271,advanced,adaptive,18,271,advanced,"{""gem"": true, ""ewc"": true}",271,261,271,,251658240,ok,device_allocator_enforced,0.00021905600442551076,0.0035332220140844584,0.18771996710717048,0.799743843409028,148.69693499198183,169.1376953125,169.1376953125,"{""gem"": true, ""ewc"": true}",
effectiveness_v3_20260918T213230Z_86788851,G/core50_nc/tight/O11/0/quota_mid,O11,core50_nc,0,8,,last_experience,0.24983869558470276,0.05,"{""factor_p"": 0.5208090861569183, ""factor_s"": 0.47971265263313867, ""factor_l"": 1.0, ""factor_m"": 0.999999949363037, ""urge"": 0.24983869558470276}",18.680986303781033,271.83770824960897,19.05430469729936,282.70244685507635,19,282,advanced,,,,,,,,,,,,,0.03228005699929781,0.0,0.16686219298415153,0.8247758629828996,163.86757189501077,172.8056640625,172.8056640625,,
effectiveness_v3_20260918T214903Z_6a27b720,G/core50_nc/tight/O11/1/quota_mid,O11,core50_nc,1,0,,,0.23105641939001761,0.05,"{""factor_p"": 0.49985752808124945, ""factor_s"": 0.46879062662624377, ""factor_l"": 0.9860362521395517, ""factor_m"": 1.0, ""urge"": 0.23105641939001761}",16.0,200.0,16.28969027102403,207.2422567756007,16,207,advanced,adaptive,16,207,advanced,"{""gem"": true, ""ewc"": true}",207,200,207,,251658240,ok,device_allocator_enforced,0.0002440550015307963,0.0003313710039947182,0.5022795507617035,1.0,32.900604934984585,91.03076171875,91.03076171875,"{""gem"": true, ""ewc"": true}",
effectiveness_v3_20260918T214903Z_6a27b720,G/core50_nc/tight/O11/1/quota_mid,O11,core50_nc,1,1,,,0.23335842079509359,0.05,"{""factor_p"": 0.4901865594620211, ""factor_s"": 0.4793394424334639, ""factor_l"": 0.9931592953805847, ""factor_m"": 0.9999999999999634, ""urge"": 0.23335842079509359}",16.28969027102403,207.2422567756007,16.588375459357646,214.8421793604778,16,214,advanced,adaptive,16,214,advanced,"{""gem"": true, ""ewc"": true}",214,207,214,,251658240,ok,device_allocator_enforced,0.0002286020026076585,0.0007818049925845116,0.6570352147579375,0.8307572556432782,35.78369189699879,116.2509765625,116.2509765625,"{""gem"": true, ""ewc"": true}",
effectiveness_v3_20260918T214903Z_6a27b720,G/core50_nc/tight/O11/1/quota_mid,O11,core50_nc,1,2,,,0.2405829486929387,0.05,"{""factor_p"": 0.49539681092462534, ""factor_s"": 0.4856798585316898, ""factor_l"": 0.9999114548970264, ""factor_m"": 0.9999999998935016, ""urge"": 0.2405829486929387}",16.588375459357646,214.8421793604778,16.90452161026464,223.0312305697052,16,223,advanced,adaptive,16,223,advanced,"{""gem"": true, ""ewc"": true}",223,214,223,,251658240,ok,device_allocator_enforced,0.0001956390042323619,0.001915388013003394,0.5736531061349213,0.7291849413961446,53.19933037701412,148.1484375,148.1484375,"{""gem"": true, ""ewc"": true}",
effectiveness_v3_20260918T214903Z_6a27b720,G/core50_nc/tight/O11/1/quota_mid,O11,core50_nc,1,3,,,0.2534512559510093,0.05,"{""factor_p"": 0.5043599001433355, ""factor_s"": 0.5025206594306629, ""factor_l"": 0.9999999464518574, ""factor_m"": 0.9999999996545361, ""urge"": 0.2534512559510093}",16.90452161026464,223.0312305697052,17.248446225550573,232.10642736484633,17,232,advanced,adaptive,17,232,advanced,"{""gem"": true, ""ewc"": true}",232,223,232,,251658240,ok,device_allocator_enforced,0.00018089902005158365,0.002010991011047736,0.43023982960119095,0.4596691074385989,82.84242927201558,152.85546875,152.85546875,"{""gem"": true, ""ewc"": true}",
effectiveness_v3_20260918T214903Z_6a27b720,G/core50_nc/tight/O11/1/quota_mid,O11,core50_nc,1,4,,,0.2518498737313759,0.05,"{""factor_p"": 0.5097367774483804, ""factor_s"": 0.49407828748517635, ""factor_l"": 0.9999999993780262, ""factor_m"": 0.9999999992777906, ""urge"": 0.2518498737313759}",17.248446225550573,232.10642736484633,17.596605894819557,241.4765579760133,17,241,advanced,adaptive,17,241,advanced,"{""gem"": true, ""ewc"": true}",241,232,241,,251658240,ok,device_allocator_enforced,0.00027637899620458484,0.0027616760053206235,0.3441918636809528,0.5947518305789492,100.66418352699839,155.80517578125,155.80517578125,"{""gem"": true, ""ewc"": true}",
effectiveness_v3_20260918T214903Z_6a27b720,G/core50_nc/tight/O11/1/quota_mid,O11,core50_nc,1,5,,,0.2510208484895641,0.05,"{""factor_p"": 0.5133201879355582, ""factor_s"": 0.48901417679721615, ""factor_l"": 0.9999999999959159, ""factor_m"": 0.9999999974260703, ""urge"": 0.2510208484895641}",17.596605894819557,241.4765579760133,17.950334359570867,251.18492249094882,17,251,advanced,adaptive,17,251,advanced,"{""gem"": true, ""ewc"": true}",251,241,251,,251658240,ok,device_allocator_enforced,0.00020740702166222036,0.003118952998192981,0.28682655306746063,0.6758014644631594,120.7673892150051,160.888671875,160.888671875,"{""gem"": true, ""ewc"": true}",
effectiveness_v3_20260918T214903Z_6a27b720,G/core50_nc/tight/O11/1/quota_mid,O11,core50_nc,1,6,,,0.25053108604119856,0.05,"{""factor_p"": 0.5158789502533866, ""factor_s"": 0.48563929115935023, ""factor_l"": 0.9999999999999751, ""factor_m"": 0.99999999327876, ""urge"": 0.25053108604119856}",17.950334359570867,251.18492249094882,18.310294363963603,261.2589995518057,18,261,advanced,adaptive,18,261,advanced,"{""gem"": true, ""ewc"": true}",261,251,261,,251658240,ok,device_allocator_enforced,0.00025534199085086584,0.003301509015727788,0.24585133120068053,0.7298345537192994,141.16209018899826,164.72802734375,164.72802734375,"{""gem"": true, ""ewc"": true}",
effectiveness_v3_20260918T214903Z_6a27b720,G/core50_nc/tight/O11/1/quota_mid,O11,core50_nc,1,7,,,0.25021498385386737,0.05,"{""factor_p"": 0.5177974831257525, ""factor_s"": 0.4832294421516112, ""factor_l"": 0.9999999999999958, ""factor_m"": 0.999999979759417, ""urge"": 0.25021498385386737}",18.310294363963603,261.2589995518057,18.67689389300766,271.72059282719414,18,271,advanced,adaptive,18,271,advanced,"{""gem"": true, ""ewc"": true}",271,261,271,,251658240,ok,device_allocator_enforced,0.0001826479856390506,0.0032781939953565598,0.21511991480059547,0.7684296174736853,148.2162816930213,169.1376953125,169.1376953125,"{""gem"": true, ""ewc"": true}",
effectiveness_v3_20260918T214903Z_6a27b720,G/core50_nc/tight/O11/1/quota_mid,O11,core50_nc,1,8,,last_experience,0.24999757954572077,0.05,"{""factor_p"": 0.5192893155688916, ""factor_s"": 0.4814225610071764, ""factor_l"": 1.0, ""factor_m"": 0.999999949363037, ""urge"": 0.24999757954572077}",18.67689389300766,271.72059282719414,19.050427250211037,282.5892850028276,19,282,advanced,,,,,,,,,,,,,0.03074504600954242,0.0,0.19121770204497376,0.7973759152894746,165.75627773901215,172.8056640625,172.8056640625,,
effectiveness_v3_20260918T220535Z_5119b35b,G/core50_nc/tight/O11/2/quota_mid,O11,core50_nc,2,0,,,0.2316689627049857,0.05,"{""factor_p"": 0.5007193089666825, ""factor_s"": 0.46879062662624377, ""factor_l"": 0.9869487366835681, ""factor_m"": 1.0, ""urge"": 0.2316689627049857}",16.0,200.0,16.290670340327978,207.26675850819944,16,207,advanced,adaptive,16,207,advanced,"{""gem"": true, ""ewc"": true}",207,200,207,,251658240,ok,device_allocator_enforced,0.00021490702056325972,0.0002834260230883956,0.4884910485933504,1.0,33.174623241007794,91.03076171875,91.03076171875,"{""gem"": true, ""ewc"": true}",
effectiveness_v3_20260918T220535Z_5119b35b,G/core50_nc/tight/O11/2/quota_mid,O11,core50_nc,2,1,,,0.23494653068453153,0.05,"{""factor_p"": 0.4919447510808914, ""factor_s"": 0.4798043050801471, ""factor_l"": 0.9953792084380007, ""factor_m"": 0.9999999999999634, ""urge"": 0.23494653068453153}",16.290670340327978,207.26675850819944,16.59196063652488,214.93341209066344,16,214,advanced,adaptive,16,214,advanced,"{""gem"": true, ""ewc"": true}",214,207,214,,251658240,ok,device_allocator_enforced,0.000247582996962592,0.000716778013156727,0.6288951349752069,0.8233070165684421,37.36192160000792,116.2509765625,116.2509765625,"{""gem"": true, ""ewc"": true}",
effectiveness_v3_20260918T220535Z_5119b35b,G/core50_nc/tight/O11/2/quota_mid,O11,core50_nc,2,2,,,0.24113384886286454,0.05,"{""factor_p"": 0.4974488359596138, ""factor_s"": 0.48478395269109453, ""factor_l"": 0.9999114094641435, ""factor_m"": 0.9999999998935016, ""urge"": 0.24113384886286454}",16.59196063652488,214.93341209066344,16.9090891661889,223.14962215108676,16,223,advanced,adaptive,16,223,advanced,"{""gem"": true, ""ewc"": true}",223,214,223,,251658240,ok,device_allocator_enforced,0.00019374999101273715,0.0020909259910695255,0.5408189788723602,0.7435319548376954,53.19727830399643,148.1484375,148.1484375,"{""gem"": true, ""ewc"": true}",
effectiveness_v3_20260918T220535Z_5119b35b,G/core50_nc/tight/O11/2/quota_mid,O11,core50_nc,2,3,,,0.240639918420993,0.05,"{""factor_p"": 0.49822398429363773, ""factor_s"": 0.4829960090038308, ""factor_l"": 0.9999988468273651, ""factor_m"": 0.9999999996545361, ""urge"": 0.240639918420993}",16.9090891661889,223.14962215108676,17.231443904110456,231.65786730359847,17,231,advanced,adaptive,17,231,advanced,"{""gem"": true, ""ewc"": true}",231,223,231,,251658240,ok,device_allocator_enforced,0.00023453700123354793,0.0021981849859002978,0.5284163708112921,0.7721688132824017,70.56366037399857,152.85546875,152.85546875,"{""gem"": true, ""ewc"": true}",
effectiveness_v3_20260918T220535Z_5119b35b,G/core50_nc/tight/O11/2/quota_mid,O11,core50_nc,2,4,,,0.2427648411197074,0.05,"{""factor_p"": 0.501562509706381, ""factor_s"": 0.4840171753058756, ""factor_l"": 0.9999998851053943, ""factor_m"": 0.9999999992777906, ""urge"": 0.2427648411197074}",17.231443904110456,231.65786730359847,17.563605558754357,240.58896570058013,17,240,advanced,adaptive,17,240,advanced,"{""gem"": true, ""ewc"": true}",240,231,240,,251658240,ok,device_allocator_enforced,0.0002151569933630526,0.0031113330041989684,0.4749997633157004,0.7558123487796355,79.78869252899312,155.80517578125,155.80517578125,"{""gem"": true, ""ewc"": true}",
effectiveness_v3_20260918T220535Z_5119b35b,G/core50_nc/tight/O11/2/quota_mid,O11,core50_nc,2,5,,,0.24293964624357714,0.05,"{""factor_p"": 0.5038598893515887, ""factor_s"": 0.4821571489148038, ""factor_l"": 0.9999999965695028, ""factor_m"": 0.9999999974260703, ""urge"": 0.24293964624357714}",17.563605558754357,240.58896570058013,17.902477143081136,249.87279568705574,17,249,advanced,adaptive,17,249,advanced,"{""gem"": true, ""ewc"": true}",249,240,249,,251658240,ok,device_allocator_enforced,0.00018937001004815102,0.003163897985359654,0.43824054350382435,0.7856068957700847,93.83393297399743,160.888671875,160.888671875,"{""gem"": true, ""ewc"": true}",
effectiveness_v3_20260918T220535Z_5119b35b,G/core50_nc/tight/O11/2/quota_mid,O11,core50_nc,2,6,,,0.251397442611128,0.05,"{""factor_p"": 0.5077722019406654, ""factor_s"": 0.49509887177757955, ""factor_l"": 0.9999999999999596, ""factor_m"": 0.99999999327876, ""urge"": 0.251397442611128}",17.902477143081136,249.87279568705574,18.263028454383207,259.9375440929489,18,259,advanced,adaptive,18,259,advanced,"{""gem"": true, ""ewc"": true}",259,249,259,,251658240,ok,device_allocator_enforced,0.00021709201973862946,0.005990888981614262,0.3756347515747066,0.5784205632829358,139.23624187501264,164.72802734375,164.72802734375,"{""gem"": true, ""ewc"": true}",
effectiveness_v3_20260918T220535Z_5119b35b,G/core50_nc/tight/O11/2/quota_mid,O11,core50_nc,2,7,,,0.25092789305043617,0.05,"{""factor_p"": 0.510705838007369, ""factor_s"": 0.49133548014335365, ""factor_l"": 0.9999999999999947, ""factor_m"": 0.999999979759417, ""urge"": 0.25092789305043617}",18.263028454383207,259.9375440929489,18.629983637189145,270.3832847048091,18,270,advanced,adaptive,18,270,advanced,"{""gem"": true, ""ewc"": true}",270,259,270,,251658240,ok,device_allocator_enforced,0.0002045840083155781,0.003439981985138729,0.32868040762786827,0.6386461970996592,147.33365933599998,169.1376953125,169.1376953125,"{""gem"": true, ""ewc"": true}",
effectiveness_v3_20260918T220535Z_5119b35b,G/core50_nc/tight/O11/2/quota_mid,O11,core50_nc,2,8,,last_experience,0.2506011187347954,0.05,"{""factor_p"": 0.512987055579588, ""factor_s"": 0.4885135574061201, ""factor_l"": 1.0, ""factor_m"": 0.999999949363037, ""urge"": 0.2506011187347954}",18.629983637189145,270.3832847048091,19.00370319315225,281.2311225846038,19,281,advanced,,,,,,,,,,,,,0.03022892598528415,0.0,0.2921603623358829,0.6838154224622017,163.64084779002587,172.8056640625,172.8056640625,,
