run_id,cell_id,method,dataset,seed,phase,experience_index,start_monotonic_s,end_monotonic_s,duration_s,allocated_current_bytes,allocated_peak_bytes,reserved_current_bytes,reserved_peak_bytes,quota_bytes,external_reservation_bytes,proc_rss_bytes,children_rss_bytes,proc_pss_bytes,swap_used_bytes,sampled_rss_peak_bytes,sampled_children_rss_peak_bytes,sample_interval_s,sample_count,missing_reason,notes
effectiveness_v3_20260918T124042Z_48203b04,A/core50_nc/tight/S0/0/default,S0,core50_nc,0,setup,,178152.97526249,178154.482851673,1.5075891829910688,1395712,1395712,2097152,2097152,167772160,0,1577373696,0,1357143040,0,0,0,0.1,0,no_interval_samples,
effectiveness_v3_20260918T124042Z_48203b04,A/core50_nc/tight/S0/0/default,S0,core50_nc,0,resource_transition,0,178154.506656831,178154.507061063,0.0004042319778818637,1395712,1395712,2097152,2097152,167772160,0,1577377792,0,1357143040,0,0,0,0.1,0,no_interval_samples,
effectiveness_v3_20260918T124042Z_48203b04,A/core50_nc/tight/S0/0/default,S0,core50_nc,0,training,0,178154.528604258,178188.409289423,33.880685165000614,70712320,95452672,117440512,117440512,167772160,0,2072043520,0,1851808768,0,2067812352,0,0.1,213,,
effectiveness_v3_20260918T124042Z_48203b04,A/core50_nc/tight/S0/0/default,S0,core50_nc,0,evaluation,0,178188.475012264,178192.581706877,4.106694613001309,70712320,114230272,159383552,159383552,167772160,0,2117754880,0,1897520128,0,2123427840,0,0.1,24,,
effectiveness_v3_20260918T124042Z_48203b04,A/core50_nc/tight/S0/0/default,S0,core50_nc,0,resource_transition,1,178192.609585461,178192.610051285,0.00046582400682382286,70712320,70712320,159383552,159383552,167772160,0,2117754880,0,1897520128,0,0,0,0.1,0,no_interval_samples,
effectiveness_v3_20260918T124042Z_48203b04,A/core50_nc/tight/S0/0/default,S0,core50_nc,0,training,1,178192.636421637,178212.075935108,19.43951347100665,70712320,121897984,159383552,159383552,167772160,0,2121367552,0,1901132800,0,2120519680,0,0.1,120,,
effectiveness_v3_20260918T124042Z_48203b04,A/core50_nc/tight/S0/0/default,S0,core50_nc,0,evaluation,1,178212.135298998,178217.827951769,5.692652770987479,70712320,114230272,159383552,159383552,167772160,0,2123546624,0,1903311872,0,2126946304,0,0.1,34,,
effectiveness_v3_20260918T124042Z_48203b04,A/core50_nc/tight/S0/0/default,S0,core50_nc,0,resource_transition,2,178217.855276112,178217.855721195,0.00044508298742584884,70712320,70712320,159383552,159383552,167772160,0,2123546624,0,1903311872,0,0,0,0.1,0,no_interval_samples,
effectiveness_v3_20260918T124042Z_48203b04,A/core50_nc/tight/S0/0/default,S0,core50_nc,0,training,2,178217.881529574,178237.413741422,19.532211848010775,70712320,121897984,159383552,159383552,167772160,0,2130460672,0,1910225920,0,2130227200,0,0.1,121,,
effectiveness_v3_20260918T124042Z_48203b04,A/core50_nc/tight/S0/0/default,S0,core50_nc,0,evaluation,2,178237.47684335,178245.136861485,7.6600181349786,70712320,114230272,159383552,159383552,167772160,0,2134171648,0,1913936896,0,2135764992,0,0.1,45,,
effectiveness_v3_20260918T124042Z_48203b04,A/core50_nc/tight/S0/0/default,S0,core50_nc,0,resource_transition,3,178245.166221134,178245.166666476,0.00044534201151691377,70712320,70712320,159383552,159383552,167772160,0,2134175744,0,1913940992,0,0,0,0.1,0,no_interval_samples,
effectiveness_v3_20260918T124042Z_48203b04,A/core50_nc/tight/S0/0/default,S0,core50_nc,0,training,3,178245.197283801,178264.929115228,19.731831426994177,70712320,121897984,159383552,159383552,167772160,0,2130677760,0,1910443008,0,2134183936,0,0.1,121,,
effectiveness_v3_20260918T124042Z_48203b04,A/core50_nc/tight/S0/0/default,S0,core50_nc,0,evaluation,3,178264.986856498,178274.546520304,9.559663805994205,70712320,114230272,159383552,159383552,167772160,0,2137534464,0,1917299712,0,2137534464,0,0.1,57,,
effectiveness_v3_20260918T124042Z_48203b04,A/core50_nc/tight/S0/0/default,S0,core50_nc,0,resource_transition,4,178274.574185526,178274.574626859,0.00044133298797532916,70712320,70712320,159383552,159383552,167772160,0,2137534464,0,1917299712,0,0,0,0.1,0,no_interval_samples,
effectiveness_v3_20260918T124042Z_48203b04,A/core50_nc/tight/S0/0/default,S0,core50_nc,0,training,4,178274.600837247,178294.262564768,19.66172752098646,70712320,121897984,159383552,159383552,167772160,0,2131197952,0,1910963200,0,2137534464,0,0.1,120,,
effectiveness_v3_20260918T124042Z_48203b04,A/core50_nc/tight/S0/0/default,S0,core50_nc,0,evaluation,4,178294.322588109,178305.681204747,11.35861663799733,70712320,114230272,159383552,159383552,167772160,0,2135314432,0,1915079680,0,2135777280,0,0.1,66,,
effectiveness_v3_20260918T124042Z_48203b04,A/core50_nc/tight/S0/0/default,S0,core50_nc,0,resource_transition,5,178305.712504589,178305.71294721,0.00044262100709602237,70712320,70712320,159383552,159383552,167772160,0,2135318528,0,1915083776,0,0,0,0.1,0,no_interval_samples,
effectiveness_v3_20260918T124042Z_48203b04,A/core50_nc/tight/S0/0/default,S0,core50_nc,0,training,5,178305.743556404,178325.292964028,19.549407623999286,70712320,121897984,159383552,159383552,167772160,0,2131709952,0,1911475200,0,2132410368,0,0.1,123,,
effectiveness_v3_20260918T124042Z_48203b04,A/core50_nc/tight/S0/0/default,S0,core50_nc,0,evaluation,5,178325.359688101,178338.164026541,12.804338440007996,70712320,114230272,159383552,159383552,167772160,0,2133442560,0,1913207808,0,2139525120,0,0.1,86,,
effectiveness_v3_20260918T124042Z_48203b04,A/core50_nc/tight/S0/0/default,S0,core50_nc,0,resource_transition,6,178338.19363656,178338.194078829,0.0004422689962666482,70712320,70712320,159383552,159383552,167772160,0,2133446656,0,1913211904,0,0,0,0.1,0,no_interval_samples,
effectiveness_v3_20260918T124042Z_48203b04,A/core50_nc/tight/S0/0/default,S0,core50_nc,0,training,6,178338.220611913,178355.324205563,17.10359364998294,70712320,121897984,159383552,159383552,167772160,0,2131841024,0,1911606272,0,2133848064,0,0.1,111,,
effectiveness_v3_20260918T124042Z_48203b04,A/core50_nc/tight/S0/0/default,S0,core50_nc,0,evaluation,6,178355.382243053,178370.790550125,15.408307072008029,70712320,114230272,159383552,159383552,167772160,0,2133549056,0,1913314304,0,2139447296,0,0.1,91,,
effectiveness_v3_20260918T124042Z_48203b04,A/core50_nc/tight/S0/0/default,S0,core50_nc,0,resource_transition,7,178370.820128874,178370.820577467,0.0004485929966904223,70712320,70712320,159383552,159383552,167772160,0,2133549056,0,1913314304,0,0,0,0.1,0,no_interval_samples,
effectiveness_v3_20260918T124042Z_48203b04,A/core50_nc/tight/S0/0/default,S0,core50_nc,0,training,7,178370.84941967,178390.445687007,19.596267337008612,70712320,121897984,159383552,159383552,167772160,0,2132529152,0,1912294400,0,2133549056,0,0.1,120,,
effectiveness_v3_20260918T124042Z_48203b04,A/core50_nc/tight/S0/0/default,S0,core50_nc,0,evaluation,7,178390.533117311,178407.554078087,17.02096077601891,70712320,114230272,159383552,159383552,167772160,0,2132402176,0,1912167424,0,2138017792,0,0.1,100,,
effectiveness_v3_20260918T124042Z_48203b04,A/core50_nc/tight/S0/0/default,S0,core50_nc,0,resource_transition,8,178407.583575568,178407.584043152,0.0004675840027630329,70712320,70712320,159383552,159383552,167772160,0,2132402176,0,1912167424,0,0,0,0.1,0,no_interval_samples,
effectiveness_v3_20260918T124042Z_48203b04,A/core50_nc/tight/S0/0/default,S0,core50_nc,0,training,8,178407.610976975,178426.51988375,18.908906775002833,70712320,121897984,159383552,159383552,167772160,0,2132619264,0,1912384512,0,2133671936,0,0.1,117,,
effectiveness_v3_20260918T124042Z_48203b04,A/core50_nc/tight/S0/0/default,S0,core50_nc,0,evaluation,8,178426.576843008,178445.579110413,19.00226740501239,70712320,114230272,159383552,159383552,167772160,0,2136756224,0,1916525568,0,2138669056,0,0.1,110,,
effectiveness_v3_20260918T124542Z_e661f745,A/core50_nc/tight/S_star/0/default,S_star,core50_nc,0,setup,,178452.767331338,178454.291665637,1.5243342989997473,1395712,1395712,2097152,2097152,167772160,0,1577508864,0,1357289472,0,1403514880,0,0.1,1,,
effectiveness_v3_20260918T124542Z_e661f745,A/core50_nc/tight/S_star/0/default,S_star,core50_nc,0,resource_transition,0,178454.317238026,178454.317665711,0.00042768497951328754,1395712,1395712,2097152,2097152,167772160,0,1577508864,0,1357289472,0,0,0,0.1,0,no_interval_samples,
effectiveness_v3_20260918T124542Z_e661f745,A/core50_nc/tight/S_star/0/default,S_star,core50_nc,0,training,0,178454.341590127,178485.72956908,31.387978952989215,70712320,95452672,117440512,117440512,167772160,0,2073989120,0,1853769728,0,2067845120,0,0.1,195,,
effectiveness_v3_20260918T124542Z_e661f745,A/core50_nc/tight/S_star/0/default,S_star,core50_nc,0,evaluation,0,178485.81637899,178489.558317827,3.741938836988993,70712320,114230272,159383552,159383552,167772160,0,2124038144,0,1903818752,0,2125533184,0,0.1,22,,
effectiveness_v3_20260918T124542Z_e661f745,A/core50_nc/tight/S_star/0/default,S_star,core50_nc,0,resource_transition,1,178489.613351447,178489.613840855,0.000489407975692302,70712320,70712320,159383552,159383552,167772160,0,2124038144,0,1903818752,0,0,0,0.1,0,no_interval_samples,
effectiveness_v3_20260918T124542Z_e661f745,A/core50_nc/tight/S_star/0/default,S_star,core50_nc,0,training,1,178489.638248689,178509.585375055,19.947126365994336,70712320,121897984,159383552,159383552,167772160,0,2123743232,0,1903523840,0,2121834496,0,0.1,123,,
effectiveness_v3_20260918T124542Z_e661f745,A/core50_nc/tight/S_star/0/default,S_star,core50_nc,0,evaluation,1,178509.642337361,178515.103056341,5.46071898000082,70712320,114230272,159383552,159383552,167772160,0,2125443072,0,1905223680,0,2129326080,0,0.1,32,,
effectiveness_v3_20260918T124542Z_e661f745,A/core50_nc/tight/S_star/0/default,S_star,core50_nc,0,resource_transition,2,178515.131634628,178515.13214749,0.0005128619959577918,70712320,70712320,159383552,159383552,167772160,0,2125443072,0,1905223680,0,0,0,0.1,0,no_interval_samples,
effectiveness_v3_20260918T124542Z_e661f745,A/core50_nc/tight/S_star/0/default,S_star,core50_nc,0,training,2,178515.180581083,178533.943183731,18.7626026479993,70712320,121897984,159383552,159383552,167772160,0,2131877888,0,1911658496,0,2132262912,0,0.1,115,,
effectiveness_v3_20260918T124542Z_e661f745,A/core50_nc/tight/S_star/0/default,S_star,core50_nc,0,evaluation,2,178534.02555922,178541.572947624,7.547388403996592,70712320,114230272,159383552,159383552,167772160,0,2136567808,0,1916348416,0,2140315648,0,0.1,44,,
effectiveness_v3_20260918T124542Z_e661f745,A/core50_nc/tight/S_star/0/default,S_star,core50_nc,0,resource_transition,3,178541.627960272,178541.628415254,0.00045498201507143676,70712320,70712320,159383552,159383552,167772160,0,2136567808,0,1916348416,0,0,0,0.1,0,no_interval_samples,
effectiveness_v3_20260918T124542Z_e661f745,A/core50_nc/tight/S_star/0/default,S_star,core50_nc,0,training,3,178541.667436958,178561.578287369,19.91085041098995,70712320,121897984,159383552,159383552,167772160,0,2132172800,0,1911953408,0,2136567808,0,0.1,123,,
effectiveness_v3_20260918T124542Z_e661f745,A/core50_nc/tight/S_star/0/default,S_star,core50_nc,0,evaluation,3,178561.629997277,178571.183610341,9.553613063995726,70712320,114230272,159383552,159383552,167772160,0,2132119552,0,1911900160,0,2137731072,0,0.1,56,,
effectiveness_v3_20260918T124542Z_e661f745,A/core50_nc/tight/S_star/0/default,S_star,core50_nc,0,resource_transition,4,178571.217800009,178571.218229777,0.0004297679988667369,70712320,70712320,159383552,159383552,167772160,0,2132119552,0,1911900160,0,0,0,0.1,0,no_interval_samples,
effectiveness_v3_20260918T124542Z_e661f745,A/core50_nc/tight/S_star/0/default,S_star,core50_nc,0,training,4,178571.251570221,178590.069646849,18.81807662799838,70712320,121897984,159383552,159383552,167772160,0,2132779008,0,1912559616,0,2133094400,0,0.1,117,,
effectiveness_v3_20260918T124542Z_e661f745,A/core50_nc/tight/S_star/0/default,S_star,core50_nc,0,evaluation,4,178590.130941236,178601.486065291,11.355124055000488,70712320,114230272,159383552,159383552,167772160,0,2137190400,0,1916971008,0,2138320896,0,0.1,66,,
effectiveness_v3_20260918T124542Z_e661f745,A/core50_nc/tight/S_star/0/default,S_star,core50_nc,0,resource_transition,5,178601.537940033,178601.538369588,0.00042955498793162405,70712320,70712320,159383552,159383552,167772160,0,2137190400,0,1916971008,0,0,0,0.1,0,no_interval_samples,
effectiveness_v3_20260918T124542Z_e661f745,A/core50_nc/tight/S_star/0/default,S_star,core50_nc,0,training,5,178601.575052654,178621.381146999,19.80609434499638,70712320,121897984,159383552,159383552,167772160,0,2133397504,0,1913178112,0,2137194496,0,0.1,123,,
effectiveness_v3_20260918T124542Z_e661f745,A/core50_nc/tight/S_star/0/default,S_star,core50_nc,0,evaluation,5,178621.442866426,178634.41800852,12.97514209401561,70712320,114230272,159383552,159383552,167772160,0,2137817088,0,1917597696,0,2138935296,0,0.1,76,,
effectiveness_v3_20260918T124542Z_e661f745,A/core50_nc/tight/S_star/0/default,S_star,core50_nc,0,resource_transition,6,178634.469813875,178634.470279505,0.00046563000068999827,70712320,70712320,159383552,159383552,167772160,0,2137817088,0,1917597696,0,0,0,0.1,0,no_interval_samples,
effectiveness_v3_20260918T124542Z_e661f745,A/core50_nc/tight/S_star/0/default,S_star,core50_nc,0,training,6,178634.518437999,178652.523519543,18.005081543989945,70712320,121897984,159383552,159383552,167772160,0,2133553152,0,1913333760,0,2134360064,0,0.1,111,,
effectiveness_v3_20260918T124542Z_e661f745,A/core50_nc/tight/S_star/0/default,S_star,core50_nc,0,evaluation,6,178652.57637106,178667.64860887,15.072237810003571,70712320,114230272,159383552,159383552,167772160,0,2138222592,0,1918003200,0,2141233152,0,0.1,89,,
effectiveness_v3_20260918T124542Z_e661f745,A/core50_nc/tight/S_star/0/default,S_star,core50_nc,0,resource_transition,7,178667.690049443,178667.690552267,0.0005028240266256034,70712320,70712320,159383552,159383552,167772160,0,2138222592,0,1918003200,0,0,0,0.1,0,no_interval_samples,
effectiveness_v3_20260918T124542Z_e661f745,A/core50_nc/tight/S_star/0/default,S_star,core50_nc,0,training,7,178667.74965234,178684.968536738,17.21888439799659,70712320,121897984,159383552,159383552,167772160,0,2134110208,0,1913890816,0,2138222592,0,0.1,104,,
effectiveness_v3_20260918T124542Z_e661f745,A/core50_nc/tight/S_star/0/default,S_star,core50_nc,0,evaluation,7,178685.020048952,178701.61794186,16.597892908001086,70712320,114230272,159383552,159383552,167772160,0,2135810048,0,1915590656,0,2139652096,0,0.1,99,,
effectiveness_v3_20260918T124542Z_e661f745,A/core50_nc/tight/S_star/0/default,S_star,core50_nc,0,resource_transition,8,178701.654186646,178701.654630479,0.0004438330070115626,70712320,70712320,159383552,159383552,167772160,0,2135810048,0,1915590656,0,0,0,0.1,0,no_interval_samples,
effectiveness_v3_20260918T124542Z_e661f745,A/core50_nc/tight/S_star/0/default,S_star,core50_nc,0,training,8,178701.690258923,178718.346390997,16.65613207401475,70712320,121897984,159383552,159383552,167772160,0,2134798336,0,1914578944,0,2135810048,0,0.1,102,,
effectiveness_v3_20260918T124542Z_e661f745,A/core50_nc/tight/S_star/0/default,S_star,core50_nc,0,evaluation,8,178718.408026709,178737.043779719,18.63575301002129,70712320,114230272,159383552,159383552,167772160,0,2138615808,0,1918396416,0,2140127232,0,0.1,108,,
effectiveness_v3_20260918T125033Z_0169998d,A/core50_nc/tight/O00/0/default,O00,core50_nc,0,setup,,178744.254122073,178745.784780963,1.530658889998449,1395712,1395712,2097152,2097152,167772160,0,1573453824,0,1353219072,0,0,0,0.1,0,no_interval_samples,
effectiveness_v3_20260918T125033Z_0169998d,A/core50_nc/tight/O00/0/default,O00,core50_nc,0,resource_transition,0,178745.810258185,178745.810738278,0.0004800930037163198,1395712,1395712,2097152,2097152,167772160,0,1573453824,0,1353219072,0,0,0,0.1,0,no_interval_samples,
effectiveness_v3_20260918T125033Z_0169998d,A/core50_nc/tight/O00/0/default,O00,core50_nc,0,training,0,178745.836597204,178778.464946693,32.62834948900854,70712320,95452672,117440512,117440512,167772160,0,2067963904,0,1847729152,0,2063724544,0,0.1,204,,
effectiveness_v3_20260918T125033Z_0169998d,A/core50_nc/tight/O00/0/default,O00,core50_nc,0,evaluation,0,178778.53494347,178782.022572681,3.4876292109838687,70712320,114230272,159383552,159383552,167772160,0,2117931008,0,1897696256,0,2119368704,0,0.1,24,,
effectiveness_v3_20260918T125033Z_0169998d,A/core50_nc/tight/O00/0/default,O00,core50_nc,0,controller,0,178782.052829125,178782.052963384,0.00013425899669528008,70712320,70712320,159383552,159383552,167772160,0,2117931008,0,1897696256,0,0,0,0.1,0,no_interval_samples,
effectiveness_v3_20260918T125033Z_0169998d,A/core50_nc/tight/O00/0/default,O00,core50_nc,0,reconfiguration,0,178782.079862551,178782.080182171,0.0003196199832018465,70712320,70712320,159383552,159383552,167772160,0,2117931008,0,1897696256,0,0,0,0.1,0,no_interval_samples,
effectiveness_v3_20260918T125033Z_0169998d,A/core50_nc/tight/O00/0/default,O00,core50_nc,0,resource_transition,1,178782.105992884,178782.106510652,0.000517767999554053,70712320,70712320,159383552,159383552,167772160,0,2117931008,0,1897696256,0,2117931008,0,0.1,1,,
effectiveness_v3_20260918T125033Z_0169998d,A/core50_nc/tight/O00/0/default,O00,core50_nc,0,training,1,178782.149912385,178818.447620154,36.297707769001136,72920064,121897984,161480704,161480704,167772160,0,2244521984,0,2024287232,0,2225397760,0,0.1,236,,
effectiveness_v3_20260918T125033Z_0169998d,A/core50_nc/tight/O00/0/default,O00,core50_nc,0,evaluation,1,178818.52980393,178824.180402338,5.650598408014048,72920064,116438016,161480704,161480704,167772160,0,2253897728,0,2033662976,0,2257874944,0,0.1,32,,
effectiveness_v3_20260918T125033Z_0169998d,A/core50_nc/tight/O00/0/default,O00,core50_nc,0,controller,1,178824.218875235,178824.219008152,0.00013291698996908963,72920064,72920064,161480704,161480704,167772160,0,2253897728,0,2033662976,0,0,0,0.1,0,no_interval_samples,
effectiveness_v3_20260918T125033Z_0169998d,A/core50_nc/tight/O00/0/default,O00,core50_nc,0,reconfiguration,1,178824.246768819,178824.247480319,0.0007115000043995678,72920064,72920064,161480704,161480704,167772160,0,2253897728,0,2033662976,0,0,0,0.1,0,no_interval_samples,
effectiveness_v3_20260918T125033Z_0169998d,A/core50_nc/tight/O00/0/default,O00,core50_nc,0,resource_transition,2,178824.273767894,178824.274352208,0.0005843140243086964,72920064,72920064,161480704,161480704,167772160,0,2253897728,0,2033662976,0,0,0,0.1,0,no_interval_samples,
effectiveness_v3_20260918T125033Z_0169998d,A/core50_nc/tight/O00/0/default,O00,core50_nc,0,training,2,178824.302203904,178824.457579722,0.1553758179943543,144932352,149420544,167772160,167772160,167772160,0,2271506432,0,2050866176,0,2253897728,0,0.1,1,,failed
effectiveness_v3_20260918T125201Z_602c23ec,A/core50_nc/tight/O10/0/default,O10,core50_nc,0,setup,,178831.718278608,178833.261313671,1.543035063019488,1395712,1395712,2097152,2097152,167772160,0,1572372480,0,1352141824,0,0,0,0.1,0,no_interval_samples,
effectiveness_v3_20260918T125201Z_602c23ec,A/core50_nc/tight/O10/0/default,O10,core50_nc,0,resource_transition,0,178833.290285161,178833.290744318,0.00045915698865428567,1395712,1395712,2097152,2097152,167772160,0,1572376576,0,1352141824,0,0,0,0.1,0,no_interval_samples,
effectiveness_v3_20260918T125201Z_602c23ec,A/core50_nc/tight/O10/0/default,O10,core50_nc,0,training,0,178833.316842161,178865.558833867,32.24199170598877,70712320,95452672,117440512,117440512,167772160,0,2067083264,0,1846848512,0,2062807040,0,0.1,202,,
effectiveness_v3_20260918T125201Z_602c23ec,A/core50_nc/tight/O10/0/default,O10,core50_nc,0,evaluation,0,178865.645892517,178869.372231172,3.7263386549893767,70712320,114230272,159383552,159383552,167772160,0,2116976640,0,1896741888,0,2118471680,0,0.1,22,,
effectiveness_v3_20260918T125201Z_602c23ec,A/core50_nc/tight/O10/0/default,O10,core50_nc,0,controller,0,178869.401608847,178869.401739959,0.00013111199950799346,70712320,70712320,159383552,159383552,167772160,0,2116976640,0,1896741888,0,0,0,0.1,0,no_interval_samples,
effectiveness_v3_20260918T125201Z_602c23ec,A/core50_nc/tight/O10/0/default,O10,core50_nc,0,reconfiguration,0,178869.430206365,178869.430544467,0.0003381019923835993,70712320,70712320,159383552,159383552,167772160,0,2116976640,0,1896741888,0,0,0,0.1,0,no_interval_samples,
effectiveness_v3_20260918T125201Z_602c23ec,A/core50_nc/tight/O10/0/default,O10,core50_nc,0,resource_transition,1,178869.479498735,178869.480046976,0.0005482410197146237,70712320,70712320,159383552,159383552,167772160,0,2116976640,0,1896741888,0,0,0,0.1,0,no_interval_samples,
effectiveness_v3_20260918T125201Z_602c23ec,A/core50_nc/tight/O10/0/default,O10,core50_nc,0,training,1,178869.509555967,178904.816042508,35.30648654099787,72920064,121897984,161480704,161480704,167772160,0,2243608576,0,2023373824,0,2226044928,0,0.1,223,,
effectiveness_v3_20260918T125201Z_602c23ec,A/core50_nc/tight/O10/0/default,O10,core50_nc,0,evaluation,1,178904.883371739,178910.6375412,5.754169460997218,72920064,116438016,161480704,161480704,167772160,0,2251231232,0,2030996480,0,2256965632,0,0.1,33,,
effectiveness_v3_20260918T125201Z_602c23ec,A/core50_nc/tight/O10/0/default,O10,core50_nc,0,controller,1,178910.675157764,178910.675303125,0.00014536100206896663,72920064,72920064,161480704,161480704,167772160,0,2251231232,0,2030996480,0,0,0,0.1,0,no_interval_samples,
effectiveness_v3_20260918T125201Z_602c23ec,A/core50_nc/tight/O10/0/default,O10,core50_nc,0,reconfiguration,1,178910.701145569,178910.701858458,0.0007128889847081155,72920064,72920064,161480704,161480704,167772160,0,2251231232,0,2030996480,0,0,0,0.1,0,no_interval_samples,
effectiveness_v3_20260918T125201Z_602c23ec,A/core50_nc/tight/O10/0/default,O10,core50_nc,0,resource_transition,2,178910.727229059,178910.727753643,0.0005245840002316982,72920064,72920064,161480704,161480704,167772160,0,2251231232,0,2030996480,0,0,0,0.1,0,no_interval_samples,
effectiveness_v3_20260918T125201Z_602c23ec,A/core50_nc/tight/O10/0/default,O10,core50_nc,0,training,2,178910.754588865,178910.918043332,0.16345446699415334,144932352,149420544,167772160,167772160,167772160,0,2270597120,0,2049956864,0,2251231232,0,0.1,1,,failed
effectiveness_v3_20260918T125327Z_307ffa7d,A/core50_nc/tight/O01/0/default,O01,core50_nc,0,setup,,178918.18708838,178919.722270421,1.5351820410287473,1395712,1395712,2097152,2097152,167772160,0,1574604800,0,1354398720,0,0,0,0.1,0,no_interval_samples,
effectiveness_v3_20260918T125327Z_307ffa7d,A/core50_nc/tight/O01/0/default,O01,core50_nc,0,resource_transition,0,178919.75010956,178919.750558467,0.00044890699791722,1395712,1395712,2097152,2097152,167772160,0,1574629376,0,1354398720,0,0,0,0.1,0,no_interval_samples,
effectiveness_v3_20260918T125327Z_307ffa7d,A/core50_nc/tight/O01/0/default,O01,core50_nc,0,training,0,178919.77548556,178951.976564032,32.201078471989604,70712320,95452672,117440512,117440512,167772160,0,2069307392,0,1849076736,0,2064908288,0,0.1,200,,
effectiveness_v3_20260918T125327Z_307ffa7d,A/core50_nc/tight/O01/0/default,O01,core50_nc,0,evaluation,0,178952.035118033,178955.664386231,3.6292681979830377,70712320,114230272,159383552,159383552,167772160,0,2119221248,0,1898990592,0,2120667136,0,0.1,21,,
effectiveness_v3_20260918T125327Z_307ffa7d,A/core50_nc/tight/O01/0/default,O01,core50_nc,0,controller,0,178955.694037296,178955.694181398,0.00014410199946723878,70712320,70712320,159383552,159383552,167772160,0,2119221248,0,1898990592,0,0,0,0.1,0,no_interval_samples,
effectiveness_v3_20260918T125327Z_307ffa7d,A/core50_nc/tight/O01/0/default,O01,core50_nc,0,reconfiguration,0,178955.722033693,178955.722384814,0.00035112100886180997,70712320,70712320,159383552,159383552,167772160,0,2119221248,0,1898990592,0,0,0,0.1,0,no_interval_samples,
effectiveness_v3_20260918T125327Z_307ffa7d,A/core50_nc/tight/O01/0/default,O01,core50_nc,0,resource_transition,1,178955.749084822,178955.749664211,0.000579389015911147,70712320,70712320,159383552,159383552,167772160,0,2119221248,0,1898990592,0,0,0,0.1,0,no_interval_samples,
effectiveness_v3_20260918T125327Z_307ffa7d,A/core50_nc/tight/O01/0/default,O01,core50_nc,0,training,1,178955.778771266,178991.079190591,35.30041932500899,72920064,121897984,161480704,161480704,167772160,0,2245804032,0,2025573376,0,2226556928,0,0.1,221,,
effectiveness_v3_20260918T125327Z_307ffa7d,A/core50_nc/tight/O01/0/default,O01,core50_nc,0,evaluation,1,178991.171879524,178996.769260609,5.597381085011875,72920064,116438016,161480704,161480704,167772160,0,2255179776,0,2034949120,0,2259156992,0,0.1,33,,
effectiveness_v3_20260918T125327Z_307ffa7d,A/core50_nc/tight/O01/0/default,O01,core50_nc,0,controller,1,178996.800179284,178996.800304877,0.00012559298193082213,72920064,72920064,161480704,161480704,167772160,0,2255179776,0,2034949120,0,0,0,0.1,0,no_interval_samples,
effectiveness_v3_20260918T125327Z_307ffa7d,A/core50_nc/tight/O01/0/default,O01,core50_nc,0,reconfiguration,1,178996.826075395,178996.826724515,0.0006491200183518231,72920064,72920064,161480704,161480704,167772160,0,2255179776,0,2034949120,0,0,0,0.1,0,no_interval_samples,
effectiveness_v3_20260918T125327Z_307ffa7d,A/core50_nc/tight/O01/0/default,O01,core50_nc,0,resource_transition,2,178996.852826598,178996.85343332,0.0006067219946999103,72920064,72920064,161480704,161480704,167772160,0,2255179776,0,2034949120,0,0,0,0.1,0,no_interval_samples,
effectiveness_v3_20260918T125327Z_307ffa7d,A/core50_nc/tight/O01/0/default,O01,core50_nc,0,training,2,178996.90043556,178997.041397644,0.14096208399860188,144932352,149420544,167772160,167772160,167772160,0,2274476032,0,2053839872,0,2271977472,0,0.1,1,,failed
effectiveness_v3_20260918T125453Z_e468c444,A/core50_nc/tight/O11/0/default,O11,core50_nc,0,setup,,179004.223172981,179005.75395705,1.5307840690074954,1395712,1395712,2097152,2097152,167772160,0,1573359616,0,1353133056,0,0,0,0.1,0,no_interval_samples,
effectiveness_v3_20260918T125453Z_e468c444,A/core50_nc/tight/O11/0/default,O11,core50_nc,0,resource_transition,0,179005.781982226,179005.782431133,0.00044890699791722,1395712,1395712,2097152,2097152,167772160,0,1573359616,0,1353133056,0,0,0,0.1,0,no_interval_samples,
effectiveness_v3_20260918T125453Z_e468c444,A/core50_nc/tight/O11/0/default,O11,core50_nc,0,training,0,179005.807245079,179039.086941393,33.27969631401356,70712320,95452672,117440512,117440512,167772160,0,2068066304,0,1847839744,0,2063826944,0,0.1,206,,
effectiveness_v3_20260918T125453Z_e468c444,A/core50_nc/tight/O11/0/default,O11,core50_nc,0,evaluation,0,179039.147844596,179042.971652907,3.823808310989989,70712320,114230272,159383552,159383552,167772160,0,2118037504,0,1897810944,0,2119483392,0,0.1,23,,
effectiveness_v3_20260918T125453Z_e468c444,A/core50_nc/tight/O11/0/default,O11,core50_nc,0,controller,0,179043.001629703,179043.001757749,0.00012804599828086793,70712320,70712320,159383552,159383552,167772160,0,2118037504,0,1897810944,0,0,0,0.1,0,no_interval_samples,
effectiveness_v3_20260918T125453Z_e468c444,A/core50_nc/tight/O11/0/default,O11,core50_nc,0,reconfiguration,0,179043.0267076,179043.026985369,0.0002777690242510289,70712320,70712320,159383552,159383552,167772160,0,2118037504,0,1897810944,0,0,0,0.1,0,no_interval_samples,
effectiveness_v3_20260918T125453Z_e468c444,A/core50_nc/tight/O11/0/default,O11,core50_nc,0,resource_transition,1,179043.05058998,179043.051083295,0.0004933149903081357,70712320,70712320,159383552,159383552,167772160,0,2118037504,0,1897810944,0,0,0,0.1,0,no_interval_samples,
effectiveness_v3_20260918T125453Z_e468c444,A/core50_nc/tight/O11/0/default,O11,core50_nc,0,training,1,179043.076811229,179080.038682478,36.96187124901917,72920064,121897984,161480704,161480704,167772160,0,2244648960,0,2024422400,0,2225512448,0,0.1,227,,
effectiveness_v3_20260918T125453Z_e468c444,A/core50_nc/tight/O11/0/default,O11,core50_nc,0,evaluation,1,179080.10453272,179085.323788861,5.219256140990183,72920064,116438016,161480704,161480704,167772160,0,2258186240,0,2037959680,0,2258530304,0,0.1,35,,
effectiveness_v3_20260918T125453Z_e468c444,A/core50_nc/tight/O11/0/default,O11,core50_nc,0,controller,1,179085.35370025,179085.353823917,0.00012366697774268687,72920064,72920064,161480704,161480704,167772160,0,2258186240,0,2037959680,0,0,0,0.1,0,no_interval_samples,
effectiveness_v3_20260918T125453Z_e468c444,A/core50_nc/tight/O11/0/default,O11,core50_nc,0,reconfiguration,1,179085.380485212,179085.381153287,0.0006680749938823283,72920064,72920064,161480704,161480704,167772160,0,2258186240,0,2037959680,0,0,0,0.1,0,no_interval_samples,
effectiveness_v3_20260918T125453Z_e468c444,A/core50_nc/tight/O11/0/default,O11,core50_nc,0,resource_transition,2,179085.406607332,179085.407137388,0.0005300560151226819,72920064,72920064,161480704,161480704,167772160,0,2258186240,0,2037959680,0,2258186240,0,0.1,1,,
effectiveness_v3_20260918T125453Z_e468c444,A/core50_nc/tight/O11/0/default,O11,core50_nc,0,training,2,179085.454772452,179085.580945172,0.12617271998897195,144932352,149420544,167772160,167772160,167772160,0,2277089280,0,2056457216,0,2274332672,0,0.1,1,,failed
effectiveness_v3_20260918T125622Z_5cc2c4e7,A/core50_nc/tight/R11/0/default,R11,core50_nc,0,setup,,179092.910910459,179094.437305444,1.5263949850050267,1395712,1395712,2097152,2097152,167772160,0,1574547456,0,1354316800,0,0,0,0.1,0,no_interval_samples,
effectiveness_v3_20260918T125622Z_5cc2c4e7,A/core50_nc/tight/R11/0/default,R11,core50_nc,0,resource_transition,0,179094.466188981,179094.466642851,0.0004538700159173459,1395712,1395712,2097152,2097152,167772160,0,1574551552,0,1354316800,0,0,0,0.1,0,no_interval_samples,
effectiveness_v3_20260918T125622Z_5cc2c4e7,A/core50_nc/tight/R11/0/default,R11,core50_nc,0,training,0,179094.492051471,179127.059028134,32.56697666301625,70712320,95452672,117440512,117440512,167772160,0,2069602304,0,1849367552,0,2065166336,0,0.1,199,,
effectiveness_v3_20260918T125622Z_5cc2c4e7,A/core50_nc/tight/R11/0/default,R11,core50_nc,0,evaluation,0,179127.128684395,179130.904071876,3.7753874810005073,70712320,114230272,159383552,159383552,167772160,0,2119528448,0,1899293696,0,2120970240,0,0.1,21,,
effectiveness_v3_20260918T125622Z_5cc2c4e7,A/core50_nc/tight/R11/0/default,R11,core50_nc,0,controller,0,179130.93774284,179130.937871312,0.00012847199104726315,70712320,70712320,159383552,159383552,167772160,0,2119528448,0,1899293696,0,0,0,0.1,0,no_interval_samples,
effectiveness_v3_20260918T125622Z_5cc2c4e7,A/core50_nc/tight/R11/0/default,R11,core50_nc,0,reconfiguration,0,179130.966644914,179130.966950831,0.0003059169976040721,70712320,70712320,159383552,159383552,167772160,0,2119528448,0,1899293696,0,0,0,0.1,0,no_interval_samples,
effectiveness_v3_20260918T125622Z_5cc2c4e7,A/core50_nc/tight/R11/0/default,R11,core50_nc,0,resource_transition,1,179130.994963221,179130.995518082,0.0005548610060941428,70712320,70712320,159383552,159383552,167772160,0,2119528448,0,1899293696,0,0,0,0.1,0,no_interval_samples,
effectiveness_v3_20260918T125622Z_5cc2c4e7,A/core50_nc/tight/R11/0/default,R11,core50_nc,0,training,1,179131.025680258,179149.975373146,18.94969288801076,70712320,121897984,159383552,159383552,167772160,0,2118946816,0,1898712064,0,2119708672,0,0.1,117,,
effectiveness_v3_20260918T125622Z_5cc2c4e7,A/core50_nc/tight/R11/0/default,R11,core50_nc,0,evaluation,1,179150.035868774,179155.425131804,5.389263029996073,70712320,114230272,159383552,159383552,167772160,0,2118909952,0,1898675200,0,2124529664,0,0.1,31,,
effectiveness_v3_20260918T125622Z_5cc2c4e7,A/core50_nc/tight/R11/0/default,R11,core50_nc,0,controller,1,179155.45619073,179155.456313934,0.00012320399400778115,70712320,70712320,159383552,159383552,167772160,0,2118909952,0,1898675200,0,0,0,0.1,0,no_interval_samples,
effectiveness_v3_20260918T125622Z_5cc2c4e7,A/core50_nc/tight/R11/0/default,R11,core50_nc,0,reconfiguration,1,179155.484072814,179155.484547758,0.0004749440122395754,70712320,70712320,159383552,159383552,167772160,0,2118909952,0,1898675200,0,0,0,0.1,0,no_interval_samples,
effectiveness_v3_20260918T125622Z_5cc2c4e7,A/core50_nc/tight/R11/0/default,R11,core50_nc,0,resource_transition,2,179155.511722721,179155.512240286,0.0005175650003366172,70712320,70712320,159383552,159383552,167772160,0,2118909952,0,1898675200,0,0,0,0.1,0,no_interval_samples,
effectiveness_v3_20260918T125622Z_5cc2c4e7,A/core50_nc/tight/R11/0/default,R11,core50_nc,0,training,2,179155.537496091,179175.246298426,19.70880233499338,70712320,121897984,159383552,159383552,167772160,0,2127855616,0,1907620864,0,2127802368,0,0.1,119,,
effectiveness_v3_20260918T125622Z_5cc2c4e7,A/core50_nc/tight/R11/0/default,R11,core50_nc,0,evaluation,2,179175.315912286,179182.658060731,7.342148444993654,70712320,114230272,159383552,159383552,167772160,0,2132590592,0,1912355840,0,2133651456,0,0.1,42,,
effectiveness_v3_20260918T125622Z_5cc2c4e7,A/core50_nc/tight/R11/0/default,R11,core50_nc,0,controller,2,179182.692150332,179182.692267462,0.00011712999548763037,70712320,70712320,159383552,159383552,167772160,0,2132594688,0,1912359936,0,0,0,0.1,0,no_interval_samples,
effectiveness_v3_20260918T125622Z_5cc2c4e7,A/core50_nc/tight/R11/0/default,R11,core50_nc,0,reconfiguration,2,179182.718524387,179182.720737239,0.002212852006778121,70712320,70712320,159383552,159383552,167772160,0,2132594688,0,1912359936,0,0,0,0.1,0,no_interval_samples,
effectiveness_v3_20260918T125622Z_5cc2c4e7,A/core50_nc/tight/R11/0/default,R11,core50_nc,0,resource_transition,3,179182.751572238,179182.752126479,0.000554241007193923,70712320,70712320,159383552,159383552,167772160,0,2132594688,0,1912359936,0,0,0,0.1,0,no_interval_samples,
effectiveness_v3_20260918T125622Z_5cc2c4e7,A/core50_nc/tight/R11/0/default,R11,core50_nc,0,training,3,179182.782293515,179201.307066036,18.524772521021077,70712320,121897984,159383552,159383552,167772160,0,2129231872,0,1908997120,0,2132594688,0,0.1,111,,
effectiveness_v3_20260918T125622Z_5cc2c4e7,A/core50_nc/tight/R11/0/default,R11,core50_nc,0,evaluation,3,179201.38262096,179210.542444903,9.159823942987714,70712320,114230272,159383552,159383552,167772160,0,2130792448,0,1910557696,0,2133807104,0,0.1,52,,
effectiveness_v3_20260918T125622Z_5cc2c4e7,A/core50_nc/tight/R11/0/default,R11,core50_nc,0,controller,3,179210.575076847,179210.575197578,0.00012073101243004203,70712320,70712320,159383552,159383552,167772160,0,2130796544,0,1910561792,0,0,0,0.1,0,no_interval_samples,
effectiveness_v3_20260918T125622Z_5cc2c4e7,A/core50_nc/tight/R11/0/default,R11,core50_nc,0,reconfiguration,3,179210.603302143,179210.606759411,0.003457268001511693,70712320,70712320,159383552,159383552,167772160,0,2130796544,0,1910561792,0,0,0,0.1,0,no_interval_samples,
effectiveness_v3_20260918T125622Z_5cc2c4e7,A/core50_nc/tight/R11/0/default,R11,core50_nc,0,resource_transition,4,179210.642442847,179210.643092829,0.0006499820156022906,70712320,70712320,159383552,159383552,167772160,0,2130796544,0,1910561792,0,0,0,0.1,0,no_interval_samples,
effectiveness_v3_20260918T125622Z_5cc2c4e7,A/core50_nc/tight/R11/0/default,R11,core50_nc,0,training,4,179210.676424885,179224.911059527,14.23463464199449,70712320,121897984,159383552,159383552,167772160,0,2129846272,0,1909611520,0,2130796544,0,0.1,84,,
effectiveness_v3_20260918T125622Z_5cc2c4e7,A/core50_nc/tight/R11/0/default,R11,core50_nc,0,evaluation,4,179224.966856426,179236.146694694,11.179838267999003,70712320,114230272,159383552,159383552,167772160,0,2131521536,0,1911286784,0,2135388160,0,0.1,64,,
effectiveness_v3_20260918T125622Z_5cc2c4e7,A/core50_nc/tight/R11/0/default,R11,core50_nc,0,controller,4,179236.181165092,179236.18127962,0.00011452799662947655,70712320,70712320,159383552,159383552,167772160,0,2131521536,0,1911286784,0,0,0,0.1,0,no_interval_samples,
effectiveness_v3_20260918T125622Z_5cc2c4e7,A/core50_nc/tight/R11/0/default,R11,core50_nc,0,reconfiguration,4,179236.212499334,179236.214676353,0.0021770189923699945,70712320,70712320,159383552,159383552,167772160,0,2131525632,0,1911290880,0,0,0,0.1,0,no_interval_samples,
effectiveness_v3_20260918T125622Z_5cc2c4e7,A/core50_nc/tight/R11/0/default,R11,core50_nc,0,resource_transition,5,179236.243070797,179236.243734214,0.000663416984025389,70712320,70712320,159383552,159383552,167772160,0,2131525632,0,1911290880,0,0,0,0.1,0,no_interval_samples,
effectiveness_v3_20260918T125622Z_5cc2c4e7,A/core50_nc/tight/R11/0/default,R11,core50_nc,0,training,5,179236.278134648,179252.486744818,16.208610169996973,70712320,121897984,159383552,159383552,167772160,0,2131083264,0,1910848512,0,2131533824,0,0.1,97,,
effectiveness_v3_20260918T125622Z_5cc2c4e7,A/core50_nc/tight/R11/0/default,R11,core50_nc,0,evaluation,5,179252.550563625,179265.613978951,13.063415326003451,70712320,114230272,159383552,159383552,167772160,0,2132668416,0,1912433664,0,2136461312,0,0.1,74,,
effectiveness_v3_20260918T125622Z_5cc2c4e7,A/core50_nc/tight/R11/0/default,R11,core50_nc,0,controller,5,179265.646894831,179265.647014757,0.00011992600047960877,70712320,70712320,159383552,159383552,167772160,0,2132668416,0,1912433664,0,0,0,0.1,0,no_interval_samples,
effectiveness_v3_20260918T125622Z_5cc2c4e7,A/core50_nc/tight/R11/0/default,R11,core50_nc,0,reconfiguration,5,179265.675174434,179265.677276869,0.0021024350135121495,70712320,70712320,159383552,159383552,167772160,0,2132668416,0,1912433664,0,0,0,0.1,0,no_interval_samples,
effectiveness_v3_20260918T125622Z_5cc2c4e7,A/core50_nc/tight/R11/0/default,R11,core50_nc,0,resource_transition,6,179265.706789092,179265.707338296,0.0005492040072567761,70712320,70712320,159383552,159383552,167772160,0,2132668416,0,1912433664,0,0,0,0.1,0,no_interval_samples,
effectiveness_v3_20260918T125622Z_5cc2c4e7,A/core50_nc/tight/R11/0/default,R11,core50_nc,0,training,6,179265.740031629,179284.606400764,18.866369135008426,70712320,126952960,159383552,159383552,167772160,0,2131517440,0,1911282688,0,2133889024,0,0.1,117,,
effectiveness_v3_20260918T125622Z_5cc2c4e7,A/core50_nc/tight/R11/0/default,R11,core50_nc,0,evaluation,6,179284.695962044,179299.149570415,14.453608370997244,70712320,114230272,159383552,159383552,167772160,0,2137141248,0,1916906496,0,2139164672,0,0.1,95,,
effectiveness_v3_20260918T125622Z_5cc2c4e7,A/core50_nc/tight/R11/0/default,R11,core50_nc,0,controller,6,179299.18298147,179299.183101442,0.00011997201363556087,70712320,70712320,159383552,159383552,167772160,0,2137149440,0,1916914688,0,0,0,0.1,0,no_interval_samples,
effectiveness_v3_20260918T125622Z_5cc2c4e7,A/core50_nc/tight/R11/0/default,R11,core50_nc,0,reconfiguration,6,179299.211897358,179299.214211562,0.0023142040008679032,70712320,70712320,159383552,159383552,167772160,0,2137149440,0,1916914688,0,0,0,0.1,0,no_interval_samples,
effectiveness_v3_20260918T125622Z_5cc2c4e7,A/core50_nc/tight/R11/0/default,R11,core50_nc,0,resource_transition,7,179299.243439571,179299.244060312,0.0006207409896887839,70712320,70712320,159383552,159383552,167772160,0,2137149440,0,1916914688,0,0,0,0.1,0,no_interval_samples,
effectiveness_v3_20260918T125622Z_5cc2c4e7,A/core50_nc/tight/R11/0/default,R11,core50_nc,0,training,7,179299.288269913,179318.377301396,19.089031482988503,70712320,126952960,159383552,159383552,167772160,0,2132176896,0,1911942144,0,2132692992,0,0.1,118,,
effectiveness_v3_20260918T125622Z_5cc2c4e7,A/core50_nc/tight/R11/0/default,R11,core50_nc,0,evaluation,7,179318.446326876,179335.04714932,16.600822443986544,70712320,114230272,159383552,159383552,167772160,0,2137329664,0,1917094912,0,2137722880,0,0.1,95,,
effectiveness_v3_20260918T125622Z_5cc2c4e7,A/core50_nc/tight/R11/0/default,R11,core50_nc,0,controller,7,179335.085272673,179335.085394321,0.0001216480159200728,70712320,70712320,159383552,159383552,167772160,0,2137333760,0,1917099008,0,0,0,0.1,0,no_interval_samples,
effectiveness_v3_20260918T125622Z_5cc2c4e7,A/core50_nc/tight/R11/0/default,R11,core50_nc,0,reconfiguration,7,179335.114851711,179335.117068488,0.002216777007561177,70712320,70712320,159383552,159383552,167772160,0,2137333760,0,1917099008,0,0,0,0.1,0,no_interval_samples,
effectiveness_v3_20260918T125622Z_5cc2c4e7,A/core50_nc/tight/R11/0/default,R11,core50_nc,0,resource_transition,8,179335.144170128,179335.144716285,0.0005461569817271084,70712320,70712320,159383552,159383552,167772160,0,2137333760,0,1917099008,0,0,0,0.1,0,no_interval_samples,
effectiveness_v3_20260918T125622Z_5cc2c4e7,A/core50_nc/tight/R11/0/default,R11,core50_nc,0,training,8,179335.177039684,179351.400725861,16.223686176992487,70712320,126952960,159383552,159383552,167772160,0,2132758528,0,1912523776,0,2133860352,0,0.1,97,,
effectiveness_v3_20260918T125622Z_5cc2c4e7,A/core50_nc/tight/R11/0/default,R11,core50_nc,0,evaluation,8,179351.469671989,179369.878802164,18.409130174986785,70712320,114230272,159383552,159383552,167772160,0,2137206784,0,1916972032,0,2137489408,0,0.1,106,,
effectiveness_v3_20260918T125622Z_5cc2c4e7,A/core50_nc/tight/R11/0/default,R11,core50_nc,0,controller,8,179369.914058191,179369.914159756,0.00010156500502489507,70712320,70712320,159383552,159383552,167772160,0,2137206784,0,1916972032,0,0,0,0.1,0,no_interval_samples,
effectiveness_v3_20260918T130106Z_37d309d9,A/core50_nc/tight/F11/0/default,F11,core50_nc,0,setup,,179377.374408782,179378.889334452,1.5149256699951366,1395712,1395712,2097152,2097152,167772160,0,1575653376,0,1355418624,0,1307803648,0,0.1,1,,
effectiveness_v3_20260918T130106Z_37d309d9,A/core50_nc/tight/F11/0/default,F11,core50_nc,0,resource_transition,0,179378.914815284,179378.915250016,0.0004347320063970983,1395712,1395712,2097152,2097152,167772160,0,1575653376,0,1355418624,0,0,0,0.1,0,no_interval_samples,
effectiveness_v3_20260918T130106Z_37d309d9,A/core50_nc/tight/F11/0/default,F11,core50_nc,0,training,0,179378.940141571,179441.186765054,62.24662348302081,72920064,96689152,119537664,119537664,167772160,0,2185785344,0,1965558784,0,2163699712,0,0.1,391,,
effectiveness_v3_20260918T130106Z_37d309d9,A/core50_nc/tight/F11/0/default,F11,core50_nc,0,evaluation,0,179441.254762388,179444.926074494,3.671312105987454,72920064,116438016,161480704,161480704,167772160,0,2231582720,0,2011347968,0,2231246848,0,0.1,23,,
effectiveness_v3_20260918T130106Z_37d309d9,A/core50_nc/tight/F11/0/default,F11,core50_nc,0,controller,0,179444.959011966,179444.959135827,0.00012386098387651145,72920064,72920064,161480704,161480704,167772160,0,2231582720,0,2011347968,0,0,0,0.1,0,no_interval_samples,
effectiveness_v3_20260918T130106Z_37d309d9,A/core50_nc/tight/F11/0/default,F11,core50_nc,0,reconfiguration,0,179444.988259049,179444.988801966,0.0005429170269053429,72920064,72920064,161480704,161480704,167772160,0,2231582720,0,2011347968,0,0,0,0.1,0,no_interval_samples,
effectiveness_v3_20260918T130106Z_37d309d9,A/core50_nc/tight/F11/0/default,F11,core50_nc,0,resource_transition,1,179445.035031208,179445.035554134,0.0005229259841144085,72920064,72920064,161480704,161480704,167772160,0,2231582720,0,2011347968,0,0,0,0.1,0,no_interval_samples,
effectiveness_v3_20260918T130106Z_37d309d9,A/core50_nc/tight/F11/0/default,F11,core50_nc,0,training,1,179445.065771338,179445.205013526,0.13924218798638321,145751552,151059968,167772160,167772160,167772160,0,2248216576,0,2027576320,0,2227531776,0,0.1,1,,failed
effectiveness_v3_20260918T130221Z_60c895a2,A/core50_nc/tight/S_star/1/default,S_star,core50_nc,1,setup,,179452.419654407,179453.963214874,1.5435604670201428,1395712,1395712,2097152,2097152,167772160,0,1576644608,0,1356422144,0,1308155904,0,0.1,1,,
effectiveness_v3_20260918T130221Z_60c895a2,A/core50_nc/tight/S_star/1/default,S_star,core50_nc,1,resource_transition,0,179453.990883208,179453.991359282,0.00047607399756088853,1395712,1395712,2097152,2097152,167772160,0,1576644608,0,1356422144,0,0,0,0.1,0,no_interval_samples,
effectiveness_v3_20260918T130221Z_60c895a2,A/core50_nc/tight/S_star/1/default,S_star,core50_nc,1,training,0,179454.018742495,179486.369519765,32.350777269981336,70712320,95452672,117440512,117440512,167772160,0,2073018368,0,1852795904,0,2066911232,0,0.1,198,,
effectiveness_v3_20260918T130221Z_60c895a2,A/core50_nc/tight/S_star/1/default,S_star,core50_nc,1,evaluation,0,179486.454521032,179490.218052313,3.763531281001633,70712320,114230272,159383552,159383552,167772160,0,2118832128,0,1898609664,0,2124509184,0,0.1,22,,
effectiveness_v3_20260918T130221Z_60c895a2,A/core50_nc/tight/S_star/1/default,S_star,core50_nc,1,resource_transition,1,179490.249992294,179490.250509257,0.0005169629876036197,70712320,70712320,159383552,159383552,167772160,0,2118832128,0,1898609664,0,0,0,0.1,0,no_interval_samples,
effectiveness_v3_20260918T130221Z_60c895a2,A/core50_nc/tight/S_star/1/default,S_star,core50_nc,1,training,1,179490.281683738,179507.270882893,16.989199155010283,70712320,121897984,159383552,159383552,167772160,0,2122747904,0,1902525440,0,2120863744,0,0.1,103,,
effectiveness_v3_20260918T130221Z_60c895a2,A/core50_nc/tight/S_star/1/default,S_star,core50_nc,1,evaluation,1,179507.329997214,179512.907038332,5.577041117998306,70712320,114230272,159383552,159383552,167772160,0,2122694656,0,1902472192,0,2128330752,0,0.1,32,,
effectiveness_v3_20260918T130221Z_60c895a2,A/core50_nc/tight/S_star/1/default,S_star,core50_nc,1,resource_transition,2,179512.945769713,179512.946212833,0.00044311999226920307,70712320,70712320,159383552,159383552,167772160,0,2122694656,0,1902472192,0,0,0,0.1,0,no_interval_samples,
effectiveness_v3_20260918T130221Z_60c895a2,A/core50_nc/tight/S_star/1/default,S_star,core50_nc,1,training,2,179512.971714667,179531.589994737,18.618280070018955,70712320,121897984,159383552,159383552,167772160,0,2131025920,0,1910803456,0,2131271680,0,0.1,113,,
effectiveness_v3_20260918T130221Z_60c895a2,A/core50_nc/tight/S_star/1/default,S_star,core50_nc,1,evaluation,2,179531.645139256,179539.176403507,7.531264251010725,70712320,114230272,159383552,159383552,167772160,0,2135719936,0,1915497472,0,2139463680,0,0.1,44,,
effectiveness_v3_20260918T130221Z_60c895a2,A/core50_nc/tight/S_star/1/default,S_star,core50_nc,1,resource_transition,3,179539.219892497,179539.220417784,0.0005252870032563806,70712320,70712320,159383552,159383552,167772160,0,2135719936,0,1915497472,0,0,0,0.1,0,no_interval_samples,
effectiveness_v3_20260918T130221Z_60c895a2,A/core50_nc/tight/S_star/1/default,S_star,core50_nc,1,training,3,179539.258335589,179559.169223776,19.910888187005185,70712320,121897984,159383552,159383552,167772160,0,2131185664,0,1910963200,0,2135719936,0,0.1,124,,
effectiveness_v3_20260918T130221Z_60c895a2,A/core50_nc/tight/S_star/1/default,S_star,core50_nc,1,evaluation,3,179559.227888173,179568.597545321,9.369657148024999,70712320,114230272,159383552,159383552,167772160,0,2132865024,0,1912642560,0,2136743936,0,0.1,54,,
effectiveness_v3_20260918T130221Z_60c895a2,A/core50_nc/tight/S_star/1/default,S_star,core50_nc,1,resource_transition,4,179568.634814331,179568.635232099,0.0004177680239081383,70712320,70712320,159383552,159383552,167772160,0,2132865024,0,1912642560,0,0,0,0.1,0,no_interval_samples,
effectiveness_v3_20260918T130221Z_60c895a2,A/core50_nc/tight/S_star/1/default,S_star,core50_nc,1,training,4,179568.669937026,179587.113499995,18.44356296901242,70712320,121897984,159383552,159383552,167772160,0,2131808256,0,1911585792,0,2132865024,0,0.1,118,,
effectiveness_v3_20260918T130221Z_60c895a2,A/core50_nc/tight/S_star/1/default,S_star,core50_nc,1,evaluation,4,179587.187836895,179598.09595405,10.908117154991487,70712320,114230272,159383552,159383552,167772160,0,2136211456,0,1915988992,0,2137350144,0,0.1,68,,
effectiveness_v3_20260918T130221Z_60c895a2,A/core50_nc/tight/S_star/1/default,S_star,core50_nc,1,resource_transition,5,179598.136485292,179598.136947162,0.00046187001862563193,70712320,70712320,159383552,159383552,167772160,0,2136211456,0,1915988992,0,0,0,0.1,0,no_interval_samples,
effectiveness_v3_20260918T130221Z_60c895a2,A/core50_nc/tight/S_star/1/default,S_star,core50_nc,1,training,5,179598.195645802,179617.694762425,19.499116622988367,70712320,121897984,159383552,159383552,167772160,0,2132434944,0,1912212480,0,2136215552,0,0.1,123,,
effectiveness_v3_20260918T130221Z_60c895a2,A/core50_nc/tight/S_star/1/default,S_star,core50_nc,1,evaluation,5,179617.75415947,179630.961378073,13.207218602998182,70712320,114230272,159383552,159383552,167772160,0,2136854528,0,1916632064,0,2137972736,0,0.1,76,,
effectiveness_v3_20260918T130221Z_60c895a2,A/core50_nc/tight/S_star/1/default,S_star,core50_nc,1,resource_transition,6,179631.014439107,179631.01489057,0.0004514629836194217,70712320,70712320,159383552,159383552,167772160,0,2136854528,0,1916632064,0,0,0,0.1,0,no_interval_samples,
effectiveness_v3_20260918T130221Z_60c895a2,A/core50_nc/tight/S_star/1/default,S_star,core50_nc,1,training,6,179631.060878697,179650.629111449,19.568232752004405,70712320,121897984,159383552,159383552,167772160,0,2132594688,0,1912372224,0,2133397504,0,0.1,119,,
effectiveness_v3_20260918T130221Z_60c895a2,A/core50_nc/tight/S_star/1/default,S_star,core50_nc,1,evaluation,6,179650.688337263,179665.778507535,15.090170271985698,70712320,114230272,159383552,159383552,167772160,0,2137251840,0,1917029376,0,2140274688,0,0.1,88,,
effectiveness_v3_20260918T130221Z_60c895a2,A/core50_nc/tight/S_star/1/default,S_star,core50_nc,1,resource_transition,7,179665.822746729,179665.823174331,0.00042760197538882494,70712320,70712320,159383552,159383552,167772160,0,2137251840,0,1917029376,0,0,0,0.1,0,no_interval_samples,
effectiveness_v3_20260918T130221Z_60c895a2,A/core50_nc/tight/S_star/1/default,S_star,core50_nc,1,training,7,179665.85881158,179684.927740082,19.068928502005292,70712320,121897984,159383552,159383552,167772160,0,2133110784,0,1912888320,0,2137251840,0,0.1,122,,
effectiveness_v3_20260918T130221Z_60c895a2,A/core50_nc/tight/S_star/1/default,S_star,core50_nc,1,evaluation,7,179684.987690479,179702.490000554,17.502310075011337,70712320,114230272,159383552,159383552,167772160,0,2134810624,0,1914588160,0,2138648576,0,0.1,101,,
effectiveness_v3_20260918T130221Z_60c895a2,A/core50_nc/tight/S_star/1/default,S_star,core50_nc,1,resource_transition,8,179702.534975905,179702.535536729,0.0005608240026049316,70712320,70712320,159383552,159383552,167772160,0,2134810624,0,1914588160,0,0,0,0.1,0,no_interval_samples,
effectiveness_v3_20260918T130221Z_60c895a2,A/core50_nc/tight/S_star/1/default,S_star,core50_nc,1,training,8,179702.593538302,179721.881679356,19.288141054013977,70712320,121897984,159383552,159383552,167772160,0,2133528576,0,1913306112,0,2135277568,0,0.1,119,,
effectiveness_v3_20260918T130221Z_60c895a2,A/core50_nc/tight/S_star/1/default,S_star,core50_nc,1,evaluation,8,179721.944637012,179740.69913771,18.754500698007178,70712320,114230272,159383552,159383552,167772160,0,2137657344,0,1917434880,0,2139168768,0,0.1,108,,
effectiveness_v3_20260918T130717Z_c1ab5a21,A/core50_nc/tight/O00/1/default,O00,core50_nc,1,setup,,179747.926047888,179749.468528655,1.5424807670060545,1395712,1395712,2097152,2097152,167772160,0,1574338560,0,1354103808,0,0,0,0.1,0,no_interval_samples,
effectiveness_v3_20260918T130717Z_c1ab5a21,A/core50_nc/tight/O00/1/default,O00,core50_nc,1,resource_transition,0,179749.497360443,179749.497834268,0.00047382499906234443,1395712,1395712,2097152,2097152,167772160,0,1574338560,0,1354103808,0,0,0,0.1,0,no_interval_samples,
effectiveness_v3_20260918T130717Z_c1ab5a21,A/core50_nc/tight/O00/1/default,O00,core50_nc,1,training,0,179749.52381576,179781.810559495,32.28674373499234,70712320,95452672,117440512,117440512,167772160,0,2069184512,0,1848949760,0,2064904192,0,0.1,198,,
effectiveness_v3_20260918T130717Z_c1ab5a21,A/core50_nc/tight/O00/1/default,O00,core50_nc,1,evaluation,0,179781.889428986,179785.704779033,3.8153500469925348,70712320,114230272,159383552,159383552,167772160,0,2119118848,0,1898884096,0,2120560640,0,0.1,22,,
effectiveness_v3_20260918T130717Z_c1ab5a21,A/core50_nc/tight/O00/1/default,O00,core50_nc,1,controller,0,179785.736235318,179785.736360244,0.0001249259803444147,70712320,70712320,159383552,159383552,167772160,0,2119118848,0,1898884096,0,0,0,0.1,0,no_interval_samples,
effectiveness_v3_20260918T130717Z_c1ab5a21,A/core50_nc/tight/O00/1/default,O00,core50_nc,1,reconfiguration,0,179785.765095956,179785.765477197,0.00038124099955894053,70712320,70712320,159383552,159383552,167772160,0,2119118848,0,1898884096,0,0,0,0.1,0,no_interval_samples,
effectiveness_v3_20260918T130717Z_c1ab5a21,A/core50_nc/tight/O00/1/default,O00,core50_nc,1,resource_transition,1,179785.789828697,179785.79037991,0.000551213015569374,70712320,70712320,159383552,159383552,167772160,0,2119118848,0,1898884096,0,0,0,0.1,0,no_interval_samples,
effectiveness_v3_20260918T130717Z_c1ab5a21,A/core50_nc/tight/O00/1/default,O00,core50_nc,1,training,1,179785.820467983,179823.130156505,37.30968852201477,72920064,121897984,161480704,161480704,167772160,0,2245742592,0,2025507840,0,2226495488,0,0.1,227,,
effectiveness_v3_20260918T130717Z_c1ab5a21,A/core50_nc/tight/O00/1/default,O00,core50_nc,1,evaluation,1,179823.194329627,179828.757927569,5.56359794200398,72920064,116438016,161480704,161480704,167772160,0,2255122432,0,2034887680,0,2260221952,0,0.1,32,,
effectiveness_v3_20260918T130717Z_c1ab5a21,A/core50_nc/tight/O00/1/default,O00,core50_nc,1,controller,1,179828.789592663,179828.789715163,0.00012250000145286322,72920064,72920064,161480704,161480704,167772160,0,2255122432,0,2034887680,0,0,0,0.1,0,no_interval_samples,
effectiveness_v3_20260918T130717Z_c1ab5a21,A/core50_nc/tight/O00/1/default,O00,core50_nc,1,reconfiguration,1,179828.815055645,179828.815862441,0.0008067959861364216,72920064,72920064,161480704,161480704,167772160,0,2255122432,0,2034887680,0,0,0,0.1,0,no_interval_samples,
effectiveness_v3_20260918T130717Z_c1ab5a21,A/core50_nc/tight/O00/1/default,O00,core50_nc,1,resource_transition,2,179828.843684257,179828.844260044,0.0005757869803346694,72920064,72920064,161480704,161480704,167772160,0,2255122432,0,2034887680,0,0,0,0.1,0,no_interval_samples,
effectiveness_v3_20260918T130717Z_c1ab5a21,A/core50_nc/tight/O00/1/default,O00,core50_nc,1,training,2,179828.877607193,179829.026625046,0.14901785302208737,144932352,149420544,167772160,167772160,167772160,0,2272731136,0,2052090880,0,2255126528,0,0.1,1,,failed
effectiveness_v3_20260918T130845Z_09b114c7,A/core50_nc/tight/O10/1/default,O10,core50_nc,1,setup,,179836.190995598,179837.718427607,1.5274320089956746,1395712,1395712,2097152,2097152,167772160,0,1573421056,0,1353198592,0,0,0,0.1,0,no_interval_samples,
effectiveness_v3_20260918T130845Z_09b114c7,A/core50_nc/tight/O10/1/default,O10,core50_nc,1,resource_transition,0,179837.74703944,179837.747476514,0.00043707399163395166,1395712,1395712,2097152,2097152,167772160,0,1573433344,0,1353198592,0,0,0,0.1,0,no_interval_samples,
effectiveness_v3_20260918T130845Z_09b114c7,A/core50_nc/tight/O10/1/default,O10,core50_nc,1,training,0,179837.772141236,179871.036036737,33.2638955010043,70712320,95452672,117440512,117440512,167772160,0,2068086784,0,1847852032,0,2063802368,0,0.1,206,,
effectiveness_v3_20260918T130845Z_09b114c7,A/core50_nc/tight/O10/1/default,O10,core50_nc,1,evaluation,0,179871.108379903,179874.911089887,3.802709984011017,70712320,114230272,159383552,159383552,167772160,0,2113847296,0,1893612544,0,2119516160,0,0.1,23,,
effectiveness_v3_20260918T130845Z_09b114c7,A/core50_nc/tight/O10/1/default,O10,core50_nc,1,controller,0,179874.941669109,179874.941808683,0.00013957402552478015,70712320,70712320,159383552,159383552,167772160,0,2113847296,0,1893612544,0,0,0,0.1,0,no_interval_samples,
effectiveness_v3_20260918T130845Z_09b114c7,A/core50_nc/tight/O10/1/default,O10,core50_nc,1,reconfiguration,0,179874.967360108,179874.967648099,0.00028799098799936473,70712320,70712320,159383552,159383552,167772160,0,2113847296,0,1893612544,0,0,0,0.1,0,no_interval_samples,
effectiveness_v3_20260918T130845Z_09b114c7,A/core50_nc/tight/O10/1/default,O10,core50_nc,1,resource_transition,1,179874.992342395,179874.992856052,0.0005136569961905479,70712320,70712320,159383552,159383552,167772160,0,2113847296,0,1893612544,0,0,0,0.1,0,no_interval_samples,
effectiveness_v3_20260918T130845Z_09b114c7,A/core50_nc/tight/O10/1/default,O10,core50_nc,1,training,1,179875.019918598,179912.023636376,37.00371777798864,72920064,121897984,161480704,161480704,167772160,0,2244677632,0,2024442880,0,2225549312,0,0.1,227,,
effectiveness_v3_20260918T130845Z_09b114c7,A/core50_nc/tight/O10/1/default,O10,core50_nc,1,evaluation,1,179912.090084338,179917.918594328,5.828509989980375,72920064,116438016,161480704,161480704,167772160,0,2254057472,0,2033822720,0,2258571264,0,0.1,34,,
effectiveness_v3_20260918T130845Z_09b114c7,A/core50_nc/tight/O10/1/default,O10,core50_nc,1,controller,1,179917.948563125,179917.948705718,0.0001425929949618876,72920064,72920064,161480704,161480704,167772160,0,2254057472,0,2033822720,0,0,0,0.1,0,no_interval_samples,
effectiveness_v3_20260918T130845Z_09b114c7,A/core50_nc/tight/O10/1/default,O10,core50_nc,1,reconfiguration,1,179917.975818154,179917.976496607,0.0006784530123695731,72920064,72920064,161480704,161480704,167772160,0,2254057472,0,2033822720,0,0,0,0.1,0,no_interval_samples,
effectiveness_v3_20260918T130845Z_09b114c7,A/core50_nc/tight/O10/1/default,O10,core50_nc,1,resource_transition,2,179918.003847849,179918.004421136,0.0005732869904022664,72920064,72920064,161480704,161480704,167772160,0,2254057472,0,2033822720,0,0,0,0.1,0,no_interval_samples,
effectiveness_v3_20260918T130845Z_09b114c7,A/core50_nc/tight/O10/1/default,O10,core50_nc,1,training,2,179918.032766025,179918.172415544,0.13964951899833977,144932352,149420544,167772160,167772160,167772160,0,2273353728,0,2052713472,0,2254057472,0,0.1,1,,failed
effectiveness_v3_20260918T131014Z_b09fde4a,A/core50_nc/tight/O01/1/default,O01,core50_nc,1,setup,,179925.410978796,179926.943907154,1.5329283580067568,1395712,1395712,2097152,2097152,167772160,0,1574625280,0,1354390528,0,0,0,0.1,0,no_interval_samples,
effectiveness_v3_20260918T131014Z_b09fde4a,A/core50_nc/tight/O01/1/default,O01,core50_nc,1,resource_transition,0,179926.971381516,179926.971825358,0.0004438420000951737,1395712,1395712,2097152,2097152,167772160,0,1574625280,0,1354390528,0,0,0,0.1,0,no_interval_samples,
effectiveness_v3_20260918T131014Z_b09fde4a,A/core50_nc/tight/O01/1/default,O01,core50_nc,1,training,0,179926.997876396,179957.675630981,30.677754584990907,70712320,95452672,117440512,117440512,167772160,0,2068328448,0,1848093696,0,2064052224,0,0.1,193,,
effectiveness_v3_20260918T131014Z_b09fde4a,A/core50_nc/tight/O01/1/default,O01,core50_nc,1,evaluation,0,179957.743976896,179961.366407189,3.622430293005891,70712320,114230272,159383552,159383552,167772160,0,2118275072,0,1898040320,0,2119725056,0,0.1,24,,
effectiveness_v3_20260918T131014Z_b09fde4a,A/core50_nc/tight/O01/1/default,O01,core50_nc,1,controller,0,179961.394378967,179961.39450368,0.00012471299851313233,70712320,70712320,159383552,159383552,167772160,0,2118275072,0,1898040320,0,0,0,0.1,0,no_interval_samples,
effectiveness_v3_20260918T131014Z_b09fde4a,A/core50_nc/tight/O01/1/default,O01,core50_nc,1,reconfiguration,0,179961.41935619,179961.419653218,0.0002970280183944851,70712320,70712320,159383552,159383552,167772160,0,2118275072,0,1898040320,0,0,0,0.1,0,no_interval_samples,
effectiveness_v3_20260918T131014Z_b09fde4a,A/core50_nc/tight/O01/1/default,O01,core50_nc,1,resource_transition,1,179961.444096403,179961.444627357,0.0005309540138114244,70712320,70712320,159383552,159383552,167772160,0,2118275072,0,1898040320,0,0,0,0.1,0,no_interval_samples,
effectiveness_v3_20260918T131014Z_b09fde4a,A/core50_nc/tight/O01/1/default,O01,core50_nc,1,training,1,179961.470281469,179999.36709708,37.896815610991325,72920064,121897984,161480704,161480704,167772160,0,2244886528,0,2024651776,0,2225762304,0,0.1,234,,
effectiveness_v3_20260918T131014Z_b09fde4a,A/core50_nc/tight/O01/1/default,O01,core50_nc,1,evaluation,1,179999.433740175,180004.847598032,5.41385785699822,72920064,116438016,161480704,161480704,167772160,0,2254262272,0,2034027520,0,2258239488,0,0.1,31,,
effectiveness_v3_20260918T131014Z_b09fde4a,A/core50_nc/tight/O01/1/default,O01,core50_nc,1,controller,1,180004.90459907,180004.904729394,0.0001303240132983774,72920064,72920064,161480704,161480704,167772160,0,2254262272,0,2034027520,0,0,0,0.1,0,no_interval_samples,
effectiveness_v3_20260918T131014Z_b09fde4a,A/core50_nc/tight/O01/1/default,O01,core50_nc,1,reconfiguration,1,180004.932399441,180004.933169774,0.0007703330193180591,72920064,72920064,161480704,161480704,167772160,0,2254262272,0,2034027520,0,0,0,0.1,0,no_interval_samples,
effectiveness_v3_20260918T131014Z_b09fde4a,A/core50_nc/tight/O01/1/default,O01,core50_nc,1,resource_transition,2,180004.959918071,180004.960449858,0.0005317869945429265,72920064,72920064,161480704,161480704,167772160,0,2254262272,0,2034027520,0,0,0,0.1,0,no_interval_samples,
effectiveness_v3_20260918T131014Z_b09fde4a,A/core50_nc/tight/O01/1/default,O01,core50_nc,1,training,2,180004.989841025,180005.139756407,0.14991538200411014,144932352,149420544,167772160,167772160,167772160,0,2271870976,0,2051230720,0,2254262272,0,0.1,1,,failed
effectiveness_v3_20260918T131141Z_97cbc12a,A/core50_nc/tight/O11/1/default,O11,core50_nc,1,setup,,180012.285896523,180013.810466709,1.5245701859821565,1395712,1395712,2097152,2097152,167772160,0,1573396480,0,1353165824,0,0,0,0.1,0,no_interval_samples,
effectiveness_v3_20260918T131141Z_97cbc12a,A/core50_nc/tight/O11/1/default,O11,core50_nc,1,resource_transition,0,180013.834316718,180013.834739218,0.00042249998659826815,1395712,1395712,2097152,2097152,167772160,0,1573400576,0,1353165824,0,0,0,0.1,0,no_interval_samples,
effectiveness_v3_20260918T131141Z_97cbc12a,A/core50_nc/tight/O11/1/default,O11,core50_nc,1,training,0,180013.856764996,180046.059198375,32.20243337901775,70712320,95452672,117440512,117440512,167772160,0,2068295680,0,1848060928,0,2063859712,0,0.1,199,,
effectiveness_v3_20260918T131141Z_97cbc12a,A/core50_nc/tight/O11/1/default,O11,core50_nc,1,evaluation,0,180046.126763903,180049.972581904,3.8458180009911302,70712320,114230272,159383552,159383552,167772160,0,2113998848,0,1893764096,0,2119675904,0,0.1,22,,
effectiveness_v3_20260918T131141Z_97cbc12a,A/core50_nc/tight/O11/1/default,O11,core50_nc,1,controller,0,180050.007601274,180050.007747515,0.00014624098548665643,70712320,70712320,159383552,159383552,167772160,0,2113998848,0,1893764096,0,0,0,0.1,0,no_interval_samples,
effectiveness_v3_20260918T131141Z_97cbc12a,A/core50_nc/tight/O11/1/default,O11,core50_nc,1,reconfiguration,0,180050.035576884,180050.035863014,0.0002861300017684698,70712320,70712320,159383552,159383552,167772160,0,2113998848,0,1893764096,0,0,0,0.1,0,no_interval_samples,
effectiveness_v3_20260918T131141Z_97cbc12a,A/core50_nc/tight/O11/1/default,O11,core50_nc,1,resource_transition,1,180050.060983152,180050.061491652,0.0005085000011604279,70712320,70712320,159383552,159383552,167772160,0,2113998848,0,1893764096,0,0,0,0.1,0,no_interval_samples,
effectiveness_v3_20260918T131141Z_97cbc12a,A/core50_nc/tight/O11/1/default,O11,core50_nc,1,training,1,180050.090654504,180085.632101338,35.541446834016824,72920064,121897984,161480704,161480704,167772160,0,2244837376,0,2024602624,0,2225586176,0,0.1,223,,
effectiveness_v3_20260918T131141Z_97cbc12a,A/core50_nc/tight/O11/1/default,O11,core50_nc,1,evaluation,1,180085.720508476,180091.276328487,5.555820011009928,72920064,116438016,161480704,161480704,167772160,0,2254274560,0,2034039808,0,2259374080,0,0.1,32,,
effectiveness_v3_20260918T131141Z_97cbc12a,A/core50_nc/tight/O11/1/default,O11,core50_nc,1,controller,1,180091.309669569,180091.309808394,0.00013882500934414566,72920064,72920064,161480704,161480704,167772160,0,2254274560,0,2034039808,0,0,0,0.1,0,no_interval_samples,
effectiveness_v3_20260918T131141Z_97cbc12a,A/core50_nc/tight/O11/1/default,O11,core50_nc,1,reconfiguration,1,180091.346510726,180091.347244652,0.0007339259900618345,72920064,72920064,161480704,161480704,167772160,0,2254274560,0,2034039808,0,0,0,0.1,0,no_interval_samples,
effectiveness_v3_20260918T131141Z_97cbc12a,A/core50_nc/tight/O11/1/default,O11,core50_nc,1,resource_transition,2,180091.375126301,180091.375676921,0.0005506199959199876,72920064,72920064,161480704,161480704,167772160,0,2254274560,0,2034039808,0,0,0,0.1,0,no_interval_samples,
effectiveness_v3_20260918T131141Z_97cbc12a,A/core50_nc/tight/O11/1/default,O11,core50_nc,1,training,2,180091.404411209,180091.573398852,0.16898764300276525,144932352,149420544,167772160,167772160,167772160,0,2271883264,0,2051243008,0,2254278656,0,0.1,1,,failed
effectiveness_v3_20260918T131308Z_e7f97314,A/core50_nc/tight/R11/1/default,R11,core50_nc,1,setup,,180098.738988096,180100.268467294,1.5294791979831643,1395712,1395712,2097152,2097152,167772160,0,1574506496,0,1354271744,0,0,0,0.1,0,no_interval_samples,
effectiveness_v3_20260918T131308Z_e7f97314,A/core50_nc/tight/R11/1/default,R11,core50_nc,1,resource_transition,0,180100.297580765,180100.298047765,0.0004670000053010881,1395712,1395712,2097152,2097152,167772160,0,1574506496,0,1354271744,0,0,0,0.1,0,no_interval_samples,
effectiveness_v3_20260918T131308Z_e7f97314,A/core50_nc/tight/R11/1/default,R11,core50_nc,1,training,0,180100.32271545,180130.443393526,30.120678075996693,70712320,95452672,117440512,117440512,167772160,0,2069241856,0,1849007104,0,2064973824,0,0.1,186,,
effectiveness_v3_20260918T131308Z_e7f97314,A/core50_nc/tight/R11/1/default,R11,core50_nc,1,evaluation,0,180130.543353385,180133.887588905,3.3442355199949816,70712320,114230272,159383552,159383552,167772160,0,2119204864,0,1898970112,0,2120650752,0,0.1,23,,
effectiveness_v3_20260918T131308Z_e7f97314,A/core50_nc/tight/R11/1/default,R11,core50_nc,1,controller,0,180133.918110108,180133.918235145,0.00012503701145760715,70712320,70712320,159383552,159383552,167772160,0,2119204864,0,1898970112,0,0,0,0.1,0,no_interval_samples,
effectiveness_v3_20260918T131308Z_e7f97314,A/core50_nc/tight/R11/1/default,R11,core50_nc,1,reconfiguration,0,180133.9443107,180133.944654626,0.0003439259890001267,70712320,70712320,159383552,159383552,167772160,0,2119204864,0,1898970112,0,0,0,0.1,0,no_interval_samples,
effectiveness_v3_20260918T131308Z_e7f97314,A/core50_nc/tight/R11/1/default,R11,core50_nc,1,resource_transition,1,180133.970582505,180133.971191607,0.0006091020186431706,70712320,70712320,159383552,159383552,167772160,0,2119204864,0,1898970112,0,0,0,0.1,0,no_interval_samples,
effectiveness_v3_20260918T131308Z_e7f97314,A/core50_nc/tight/R11/1/default,R11,core50_nc,1,training,1,180133.997844495,180153.631329183,19.63348468800541,70712320,121897984,159383552,159383552,167772160,0,2118737920,0,1898503168,0,2117599232,0,0.1,122,,
effectiveness_v3_20260918T131308Z_e7f97314,A/core50_nc/tight/R11/1/default,R11,core50_nc,1,evaluation,1,180153.700609166,180159.271252942,5.570643776009092,70712320,114230272,159383552,159383552,167772160,0,2120916992,0,1900682240,0,2124316672,0,0.1,32,,
effectiveness_v3_20260918T131308Z_e7f97314,A/core50_nc/tight/R11/1/default,R11,core50_nc,1,controller,1,180159.304387155,180159.304520821,0.00013366600614972413,70712320,70712320,159383552,159383552,167772160,0,2120916992,0,1900682240,0,0,0,0.1,0,no_interval_samples,
effectiveness_v3_20260918T131308Z_e7f97314,A/core50_nc/tight/R11/1/default,R11,core50_nc,1,reconfiguration,1,180159.330159089,180159.330680664,0.0005215749843046069,70712320,70712320,159383552,159383552,167772160,0,2120916992,0,1900682240,0,0,0,0.1,0,no_interval_samples,
effectiveness_v3_20260918T131308Z_e7f97314,A/core50_nc/tight/R11/1/default,R11,core50_nc,1,resource_transition,2,180159.355457959,180159.355968432,0.0005104730080347508,70712320,70712320,159383552,159383552,167772160,0,2120916992,0,1900682240,0,0,0,0.1,0,no_interval_samples,
effectiveness_v3_20260918T131308Z_e7f97314,A/core50_nc/tight/R11/1/default,R11,core50_nc,1,training,2,180159.382217005,180178.0459427,18.663725694990717,70712320,121897984,159383552,159383552,167772160,0,2127425536,0,1907190784,0,2127650816,0,0.1,114,,
effectiveness_v3_20260918T131308Z_e7f97314,A/core50_nc/tight/R11/1/default,R11,core50_nc,1,evaluation,2,180178.098835023,180185.764512449,7.6656774260045495,70712320,114230272,159383552,159383552,167772160,0,2127360000,0,1907125248,0,2133102592,0,0.1,45,,
effectiveness_v3_20260918T131308Z_e7f97314,A/core50_nc/tight/R11/1/default,R11,core50_nc,1,controller,2,180185.800645654,180185.800782598,0.0001369439996778965,70712320,70712320,159383552,159383552,167772160,0,2127364096,0,1907129344,0,0,0,0.1,0,no_interval_samples,
effectiveness_v3_20260918T131308Z_e7f97314,A/core50_nc/tight/R11/1/default,R11,core50_nc,1,reconfiguration,2,180185.828292321,180185.830064858,0.001772536983480677,70712320,70712320,159383552,159383552,167772160,0,2127364096,0,1907129344,0,0,0,0.1,0,no_interval_samples,
effectiveness_v3_20260918T131308Z_e7f97314,A/core50_nc/tight/R11/1/default,R11,core50_nc,1,resource_transition,3,180185.854795618,180185.855326803,0.000531184981809929,70712320,70712320,159383552,159383552,167772160,0,2127364096,0,1907129344,0,0,0,0.1,0,no_interval_samples,
effectiveness_v3_20260918T131308Z_e7f97314,A/core50_nc/tight/R11/1/default,R11,core50_nc,1,training,3,180185.885687044,180205.307136453,19.42144940898288,70712320,121897984,159383552,159383552,167772160,0,2128609280,0,1908374528,0,2129334272,0,0.1,118,,
effectiveness_v3_20260918T131308Z_e7f97314,A/core50_nc/tight/R11/1/default,R11,core50_nc,1,evaluation,3,180205.368688053,180214.924823842,9.556135789025575,70712320,114230272,159383552,159383552,167772160,0,2128441344,0,1908206592,0,2133131264,0,0.1,55,,
effectiveness_v3_20260918T131308Z_e7f97314,A/core50_nc/tight/R11/1/default,R11,core50_nc,1,controller,3,180214.960561341,180214.960714063,0.00015272200107574463,70712320,70712320,159383552,159383552,167772160,0,2128445440,0,1908210688,0,0,0,0.1,0,no_interval_samples,
effectiveness_v3_20260918T131308Z_e7f97314,A/core50_nc/tight/R11/1/default,R11,core50_nc,1,reconfiguration,3,180214.993243035,180214.995277488,0.0020344530057627708,70712320,70712320,159383552,159383552,167772160,0,2128445440,0,1908210688,0,0,0,0.1,0,no_interval_samples,
effectiveness_v3_20260918T131308Z_e7f97314,A/core50_nc/tight/R11/1/default,R11,core50_nc,1,resource_transition,4,180215.024748182,180215.025311145,0.0005629629886243492,70712320,70712320,159383552,159383552,167772160,0,2128445440,0,1908210688,0,0,0,0.1,0,no_interval_samples,
effectiveness_v3_20260918T131308Z_e7f97314,A/core50_nc/tight/R11/1/default,R11,core50_nc,1,training,4,180215.053415413,180234.647404027,19.593988614011323,70712320,121897984,159383552,159383552,167772160,0,2129379328,0,1909144576,0,2129428480,0,0.1,119,,
effectiveness_v3_20260918T131308Z_e7f97314,A/core50_nc/tight/R11/1/default,R11,core50_nc,1,evaluation,4,180234.712736961,180245.929668887,11.216931925999233,70712320,114230272,159383552,159383552,167772160,0,2131136512,0,1910901760,0,2134933504,0,0.1,66,,
effectiveness_v3_20260918T131308Z_e7f97314,A/core50_nc/tight/R11/1/default,R11,core50_nc,1,controller,4,180245.958808092,180245.958914962,0.00010686999303288758,70712320,70712320,159383552,159383552,167772160,0,2131136512,0,1910901760,0,0,0,0.1,0,no_interval_samples,
effectiveness_v3_20260918T131308Z_e7f97314,A/core50_nc/tight/R11/1/default,R11,core50_nc,1,reconfiguration,4,180245.984169999,180245.986154379,0.0019843800109811127,70712320,70712320,159383552,159383552,167772160,0,2131136512,0,1910901760,0,0,0,0.1,0,no_interval_samples,
effectiveness_v3_20260918T131308Z_e7f97314,A/core50_nc/tight/R11/1/default,R11,core50_nc,1,resource_transition,5,180246.010622017,180246.011164851,0.0005428339936770499,70712320,70712320,159383552,159383552,167772160,0,2131136512,0,1910901760,0,0,0,0.1,0,no_interval_samples,
effectiveness_v3_20260918T131308Z_e7f97314,A/core50_nc/tight/R11/1/default,R11,core50_nc,1,training,5,180246.039258008,180264.291338948,18.25208094000118,70712320,126952960,159383552,159383552,167772160,0,2130841600,0,1910606848,0,2130931712,0,0.1,113,,
effectiveness_v3_20260918T131308Z_e7f97314,A/core50_nc/tight/R11/1/default,R11,core50_nc,1,evaluation,5,180264.371911901,180277.291994338,12.920082437020028,70712320,114230272,159383552,159383552,167772160,0,2132631552,0,1912396800,0,2136420352,0,0.1,77,,
effectiveness_v3_20260918T131308Z_e7f97314,A/core50_nc/tight/R11/1/default,R11,core50_nc,1,controller,5,180277.327856309,180277.327986207,0.00012989799142815173,70712320,70712320,159383552,159383552,167772160,0,2132631552,0,1912396800,0,0,0,0.1,0,no_interval_samples,
effectiveness_v3_20260918T131308Z_e7f97314,A/core50_nc/tight/R11/1/default,R11,core50_nc,1,reconfiguration,5,180277.355657929,180277.359947383,0.004289453994715586,70712320,70712320,159383552,159383552,167772160,0,2132631552,0,1912396800,0,0,0,0.1,0,no_interval_samples,
effectiveness_v3_20260918T131308Z_e7f97314,A/core50_nc/tight/R11/1/default,R11,core50_nc,1,resource_transition,6,180277.401332588,180277.401939088,0.0006065000197850168,70712320,70712320,159383552,159383552,167772160,0,2132631552,0,1912396800,0,0,0,0.1,0,no_interval_samples,
effectiveness_v3_20260918T131308Z_e7f97314,A/core50_nc/tight/R11/1/default,R11,core50_nc,1,training,6,180277.432696375,180295.860736516,18.42804014100693,70712320,126952960,159383552,159383552,167772160,0,2132103168,0,1911868416,0,2132631552,0,0.1,113,,
effectiveness_v3_20260918T131308Z_e7f97314,A/core50_nc/tight/R11/1/default,R11,core50_nc,1,evaluation,6,180295.922635709,180310.762306994,14.83967128500808,70712320,114230272,159383552,159383552,167772160,0,2135797760,0,1915563008,0,2137178112,0,0.1,86,,
effectiveness_v3_20260918T131308Z_e7f97314,A/core50_nc/tight/R11/1/default,R11,core50_nc,1,controller,6,180310.797002865,180310.797125773,0.00012290800805203617,70712320,70712320,159383552,159383552,167772160,0,2135801856,0,1915567104,0,0,0,0.1,0,no_interval_samples,
effectiveness_v3_20260918T131308Z_e7f97314,A/core50_nc/tight/R11/1/default,R11,core50_nc,1,reconfiguration,6,180310.847931042,180310.850715968,0.0027849260077346116,70712320,70712320,159383552,159383552,167772160,0,2135801856,0,1915567104,0,0,0,0.1,0,no_interval_samples,
effectiveness_v3_20260918T131308Z_e7f97314,A/core50_nc/tight/R11/1/default,R11,core50_nc,1,resource_transition,7,180310.878998636,180310.87954308,0.0005444439884740859,70712320,70712320,159383552,159383552,167772160,0,2135801856,0,1915567104,0,0,0,0.1,0,no_interval_samples,
effectiveness_v3_20260918T131308Z_e7f97314,A/core50_nc/tight/R11/1/default,R11,core50_nc,1,training,7,180310.909988498,180327.29832073,16.388332232018,70712320,126952960,159383552,159383552,167772160,0,2132258816,0,1912024064,0,2135801856,0,0.1,99,,
effectiveness_v3_20260918T131308Z_e7f97314,A/core50_nc/tight/R11/1/default,R11,core50_nc,1,evaluation,7,180327.380307203,180344.248994895,16.868687691981904,70712320,114230272,159383552,159383552,167772160,0,2136559616,0,1916324864,0,2138521600,0,0.1,99,,
effectiveness_v3_20260918T131308Z_e7f97314,A/core50_nc/tight/R11/1/default,R11,core50_nc,1,controller,7,180344.280304294,180344.280425081,0.00012078700819984078,70712320,70712320,159383552,159383552,167772160,0,2136563712,0,1916328960,0,0,0,0.1,0,no_interval_samples,
effectiveness_v3_20260918T131308Z_e7f97314,A/core50_nc/tight/R11/1/default,R11,core50_nc,1,reconfiguration,7,180344.307296786,180344.309652239,0.002355453005293384,70712320,70712320,159383552,159383552,167772160,0,2136563712,0,1916328960,0,0,0,0.1,0,no_interval_samples,
effectiveness_v3_20260918T131308Z_e7f97314,A/core50_nc/tight/R11/1/default,R11,core50_nc,1,resource_transition,8,180344.335788916,180344.336309759,0.0005208429938647896,70712320,70712320,159383552,159383552,167772160,0,2136563712,0,1916328960,0,0,0,0.1,0,no_interval_samples,
effectiveness_v3_20260918T131308Z_e7f97314,A/core50_nc/tight/R11/1/default,R11,core50_nc,1,training,8,180344.366979787,180362.565042228,18.198062440991635,70712320,126952960,159383552,159383552,167772160,0,2133458944,0,1913224192,0,2136809472,0,0.1,110,,
effectiveness_v3_20260918T131308Z_e7f97314,A/core50_nc/tight/R11/1/default,R11,core50_nc,1,evaluation,8,180362.617047653,180380.880261226,18.263213572994573,70712320,114230272,159383552,159383552,167772160,0,2136961024,0,1916726272,0,2137186304,0,0.1,105,,
effectiveness_v3_20260918T131308Z_e7f97314,A/core50_nc/tight/R11/1/default,R11,core50_nc,1,controller,8,180380.912050245,180380.912138653,8.840797818265855e-05,70712320,70712320,159383552,159383552,167772160,0,2136961024,0,1916726272,0,0,0,0.1,0,no_interval_samples,
effectiveness_v3_20260918T131757Z_e471a404,A/core50_nc/tight/F11/1/default,F11,core50_nc,1,setup,,180388.155207027,180389.686315856,1.5311088289890904,1395712,1395712,2097152,2097152,167772160,0,1576411136,0,1356184576,0,0,0,0.1,0,no_interval_samples,
effectiveness_v3_20260918T131757Z_e471a404,A/core50_nc/tight/F11/1/default,F11,core50_nc,1,resource_transition,0,180389.714562098,180389.715030153,0.00046805499005131423,1395712,1395712,2097152,2097152,167772160,0,1576419328,0,1356184576,0,0,0,0.1,0,no_interval_samples,
effectiveness_v3_20260918T131757Z_e471a404,A/core50_nc/tight/F11/1/default,F11,core50_nc,1,training,0,180389.740741422,180456.610817781,66.87007635901682,72920064,96689152,119537664,119537664,167772160,0,2186518528,0,1966291968,0,2164432896,0,0.1,414,,
effectiveness_v3_20260918T131757Z_e471a404,A/core50_nc/tight/F11/1/default,F11,core50_nc,1,evaluation,0,180456.676778523,180460.648147842,3.97136931901332,72920064,116438016,161480704,161480704,167772160,0,2227564544,0,2007329792,0,2231947264,0,0.1,23,,
effectiveness_v3_20260918T131757Z_e471a404,A/core50_nc/tight/F11/1/default,F11,core50_nc,1,controller,0,180460.689563148,180460.689715343,0.00015219501801766455,72920064,72920064,161480704,161480704,167772160,0,2227564544,0,2007329792,0,0,0,0.1,0,no_interval_samples,
effectiveness_v3_20260918T131757Z_e471a404,A/core50_nc/tight/F11/1/default,F11,core50_nc,1,reconfiguration,0,180460.720595455,180460.721058723,0.0004632679920177907,72920064,72920064,161480704,161480704,167772160,0,2227564544,0,2007329792,0,0,0,0.1,0,no_interval_samples,
effectiveness_v3_20260918T131757Z_e471a404,A/core50_nc/tight/F11/1/default,F11,core50_nc,1,resource_transition,1,180460.748157066,180460.74873739,0.0005803240055684,72920064,72920064,161480704,161480704,167772160,0,2227564544,0,2007329792,0,0,0,0.1,0,no_interval_samples,
effectiveness_v3_20260918T131757Z_e471a404,A/core50_nc/tight/F11/1/default,F11,core50_nc,1,training,1,180460.808584166,180460.93147397,0.1228898040135391,145751552,151059968,167772160,167772160,167772160,0,2249052160,0,2028411904,0,2245177344,0,0.1,1,,failed
effectiveness_v3_20260918T131917Z_45192821,A/core50_nc/tight/S0/1/default,S0,core50_nc,1,setup,,180468.123312723,180469.655176669,1.5318639460019767,1395712,1395712,2097152,2097152,167772160,0,1576468480,0,1356233728,0,0,0,0.1,0,no_interval_samples,
effectiveness_v3_20260918T131917Z_45192821,A/core50_nc/tight/S0/1/default,S0,core50_nc,1,resource_transition,0,180469.679943141,180469.680397178,0.00045403698459267616,1395712,1395712,2097152,2097152,167772160,0,1576468480,0,1356233728,0,0,0,0.1,0,no_interval_samples,
effectiveness_v3_20260918T131917Z_45192821,A/core50_nc/tight/S0/1/default,S0,core50_nc,1,training,0,180469.703559955,180501.783780079,32.08022012398578,70712320,95452672,117440512,117440512,167772160,0,2071097344,0,1850862592,0,2066817024,0,0.1,197,,
effectiveness_v3_20260918T131917Z_45192821,A/core50_nc/tight/S0/1/default,S0,core50_nc,1,evaluation,0,180501.880944084,180505.550767226,3.6698231420014054,70712320,114230272,159383552,159383552,167772160,0,2116804608,0,1896569856,0,2121052160,0,0.1,22,,
effectiveness_v3_20260918T131917Z_45192821,A/core50_nc/tight/S0/1/default,S0,core50_nc,1,resource_transition,1,180505.583548857,180505.584133848,0.0005849910085089505,70712320,70712320,159383552,159383552,167772160,0,2116804608,0,1896569856,0,0,0,0.1,0,no_interval_samples,
effectiveness_v3_20260918T131917Z_45192821,A/core50_nc/tight/S0/1/default,S0,core50_nc,1,training,1,180505.613417034,180525.568185025,19.954767991002882,70712320,121897984,159383552,159383552,167772160,0,2120593408,0,1900358656,0,2119454720,0,0.1,121,,
effectiveness_v3_20260918T131917Z_45192821,A/core50_nc/tight/S0/1/default,S0,core50_nc,1,evaluation,1,180525.627748406,180531.325829348,5.6980809420056175,70712320,114230272,159383552,159383552,167772160,0,2122776576,0,1902541824,0,2126168064,0,0.1,33,,
effectiveness_v3_20260918T131917Z_45192821,A/core50_nc/tight/S0/1/default,S0,core50_nc,1,resource_transition,2,180531.356484913,180531.356969348,0.0004844350041821599,70712320,70712320,159383552,159383552,167772160,0,2122776576,0,1902541824,0,0,0,0.1,0,no_interval_samples,
effectiveness_v3_20260918T131917Z_45192821,A/core50_nc/tight/S0/1/default,S0,core50_nc,1,training,2,180531.386242469,180548.381850092,16.99560762301553,70712320,121897984,159383552,159383552,167772160,0,2128842752,0,1908608000,0,2129399808,0,0.1,103,,
effectiveness_v3_20260918T131917Z_45192821,A/core50_nc/tight/S0/1/default,S0,core50_nc,1,evaluation,2,180548.449543159,180556.004343894,7.554800735000754,70712320,114230272,159383552,159383552,167772160,0,2132959232,0,1912723456,0,2134540288,0,0.1,44,,
effectiveness_v3_20260918T131917Z_45192821,A/core50_nc/tight/S0/1/default,S0,core50_nc,1,resource_transition,3,180556.036724228,180556.037170423,0.0004461949865799397,70712320,70712320,159383552,159383552,167772160,0,2132963328,0,1912727552,0,0,0,0.1,0,no_interval_samples,
effectiveness_v3_20260918T131917Z_45192821,A/core50_nc/tight/S0/1/default,S0,core50_nc,1,training,3,180556.070237433,180575.736495746,19.666258312994614,70712320,121897984,159383552,159383552,167772160,0,2129125376,0,1908889600,0,2132971520,0,0.1,118,,
effectiveness_v3_20260918T131917Z_45192821,A/core50_nc/tight/S0/1/default,S0,core50_nc,1,evaluation,3,180575.796823347,180585.132610301,9.335786954005016,70712320,114230272,159383552,159383552,167772160,0,2136424448,0,1916188672,0,2136424448,0,0.1,54,,
effectiveness_v3_20260918T131917Z_45192821,A/core50_nc/tight/S0/1/default,S0,core50_nc,1,resource_transition,4,180585.166586746,180585.167065969,0.00047922300291247666,70712320,70712320,159383552,159383552,167772160,0,2136424448,0,1916188672,0,0,0,0.1,0,no_interval_samples,
effectiveness_v3_20260918T131917Z_45192821,A/core50_nc/tight/S0/1/default,S0,core50_nc,1,training,4,180585.221725914,180605.016692337,19.79496642301092,70712320,121897984,159383552,159383552,167772160,0,2130165760,0,1909931008,0,2136424448,0,0.1,118,,
effectiveness_v3_20260918T131917Z_45192821,A/core50_nc/tight/S0/1/default,S0,core50_nc,1,evaluation,4,180605.080678015,180616.414459018,11.333781003020704,70712320,114230272,159383552,159383552,167772160,0,2134282240,0,1914047488,0,2134745088,0,0.1,66,,
effectiveness_v3_20260918T131917Z_45192821,A/core50_nc/tight/S0/1/default,S0,core50_nc,1,resource_transition,5,180616.446152343,180616.446625695,0.0004733520036097616,70712320,70712320,159383552,159383552,167772160,0,2134286336,0,1914051584,0,0,0,0.1,0,no_interval_samples,
effectiveness_v3_20260918T131917Z_45192821,A/core50_nc/tight/S0/1/default,S0,core50_nc,1,training,5,180616.477185029,180634.759436839,18.28225180998561,70712320,121897984,159383552,159383552,167772160,0,2130767872,0,1910533120,0,2134286336,0,0.1,111,,
effectiveness_v3_20260918T131917Z_45192821,A/core50_nc/tight/S0/1/default,S0,core50_nc,1,evaluation,5,180634.848309791,180647.678082832,12.829773040983127,70712320,114230272,159383552,159383552,167772160,0,2132504576,0,1912269824,0,2138390528,0,0.1,75,,
effectiveness_v3_20260918T131917Z_45192821,A/core50_nc/tight/S0/1/default,S0,core50_nc,1,resource_transition,6,180647.71035072,180647.710830202,0.00047948199789971113,70712320,70712320,159383552,159383552,167772160,0,2132508672,0,1912273920,0,0,0,0.1,0,no_interval_samples,
effectiveness_v3_20260918T131917Z_45192821,A/core50_nc/tight/S0/1/default,S0,core50_nc,1,training,6,180647.741137766,180663.267794119,15.526656353002181,70712320,121897984,159383552,159383552,167772160,0,2131361792,0,1911127040,0,2132508672,0,0.1,94,,
effectiveness_v3_20260918T131917Z_45192821,A/core50_nc/tight/S0/1/default,S0,core50_nc,1,evaluation,6,180663.321880472,180678.244570044,14.922689571976662,70712320,114230272,159383552,159383552,167772160,0,2132586496,0,1912351744,0,2138533888,0,0.1,86,,
effectiveness_v3_20260918T131917Z_45192821,A/core50_nc/tight/S0/1/default,S0,core50_nc,1,resource_transition,7,180678.280207914,180678.280694349,0.0004864349903073162,70712320,70712320,159383552,159383552,167772160,0,2132586496,0,1912351744,0,0,0,0.1,0,no_interval_samples,
effectiveness_v3_20260918T131917Z_45192821,A/core50_nc/tight/S0/1/default,S0,core50_nc,1,training,7,180678.332018505,180692.199829676,13.86781117101782,70712320,121897984,159383552,159383552,167772160,0,2131623936,0,1911389184,0,2133282816,0,0.1,83,,
effectiveness_v3_20260918T131917Z_45192821,A/core50_nc/tight/S0/1/default,S0,core50_nc,1,evaluation,7,180692.257961,180708.914044995,16.656083995010704,70712320,114230272,159383552,159383552,167772160,0,2131496960,0,1911262208,0,2137108480,0,0.1,96,,
effectiveness_v3_20260918T131917Z_45192821,A/core50_nc/tight/S0/1/default,S0,core50_nc,1,resource_transition,8,180708.945678189,180708.946134587,0.00045639800373464823,70712320,70712320,159383552,159383552,167772160,0,2131496960,0,1911262208,0,0,0,0.1,0,no_interval_samples,
effectiveness_v3_20260918T131917Z_45192821,A/core50_nc/tight/S0/1/default,S0,core50_nc,1,training,8,180708.977351855,180728.132564032,19.155212177021895,70712320,121897984,159383552,159383552,167772160,0,2132254720,0,1912019968,0,2132672512,0,0.1,116,,
effectiveness_v3_20260918T131917Z_45192821,A/core50_nc/tight/S0/1/default,S0,core50_nc,1,evaluation,8,180728.198115772,180746.554580608,18.35646483601886,70712320,114230272,159383552,159383552,167772160,0,2135998464,0,1915763712,0,2137968640,0,0.1,105,,
effectiveness_v3_20260918T132403Z_30b2b6d9,A/core50_nc/tight/O00/2/default,O00,core50_nc,2,setup,,180753.81082507,180755.340691425,1.5298663550056517,1395712,1395712,2097152,2097152,167772160,0,1574400000,0,1354180608,0,0,0,0.1,0,no_interval_samples,
effectiveness_v3_20260918T132403Z_30b2b6d9,A/core50_nc/tight/O00/2/default,O00,core50_nc,2,resource_transition,0,180755.369485341,180755.369931748,0.00044640697888098657,1395712,1395712,2097152,2097152,167772160,0,1574400000,0,1354180608,0,0,0,0.1,0,no_interval_samples,
effectiveness_v3_20260918T132403Z_30b2b6d9,A/core50_nc/tight/O00/2/default,O00,core50_nc,2,training,0,180755.394825053,180788.317768814,32.92294376101927,70712320,95452672,117440512,117440512,167772160,0,2068008960,0,1847789568,0,2063777792,0,0.1,201,,
effectiveness_v3_20260918T132403Z_30b2b6d9,A/core50_nc/tight/O00/2/default,O00,core50_nc,2,evaluation,0,180788.414342897,180792.143908337,3.7295654399786144,70712320,114230272,159383552,159383552,167772160,0,2117959680,0,1897740288,0,2119401472,0,0.1,22,,
effectiveness_v3_20260918T132403Z_30b2b6d9,A/core50_nc/tight/O00/2/default,O00,core50_nc,2,controller,0,180792.178238347,180792.178372467,0.00013411999680101871,70712320,70712320,159383552,159383552,167772160,0,2117959680,0,1897740288,0,0,0,0.1,0,no_interval_samples,
effectiveness_v3_20260918T132403Z_30b2b6d9,A/core50_nc/tight/O00/2/default,O00,core50_nc,2,reconfiguration,0,180792.211291311,180792.211596727,0.0003054160042665899,70712320,70712320,159383552,159383552,167772160,0,2117959680,0,1897740288,0,0,0,0.1,0,no_interval_samples,
effectiveness_v3_20260918T132403Z_30b2b6d9,A/core50_nc/tight/O00/2/default,O00,core50_nc,2,resource_transition,1,180792.236350385,180792.236862339,0.0005119539855513722,70712320,70712320,159383552,159383552,167772160,0,2117959680,0,1897740288,0,0,0,0.1,0,no_interval_samples,
effectiveness_v3_20260918T132403Z_30b2b6d9,A/core50_nc/tight/O00/2/default,O00,core50_nc,2,training,1,180792.26394359,180829.538162367,37.274218777019996,72920064,121897984,161480704,161480704,167772160,0,2244579328,0,2024359936,0,2225446912,0,0.1,228,,
effectiveness_v3_20260918T132403Z_30b2b6d9,A/core50_nc/tight/O00/2/default,O00,core50_nc,2,evaluation,1,180829.608283745,180835.173570339,5.565286593977362,72920064,116438016,161480704,161480704,167772160,0,2254020608,0,2033801216,0,2257997824,0,0.1,32,,
effectiveness_v3_20260918T132403Z_30b2b6d9,A/core50_nc/tight/O00/2/default,O00,core50_nc,2,controller,1,180835.204723329,180835.204844237,0.00012090802192687988,72920064,72920064,161480704,161480704,167772160,0,2254020608,0,2033801216,0,0,0,0.1,0,no_interval_samples,
effectiveness_v3_20260918T132403Z_30b2b6d9,A/core50_nc/tight/O00/2/default,O00,core50_nc,2,reconfiguration,1,180835.232262746,180835.232918607,0.0006558610184583813,72920064,72920064,161480704,161480704,167772160,0,2254020608,0,2033801216,0,0,0,0.1,0,no_interval_samples,
effectiveness_v3_20260918T132403Z_30b2b6d9,A/core50_nc/tight/O00/2/default,O00,core50_nc,2,resource_transition,2,180835.259732069,180835.260265171,0.0005331019929144531,72920064,72920064,161480704,161480704,167772160,0,2254020608,0,2033801216,0,0,0,0.1,0,no_interval_samples,
effectiveness_v3_20260918T132403Z_30b2b6d9,A/core50_nc/tight/O00/2/default,O00,core50_nc,2,training,2,180835.289051439,180835.428478032,0.13942659299937077,144932352,149420544,167772160,167772160,167772160,0,2273312768,0,2052688896,0,2254020608,0,0.1,1,,failed
effectiveness_v3_20260918T132532Z_ffb79b97,A/core50_nc/tight/O10/2/default,O10,core50_nc,2,setup,,180842.61652207,180844.146748285,1.5302262150216848,1395712,1395712,2097152,2097152,167772160,0,1573515264,0,1353280512,0,1434824704,0,0.1,1,,
effectiveness_v3_20260918T132532Z_ffb79b97,A/core50_nc/tight/O10/2/default,O10,core50_nc,2,resource_transition,0,180844.177354099,180844.177782683,0.00042858399683609605,1395712,1395712,2097152,2097152,167772160,0,1573515264,0,1353280512,0,0,0,0.1,0,no_interval_samples,
effectiveness_v3_20260918T132532Z_ffb79b97,A/core50_nc/tight/O10/2/default,O10,core50_nc,2,training,0,180844.203172738,180876.068502765,31.865330027008895,70712320,95452672,117440512,117440512,167772160,0,2068295680,0,1848060928,0,2064019456,0,0.1,195,,
effectiveness_v3_20260918T132532Z_ffb79b97,A/core50_nc/tight/O10/2/default,O10,core50_nc,2,evaluation,0,180876.131530961,180879.89528994,3.763758979010163,70712320,114230272,159383552,159383552,167772160,0,2118270976,0,1898036224,0,2119708672,0,0.1,22,,
effectiveness_v3_20260918T132532Z_ffb79b97,A/core50_nc/tight/O10/2/default,O10,core50_nc,2,controller,0,180879.925489875,180879.925613625,0.00012375001097097993,70712320,70712320,159383552,159383552,167772160,0,2118270976,0,1898036224,0,0,0,0.1,0,no_interval_samples,
effectiveness_v3_20260918T132532Z_ffb79b97,A/core50_nc/tight/O10/2/default,O10,core50_nc,2,reconfiguration,0,180879.952273809,180879.952570458,0.0002966489992104471,70712320,70712320,159383552,159383552,167772160,0,2118270976,0,1898036224,0,0,0,0.1,0,no_interval_samples,
effectiveness_v3_20260918T132532Z_ffb79b97,A/core50_nc/tight/O10/2/default,O10,core50_nc,2,resource_transition,1,180879.977892901,180879.978424642,0.0005317410104908049,70712320,70712320,159383552,159383552,167772160,0,2118270976,0,1898036224,0,0,0,0.1,0,no_interval_samples,
effectiveness_v3_20260918T132532Z_ffb79b97,A/core50_nc/tight/O10/2/default,O10,core50_nc,2,training,1,180880.028599532,180915.497858829,35.46925929700956,72920064,121897984,161480704,161480704,167772160,0,2244878336,0,2024643584,0,2225737728,0,0.1,216,,
effectiveness_v3_20260918T132532Z_ffb79b97,A/core50_nc/tight/O10/2/default,O10,core50_nc,2,evaluation,1,180915.594530188,180921.28949232,5.694962131994544,72920064,116438016,161480704,161480704,167772160,0,2254258176,0,2034023424,0,2258235392,0,0.1,33,,
effectiveness_v3_20260918T132532Z_ffb79b97,A/core50_nc/tight/O10/2/default,O10,core50_nc,2,controller,1,180921.318851302,180921.318982672,0.0001313700049649924,72920064,72920064,161480704,161480704,167772160,0,2254258176,0,2034023424,0,0,0,0.1,0,no_interval_samples,
effectiveness_v3_20260918T132532Z_ffb79b97,A/core50_nc/tight/O10/2/default,O10,core50_nc,2,reconfiguration,1,180921.345497756,180921.346155581,0.0006578250031452626,72920064,72920064,161480704,161480704,167772160,0,2254258176,0,2034023424,0,0,0,0.1,0,no_interval_samples,
effectiveness_v3_20260918T132532Z_ffb79b97,A/core50_nc/tight/O10/2/default,O10,core50_nc,2,resource_transition,2,180921.371808544,180921.372375637,0.0005670929967891425,72920064,72920064,161480704,161480704,167772160,0,2254258176,0,2034023424,0,0,0,0.1,0,no_interval_samples,
effectiveness_v3_20260918T132532Z_ffb79b97,A/core50_nc/tight/O10/2/default,O10,core50_nc,2,training,2,180921.399964961,180921.550729017,0.1507640560157597,144932352,149420544,167772160,167772160,167772160,0,2273550336,0,2052910080,0,2254258176,0,0.1,1,,failed
effectiveness_v3_20260918T132658Z_2cba89e4,A/core50_nc/tight/O01/2/default,O01,core50_nc,2,setup,,180928.786010211,180930.314745272,1.5287350609723944,1395712,1395712,2097152,2097152,167772160,0,1575358464,0,1355123712,0,0,0,0.1,0,no_interval_samples,
effectiveness_v3_20260918T132658Z_2cba89e4,A/core50_nc/tight/O01/2/default,O01,core50_nc,2,resource_transition,0,180930.342852845,180930.343323271,0.00047042599180713296,1395712,1395712,2097152,2097152,167772160,0,1575358464,0,1355123712,0,0,0,0.1,0,no_interval_samples,
effectiveness_v3_20260918T132658Z_2cba89e4,A/core50_nc/tight/O01/2/default,O01,core50_nc,2,training,0,180930.368662642,180962.669086145,32.30042350300937,70712320,95452672,117440512,117440512,167772160,0,2070065152,0,1849830400,0,2065788928,0,0.1,199,,
effectiveness_v3_20260918T132658Z_2cba89e4,A/core50_nc/tight/O01/2/default,O01,core50_nc,2,evaluation,0,180962.737966477,180966.535830998,3.7978645210096147,70712320,114230272,159383552,159383552,167772160,0,2120024064,0,1899789312,0,2121465856,0,0.1,21,,
effectiveness_v3_20260918T132658Z_2cba89e4,A/core50_nc/tight/O01/2/default,O01,core50_nc,2,controller,0,180966.595816543,180966.595962877,0.00014633400132879615,70712320,70712320,159383552,159383552,167772160,0,2120024064,0,1899789312,0,0,0,0.1,0,no_interval_samples,
effectiveness_v3_20260918T132658Z_2cba89e4,A/core50_nc/tight/O01/2/default,O01,core50_nc,2,reconfiguration,0,180966.625278895,180966.625596802,0.0003179070190526545,70712320,70712320,159383552,159383552,167772160,0,2120024064,0,1899789312,0,0,0,0.1,0,no_interval_samples,
effectiveness_v3_20260918T132658Z_2cba89e4,A/core50_nc/tight/O01/2/default,O01,core50_nc,2,resource_transition,1,180966.651211783,180966.651707709,0.0004959260113537312,70712320,70712320,159383552,159383552,167772160,0,2120024064,0,1899789312,0,0,0,0.1,0,no_interval_samples,
effectiveness_v3_20260918T132658Z_2cba89e4,A/core50_nc/tight/O01/2/default,O01,core50_nc,2,training,1,180966.678095625,181003.61895409,36.940858465008205,72920064,121897984,161480704,161480704,167772160,0,2246627328,0,2026392576,0,2228322304,0,0.1,227,,
effectiveness_v3_20260918T132658Z_2cba89e4,A/core50_nc/tight/O01/2/default,O01,core50_nc,2,evaluation,1,181003.691979209,181009.44355579,5.751576581009431,72920064,116438016,161480704,161480704,167772160,0,2256011264,0,2035776512,0,2259988480,0,0.1,33,,
effectiveness_v3_20260918T132658Z_2cba89e4,A/core50_nc/tight/O01/2/default,O01,core50_nc,2,controller,1,181009.479659308,181009.47980092,0.00014161199214868248,72920064,72920064,161480704,161480704,167772160,0,2256011264,0,2035776512,0,0,0,0.1,0,no_interval_samples,
effectiveness_v3_20260918T132658Z_2cba89e4,A/core50_nc/tight/O01/2/default,O01,core50_nc,2,reconfiguration,1,181009.506434596,181009.507125004,0.0006904079928062856,72920064,72920064,161480704,161480704,167772160,0,2256011264,0,2035776512,0,0,0,0.1,0,no_interval_samples,
effectiveness_v3_20260918T132658Z_2cba89e4,A/core50_nc/tight/O01/2/default,O01,core50_nc,2,resource_transition,2,181009.533710902,181009.534281439,0.0005705369985662401,72920064,72920064,161480704,161480704,167772160,0,2256011264,0,2035776512,0,0,0,0.1,0,no_interval_samples,
effectiveness_v3_20260918T132658Z_2cba89e4,A/core50_nc/tight/O01/2/default,O01,core50_nc,2,training,2,181009.562323366,181009.718388536,0.15606517001288012,144932352,149420544,167772160,167772160,167772160,0,2273619968,0,2052979712,0,2256011264,0,0.1,1,,failed
effectiveness_v3_20260918T132826Z_dafb140a,A/core50_nc/tight/O11/2/default,O11,core50_nc,2,setup,,181016.935262106,181018.458892254,1.5236301480035763,1395712,1395712,2097152,2097152,167772160,0,1574432768,0,1354210304,0,0,0,0.1,0,no_interval_samples,
effectiveness_v3_20260918T132826Z_dafb140a,A/core50_nc/tight/O11/2/default,O11,core50_nc,2,resource_transition,0,181018.484386902,181018.48483143,0.00044452797737903893,1395712,1395712,2097152,2097152,167772160,0,1574436864,0,1354210304,0,0,0,0.1,0,no_interval_samples,
effectiveness_v3_20260918T132826Z_dafb140a,A/core50_nc/tight/O11/2/default,O11,core50_nc,2,training,0,181018.50786456,181050.734651425,32.22678686500876,70712320,95452672,117440512,117440512,167772160,0,2069135360,0,1848908800,0,2064879616,0,0.1,198,,
effectiveness_v3_20260918T132826Z_dafb140a,A/core50_nc/tight/O11/2/default,O11,core50_nc,2,evaluation,0,181050.799255868,181054.680751425,3.8814955569978338,70712320,114230272,159383552,159383552,167772160,0,2114883584,0,1894657024,0,2120560640,0,0.1,23,,
effectiveness_v3_20260918T132826Z_dafb140a,A/core50_nc/tight/O11/2/default,O11,core50_nc,2,controller,0,181054.711879388,181054.712044304,0.00016491601127199829,70712320,70712320,159383552,159383552,167772160,0,2114883584,0,1894657024,0,0,0,0.1,0,no_interval_samples,
effectiveness_v3_20260918T132826Z_dafb140a,A/core50_nc/tight/O11/2/default,O11,core50_nc,2,reconfiguration,0,181054.740304359,181054.74063497,0.00033061098656617105,70712320,70712320,159383552,159383552,167772160,0,2114883584,0,1894657024,0,0,0,0.1,0,no_interval_samples,
effectiveness_v3_20260918T132826Z_dafb140a,A/core50_nc/tight/O11/2/default,O11,core50_nc,2,resource_transition,1,181054.768370822,181054.768908924,0.0005381019727792591,70712320,70712320,159383552,159383552,167772160,0,2114883584,0,1894657024,0,0,0,0.1,0,no_interval_samples,
effectiveness_v3_20260918T132826Z_dafb140a,A/core50_nc/tight/O11/2/default,O11,core50_nc,2,training,1,181054.798987432,181092.390034867,37.591047435009386,72920064,121897984,161480704,161480704,167772160,0,2245726208,0,2025499648,0,2226597888,0,0.1,230,,
effectiveness_v3_20260918T132826Z_dafb140a,A/core50_nc/tight/O11/2/default,O11,core50_nc,2,evaluation,1,181092.482199727,181097.972762924,5.490563197003212,72920064,116438016,161480704,161480704,167772160,0,2255101952,0,2034875392,0,2258554880,0,0.1,32,,
effectiveness_v3_20260918T132826Z_dafb140a,A/core50_nc/tight/O11/2/default,O11,core50_nc,2,controller,1,181098.004730739,181098.004852915,0.00012217601761221886,72920064,72920064,161480704,161480704,167772160,0,2255101952,0,2034875392,0,0,0,0.1,0,no_interval_samples,
effectiveness_v3_20260918T132826Z_dafb140a,A/core50_nc/tight/O11/2/default,O11,core50_nc,2,reconfiguration,1,181098.034669118,181098.035281155,0.0006120369944255799,72920064,72920064,161480704,161480704,167772160,0,2255101952,0,2034875392,0,0,0,0.1,0,no_interval_samples,
effectiveness_v3_20260918T132826Z_dafb140a,A/core50_nc/tight/O11/2/default,O11,core50_nc,2,resource_transition,2,181098.059941599,181098.06049309,0.0005514909862540662,72920064,72920064,161480704,161480704,167772160,0,2255101952,0,2034875392,0,0,0,0.1,0,no_interval_samples,
effectiveness_v3_20260918T132826Z_dafb140a,A/core50_nc/tight/O11/2/default,O11,core50_nc,2,training,2,181098.088355682,181098.246176485,0.1578208029968664,144932352,149420544,167772160,167772160,167772160,0,2272710656,0,2052078592,0,2255106048,0,0.1,1,,failed
effectiveness_v3_20260918T132954Z_7351c595,A/core50_nc/tight/R11/2/default,R11,core50_nc,2,setup,,181105.452026727,181106.975816369,1.523789642000338,1395712,1395712,2097152,2097152,167772160,0,1574342656,0,1354107904,0,1401651200,0,0.1,1,,
effectiveness_v3_20260918T132954Z_7351c595,A/core50_nc/tight/R11/2/default,R11,core50_nc,2,resource_transition,0,181107.003255581,181107.003711192,0.0004556110070552677,1395712,1395712,2097152,2097152,167772160,0,1574342656,0,1354107904,0,0,0,0.1,0,no_interval_samples,
effectiveness_v3_20260918T132954Z_7351c595,A/core50_nc/tight/R11/2/default,R11,core50_nc,2,training,0,181107.029371599,181140.436544025,33.407172425999306,70712320,95452672,117440512,117440512,167772160,0,2069188608,0,1848953856,0,2064920576,0,0.1,206,,
effectiveness_v3_20260918T132954Z_7351c595,A/core50_nc/tight/R11/2/default,R11,core50_nc,2,evaluation,0,181140.503954904,181144.286050897,3.7820959929958917,70712320,114230272,159383552,159383552,167772160,0,2119131136,0,1898896384,0,2120572928,0,0.1,21,,
effectiveness_v3_20260918T132954Z_7351c595,A/core50_nc/tight/R11/2/default,R11,core50_nc,2,controller,0,181144.320980359,181144.321105007,0.000124647980555892,70712320,70712320,159383552,159383552,167772160,0,2119131136,0,1898896384,0,0,0,0.1,0,no_interval_samples,
effectiveness_v3_20260918T132954Z_7351c595,A/core50_nc/tight/R11/2/default,R11,core50_nc,2,reconfiguration,0,181144.346072988,181144.346375553,0.00030256499303504825,70712320,70712320,159383552,159383552,167772160,0,2119131136,0,1898896384,0,0,0,0.1,0,no_interval_samples,
effectiveness_v3_20260918T132954Z_7351c595,A/core50_nc/tight/R11/2/default,R11,core50_nc,2,resource_transition,1,181144.371860701,181144.372378358,0.000517656997544691,70712320,70712320,159383552,159383552,167772160,0,2119131136,0,1898896384,0,0,0,0.1,0,no_interval_samples,
effectiveness_v3_20260918T132954Z_7351c595,A/core50_nc/tight/R11/2/default,R11,core50_nc,2,training,1,181144.398592552,181164.015281963,19.616689410991967,70712320,121897984,159383552,159383552,167772160,0,2118557696,0,1898322944,0,2119192576,0,0.1,120,,
effectiveness_v3_20260918T132954Z_7351c595,A/core50_nc/tight/R11/2/default,R11,core50_nc,2,evaluation,1,181164.081744452,181169.9549683,5.8732238480006345,70712320,114230272,159383552,159383552,167772160,0,2120736768,0,1900502016,0,2124140544,0,0.1,34,,
effectiveness_v3_20260918T132954Z_7351c595,A/core50_nc/tight/R11/2/default,R11,core50_nc,2,controller,1,181169.985700597,181169.985830004,0.00012940700980834663,70712320,70712320,159383552,159383552,167772160,0,2120736768,0,1900502016,0,0,0,0.1,0,no_interval_samples,
effectiveness_v3_20260918T132954Z_7351c595,A/core50_nc/tight/R11/2/default,R11,core50_nc,2,reconfiguration,1,181170.034989042,181170.035458653,0.00046961099724285305,70712320,70712320,159383552,159383552,167772160,0,2120736768,0,1900502016,0,0,0,0.1,0,no_interval_samples,
effectiveness_v3_20260918T132954Z_7351c595,A/core50_nc/tight/R11/2/default,R11,core50_nc,2,resource_transition,2,181170.061067663,181170.061596033,0.0005283700011204928,70712320,70712320,159383552,159383552,167772160,0,2120736768,0,1900502016,0,0,0,0.1,0,no_interval_samples,
effectiveness_v3_20260918T132954Z_7351c595,A/core50_nc/tight/R11/2/default,R11,core50_nc,2,training,2,181170.08927409,181189.549496507,19.460222417023033,70712320,121897984,159383552,159383552,167772160,0,2127372288,0,1907137536,0,2127413248,0,0.1,118,,
effectiveness_v3_20260918T132954Z_7351c595,A/core50_nc/tight/R11/2/default,R11,core50_nc,2,evaluation,2,181189.612159478,181197.013684774,7.401525295979809,70712320,114230272,159383552,159383552,167772160,0,2132054016,0,1911819264,0,2133049344,0,0.1,43,,
effectiveness_v3_20260918T132954Z_7351c595,A/core50_nc/tight/R11/2/default,R11,core50_nc,2,controller,2,181197.045528227,181197.045646616,0.00011838899808935821,70712320,70712320,159383552,159383552,167772160,0,2132058112,0,1911823360,0,0,0,0.1,0,no_interval_samples,
effectiveness_v3_20260918T132954Z_7351c595,A/core50_nc/tight/R11/2/default,R11,core50_nc,2,reconfiguration,2,181197.070921337,181197.072664967,0.0017436300113331527,70712320,70712320,159383552,159383552,167772160,0,2132058112,0,1911823360,0,0,0,0.1,0,no_interval_samples,
effectiveness_v3_20260918T132954Z_7351c595,A/core50_nc/tight/R11/2/default,R11,core50_nc,2,resource_transition,3,181197.098099291,181197.098668763,0.0005694720020983368,70712320,70712320,159383552,159383552,167772160,0,2132058112,0,1911823360,0,0,0,0.1,0,no_interval_samples,
effectiveness_v3_20260918T132954Z_7351c595,A/core50_nc/tight/R11/2/default,R11,core50_nc,2,training,3,181197.126898023,181216.84382082,19.716922797000734,70712320,121897984,159383552,159383552,167772160,0,2128551936,0,1908317184,0,2132058112,0,0.1,122,,
effectiveness_v3_20260918T132954Z_7351c595,A/core50_nc/tight/R11/2/default,R11,core50_nc,2,evaluation,3,181216.904475309,181226.327438914,9.422963605000405,70712320,114230272,159383552,159383552,167772160,0,2130157568,0,1909922816,0,2133123072,0,0.1,54,,
effectiveness_v3_20260918T132954Z_7351c595,A/core50_nc/tight/R11/2/default,R11,core50_nc,2,controller,3,181226.357446821,181226.357560895,0.00011407400597818196,70712320,70712320,159383552,159383552,167772160,0,2130161664,0,1909926912,0,0,0,0.1,0,no_interval_samples,
effectiveness_v3_20260918T132954Z_7351c595,A/core50_nc/tight/R11/2/default,R11,core50_nc,2,reconfiguration,3,181226.384641126,181226.386238061,0.0015969350060913712,70712320,70712320,159383552,159383552,167772160,0,2130161664,0,1909926912,0,0,0,0.1,0,no_interval_samples,
effectiveness_v3_20260918T132954Z_7351c595,A/core50_nc/tight/R11/2/default,R11,core50_nc,2,resource_transition,4,181226.41244131,181226.412995616,0.0005543059960473329,70712320,70712320,159383552,159383552,167772160,0,2130161664,0,1909926912,0,0,0,0.1,0,no_interval_samples,
effectiveness_v3_20260918T132954Z_7351c595,A/core50_nc/tight/R11/2/default,R11,core50_nc,2,training,4,181226.442341356,181245.781511977,19.33917062098044,70712320,121897984,159383552,159383552,167772160,0,2129391616,0,1909156864,0,2130161664,0,0.1,117,,
effectiveness_v3_20260918T132954Z_7351c595,A/core50_nc/tight/R11/2/default,R11,core50_nc,2,evaluation,4,181245.869722627,181257.093802569,11.224079942010576,70712320,114230272,159383552,159383552,167772160,0,2133499904,0,1913265152,0,2135011328,0,0.1,65,,
effectiveness_v3_20260918T132954Z_7351c595,A/core50_nc/tight/R11/2/default,R11,core50_nc,2,controller,4,181257.124471411,181257.124598763,0.00012735201744362712,70712320,70712320,159383552,159383552,167772160,0,2133499904,0,1913265152,0,0,0,0.1,0,no_interval_samples,
effectiveness_v3_20260918T132954Z_7351c595,A/core50_nc/tight/R11/2/default,R11,core50_nc,2,reconfiguration,4,181257.151011577,181257.153063429,0.0020518520032055676,70712320,70712320,159383552,159383552,167772160,0,2133499904,0,1913265152,0,0,0,0.1,0,no_interval_samples,
effectiveness_v3_20260918T132954Z_7351c595,A/core50_nc/tight/R11/2/default,R11,core50_nc,2,resource_transition,5,181257.179089836,181257.179680132,0.000590295996516943,70712320,70712320,159383552,159383552,167772160,0,2133499904,0,1913265152,0,0,0,0.1,0,no_interval_samples,
effectiveness_v3_20260918T132954Z_7351c595,A/core50_nc/tight/R11/2/default,R11,core50_nc,2,training,5,181257.208258909,181276.290883478,19.082624569011386,70712320,126952960,159383552,159383552,167772160,0,2130735104,0,1910500352,0,2132414464,0,0.1,116,,
effectiveness_v3_20260918T132954Z_7351c595,A/core50_nc/tight/R11/2/default,R11,core50_nc,2,evaluation,5,181276.359152461,181289.526870778,13.16771831701044,70712320,114230272,159383552,159383552,167772160,0,2132525056,0,1912290304,0,2138198016,0,0.1,76,,
effectiveness_v3_20260918T132954Z_7351c595,A/core50_nc/tight/R11/2/default,R11,core50_nc,2,controller,5,181289.555785814,181289.555901925,0.00011611098307184875,70712320,70712320,159383552,159383552,167772160,0,2132525056,0,1912290304,0,0,0,0.1,0,no_interval_samples,
effectiveness_v3_20260918T132954Z_7351c595,A/core50_nc/tight/R11/2/default,R11,core50_nc,2,reconfiguration,5,181289.581274712,181289.58331024,0.002035528013948351,70712320,70712320,159383552,159383552,167772160,0,2132525056,0,1912290304,0,0,0,0.1,0,no_interval_samples,
effectiveness_v3_20260918T132954Z_7351c595,A/core50_nc/tight/R11/2/default,R11,core50_nc,2,resource_transition,6,181289.608759591,181289.609398952,0.0006393609801307321,70712320,70712320,159383552,159383552,167772160,0,2132525056,0,1912290304,0,0,0,0.1,0,no_interval_samples,
effectiveness_v3_20260918T132954Z_7351c595,A/core50_nc/tight/R11/2/default,R11,core50_nc,2,training,6,181289.643503303,181307.673748583,18.030245280009694,70712320,126952960,159383552,159383552,167772160,0,2130837504,0,1910602752,0,2131734528,0,0.1,111,,
effectiveness_v3_20260918T132954Z_7351c595,A/core50_nc/tight/R11/2/default,R11,core50_nc,2,evaluation,6,181307.74027552,181322.602125244,14.861849724024069,70712320,114230272,159383552,159383552,167772160,0,2135040000,0,1914805248,0,2136424448,0,0.1,86,,
effectiveness_v3_20260918T132954Z_7351c595,A/core50_nc/tight/R11/2/default,R11,core50_nc,2,controller,6,181322.638653958,181322.638778051,0.00012409299961291254,70712320,70712320,159383552,159383552,167772160,0,2135040000,0,1914805248,0,0,0,0.1,0,no_interval_samples,
effectiveness_v3_20260918T132954Z_7351c595,A/core50_nc/tight/R11/2/default,R11,core50_nc,2,reconfiguration,6,181322.667522246,181322.672951098,0.005428852018667385,70712320,70712320,159383552,159383552,167772160,0,2135040000,0,1914805248,0,0,0,0.1,0,no_interval_samples,
effectiveness_v3_20260918T132954Z_7351c595,A/core50_nc/tight/R11/2/default,R11,core50_nc,2,resource_transition,7,181322.719053497,181322.719645766,0.0005922689742874354,70712320,70712320,159383552,159383552,167772160,0,2135040000,0,1914805248,0,0,0,0.1,0,no_interval_samples,
effectiveness_v3_20260918T132954Z_7351c595,A/core50_nc/tight/R11/2/default,R11,core50_nc,2,training,7,181322.752795553,181341.896265785,19.143470231996616,70712320,126952960,159383552,159383552,167772160,0,2132103168,0,1911868416,0,2132566016,0,0.1,116,,
effectiveness_v3_20260918T132954Z_7351c595,A/core50_nc/tight/R11/2/default,R11,core50_nc,2,evaluation,7,181341.960520034,181358.453177875,16.492657841008622,70712320,114230272,159383552,159383552,167772160,0,2136690688,0,1916455936,0,2138329088,0,0.1,96,,
effectiveness_v3_20260918T132954Z_7351c595,A/core50_nc/tight/R11/2/default,R11,core50_nc,2,controller,7,181358.48555931,181358.485684736,0.0001254259841516614,70712320,70712320,159383552,159383552,167772160,0,2136698880,0,1916464128,0,0,0,0.1,0,no_interval_samples,
effectiveness_v3_20260918T132954Z_7351c595,A/core50_nc/tight/R11/2/default,R11,core50_nc,2,reconfiguration,7,181358.513171209,181358.515521625,0.0023504160053562373,70712320,70712320,159383552,159383552,167772160,0,2136698880,0,1916464128,0,0,0,0.1,0,no_interval_samples,
effectiveness_v3_20260918T132954Z_7351c595,A/core50_nc/tight/R11/2/default,R11,core50_nc,2,resource_transition,8,181358.542964163,181358.543511996,0.0005478329840116203,70712320,70712320,159383552,159383552,167772160,0,2136698880,0,1916464128,0,0,0,0.1,0,no_interval_samples,
effectiveness_v3_20260918T132954Z_7351c595,A/core50_nc/tight/R11/2/default,R11,core50_nc,2,training,8,181358.572982914,181376.596615717,18.02363280300051,70712320,126952960,159383552,159383552,167772160,0,2133123072,0,1912888320,0,2136702976,0,0.1,109,,
effectiveness_v3_20260918T132954Z_7351c595,A/core50_nc/tight/R11/2/default,R11,core50_nc,2,evaluation,8,181376.684045808,181395.745164171,19.06111836299533,70712320,114230272,159383552,159383552,167772160,0,2134138880,0,1913904128,0,2137935872,0,0.1,110,,
effectiveness_v3_20260918T132954Z_7351c595,A/core50_nc/tight/R11/2/default,R11,core50_nc,2,controller,8,181395.77732068,181395.777409791,8.911098120734096e-05,70712320,70712320,159383552,159383552,167772160,0,2134138880,0,1913904128,0,0,0,0.1,0,no_interval_samples,
effectiveness_v3_20260918T133452Z_f09920d9,A/core50_nc/tight/F11/2/default,F11,core50_nc,2,setup,,181402.984787377,181404.511303951,1.5265165739983786,1395712,1395712,2097152,2097152,167772160,0,1574453248,0,1354222592,0,0,0,0.1,0,no_interval_samples,
effectiveness_v3_20260918T133452Z_f09920d9,A/core50_nc/tight/F11/2/default,F11,core50_nc,2,resource_transition,0,181404.540296359,181404.540731785,0.0004354260163381696,1395712,1395712,2097152,2097152,167772160,0,1574457344,0,1354222592,0,0,0,0.1,0,no_interval_samples,
effectiveness_v3_20260918T133452Z_f09920d9,A/core50_nc/tight/F11/2/default,F11,core50_nc,2,training,0,181404.568841702,181469.904563866,65.33572216398898,72920064,96689152,119537664,119537664,167772160,0,2184593408,0,1964362752,0,2162491392,0,0.1,402,,
effectiveness_v3_20260918T133452Z_f09920d9,A/core50_nc/tight/F11/2/default,F11,core50_nc,2,evaluation,0,181469.998732951,181473.946261866,3.947528914985014,72920064,116438016,161480704,161480704,167772160,0,2225631232,0,2005396480,0,2230030336,0,0.1,23,,
effectiveness_v3_20260918T133452Z_f09920d9,A/core50_nc/tight/F11/2/default,F11,core50_nc,2,controller,0,181473.980415552,181473.980559478,0.00014392597950063646,72920064,72920064,161480704,161480704,167772160,0,2225631232,0,2005396480,0,0,0,0.1,0,no_interval_samples,
effectiveness_v3_20260918T133452Z_f09920d9,A/core50_nc/tight/F11/2/default,F11,core50_nc,2,reconfiguration,0,181474.009982979,181474.010494821,0.0005118419940117747,72920064,72920064,161480704,161480704,167772160,0,2225631232,0,2005396480,0,0,0,0.1,0,no_interval_samples,
effectiveness_v3_20260918T133452Z_f09920d9,A/core50_nc/tight/F11/2/default,F11,core50_nc,2,resource_transition,1,181474.037356878,181474.037918942,0.0005620640004053712,72920064,72920064,161480704,161480704,167772160,0,2225631232,0,2005396480,0,0,0,0.1,0,no_interval_samples,
effectiveness_v3_20260918T133452Z_f09920d9,A/core50_nc/tight/F11/2/default,F11,core50_nc,2,training,1,181474.066525554,181474.204465257,0.1379397030104883,145751552,151059968,167772160,167772160,167772160,0,2246987776,0,2026347520,0,0,0,0.1,0,no_interval_samples,failed
effectiveness_v3_20260918T133610Z_461128c7,A/core50_nc/tight/S0/2/default,S0,core50_nc,2,setup,,181481.497902675,181483.029813786,1.5319111110002268,1395712,1395712,2097152,2097152,167772160,0,1575198720,0,1354963968,0,1309949952,0,0.1,1,,
effectiveness_v3_20260918T133610Z_461128c7,A/core50_nc/tight/S0/2/default,S0,core50_nc,2,resource_transition,0,181483.0570555,181483.057462175,0.00040667501161806285,1395712,1395712,2097152,2097152,167772160,0,1575198720,0,1354963968,0,0,0,0.1,0,no_interval_samples,
effectiveness_v3_20260918T133610Z_461128c7,A/core50_nc/tight/S0/2/default,S0,core50_nc,2,training,0,181483.081276537,181515.333452962,32.25217642498319,70712320,95452672,117440512,117440512,167772160,0,2069987328,0,1849752576,0,2065600512,0,0.1,198,,
effectiveness_v3_20260918T133610Z_461128c7,A/core50_nc/tight/S0/2/default,S0,core50_nc,2,evaluation,0,181515.428516211,181519.248768219,3.820252008008538,70712320,114230272,159383552,159383552,167772160,0,2119921664,0,1899686912,0,2119933952,0,0.1,22,,
effectiveness_v3_20260918T133610Z_461128c7,A/core50_nc/tight/S0/2/default,S0,core50_nc,2,resource_transition,1,181519.283403118,181519.283906942,0.0005038240051362664,70712320,70712320,159383552,159383552,167772160,0,2119921664,0,1899686912,0,0,0,0.1,0,no_interval_samples,
effectiveness_v3_20260918T133610Z_461128c7,A/core50_nc/tight/S0/2/default,S0,core50_nc,2,training,1,181519.315158035,181539.163111268,19.84795323299477,70712320,121897984,159383552,159383552,167772160,0,2119348224,0,1899113472,0,2119921664,0,0.1,123,,
effectiveness_v3_20260918T133610Z_461128c7,A/core50_nc/tight/S0/2/default,S0,core50_nc,2,evaluation,1,181539.228706943,181544.688607092,5.459900148998713,70712320,114230272,159383552,159383552,167772160,0,2121527296,0,1901292544,0,2124931072,0,0.1,33,,
effectiveness_v3_20260918T133610Z_461128c7,A/core50_nc/tight/S0/2/default,S0,core50_nc,2,resource_transition,2,181544.719210296,181544.719693055,0.000482759001897648,70712320,70712320,159383552,159383552,167772160,0,2121527296,0,1901292544,0,0,0,0.1,0,no_interval_samples,
effectiveness_v3_20260918T133610Z_461128c7,A/core50_nc/tight/S0/2/default,S0,core50_nc,2,training,2,181544.751643694,181564.408966268,19.65732257399941,70712320,121897984,159383552,159383552,167772160,0,2127724544,0,1907489792,0,2128154624,0,0.1,119,,
effectiveness_v3_20260918T133610Z_461128c7,A/core50_nc/tight/S0/2/default,S0,core50_nc,2,evaluation,2,181564.472565195,181571.482367655,7.009802460001083,70712320,114230272,159383552,159383552,167772160,0,2131832832,0,1911598080,0,2133422080,0,0.1,47,,
effectiveness_v3_20260918T133610Z_461128c7,A/core50_nc/tight/S0/2/default,S0,core50_nc,2,resource_transition,3,181571.517336589,181571.517800237,0.00046364800073206425,70712320,70712320,159383552,159383552,167772160,0,2131836928,0,1911602176,0,0,0,0.1,0,no_interval_samples,
effectiveness_v3_20260918T133610Z_461128c7,A/core50_nc/tight/S0/2/default,S0,core50_nc,2,training,3,181571.548807607,181590.429243972,18.880436364997877,70712320,121897984,159383552,159383552,167772160,0,2128769024,0,1908534272,0,2131836928,0,0.1,116,,
effectiveness_v3_20260918T133610Z_461128c7,A/core50_nc/tight/S0/2/default,S0,core50_nc,2,evaluation,3,181590.489916056,181599.813232246,9.32331619001343,70712320,114230272,159383552,159383552,167772160,0,2135625728,0,1915390976,0,2135625728,0,0.1,53,,
effectiveness_v3_20260918T133610Z_461128c7,A/core50_nc/tight/S0/2/default,S0,core50_nc,2,resource_transition,4,181599.847530245,181599.848041754,0.0005115090170875192,70712320,70712320,159383552,159383552,167772160,0,2135625728,0,1915390976,0,0,0,0.1,0,no_interval_samples,
effectiveness_v3_20260918T133610Z_461128c7,A/core50_nc/tight/S0/2/default,S0,core50_nc,2,training,4,181599.876647422,181619.502701937,19.6260545149853,70712320,121897984,159383552,159383552,167772160,0,2129047552,0,1908812800,0,2135625728,0,0.1,117,,
effectiveness_v3_20260918T133610Z_461128c7,A/core50_nc/tight/S0/2/default,S0,core50_nc,2,evaluation,4,181619.593144071,181630.846921506,11.253777434991207,70712320,114230272,159383552,159383552,167772160,0,2133164032,0,1912929280,0,2133626880,0,0.1,65,,
effectiveness_v3_20260918T133610Z_461128c7,A/core50_nc/tight/S0/2/default,S0,core50_nc,2,resource_transition,5,181630.888849831,181630.889331757,0.00048192599206231534,70712320,70712320,159383552,159383552,167772160,0,2133168128,0,1912933376,0,0,0,0.1,0,no_interval_samples,
effectiveness_v3_20260918T133610Z_461128c7,A/core50_nc/tight/S0/2/default,S0,core50_nc,2,training,5,181630.919492387,181649.570446194,18.65095380699495,70712320,121897984,159383552,159383552,167772160,0,2129653760,0,1909419008,0,2130259968,0,0.1,113,,
effectiveness_v3_20260918T133610Z_461128c7,A/core50_nc/tight/S0/2/default,S0,core50_nc,2,evaluation,5,181649.636302731,181662.986566332,13.350263600994367,70712320,114230272,159383552,159383552,167772160,0,2131390464,0,1911155712,0,2137276416,0,0.1,76,,
effectiveness_v3_20260918T133610Z_461128c7,A/core50_nc/tight/S0/2/default,S0,core50_nc,2,resource_transition,6,181663.018743871,181663.01919864,0.00045476897503249347,70712320,70712320,159383552,159383552,167772160,0,2131394560,0,1911159808,0,0,0,0.1,0,no_interval_samples,
effectiveness_v3_20260918T133610Z_461128c7,A/core50_nc/tight/S0/2/default,S0,core50_nc,2,training,6,181663.052550003,181682.293986608,19.24143660502159,70712320,121897984,159383552,159383552,167772160,0,2129780736,0,1909545984,0,2132312064,0,0.1,115,,
effectiveness_v3_20260918T133610Z_461128c7,A/core50_nc/tight/S0/2/default,S0,core50_nc,2,evaluation,6,181682.376730458,181697.488968322,15.112237863999326,70712320,114230272,159383552,159383552,167772160,0,2134671360,0,1914436608,0,2137387008,0,0.1,86,,
effectiveness_v3_20260918T133610Z_461128c7,A/core50_nc/tight/S0/2/default,S0,core50_nc,2,resource_transition,7,181697.521218488,181697.521681673,0.00046318501699715853,70712320,70712320,159383552,159383552,167772160,0,2134671360,0,1914436608,0,0,0,0.1,0,no_interval_samples,
effectiveness_v3_20260918T133610Z_461128c7,A/core50_nc/tight/S0/2/default,S0,core50_nc,2,training,7,181697.551262811,181715.953786112,18.402523300988832,70712320,121897984,159383552,159383552,167772160,0,2130489344,0,1910254592,0,2134671360,0,0.1,111,,
effectiveness_v3_20260918T133610Z_461128c7,A/core50_nc/tight/S0/2/default,S0,core50_nc,2,evaluation,7,181716.027914259,181732.350264561,16.322350302012637,70712320,114230272,159383552,159383552,167772160,0,2132131840,0,1911897088,0,2135973888,0,0.1,94,,
effectiveness_v3_20260918T133610Z_461128c7,A/core50_nc/tight/S0/2/default,S0,core50_nc,2,resource_transition,8,181732.382821951,181732.383270868,0.0004489170096348971,70712320,70712320,159383552,159383552,167772160,0,2132131840,0,1911897088,0,0,0,0.1,0,no_interval_samples,
effectiveness_v3_20260918T133610Z_461128c7,A/core50_nc/tight/S0/2/default,S0,core50_nc,2,training,8,181732.413487081,181749.626681727,17.213194645999465,70712320,121897984,159383552,159383552,167772160,0,2130731008,0,1910496256,0,2132131840,0,0.1,107,,
effectiveness_v3_20260918T133610Z_461128c7,A/core50_nc/tight/S0/2/default,S0,core50_nc,2,evaluation,8,181749.701644466,181768.425607441,18.72396297499654,70712320,114230272,159383552,159383552,167772160,0,2134867968,0,1914633216,0,2136838144,0,0.1,107,,
effectiveness_v3_20260918T134105Z_8816285b,A/core50_nc/tight/S_star/2/default,S_star,core50_nc,2,setup,,181775.678750266,181777.201334894,1.5225846279936377,1395712,1395712,2097152,2097152,167772160,0,1573445632,0,1353210880,0,0,0,0.1,0,no_interval_samples,
effectiveness_v3_20260918T134105Z_8816285b,A/core50_nc/tight/S_star/2/default,S_star,core50_nc,2,resource_transition,0,181777.229513543,181777.229945154,0.00043161099893040955,1395712,1395712,2097152,2097152,167772160,0,1573445632,0,1353210880,0,0,0,0.1,0,no_interval_samples,
effectiveness_v3_20260918T134105Z_8816285b,A/core50_nc/tight/S_star/2/default,S_star,core50_nc,2,training,0,181777.255970655,181810.553993941,33.29802328598453,70712320,95452672,117440512,117440512,167772160,0,2070003712,0,1849768960,0,2063917056,0,0.1,205,,
effectiveness_v3_20260918T134105Z_8816285b,A/core50_nc/tight/S_star/2/default,S_star,core50_nc,2,evaluation,0,181810.618331729,181814.518198865,3.8998671360022854,70712320,114230272,159383552,159383552,167772160,0,2115747840,0,1895513088,0,2121428992,0,0.1,23,,
effectiveness_v3_20260918T134105Z_8816285b,A/core50_nc/tight/S_star/2/default,S_star,core50_nc,2,resource_transition,1,181814.550008523,181814.550530505,0.0005219820013735443,70712320,70712320,159383552,159383552,167772160,0,2115747840,0,1895513088,0,0,0,0.1,0,no_interval_samples,
effectiveness_v3_20260918T134105Z_8816285b,A/core50_nc/tight/S_star/2/default,S_star,core50_nc,2,training,1,181814.579574885,181834.774068611,20.194493726012297,70712320,121897984,159383552,159383552,167772160,0,2119680000,0,1899445248,0,2117816320,0,0.1,124,,
effectiveness_v3_20260918T134105Z_8816285b,A/core50_nc/tight/S_star/2/default,S_star,core50_nc,2,evaluation,1,181834.838168545,181840.37579338,5.537624835007591,70712320,114230272,159383552,159383552,167772160,0,2119626752,0,1899392000,0,2125242368,0,0.1,32,,
effectiveness_v3_20260918T134105Z_8816285b,A/core50_nc/tight/S_star/2/default,S_star,core50_nc,2,resource_transition,2,181840.403178093,181840.403719241,0.0005411480087786913,70712320,70712320,159383552,159383552,167772160,0,2119626752,0,1899392000,0,0,0,0.1,0,no_interval_samples,
effectiveness_v3_20260918T134105Z_8816285b,A/core50_nc/tight/S_star/2/default,S_star,core50_nc,2,training,2,181840.43044512,181859.907839824,19.477394704008475,70712320,121897984,159383552,159383552,167772160,0,2127818752,0,1907584000,0,2128207872,0,0.1,119,,
effectiveness_v3_20260918T134105Z_8816285b,A/core50_nc/tight/S_star/2/default,S_star,core50_nc,2,evaluation,2,181859.969957119,181867.45146295,7.481505831005052,70712320,114230272,159383552,159383552,167772160,0,2132525056,0,1912290304,0,2136264704,0,0.1,43,,
effectiveness_v3_20260918T134105Z_8816285b,A/core50_nc/tight/S_star/2/default,S_star,core50_nc,2,resource_transition,3,181867.514461865,181867.514935439,0.0004735739785246551,70712320,70712320,159383552,159383552,167772160,0,2132525056,0,1912290304,0,0,0,0.1,0,no_interval_samples,
effectiveness_v3_20260918T134105Z_8816285b,A/core50_nc/tight/S_star/2/default,S_star,core50_nc,2,training,3,181867.554467355,181888.318630933,20.76416357801645,70712320,121897984,159383552,159383552,167772160,0,2127978496,0,1907743744,0,2132525056,0,0.1,124,,
effectiveness_v3_20260918T134105Z_8816285b,A/core50_nc/tight/S_star/2/default,S_star,core50_nc,2,evaluation,3,181888.394626515,181897.891948952,9.497322437004186,70712320,114230272,159383552,159383552,167772160,0,2127925248,0,1907690496,0,2133536768,0,0.1,56,,
effectiveness_v3_20260918T134105Z_8816285b,A/core50_nc/tight/S_star/2/default,S_star,core50_nc,2,resource_transition,4,181897.929220248,181897.929679572,0.0004593239864334464,70712320,70712320,159383552,159383552,167772160,0,2127925248,0,1907690496,0,0,0,0.1,0,no_interval_samples,
effectiveness_v3_20260918T134105Z_8816285b,A/core50_nc/tight/S_star/2/default,S_star,core50_nc,2,training,4,181897.972135534,181918.135025435,20.162889901024755,70712320,121897984,159383552,159383552,167772160,0,2128801792,0,1908567040,0,2128904192,0,0.1,124,,
effectiveness_v3_20260918T134105Z_8816285b,A/core50_nc/tight/S_star/2/default,S_star,core50_nc,2,evaluation,4,181918.198959425,181929.381376886,11.1824174610083,70712320,114230272,159383552,159383552,167772160,0,2130550784,0,1910316032,0,2134347776,0,0.1,65,,
effectiveness_v3_20260918T134105Z_8816285b,A/core50_nc/tight/S_star/2/default,S_star,core50_nc,2,resource_transition,5,181929.420267276,181929.420711128,0.00044385201181285083,70712320,70712320,159383552,159383552,167772160,0,2130550784,0,1910316032,0,0,0,0.1,0,no_interval_samples,
effectiveness_v3_20260918T134105Z_8816285b,A/core50_nc/tight/S_star/2/default,S_star,core50_nc,2,training,5,181929.45774274,181949.089415608,19.631672868010355,70712320,121897984,159383552,159383552,167772160,0,2129362944,0,1909128192,0,2130616320,0,0.1,120,,
effectiveness_v3_20260918T134105Z_8816285b,A/core50_nc/tight/S_star/2/default,S_star,core50_nc,2,evaluation,5,181949.149619887,181962.063005654,12.913385766994907,70712320,114230272,159383552,159383552,167772160,0,2133766144,0,1913531392,0,2134892544,0,0.1,75,,
effectiveness_v3_20260918T134105Z_8816285b,A/core50_nc/tight/S_star/2/default,S_star,core50_nc,2,resource_transition,6,181962.099280942,181962.099698451,0.00041750899981707335,70712320,70712320,159383552,159383552,167772160,0,2133766144,0,1913531392,0,0,0,0.1,0,no_interval_samples,
effectiveness_v3_20260918T134105Z_8816285b,A/core50_nc/tight/S_star/2/default,S_star,core50_nc,2,training,6,181962.133488581,181981.96381913,19.830330549011705,70712320,121897984,159383552,159383552,167772160,0,2129498112,0,1909263360,0,2130264064,0,0.1,121,,
effectiveness_v3_20260918T134105Z_8816285b,A/core50_nc/tight/S_star/2/default,S_star,core50_nc,2,evaluation,6,181982.05135211,181997.13875274,15.087400630000047,70712320,114230272,159383552,159383552,167772160,0,2134171648,0,1913936896,0,2136219648,0,0.1,87,,
effectiveness_v3_20260918T134105Z_8816285b,A/core50_nc/tight/S_star/2/default,S_star,core50_nc,2,resource_transition,7,181997.180243944,181997.180702861,0.00045891699846833944,70712320,70712320,159383552,159383552,167772160,0,2134171648,0,1913936896,0,0,0,0.1,0,no_interval_samples,
effectiveness_v3_20260918T134105Z_8816285b,A/core50_nc/tight/S_star/2/default,S_star,core50_nc,2,training,7,181997.220398741,182015.847766075,18.627367334003793,70712320,121897984,159383552,159383552,167772160,0,2130038784,0,1909804032,0,2134171648,0,0.1,112,,
effectiveness_v3_20260918T134105Z_8816285b,A/core50_nc/tight/S_star/2/default,S_star,core50_nc,2,evaluation,7,182015.913541905,182032.662908286,16.74936638100189,70712320,114230272,159383552,159383552,167772160,0,2131738624,0,1911503872,0,2135580672,0,0.1,96,,
effectiveness_v3_20260918T134105Z_8816285b,A/core50_nc/tight/S_star/2/default,S_star,core50_nc,2,resource_transition,8,182032.70249372,182032.702932202,0.000438482005847618,70712320,70712320,159383552,159383552,167772160,0,2131738624,0,1911503872,0,0,0,0.1,0,no_interval_samples,
effectiveness_v3_20260918T134105Z_8816285b,A/core50_nc/tight/S_star/2/default,S_star,core50_nc,2,training,8,182032.739334942,182052.656636226,19.91730128400377,70712320,121897984,159383552,159383552,167772160,0,2130427904,0,1910193152,0,2131738624,0,0.1,122,,
effectiveness_v3_20260918T134105Z_8816285b,A/core50_nc/tight/S_star/2/default,S_star,core50_nc,2,evaluation,8,182052.720886003,182071.329762671,18.608876668004086,70712320,114230272,159383552,159383552,167772160,0,2134560768,0,1914326016,0,2136072192,0,0.1,108,,
effectiveness_v3_20260918T134607Z_d44ef855,A/splitcifar100/tight/S0/0/default,S0,splitcifar100,0,setup,,182078.652678153,182079.910266162,1.2575880090007558,1408512,1408512,2097152,2097152,167772160,0,1534877696,0,1314700288,0,1530929152,0,0.1,8,,
effectiveness_v3_20260918T134607Z_d44ef855,A/splitcifar100/tight/S0/0/default,S0,splitcifar100,0,resource_transition,0,182079.937366348,182079.937845515,0.0004791670071426779,1408512,1408512,2097152,2097152,167772160,0,1534922752,0,1314700288,0,0,0,0.1,0,no_interval_samples,
effectiveness_v3_20260918T134607Z_d44ef855,A/splitcifar100/tight/S0/0/default,S0,splitcifar100,0,training,0,182079.960452617,182086.487243154,6.5267905369983055,70750720,95481344,117440512,117440512,167772160,0,2239479808,0,2019257344,0,2238996480,0,0.1,41,,
effectiveness_v3_20260918T134607Z_d44ef855,A/splitcifar100/tight/S0/0/default,S0,splitcifar100,0,evaluation,0,182086.559040246,182086.804393,0.2453527539910283,70750720,114268672,159383552,159383552,167772160,0,2294284288,0,2074061824,0,2293374976,0,0.1,1,,
effectiveness_v3_20260918T134607Z_d44ef855,A/splitcifar100/tight/S0/0/default,S0,splitcifar100,0,resource_transition,1,182086.838118445,182086.838653269,0.0005348239792510867,70750720,70750720,159383552,159383552,167772160,0,2294284288,0,2074061824,0,0,0,0.1,0,no_interval_samples,
effectiveness_v3_20260918T134607Z_d44ef855,A/splitcifar100/tight/S0/0/default,S0,splitcifar100,0,training,1,182086.896210546,182094.217806703,7.3215961570094805,70750720,121942528,159383552,159383552,167772160,0,2289602560,0,2069380096,0,2295418880,0,0.1,45,,
effectiveness_v3_20260918T134607Z_d44ef855,A/splitcifar100/tight/S0/0/default,S0,splitcifar100,0,evaluation,1,182094.286011267,182094.743104584,0.457093317003455,70750720,114268672,159383552,159383552,167772160,0,2294239232,0,2074016768,0,2296283136,0,0.1,3,,
effectiveness_v3_20260918T134607Z_d44ef855,A/splitcifar100/tight/S0/0/default,S0,splitcifar100,0,resource_transition,2,182094.77833124,182094.77887512,0.0005438800144474953,70750720,70750720,159383552,159383552,167772160,0,2294239232,0,2074016768,0,0,0,0.1,0,no_interval_samples,
effectiveness_v3_20260918T134607Z_d44ef855,A/splitcifar100/tight/S0/0/default,S0,splitcifar100,0,training,2,182094.807792203,182102.27088571,7.463093506987207,70750720,121942528,159383552,159383552,167772160,0,2289844224,0,2069621760,0,2290462720,0,0.1,45,,
effectiveness_v3_20260918T134607Z_d44ef855,A/splitcifar100/tight/S0/0/default,S0,splitcifar100,0,evaluation,2,182102.367876264,182103.064442024,0.6965657600085251,70750720,114268672,159383552,159383552,167772160,0,2293805056,0,2073582592,0,2293821440,0,0.1,4,,
effectiveness_v3_20260918T134607Z_d44ef855,A/splitcifar100/tight/S0/0/default,S0,splitcifar100,0,resource_transition,3,182103.099803247,182103.100374812,0.0005715650040656328,70750720,70750720,159383552,159383552,167772160,0,2293805056,0,2073582592,0,0,0,0.1,0,no_interval_samples,
effectiveness_v3_20260918T134607Z_d44ef855,A/splitcifar100/tight/S0/0/default,S0,splitcifar100,0,training,3,182103.129899739,182110.617259148,7.48735940901679,70750720,121942528,159383552,159383552,167772160,0,2289999872,0,2069777408,0,2293805056,0,0.1,46,,
effectiveness_v3_20260918T134607Z_d44ef855,A/splitcifar100/tight/S0/0/default,S0,splitcifar100,0,evaluation,3,182110.682614202,182111.532760987,0.8501467850001063,70750720,114268672,159383552,159383552,167772160,0,2293977088,0,2073754624,0,2293977088,0,0.1,5,,
effectiveness_v3_20260918T134607Z_d44ef855,A/splitcifar100/tight/S0/0/default,S0,splitcifar100,0,resource_transition,4,182111.566296274,182111.566856904,0.0005606300255749375,70750720,70750720,159383552,159383552,167772160,0,2293981184,0,2073758720,0,0,0,0.1,0,no_interval_samples,
effectiveness_v3_20260918T134607Z_d44ef855,A/splitcifar100/tight/S0/0/default,S0,splitcifar100,0,training,4,182111.594867803,182119.358286838,7.763419034978142,70750720,121942528,159383552,159383552,167772160,0,2290089984,0,2069867520,0,2293997568,0,0.1,46,,
effectiveness_v3_20260918T134607Z_d44ef855,A/splitcifar100/tight/S0/0/default,S0,splitcifar100,0,evaluation,4,182119.423752309,182120.62023254,1.196480231010355,70750720,114268672,159383552,159383552,167772160,0,2294050816,0,2073828352,0,2294075392,0,0.1,7,,
effectiveness_v3_20260918T134607Z_d44ef855,A/splitcifar100/tight/S0/0/default,S0,splitcifar100,0,resource_transition,5,182120.659599995,182120.660230171,0.0006301759858615696,70750720,70750720,159383552,159383552,167772160,0,2294054912,0,2073832448,0,0,0,0.1,0,no_interval_samples,
effectiveness_v3_20260918T134607Z_d44ef855,A/splitcifar100/tight/S0/0/default,S0,splitcifar100,0,training,5,182120.690132958,182128.177842824,7.487709865992656,70750720,121942528,159383552,159383552,167772160,0,2290024448,0,2069801984,0,2294497280,0,0.1,46,,
effectiveness_v3_20260918T134607Z_d44ef855,A/splitcifar100/tight/S0/0/default,S0,splitcifar100,0,evaluation,5,182128.249236924,182129.497310904,1.2480739800084848,70750720,114268672,159383552,159383552,167772160,0,2294669312,0,2074446848,0,2295656448,0,0.1,8,,
effectiveness_v3_20260918T134607Z_d44ef855,A/splitcifar100/tight/S0/0/default,S0,splitcifar100,0,resource_transition,6,182129.53438044,182129.535016625,0.000636185024632141,70750720,70750720,159383552,159383552,167772160,0,2294673408,0,2074450944,0,0,0,0.1,0,no_interval_samples,
effectiveness_v3_20260918T134607Z_d44ef855,A/splitcifar100/tight/S0/0/default,S0,splitcifar100,0,training,6,182129.569233041,182137.131521565,7.5622885240009055,70750720,121942528,159383552,159383552,167772160,0,2290499584,0,2070277120,0,2295083008,0,0.1,47,,
effectiveness_v3_20260918T134607Z_d44ef855,A/splitcifar100/tight/S0/0/default,S0,splitcifar100,0,evaluation,6,182137.201900314,182138.781356961,1.5794566470140126,70750720,114268672,159383552,159383552,167772160,0,2294235136,0,2074012672,0,2294255616,0,0.1,11,,
effectiveness_v3_20260918T134607Z_d44ef855,A/splitcifar100/tight/S0/0/default,S0,splitcifar100,0,resource_transition,7,182138.817936231,182138.81848137,0.0005451389879453927,70750720,70750720,159383552,159383552,167772160,0,2294235136,0,2074012672,0,0,0,0.1,0,no_interval_samples,
effectiveness_v3_20260918T134607Z_d44ef855,A/splitcifar100/tight/S0/0/default,S0,splitcifar100,0,training,7,182138.847988944,182146.478829856,7.6308409119956195,70750720,121942528,159383552,159383552,167772160,0,2290511872,0,2070289408,0,2294235136,0,0.1,47,,
effectiveness_v3_20260918T134607Z_d44ef855,A/splitcifar100/tight/S0/0/default,S0,splitcifar100,0,evaluation,7,182146.54898884,182148.75055393,2.2015650900139008,70750720,114268672,159383552,159383552,167772160,0,2290245632,0,2070023168,0,2294489088,0,0.1,13,,
effectiveness_v3_20260918T134607Z_d44ef855,A/splitcifar100/tight/S0/0/default,S0,splitcifar100,0,resource_transition,8,182148.792475615,182148.793117874,0.0006422590231522918,70750720,70750720,159383552,159383552,167772160,0,2290245632,0,2070023168,0,0,0,0.1,0,no_interval_samples,
effectiveness_v3_20260918T134607Z_d44ef855,A/splitcifar100/tight/S0/0/default,S0,splitcifar100,0,training,8,182148.824753253,182156.510371387,7.685618134011747,70750720,121942528,159383552,159383552,167772160,0,2290511872,0,2070289408,0,2291482624,0,0.1,47,,
effectiveness_v3_20260918T134607Z_d44ef855,A/splitcifar100/tight/S0/0/default,S0,splitcifar100,0,evaluation,8,182156.593900673,182159.301875592,2.707974919001572,70750720,114268672,159383552,159383552,167772160,0,2290204672,0,2069982208,0,2294964224,0,0.1,16,,
effectiveness_v3_20260918T134607Z_d44ef855,A/splitcifar100/tight/S0/0/default,S0,splitcifar100,0,resource_transition,9,182159.345229526,182159.345887776,0.0006582500063814223,70750720,70750720,159383552,159383552,167772160,0,2290208768,0,2069986304,0,0,0,0.1,0,no_interval_samples,
effectiveness_v3_20260918T134607Z_d44ef855,A/splitcifar100/tight/S0/0/default,S0,splitcifar100,0,training,9,182159.377819488,182167.028436222,7.650616733997595,70750720,121942528,159383552,159383552,167772160,0,2290364416,0,2070141952,0,2291277824,0,0.1,46,,
effectiveness_v3_20260918T134607Z_d44ef855,A/splitcifar100/tight/S0/0/default,S0,splitcifar100,0,evaluation,9,182167.092223529,182169.83457159,2.742348061001394,70750720,114268672,159383552,159383552,167772160,0,2290253824,0,2070031360,0,2296004608,0,0.1,16,,
effectiveness_v3_20260918T134746Z_6c651fb4,A/splitcifar100/tight/S_star/0/default,S_star,splitcifar100,0,setup,,182177.123570378,182178.384553181,1.2609828030108474,1408512,1408512,2097152,2097152,167772160,0,1535725568,0,1315531776,0,1531944960,0,0.1,9,,
effectiveness_v3_20260918T134746Z_6c651fb4,A/splitcifar100/tight/S_star/0/default,S_star,splitcifar100,0,resource_transition,0,182178.408892884,182178.409325995,0.00043311098124831915,1408512,1408512,2097152,2097152,167772160,0,1535766528,0,1315544064,0,0,0,0.1,0,no_interval_samples,
effectiveness_v3_20260918T134746Z_6c651fb4,A/splitcifar100/tight/S_star/0/default,S_star,splitcifar100,0,training,0,182178.430970347,182184.586167968,6.155197621003026,70750720,95481344,117440512,117440512,167772160,0,2242052096,0,2021817344,0,2239643648,0,0.1,40,,
effectiveness_v3_20260918T134746Z_6c651fb4,A/splitcifar100/tight/S_star/0/default,S_star,splitcifar100,0,evaluation,0,182184.644212643,182184.837140209,0.192927566007711,70750720,114268672,159383552,159383552,167772160,0,2295136256,0,2074901504,0,2294222848,0,0.1,1,,
effectiveness_v3_20260918T134746Z_6c651fb4,A/splitcifar100/tight/S_star/0/default,S_star,splitcifar100,0,resource_transition,1,182184.866035191,182184.866491645,0.000456453999504447,70750720,70750720,159383552,159383552,167772160,0,2295136256,0,2074901504,0,0,0,0.1,0,no_interval_samples,
effectiveness_v3_20260918T134746Z_6c651fb4,A/splitcifar100/tight/S_star/0/default,S_star,splitcifar100,0,training,1,182184.895454016,182191.363840682,6.4683866660052445,70750720,121942528,159383552,159383552,167772160,0,2290794496,0,2070559744,0,2296696832,0,0.1,42,,
effectiveness_v3_20260918T134746Z_6c651fb4,A/splitcifar100/tight/S_star/0/default,S_star,splitcifar100,0,evaluation,1,182191.431808338,182191.863668211,0.43185987300239503,70750720,114268672,159383552,159383552,167772160,0,2295443456,0,2075208704,0,2297507840,0,0.1,3,,
effectiveness_v3_20260918T134746Z_6c651fb4,A/splitcifar100/tight/S_star/0/default,S_star,splitcifar100,0,resource_transition,2,182191.896820673,182191.897374636,0.0005539630074054003,70750720,70750720,159383552,159383552,167772160,0,2295443456,0,2075208704,0,0,0,0.1,0,no_interval_samples,
effectiveness_v3_20260918T134746Z_6c651fb4,A/splitcifar100/tight/S_star/0/default,S_star,splitcifar100,0,training,2,182191.925621691,182199.399688645,7.474066953989677,70750720,121942528,159383552,159383552,167772160,0,2291367936,0,2071133184,0,2292654080,0,0.1,46,,
effectiveness_v3_20260918T134746Z_6c651fb4,A/splitcifar100/tight/S_star/0/default,S_star,splitcifar100,0,evaluation,2,182199.463704026,182200.155230684,0.6915266579890158,70750720,114268672,159383552,159383552,167772160,0,2295451648,0,2075216896,0,2295926784,0,0.1,4,,
effectiveness_v3_20260918T134746Z_6c651fb4,A/splitcifar100/tight/S_star/0/default,S_star,splitcifar100,0,resource_transition,3,182200.189650795,182200.190217444,0.000566649017855525,70750720,70750720,159383552,159383552,167772160,0,2295451648,0,2075216896,0,0,0,0.1,0,no_interval_samples,
effectiveness_v3_20260918T134746Z_6c651fb4,A/splitcifar100/tight/S_star/0/default,S_star,splitcifar100,0,training,3,182200.218391435,182207.910868969,7.6924775340012275,70750720,121942528,159383552,159383552,167772160,0,2291789824,0,2071555072,0,2295451648,0,0.1,46,,
effectiveness_v3_20260918T134746Z_6c651fb4,A/splitcifar100/tight/S_star/0/default,S_star,splitcifar100,0,evaluation,3,182207.977927868,182208.904675469,0.9267476010136306,70750720,114268672,159383552,159383552,167772160,0,2295717888,0,2075483136,0,2295746560,0,0.1,6,,
effectiveness_v3_20260918T134746Z_6c651fb4,A/splitcifar100/tight/S_star/0/default,S_star,splitcifar100,0,resource_transition,4,182208.94104469,182208.941620765,0.0005760749918408692,70750720,70750720,159383552,159383552,167772160,0,2295717888,0,2075483136,0,0,0,0.1,0,no_interval_samples,
effectiveness_v3_20260918T134746Z_6c651fb4,A/splitcifar100/tight/S_star/0/default,S_star,splitcifar100,0,training,4,182208.971044107,182216.334881823,7.363837715995032,70750720,121942528,159383552,159383552,167772160,0,2291576832,0,2071342080,0,2296074240,0,0.1,45,,
effectiveness_v3_20260918T134746Z_6c651fb4,A/splitcifar100/tight/S_star/0/default,S_star,splitcifar100,0,evaluation,4,182216.403205785,182217.60468784,1.201482055010274,70750720,114268672,159383552,159383552,167772160,0,2296696832,0,2076462080,0,2296705024,0,0.1,7,,
effectiveness_v3_20260918T134746Z_6c651fb4,A/splitcifar100/tight/S_star/0/default,S_star,splitcifar100,0,resource_transition,5,182217.641607339,182217.642191607,0.0005842680111527443,70750720,70750720,159383552,159383552,167772160,0,2296696832,0,2076462080,0,0,0,0.1,0,no_interval_samples,
effectiveness_v3_20260918T134746Z_6c651fb4,A/splitcifar100/tight/S_star/0/default,S_star,splitcifar100,0,training,5,182217.673290061,182225.290117434,7.616827372985426,70750720,121942528,159383552,159383552,167772160,0,2291556352,0,2071321600,0,2293313536,0,0.1,46,,
effectiveness_v3_20260918T134746Z_6c651fb4,A/splitcifar100/tight/S_star/0/default,S_star,splitcifar100,0,evaluation,5,182225.38245875,182226.786478134,1.4040193839755375,70750720,114268672,159383552,159383552,167772160,0,2295713792,0,2075479040,0,2296180736,0,0.1,8,,
effectiveness_v3_20260918T134746Z_6c651fb4,A/splitcifar100/tight/S_star/0/default,S_star,splitcifar100,0,resource_transition,6,182226.825249003,182226.82586004,0.0006110369868110865,70750720,70750720,159383552,159383552,167772160,0,2295713792,0,2075479040,0,0,0,0.1,0,no_interval_samples,
effectiveness_v3_20260918T134746Z_6c651fb4,A/splitcifar100/tight/S_star/0/default,S_star,splitcifar100,0,training,6,182226.854697299,182234.589539923,7.73484262402053,70750720,121942528,159383552,159383552,167772160,0,2291576832,0,2071342080,0,2296197120,0,0.1,47,,
effectiveness_v3_20260918T134746Z_6c651fb4,A/splitcifar100/tight/S_star/0/default,S_star,splitcifar100,0,evaluation,6,182234.683900745,182236.69515198,2.011251235002419,70750720,114268672,159383552,159383552,167772160,0,2291486720,0,2071251968,0,2295734272,0,0.1,12,,
effectiveness_v3_20260918T134746Z_6c651fb4,A/splitcifar100/tight/S_star/0/default,S_star,splitcifar100,0,resource_transition,7,182236.740123221,182236.74085411,0.0007308889762498438,70750720,70750720,159383552,159383552,167772160,0,2291486720,0,2071251968,0,0,0,0.1,0,no_interval_samples,
effectiveness_v3_20260918T134746Z_6c651fb4,A/splitcifar100/tight/S_star/0/default,S_star,splitcifar100,0,training,7,182236.778152433,182244.630932768,7.852780335000716,70750720,121942528,159383552,159383552,167772160,0,2291789824,0,2071555072,0,2292559872,0,0.1,48,,
effectiveness_v3_20260918T134746Z_6c651fb4,A/splitcifar100/tight/S_star/0/default,S_star,splitcifar100,0,evaluation,7,182244.7036831,182246.81083012,2.1071470199967735,70750720,114268672,159383552,159383552,167772160,0,2295726080,0,2075491328,0,2295746560,0,0.1,12,,
effectiveness_v3_20260918T134746Z_6c651fb4,A/splitcifar100/tight/S_star/0/default,S_star,splitcifar100,0,resource_transition,8,182246.853608593,182246.854263704,0.0006551110127475113,70750720,70750720,159383552,159383552,167772160,0,2295726080,0,2075491328,0,0,0,0.1,0,no_interval_samples,
effectiveness_v3_20260918T134746Z_6c651fb4,A/splitcifar100/tight/S_star/0/default,S_star,splitcifar100,0,training,8,182246.885145565,182254.415294747,7.530149182013702,70750720,121942528,159383552,159383552,167772160,0,2291793920,0,2071559168,0,2296123392,0,0.1,46,,
effectiveness_v3_20260918T134746Z_6c651fb4,A/splitcifar100/tight/S_star/0/default,S_star,splitcifar100,0,evaluation,8,182254.486522199,182257.154716053,2.6681938539841212,70750720,114268672,159383552,159383552,167772160,0,2295726080,0,2075491328,0,2295750656,0,0.1,16,,
effectiveness_v3_20260918T134746Z_6c651fb4,A/splitcifar100/tight/S_star/0/default,S_star,splitcifar100,0,resource_transition,9,182257.192190126,182257.192784737,0.0005946110177319497,70750720,70750720,159383552,159383552,167772160,0,2295726080,0,2075491328,0,0,0,0.1,0,no_interval_samples,
effectiveness_v3_20260918T134746Z_6c651fb4,A/splitcifar100/tight/S_star/0/default,S_star,splitcifar100,0,training,9,182257.222702403,182264.860925321,7.638222918001702,70750720,121942528,159383552,159383552,167772160,0,2291793920,0,2071559168,0,2295726080,0,0.1,47,,
effectiveness_v3_20260918T134746Z_6c651fb4,A/splitcifar100/tight/S_star/0/default,S_star,splitcifar100,0,evaluation,9,182264.92738047,182267.964284987,3.0369045170082245,70750720,114268672,159383552,159383552,167772160,0,2291499008,0,2071264256,0,2295750656,0,0.1,18,,
effectiveness_v3_20260918T134924Z_a57461cc,A/splitcifar100/tight/O00/0/default,O00,splitcifar100,0,setup,,182275.247289877,182276.499189681,1.2518998039886355,1408512,1408512,2097152,2097152,167772160,0,1535602688,0,1315404800,0,1528074240,0,0.1,7,,
effectiveness_v3_20260918T134924Z_a57461cc,A/splitcifar100/tight/O00/0/default,O00,splitcifar100,0,resource_transition,0,182276.526446171,182276.526898106,0.0004519350186455995,1408512,1408512,2097152,2097152,167772160,0,1535635456,0,1315404800,0,0,0,0.1,0,no_interval_samples,
effectiveness_v3_20260918T134924Z_a57461cc,A/splitcifar100/tight/O00/0/default,O00,splitcifar100,0,training,0,182276.547277643,182283.196162757,6.6488851140020415,70750720,95481344,117440512,117440512,167772160,0,2239434752,0,2019204096,0,2239614976,0,0.1,42,,
effectiveness_v3_20260918T134924Z_a57461cc,A/splitcifar100/tight/O00/0/default,O00,splitcifar100,0,evaluation,0,182283.294545542,182283.544228055,0.24968251297832467,70750720,114268672,159383552,159383552,167772160,0,2294079488,0,2073848832,0,2293174272,0,0.1,1,,
effectiveness_v3_20260918T134924Z_a57461cc,A/splitcifar100/tight/O00/0/default,O00,splitcifar100,0,controller,0,182283.577527833,182283.577665768,0.00013793501420877874,70750720,70750720,159383552,159383552,167772160,0,2294079488,0,2073848832,0,0,0,0.1,0,no_interval_samples,
effectiveness_v3_20260918T134924Z_a57461cc,A/splitcifar100/tight/O00/0/default,O00,splitcifar100,0,reconfiguration,0,182283.622960176,182283.625007852,0.0020476760109886527,70750720,70750720,159383552,159383552,167772160,0,2287431680,0,2067201024,0,0,0,0.1,0,no_interval_samples,
effectiveness_v3_20260918T134924Z_a57461cc,A/splitcifar100/tight/O00/0/default,O00,splitcifar100,0,resource_transition,1,182283.65288462,182283.653439046,0.000554425991140306,70750720,70750720,159383552,159383552,167772160,0,2287431680,0,2067201024,0,0,0,0.1,0,no_interval_samples,
effectiveness_v3_20260918T134924Z_a57461cc,A/splitcifar100/tight/O00/0/default,O00,splitcifar100,0,training,1,182283.679655258,182291.717519562,8.037864304002142,70750720,117711872,159383552,159383552,167772160,0,2290245632,0,2070014976,0,2290814976,0,0.1,50,,
effectiveness_v3_20260918T134924Z_a57461cc,A/splitcifar100/tight/O00/0/default,O00,splitcifar100,0,evaluation,1,182291.789251838,182292.260972571,0.4717207330104429,70750720,114268672,159383552,159383552,167772160,0,2294882304,0,2074651648,0,2296864768,0,0.1,3,,
effectiveness_v3_20260918T134924Z_a57461cc,A/splitcifar100/tight/O00/0/default,O00,splitcifar100,0,controller,1,182292.294697043,182292.294837691,0.00014064801507629454,70750720,70750720,159383552,159383552,167772160,0,2294882304,0,2074651648,0,0,0,0.1,0,no_interval_samples,
effectiveness_v3_20260918T134924Z_a57461cc,A/splitcifar100/tight/O00/0/default,O00,splitcifar100,0,reconfiguration,1,182292.321979978,182292.326210126,0.004230147984344512,70750720,70750720,159383552,159383552,167772160,0,2294882304,0,2074651648,0,0,0,0.1,0,no_interval_samples,
effectiveness_v3_20260918T134924Z_a57461cc,A/splitcifar100/tight/O00/0/default,O00,splitcifar100,0,resource_transition,2,182292.379841449,182292.380443856,0.000602407002588734,70750720,70750720,159383552,159383552,167772160,0,2294882304,0,2074651648,0,0,0,0.1,0,no_interval_samples,
effectiveness_v3_20260918T134924Z_a57461cc,A/splitcifar100/tight/O00/0/default,O00,splitcifar100,0,training,2,182292.409739772,182300.315387025,7.905647253006464,70750720,117711872,159383552,159383552,167772160,0,2290331648,0,2070100992,0,2295287808,0,0.1,49,,
effectiveness_v3_20260918T134924Z_a57461cc,A/splitcifar100/tight/O00/0/default,O00,splitcifar100,0,evaluation,2,182300.381326786,182301.035640323,0.6543135370011441,70750720,114268672,159383552,159383552,167772160,0,2294906880,0,2074676224,0,2296057856,0,0.1,4,,
effectiveness_v3_20260918T134924Z_a57461cc,A/splitcifar100/tight/O00/0/default,O00,splitcifar100,0,controller,2,182301.06806374,182301.068193036,0.0001292959786951542,70750720,70750720,159383552,159383552,167772160,0,2294906880,0,2074676224,0,0,0,0.1,0,no_interval_samples,
effectiveness_v3_20260918T134924Z_a57461cc,A/splitcifar100/tight/O00/0/default,O00,splitcifar100,0,reconfiguration,2,182301.095956889,182301.099203546,0.0032466569973621517,70750720,70750720,159383552,159383552,167772160,0,2294919168,0,2074688512,0,0,0,0.1,0,no_interval_samples,
effectiveness_v3_20260918T134924Z_a57461cc,A/splitcifar100/tight/O00/0/default,O00,splitcifar100,0,resource_transition,3,182301.144833073,182301.145352472,0.0005193990073166788,70750720,70750720,159383552,159383552,167772160,0,2294919168,0,2074688512,0,0,0,0.1,0,no_interval_samples,
effectiveness_v3_20260918T134924Z_a57461cc,A/splitcifar100/tight/O00/0/default,O00,splitcifar100,0,training,3,182301.173316101,182309.082293527,7.908977426006459,70750720,117711872,159383552,159383552,167772160,0,2290880512,0,2070649856,0,2295046144,0,0.1,49,,
effectiveness_v3_20260918T134924Z_a57461cc,A/splitcifar100/tight/O00/0/default,O00,splitcifar100,0,evaluation,3,182309.144492294,182310.050739176,0.9062468819902278,70750720,114268672,159383552,159383552,167772160,0,2295009280,0,2074778624,0,2295238656,0,0.1,6,,
effectiveness_v3_20260918T134924Z_a57461cc,A/splitcifar100/tight/O00/0/default,O00,splitcifar100,0,controller,3,182310.082545417,182310.082686834,0.00014141699648462236,70750720,70750720,159383552,159383552,167772160,0,2295013376,0,2074782720,0,0,0,0.1,0,no_interval_samples,
effectiveness_v3_20260918T134924Z_a57461cc,A/splitcifar100/tight/O00/0/default,O00,splitcifar100,0,reconfiguration,3,182310.109274955,182310.111131455,0.0018564999918453395,70750720,70750720,159383552,159383552,167772160,0,2290790400,0,2070559744,0,0,0,0.1,0,no_interval_samples,
effectiveness_v3_20260918T134924Z_a57461cc,A/splitcifar100/tight/O00/0/default,O00,splitcifar100,0,resource_transition,4,182310.135936223,182310.136504871,0.0005686480144504458,70750720,70750720,159383552,159383552,167772160,0,2290790400,0,2070559744,0,0,0,0.1,0,no_interval_samples,
effectiveness_v3_20260918T134924Z_a57461cc,A/splitcifar100/tight/O00/0/default,O00,splitcifar100,0,training,4,182310.16196738,182318.570508315,8.408540934993653,70750720,117711872,159383552,159383552,167772160,0,2291593216,0,2071362560,0,2292387840,0,0.1,51,,
effectiveness_v3_20260918T134924Z_a57461cc,A/splitcifar100/tight/O00/0/default,O00,splitcifar100,0,evaluation,4,182318.634797982,182319.866450943,1.2316529609961435,70750720,114268672,159383552,159383552,167772160,0,2295578624,0,2075347968,0,2296070144,0,0.1,8,,
effectiveness_v3_20260918T134924Z_a57461cc,A/splitcifar100/tight/O00/0/default,O00,splitcifar100,0,controller,4,182319.9050281,182319.905183304,0.00015520400484092534,70750720,70750720,159383552,159383552,167772160,0,2295582720,0,2075352064,0,0,0,0.1,0,no_interval_samples,
effectiveness_v3_20260918T134924Z_a57461cc,A/splitcifar100/tight/O00/0/default,O00,splitcifar100,0,reconfiguration,4,182319.934482525,182319.936517905,0.0020353800209704787,70750720,70750720,159383552,159383552,167772160,0,2291363840,0,2071133184,0,0,0,0.1,0,no_interval_samples,
effectiveness_v3_20260918T134924Z_a57461cc,A/splitcifar100/tight/O00/0/default,O00,splitcifar100,0,resource_transition,5,182319.96227558,182319.962815293,0.0005397129862103611,70750720,70750720,159383552,159383552,167772160,0,2291363840,0,2071133184,0,0,0,0.1,0,no_interval_samples,
effectiveness_v3_20260918T134924Z_a57461cc,A/splitcifar100/tight/O00/0/default,O00,splitcifar100,0,training,5,182319.988349913,182327.663546563,7.675196650001453,70750720,117711872,159383552,159383552,167772160,0,2292277248,0,2072046592,0,2293047296,0,0.1,47,,
effectiveness_v3_20260918T134924Z_a57461cc,A/splitcifar100/tight/O00/0/default,O00,splitcifar100,0,evaluation,5,182327.758764157,182329.171354543,1.4125903859967366,70750720,114268672,159383552,159383552,167772160,0,2296262656,0,2076032000,0,2296754176,0,0.1,8,,
effectiveness_v3_20260918T134924Z_a57461cc,A/splitcifar100/tight/O00/0/default,O00,splitcifar100,0,controller,5,182329.2076311,182329.207783155,0.0001520549994893372,70750720,70750720,159383552,159383552,167772160,0,2296266752,0,2076036096,0,0,0,0.1,0,no_interval_samples,
effectiveness_v3_20260918T134924Z_a57461cc,A/splitcifar100/tight/O00/0/default,O00,splitcifar100,0,reconfiguration,5,182329.262703758,182329.264456416,0.001752657990437001,70750720,70750720,159383552,159383552,167772160,0,2296274944,0,2076044288,0,0,0,0.1,0,no_interval_samples,
effectiveness_v3_20260918T134924Z_a57461cc,A/splitcifar100/tight/O00/0/default,O00,splitcifar100,0,resource_transition,6,182329.292659296,182329.293281111,0.0006218149792402983,70750720,70750720,159383552,159383552,167772160,0,2296274944,0,2076044288,0,0,0,0.1,0,no_interval_samples,
effectiveness_v3_20260918T134924Z_a57461cc,A/splitcifar100/tight/O00/0/default,O00,splitcifar100,0,training,6,182329.320429834,182337.301073795,7.980643960996531,70750720,117711872,159383552,159383552,167772160,0,2292903936,0,2072673280,0,2296418304,0,0.1,49,,
effectiveness_v3_20260918T134924Z_a57461cc,A/splitcifar100/tight/O00/0/default,O00,splitcifar100,0,evaluation,6,182337.379014796,182338.942455816,1.5634410200000275,70750720,114268672,159383552,159383552,167772160,0,2296881152,0,2076650496,0,2296905728,0,0.1,9,,
effectiveness_v3_20260918T134924Z_a57461cc,A/splitcifar100/tight/O00/0/default,O00,splitcifar100,0,controller,6,182338.97635213,182338.97648625,0.00013411999680101871,70750720,70750720,159383552,159383552,167772160,0,2296881152,0,2076650496,0,0,0,0.1,0,no_interval_samples,
effectiveness_v3_20260918T134924Z_a57461cc,A/splitcifar100/tight/O00/0/default,O00,splitcifar100,0,reconfiguration,6,182339.012588333,182339.014205361,0.0016170279996003956,70750720,70750720,159383552,159383552,167772160,0,2296885248,0,2076654592,0,0,0,0.1,0,no_interval_samples,
effectiveness_v3_20260918T134924Z_a57461cc,A/splitcifar100/tight/O00/0/default,O00,splitcifar100,0,resource_transition,7,182339.040391805,182339.040988712,0.000596906989812851,70750720,70750720,159383552,159383552,167772160,0,2296885248,0,2076654592,0,0,0,0.1,0,no_interval_samples,
effectiveness_v3_20260918T134924Z_a57461cc,A/splitcifar100/tight/O00/0/default,O00,splitcifar100,0,training,7,182339.066685582,182347.092453145,8.025767562998226,70750720,117711872,159383552,159383552,167772160,0,2293157888,0,2072927232,0,2296905728,0,0.1,50,,
effectiveness_v3_20260918T134924Z_a57461cc,A/splitcifar100/tight/O00/0/default,O00,splitcifar100,0,evaluation,7,182347.161621097,182349.367149496,2.2055283990048338,70750720,114268672,159383552,159383552,167772160,0,2293067776,0,2072837120,0,2297786368,0,0.1,13,,
effectiveness_v3_20260918T134924Z_a57461cc,A/splitcifar100/tight/O00/0/default,O00,splitcifar100,0,controller,7,182349.406263135,182349.406428042,0.00016490701818838716,70750720,70750720,159383552,159383552,167772160,0,2293071872,0,2072841216,0,0,0,0.1,0,no_interval_samples,
effectiveness_v3_20260918T134924Z_a57461cc,A/splitcifar100/tight/O00/0/default,O00,splitcifar100,0,reconfiguration,7,182349.43510093,182349.436796597,0.0016956670151557773,70750720,70750720,159383552,159383552,167772160,0,2293075968,0,2072845312,0,0,0,0.1,0,no_interval_samples,
effectiveness_v3_20260918T134924Z_a57461cc,A/splitcifar100/tight/O00/0/default,O00,splitcifar100,0,resource_transition,8,182349.462592458,182349.4631633,0.0005708420067094266,70750720,70750720,159383552,159383552,167772160,0,2293075968,0,2072845312,0,0,0,0.1,0,no_interval_samples,
effectiveness_v3_20260918T134924Z_a57461cc,A/splitcifar100/tight/O00/0/default,O00,splitcifar100,0,training,8,182349.489235661,182357.384063885,7.894828224001685,70750720,117711872,159383552,159383552,167772160,0,2293616640,0,2073385984,0,2294427648,0,0.1,49,,
effectiveness_v3_20260918T134924Z_a57461cc,A/splitcifar100/tight/O00/0/default,O00,splitcifar100,0,evaluation,8,182357.450168229,182360.001132989,2.5509647600119933,70750720,114268672,159383552,159383552,167772160,0,2293551104,0,2073320448,0,2297995264,0,0.1,15,,
effectiveness_v3_20260918T134924Z_a57461cc,A/splitcifar100/tight/O00/0/default,O00,splitcifar100,0,controller,8,182360.041574637,182360.041716896,0.00014225899940356612,70750720,70750720,159383552,159383552,167772160,0,2293555200,0,2073324544,0,0,0,0.1,0,no_interval_samples,
effectiveness_v3_20260918T134924Z_a57461cc,A/splitcifar100/tight/O00/0/default,O00,splitcifar100,0,reconfiguration,8,182360.10135821,182360.103256747,0.001898537011584267,70750720,70750720,159383552,159383552,167772160,0,2293563392,0,2073332736,0,0,0,0.1,0,no_interval_samples,
effectiveness_v3_20260918T134924Z_a57461cc,A/splitcifar100/tight/O00/0/default,O00,splitcifar100,0,resource_transition,9,182360.133473061,182360.134153978,0.0006809170008637011,70750720,70750720,159383552,159383552,167772160,0,2293563392,0,2073332736,0,0,0,0.1,0,no_interval_samples,
effectiveness_v3_20260918T134924Z_a57461cc,A/splitcifar100/tight/O00/0/default,O00,splitcifar100,0,training,9,182360.162431811,182368.165408404,8.002976592979394,70750720,117711872,159383552,159383552,167772160,0,2293657600,0,2073426944,0,2294538240,0,0.1,50,,
effectiveness_v3_20260918T134924Z_a57461cc,A/splitcifar100/tight/O00/0/default,O00,splitcifar100,0,evaluation,9,182368.234563891,182371.084920942,2.8503570510074496,70750720,114268672,159383552,159383552,167772160,0,2293604352,0,2073373696,0,2298322944,0,0.1,18,,
effectiveness_v3_20260918T134924Z_a57461cc,A/splitcifar100/tight/O00/0/default,O00,splitcifar100,0,controller,9,182371.128134849,182371.128273405,0.00013855600263923407,70750720,70750720,159383552,159383552,167772160,0,2293604352,0,2073373696,0,0,0,0.1,0,no_interval_samples,
effectiveness_v3_20260918T135107Z_986b52f6,A/splitcifar100/tight/O10/0/default,O10,splitcifar100,0,setup,,182378.427093517,182379.680328999,1.2532354819995817,1408512,1408512,2097152,2097152,167772160,0,1535594496,0,1315392512,0,1528074240,0,0.1,7,,
effectiveness_v3_20260918T135107Z_986b52f6,A/splitcifar100/tight/O10/0/default,O10,splitcifar100,0,resource_transition,0,182379.70914513,182379.709594009,0.0004488790000323206,1408512,1408512,2097152,2097152,167772160,0,1535627264,0,1315392512,0,0,0,0.1,0,no_interval_samples,
effectiveness_v3_20260918T135107Z_986b52f6,A/splitcifar100/tight/O10/0/default,O10,splitcifar100,0,training,0,182379.732264991,182386.266065773,6.533800781995524,70750720,95481344,117440512,117440512,167772160,0,2239459328,0,2019224576,0,2239639552,0,0.1,41,,
effectiveness_v3_20260918T135107Z_986b52f6,A/splitcifar100/tight/O10/0/default,O10,splitcifar100,0,evaluation,0,182386.344483765,182386.58642623,0.24194246501429006,70750720,114268672,159383552,159383552,167772160,0,2294288384,0,2074053632,0,2293374976,0,0.1,1,,
effectiveness_v3_20260918T135107Z_986b52f6,A/splitcifar100/tight/O10/0/default,O10,splitcifar100,0,controller,0,182386.619893136,182386.620056747,0.00016361099551431835,70750720,70750720,159383552,159383552,167772160,0,2294288384,0,2074053632,0,0,0,0.1,0,no_interval_samples,
effectiveness_v3_20260918T135107Z_986b52f6,A/splitcifar100/tight/O10/0/default,O10,splitcifar100,0,reconfiguration,0,182386.673501524,182386.673849367,0.0003478430153336376,70750720,70750720,159383552,159383552,167772160,0,2294288384,0,2074053632,0,0,0,0.1,0,no_interval_samples,
effectiveness_v3_20260918T135107Z_986b52f6,A/splitcifar100/tight/O10/0/default,O10,splitcifar100,0,resource_transition,1,182386.701214403,182386.701753913,0.0005395099869929254,70750720,70750720,159383552,159383552,167772160,0,2294288384,0,2074053632,0,0,0,0.1,0,no_interval_samples,
effectiveness_v3_20260918T135107Z_986b52f6,A/splitcifar100/tight/O10/0/default,O10,splitcifar100,0,training,1,182386.730030634,182400.262675487,13.532644852995872,72984064,121942528,161480704,161480704,167772160,0,2416738304,0,2196503552,0,2402611200,0,0.1,85,,
effectiveness_v3_20260918T135107Z_986b52f6,A/splitcifar100/tight/O10/0/default,O10,splitcifar100,0,evaluation,1,182400.335681106,182400.842163681,0.5064825750014279,72984064,116502016,161480704,161480704,167772160,0,2420441088,0,2200206336,0,2421952512,0,0.1,3,,
effectiveness_v3_20260918T135107Z_986b52f6,A/splitcifar100/tight/O10/0/default,O10,splitcifar100,0,controller,1,182400.879051134,182400.879239931,0.00018879701383411884,72984064,72984064,161480704,161480704,167772160,0,2420441088,0,2200206336,0,0,0,0.1,0,no_interval_samples,
effectiveness_v3_20260918T135107Z_986b52f6,A/splitcifar100/tight/O10/0/default,O10,splitcifar100,0,reconfiguration,1,182400.921288624,182400.922118782,0.0008301580091938376,72984064,72984064,161480704,161480704,167772160,0,2420441088,0,2200206336,0,0,0,0.1,0,no_interval_samples,
effectiveness_v3_20260918T135107Z_986b52f6,A/splitcifar100/tight/O10/0/default,O10,splitcifar100,0,resource_transition,2,182400.949772291,182400.950347309,0.0005750179989263415,72984064,72984064,161480704,161480704,167772160,0,2420441088,0,2200206336,0,0,0,0.1,0,no_interval_samples,
effectiveness_v3_20260918T135107Z_986b52f6,A/splitcifar100/tight/O10/0/default,O10,splitcifar100,0,training,2,182400.976904762,182401.084292478,0.10738771597971208,146622976,151111168,167772160,167772160,167772160,0,2440757248,0,2220116992,0,2420764672,0,0.1,1,,failed
effectiveness_v3_20260918T135137Z_c1fc1ed7,A/splitcifar100/tight/O01/0/default,O01,splitcifar100,0,setup,,182408.434496413,182409.684029364,1.2495329509838484,1408512,1408512,2097152,2097152,167772160,0,1535631360,0,1315429376,0,1528115200,0,0.1,7,,
effectiveness_v3_20260918T135137Z_c1fc1ed7,A/splitcifar100/tight/O01/0/default,O01,splitcifar100,0,resource_transition,0,182409.707713855,182409.708172179,0.0004583240079227835,1408512,1408512,2097152,2097152,167772160,0,1535660032,0,1315441664,0,0,0,0.1,0,no_interval_samples,
effectiveness_v3_20260918T135137Z_c1fc1ed7,A/splitcifar100/tight/O01/0/default,O01,splitcifar100,0,training,0,182409.728794161,182416.234073342,6.505279181001242,70750720,95481344,117440512,117440512,167772160,0,2239483904,0,2019253248,0,2239664128,0,0.1,41,,
effectiveness_v3_20260918T135137Z_c1fc1ed7,A/splitcifar100/tight/O01/0/default,O01,splitcifar100,0,evaluation,0,182416.329396817,182416.582383902,0.25298708499758504,70750720,114268672,159383552,159383552,167772160,0,2294136832,0,2073906176,0,2293227520,0,0.1,1,,
effectiveness_v3_20260918T135137Z_c1fc1ed7,A/splitcifar100/tight/O01/0/default,O01,splitcifar100,0,controller,0,182416.616563188,182416.616698244,0.00013505600509233773,70750720,70750720,159383552,159383552,167772160,0,2294136832,0,2073906176,0,0,0,0.1,0,no_interval_samples,
effectiveness_v3_20260918T135137Z_c1fc1ed7,A/splitcifar100/tight/O01/0/default,O01,splitcifar100,0,reconfiguration,0,182416.643209317,182416.645108873,0.0018995559948962182,70750720,70750720,159383552,159383552,167772160,0,2287489024,0,2067258368,0,0,0,0.1,0,no_interval_samples,
effectiveness_v3_20260918T135137Z_c1fc1ed7,A/splitcifar100/tight/O01/0/default,O01,splitcifar100,0,resource_transition,1,182416.670733381,182416.671183067,0.00044968599104322493,70750720,70750720,159383552,159383552,167772160,0,2287489024,0,2067258368,0,0,0,0.1,0,no_interval_samples,
effectiveness_v3_20260918T135137Z_c1fc1ed7,A/splitcifar100/tight/O01/0/default,O01,splitcifar100,0,training,1,182416.694689205,182424.592901273,7.898212067986606,70750720,117711872,159383552,159383552,167772160,0,2290302976,0,2070072320,0,2291056640,0,0.1,48,,
effectiveness_v3_20260918T135137Z_c1fc1ed7,A/splitcifar100/tight/O01/0/default,O01,splitcifar100,0,evaluation,1,182424.668503765,182425.083334404,0.41483063899795525,70750720,114268672,159383552,159383552,167772160,0,2295406592,0,2075175936,0,2295599104,0,0.1,2,,
effectiveness_v3_20260918T135137Z_c1fc1ed7,A/splitcifar100/tight/O01/0/default,O01,splitcifar100,0,controller,1,182425.144706533,182425.14485094,0.00014440700761042535,70750720,70750720,159383552,159383552,167772160,0,2295406592,0,2075175936,0,0,0,0.1,0,no_interval_samples,
effectiveness_v3_20260918T135137Z_c1fc1ed7,A/splitcifar100/tight/O01/0/default,O01,splitcifar100,0,reconfiguration,1,182425.173729079,182425.175345495,0.0016164160042535514,70750720,70750720,159383552,159383552,167772160,0,2295406592,0,2075175936,0,0,0,0.1,0,no_interval_samples,
effectiveness_v3_20260918T135137Z_c1fc1ed7,A/splitcifar100/tight/O01/0/default,O01,splitcifar100,0,resource_transition,2,182425.201083587,182425.201604754,0.0005211670068092644,70750720,70750720,159383552,159383552,167772160,0,2295406592,0,2075175936,0,0,0,0.1,0,no_interval_samples,
effectiveness_v3_20260918T135137Z_c1fc1ed7,A/splitcifar100/tight/O01/0/default,O01,splitcifar100,0,training,2,182425.226922837,182433.118625403,7.891702566004824,70750720,117711872,159383552,159383552,167772160,0,2290372608,0,2070141952,0,2295406592,0,0.1,49,,
effectiveness_v3_20260918T135137Z_c1fc1ed7,A/splitcifar100/tight/O01/0/default,O01,splitcifar100,0,evaluation,2,182433.182661923,182433.888996794,0.7063348710071295,70750720,114268672,159383552,159383552,167772160,0,2294947840,0,2074717184,0,2296102912,0,0.1,4,,
effectiveness_v3_20260918T135137Z_c1fc1ed7,A/splitcifar100/tight/O01/0/default,O01,splitcifar100,0,controller,2,182433.932906619,182433.933062073,0.00015545397764071822,70750720,70750720,159383552,159383552,167772160,0,2294947840,0,2074717184,0,0,0,0.1,0,no_interval_samples,
effectiveness_v3_20260918T135137Z_c1fc1ed7,A/splitcifar100/tight/O01/0/default,O01,splitcifar100,0,reconfiguration,2,182433.958049768,182433.959944018,0.0018942499882541597,70750720,70750720,159383552,159383552,167772160,0,2290208768,0,2069978112,0,0,0,0.1,0,no_interval_samples,
effectiveness_v3_20260918T135137Z_c1fc1ed7,A/splitcifar100/tight/O01/0/default,O01,splitcifar100,0,resource_transition,3,182433.982842815,182433.983381907,0.0005390919977799058,70750720,70750720,159383552,159383552,167772160,0,2290208768,0,2069978112,0,0,0,0.1,0,no_interval_samples,
effectiveness_v3_20260918T135137Z_c1fc1ed7,A/splitcifar100/tight/O01/0/default,O01,splitcifar100,0,training,3,182434.006762592,182442.040857701,8.034095109003829,70750720,117711872,159383552,159383552,167772160,0,2290872320,0,2070641664,0,2292191232,0,0.1,49,,
effectiveness_v3_20260918T135137Z_c1fc1ed7,A/splitcifar100/tight/O01/0/default,O01,splitcifar100,0,evaluation,3,182442.111697913,182443.054232324,0.9425344110059086,70750720,114268672,159383552,159383552,167772160,0,2295066624,0,2074835968,0,2295087104,0,0.1,5,,
effectiveness_v3_20260918T135137Z_c1fc1ed7,A/splitcifar100/tight/O01/0/default,O01,splitcifar100,0,controller,3,182443.109559304,182443.109703434,0.00014412999735213816,70750720,70750720,159383552,159383552,167772160,0,2295070720,0,2074840064,0,0,0,0.1,0,no_interval_samples,
effectiveness_v3_20260918T135137Z_c1fc1ed7,A/splitcifar100/tight/O01/0/default,O01,splitcifar100,0,reconfiguration,3,182443.138787711,182443.140997804,0.002210092992754653,70750720,70750720,159383552,159383552,167772160,0,2290782208,0,2070551552,0,0,0,0.1,0,no_interval_samples,
effectiveness_v3_20260918T135137Z_c1fc1ed7,A/splitcifar100/tight/O01/0/default,O01,splitcifar100,0,resource_transition,4,182443.167188322,182443.167734599,0.0005462770059239119,70750720,70750720,159383552,159383552,167772160,0,2290782208,0,2070551552,0,0,0,0.1,0,no_interval_samples,
effectiveness_v3_20260918T135137Z_c1fc1ed7,A/splitcifar100/tight/O01/0/default,O01,splitcifar100,0,training,4,182443.192848071,182451.297470588,8.104622517013922,70750720,117711872,159383552,159383552,167772160,0,2291785728,0,2071555072,0,2292576256,0,0.1,48,,
effectiveness_v3_20260918T135137Z_c1fc1ed7,A/splitcifar100/tight/O01/0/default,O01,splitcifar100,0,evaluation,4,182451.396931989,182452.582503583,1.1855715939891525,70750720,114268672,159383552,159383552,167772160,0,2295775232,0,2075544576,0,2296254464,0,0.1,7,,
effectiveness_v3_20260918T135137Z_c1fc1ed7,A/splitcifar100/tight/O01/0/default,O01,splitcifar100,0,controller,4,182452.620774379,182452.62091362,0.00013924099039286375,70750720,70750720,159383552,159383552,167772160,0,2295779328,0,2075548672,0,0,0,0.1,0,no_interval_samples,
effectiveness_v3_20260918T135137Z_c1fc1ed7,A/splitcifar100/tight/O01/0/default,O01,splitcifar100,0,reconfiguration,4,182452.649429851,182452.652520508,0.0030906570027582347,70750720,70750720,159383552,159383552,167772160,0,2295787520,0,2075556864,0,0,0,0.1,0,no_interval_samples,
effectiveness_v3_20260918T135137Z_c1fc1ed7,A/splitcifar100/tight/O01/0/default,O01,splitcifar100,0,resource_transition,5,182452.684750054,182452.685369184,0.0006191300053615123,70750720,70750720,159383552,159383552,167772160,0,2295787520,0,2075556864,0,0,0,0.1,0,no_interval_samples,
effectiveness_v3_20260918T135137Z_c1fc1ed7,A/splitcifar100/tight/O01/0/default,O01,splitcifar100,0,training,5,182452.715328924,182460.705435062,7.99010613799328,70750720,117711872,159383552,159383552,167772160,0,2292273152,0,2072042496,0,2295939072,0,0.1,49,,
effectiveness_v3_20260918T135137Z_c1fc1ed7,A/splitcifar100/tight/O01/0/default,O01,splitcifar100,0,evaluation,5,182460.775466579,182462.211252481,1.4357859019946773,70750720,114268672,159383552,159383552,167772160,0,2296262656,0,2076032000,0,2296741888,0,0.1,9,,
effectiveness_v3_20260918T135137Z_c1fc1ed7,A/splitcifar100/tight/O01/0/default,O01,splitcifar100,0,controller,5,182462.249146648,182462.249283888,0.00013723998563364148,70750720,70750720,159383552,159383552,167772160,0,2296266752,0,2076036096,0,0,0,0.1,0,no_interval_samples,
effectiveness_v3_20260918T135137Z_c1fc1ed7,A/splitcifar100/tight/O01/0/default,O01,splitcifar100,0,reconfiguration,5,182462.278211934,182462.281327008,0.003115074010565877,70750720,70750720,159383552,159383552,167772160,0,2296274944,0,2076044288,0,0,0,0.1,0,no_interval_samples,
effectiveness_v3_20260918T135137Z_c1fc1ed7,A/splitcifar100/tight/O01/0/default,O01,splitcifar100,0,resource_transition,6,182462.34068985,182462.341368313,0.0006784629949834198,70750720,70750720,159383552,159383552,167772160,0,2296274944,0,2076044288,0,0,0,0.1,0,no_interval_samples,
effectiveness_v3_20260918T135137Z_c1fc1ed7,A/splitcifar100/tight/O01/0/default,O01,splitcifar100,0,training,6,182462.373999044,182470.231453165,7.857454120996408,70750720,117711872,159383552,159383552,167772160,0,2292920320,0,2072689664,0,2296451072,0,0.1,48,,
effectiveness_v3_20260918T135137Z_c1fc1ed7,A/splitcifar100/tight/O01/0/default,O01,splitcifar100,0,evaluation,6,182470.297222877,182472.068966653,1.7717437759856693,70750720,114268672,159383552,159383552,167772160,0,2296905728,0,2076675072,0,2296926208,0,0.1,10,,
effectiveness_v3_20260918T135137Z_c1fc1ed7,A/splitcifar100/tight/O01/0/default,O01,splitcifar100,0,controller,6,182472.138138894,182472.138291746,0.00015285200788639486,70750720,70750720,159383552,159383552,167772160,0,2296905728,0,2076675072,0,0,0,0.1,0,no_interval_samples,
effectiveness_v3_20260918T135137Z_c1fc1ed7,A/splitcifar100/tight/O01/0/default,O01,splitcifar100,0,reconfiguration,6,182472.172851608,182472.174644608,0.0017930000030901283,70750720,70750720,159383552,159383552,167772160,0,2296909824,0,2076679168,0,0,0,0.1,0,no_interval_samples,
effectiveness_v3_20260918T135137Z_c1fc1ed7,A/splitcifar100/tight/O01/0/default,O01,splitcifar100,0,resource_transition,7,182472.203128979,182472.203690405,0.0005614260153379291,70750720,70750720,159383552,159383552,167772160,0,2296909824,0,2076679168,0,0,0,0.1,0,no_interval_samples,
effectiveness_v3_20260918T135137Z_c1fc1ed7,A/splitcifar100/tight/O01/0/default,O01,splitcifar100,0,training,7,182472.231071443,182480.086407837,7.855336393986363,70750720,117711872,159383552,159383552,167772160,0,2293174272,0,2072943616,0,2296909824,0,0.1,48,,
effectiveness_v3_20260918T135137Z_c1fc1ed7,A/splitcifar100/tight/O01/0/default,O01,splitcifar100,0,evaluation,7,182480.152634671,182482.210937793,2.0583031220012344,70750720,114268672,159383552,159383552,167772160,0,2293096448,0,2072865792,0,2297802752,0,0.1,12,,
effectiveness_v3_20260918T135137Z_c1fc1ed7,A/splitcifar100/tight/O01/0/default,O01,splitcifar100,0,controller,7,182482.252300376,182482.252453589,0.00015321298269554973,70750720,70750720,159383552,159383552,167772160,0,2293100544,0,2072869888,0,0,0,0.1,0,no_interval_samples,
effectiveness_v3_20260918T135137Z_c1fc1ed7,A/splitcifar100/tight/O01/0/default,O01,splitcifar100,0,reconfiguration,7,182482.280283014,182482.282074847,0.0017918329976964742,70750720,70750720,159383552,159383552,167772160,0,2293108736,0,2072878080,0,0,0,0.1,0,no_interval_samples,
effectiveness_v3_20260918T135137Z_c1fc1ed7,A/splitcifar100/tight/O01/0/default,O01,splitcifar100,0,resource_transition,8,182482.308368291,182482.308887884,0.0005195929843466729,70750720,70750720,159383552,159383552,167772160,0,2293108736,0,2072878080,0,0,0,0.1,0,no_interval_samples,
effectiveness_v3_20260918T135137Z_c1fc1ed7,A/splitcifar100/tight/O01/0/default,O01,splitcifar100,0,training,8,182482.336466624,182490.318963339,7.982496715005254,70750720,117711872,159383552,159383552,167772160,0,2293649408,0,2073418752,0,2294497280,0,0.1,49,,
effectiveness_v3_20260918T135137Z_c1fc1ed7,A/splitcifar100/tight/O01/0/default,O01,splitcifar100,0,evaluation,8,182490.401731433,182492.77910112,2.377369686990278,70750720,114268672,159383552,159383552,167772160,0,2297880576,0,2077649920,0,2298036224,0,0.1,14,,
effectiveness_v3_20260918T135137Z_c1fc1ed7,A/splitcifar100/tight/O01/0/default,O01,splitcifar100,0,controller,8,182492.819589313,182492.819711091,0.00012177799362689257,70750720,70750720,159383552,159383552,167772160,0,2297884672,0,2077654016,0,0,0,0.1,0,no_interval_samples,
effectiveness_v3_20260918T135137Z_c1fc1ed7,A/splitcifar100/tight/O01/0/default,O01,splitcifar100,0,reconfiguration,8,182492.850799618,182492.852748165,0.0019485469965729862,70750720,70750720,159383552,159383552,167772160,0,2293596160,0,2073365504,0,0,0,0.1,0,no_interval_samples,
effectiveness_v3_20260918T135137Z_c1fc1ed7,A/splitcifar100/tight/O01/0/default,O01,splitcifar100,0,resource_transition,9,182492.875622488,182492.876173646,0.0005511579802259803,70750720,70750720,159383552,159383552,167772160,0,2293596160,0,2073365504,0,0,0,0.1,0,no_interval_samples,
effectiveness_v3_20260918T135137Z_c1fc1ed7,A/splitcifar100/tight/O01/0/default,O01,splitcifar100,0,training,9,182492.904492006,182500.76738522,7.862893214012729,70750720,117711872,159383552,159383552,167772160,0,2293649408,0,2073418752,0,2294525952,0,0.1,48,,
effectiveness_v3_20260918T135137Z_c1fc1ed7,A/splitcifar100/tight/O01/0/default,O01,splitcifar100,0,evaluation,9,182500.857572811,182503.651003747,2.7934309360280167,70750720,114268672,159383552,159383552,167772160,0,2293592064,0,2073361408,0,2298302464,0,0.1,16,,
effectiveness_v3_20260918T135137Z_c1fc1ed7,A/splitcifar100/tight/O01/0/default,O01,splitcifar100,0,controller,9,182503.710294598,182503.710422468,0.00012787000741809607,70750720,70750720,159383552,159383552,167772160,0,2293592064,0,2073361408,0,0,0,0.1,0,no_interval_samples,
effectiveness_v3_20260918T135320Z_a44d2b26,A/splitcifar100/tight/O11/0/default,O11,splitcifar100,0,setup,,182510.939560711,182512.19393058,1.254369868984213,1408512,1408512,2097152,2097152,167772160,0,1535508480,0,1315302400,0,1527975936,0,0.1,7,,
effectiveness_v3_20260918T135320Z_a44d2b26,A/splitcifar100/tight/O11/0/default,O11,splitcifar100,0,resource_transition,0,182512.218025024,182512.218484403,0.0004593790217768401,1408512,1408512,2097152,2097152,167772160,0,1535537152,0,1315314688,0,0,0,0.1,0,no_interval_samples,
effectiveness_v3_20260918T135320Z_a44d2b26,A/splitcifar100/tight/O11/0/default,O11,splitcifar100,0,training,0,182512.239466042,182518.852643832,6.61317779001547,70750720,95481344,117440512,117440512,167772160,0,2239352832,0,2019118080,0,2239520768,0,0.1,42,,
effectiveness_v3_20260918T135320Z_a44d2b26,A/splitcifar100/tight/O11/0/default,O11,splitcifar100,0,evaluation,0,182518.923595784,182519.201147246,0.2775514620007016,70750720,114268672,159383552,159383552,167772160,0,2294181888,0,2073947136,0,2293268480,0,0.1,1,,
effectiveness_v3_20260918T135320Z_a44d2b26,A/splitcifar100/tight/O11/0/default,O11,splitcifar100,0,controller,0,182519.234511701,182519.234660506,0.00014880497474223375,70750720,70750720,159383552,159383552,167772160,0,2294181888,0,2073947136,0,0,0,0.1,0,no_interval_samples,
effectiveness_v3_20260918T135320Z_a44d2b26,A/splitcifar100/tight/O11/0/default,O11,splitcifar100,0,reconfiguration,0,182519.282303396,182519.28265798,0.00035458398633636534,70750720,70750720,159383552,159383552,167772160,0,2294181888,0,2073947136,0,0,0,0.1,0,no_interval_samples,
effectiveness_v3_20260918T135320Z_a44d2b26,A/splitcifar100/tight/O11/0/default,O11,splitcifar100,0,resource_transition,1,182519.31189599,182519.31243736,0.0005413700127974153,70750720,70750720,159383552,159383552,167772160,0,2294181888,0,2073947136,0,0,0,0.1,0,no_interval_samples,
effectiveness_v3_20260918T135320Z_a44d2b26,A/splitcifar100/tight/O11/0/default,O11,splitcifar100,0,training,1,182519.33972837,182533.47391187,14.134183500020299,72984064,121942528,161480704,161480704,167772160,0,2416611328,0,2196376576,0,2400161792,0,0.1,88,,
effectiveness_v3_20260918T135320Z_a44d2b26,A/splitcifar100/tight/O11/0/default,O11,splitcifar100,0,evaluation,1,182533.575065627,182534.059938129,0.4848725020128768,72984064,116502016,161480704,161480704,167772160,0,2420318208,0,2200083456,0,2421829632,0,0.1,3,,
effectiveness_v3_20260918T135320Z_a44d2b26,A/splitcifar100/tight/O11/0/default,O11,splitcifar100,0,controller,1,182534.098829582,182534.098987517,0.0001579349918756634,72984064,72984064,161480704,161480704,167772160,0,2420318208,0,2200083456,0,0,0,0.1,0,no_interval_samples,
effectiveness_v3_20260918T135320Z_a44d2b26,A/splitcifar100/tight/O11/0/default,O11,splitcifar100,0,reconfiguration,1,182534.129331229,182534.130011368,0.0006801389972679317,72984064,72984064,161480704,161480704,167772160,0,2420318208,0,2200083456,0,0,0,0.1,0,no_interval_samples,
effectiveness_v3_20260918T135320Z_a44d2b26,A/splitcifar100/tight/O11/0/default,O11,splitcifar100,0,resource_transition,2,182534.170408719,182534.171043377,0.0006346580048557371,72984064,72984064,161480704,161480704,167772160,0,2420318208,0,2200083456,0,0,0,0.1,0,no_interval_samples,
effectiveness_v3_20260918T135320Z_a44d2b26,A/splitcifar100/tight/O11/0/default,O11,splitcifar100,0,training,2,182534.199906422,182534.282037615,0.08213119299034588,146622976,151111168,167772160,167772160,167772160,0,2440658944,0,2220018688,0,0,0,0.1,0,no_interval_samples,failed
effectiveness_v3_20260918T135350Z_94fffae9,A/splitcifar100/tight/R11/0/default,R11,splitcifar100,0,setup,,182541.459360498,182542.715193542,1.2558330440078862,1408512,1408512,2097152,2097152,167772160,0,1537527808,0,1317338112,0,1530011648,0,0.1,7,,
effectiveness_v3_20260918T135350Z_94fffae9,A/splitcifar100/tight/R11/0/default,R11,splitcifar100,0,resource_transition,0,182542.743148134,182542.743615505,0.0004673709918279201,1408512,1408512,2097152,2097152,167772160,0,1537572864,0,1317338112,0,0,0,0.1,0,no_interval_samples,
effectiveness_v3_20260918T135350Z_94fffae9,A/splitcifar100/tight/R11/0/default,R11,splitcifar100,0,training,0,182542.764535032,182549.279207164,6.5146721320052166,70750720,95481344,117440512,117440512,167772160,0,2241376256,0,2021141504,0,2241560576,0,0.1,41,,
effectiveness_v3_20260918T135350Z_94fffae9,A/splitcifar100/tight/R11/0/default,R11,splitcifar100,0,evaluation,0,182549.344645462,182549.646927875,0.30228241300210357,70750720,114268672,159383552,159383552,167772160,0,2296020992,0,2075786240,0,2295111680,0,0.1,2,,
effectiveness_v3_20260918T135350Z_94fffae9,A/splitcifar100/tight/R11/0/default,R11,splitcifar100,0,controller,0,182549.680120737,182549.680253913,0.0001331759849563241,70750720,70750720,159383552,159383552,167772160,0,2296020992,0,2075786240,0,0,0,0.1,0,no_interval_samples,
effectiveness_v3_20260918T135350Z_94fffae9,A/splitcifar100/tight/R11/0/default,R11,splitcifar100,0,reconfiguration,0,182549.708621497,182549.708930562,0.00030906498432159424,70750720,70750720,159383552,159383552,167772160,0,2296020992,0,2075786240,0,0,0,0.1,0,no_interval_samples,
effectiveness_v3_20260918T135350Z_94fffae9,A/splitcifar100/tight/R11/0/default,R11,splitcifar100,0,resource_transition,1,182549.734914266,182549.735482886,0.0005686199874617159,70750720,70750720,159383552,159383552,167772160,0,2296020992,0,2075786240,0,0,0,0.1,0,no_interval_samples,
effectiveness_v3_20260918T135350Z_94fffae9,A/splitcifar100/tight/R11/0/default,R11,splitcifar100,0,training,1,182549.763244683,182557.254483314,7.491238630987937,70750720,121942528,159383552,159383552,167772160,0,2291482624,0,2071247872,0,2297163776,0,0.1,46,,
effectiveness_v3_20260918T135350Z_94fffae9,A/splitcifar100/tight/R11/0/default,R11,splitcifar100,0,evaluation,1,182557.320399396,182557.766968658,0.44656926198513247,70750720,114268672,159383552,159383552,167772160,0,2296123392,0,2075888640,0,2298167296,0,0.1,3,,
effectiveness_v3_20260918T135350Z_94fffae9,A/splitcifar100/tight/R11/0/default,R11,splitcifar100,0,controller,1,182557.801069648,182557.80120312,0.00013347200001589954,70750720,70750720,159383552,159383552,167772160,0,2296123392,0,2075888640,0,0,0,0.1,0,no_interval_samples,
effectiveness_v3_20260918T135350Z_94fffae9,A/splitcifar100/tight/R11/0/default,R11,splitcifar100,0,reconfiguration,1,182557.828241147,182557.828698647,0.000457499991171062,70750720,70750720,159383552,159383552,167772160,0,2296123392,0,2075888640,0,0,0,0.1,0,no_interval_samples,
effectiveness_v3_20260918T135350Z_94fffae9,A/splitcifar100/tight/R11/0/default,R11,splitcifar100,0,resource_transition,2,182557.853591017,182557.854225101,0.0006340840191114694,70750720,70750720,159383552,159383552,167772160,0,2296123392,0,2075888640,0,0,0,0.1,0,no_interval_samples,
effectiveness_v3_20260918T135350Z_94fffae9,A/splitcifar100/tight/R11/0/default,R11,splitcifar100,0,training,2,182557.908442813,182565.473352318,7.564909504988464,70750720,121942528,159383552,159383552,167772160,0,2291994624,0,2071759872,0,2296565760,0,0.1,46,,
effectiveness_v3_20260918T135350Z_94fffae9,A/splitcifar100/tight/R11/0/default,R11,splitcifar100,0,evaluation,2,182565.542753597,182566.25562963,0.7128760330087971,70750720,114268672,159383552,159383552,167772160,0,2296152064,0,2075917312,0,2296152064,0,0.1,4,,
effectiveness_v3_20260918T135350Z_94fffae9,A/splitcifar100/tight/R11/0/default,R11,splitcifar100,0,controller,2,182566.287032315,182566.287173259,0.00014094400103203952,70750720,70750720,159383552,159383552,167772160,0,2296152064,0,2075917312,0,0,0,0.1,0,no_interval_samples,
effectiveness_v3_20260918T135350Z_94fffae9,A/splitcifar100/tight/R11/0/default,R11,splitcifar100,0,reconfiguration,2,182566.315674583,182566.316355185,0.0006806020101066679,70750720,70750720,159383552,159383552,167772160,0,2296152064,0,2075917312,0,0,0,0.1,0,no_interval_samples,
effectiveness_v3_20260918T135350Z_94fffae9,A/splitcifar100/tight/R11/0/default,R11,splitcifar100,0,resource_transition,3,182566.342210323,182566.342780878,0.0005705550138372928,70750720,70750720,159383552,159383552,167772160,0,2296152064,0,2075917312,0,0,0,0.1,0,no_interval_samples,
effectiveness_v3_20260918T135350Z_94fffae9,A/splitcifar100/tight/R11/0/default,R11,splitcifar100,0,training,3,182566.368601359,182573.931371136,7.562769776995992,70750720,121942528,159383552,159383552,167772160,0,2292850688,0,2072615936,0,2296152064,0,0.1,46,,
effectiveness_v3_20260918T135350Z_94fffae9,A/splitcifar100/tight/R11/0/default,R11,splitcifar100,0,evaluation,3,182574.021794416,182574.89193446,0.8701400439895224,70750720,114268672,159383552,159383552,167772160,0,2297004032,0,2076769280,0,2297008128,0,0.1,5,,
effectiveness_v3_20260918T135350Z_94fffae9,A/splitcifar100/tight/R11/0/default,R11,splitcifar100,0,controller,3,182574.92653357,182574.926654496,0.00012092600809410214,70750720,70750720,159383552,159383552,167772160,0,2297008128,0,2076773376,0,0,0,0.1,0,no_interval_samples,
effectiveness_v3_20260918T135350Z_94fffae9,A/splitcifar100/tight/R11/0/default,R11,splitcifar100,0,reconfiguration,3,182574.954420783,182574.955116699,0.0006959160091355443,70750720,70750720,159383552,159383552,167772160,0,2297008128,0,2076773376,0,0,0,0.1,0,no_interval_samples,
effectiveness_v3_20260918T135350Z_94fffae9,A/splitcifar100/tight/R11/0/default,R11,splitcifar100,0,resource_transition,4,182574.977088754,182574.97768131,0.0005925559962633997,70750720,70750720,159383552,159383552,167772160,0,2297008128,0,2076773376,0,0,0,0.1,0,no_interval_samples,
effectiveness_v3_20260918T135350Z_94fffae9,A/splitcifar100/tight/R11/0/default,R11,splitcifar100,0,training,4,182575.004311144,182583.094115561,8.089804416988045,70750720,121942528,159383552,159383552,167772160,0,2293538816,0,2073304064,0,2297024512,0,0.1,49,,
effectiveness_v3_20260918T135350Z_94fffae9,A/splitcifar100/tight/R11/0/default,R11,splitcifar100,0,evaluation,4,182583.162815211,182584.383919508,1.2211042970011476,70750720,114268672,159383552,159383552,167772160,0,2297610240,0,2077375488,0,2299129856,0,0.1,8,,
effectiveness_v3_20260918T135350Z_94fffae9,A/splitcifar100/tight/R11/0/default,R11,splitcifar100,0,controller,4,182584.42685498,182584.426994582,0.00013960199430584908,70750720,70750720,159383552,159383552,167772160,0,2297610240,0,2077375488,0,0,0,0.1,0,no_interval_samples,
effectiveness_v3_20260918T135350Z_94fffae9,A/splitcifar100/tight/R11/0/default,R11,splitcifar100,0,reconfiguration,4,182584.457133072,182584.457921424,0.0007883520156610757,70750720,70750720,159383552,159383552,167772160,0,2297610240,0,2077375488,0,0,0,0.1,0,no_interval_samples,
effectiveness_v3_20260918T135350Z_94fffae9,A/splitcifar100/tight/R11/0/default,R11,splitcifar100,0,resource_transition,5,182584.484958358,182584.485539423,0.0005810650181956589,70750720,70750720,159383552,159383552,167772160,0,2297610240,0,2077375488,0,0,0,0.1,0,no_interval_samples,
effectiveness_v3_20260918T135350Z_94fffae9,A/splitcifar100/tight/R11/0/default,R11,splitcifar100,0,training,5,182584.511645839,182592.179849388,7.668203548993915,70750720,121942528,159383552,159383552,167772160,0,2293952512,0,2073717760,0,2297610240,0,0.1,47,,
effectiveness_v3_20260918T135350Z_94fffae9,A/splitcifar100/tight/R11/0/default,R11,splitcifar100,0,evaluation,5,182592.265236796,182593.84743146,1.582194663991686,70750720,114268672,159383552,159383552,167772160,0,2298097664,0,2077862912,0,2298511360,0,0.1,10,,
effectiveness_v3_20260918T135350Z_94fffae9,A/splitcifar100/tight/R11/0/default,R11,splitcifar100,0,controller,5,182593.905031063,182593.905174868,0.00014380499487742782,70750720,70750720,159383552,159383552,167772160,0,2298105856,0,2077871104,0,0,0,0.1,0,no_interval_samples,
effectiveness_v3_20260918T135350Z_94fffae9,A/splitcifar100/tight/R11/0/default,R11,splitcifar100,0,reconfiguration,5,182593.935251814,182593.936208545,0.0009567310044076294,70750720,70750720,159383552,159383552,167772160,0,2298105856,0,2077871104,0,0,0,0.1,0,no_interval_samples,
effectiveness_v3_20260918T135350Z_94fffae9,A/splitcifar100/tight/R11/0/default,R11,splitcifar100,0,resource_transition,6,182593.962790694,182593.963308546,0.0005178519932087511,70750720,70750720,159383552,159383552,167772160,0,2298105856,0,2077871104,0,0,0,0.1,0,no_interval_samples,
effectiveness_v3_20260918T135350Z_94fffae9,A/splitcifar100/tight/R11/0/default,R11,splitcifar100,0,training,6,182593.990000657,182601.652482255,7.662481598003069,70750720,121942528,159383552,159383552,167772160,0,2294145024,0,2073910272,0,2298105856,0,0.1,47,,
effectiveness_v3_20260918T135350Z_94fffae9,A/splitcifar100/tight/R11/0/default,R11,splitcifar100,0,evaluation,6,182601.716390386,182603.342361411,1.6259710250014905,70750720,114268672,159383552,159383552,167772160,0,2298757120,0,2078522368,0,2298769408,0,0.1,10,,
effectiveness_v3_20260918T135350Z_94fffae9,A/splitcifar100/tight/R11/0/default,R11,splitcifar100,0,controller,6,182603.379379328,182603.379523346,0.00014401800581254065,70750720,70750720,159383552,159383552,167772160,0,2298765312,0,2078530560,0,0,0,0.1,0,no_interval_samples,
effectiveness_v3_20260918T135350Z_94fffae9,A/splitcifar100/tight/R11/0/default,R11,splitcifar100,0,reconfiguration,6,182603.407454903,182603.408506467,0.0010515640024095774,70750720,70750720,159383552,159383552,167772160,0,2298765312,0,2078530560,0,0,0,0.1,0,no_interval_samples,
effectiveness_v3_20260918T135350Z_94fffae9,A/splitcifar100/tight/R11/0/default,R11,splitcifar100,0,resource_transition,7,182603.433625903,182603.434206931,0.000581027998123318,70750720,70750720,159383552,159383552,167772160,0,2298765312,0,2078530560,0,0,0,0.1,0,no_interval_samples,
effectiveness_v3_20260918T135350Z_94fffae9,A/splitcifar100/tight/R11/0/default,R11,splitcifar100,0,training,7,182603.460320006,182610.717976855,7.257656848989427,70750720,126998016,159383552,159383552,167772160,0,2295046144,0,2074811392,0,2299580416,0,0.1,45,,
effectiveness_v3_20260918T135350Z_94fffae9,A/splitcifar100/tight/R11/0/default,R11,splitcifar100,0,evaluation,7,182610.812723107,182612.760716915,1.9479938080185093,70750720,114268672,159383552,159383552,167772160,0,2299179008,0,2078944256,0,2299404288,0,0.1,11,,
effectiveness_v3_20260918T135350Z_94fffae9,A/splitcifar100/tight/R11/0/default,R11,splitcifar100,0,controller,7,182612.826116117,182612.82627446,0.00015834299847483635,70750720,70750720,159383552,159383552,167772160,0,2299183104,0,2078948352,0,0,0,0.1,0,no_interval_samples,
effectiveness_v3_20260918T135350Z_94fffae9,A/splitcifar100/tight/R11/0/default,R11,splitcifar100,0,reconfiguration,7,182612.857438422,182612.858673024,0.0012346019793767482,70750720,70750720,159383552,159383552,167772160,0,2299183104,0,2078948352,0,0,0,0.1,0,no_interval_samples,
effectiveness_v3_20260918T135350Z_94fffae9,A/splitcifar100/tight/R11/0/default,R11,splitcifar100,0,resource_transition,8,182612.885285181,182612.885833829,0.0005486480076797307,70750720,70750720,159383552,159383552,167772160,0,2299183104,0,2078948352,0,0,0,0.1,0,no_interval_samples,
effectiveness_v3_20260918T135350Z_94fffae9,A/splitcifar100/tight/R11/0/default,R11,splitcifar100,0,training,8,182612.911733662,182620.208255143,7.296521480981028,70750720,126998016,159383552,159383552,167772160,0,2295128064,0,2074893312,0,2299183104,0,0.1,45,,
effectiveness_v3_20260918T135350Z_94fffae9,A/splitcifar100/tight/R11/0/default,R11,splitcifar100,0,evaluation,8,182620.277718561,182622.892662766,2.6149442050082143,70750720,114268672,159383552,159383552,167772160,0,2295037952,0,2074803200,0,2299752448,0,0.1,16,,
effectiveness_v3_20260918T135350Z_94fffae9,A/splitcifar100/tight/R11/0/default,R11,splitcifar100,0,controller,8,182622.938255766,182622.938406154,0.0001503879902884364,70750720,70750720,159383552,159383552,167772160,0,2295037952,0,2074803200,0,0,0,0.1,0,no_interval_samples,
effectiveness_v3_20260918T135350Z_94fffae9,A/splitcifar100/tight/R11/0/default,R11,splitcifar100,0,reconfiguration,8,182622.971692135,182622.973022691,0.0013305559987202287,70750720,70750720,159383552,159383552,167772160,0,2295037952,0,2074803200,0,0,0,0.1,0,no_interval_samples,
effectiveness_v3_20260918T135350Z_94fffae9,A/splitcifar100/tight/R11/0/default,R11,splitcifar100,0,resource_transition,9,182623.001036894,182623.001613838,0.0005769439740106463,70750720,70750720,159383552,159383552,167772160,0,2295037952,0,2074803200,0,0,0,0.1,0,no_interval_samples,
effectiveness_v3_20260918T135350Z_94fffae9,A/splitcifar100/tight/R11/0/default,R11,splitcifar100,0,training,9,182623.03092494,182630.471964836,7.441039896017173,70750720,126998016,159383552,159383552,167772160,0,2295586816,0,2075352064,0,2296786944,0,0.1,45,,
effectiveness_v3_20260918T135350Z_94fffae9,A/splitcifar100/tight/R11/0/default,R11,splitcifar100,0,evaluation,9,182630.53733643,182633.411377462,2.874041032016976,70750720,114268672,159383552,159383552,167772160,0,2300243968,0,2080009216,0,2301247488,0,0.1,17,,
effectiveness_v3_20260918T135350Z_94fffae9,A/splitcifar100/tight/R11/0/default,R11,splitcifar100,0,controller,9,182633.455598788,182633.455722038,0.00012325000716373324,70750720,70750720,159383552,159383552,167772160,0,2300243968,0,2080009216,0,0,0,0.1,0,no_interval_samples,
effectiveness_v3_20260918T135529Z_f109dbc3,A/splitcifar100/tight/F11/0/default,F11,splitcifar100,0,setup,,182640.616866412,182641.868051869,1.2511854570184369,1408512,1408512,2097152,2097152,167772160,0,1535619072,0,1315425280,0,1531850752,0,0.1,9,,
effectiveness_v3_20260918T135529Z_f109dbc3,A/splitcifar100/tight/F11/0/default,F11,splitcifar100,0,resource_transition,0,182641.891833091,182641.892278591,0.0004454999871086329,1408512,1408512,2097152,2097152,167772160,0,1535660032,0,1315437568,0,0,0,0.1,0,no_interval_samples,
effectiveness_v3_20260918T135529Z_f109dbc3,A/splitcifar100/tight/F11/0/default,F11,splitcifar100,0,training,0,182641.912347351,182654.807006393,12.894659042009152,72984064,96682496,119537664,119537664,167772160,0,2354556928,0,2134322176,0,2339753984,0,0.1,82,,
effectiveness_v3_20260918T135529Z_f109dbc3,A/splitcifar100/tight/F11/0/default,F11,splitcifar100,0,evaluation,0,182654.873298705,182655.153471364,0.28017265899688937,72984064,116502016,161480704,161480704,167772160,0,2405183488,0,2184948736,0,2404265984,0,0.1,2,,
effectiveness_v3_20260918T135529Z_f109dbc3,A/splitcifar100/tight/F11/0/default,F11,splitcifar100,0,controller,0,182655.187595235,182655.187728495,0.00013325997861102223,72984064,72984064,161480704,161480704,167772160,0,2405183488,0,2184948736,0,0,0,0.1,0,no_interval_samples,
effectiveness_v3_20260918T135529Z_f109dbc3,A/splitcifar100/tight/F11/0/default,F11,splitcifar100,0,reconfiguration,0,182655.215449532,182655.215971449,0.0005219170125201344,72984064,72984064,161480704,161480704,167772160,0,2405183488,0,2184948736,0,0,0,0.1,0,no_interval_samples,
effectiveness_v3_20260918T135529Z_f109dbc3,A/splitcifar100/tight/F11/0/default,F11,splitcifar100,0,resource_transition,1,182655.267130385,182655.267700117,0.0005697319866158068,72984064,72984064,161480704,161480704,167772160,0,2405183488,0,2184948736,0,0,0,0.1,0,no_interval_samples,
effectiveness_v3_20260918T135529Z_f109dbc3,A/splitcifar100/tight/F11/0/default,F11,splitcifar100,0,training,1,182655.295853645,182655.40468384,0.10883019500761293,145802752,151111168,167772160,167772160,167772160,0,2426265600,0,2205625344,0,2422132736,0,0.1,1,,failed
effectiveness_v3_20260918T135551Z_aa5dd7bf,A/splitcifar100/tight/S_star/1/default,S_star,splitcifar100,1,setup,,182662.575854324,182663.826757434,1.2509031099907588,1408512,1408512,2097152,2097152,167772160,0,1537515520,0,1317313536,0,1529987072,0,0.1,7,,
effectiveness_v3_20260918T135551Z_aa5dd7bf,A/splitcifar100/tight/S_star/1/default,S_star,splitcifar100,1,resource_transition,0,182663.854503304,182663.854967406,0.00046410199138335884,1408512,1408512,2097152,2097152,167772160,0,1537548288,0,1317313536,0,0,0,0.1,0,no_interval_samples,
effectiveness_v3_20260918T135551Z_aa5dd7bf,A/splitcifar100/tight/S_star/1/default,S_star,splitcifar100,1,training,0,182663.876769655,182670.391815818,6.515046162996441,70750720,95481344,117440512,117440512,167772160,0,2241654784,0,2021420032,0,2241572864,0,0.1,41,,
effectiveness_v3_20260918T135551Z_aa5dd7bf,A/splitcifar100/tight/S_star/1/default,S_star,splitcifar100,1,evaluation,0,182670.479367089,182670.727471636,0.2481045470049139,70750720,114268672,159383552,159383552,167772160,0,2296283136,0,2076048384,0,2295373824,0,0.1,1,,
effectiveness_v3_20260918T135551Z_aa5dd7bf,A/splitcifar100/tight/S_star/1/default,S_star,splitcifar100,1,resource_transition,1,182670.760707246,182670.761226496,0.0005192499957047403,70750720,70750720,159383552,159383552,167772160,0,2296283136,0,2076048384,0,0,0,0.1,0,no_interval_samples,
effectiveness_v3_20260918T135551Z_aa5dd7bf,A/splitcifar100/tight/S_star/1/default,S_star,splitcifar100,1,training,1,182670.794688699,182678.36136459,7.566675890993793,70750720,121942528,159383552,159383552,167772160,0,2292162560,0,2071927808,0,2297847808,0,0.1,46,,
effectiveness_v3_20260918T135551Z_aa5dd7bf,A/splitcifar100/tight/S_star/1/default,S_star,splitcifar100,1,evaluation,1,182678.428898971,182678.905856031,0.47695705998921767,70750720,114268672,159383552,159383552,167772160,0,2296811520,0,2076576768,0,2298875904,0,0.1,3,,
effectiveness_v3_20260918T135551Z_aa5dd7bf,A/splitcifar100/tight/S_star/1/default,S_star,splitcifar100,1,resource_transition,2,182678.942110125,182678.942700347,0.0005902219854760915,70750720,70750720,159383552,159383552,167772160,0,2296811520,0,2076576768,0,0,0,0.1,0,no_interval_samples,
effectiveness_v3_20260918T135551Z_aa5dd7bf,A/splitcifar100/tight/S_star/1/default,S_star,splitcifar100,1,training,2,182678.987003006,182686.769576477,7.782573470991338,70750720,121942528,159383552,159383552,167772160,0,2292736000,0,2072501248,0,2296991744,0,0.1,46,,
effectiveness_v3_20260918T135551Z_aa5dd7bf,A/splitcifar100/tight/S_star/1/default,S_star,splitcifar100,1,evaluation,2,182686.856259192,182687.578681342,0.7224221500218846,70750720,114268672,159383552,159383552,167772160,0,2296827904,0,2076593152,0,2297303040,0,0.1,4,,
effectiveness_v3_20260918T135551Z_aa5dd7bf,A/splitcifar100/tight/S_star/1/default,S_star,splitcifar100,1,resource_transition,3,182687.61613923,182687.616743045,0.0006038149876985699,70750720,70750720,159383552,159383552,167772160,0,2296827904,0,2076593152,0,0,0,0.1,0,no_interval_samples,
effectiveness_v3_20260918T135551Z_aa5dd7bf,A/splitcifar100/tight/S_star/1/default,S_star,splitcifar100,1,training,3,182687.647851359,182695.198024754,7.55017339499318,70750720,121942528,159383552,159383552,167772160,0,2293215232,0,2072980480,0,2294317056,0,0.1,46,,
effectiveness_v3_20260918T135551Z_aa5dd7bf,A/splitcifar100/tight/S_star/1/default,S_star,splitcifar100,1,evaluation,3,182695.268476013,182696.219312075,0.950836061994778,70750720,114268672,159383552,159383552,167772160,0,2297139200,0,2076904448,0,2297167872,0,0.1,6,,
effectiveness_v3_20260918T135551Z_aa5dd7bf,A/splitcifar100/tight/S_star/1/default,S_star,splitcifar100,1,resource_transition,4,182696.256033231,182696.256594157,0.000560925982426852,70750720,70750720,159383552,159383552,167772160,0,2297139200,0,2076904448,0,0,0,0.1,0,no_interval_samples,
effectiveness_v3_20260918T135551Z_aa5dd7bf,A/splitcifar100/tight/S_star/1/default,S_star,splitcifar100,1,training,4,182696.286343629,182703.810650626,7.524306996987434,70750720,121942528,159383552,159383552,167772160,0,2293006336,0,2072771584,0,2297143296,0,0.1,46,,
effectiveness_v3_20260918T135551Z_aa5dd7bf,A/splitcifar100/tight/S_star/1/default,S_star,splitcifar100,1,evaluation,4,182703.881351125,182704.991582671,1.1102315460157115,70750720,114268672,159383552,159383552,167772160,0,2298122240,0,2077887488,0,2298671104,0,0.1,7,,
effectiveness_v3_20260918T135551Z_aa5dd7bf,A/splitcifar100/tight/S_star/1/default,S_star,splitcifar100,1,resource_transition,5,182705.028029115,182705.028587986,0.0005588709900621325,70750720,70750720,159383552,159383552,167772160,0,2298122240,0,2077887488,0,0,0,0.1,0,no_interval_samples,
effectiveness_v3_20260918T135551Z_aa5dd7bf,A/splitcifar100/tight/S_star/1/default,S_star,splitcifar100,1,training,5,182705.058957328,182712.48396504,7.425007712008664,70750720,121942528,159383552,159383552,167772160,0,2292981760,0,2072747008,0,2298138624,0,0.1,46,,
effectiveness_v3_20260918T135551Z_aa5dd7bf,A/splitcifar100/tight/S_star/1/default,S_star,splitcifar100,1,evaluation,5,182712.547163023,182714.01085658,1.463693556986982,70750720,114268672,159383552,159383552,167772160,0,2297131008,0,2076896256,0,2297606144,0,0.1,9,,
effectiveness_v3_20260918T135551Z_aa5dd7bf,A/splitcifar100/tight/S_star/1/default,S_star,splitcifar100,1,resource_transition,6,182714.049495644,182714.05028881,0.0007931659929454327,70750720,70750720,159383552,159383552,167772160,0,2297131008,0,2076896256,0,0,0,0.1,0,no_interval_samples,
effectiveness_v3_20260918T135551Z_aa5dd7bf,A/splitcifar100/tight/S_star/1/default,S_star,splitcifar100,1,training,6,182714.112368578,182721.559888144,7.44751956599066,70750720,121942528,159383552,159383552,167772160,0,2293026816,0,2072792064,0,2297614336,0,0.1,45,,
effectiveness_v3_20260918T135551Z_aa5dd7bf,A/splitcifar100/tight/S_star/1/default,S_star,splitcifar100,1,evaluation,6,182721.659490999,182723.424654128,1.7651631289918441,70750720,114268672,159383552,159383552,167772160,0,2297167872,0,2076933120,0,2297188352,0,0.1,10,,
effectiveness_v3_20260918T135551Z_aa5dd7bf,A/splitcifar100/tight/S_star/1/default,S_star,splitcifar100,1,resource_transition,7,182723.480064999,182723.480692332,0.0006273330072872341,70750720,70750720,159383552,159383552,167772160,0,2297167872,0,2076933120,0,0,0,0.1,0,no_interval_samples,
effectiveness_v3_20260918T135551Z_aa5dd7bf,A/splitcifar100/tight/S_star/1/default,S_star,splitcifar100,1,training,7,182723.512430008,182730.99176939,7.479339382000035,70750720,121942528,159383552,159383552,167772160,0,2293288960,0,2073054208,0,2297577472,0,0.1,46,,
effectiveness_v3_20260918T135551Z_aa5dd7bf,A/splitcifar100/tight/S_star/1/default,S_star,splitcifar100,1,evaluation,7,182731.054205945,182733.29398385,2.239777904993389,70750720,114268672,159383552,159383552,167772160,0,2292994048,0,2072759296,0,2297241600,0,0.1,14,,
effectiveness_v3_20260918T135551Z_aa5dd7bf,A/splitcifar100/tight/S_star/1/default,S_star,splitcifar100,1,resource_transition,8,182733.334031823,182733.334757351,0.0007255279924720526,70750720,70750720,159383552,159383552,167772160,0,2292994048,0,2072759296,0,0,0,0.1,0,no_interval_samples,
effectiveness_v3_20260918T135551Z_aa5dd7bf,A/splitcifar100/tight/S_star/1/default,S_star,splitcifar100,1,training,8,182733.366118953,182741.099675654,7.73355670098681,70750720,121942528,159383552,159383552,167772160,0,2293297152,0,2073062400,0,2294075392,0,0.1,47,,
effectiveness_v3_20260918T135551Z_aa5dd7bf,A/splitcifar100/tight/S_star/1/default,S_star,splitcifar100,1,evaluation,8,182741.173464202,182743.566939239,2.393475037009921,70750720,114268672,159383552,159383552,167772160,0,2297229312,0,2076994560,0,2297249792,0,0.1,14,,
effectiveness_v3_20260918T135551Z_aa5dd7bf,A/splitcifar100/tight/S_star/1/default,S_star,splitcifar100,1,resource_transition,9,182743.609429072,182743.610046488,0.0006174159934744239,70750720,70750720,159383552,159383552,167772160,0,2297229312,0,2076994560,0,0,0,0.1,0,no_interval_samples,
effectiveness_v3_20260918T135551Z_aa5dd7bf,A/splitcifar100/tight/S_star/1/default,S_star,splitcifar100,1,training,9,182743.645854571,182751.365360556,7.719505985005526,70750720,121942528,159383552,159383552,167772160,0,2293325824,0,2073091072,0,2297589760,0,0.1,47,,
effectiveness_v3_20260918T135551Z_aa5dd7bf,A/splitcifar100/tight/S_star/1/default,S_star,splitcifar100,1,evaluation,9,182751.429057277,182754.398474654,2.9694173769967165,70750720,114268672,159383552,159383552,167772160,0,2293030912,0,2072796160,0,2297278464,0,0.1,18,,
effectiveness_v3_20260918T135730Z_5faec831,A/splitcifar100/tight/O00/1/default,O00,splitcifar100,1,setup,,182761.686012072,182762.935868792,1.2498567200091202,1408512,1408512,2097152,2097152,167772160,0,1535623168,0,1315425280,0,1528090624,0,0.1,7,,
effectiveness_v3_20260918T135730Z_5faec831,A/splitcifar100/tight/O00/1/default,O00,splitcifar100,1,resource_transition,0,182762.959676449,182762.96014832,0.0004718709969893098,1408512,1408512,2097152,2097152,167772160,0,1535655936,0,1315437568,0,0,0,0.1,0,no_interval_samples,
effectiveness_v3_20260918T135730Z_5faec831,A/splitcifar100/tight/O00/1/default,O00,splitcifar100,1,training,0,182762.981049606,182769.510014784,6.528965178004,70750720,95481344,117440512,117440512,167772160,0,2239492096,0,2019261440,0,2239668224,0,0.1,41,,
effectiveness_v3_20260918T135730Z_5faec831,A/splitcifar100/tight/O00/1/default,O00,splitcifar100,1,evaluation,0,182769.575869212,182769.825242482,0.249373269994976,70750720,114268672,159383552,159383552,167772160,0,2294140928,0,2073910272,0,2293235712,0,0.1,1,,
effectiveness_v3_20260918T135730Z_5faec831,A/splitcifar100/tight/O00/1/default,O00,splitcifar100,1,controller,0,182769.858545897,182769.858709304,0.0001634070067666471,70750720,70750720,159383552,159383552,167772160,0,2294140928,0,2073910272,0,0,0,0.1,0,no_interval_samples,
effectiveness_v3_20260918T135730Z_5faec831,A/splitcifar100/tight/O00/1/default,O00,splitcifar100,1,reconfiguration,0,182769.894147922,182769.896246006,0.0020980840199626982,70750720,70750720,159383552,159383552,167772160,0,2287493120,0,2067262464,0,0,0,0.1,0,no_interval_samples,
effectiveness_v3_20260918T135730Z_5faec831,A/splitcifar100/tight/O00/1/default,O00,splitcifar100,1,resource_transition,1,182769.92361831,182769.924164967,0.0005466570146381855,70750720,70750720,159383552,159383552,167772160,0,2287493120,0,2067262464,0,0,0,0.1,0,no_interval_samples,
effectiveness_v3_20260918T135730Z_5faec831,A/splitcifar100/tight/O00/1/default,O00,splitcifar100,1,training,1,182769.950153975,182777.851180399,7.901026424020529,70750720,117711872,159383552,159383552,167772160,0,2290290688,0,2070060032,0,2290864128,0,0.1,49,,
effectiveness_v3_20260918T135730Z_5faec831,A/splitcifar100/tight/O00/1/default,O00,splitcifar100,1,evaluation,1,182777.917756021,182778.378781605,0.461025583994342,70750720,114268672,159383552,159383552,167772160,0,2294923264,0,2074692608,0,2296905728,0,0.1,2,,
effectiveness_v3_20260918T135730Z_5faec831,A/splitcifar100/tight/O00/1/default,O00,splitcifar100,1,controller,1,182778.415162605,182778.415321864,0.00015925901243463159,70750720,70750720,159383552,159383552,167772160,0,2294923264,0,2074692608,0,0,0,0.1,0,no_interval_samples,
effectiveness_v3_20260918T135730Z_5faec831,A/splitcifar100/tight/O00/1/default,O00,splitcifar100,1,reconfiguration,1,182778.451041058,182778.452917798,0.0018767399888020009,70750720,70750720,159383552,159383552,167772160,0,2294923264,0,2074692608,0,0,0,0.1,0,no_interval_samples,
effectiveness_v3_20260918T135730Z_5faec831,A/splitcifar100/tight/O00/1/default,O00,splitcifar100,1,resource_transition,2,182778.484648076,182778.485226224,0.0005781479994766414,70750720,70750720,159383552,159383552,167772160,0,2294923264,0,2074692608,0,0,0,0.1,0,no_interval_samples,
effectiveness_v3_20260918T135730Z_5faec831,A/splitcifar100/tight/O00/1/default,O00,splitcifar100,1,training,2,182778.51268739,182785.789399554,7.2767121639917605,70750720,117711872,159383552,159383552,167772160,0,2290298880,0,2070068224,0,2294984704,0,0.1,45,,
effectiveness_v3_20260918T135730Z_5faec831,A/splitcifar100/tight/O00/1/default,O00,splitcifar100,1,evaluation,2,182785.877571407,182786.52101723,0.6434458229923621,70750720,114268672,159383552,159383552,167772160,0,2294935552,0,2074704896,0,2296070144,0,0.1,4,,
effectiveness_v3_20260918T135730Z_5faec831,A/splitcifar100/tight/O00/1/default,O00,splitcifar100,1,controller,2,182786.55428509,182786.554426674,0.0001415839942637831,70750720,70750720,159383552,159383552,167772160,0,2294935552,0,2074704896,0,0,0,0.1,0,no_interval_samples,
effectiveness_v3_20260918T135730Z_5faec831,A/splitcifar100/tight/O00/1/default,O00,splitcifar100,1,reconfiguration,2,182786.581415497,182786.583189423,0.001773925992893055,70750720,70750720,159383552,159383552,167772160,0,2290196480,0,2069965824,0,0,0,0.1,0,no_interval_samples,
effectiveness_v3_20260918T135730Z_5faec831,A/splitcifar100/tight/O00/1/default,O00,splitcifar100,1,resource_transition,3,182786.608481543,182786.608999599,0.0005180560110602528,70750720,70750720,159383552,159383552,167772160,0,2290196480,0,2069965824,0,0,0,0.1,0,no_interval_samples,
effectiveness_v3_20260918T135730Z_5faec831,A/splitcifar100/tight/O00/1/default,O00,splitcifar100,1,training,3,182786.634987978,182794.290203814,7.6552158359845635,70750720,117711872,159383552,159383552,167772160,0,2290860032,0,2070629376,0,2292170752,0,0.1,47,,
effectiveness_v3_20260918T135730Z_5faec831,A/splitcifar100/tight/O00/1/default,O00,splitcifar100,1,evaluation,3,182794.358315361,182795.321323126,0.9630077650072053,70750720,114268672,159383552,159383552,167772160,0,2294984704,0,2074754048,0,2295218176,0,0.1,6,,
effectiveness_v3_20260918T135730Z_5faec831,A/splitcifar100/tight/O00/1/default,O00,splitcifar100,1,controller,3,182795.358155025,182795.358294266,0.0001392410194966942,70750720,70750720,159383552,159383552,167772160,0,2294988800,0,2074758144,0,0,0,0.1,0,no_interval_samples,
effectiveness_v3_20260918T135730Z_5faec831,A/splitcifar100/tight/O00/1/default,O00,splitcifar100,1,reconfiguration,3,182795.386501498,182795.388359887,0.0018583890050649643,70750720,70750720,159383552,159383552,167772160,0,2290765824,0,2070535168,0,0,0,0.1,0,no_interval_samples,
effectiveness_v3_20260918T135730Z_5faec831,A/splitcifar100/tight/O00/1/default,O00,splitcifar100,1,resource_transition,4,182795.414116916,182795.414784767,0.0006678509816993028,70750720,70750720,159383552,159383552,167772160,0,2290765824,0,2070535168,0,0,0,0.1,0,no_interval_samples,
effectiveness_v3_20260918T135730Z_5faec831,A/splitcifar100/tight/O00/1/default,O00,splitcifar100,1,training,4,182795.455623824,182803.589454571,8.13383074698504,70750720,117711872,159383552,159383552,167772160,0,2291789824,0,2071559168,0,2292584448,0,0.1,49,,
effectiveness_v3_20260918T135730Z_5faec831,A/splitcifar100/tight/O00/1/default,O00,splitcifar100,1,evaluation,4,182803.660264403,182804.712505432,1.0522410289850086,70750720,114268672,159383552,159383552,167772160,0,2295779328,0,2075548672,0,2296270848,0,0.1,8,,
effectiveness_v3_20260918T135730Z_5faec831,A/splitcifar100/tight/O00/1/default,O00,splitcifar100,1,controller,4,182804.759713987,182804.759861024,0.00014703700435347855,70750720,70750720,159383552,159383552,167772160,0,2295783424,0,2075552768,0,0,0,0.1,0,no_interval_samples,
effectiveness_v3_20260918T135730Z_5faec831,A/splitcifar100/tight/O00/1/default,O00,splitcifar100,1,reconfiguration,4,182804.791155403,182804.792768672,0.0016132689779624343,70750720,70750720,159383552,159383552,167772160,0,2295791616,0,2075560960,0,0,0,0.1,0,no_interval_samples,
effectiveness_v3_20260918T135730Z_5faec831,A/splitcifar100/tight/O00/1/default,O00,splitcifar100,1,resource_transition,5,182804.822153384,182804.822706356,0.000552971992874518,70750720,70750720,159383552,159383552,167772160,0,2295791616,0,2075560960,0,0,0,0.1,0,no_interval_samples,
effectiveness_v3_20260918T135730Z_5faec831,A/splitcifar100/tight/O00/1/default,O00,splitcifar100,1,training,5,182804.850016976,182812.746643134,7.8966261580062564,70750720,117711872,159383552,159383552,167772160,0,2292269056,0,2072038400,0,2295791616,0,0.1,50,,
effectiveness_v3_20260918T135730Z_5faec831,A/splitcifar100/tight/O00/1/default,O00,splitcifar100,1,evaluation,5,182812.837893284,182814.071220713,1.2333274289849214,70750720,114268672,159383552,159383552,167772160,0,2296258560,0,2076027904,0,2296750080,0,0.1,8,,
effectiveness_v3_20260918T135730Z_5faec831,A/splitcifar100/tight/O00/1/default,O00,splitcifar100,1,controller,5,182814.107697935,182814.107836871,0.00013893601135350764,70750720,70750720,159383552,159383552,167772160,0,2296262656,0,2076032000,0,0,0,0.1,0,no_interval_samples,
effectiveness_v3_20260918T135730Z_5faec831,A/splitcifar100/tight/O00/1/default,O00,splitcifar100,1,reconfiguration,5,182814.135175778,182814.136527037,0.0013512589794117957,70750720,70750720,159383552,159383552,167772160,0,2296270848,0,2076040192,0,0,0,0.1,0,no_interval_samples,
effectiveness_v3_20260918T135730Z_5faec831,A/splitcifar100/tight/O00/1/default,O00,splitcifar100,1,resource_transition,6,182814.162985971,182814.163484212,0.0004982410173397511,70750720,70750720,159383552,159383552,167772160,0,2296270848,0,2076040192,0,0,0,0.1,0,no_interval_samples,
effectiveness_v3_20260918T135730Z_5faec831,A/splitcifar100/tight/O00/1/default,O00,splitcifar100,1,training,6,182814.188721712,182822.068242628,7.879520916001638,70750720,117711872,159383552,159383552,167772160,0,2292883456,0,2072652800,0,2296270848,0,0.1,49,,
effectiveness_v3_20260918T135730Z_5faec831,A/splitcifar100/tight/O00/1/default,O00,splitcifar100,1,evaluation,6,182822.14961647,182823.737569417,1.5879529469821136,70750720,114268672,159383552,159383552,167772160,0,2296860672,0,2076630016,0,2296885248,0,0.1,10,,
effectiveness_v3_20260918T135730Z_5faec831,A/splitcifar100/tight/O00/1/default,O00,splitcifar100,1,controller,6,182823.775058009,182823.775203962,0.00014595300308428705,70750720,70750720,159383552,159383552,167772160,0,2296860672,0,2076630016,0,0,0,0.1,0,no_interval_samples,
effectiveness_v3_20260918T135730Z_5faec831,A/splitcifar100/tight/O00/1/default,O00,splitcifar100,1,reconfiguration,6,182823.807212045,182823.809590508,0.0023784629884175956,70750720,70750720,159383552,159383552,167772160,0,2296864768,0,2076634112,0,0,0,0.1,0,no_interval_samples,
effectiveness_v3_20260918T135730Z_5faec831,A/splitcifar100/tight/O00/1/default,O00,splitcifar100,1,resource_transition,7,182823.844679609,182823.845315804,0.0006361950072459877,70750720,70750720,159383552,159383552,167772160,0,2296864768,0,2076634112,0,0,0,0.1,0,no_interval_samples,
effectiveness_v3_20260918T135730Z_5faec831,A/splitcifar100/tight/O00/1/default,O00,splitcifar100,1,training,7,182823.875498146,182831.663787414,7.788289268006338,70750720,117711872,159383552,159383552,167772160,0,2293137408,0,2072906752,0,2297200640,0,0.1,48,,
effectiveness_v3_20260918T135730Z_5faec831,A/splitcifar100/tight/O00/1/default,O00,splitcifar100,1,evaluation,7,182831.727629008,182833.582748228,1.855119219981134,70750720,114268672,159383552,159383552,167772160,0,2297339904,0,2077109248,0,2297905152,0,0.1,11,,
effectiveness_v3_20260918T135730Z_5faec831,A/splitcifar100/tight/O00/1/default,O00,splitcifar100,1,controller,7,182833.619551903,182833.61969056,0.0001386570220347494,70750720,70750720,159383552,159383552,167772160,0,2297344000,0,2077113344,0,0,0,0.1,0,no_interval_samples,
effectiveness_v3_20260918T135730Z_5faec831,A/splitcifar100/tight/O00/1/default,O00,splitcifar100,1,reconfiguration,7,182833.649956199,182833.652111134,0.002154935005819425,70750720,70750720,159383552,159383552,167772160,0,2293055488,0,2072824832,0,0,0,0.1,0,no_interval_samples,
effectiveness_v3_20260918T135730Z_5faec831,A/splitcifar100/tight/O00/1/default,O00,splitcifar100,1,resource_transition,8,182833.682518522,182833.683026485,0.0005079630063846707,70750720,70750720,159383552,159383552,167772160,0,2293055488,0,2072824832,0,0,0,0.1,0,no_interval_samples,
effectiveness_v3_20260918T135730Z_5faec831,A/splitcifar100/tight/O00/1/default,O00,splitcifar100,1,training,8,182833.709405346,182841.635543504,7.92613815801451,70750720,117711872,159383552,159383552,167772160,0,2293755904,0,2073525248,0,2294571008,0,0.1,48,,
effectiveness_v3_20260918T135730Z_5faec831,A/splitcifar100/tight/O00/1/default,O00,splitcifar100,1,evaluation,8,182841.697458515,182843.772398968,2.0749404529924504,70750720,114268672,159383552,159383552,167772160,0,2297982976,0,2077752320,0,2298134528,0,0.1,12,,
effectiveness_v3_20260918T135730Z_5faec831,A/splitcifar100/tight/O00/1/default,O00,splitcifar100,1,controller,8,182843.81565119,182843.815774125,0.00012293498730286956,70750720,70750720,159383552,159383552,167772160,0,2297987072,0,2077756416,0,0,0,0.1,0,no_interval_samples,
effectiveness_v3_20260918T135730Z_5faec831,A/splitcifar100/tight/O00/1/default,O00,splitcifar100,1,reconfiguration,8,182843.843107652,182843.845048828,0.0019411759858485311,70750720,70750720,159383552,159383552,167772160,0,2293702656,0,2073472000,0,0,0,0.1,0,no_interval_samples,
effectiveness_v3_20260918T135730Z_5faec831,A/splitcifar100/tight/O00/1/default,O00,splitcifar100,1,resource_transition,9,182843.871879078,182843.87240856,0.0005294820002745837,70750720,70750720,159383552,159383552,167772160,0,2293702656,0,2073472000,0,0,0,0.1,0,no_interval_samples,
effectiveness_v3_20260918T135730Z_5faec831,A/splitcifar100/tight/O00/1/default,O00,splitcifar100,1,training,9,182843.899676718,182851.752535856,7.852859138016356,70750720,117711872,159383552,159383552,167772160,0,2293747712,0,2073517056,0,2294628352,0,0.1,49,,
effectiveness_v3_20260918T135730Z_5faec831,A/splitcifar100/tight/O00/1/default,O00,splitcifar100,1,evaluation,9,182851.861220544,182854.563013846,2.7017933019960765,70750720,114268672,159383552,159383552,167772160,0,2293690368,0,2073459712,0,2298404864,0,0.1,17,,
effectiveness_v3_20260918T135730Z_5faec831,A/splitcifar100/tight/O00/1/default,O00,splitcifar100,1,controller,9,182854.606637438,182854.60675866,0.00012122199404984713,70750720,70750720,159383552,159383552,167772160,0,2293690368,0,2073459712,0,0,0,0.1,0,no_interval_samples,
effectiveness_v3_20260918T135911Z_c0a10258,A/splitcifar100/tight/O10/1/default,O10,splitcifar100,1,setup,,182861.822878293,182863.070566318,1.2476880250032991,1408512,1408512,2097152,2097152,167772160,0,1537560576,0,1317354496,0,1530023936,0,0.1,7,,
effectiveness_v3_20260918T135911Z_c0a10258,A/splitcifar100/tight/O10/1/default,O10,splitcifar100,1,resource_transition,0,182863.094552392,182863.09499267,0.000440278003225103,1408512,1408512,2097152,2097152,167772160,0,1537589248,0,1317366784,0,0,0,0.1,0,no_interval_samples,
effectiveness_v3_20260918T135911Z_c0a10258,A/splitcifar100/tight/O10/1/default,O10,splitcifar100,1,training,0,182863.115698364,182869.687137757,6.5714393929811195,70750720,95481344,117440512,117440512,167772160,0,2241429504,0,2021194752,0,2241613824,0,0.1,42,,
effectiveness_v3_20260918T135911Z_c0a10258,A/splitcifar100/tight/O10/1/default,O10,splitcifar100,1,evaluation,0,182869.761066357,182870.029966193,0.26889983599539846,70750720,114268672,159383552,159383552,167772160,0,2289532928,0,2069298176,0,2295345152,0,0.1,2,,
effectiveness_v3_20260918T135911Z_c0a10258,A/splitcifar100/tight/O10/1/default,O10,splitcifar100,1,controller,0,182870.065718842,182870.065857962,0.0001391200057696551,70750720,70750720,159383552,159383552,167772160,0,2289532928,0,2069298176,0,0,0,0.1,0,no_interval_samples,
effectiveness_v3_20260918T135911Z_c0a10258,A/splitcifar100/tight/O10/1/default,O10,splitcifar100,1,reconfiguration,0,182870.094778296,182870.09511213,0.0003338339738547802,70750720,70750720,159383552,159383552,167772160,0,2289532928,0,2069298176,0,0,0,0.1,0,no_interval_samples,
effectiveness_v3_20260918T135911Z_c0a10258,A/splitcifar100/tight/O10/1/default,O10,splitcifar100,1,resource_transition,1,182870.122210528,182870.122774241,0.0005637129943352193,70750720,70750720,159383552,159383552,167772160,0,2289532928,0,2069298176,0,0,0,0.1,0,no_interval_samples,
effectiveness_v3_20260918T135911Z_c0a10258,A/splitcifar100/tight/O10/1/default,O10,splitcifar100,1,training,1,182870.150043166,182884.4795127,14.329469533986412,72984064,121942528,161480704,161480704,167772160,0,2418708480,0,2198473728,0,2402254848,0,0.1,88,,
effectiveness_v3_20260918T135911Z_c0a10258,A/splitcifar100/tight/O10/1/default,O10,splitcifar100,1,evaluation,1,182884.56722905,182885.058972468,0.49174341798061505,72984064,116502016,161480704,161480704,167772160,0,2422415360,0,2202180608,0,2423926784,0,0.1,3,,
effectiveness_v3_20260918T135911Z_c0a10258,A/splitcifar100/tight/O10/1/default,O10,splitcifar100,1,controller,1,182885.095982134,182885.096159616,0.00017748199752531946,72984064,72984064,161480704,161480704,167772160,0,2422415360,0,2202180608,0,0,0,0.1,0,no_interval_samples,
effectiveness_v3_20260918T135911Z_c0a10258,A/splitcifar100/tight/O10/1/default,O10,splitcifar100,1,reconfiguration,1,182885.125618921,182885.12627169,0.0006527689984068274,72984064,72984064,161480704,161480704,167772160,0,2422415360,0,2202180608,0,0,0,0.1,0,no_interval_samples,
effectiveness_v3_20260918T135911Z_c0a10258,A/splitcifar100/tight/O10/1/default,O10,splitcifar100,1,resource_transition,2,182885.153192681,182885.153775681,0.0005830000154674053,72984064,72984064,161480704,161480704,167772160,0,2422415360,0,2202180608,0,0,0,0.1,0,no_interval_samples,
effectiveness_v3_20260918T135911Z_c0a10258,A/splitcifar100/tight/O10/1/default,O10,splitcifar100,1,training,2,182885.208054692,182885.29070186,0.08264716801932082,146622976,151111168,167772160,167772160,167772160,0,2442747904,0,2222107648,0,0,0,0.1,0,no_interval_samples,failed
effectiveness_v3_20260918T135941Z_a26de010,A/splitcifar100/tight/O01/1/default,O01,splitcifar100,1,setup,,182892.519095587,182893.781138415,1.2620428280206397,1408512,1408512,2097152,2097152,167772160,0,1535639552,0,1315433472,0,1531879424,0,0.1,8,,
effectiveness_v3_20260918T135941Z_a26de010,A/splitcifar100/tight/O01/1/default,O01,splitcifar100,1,resource_transition,0,182893.809467397,182893.809888952,0.00042155501432716846,1408512,1408512,2097152,2097152,167772160,0,1535668224,0,1315433472,0,0,0,0.1,0,no_interval_samples,
effectiveness_v3_20260918T135941Z_a26de010,A/splitcifar100/tight/O01/1/default,O01,splitcifar100,1,training,0,182893.831712731,182900.391303033,6.559590302000288,70750720,95481344,117440512,117440512,167772160,0,2239488000,0,2019253248,0,2239672320,0,0.1,42,,
effectiveness_v3_20260918T135941Z_a26de010,A/splitcifar100/tight/O01/1/default,O01,splitcifar100,1,evaluation,0,182900.487498285,182900.740089109,0.2525908240058925,70750720,114268672,159383552,159383552,167772160,0,2294149120,0,2073914368,0,2293235712,0,0.1,2,,
effectiveness_v3_20260918T135941Z_a26de010,A/splitcifar100/tight/O01/1/default,O01,splitcifar100,1,controller,0,182900.784189534,182900.784339016,0.00014948201715014875,70750720,70750720,159383552,159383552,167772160,0,2294149120,0,2073914368,0,0,0,0.1,0,no_interval_samples,
effectiveness_v3_20260918T135941Z_a26de010,A/splitcifar100/tight/O01/1/default,O01,splitcifar100,1,reconfiguration,0,182900.812227497,182900.813939089,0.0017115920200012624,70750720,70750720,159383552,159383552,167772160,0,2287501312,0,2067266560,0,0,0,0.1,0,no_interval_samples,
effectiveness_v3_20260918T135941Z_a26de010,A/splitcifar100/tight/O01/1/default,O01,splitcifar100,1,resource_transition,1,182900.839092857,182900.839585635,0.0004927779955323786,70750720,70750720,159383552,159383552,167772160,0,2287501312,0,2067266560,0,0,0,0.1,0,no_interval_samples,
effectiveness_v3_20260918T135941Z_a26de010,A/splitcifar100/tight/O01/1/default,O01,splitcifar100,1,training,1,182900.864498422,182909.000932942,8.136434520012699,70750720,117711872,159383552,159383552,167772160,0,2290425856,0,2070191104,0,2290900992,0,0.1,50,,
effectiveness_v3_20260918T135941Z_a26de010,A/splitcifar100/tight/O01/1/default,O01,splitcifar100,1,evaluation,1,182909.065463185,182909.476601049,0.41113786402274854,70750720,114268672,159383552,159383552,167772160,0,2297106432,0,2076871680,0,2297106432,0,0.1,2,,
effectiveness_v3_20260918T135941Z_a26de010,A/splitcifar100/tight/O01/1/default,O01,splitcifar100,1,controller,1,182909.509692559,182909.50982555,0.0001329910010099411,70750720,70750720,159383552,159383552,167772160,0,2297106432,0,2076871680,0,0,0,0.1,0,no_interval_samples,
effectiveness_v3_20260918T135941Z_a26de010,A/splitcifar100/tight/O01/1/default,O01,splitcifar100,1,reconfiguration,1,182909.544506467,182909.546101662,0.001595195004483685,70750720,70750720,159383552,159383552,167772160,0,2297110528,0,2076875776,0,0,0,0.1,0,no_interval_samples,
effectiveness_v3_20260918T135941Z_a26de010,A/splitcifar100/tight/O01/1/default,O01,splitcifar100,1,resource_transition,2,182909.571709644,182909.572244153,0.0005345090175978839,70750720,70750720,159383552,159383552,167772160,0,2297110528,0,2076875776,0,0,0,0.1,0,no_interval_samples,
effectiveness_v3_20260918T135941Z_a26de010,A/splitcifar100/tight/O01/1/default,O01,splitcifar100,1,training,2,182909.597164885,182917.286567903,7.689403018011944,70750720,117711872,159383552,159383552,167772160,0,2290413568,0,2070178816,0,2297163776,0,0.1,48,,
effectiveness_v3_20260918T135941Z_a26de010,A/splitcifar100/tight/O01/1/default,O01,splitcifar100,1,evaluation,2,182917.355223939,182917.994398892,0.639174953015754,70750720,114268672,159383552,159383552,167772160,0,2297184256,0,2076949504,0,2297184256,0,0.1,4,,
effectiveness_v3_20260918T135941Z_a26de010,A/splitcifar100/tight/O01/1/default,O01,splitcifar100,1,controller,2,182918.040552791,182918.04069893,0.00014613900566473603,70750720,70750720,159383552,159383552,167772160,0,2297184256,0,2076949504,0,0,0,0.1,0,no_interval_samples,
effectiveness_v3_20260918T135941Z_a26de010,A/splitcifar100/tight/O01/1/default,O01,splitcifar100,1,reconfiguration,2,182918.068283079,182918.069662032,0.0013789530203212053,70750720,70750720,159383552,159383552,167772160,0,2297188352,0,2076953600,0,0,0,0.1,0,no_interval_samples,
effectiveness_v3_20260918T135941Z_a26de010,A/splitcifar100/tight/O01/1/default,O01,splitcifar100,1,resource_transition,3,182918.094271431,182918.094801144,0.0005297129973769188,70750720,70750720,159383552,159383552,167772160,0,2297188352,0,2076953600,0,0,0,0.1,0,no_interval_samples,
effectiveness_v3_20260918T135941Z_a26de010,A/splitcifar100/tight/O01/1/default,O01,splitcifar100,1,training,3,182918.119626913,182926.297931172,8.178304259025026,70750720,117711872,159383552,159383552,167772160,0,2290941952,0,2070707200,0,2297188352,0,0.1,51,,
effectiveness_v3_20260918T135941Z_a26de010,A/splitcifar100/tight/O01/1/default,O01,splitcifar100,1,evaluation,3,182926.388110643,182927.338058443,0.9499478000216186,70750720,114268672,159383552,159383552,167772160,0,2295595008,0,2075360256,0,2297131008,0,0.1,6,,
effectiveness_v3_20260918T135941Z_a26de010,A/splitcifar100/tight/O01/1/default,O01,splitcifar100,1,controller,3,182927.375523081,182927.375665821,0.00014273999840952456,70750720,70750720,159383552,159383552,167772160,0,2295599104,0,2075364352,0,0,0,0.1,0,no_interval_samples,
effectiveness_v3_20260918T135941Z_a26de010,A/splitcifar100/tight/O01/1/default,O01,splitcifar100,1,reconfiguration,3,182927.404701108,182927.406481978,0.001780869992217049,70750720,70750720,159383552,159383552,167772160,0,2290851840,0,2070617088,0,0,0,0.1,0,no_interval_samples,
effectiveness_v3_20260918T135941Z_a26de010,A/splitcifar100/tight/O01/1/default,O01,splitcifar100,1,resource_transition,4,182927.433292015,182927.433819978,0.0005279630131553859,70750720,70750720,159383552,159383552,167772160,0,2290851840,0,2070617088,0,0,0,0.1,0,no_interval_samples,
effectiveness_v3_20260918T135941Z_a26de010,A/splitcifar100/tight/O01/1/default,O01,splitcifar100,1,training,4,182927.460960477,182935.828682173,8.367721696005901,70750720,117711872,159383552,159383552,167772160,0,2291855360,0,2071620608,0,2292641792,0,0.1,50,,
effectiveness_v3_20260918T135941Z_a26de010,A/splitcifar100/tight/O01/1/default,O01,splitcifar100,1,evaluation,4,182935.896497496,182937.123572569,1.2270750729949214,70750720,114268672,159383552,159383552,167772160,0,2295844864,0,2075610112,0,2296328192,0,0.1,7,,
effectiveness_v3_20260918T135941Z_a26de010,A/splitcifar100/tight/O01/1/default,O01,splitcifar100,1,controller,4,182937.160868088,182937.161003588,0.00013550001312978566,70750720,70750720,159383552,159383552,167772160,0,2295848960,0,2075614208,0,0,0,0.1,0,no_interval_samples,
effectiveness_v3_20260918T135941Z_a26de010,A/splitcifar100/tight/O01/1/default,O01,splitcifar100,1,reconfiguration,4,182937.189719598,182937.191184663,0.001465064997319132,70750720,70750720,159383552,159383552,167772160,0,2295857152,0,2075622400,0,0,0,0.1,0,no_interval_samples,
effectiveness_v3_20260918T135941Z_a26de010,A/splitcifar100/tight/O01/1/default,O01,splitcifar100,1,resource_transition,5,182937.217323442,182937.21788659,0.0005631480016745627,70750720,70750720,159383552,159383552,167772160,0,2295857152,0,2075622400,0,0,0,0.1,0,no_interval_samples,
effectiveness_v3_20260918T135941Z_a26de010,A/splitcifar100/tight/O01/1/default,O01,splitcifar100,1,training,5,182937.24421147,182945.261367464,8.017155993991764,70750720,117711872,159383552,159383552,167772160,0,2292330496,0,2072095744,0,2293145600,0,0.1,49,,
effectiveness_v3_20260918T135941Z_a26de010,A/splitcifar100/tight/O01/1/default,O01,splitcifar100,1,evaluation,5,182945.351309795,182946.690659643,1.3393498480145354,70750720,114268672,159383552,159383552,167772160,0,2296320000,0,2076085248,0,2296803328,0,0.1,9,,
effectiveness_v3_20260918T135941Z_a26de010,A/splitcifar100/tight/O01/1/default,O01,splitcifar100,1,controller,5,182946.739947458,182946.740129439,0.00018198098405264318,70750720,70750720,159383552,159383552,167772160,0,2296324096,0,2076089344,0,0,0,0.1,0,no_interval_samples,
effectiveness_v3_20260918T135941Z_a26de010,A/splitcifar100/tight/O01/1/default,O01,splitcifar100,1,reconfiguration,5,182946.768877921,182946.770365375,0.0014874540211167186,70750720,70750720,159383552,159383552,167772160,0,2296332288,0,2076097536,0,0,0,0.1,0,no_interval_samples,
effectiveness_v3_20260918T135941Z_a26de010,A/splitcifar100/tight/O01/1/default,O01,splitcifar100,1,resource_transition,6,182946.795768709,182946.7963367,0.000567990995477885,70750720,70750720,159383552,159383552,167772160,0,2296332288,0,2076097536,0,0,0,0.1,0,no_interval_samples,
effectiveness_v3_20260918T135941Z_a26de010,A/splitcifar100/tight/O01/1/default,O01,splitcifar100,1,training,6,182946.82164171,182954.794292685,7.972650974988937,70750720,117711872,159383552,159383552,167772160,0,2292940800,0,2072706048,0,2296332288,0,0.1,50,,
effectiveness_v3_20260918T135941Z_a26de010,A/splitcifar100/tight/O01/1/default,O01,splitcifar100,1,evaluation,6,182954.861848649,182956.55644461,1.6945959610166028,70750720,114268672,159383552,159383552,167772160,0,2296918016,0,2076683264,0,2296942592,0,0.1,10,,
effectiveness_v3_20260918T135941Z_a26de010,A/splitcifar100/tight/O01/1/default,O01,splitcifar100,1,controller,6,182956.595201565,182956.595347676,0.0001461109786760062,70750720,70750720,159383552,159383552,167772160,0,2296918016,0,2076683264,0,0,0,0.1,0,no_interval_samples,
effectiveness_v3_20260918T135941Z_a26de010,A/splitcifar100/tight/O01/1/default,O01,splitcifar100,1,reconfiguration,6,182956.623809852,182956.625346583,0.0015367309970315546,70750720,70750720,159383552,159383552,167772160,0,2296922112,0,2076687360,0,0,0,0.1,0,no_interval_samples,
effectiveness_v3_20260918T135941Z_a26de010,A/splitcifar100/tight/O01/1/default,O01,splitcifar100,1,resource_transition,7,182956.650916685,182956.651494092,0.0005774069868493825,70750720,70750720,159383552,159383552,167772160,0,2296922112,0,2076687360,0,0,0,0.1,0,no_interval_samples,
effectiveness_v3_20260918T135941Z_a26de010,A/splitcifar100/tight/O01/1/default,O01,splitcifar100,1,training,7,182956.693643443,182964.575036592,7.88139314900036,70750720,117711872,159383552,159383552,167772160,0,2293190656,0,2072955904,0,2297262080,0,0.1,48,,
effectiveness_v3_20260918T135941Z_a26de010,A/splitcifar100/tight/O01/1/default,O01,splitcifar100,1,evaluation,7,182964.641642683,182966.62082691,1.9791842269769404,70750720,114268672,159383552,159383552,167772160,0,2297401344,0,2077166592,0,2297958400,0,0.1,11,,
effectiveness_v3_20260918T135941Z_a26de010,A/splitcifar100/tight/O01/1/default,O01,splitcifar100,1,controller,7,182966.674974236,182966.675139514,0.00016527800471521914,70750720,70750720,159383552,159383552,167772160,0,2297405440,0,2077170688,0,0,0,0.1,0,no_interval_samples,
effectiveness_v3_20260918T135941Z_a26de010,A/splitcifar100/tight/O01/1/default,O01,splitcifar100,1,reconfiguration,7,182966.707532987,182966.710189172,0.002656185009982437,70750720,70750720,159383552,159383552,167772160,0,2293121024,0,2072886272,0,0,0,0.1,0,no_interval_samples,
effectiveness_v3_20260918T135941Z_a26de010,A/splitcifar100/tight/O01/1/default,O01,splitcifar100,1,resource_transition,8,182966.741336571,182966.74198621,0.0006496389978565276,70750720,70750720,159383552,159383552,167772160,0,2293121024,0,2072886272,0,0,0,0.1,0,no_interval_samples,
effectiveness_v3_20260918T135941Z_a26de010,A/splitcifar100/tight/O01/1/default,O01,splitcifar100,1,training,8,182966.775063803,182974.658508923,7.883445119980024,70750720,117711872,159383552,159383552,167772160,0,2293682176,0,2073447424,0,2294493184,0,0.1,49,,
effectiveness_v3_20260918T135941Z_a26de010,A/splitcifar100/tight/O01/1/default,O01,splitcifar100,1,evaluation,8,182974.743060999,182977.296721922,2.5536609230039176,70750720,114268672,159383552,159383552,167772160,0,2293616640,0,2073381888,0,2298064896,0,0.1,15,,
effectiveness_v3_20260918T135941Z_a26de010,A/splitcifar100/tight/O01/1/default,O01,splitcifar100,1,controller,8,182977.3731386,182977.373283211,0.0001446109963580966,70750720,70750720,159383552,159383552,167772160,0,2293620736,0,2073385984,0,0,0,0.1,0,no_interval_samples,
effectiveness_v3_20260918T135941Z_a26de010,A/splitcifar100/tight/O01/1/default,O01,splitcifar100,1,reconfiguration,8,182977.408898258,182977.41065749,0.0017592319927643985,70750720,70750720,159383552,159383552,167772160,0,2293628928,0,2073394176,0,0,0,0.1,0,no_interval_samples,
effectiveness_v3_20260918T135941Z_a26de010,A/splitcifar100/tight/O01/1/default,O01,splitcifar100,1,resource_transition,9,182977.441477389,182977.442123472,0.0006460830045398325,70750720,70750720,159383552,159383552,167772160,0,2293628928,0,2073394176,0,0,0,0.1,0,no_interval_samples,
effectiveness_v3_20260918T135941Z_a26de010,A/splitcifar100/tight/O01/1/default,O01,splitcifar100,1,training,9,182977.472387093,182985.423345794,7.950958700996125,70750720,117711872,159383552,159383552,167772160,0,2293682176,0,2073447424,0,2294595584,0,0.1,49,,
effectiveness_v3_20260918T135941Z_a26de010,A/splitcifar100/tight/O01/1/default,O01,splitcifar100,1,evaluation,9,182985.494429536,182988.035045487,2.54061595100211,70750720,114268672,159383552,159383552,167772160,0,2293624832,0,2073390080,0,2298335232,0,0.1,15,,
effectiveness_v3_20260918T135941Z_a26de010,A/splitcifar100/tight/O01/1/default,O01,splitcifar100,1,controller,9,182988.075708053,182988.075830108,0.00012205500388517976,70750720,70750720,159383552,159383552,167772160,0,2293624832,0,2073390080,0,0,0,0.1,0,no_interval_samples,
effectiveness_v3_20260918T140124Z_09059880,A/splitcifar100/tight/O11/1/default,O11,splitcifar100,1,setup,,182995.263526042,182996.513611616,1.2500855740217958,1408512,1408512,2097152,2097152,167772160,0,1537540096,0,1317334016,0,1530003456,0,0.1,7,,
effectiveness_v3_20260918T140124Z_09059880,A/splitcifar100/tight/O11/1/default,O11,splitcifar100,1,resource_transition,0,182996.538117663,182996.538545728,0.0004280649882275611,1408512,1408512,2097152,2097152,167772160,0,1537568768,0,1317346304,0,0,0,0.1,0,no_interval_samples,
effectiveness_v3_20260918T140124Z_09059880,A/splitcifar100/tight/O11/1/default,O11,splitcifar100,1,training,0,182996.559523626,183003.108208488,6.548684862005757,70750720,95481344,117440512,117440512,167772160,0,2241421312,0,2021186560,0,2241609728,0,0.1,42,,
effectiveness_v3_20260918T140124Z_09059880,A/splitcifar100/tight/O11/1/default,O11,splitcifar100,1,evaluation,0,183003.174410256,183003.4187368,0.2443265439942479,70750720,114268672,159383552,159383552,167772160,0,2296086528,0,2075851776,0,2292580352,0,0.1,1,,
effectiveness_v3_20260918T140124Z_09059880,A/splitcifar100/tight/O11/1/default,O11,splitcifar100,1,controller,0,183003.451380644,183003.451522875,0.00014223100151866674,70750720,70750720,159383552,159383552,167772160,0,2296086528,0,2075851776,0,0,0,0.1,0,no_interval_samples,
effectiveness_v3_20260918T140124Z_09059880,A/splitcifar100/tight/O11/1/default,O11,splitcifar100,1,reconfiguration,0,183003.480499376,183003.480818144,0.00031876799766905606,70750720,70750720,159383552,159383552,167772160,0,2296086528,0,2075851776,0,0,0,0.1,0,no_interval_samples,
effectiveness_v3_20260918T140124Z_09059880,A/splitcifar100/tight/O11/1/default,O11,splitcifar100,1,resource_transition,1,183003.507056552,183003.507591441,0.0005348889972083271,70750720,70750720,159383552,159383552,167772160,0,2296086528,0,2075851776,0,0,0,0.1,0,no_interval_samples,
effectiveness_v3_20260918T140124Z_09059880,A/splitcifar100/tight/O11/1/default,O11,splitcifar100,1,training,1,183003.533109673,183017.345555991,13.812446317984723,72984064,121942528,161480704,161480704,167772160,0,2418540544,0,2198305792,0,2401607680,0,0.1,86,,
effectiveness_v3_20260918T140124Z_09059880,A/splitcifar100/tight/O11/1/default,O11,splitcifar100,1,evaluation,1,183017.415227832,183017.929480942,0.5142531099845655,72984064,116502016,161480704,161480704,167772160,0,2422247424,0,2202012672,0,2423762944,0,0.1,2,,
effectiveness_v3_20260918T140124Z_09059880,A/splitcifar100/tight/O11/1/default,O11,splitcifar100,1,controller,1,183017.983006379,183017.983165573,0.00015919399447739124,72984064,72984064,161480704,161480704,167772160,0,2422247424,0,2202012672,0,0,0,0.1,0,no_interval_samples,
effectiveness_v3_20260918T140124Z_09059880,A/splitcifar100/tight/O11/1/default,O11,splitcifar100,1,reconfiguration,1,183018.017566545,183018.018385832,0.0008192870009224862,72984064,72984064,161480704,161480704,167772160,0,2422247424,0,2202012672,0,0,0,0.1,0,no_interval_samples,
effectiveness_v3_20260918T140124Z_09059880,A/splitcifar100/tight/O11/1/default,O11,splitcifar100,1,resource_transition,2,183018.04793184,183018.048506618,0.0005747780087403953,72984064,72984064,161480704,161480704,167772160,0,2422247424,0,2202012672,0,0,0,0.1,0,no_interval_samples,
effectiveness_v3_20260918T140124Z_09059880,A/splitcifar100/tight/O11/1/default,O11,splitcifar100,1,training,2,183018.079327525,183018.180826338,0.1014988130191341,146622976,151111168,167772160,167772160,167772160,0,2442543104,0,2221902848,0,2422247424,0,0.1,1,,failed
effectiveness_v3_20260918T140154Z_8551117e,A/splitcifar100/tight/R11/1/default,R11,splitcifar100,1,setup,,183025.432689368,183026.68672543,1.2540360619896092,1408512,1408512,2097152,2097152,167772160,0,1537544192,0,1317350400,0,1530576896,0,0.1,7,,
effectiveness_v3_20260918T140154Z_8551117e,A/splitcifar100/tight/R11/1/default,R11,splitcifar100,1,resource_transition,0,183026.710943921,183026.711427726,0.000483804993564263,1408512,1408512,2097152,2097152,167772160,0,1537576960,0,1317350400,0,0,0,0.1,0,no_interval_samples,
effectiveness_v3_20260918T140154Z_8551117e,A/splitcifar100/tight/R11/1/default,R11,splitcifar100,1,training,0,183026.732776967,183033.218382583,6.485605616006069,70750720,95481344,117440512,117440512,167772160,0,2241376256,0,2021149696,0,2241564672,0,0.1,41,,
effectiveness_v3_20260918T140154Z_8551117e,A/splitcifar100/tight/R11/1/default,R11,splitcifar100,1,evaluation,0,183033.291569943,183033.558461497,0.2668915540270973,70750720,114268672,159383552,159383552,167772160,0,2296041472,0,2075814912,0,2295132160,0,0.1,1,,
effectiveness_v3_20260918T140154Z_8551117e,A/splitcifar100/tight/R11/1/default,R11,splitcifar100,1,controller,0,183033.591463016,183033.591601248,0.00013823198969475925,70750720,70750720,159383552,159383552,167772160,0,2296041472,0,2075814912,0,0,0,0.1,0,no_interval_samples,
effectiveness_v3_20260918T140154Z_8551117e,A/splitcifar100/tight/R11/1/default,R11,splitcifar100,1,reconfiguration,0,183033.618708109,183033.619009906,0.00030179700115695596,70750720,70750720,159383552,159383552,167772160,0,2296041472,0,2075814912,0,0,0,0.1,0,no_interval_samples,
effectiveness_v3_20260918T140154Z_8551117e,A/splitcifar100/tight/R11/1/default,R11,splitcifar100,1,resource_transition,1,183033.641531166,183033.642197943,0.0006667769921477884,70750720,70750720,159383552,159383552,167772160,0,2296041472,0,2075814912,0,0,0,0.1,0,no_interval_samples,
effectiveness_v3_20260918T140154Z_8551117e,A/splitcifar100/tight/R11/1/default,R11,splitcifar100,1,training,1,183033.669203064,183040.174315127,6.505112062994158,70750720,121942528,159383552,159383552,167772160,0,2291351552,0,2071123968,0,2297171968,0,0.1,40,,
effectiveness_v3_20260918T140154Z_8551117e,A/splitcifar100/tight/R11/1/default,R11,splitcifar100,1,evaluation,1,183040.241789135,183040.649301119,0.40751198399811983,70750720,114268672,159383552,159383552,167772160,0,2295996416,0,2075768832,0,2298036224,0,0.1,2,,
effectiveness_v3_20260918T140154Z_8551117e,A/splitcifar100/tight/R11/1/default,R11,splitcifar100,1,controller,1,183040.681826359,183040.681961313,0.00013495399616658688,70750720,70750720,159383552,159383552,167772160,0,2295996416,0,2075768832,0,0,0,0.1,0,no_interval_samples,
effectiveness_v3_20260918T140154Z_8551117e,A/splitcifar100/tight/R11/1/default,R11,splitcifar100,1,reconfiguration,1,183040.70869809,183040.70931696,0.0006188700208440423,70750720,70750720,159383552,159383552,167772160,0,2295996416,0,2075768832,0,0,0,0.1,0,no_interval_samples,
effectiveness_v3_20260918T140154Z_8551117e,A/splitcifar100/tight/R11/1/default,R11,splitcifar100,1,resource_transition,2,183040.735710247,183040.736342571,0.0006323239940684289,70750720,70750720,159383552,159383552,167772160,0,2295996416,0,2075768832,0,0,0,0.1,0,no_interval_samples,
effectiveness_v3_20260918T140154Z_8551117e,A/splitcifar100/tight/R11/1/default,R11,splitcifar100,1,training,2,183040.764979163,183048.319486404,7.554507241002284,70750720,121942528,159383552,159383552,167772160,0,2291916800,0,2071689216,0,2296410112,0,0.1,46,,
effectiveness_v3_20260918T140154Z_8551117e,A/splitcifar100/tight/R11/1/default,R11,splitcifar100,1,evaluation,2,183048.401278591,183049.087627332,0.6863487410009839,70750720,114268672,159383552,159383552,167772160,0,2296070144,0,2075842560,0,2296074240,0,0.1,4,,
effectiveness_v3_20260918T140154Z_8551117e,A/splitcifar100/tight/R11/1/default,R11,splitcifar100,1,controller,2,183049.122951953,183049.123088693,0.00013674001093022525,70750720,70750720,159383552,159383552,167772160,0,2296070144,0,2075842560,0,0,0,0.1,0,no_interval_samples,
effectiveness_v3_20260918T140154Z_8551117e,A/splitcifar100/tight/R11/1/default,R11,splitcifar100,1,reconfiguration,2,183049.15024623,183049.150792804,0.0005465739814098924,70750720,70750720,159383552,159383552,167772160,0,2296070144,0,2075842560,0,0,0,0.1,0,no_interval_samples,
effectiveness_v3_20260918T140154Z_8551117e,A/splitcifar100/tight/R11/1/default,R11,splitcifar100,1,resource_transition,3,183049.178984118,183049.179582924,0.0005988059856463224,70750720,70750720,159383552,159383552,167772160,0,2296070144,0,2075842560,0,0,0,0.1,0,no_interval_samples,
effectiveness_v3_20260918T140154Z_8551117e,A/splitcifar100/tight/R11/1/default,R11,splitcifar100,1,training,3,183049.203947321,183056.841692348,7.637745027022902,70750720,121942528,159383552,159383552,167772160,0,2292867072,0,2072639488,0,2296606720,0,0.1,47,,
effectiveness_v3_20260918T140154Z_8551117e,A/splitcifar100/tight/R11/1/default,R11,splitcifar100,1,evaluation,3,183056.911956143,183057.891300628,0.9793444849783555,70750720,114268672,159383552,159383552,167772160,0,2296389632,0,2076162048,0,2297024512,0,0.1,6,,
effectiveness_v3_20260918T140154Z_8551117e,A/splitcifar100/tight/R11/1/default,R11,splitcifar100,1,controller,3,183057.928568201,183057.928706747,0.0001385460200253874,70750720,70750720,159383552,159383552,167772160,0,2296393728,0,2076166144,0,0,0,0.1,0,no_interval_samples,
effectiveness_v3_20260918T140154Z_8551117e,A/splitcifar100/tight/R11/1/default,R11,splitcifar100,1,reconfiguration,3,183057.957736423,183057.958557682,0.0008212589891627431,70750720,70750720,159383552,159383552,167772160,0,2296393728,0,2076166144,0,0,0,0.1,0,no_interval_samples,
effectiveness_v3_20260918T140154Z_8551117e,A/splitcifar100/tight/R11/1/default,R11,splitcifar100,1,resource_transition,4,183057.994718098,183057.995491848,0.0007737500127404928,70750720,70750720,159383552,159383552,167772160,0,2296393728,0,2076166144,0,0,0,0.1,0,no_interval_samples,
effectiveness_v3_20260918T140154Z_8551117e,A/splitcifar100/tight/R11/1/default,R11,splitcifar100,1,training,4,183058.026031958,183065.77064424,7.744612281996524,70750720,121942528,159383552,159383552,167772160,0,2293514240,0,2073286656,0,2296414208,0,0.1,46,,
effectiveness_v3_20260918T140154Z_8551117e,A/splitcifar100/tight/R11/1/default,R11,splitcifar100,1,evaluation,4,183065.839697136,183067.101988717,1.2622915810206905,70750720,114268672,159383552,159383552,167772160,0,2298122240,0,2077894656,0,2298122240,0,0.1,7,,
effectiveness_v3_20260918T140154Z_8551117e,A/splitcifar100/tight/R11/1/default,R11,splitcifar100,1,controller,4,183067.14097844,183067.141124635,0.0001461950014345348,70750720,70750720,159383552,159383552,167772160,0,2298122240,0,2077894656,0,0,0,0.1,0,no_interval_samples,
effectiveness_v3_20260918T140154Z_8551117e,A/splitcifar100/tight/R11/1/default,R11,splitcifar100,1,reconfiguration,4,183067.196463942,183067.197584479,0.0011205369955860078,70750720,70750720,159383552,159383552,167772160,0,2298122240,0,2077894656,0,0,0,0.1,0,no_interval_samples,
effectiveness_v3_20260918T140154Z_8551117e,A/splitcifar100/tight/R11/1/default,R11,splitcifar100,1,resource_transition,5,183067.228629035,183067.229238202,0.0006091670074965805,70750720,70750720,159383552,159383552,167772160,0,2298122240,0,2077894656,0,0,0,0.1,0,no_interval_samples,
effectiveness_v3_20260918T140154Z_8551117e,A/splitcifar100/tight/R11/1/default,R11,splitcifar100,1,training,5,183067.257396591,183074.592851785,7.335455193999223,70750720,121942528,159383552,159383552,167772160,0,2293932032,0,2073704448,0,2298130432,0,0.1,45,,
effectiveness_v3_20260918T140154Z_8551117e,A/splitcifar100/tight/R11/1/default,R11,splitcifar100,1,evaluation,5,183074.672996749,183076.186293097,1.5132963480136823,70750720,114268672,159383552,159383552,167772160,0,2298068992,0,2077841408,0,2298089472,0,0.1,9,,
effectiveness_v3_20260918T140154Z_8551117e,A/splitcifar100/tight/R11/1/default,R11,splitcifar100,1,controller,5,183076.223811651,183076.223960188,0.0001485370157752186,70750720,70750720,159383552,159383552,167772160,0,2298077184,0,2077849600,0,0,0,0.1,0,no_interval_samples,
effectiveness_v3_20260918T140154Z_8551117e,A/splitcifar100/tight/R11/1/default,R11,splitcifar100,1,reconfiguration,5,183076.252628393,183076.253503272,0.0008748789841774851,70750720,70750720,159383552,159383552,167772160,0,2298077184,0,2077849600,0,0,0,0.1,0,no_interval_samples,
effectiveness_v3_20260918T140154Z_8551117e,A/splitcifar100/tight/R11/1/default,R11,splitcifar100,1,resource_transition,6,183076.27884644,183076.279435282,0.000588841998251155,70750720,70750720,159383552,159383552,167772160,0,2298077184,0,2077849600,0,0,0,0.1,0,no_interval_samples,
effectiveness_v3_20260918T140154Z_8551117e,A/splitcifar100/tight/R11/1/default,R11,splitcifar100,1,training,6,183076.33429082,183084.002702973,7.668412152997917,70750720,121942528,159383552,159383552,167772160,0,2294362112,0,2074134528,0,2298339328,0,0.1,47,,
effectiveness_v3_20260918T140154Z_8551117e,A/splitcifar100/tight/R11/1/default,R11,splitcifar100,1,evaluation,6,183084.070422928,183085.952817571,1.8823946430056822,70750720,114268672,159383552,159383552,167772160,0,2294075392,0,2073847808,0,2298306560,0,0.1,11,,
effectiveness_v3_20260918T140154Z_8551117e,A/splitcifar100/tight/R11/1/default,R11,splitcifar100,1,controller,6,183086.02684869,183086.027007792,0.0001591019972693175,70750720,70750720,159383552,159383552,167772160,0,2294083584,0,2073856000,0,0,0,0.1,0,no_interval_samples,
effectiveness_v3_20260918T140154Z_8551117e,A/splitcifar100/tight/R11/1/default,R11,splitcifar100,1,reconfiguration,6,183086.061707458,183086.062936032,0.0012285739940125495,70750720,70750720,159383552,159383552,167772160,0,2294083584,0,2073856000,0,0,0,0.1,0,no_interval_samples,
effectiveness_v3_20260918T140154Z_8551117e,A/splitcifar100/tight/R11/1/default,R11,splitcifar100,1,resource_transition,7,183086.09474555,183086.095422087,0.0006765369907952845,70750720,70750720,159383552,159383552,167772160,0,2294083584,0,2073856000,0,0,0,0.1,0,no_interval_samples,
effectiveness_v3_20260918T140154Z_8551117e,A/splitcifar100/tight/R11/1/default,R11,splitcifar100,1,training,7,183086.127130504,183093.364645135,7.237514631007798,70750720,126998016,159383552,159383552,167772160,0,2295099392,0,2074871808,0,2295975936,0,0.1,44,,
effectiveness_v3_20260918T140154Z_8551117e,A/splitcifar100/tight/R11/1/default,R11,splitcifar100,1,evaluation,7,183093.431100578,183095.478107729,2.0470071510062553,70750720,114268672,159383552,159383552,167772160,0,2299236352,0,2079008768,0,2299256832,0,0.1,13,,
effectiveness_v3_20260918T140154Z_8551117e,A/splitcifar100/tight/R11/1/default,R11,splitcifar100,1,controller,7,183095.517386044,183095.517536275,0.0001502310042269528,70750720,70750720,159383552,159383552,167772160,0,2299236352,0,2079008768,0,0,0,0.1,0,no_interval_samples,
effectiveness_v3_20260918T140154Z_8551117e,A/splitcifar100/tight/R11/1/default,R11,splitcifar100,1,reconfiguration,7,183095.546463839,183095.547560784,0.0010969449940603226,70750720,70750720,159383552,159383552,167772160,0,2299236352,0,2079008768,0,0,0,0.1,0,no_interval_samples,
effectiveness_v3_20260918T140154Z_8551117e,A/splitcifar100/tight/R11/1/default,R11,splitcifar100,1,resource_transition,8,183095.572997941,183095.573521431,0.00052349001634866,70750720,70750720,159383552,159383552,167772160,0,2299236352,0,2079008768,0,0,0,0.1,0,no_interval_samples,
effectiveness_v3_20260918T140154Z_8551117e,A/splitcifar100/tight/R11/1/default,R11,splitcifar100,1,training,8,183095.599405774,183102.562217144,6.962811370001873,70750720,126998016,159383552,159383552,167772160,0,2295586816,0,2075359232,0,2299629568,0,0.1,43,,
effectiveness_v3_20260918T140154Z_8551117e,A/splitcifar100/tight/R11/1/default,R11,splitcifar100,1,evaluation,8,183102.656015313,183104.927934536,2.2719192230142653,70750720,114268672,159383552,159383552,167772160,0,2295504896,0,2075277312,0,2300211200,0,0.1,14,,
effectiveness_v3_20260918T140154Z_8551117e,A/splitcifar100/tight/R11/1/default,R11,splitcifar100,1,controller,8,183104.985118,183104.985248083,0.00013008297537453473,70750720,70750720,159383552,159383552,167772160,0,2295504896,0,2075277312,0,0,0,0.1,0,no_interval_samples,
effectiveness_v3_20260918T140154Z_8551117e,A/splitcifar100/tight/R11/1/default,R11,splitcifar100,1,reconfiguration,8,183105.016647963,183105.017990138,0.0013421750045381486,70750720,70750720,159383552,159383552,167772160,0,2295504896,0,2075277312,0,0,0,0.1,0,no_interval_samples,
effectiveness_v3_20260918T140154Z_8551117e,A/splitcifar100/tight/R11/1/default,R11,splitcifar100,1,resource_transition,9,183105.046229027,183105.04679561,0.0005665829812642187,70750720,70750720,159383552,159383552,167772160,0,2295504896,0,2075277312,0,0,0,0.1,0,no_interval_samples,
effectiveness_v3_20260918T140154Z_8551117e,A/splitcifar100/tight/R11/1/default,R11,splitcifar100,1,training,9,183105.073442665,183112.265699081,7.192256416019518,70750720,126998016,159383552,159383552,167772160,0,2296188928,0,2075961344,0,2297335808,0,0.1,45,,
effectiveness_v3_20260918T140154Z_8551117e,A/splitcifar100/tight/R11/1/default,R11,splitcifar100,1,evaluation,9,183112.328795231,183114.91009755,2.581302318983944,70750720,114268672,159383552,159383552,167772160,0,2295984128,0,2075756544,0,2301804544,0,0.1,16,,
effectiveness_v3_20260918T140154Z_8551117e,A/splitcifar100/tight/R11/1/default,R11,splitcifar100,1,controller,9,183114.952721411,183114.952832318,0.00011090698535554111,70750720,70750720,159383552,159383552,167772160,0,2295988224,0,2075760640,0,0,0,0.1,0,no_interval_samples,
effectiveness_v3_20260918T140331Z_47023b0d,A/splitcifar100/tight/F11/1/default,F11,splitcifar100,1,setup,,183122.137962784,183123.39220155,1.2542387660068925,1408512,1408512,2097152,2097152,167772160,0,1535610880,0,1315408896,0,1528086528,0,0.1,7,,
effectiveness_v3_20260918T140331Z_47023b0d,A/splitcifar100/tight/F11/1/default,F11,splitcifar100,1,resource_transition,0,183123.416940318,183123.417397272,0.0004569539742078632,1408512,1408512,2097152,2097152,167772160,0,1535643648,0,1315408896,0,0,0,0.1,0,no_interval_samples,
effectiveness_v3_20260918T140331Z_47023b0d,A/splitcifar100/tight/F11/1/default,F11,splitcifar100,1,training,0,183123.439513392,183136.323813675,12.884300283010816,72984064,96682496,119537664,119537664,167772160,0,2354462720,0,2134227968,0,2353893376,0,0.1,82,,
effectiveness_v3_20260918T140331Z_47023b0d,A/splitcifar100/tight/F11/1/default,F11,splitcifar100,1,evaluation,0,183136.41449686,183136.657295254,0.24279839399969205,72984064,116502016,161480704,161480704,167772160,0,2405068800,0,2184834048,0,2404147200,0,0.1,1,,
effectiveness_v3_20260918T140331Z_47023b0d,A/splitcifar100/tight/F11/1/default,F11,splitcifar100,1,controller,0,183136.714408253,183136.71455266,0.00014440700761042535,72984064,72984064,161480704,161480704,167772160,0,2405068800,0,2184834048,0,0,0,0.1,0,no_interval_samples,
effectiveness_v3_20260918T140331Z_47023b0d,A/splitcifar100/tight/F11/1/default,F11,splitcifar100,1,reconfiguration,0,183136.744083095,183136.744621697,0.0005386020056903362,72984064,72984064,161480704,161480704,167772160,0,2405068800,0,2184834048,0,0,0,0.1,0,no_interval_samples,
effectiveness_v3_20260918T140331Z_47023b0d,A/splitcifar100/tight/F11/1/default,F11,splitcifar100,1,resource_transition,1,183136.770990374,183136.77151742,0.0005270460096653551,72984064,72984064,161480704,161480704,167772160,0,2405068800,0,2184834048,0,0,0,0.1,0,no_interval_samples,
effectiveness_v3_20260918T140331Z_47023b0d,A/splitcifar100/tight/F11/1/default,F11,splitcifar100,1,training,1,183136.798034754,183136.898993155,0.10095840098802,145802752,151111168,167772160,167772160,167772160,0,2426167296,0,2205527040,0,2405068800,0,0.1,1,,failed
effectiveness_v3_20260918T140353Z_21d26ae7,A/splitcifar100/tight/S0/1/default,S0,splitcifar100,1,setup,,183144.15756511,183145.421060009,1.2634948989725672,1408512,1408512,2097152,2097152,167772160,0,1536892928,0,1316707328,0,1532932096,0,0.1,8,,
effectiveness_v3_20260918T140353Z_21d26ae7,A/splitcifar100/tight/S0/1/default,S0,splitcifar100,1,resource_transition,0,183145.44977861,183145.450241083,0.00046247299178503454,1408512,1408512,2097152,2097152,167772160,0,1536942080,0,1316707328,0,0,0,0.1,0,no_interval_samples,
effectiveness_v3_20260918T140353Z_21d26ae7,A/splitcifar100/tight/S0/1/default,S0,splitcifar100,1,training,0,183145.471641536,183152.038849542,6.567208006017609,70750720,95481344,117440512,117440512,167772160,0,2241458176,0,2021223424,0,2240999424,0,0.1,42,,
effectiveness_v3_20260918T140353Z_21d26ae7,A/splitcifar100/tight/S0/1/default,S0,splitcifar100,1,evaluation,0,183152.108689821,183152.416680422,0.30799060099525377,70750720,114268672,159383552,159383552,167772160,0,2296176640,0,2075941888,0,2295267328,0,0.1,2,,
effectiveness_v3_20260918T140353Z_21d26ae7,A/splitcifar100/tight/S0/1/default,S0,splitcifar100,1,resource_transition,1,183152.450661458,183152.45128931,0.000627852015895769,70750720,70750720,159383552,159383552,167772160,0,2296176640,0,2075941888,0,0,0,0.1,0,no_interval_samples,
effectiveness_v3_20260918T140353Z_21d26ae7,A/splitcifar100/tight/S0/1/default,S0,splitcifar100,1,training,1,183152.496279051,183160.000855841,7.5045767900010105,70750720,121942528,159383552,159383552,167772160,0,2291400704,0,2071165952,0,2297315328,0,0.1,47,,
effectiveness_v3_20260918T140353Z_21d26ae7,A/splitcifar100/tight/S0/1/default,S0,splitcifar100,1,evaluation,1,183160.083589389,183160.525006967,0.4414175779966172,70750720,114268672,159383552,159383552,167772160,0,2296041472,0,2075806720,0,2298085376,0,0.1,3,,
effectiveness_v3_20260918T140353Z_21d26ae7,A/splitcifar100/tight/S0/1/default,S0,splitcifar100,1,resource_transition,2,183160.557240523,183160.557774746,0.0005342230142559856,70750720,70750720,159383552,159383552,167772160,0,2296041472,0,2075806720,0,0,0,0.1,0,no_interval_samples,
effectiveness_v3_20260918T140353Z_21d26ae7,A/splitcifar100/tight/S0/1/default,S0,splitcifar100,1,training,2,183160.586459542,183168.079399795,7.49294025299605,70750720,121942528,159383552,159383552,167772160,0,2291642368,0,2071407616,0,2296123392,0,0.1,47,,
effectiveness_v3_20260918T140353Z_21d26ae7,A/splitcifar100/tight/S0/1/default,S0,splitcifar100,1,evaluation,2,183168.14385572,183168.800149681,0.6562939609866589,70750720,114268672,159383552,159383552,167772160,0,2295603200,0,2075368448,0,2295619584,0,0.1,4,,
effectiveness_v3_20260918T140353Z_21d26ae7,A/splitcifar100/tight/S0/1/default,S0,splitcifar100,1,resource_transition,3,183168.833204152,183168.833759227,0.0005550750065594912,70750720,70750720,159383552,159383552,167772160,0,2295603200,0,2075368448,0,0,0,0.1,0,no_interval_samples,
effectiveness_v3_20260918T140353Z_21d26ae7,A/splitcifar100/tight/S0/1/default,S0,splitcifar100,1,training,3,183168.862395023,183176.530297277,7.66790225400473,70750720,121942528,159383552,159383552,167772160,0,2291773440,0,2071538688,0,2292682752,0,0.1,47,,
effectiveness_v3_20260918T140353Z_21d26ae7,A/splitcifar100/tight/S0/1/default,S0,splitcifar100,1,evaluation,3,183176.597818924,183177.496522081,0.8987031569995452,70750720,114268672,159383552,159383552,167772160,0,2295730176,0,2075495424,0,2295750656,0,0.1,6,,
effectiveness_v3_20260918T140353Z_21d26ae7,A/splitcifar100/tight/S0/1/default,S0,splitcifar100,1,resource_transition,4,183177.531067277,183177.531635082,0.000567804992897436,70750720,70750720,159383552,159383552,167772160,0,2295734272,0,2075499520,0,0,0,0.1,0,no_interval_samples,
effectiveness_v3_20260918T140353Z_21d26ae7,A/splitcifar100/tight/S0/1/default,S0,splitcifar100,1,training,4,183177.561208499,183185.247150884,7.685942384996451,70750720,121942528,159383552,159383552,167772160,0,2291937280,0,2071702528,0,2295762944,0,0.1,46,,
effectiveness_v3_20260918T140353Z_21d26ae7,A/splitcifar100/tight/S0/1/default,S0,splitcifar100,1,evaluation,4,183185.334394466,183186.641101349,1.3067068830132484,70750720,114268672,159383552,159383552,167772160,0,2291666944,0,2071432192,0,2295922688,0,0.1,8,,
effectiveness_v3_20260918T140353Z_21d26ae7,A/splitcifar100/tight/S0/1/default,S0,splitcifar100,1,resource_transition,5,183186.680760739,183186.681386331,0.0006255920161493123,70750720,70750720,159383552,159383552,167772160,0,2291671040,0,2071436288,0,0,0,0.1,0,no_interval_samples,
effectiveness_v3_20260918T140353Z_21d26ae7,A/splitcifar100/tight/S0/1/default,S0,splitcifar100,1,training,5,183186.712794971,183194.244552274,7.531757302989718,70750720,121942528,159383552,159383552,167772160,0,2291834880,0,2071600128,0,2292674560,0,0.1,47,,
effectiveness_v3_20260918T140353Z_21d26ae7,A/splitcifar100/tight/S0/1/default,S0,splitcifar100,1,evaluation,5,183194.30959568,183195.847017035,1.5374213549948763,70750720,114268672,159383552,159383552,167772160,0,2296475648,0,2076240896,0,2297470976,0,0.1,9,,
effectiveness_v3_20260918T140353Z_21d26ae7,A/splitcifar100/tight/S0/1/default,S0,splitcifar100,1,resource_transition,6,183195.896275173,183195.896965164,0.0006899909931235015,70750720,70750720,159383552,159383552,167772160,0,2296479744,0,2076244992,0,0,0,0.1,0,no_interval_samples,
effectiveness_v3_20260918T140353Z_21d26ae7,A/splitcifar100/tight/S0/1/default,S0,splitcifar100,1,training,6,183195.928840302,183203.401960469,7.473120167007437,70750720,121942528,159383552,159383552,167772160,0,2292068352,0,2071833600,0,2296889344,0,0.1,46,,
effectiveness_v3_20260918T140353Z_21d26ae7,A/splitcifar100/tight/S0/1/default,S0,splitcifar100,1,evaluation,6,183203.489877971,183205.266244764,1.7763667929975782,70750720,114268672,159383552,159383552,167772160,0,2296025088,0,2075790336,0,2296053760,0,0.1,10,,
effectiveness_v3_20260918T140353Z_21d26ae7,A/splitcifar100/tight/S0/1/default,S0,splitcifar100,1,resource_transition,7,183205.306787448,183205.307455171,0.0006677229830529541,70750720,70750720,159383552,159383552,167772160,0,2296025088,0,2075790336,0,0,0,0.1,0,no_interval_samples,
effectiveness_v3_20260918T140353Z_21d26ae7,A/splitcifar100/tight/S0/1/default,S0,splitcifar100,1,training,7,183205.341700022,183212.707477013,7.365776991005987,70750720,121942528,159383552,159383552,167772160,0,2292203520,0,2071968768,0,2296467456,0,0.1,45,,
effectiveness_v3_20260918T140353Z_21d26ae7,A/splitcifar100/tight/S0/1/default,S0,splitcifar100,1,evaluation,7,183212.79782469,183214.896994468,2.0991697779973038,70750720,114268672,159383552,159383552,167772160,0,2296160256,0,2075925504,0,2296180736,0,0.1,12,,
effectiveness_v3_20260918T140353Z_21d26ae7,A/splitcifar100/tight/S0/1/default,S0,splitcifar100,1,resource_transition,8,183214.935296634,183214.935912032,0.0006153979920782149,70750720,70750720,159383552,159383552,167772160,0,2296160256,0,2075925504,0,0,0,0.1,0,no_interval_samples,
effectiveness_v3_20260918T140353Z_21d26ae7,A/splitcifar100/tight/S0/1/default,S0,splitcifar100,1,training,8,183214.965800828,183222.391294828,7.425493999995524,70750720,121942528,159383552,159383552,167772160,0,2292199424,0,2071964672,0,2296528896,0,0.1,46,,
effectiveness_v3_20260918T140353Z_21d26ae7,A/splitcifar100/tight/S0/1/default,S0,splitcifar100,1,evaluation,8,183222.468076172,183224.963001359,2.4949251869984437,70750720,114268672,159383552,159383552,167772160,0,2291888128,0,2071653376,0,2296647680,0,0.1,15,,
effectiveness_v3_20260918T140353Z_21d26ae7,A/splitcifar100/tight/S0/1/default,S0,splitcifar100,1,resource_transition,9,183225.005244997,183225.005928127,0.0006831299979239702,70750720,70750720,159383552,159383552,167772160,0,2291892224,0,2071657472,0,0,0,0.1,0,no_interval_samples,
effectiveness_v3_20260918T140353Z_21d26ae7,A/splitcifar100/tight/S0/1/default,S0,splitcifar100,1,training,9,183225.042389728,183232.362273099,7.319883370975731,70750720,121942528,159383552,159383552,167772160,0,2292113408,0,2071878656,0,2293022720,0,0.1,45,,
effectiveness_v3_20260918T140353Z_21d26ae7,A/splitcifar100/tight/S0/1/default,S0,splitcifar100,1,evaluation,9,183232.425760283,183235.205707256,2.7799469730234705,70750720,114268672,159383552,159383552,167772160,0,2292002816,0,2071768064,0,2297749504,0,0.1,17,,
effectiveness_v3_20260918T140531Z_c2ff5b17,A/splitcifar100/tight/O00/2/default,O00,splitcifar100,2,setup,,183242.447898416,183243.695424895,1.2475264790118672,1408512,1408512,2097152,2097152,167772160,0,1535098880,0,1314896896,0,1528090624,0,0.1,7,,
effectiveness_v3_20260918T140531Z_c2ff5b17,A/splitcifar100/tight/O00/2/default,O00,splitcifar100,2,resource_transition,0,183243.719493376,183243.720011839,0.0005184629990253597,1408512,1408512,2097152,2097152,167772160,0,1535131648,0,1314909184,0,0,0,0.1,0,no_interval_samples,
effectiveness_v3_20260918T140531Z_c2ff5b17,A/splitcifar100/tight/O00/2/default,O00,splitcifar100,2,training,0,183243.741311542,183250.34033372,6.599022178008454,70750720,95481344,117440512,117440512,167772160,0,2239385600,0,2019150848,0,2238787584,0,0.1,42,,
effectiveness_v3_20260918T140531Z_c2ff5b17,A/splitcifar100/tight/O00/2/default,O00,splitcifar100,2,evaluation,0,183250.405829231,183250.622180054,0.2163508230005391,70750720,114268672,159383552,159383552,167772160,0,2294292480,0,2074057728,0,2293383168,0,0.1,1,,
effectiveness_v3_20260918T140531Z_c2ff5b17,A/splitcifar100/tight/O00/2/default,O00,splitcifar100,2,controller,0,183250.652888461,183250.653020405,0.00013194401981309056,70750720,70750720,159383552,159383552,167772160,0,2294292480,0,2074057728,0,0,0,0.1,0,no_interval_samples,
effectiveness_v3_20260918T140531Z_c2ff5b17,A/splitcifar100/tight/O00/2/default,O00,splitcifar100,2,reconfiguration,0,183250.679802886,183250.68147271,0.0016698240069672465,70750720,70750720,159383552,159383552,167772160,0,2287644672,0,2067409920,0,0,0,0.1,0,no_interval_samples,
effectiveness_v3_20260918T140531Z_c2ff5b17,A/splitcifar100/tight/O00/2/default,O00,splitcifar100,2,resource_transition,1,183250.714162497,183250.714695849,0.0005333519948180765,70750720,70750720,159383552,159383552,167772160,0,2287644672,0,2067409920,0,0,0,0.1,0,no_interval_samples,
effectiveness_v3_20260918T140531Z_c2ff5b17,A/splitcifar100/tight/O00/2/default,O00,splitcifar100,2,training,1,183250.74054807,183258.262968541,7.522420471010264,70750720,117711872,159383552,159383552,167772160,0,2290540544,0,2070305792,0,2290864128,0,0.1,46,,
effectiveness_v3_20260918T140531Z_c2ff5b17,A/splitcifar100/tight/O00/2/default,O00,splitcifar100,2,evaluation,1,183258.332422089,183258.756358366,0.4239362769876607,70750720,114268672,159383552,159383552,167772160,0,2295635968,0,2075401216,0,2296360960,0,0.1,2,,
effectiveness_v3_20260918T140531Z_c2ff5b17,A/splitcifar100/tight/O00/2/default,O00,splitcifar100,2,controller,1,183258.807359154,183258.807502349,0.00014319500769488513,70750720,70750720,159383552,159383552,167772160,0,2295635968,0,2075401216,0,0,0,0.1,0,no_interval_samples,
effectiveness_v3_20260918T140531Z_c2ff5b17,A/splitcifar100/tight/O00/2/default,O00,splitcifar100,2,reconfiguration,1,183258.836679887,183258.838260322,0.0015804349968675524,70750720,70750720,159383552,159383552,167772160,0,2295635968,0,2075401216,0,0,0,0.1,0,no_interval_samples,
effectiveness_v3_20260918T140531Z_c2ff5b17,A/splitcifar100/tight/O00/2/default,O00,splitcifar100,2,resource_transition,2,183258.864577609,183258.865110147,0.0005325379897840321,70750720,70750720,159383552,159383552,167772160,0,2295635968,0,2075401216,0,0,0,0.1,0,no_interval_samples,
effectiveness_v3_20260918T140531Z_c2ff5b17,A/splitcifar100/tight/O00/2/default,O00,splitcifar100,2,training,2,183258.891302101,183266.530877294,7.639575192995835,70750720,117711872,159383552,159383552,167772160,0,2290565120,0,2070330368,0,2295635968,0,0.1,47,,
effectiveness_v3_20260918T140531Z_c2ff5b17,A/splitcifar100/tight/O00/2/default,O00,splitcifar100,2,evaluation,2,183266.599592478,183267.251779486,0.6521870079741348,70750720,114268672,159383552,159383552,167772160,0,2295193600,0,2074958848,0,2295320576,0,0.1,4,,
effectiveness_v3_20260918T140531Z_c2ff5b17,A/splitcifar100/tight/O00/2/default,O00,splitcifar100,2,controller,2,183267.286095441,183267.286235348,0.00013990700244903564,70750720,70750720,159383552,159383552,167772160,0,2295193600,0,2074958848,0,0,0,0.1,0,no_interval_samples,
effectiveness_v3_20260918T140531Z_c2ff5b17,A/splitcifar100/tight/O00/2/default,O00,splitcifar100,2,reconfiguration,2,183267.313471025,183267.315284543,0.0018135179998353124,70750720,70750720,159383552,159383552,167772160,0,2290454528,0,2070219776,0,0,0,0.1,0,no_interval_samples,
effectiveness_v3_20260918T140531Z_c2ff5b17,A/splitcifar100/tight/O00/2/default,O00,splitcifar100,2,resource_transition,3,183267.34091997,183267.341463072,0.0005431019817478955,70750720,70750720,159383552,159383552,167772160,0,2290454528,0,2070219776,0,0,0,0.1,0,no_interval_samples,
effectiveness_v3_20260918T140531Z_c2ff5b17,A/splitcifar100/tight/O00/2/default,O00,splitcifar100,2,training,3,183267.367757359,183275.215057225,7.8472998659999575,70750720,117711872,159383552,159383552,167772160,0,2291073024,0,2070838272,0,2292387840,0,0.1,48,,
effectiveness_v3_20260918T140531Z_c2ff5b17,A/splitcifar100/tight/O00/2/default,O00,splitcifar100,2,evaluation,3,183275.309322709,183276.180309571,0.8709868619916961,70750720,114268672,159383552,159383552,167772160,0,2295271424,0,2075036672,0,2295300096,0,0.1,5,,
effectiveness_v3_20260918T140531Z_c2ff5b17,A/splitcifar100/tight/O00/2/default,O00,splitcifar100,2,controller,3,183276.215722348,183276.215854404,0.00013205601135268807,70750720,70750720,159383552,159383552,167772160,0,2295275520,0,2075040768,0,0,0,0.1,0,no_interval_samples,
effectiveness_v3_20260918T140531Z_c2ff5b17,A/splitcifar100/tight/O00/2/default,O00,splitcifar100,2,reconfiguration,3,183276.244056514,183276.245917014,0.0018604999931994826,70750720,70750720,159383552,159383552,167772160,0,2290991104,0,2070756352,0,0,0,0.1,0,no_interval_samples,
effectiveness_v3_20260918T140531Z_c2ff5b17,A/splitcifar100/tight/O00/2/default,O00,splitcifar100,2,resource_transition,4,183276.272160245,183276.272686912,0.0005266670195851475,70750720,70750720,159383552,159383552,167772160,0,2290991104,0,2070756352,0,0,0,0.1,0,no_interval_samples,
effectiveness_v3_20260918T140531Z_c2ff5b17,A/splitcifar100/tight/O00/2/default,O00,splitcifar100,2,training,4,183276.297500319,183284.328869145,8.031368826021207,70750720,117711872,159383552,159383552,167772160,0,2291904512,0,2071669760,0,2292547584,0,0.1,49,,
effectiveness_v3_20260918T140531Z_c2ff5b17,A/splitcifar100/tight/O00/2/default,O00,splitcifar100,2,evaluation,4,183284.422266175,183285.589918408,1.16765223297989,70750720,114268672,159383552,159383552,167772160,0,2295898112,0,2075663360,0,2296381440,0,0.1,7,,
effectiveness_v3_20260918T140531Z_c2ff5b17,A/splitcifar100/tight/O00/2/default,O00,splitcifar100,2,controller,4,183285.626703111,183285.626846759,0.0001436480088159442,70750720,70750720,159383552,159383552,167772160,0,2295902208,0,2075667456,0,0,0,0.1,0,no_interval_samples,
effectiveness_v3_20260918T140531Z_c2ff5b17,A/splitcifar100/tight/O00/2/default,O00,splitcifar100,2,reconfiguration,4,183285.655040231,183285.656564287,0.0015240559878293425,70750720,70750720,159383552,159383552,167772160,0,2295910400,0,2075675648,0,0,0,0.1,0,no_interval_samples,
effectiveness_v3_20260918T140531Z_c2ff5b17,A/splitcifar100/tight/O00/2/default,O00,splitcifar100,2,resource_transition,5,183285.682242842,183285.682966768,0.0007239260012283921,70750720,70750720,159383552,159383552,167772160,0,2295910400,0,2075675648,0,0,0,0.1,0,no_interval_samples,
effectiveness_v3_20260918T140531Z_c2ff5b17,A/splitcifar100/tight/O00/2/default,O00,splitcifar100,2,training,5,183285.722371036,183293.433033435,7.710662398982095,70750720,117711872,159383552,159383552,167772160,0,2292396032,0,2072161280,0,2293186560,0,0.1,47,,
effectiveness_v3_20260918T140531Z_c2ff5b17,A/splitcifar100/tight/O00/2/default,O00,splitcifar100,2,evaluation,5,183293.49510238,183294.792170164,1.297067784005776,70750720,114268672,159383552,159383552,167772160,0,2296389632,0,2076154880,0,2296872960,0,0.1,7,,
effectiveness_v3_20260918T140531Z_c2ff5b17,A/splitcifar100/tight/O00/2/default,O00,splitcifar100,2,controller,5,183294.847016311,183294.847168607,0.00015229600830934942,70750720,70750720,159383552,159383552,167772160,0,2296393728,0,2076158976,0,0,0,0.1,0,no_interval_samples,
effectiveness_v3_20260918T140531Z_c2ff5b17,A/splitcifar100/tight/O00/2/default,O00,splitcifar100,2,reconfiguration,5,183294.879642635,183294.88153044,0.001887805003207177,70750720,70750720,159383552,159383552,167772160,0,2296401920,0,2076167168,0,0,0,0.1,0,no_interval_samples,
effectiveness_v3_20260918T140531Z_c2ff5b17,A/splitcifar100/tight/O00/2/default,O00,splitcifar100,2,resource_transition,6,183294.909445652,183294.91000581,0.0005601579905487597,70750720,70750720,159383552,159383552,167772160,0,2296401920,0,2076167168,0,0,0,0.1,0,no_interval_samples,
effectiveness_v3_20260918T140531Z_c2ff5b17,A/splitcifar100/tight/O00/2/default,O00,splitcifar100,2,training,6,183294.936301263,183302.446523403,7.510222140001133,70750720,117711872,159383552,159383552,167772160,0,2293141504,0,2072906752,0,2296401920,0,0.1,47,,
effectiveness_v3_20260918T140531Z_c2ff5b17,A/splitcifar100/tight/O00/2/default,O00,splitcifar100,2,evaluation,6,183302.512770682,183304.084198164,1.5714274820056744,70750720,114268672,159383552,159383552,167772160,0,2297126912,0,2076892160,0,2297143296,0,0.1,10,,
effectiveness_v3_20260918T140531Z_c2ff5b17,A/splitcifar100/tight/O00/2/default,O00,splitcifar100,2,controller,6,183304.133946424,183304.134100897,0.00015447300393134356,70750720,70750720,159383552,159383552,167772160,0,2297126912,0,2076892160,0,0,0,0.1,0,no_interval_samples,
effectiveness_v3_20260918T140531Z_c2ff5b17,A/splitcifar100/tight/O00/2/default,O00,splitcifar100,2,reconfiguration,6,183304.162890527,183304.164472795,0.0015822680143173784,70750720,70750720,159383552,159383552,167772160,0,2297131008,0,2076896256,0,0,0,0.1,0,no_interval_samples,
effectiveness_v3_20260918T140531Z_c2ff5b17,A/splitcifar100/tight/O00/2/default,O00,splitcifar100,2,resource_transition,7,183304.190398787,183304.190943722,0.0005449349991977215,70750720,70750720,159383552,159383552,167772160,0,2297131008,0,2076896256,0,0,0,0.1,0,no_interval_samples,
effectiveness_v3_20260918T140531Z_c2ff5b17,A/splitcifar100/tight/O00/2/default,O00,splitcifar100,2,training,7,183304.216858695,183311.853052051,7.636193356011063,70750720,117711872,159383552,159383552,167772160,0,2293407744,0,2073172992,0,2297131008,0,0.1,47,,
effectiveness_v3_20260918T140531Z_c2ff5b17,A/splitcifar100/tight/O00/2/default,O00,splitcifar100,2,evaluation,7,183311.951676522,183313.963724332,2.0120478099852335,70750720,114268672,159383552,159383552,167772160,0,2297610240,0,2077375488,0,2298171392,0,0.1,12,,
effectiveness_v3_20260918T140531Z_c2ff5b17,A/splitcifar100/tight/O00/2/default,O00,splitcifar100,2,controller,7,183314.003671072,183314.003820692,0.00014962002751417458,70750720,70750720,159383552,159383552,167772160,0,2297614336,0,2077379584,0,0,0,0.1,0,no_interval_samples,
effectiveness_v3_20260918T140531Z_c2ff5b17,A/splitcifar100/tight/O00/2/default,O00,splitcifar100,2,reconfiguration,7,183314.033110247,183314.035116895,0.0020066479919478297,70750720,70750720,159383552,159383552,167772160,0,2293329920,0,2073095168,0,0,0,0.1,0,no_interval_samples,
effectiveness_v3_20260918T140531Z_c2ff5b17,A/splitcifar100/tight/O00/2/default,O00,splitcifar100,2,resource_transition,8,183314.061060543,183314.06163733,0.0005767870170529932,70750720,70750720,159383552,159383552,167772160,0,2293329920,0,2073094144,0,0,0,0.1,0,no_interval_samples,
effectiveness_v3_20260918T140531Z_c2ff5b17,A/splitcifar100/tight/O00/2/default,O00,splitcifar100,2,training,8,183314.117672329,183321.730385858,7.612713529000757,70750720,117711872,159383552,159383552,167772160,0,2294530048,0,2074295296,0,2294677504,0,0.1,47,,
effectiveness_v3_20260918T140531Z_c2ff5b17,A/splitcifar100/tight/O00/2/default,O00,splitcifar100,2,evaluation,8,183321.799345304,183324.152108267,2.352762963011628,70750720,114268672,159383552,159383552,167772160,0,2293907456,0,2073672704,0,2298454016,0,0.1,15,,
effectiveness_v3_20260918T140531Z_c2ff5b17,A/splitcifar100/tight/O00/2/default,O00,splitcifar100,2,controller,8,183324.197555368,183324.197686646,0.0001312779786530882,70750720,70750720,159383552,159383552,167772160,0,2293911552,0,2073676800,0,0,0,0.1,0,no_interval_samples,
effectiveness_v3_20260918T140531Z_c2ff5b17,A/splitcifar100/tight/O00/2/default,O00,splitcifar100,2,reconfiguration,8,183324.227496164,183324.229011358,0.001515193987870589,70750720,70750720,159383552,159383552,167772160,0,2293915648,0,2073680896,0,0,0,0.1,0,no_interval_samples,
effectiveness_v3_20260918T140531Z_c2ff5b17,A/splitcifar100/tight/O00/2/default,O00,splitcifar100,2,resource_transition,9,183324.255042701,183324.255559904,0.0005172030068933964,70750720,70750720,159383552,159383552,167772160,0,2293915648,0,2073680896,0,0,0,0.1,0,no_interval_samples,
effectiveness_v3_20260918T140531Z_c2ff5b17,A/splitcifar100/tight/O00/2/default,O00,splitcifar100,2,training,9,183324.281312635,183331.780415671,7.499103036010638,70750720,117711872,159383552,159383552,167772160,0,2293858304,0,2073623552,0,2294910976,0,0.1,47,,
effectiveness_v3_20260918T140531Z_c2ff5b17,A/splitcifar100/tight/O00/2/default,O00,splitcifar100,2,evaluation,9,183331.863153802,183334.470790023,2.6076362210151274,70750720,114268672,159383552,159383552,167772160,0,2293800960,0,2073566208,0,2298515456,0,0.1,15,,
effectiveness_v3_20260918T140531Z_c2ff5b17,A/splitcifar100/tight/O00/2/default,O00,splitcifar100,2,controller,9,183334.530116191,183334.530256746,0.00014055499923415482,70750720,70750720,159383552,159383552,167772160,0,2293800960,0,2073566208,0,0,0,0.1,0,no_interval_samples,
effectiveness_v3_20260918T140711Z_a8920eca,A/splitcifar100/tight/O10/2/default,O10,splitcifar100,2,setup,,183341.85274306,183343.102254155,1.2495110949967057,1408512,1408512,2097152,2097152,167772160,0,1537540096,0,1317346304,0,1530552320,0,0.1,7,,
effectiveness_v3_20260918T140711Z_a8920eca,A/splitcifar100/tight/O10/2/default,O10,splitcifar100,2,resource_transition,0,183343.127312693,183343.127797119,0.00048442601109854877,1408512,1408512,2097152,2097152,167772160,0,1537581056,0,1317346304,0,0,0,0.1,0,no_interval_samples,
effectiveness_v3_20260918T140711Z_a8920eca,A/splitcifar100/tight/O10/2/default,O10,splitcifar100,2,training,0,183343.151104953,183349.623990692,6.4728857390000485,70750720,95481344,117440512,117440512,167772160,0,2241396736,0,2021161984,0,2241576960,0,0.1,41,,
effectiveness_v3_20260918T140711Z_a8920eca,A/splitcifar100/tight/O10/2/default,O10,splitcifar100,2,evaluation,0,183349.715575153,183349.968230635,0.2526554819778539,70750720,114268672,159383552,159383552,167772160,0,2296049664,0,2075814912,0,2295136256,0,0.1,1,,
effectiveness_v3_20260918T140711Z_a8920eca,A/splitcifar100/tight/O10/2/default,O10,splitcifar100,2,controller,0,183350.001886414,183350.002041043,0.00015462900046259165,70750720,70750720,159383552,159383552,167772160,0,2296049664,0,2075814912,0,0,0,0.1,0,no_interval_samples,
effectiveness_v3_20260918T140711Z_a8920eca,A/splitcifar100/tight/O10/2/default,O10,splitcifar100,2,reconfiguration,0,183350.027422451,183350.027812553,0.00039010198088362813,70750720,70750720,159383552,159383552,167772160,0,2296049664,0,2075814912,0,0,0,0.1,0,no_interval_samples,
effectiveness_v3_20260918T140711Z_a8920eca,A/splitcifar100/tight/O10/2/default,O10,splitcifar100,2,resource_transition,1,183350.055651044,183350.056220415,0.0005693709827028215,70750720,70750720,159383552,159383552,167772160,0,2296049664,0,2075814912,0,0,0,0.1,0,no_interval_samples,
effectiveness_v3_20260918T140711Z_a8920eca,A/splitcifar100/tight/O10/2/default,O10,splitcifar100,2,training,1,183350.08217261,183364.157418683,14.075246072985465,72984064,121942528,161480704,161480704,167772160,0,2417225728,0,2196990976,0,2400571392,0,0.1,87,,
effectiveness_v3_20260918T140711Z_a8920eca,A/splitcifar100/tight/O10/2/default,O10,splitcifar100,2,evaluation,1,183364.265274555,183364.733055529,0.46778097402420826,72984064,116502016,161480704,161480704,167772160,0,2421784576,0,2201549824,0,2423296000,0,0.1,3,,
effectiveness_v3_20260918T140711Z_a8920eca,A/splitcifar100/tight/O10/2/default,O10,splitcifar100,2,controller,1,183364.769772195,183364.769915926,0.0001437310129404068,72984064,72984064,161480704,161480704,167772160,0,2421784576,0,2201549824,0,0,0,0.1,0,no_interval_samples,
effectiveness_v3_20260918T140711Z_a8920eca,A/splitcifar100/tight/O10/2/default,O10,splitcifar100,2,reconfiguration,1,183364.798002629,183364.798637453,0.0006348240131046623,72984064,72984064,161480704,161480704,167772160,0,2421784576,0,2201549824,0,0,0,0.1,0,no_interval_samples,
effectiveness_v3_20260918T140711Z_a8920eca,A/splitcifar100/tight/O10/2/default,O10,splitcifar100,2,resource_transition,2,183364.823916647,183364.824634036,0.0007173889898695052,72984064,72984064,161480704,161480704,167772160,0,2421784576,0,2201549824,0,0,0,0.1,0,no_interval_samples,
effectiveness_v3_20260918T140711Z_a8920eca,A/splitcifar100/tight/O10/2/default,O10,splitcifar100,2,training,2,183364.876857017,183364.962740608,0.08588359100394882,146622976,151111168,167772160,167772160,167772160,0,2442104832,0,2221464576,0,0,0,0.1,0,no_interval_samples,failed
effectiveness_v3_20260918T140741Z_abeddeaf,A/splitcifar100/tight/O01/2/default,O01,splitcifar100,2,setup,,183372.142543514,183373.395191934,1.2526484199916013,1408512,1408512,2097152,2097152,167772160,0,1534906368,0,1314712576,0,1528090624,0,0.1,7,,
effectiveness_v3_20260918T140741Z_abeddeaf,A/splitcifar100/tight/O01/2/default,O01,splitcifar100,2,resource_transition,0,183373.422279647,183373.422729684,0.0004500370123423636,1408512,1408512,2097152,2097152,167772160,0,1534947328,0,1314712576,0,0,0,0.1,0,no_interval_samples,
effectiveness_v3_20260918T140741Z_abeddeaf,A/splitcifar100/tight/O01/2/default,O01,splitcifar100,2,training,0,183373.442843296,183380.042674291,6.599830994993681,70750720,95481344,117440512,117440512,167772160,0,2239471616,0,2019236864,0,2239008768,0,0.1,42,,
effectiveness_v3_20260918T140741Z_abeddeaf,A/splitcifar100/tight/O01/2/default,O01,splitcifar100,2,evaluation,0,183380.11351754,183380.377239841,0.26372230099514127,70750720,114268672,159383552,159383552,167772160,0,2294312960,0,2074078208,0,2293399552,0,0.1,2,,
effectiveness_v3_20260918T140741Z_abeddeaf,A/splitcifar100/tight/O01/2/default,O01,splitcifar100,2,controller,0,183380.409980452,183380.410118257,0.00013780497829429805,70750720,70750720,159383552,159383552,167772160,0,2294312960,0,2074078208,0,0,0,0.1,0,no_interval_samples,
effectiveness_v3_20260918T140741Z_abeddeaf,A/splitcifar100/tight/O01/2/default,O01,splitcifar100,2,reconfiguration,0,183380.43903784,183380.440859488,0.0018216480093542486,70750720,70750720,159383552,159383552,167772160,0,2287656960,0,2067422208,0,0,0,0.1,0,no_interval_samples,
effectiveness_v3_20260918T140741Z_abeddeaf,A/splitcifar100/tight/O01/2/default,O01,splitcifar100,2,resource_transition,1,183380.47014958,183380.470697654,0.0005480739928316325,70750720,70750720,159383552,159383552,167772160,0,2287656960,0,2067422208,0,0,0,0.1,0,no_interval_samples,
effectiveness_v3_20260918T140741Z_abeddeaf,A/splitcifar100/tight/O01/2/default,O01,splitcifar100,2,training,1,183380.49997945,183388.487483051,7.987503601005301,70750720,117711872,159383552,159383552,167772160,0,2290544640,0,2070309888,0,2291019776,0,0.1,49,,
effectiveness_v3_20260918T140741Z_abeddeaf,A/splitcifar100/tight/O01/2/default,O01,splitcifar100,2,evaluation,1,183388.5860296,183389.000734626,0.41470502599258907,70750720,114268672,159383552,159383552,167772160,0,2297229312,0,2076994560,0,2297229312,0,0.1,2,,
effectiveness_v3_20260918T140741Z_abeddeaf,A/splitcifar100/tight/O01/2/default,O01,splitcifar100,2,controller,1,183389.03499882,183389.035163338,0.00016451801639050245,70750720,70750720,159383552,159383552,167772160,0,2297229312,0,2076994560,0,0,0,0.1,0,no_interval_samples,
effectiveness_v3_20260918T140741Z_abeddeaf,A/splitcifar100/tight/O01/2/default,O01,splitcifar100,2,reconfiguration,1,183389.080684365,183389.082564624,0.0018802589911501855,70750720,70750720,159383552,159383552,167772160,0,2297229312,0,2076994560,0,0,0,0.1,0,no_interval_samples,
effectiveness_v3_20260918T140741Z_abeddeaf,A/splitcifar100/tight/O01/2/default,O01,splitcifar100,2,resource_transition,2,183389.111236291,183389.111782985,0.000546694005606696,70750720,70750720,159383552,159383552,167772160,0,2297229312,0,2076994560,0,0,0,0.1,0,no_interval_samples,
effectiveness_v3_20260918T140741Z_abeddeaf,A/splitcifar100/tight/O01/2/default,O01,splitcifar100,2,training,2,183389.138146782,183396.983996597,7.845849814999383,70750720,117711872,159383552,159383552,167772160,0,2290544640,0,2070309888,0,2297282560,0,0.1,48,,
effectiveness_v3_20260918T140741Z_abeddeaf,A/splitcifar100/tight/O01/2/default,O01,splitcifar100,2,evaluation,2,183397.063437145,183397.746292127,0.6828549820056651,70750720,114268672,159383552,159383552,167772160,0,2295177216,0,2074942464,0,2297315328,0,0.1,4,,
effectiveness_v3_20260918T140741Z_abeddeaf,A/splitcifar100/tight/O01/2/default,O01,splitcifar100,2,controller,2,183397.782764045,183397.782912035,0.0001479900092817843,70750720,70750720,159383552,159383552,167772160,0,2295177216,0,2074942464,0,0,0,0.1,0,no_interval_samples,
effectiveness_v3_20260918T140741Z_abeddeaf,A/splitcifar100/tight/O01/2/default,O01,splitcifar100,2,reconfiguration,2,183397.812953564,183397.814636073,0.0016825089987833053,70750720,70750720,159383552,159383552,167772160,0,2290438144,0,2070203392,0,0,0,0.1,0,no_interval_samples,
effectiveness_v3_20260918T140741Z_abeddeaf,A/splitcifar100/tight/O01/2/default,O01,splitcifar100,2,resource_transition,3,183397.840514351,183397.841079009,0.0005646579957101494,70750720,70750720,159383552,159383552,167772160,0,2290438144,0,2070203392,0,0,0,0.1,0,no_interval_samples,
effectiveness_v3_20260918T140741Z_abeddeaf,A/splitcifar100/tight/O01/2/default,O01,splitcifar100,2,training,3,183397.866239463,183405.877108044,8.010868580982788,70750720,117711872,159383552,159383552,167772160,0,2291077120,0,2070842368,0,2292391936,0,0.1,49,,
effectiveness_v3_20260918T140741Z_abeddeaf,A/splitcifar100/tight/O01/2/default,O01,splitcifar100,2,evaluation,3,183405.955670043,183406.846689899,0.8910198559751734,70750720,114268672,159383552,159383552,167772160,0,2295275520,0,2075040768,0,2295353344,0,0.1,5,,
effectiveness_v3_20260918T140741Z_abeddeaf,A/splitcifar100/tight/O01/2/default,O01,splitcifar100,2,controller,3,183406.895893426,183406.896063676,0.0001702499866951257,70750720,70750720,159383552,159383552,167772160,0,2295279616,0,2075044864,0,0,0,0.1,0,no_interval_samples,
effectiveness_v3_20260918T140741Z_abeddeaf,A/splitcifar100/tight/O01/2/default,O01,splitcifar100,2,reconfiguration,3,183406.925055898,183406.926896518,0.001840620010625571,70750720,70750720,159383552,159383552,167772160,0,2290991104,0,2070756352,0,0,0,0.1,0,no_interval_samples,
effectiveness_v3_20260918T140741Z_abeddeaf,A/splitcifar100/tight/O01/2/default,O01,splitcifar100,2,resource_transition,4,183406.955139582,183406.955706619,0.0005670370010193437,70750720,70750720,159383552,159383552,167772160,0,2290991104,0,2070756352,0,0,0,0.1,0,no_interval_samples,
effectiveness_v3_20260918T140741Z_abeddeaf,A/splitcifar100/tight/O01/2/default,O01,splitcifar100,2,training,4,183406.984811045,183415.20675407,8.22194302501157,70750720,117711872,159383552,159383552,167772160,0,2291822592,0,2071587840,0,2292613120,0,0.1,49,,
effectiveness_v3_20260918T140741Z_abeddeaf,A/splitcifar100/tight/O01/2/default,O01,splitcifar100,2,evaluation,4,183415.303452573,183416.524819629,1.221367056015879,70750720,114268672,159383552,159383552,167772160,0,2295812096,0,2075577344,0,2296291328,0,0.1,7,,
effectiveness_v3_20260918T140741Z_abeddeaf,A/splitcifar100/tight/O01/2/default,O01,splitcifar100,2,controller,4,183416.563631424,183416.563775896,0.00014447199646383524,70750720,70750720,159383552,159383552,167772160,0,2295816192,0,2075581440,0,0,0,0.1,0,no_interval_samples,
effectiveness_v3_20260918T140741Z_abeddeaf,A/splitcifar100/tight/O01/2/default,O01,splitcifar100,2,reconfiguration,4,183416.616125229,183416.617934507,0.0018092780082952231,70750720,70750720,159383552,159383552,167772160,0,2295824384,0,2075589632,0,0,0,0.1,0,no_interval_samples,
effectiveness_v3_20260918T140741Z_abeddeaf,A/splitcifar100/tight/O01/2/default,O01,splitcifar100,2,resource_transition,5,183416.647690062,183416.648322839,0.0006327769951894879,70750720,70750720,159383552,159383552,167772160,0,2295824384,0,2075589632,0,0,0,0.1,0,no_interval_samples,
effectiveness_v3_20260918T140741Z_abeddeaf,A/splitcifar100/tight/O01/2/default,O01,splitcifar100,2,training,5,183416.676340255,183424.847412228,8.171071972989012,70750720,117711872,159383552,159383552,167772160,0,2292477952,0,2072243200,0,2296008704,0,0.1,50,,
effectiveness_v3_20260918T140741Z_abeddeaf,A/splitcifar100/tight/O01/2/default,O01,splitcifar100,2,evaluation,5,183424.930405462,183426.435316229,1.504910767020192,70750720,114268672,159383552,159383552,167772160,0,2296467456,0,2076232704,0,2296946688,0,0.1,9,,
effectiveness_v3_20260918T140741Z_abeddeaf,A/splitcifar100/tight/O01/2/default,O01,splitcifar100,2,controller,5,183426.475628498,183426.47577772,0.0001492220035288483,70750720,70750720,159383552,159383552,167772160,0,2296471552,0,2076236800,0,0,0,0.1,0,no_interval_samples,
effectiveness_v3_20260918T140741Z_abeddeaf,A/splitcifar100/tight/O01/2/default,O01,splitcifar100,2,reconfiguration,5,183426.506852582,183426.508425453,0.0015728709986433387,70750720,70750720,159383552,159383552,167772160,0,2296479744,0,2076244992,0,0,0,0.1,0,no_interval_samples,
effectiveness_v3_20260918T140741Z_abeddeaf,A/splitcifar100/tight/O01/2/default,O01,splitcifar100,2,resource_transition,6,183426.537042453,183426.537523722,0.00048126900219358504,70750720,70750720,159383552,159383552,167772160,0,2296479744,0,2076244992,0,0,0,0.1,0,no_interval_samples,
effectiveness_v3_20260918T140741Z_abeddeaf,A/splitcifar100/tight/O01/2/default,O01,splitcifar100,2,training,6,183426.56502175,183434.626995583,8.061973833013326,70750720,117711872,159383552,159383552,167772160,0,2293063680,0,2072828928,0,2293735424,0,0.1,49,,
effectiveness_v3_20260918T140741Z_abeddeaf,A/splitcifar100/tight/O01/2/default,O01,splitcifar100,2,evaluation,6,183434.72374859,183436.60222742,1.8784788299817592,70750720,114268672,159383552,159383552,167772160,0,2292817920,0,2072583168,0,2297065472,0,0.1,11,,
effectiveness_v3_20260918T140741Z_abeddeaf,A/splitcifar100/tight/O01/2/default,O01,splitcifar100,2,controller,6,183436.645039495,183436.645185199,0.0001457040198147297,70750720,70750720,159383552,159383552,167772160,0,2292817920,0,2072583168,0,0,0,0.1,0,no_interval_samples,
effectiveness_v3_20260918T140741Z_abeddeaf,A/splitcifar100/tight/O01/2/default,O01,splitcifar100,2,reconfiguration,6,183436.675179107,183436.677628033,0.0024489260104019195,70750720,70750720,159383552,159383552,167772160,0,2292822016,0,2072587264,0,0,0,0.1,0,no_interval_samples,
effectiveness_v3_20260918T140741Z_abeddeaf,A/splitcifar100/tight/O01/2/default,O01,splitcifar100,2,resource_transition,7,183436.73398746,183436.734747034,0.0007595740025863051,70750720,70750720,159383552,159383552,167772160,0,2292822016,0,2072587264,0,0,0,0.1,0,no_interval_samples,
effectiveness_v3_20260918T140741Z_abeddeaf,A/splitcifar100/tight/O01/2/default,O01,splitcifar100,2,training,7,183436.768428452,183444.611827767,7.843399314995622,70750720,117711872,159383552,159383552,167772160,0,2293325824,0,2073091072,0,2294202368,0,0.1,48,,
effectiveness_v3_20260918T140741Z_abeddeaf,A/splitcifar100/tight/O01/2/default,O01,splitcifar100,2,evaluation,7,183444.684291435,183446.745136996,2.060845561005408,70750720,114268672,159383552,159383552,167772160,0,2293239808,0,2073005056,0,2297958400,0,0.1,12,,
effectiveness_v3_20260918T140741Z_abeddeaf,A/splitcifar100/tight/O01/2/default,O01,splitcifar100,2,controller,7,183446.786026163,183446.786225052,0.0001988889998756349,70750720,70750720,159383552,159383552,167772160,0,2293243904,0,2073009152,0,0,0,0.1,0,no_interval_samples,
effectiveness_v3_20260918T140741Z_abeddeaf,A/splitcifar100/tight/O01/2/default,O01,splitcifar100,2,reconfiguration,7,183446.818713646,183446.820560109,0.0018464629829395562,70750720,70750720,159383552,159383552,167772160,0,2293252096,0,2073017344,0,0,0,0.1,0,no_interval_samples,
effectiveness_v3_20260918T140741Z_abeddeaf,A/splitcifar100/tight/O01/2/default,O01,splitcifar100,2,resource_transition,8,183446.848431415,183446.849001267,0.0005698519817087799,70750720,70750720,159383552,159383552,167772160,0,2293252096,0,2073017344,0,0,0,0.1,0,no_interval_samples,
effectiveness_v3_20260918T140741Z_abeddeaf,A/splitcifar100/tight/O01/2/default,O01,splitcifar100,2,training,8,183446.87579986,183454.910245111,8.034445251018042,70750720,117711872,159383552,159383552,167772160,0,2293805056,0,2073570304,0,2294648832,0,0.1,50,,
effectiveness_v3_20260918T140741Z_abeddeaf,A/splitcifar100/tight/O01/2/default,O01,splitcifar100,2,evaluation,8,183455.00299047,183457.202054961,2.199064490996534,70750720,114268672,159383552,159383552,167772160,0,2293739520,0,2073504768,0,2298187776,0,0.1,13,,
effectiveness_v3_20260918T140741Z_abeddeaf,A/splitcifar100/tight/O01/2/default,O01,splitcifar100,2,controller,8,183457.243914573,183457.24406936,0.00015478700515814126,70750720,70750720,159383552,159383552,167772160,0,2293743616,0,2073508864,0,0,0,0.1,0,no_interval_samples,
effectiveness_v3_20260918T140741Z_abeddeaf,A/splitcifar100/tight/O01/2/default,O01,splitcifar100,2,reconfiguration,8,183457.276184443,183457.277712665,0.0015282219974324107,70750720,70750720,159383552,159383552,167772160,0,2293747712,0,2073512960,0,0,0,0.1,0,no_interval_samples,
effectiveness_v3_20260918T140741Z_abeddeaf,A/splitcifar100/tight/O01/2/default,O01,splitcifar100,2,resource_transition,9,183457.304228127,183457.304726488,0.0004983609833288938,70750720,70750720,159383552,159383552,167772160,0,2293747712,0,2073512960,0,0,0,0.1,0,no_interval_samples,
effectiveness_v3_20260918T140741Z_abeddeaf,A/splitcifar100/tight/O01/2/default,O01,splitcifar100,2,training,9,183457.334572367,183465.166540739,7.831968372018309,70750720,117711872,159383552,159383552,167772160,0,2293854208,0,2073619456,0,2294730752,0,0.1,48,,
effectiveness_v3_20260918T140741Z_abeddeaf,A/splitcifar100/tight/O01/2/default,O01,splitcifar100,2,evaluation,9,183465.232942562,183467.672386059,2.4394434970163275,70750720,114268672,159383552,159383552,167772160,0,2298028032,0,2077793280,0,2298519552,0,0.1,14,,
effectiveness_v3_20260918T140741Z_abeddeaf,A/splitcifar100/tight/O01/2/default,O01,splitcifar100,2,controller,9,183467.712370568,183467.712490207,0.00011963897850364447,70750720,70750720,159383552,159383552,167772160,0,2298028032,0,2077793280,0,0,0,0.1,0,no_interval_samples,
effectiveness_v3_20260918T140924Z_0b422fc2,A/splitcifar100/tight/O11/2/default,O11,splitcifar100,2,setup,,183474.971534051,183476.230496502,1.258962450985564,1408512,1408512,2097152,2097152,167772160,0,1534906368,0,1314700288,0,1528111104,0,0.1,7,,
effectiveness_v3_20260918T140924Z_0b422fc2,A/splitcifar100/tight/O11/2/default,O11,splitcifar100,2,resource_transition,0,183476.255130623,183476.255587096,0.00045647300430573523,1408512,1408512,2097152,2097152,167772160,0,1534935040,0,1314700288,0,0,0,0.1,0,no_interval_samples,
effectiveness_v3_20260918T140924Z_0b422fc2,A/splitcifar100/tight/O11/2/default,O11,splitcifar100,2,training,0,183476.277044809,183482.845088815,6.568044006009586,70750720,95481344,117440512,117440512,167772160,0,2239467520,0,2019232768,0,2238984192,0,0.1,42,,
effectiveness_v3_20260918T140924Z_0b422fc2,A/splitcifar100/tight/O11/2/default,O11,splitcifar100,2,evaluation,0,183482.917982178,183483.167751489,0.24976931099081412,70750720,114268672,159383552,159383552,167772160,0,2294280192,0,2074045440,0,2293370880,0,0.1,2,,
effectiveness_v3_20260918T140924Z_0b422fc2,A/splitcifar100/tight/O11/2/default,O11,splitcifar100,2,controller,0,183483.19964611,183483.199796601,0.0001504909887444228,70750720,70750720,159383552,159383552,167772160,0,2294280192,0,2074045440,0,0,0,0.1,0,no_interval_samples,
effectiveness_v3_20260918T140924Z_0b422fc2,A/splitcifar100/tight/O11/2/default,O11,splitcifar100,2,reconfiguration,0,183483.226958278,183483.227261259,0.00030298097408376634,70750720,70750720,159383552,159383552,167772160,0,2294280192,0,2074045440,0,0,0,0.1,0,no_interval_samples,
effectiveness_v3_20260918T140924Z_0b422fc2,A/splitcifar100/tight/O11/2/default,O11,splitcifar100,2,resource_transition,1,183483.252792629,183483.253315305,0.0005226759822107852,70750720,70750720,159383552,159383552,167772160,0,2294280192,0,2074045440,0,0,0,0.1,0,no_interval_samples,
effectiveness_v3_20260918T140924Z_0b422fc2,A/splitcifar100/tight/O11/2/default,O11,splitcifar100,2,training,1,183483.279678443,183497.640041116,14.360362673003692,72984064,121942528,161480704,161480704,167772160,0,2416750592,0,2196515840,0,2416107520,0,0.1,90,,
effectiveness_v3_20260918T140924Z_0b422fc2,A/splitcifar100/tight/O11/2/default,O11,splitcifar100,2,evaluation,1,183497.734641562,183498.255936624,0.5212950619752519,72984064,116502016,161480704,161480704,167772160,0,2420461568,0,2200226816,0,2421972992,0,0.1,3,,
effectiveness_v3_20260918T140924Z_0b422fc2,A/splitcifar100/tight/O11/2/default,O11,splitcifar100,2,controller,1,183498.292683977,183498.292833791,0.0001498140045441687,72984064,72984064,161480704,161480704,167772160,0,2420461568,0,2200226816,0,0,0,0.1,0,no_interval_samples,
effectiveness_v3_20260918T140924Z_0b422fc2,A/splitcifar100/tight/O11/2/default,O11,splitcifar100,2,reconfiguration,1,183498.322018144,183498.322811829,0.0007936850015539676,72984064,72984064,161480704,161480704,167772160,0,2420461568,0,2200226816,0,0,0,0.1,0,no_interval_samples,
effectiveness_v3_20260918T140924Z_0b422fc2,A/splitcifar100/tight/O11/2/default,O11,splitcifar100,2,resource_transition,2,183498.359384311,183498.360149015,0.0007647039892617613,72984064,72984064,161480704,161480704,167772160,0,2420461568,0,2200226816,0,0,0,0.1,0,no_interval_samples,
effectiveness_v3_20260918T140924Z_0b422fc2,A/splitcifar100/tight/O11/2/default,O11,splitcifar100,2,training,2,183498.388826923,183498.514841017,0.12601409398484975,146622976,151111168,167772160,167772160,167772160,0,2440777728,0,2220137472,0,2436972544,0,0.1,1,,failed
effectiveness_v3_20260918T140955Z_ccb483a4,A/splitcifar100/tight/R11/2/default,R11,splitcifar100,2,setup,,183505.692044014,183506.944019656,1.25197564199334,1408512,1408512,2097152,2097152,167772160,0,1535631360,0,1315429376,0,1528098816,0,0.1,7,,
effectiveness_v3_20260918T140955Z_ccb483a4,A/splitcifar100/tight/R11/2/default,R11,splitcifar100,2,resource_transition,0,183506.971092518,183506.97153786,0.0004453419824130833,1408512,1408512,2097152,2097152,167772160,0,1535664128,0,1315429376,0,0,0,0.1,0,no_interval_samples,
effectiveness_v3_20260918T140955Z_ccb483a4,A/splitcifar100/tight/R11/2/default,R11,splitcifar100,2,training,0,183506.99246486,183513.378637228,6.386172367987456,70750720,95481344,117440512,117440512,167772160,0,2241826816,0,2021592064,0,2239684608,0,0.1,40,,
effectiveness_v3_20260918T140955Z_ccb483a4,A/splitcifar100/tight/R11/2/default,R11,splitcifar100,2,evaluation,0,183513.444159837,183513.674259832,0.23009999500936829,70750720,114268672,159383552,159383552,167772160,0,2294665216,0,2074430464,0,2294026240,0,0.1,1,,
effectiveness_v3_20260918T140955Z_ccb483a4,A/splitcifar100/tight/R11/2/default,R11,splitcifar100,2,controller,0,183513.707146175,183513.707299453,0.00015327800065279007,70750720,70750720,159383552,159383552,167772160,0,2294665216,0,2074430464,0,0,0,0.1,0,no_interval_samples,
effectiveness_v3_20260918T140955Z_ccb483a4,A/splitcifar100/tight/R11/2/default,R11,splitcifar100,2,reconfiguration,0,183513.7535465,183513.753881601,0.0003351010091137141,70750720,70750720,159383552,159383552,167772160,0,2294665216,0,2074430464,0,0,0,0.1,0,no_interval_samples,
effectiveness_v3_20260918T140955Z_ccb483a4,A/splitcifar100/tight/R11/2/default,R11,splitcifar100,2,resource_transition,1,183513.780887832,183513.781447666,0.0005598340067081153,70750720,70750720,159383552,159383552,167772160,0,2294665216,0,2074430464,0,0,0,0.1,0,no_interval_samples,
effectiveness_v3_20260918T140955Z_ccb483a4,A/splitcifar100/tight/R11/2/default,R11,splitcifar100,2,training,1,183513.807525036,183520.835566721,7.028041685000062,70750720,121942528,159383552,159383552,167772160,0,2289999872,0,2069765120,0,2295033856,0,0.1,43,,
effectiveness_v3_20260918T140955Z_ccb483a4,A/splitcifar100/tight/R11/2/default,R11,splitcifar100,2,evaluation,1,183520.929408429,183521.344726661,0.4153182320005726,70750720,114268672,159383552,159383552,167772160,0,2296684544,0,2076449792,0,2296684544,0,0.1,2,,
effectiveness_v3_20260918T140955Z_ccb483a4,A/splitcifar100/tight/R11/2/default,R11,splitcifar100,2,controller,1,183521.379544181,183521.379669866,0.00012568500824272633,70750720,70750720,159383552,159383552,167772160,0,2296684544,0,2076449792,0,0,0,0.1,0,no_interval_samples,
effectiveness_v3_20260918T140955Z_ccb483a4,A/splitcifar100/tight/R11/2/default,R11,splitcifar100,2,reconfiguration,1,183521.407222331,183521.407724164,0.0005018329829908907,70750720,70750720,159383552,159383552,167772160,0,2296684544,0,2076449792,0,0,0,0.1,0,no_interval_samples,
effectiveness_v3_20260918T140955Z_ccb483a4,A/splitcifar100/tight/R11/2/default,R11,splitcifar100,2,resource_transition,2,183521.432857897,183521.433418768,0.0005608710052911192,70750720,70750720,159383552,159383552,167772160,0,2296684544,0,2076449792,0,0,0,0.1,0,no_interval_samples,
effectiveness_v3_20260918T140955Z_ccb483a4,A/splitcifar100/tight/R11/2/default,R11,splitcifar100,2,training,2,183521.459624584,183528.869031706,7.409407122002449,70750720,121942528,159383552,159383552,167772160,0,2290515968,0,2070281216,0,2296770560,0,0.1,46,,
effectiveness_v3_20260918T140955Z_ccb483a4,A/splitcifar100/tight/R11/2/default,R11,splitcifar100,2,evaluation,2,183528.951234828,183529.592224072,0.6409892439842224,70750720,114268672,159383552,159383552,167772160,0,2295746560,0,2075511808,0,2295742464,0,0.1,4,,
effectiveness_v3_20260918T140955Z_ccb483a4,A/splitcifar100/tight/R11/2/default,R11,splitcifar100,2,controller,2,183529.627188129,183529.627320758,0.00013262900756672025,70750720,70750720,159383552,159383552,167772160,0,2295746560,0,2075511808,0,0,0,0.1,0,no_interval_samples,
effectiveness_v3_20260918T140955Z_ccb483a4,A/splitcifar100/tight/R11/2/default,R11,splitcifar100,2,reconfiguration,2,183529.656415787,183529.65699649,0.0005807029956486076,70750720,70750720,159383552,159383552,167772160,0,2295746560,0,2075511808,0,0,0,0.1,0,no_interval_samples,
effectiveness_v3_20260918T140955Z_ccb483a4,A/splitcifar100/tight/R11/2/default,R11,splitcifar100,2,resource_transition,3,183529.684641676,183529.685078056,0.00043638001079671085,70750720,70750720,159383552,159383552,167772160,0,2295746560,0,2075511808,0,0,0,0.1,0,no_interval_samples,
effectiveness_v3_20260918T140955Z_ccb483a4,A/splitcifar100/tight/R11/2/default,R11,splitcifar100,2,training,3,183529.717152149,183536.781306487,7.0641543380043,70750720,121942528,159383552,159383552,167772160,0,2290941952,0,2070707200,0,2296266752,0,0.1,43,,
effectiveness_v3_20260918T140955Z_ccb483a4,A/splitcifar100/tight/R11/2/default,R11,splitcifar100,2,evaluation,3,183536.850412551,183537.819287684,0.9688751329958905,70750720,114268672,159383552,159383552,167772160,0,2294521856,0,2074287104,0,2296152064,0,0.1,6,,
effectiveness_v3_20260918T140955Z_ccb483a4,A/splitcifar100/tight/R11/2/default,R11,splitcifar100,2,controller,3,183537.8570396,183537.857179951,0.00014035101048648357,70750720,70750720,159383552,159383552,167772160,0,2294525952,0,2074291200,0,0,0,0.1,0,no_interval_samples,
effectiveness_v3_20260918T140955Z_ccb483a4,A/splitcifar100/tight/R11/2/default,R11,splitcifar100,2,reconfiguration,3,183537.886248488,183537.886985442,0.0007369539816863835,70750720,70750720,159383552,159383552,167772160,0,2294525952,0,2074291200,0,0,0,0.1,0,no_interval_samples,
effectiveness_v3_20260918T140955Z_ccb483a4,A/splitcifar100/tight/R11/2/default,R11,splitcifar100,2,resource_transition,4,183537.912595228,183537.913164274,0.0005690460093319416,70750720,70750720,159383552,159383552,167772160,0,2294525952,0,2074291200,0,0,0,0.1,0,no_interval_samples,
effectiveness_v3_20260918T140955Z_ccb483a4,A/splitcifar100/tight/R11/2/default,R11,splitcifar100,2,training,4,183537.961378598,183545.71997236,7.75859376200242,70750720,121942528,159383552,159383552,167772160,0,2291638272,0,2071403520,0,2294550528,0,0.1,46,,
effectiveness_v3_20260918T140955Z_ccb483a4,A/splitcifar100/tight/R11/2/default,R11,splitcifar100,2,evaluation,4,183545.787226201,183547.024117801,1.2368915999832097,70750720,114268672,159383552,159383552,167772160,0,2296250368,0,2076015616,0,2296250368,0,0.1,7,,
effectiveness_v3_20260918T140955Z_ccb483a4,A/splitcifar100/tight/R11/2/default,R11,splitcifar100,2,controller,4,183547.062647819,183547.062788041,0.00014022199320606887,70750720,70750720,159383552,159383552,167772160,0,2296250368,0,2076015616,0,0,0,0.1,0,no_interval_samples,
effectiveness_v3_20260918T140955Z_ccb483a4,A/splitcifar100/tight/R11/2/default,R11,splitcifar100,2,reconfiguration,4,183547.120392874,183547.121450504,0.0010576299973763525,70750720,70750720,159383552,159383552,167772160,0,2296250368,0,2076015616,0,0,0,0.1,0,no_interval_samples,
effectiveness_v3_20260918T140955Z_ccb483a4,A/splitcifar100/tight/R11/2/default,R11,splitcifar100,2,resource_transition,5,183547.150833829,183547.151500477,0.0006666480039712042,70750720,70750720,159383552,159383552,167772160,0,2296250368,0,2076015616,0,0,0,0.1,0,no_interval_samples,
effectiveness_v3_20260918T140955Z_ccb483a4,A/splitcifar100/tight/R11/2/default,R11,splitcifar100,2,training,5,183547.179300116,183554.711414935,7.5321148190123495,70750720,121942528,159383552,159383552,167772160,0,2292060160,0,2071825408,0,2296258560,0,0.1,46,,
effectiveness_v3_20260918T140955Z_ccb483a4,A/splitcifar100/tight/R11/2/default,R11,splitcifar100,2,evaluation,5,183554.780662962,183556.241177239,1.4605142769869417,70750720,114268672,159383552,159383552,167772160,0,2296193024,0,2075958272,0,2296606720,0,0.1,8,,
effectiveness_v3_20260918T140955Z_ccb483a4,A/splitcifar100/tight/R11/2/default,R11,splitcifar100,2,controller,5,183556.310058157,183556.310211287,0.00015313000767491758,70750720,70750720,159383552,159383552,167772160,0,2296201216,0,2075966464,0,0,0,0.1,0,no_interval_samples,
effectiveness_v3_20260918T140955Z_ccb483a4,A/splitcifar100/tight/R11/2/default,R11,splitcifar100,2,reconfiguration,5,183556.343637992,183556.344637853,0.0009998610184993595,70750720,70750720,159383552,159383552,167772160,0,2296201216,0,2075966464,0,0,0,0.1,0,no_interval_samples,
effectiveness_v3_20260918T140955Z_ccb483a4,A/splitcifar100/tight/R11/2/default,R11,splitcifar100,2,resource_transition,6,183556.373569621,183556.374130519,0.0005608979845419526,70750720,70750720,159383552,159383552,167772160,0,2296201216,0,2075966464,0,0,0,0.1,0,no_interval_samples,
effectiveness_v3_20260918T140955Z_ccb483a4,A/splitcifar100/tight/R11/2/default,R11,splitcifar100,2,training,6,183556.403900583,183563.986211917,7.582311334001133,70750720,121942528,159383552,159383552,167772160,0,2292883456,0,2072648704,0,2296201216,0,0.1,47,,
effectiveness_v3_20260918T140955Z_ccb483a4,A/splitcifar100/tight/R11/2/default,R11,splitcifar100,2,evaluation,6,183564.054313832,183565.705195277,1.6508814450062346,70750720,114268672,159383552,159383552,167772160,0,2296815616,0,2076580864,0,2297307136,0,0.1,10,,
effectiveness_v3_20260918T140955Z_ccb483a4,A/splitcifar100/tight/R11/2/default,R11,splitcifar100,2,controller,6,183565.759326175,183565.759481703,0.0001555279886815697,70750720,70750720,159383552,159383552,167772160,0,2296823808,0,2076589056,0,0,0,0.1,0,no_interval_samples,
effectiveness_v3_20260918T140955Z_ccb483a4,A/splitcifar100/tight/R11/2/default,R11,splitcifar100,2,reconfiguration,6,183565.789179433,183565.790230211,0.0010507779952604324,70750720,70750720,159383552,159383552,167772160,0,2296823808,0,2076589056,0,0,0,0.1,0,no_interval_samples,
effectiveness_v3_20260918T140955Z_ccb483a4,A/splitcifar100/tight/R11/2/default,R11,splitcifar100,2,resource_transition,7,183565.815349257,183565.815876192,0.0005269350076559931,70750720,70750720,159383552,159383552,167772160,0,2296823808,0,2076589056,0,0,0,0.1,0,no_interval_samples,
effectiveness_v3_20260918T140955Z_ccb483a4,A/splitcifar100/tight/R11/2/default,R11,splitcifar100,2,training,7,183565.841642145,183572.907934615,7.066292470000917,70750720,126998016,159383552,159383552,167772160,0,2293633024,0,2073398272,0,2296823808,0,0.1,44,,
effectiveness_v3_20260918T140955Z_ccb483a4,A/splitcifar100/tight/R11/2/default,R11,splitcifar100,2,evaluation,7,183572.998487163,183575.309696943,2.311209780018544,70750720,114268672,159383552,159383552,167772160,0,2293534720,0,2073299968,0,2297831424,0,0.1,14,,
effectiveness_v3_20260918T140955Z_ccb483a4,A/splitcifar100/tight/R11/2/default,R11,splitcifar100,2,controller,7,183575.35575661,183575.35593461,0.00017800001660361886,70750720,70750720,159383552,159383552,167772160,0,2293534720,0,2073299968,0,0,0,0.1,0,no_interval_samples,
effectiveness_v3_20260918T140955Z_ccb483a4,A/splitcifar100/tight/R11/2/default,R11,splitcifar100,2,reconfiguration,7,183575.426879155,183575.428349739,0.001470583985792473,70750720,70750720,159383552,159383552,167772160,0,2293534720,0,2073299968,0,0,0,0.1,0,no_interval_samples,
effectiveness_v3_20260918T140955Z_ccb483a4,A/splitcifar100/tight/R11/2/default,R11,splitcifar100,2,resource_transition,8,183575.464282784,183575.464930683,0.0006478989962488413,70750720,70750720,159383552,159383552,167772160,0,2293534720,0,2073299968,0,0,0,0.1,0,no_interval_samples,
effectiveness_v3_20260918T140955Z_ccb483a4,A/splitcifar100/tight/R11/2/default,R11,splitcifar100,2,training,8,183575.496839765,183582.604971811,7.108132046007086,70750720,126998016,159383552,159383552,167772160,0,2294218752,0,2073984000,0,2295111680,0,0.1,44,,
effectiveness_v3_20260918T140955Z_ccb483a4,A/splitcifar100/tight/R11/2/default,R11,splitcifar100,2,evaluation,8,183582.668492942,183584.882358192,2.213865249999799,70750720,114268672,159383552,159383552,167772160,0,2298355712,0,2078120960,0,2298908672,0,0.1,14,,
effectiveness_v3_20260918T140955Z_ccb483a4,A/splitcifar100/tight/R11/2/default,R11,splitcifar100,2,controller,8,183584.942049628,183584.942178693,0.0001290649815928191,70750720,70750720,159383552,159383552,167772160,0,2298355712,0,2078120960,0,0,0,0.1,0,no_interval_samples,
effectiveness_v3_20260918T140955Z_ccb483a4,A/splitcifar100/tight/R11/2/default,R11,splitcifar100,2,reconfiguration,8,183584.972043647,183584.973232546,0.00118889901204966,70750720,70750720,159383552,159383552,167772160,0,2298355712,0,2078120960,0,0,0,0.1,0,no_interval_samples,
effectiveness_v3_20260918T140955Z_ccb483a4,A/splitcifar100/tight/R11/2/default,R11,splitcifar100,2,resource_transition,9,183584.99894686,183584.999440684,0.000493824016302824,70750720,70750720,159383552,159383552,167772160,0,2298355712,0,2078120960,0,0,0,0.1,0,no_interval_samples,
effectiveness_v3_20260918T140955Z_ccb483a4,A/splitcifar100/tight/R11/2/default,R11,splitcifar100,2,training,9,183585.025134813,183592.228485468,7.203350654977839,70750720,126998016,159383552,159383552,167772160,0,2294214656,0,2073979904,0,2298765312,0,0.1,45,,
effectiveness_v3_20260918T140955Z_ccb483a4,A/splitcifar100/tight/R11/2/default,R11,splitcifar100,2,evaluation,9,183592.294623674,183594.973286646,2.678662972000893,70750720,114268672,159383552,159383552,167772160,0,2294149120,0,2073914368,0,2298585088,0,0.1,16,,
effectiveness_v3_20260918T140955Z_ccb483a4,A/splitcifar100/tight/R11/2/default,R11,splitcifar100,2,controller,9,183595.034407175,183595.034535518,0.0001283430028706789,70750720,70750720,159383552,159383552,167772160,0,2294153216,0,2073918464,0,0,0,0.1,0,no_interval_samples,
effectiveness_v3_20260918T141131Z_aba3f441,A/splitcifar100/tight/F11/2/default,F11,splitcifar100,2,setup,,183602.178984171,183603.429860203,1.2508760319906287,1408512,1408512,2097152,2097152,167772160,0,1537540096,0,1317361664,0,1531084800,0,0.1,7,,
effectiveness_v3_20260918T141131Z_aba3f441,A/splitcifar100/tight/F11/2/default,F11,splitcifar100,2,resource_transition,0,183603.458160787,183603.458622667,0.0004618800012394786,1408512,1408512,2097152,2097152,167772160,0,1537581056,0,1317361664,0,0,0,0.1,0,no_interval_samples,
effectiveness_v3_20260918T141131Z_aba3f441,A/splitcifar100/tight/F11/2/default,F11,splitcifar100,2,training,0,183603.479619575,183616.507712774,13.028093199012801,72984064,96682496,119537664,119537664,167772160,0,2356355072,0,2136135680,0,2341556224,0,0.1,82,,
effectiveness_v3_20260918T141131Z_aba3f441,A/splitcifar100/tight/F11/2/default,F11,splitcifar100,2,evaluation,0,183616.575474004,183616.824982065,0.24950806100969203,72984064,116502016,161480704,161480704,167772160,0,2407055360,0,2186835968,0,2406141952,0,0.1,1,,
effectiveness_v3_20260918T141131Z_aba3f441,A/splitcifar100/tight/F11/2/default,F11,splitcifar100,2,controller,0,183616.859426139,183616.859557945,0.00013180598034523427,72984064,72984064,161480704,161480704,167772160,0,2407055360,0,2186835968,0,0,0,0.1,0,no_interval_samples,
effectiveness_v3_20260918T141131Z_aba3f441,A/splitcifar100/tight/F11/2/default,F11,splitcifar100,2,reconfiguration,0,183616.887390009,183616.887862611,0.00047260199789889157,72984064,72984064,161480704,161480704,167772160,0,2407055360,0,2186835968,0,0,0,0.1,0,no_interval_samples,
effectiveness_v3_20260918T141131Z_aba3f441,A/splitcifar100/tight/F11/2/default,F11,splitcifar100,2,resource_transition,1,183616.912209323,183616.912791527,0.0005822039966005832,72984064,72984064,161480704,161480704,167772160,0,2407055360,0,2186835968,0,0,0,0.1,0,no_interval_samples,
effectiveness_v3_20260918T141131Z_aba3f441,A/splitcifar100/tight/F11/2/default,F11,splitcifar100,2,training,1,183616.941060795,183617.022370553,0.08130975798121653,145802752,151111168,167772160,167772160,167772160,0,2428137472,0,2207513600,0,0,0,0.1,0,no_interval_samples,failed
effectiveness_v3_20260918T141153Z_eb488ab7,A/splitcifar100/tight/S0/2/default,S0,splitcifar100,2,setup,,183624.209069537,183625.461499702,1.2524301650119014,1408512,1408512,2097152,2097152,167772160,0,1535643648,0,1315453952,0,1528123392,0,0.1,7,,
effectiveness_v3_20260918T141153Z_eb488ab7,A/splitcifar100/tight/S0/2/default,S0,splitcifar100,2,resource_transition,0,183625.48946272,183625.489923331,0.0004606110160239041,1408512,1408512,2097152,2097152,167772160,0,1535688704,0,1315453952,0,0,0,0.1,0,no_interval_samples,
effectiveness_v3_20260918T141153Z_eb488ab7,A/splitcifar100/tight/S0/2/default,S0,splitcifar100,2,training,0,183625.511253155,183632.043124296,6.531871140992735,70750720,95481344,117440512,117440512,167772160,0,2239619072,0,2019384320,0,2239799296,0,0.1,41,,
effectiveness_v3_20260918T141153Z_eb488ab7,A/splitcifar100/tight/S0/2/default,S0,splitcifar100,2,evaluation,0,183632.115767001,183632.34469095,0.2289239490055479,70750720,114268672,159383552,159383552,167772160,0,2294284288,0,2074049536,0,2293362688,0,0.1,1,,
effectiveness_v3_20260918T141153Z_eb488ab7,A/splitcifar100/tight/S0/2/default,S0,splitcifar100,2,resource_transition,1,183632.377615626,183632.378112987,0.0004973610048182309,70750720,70750720,159383552,159383552,167772160,0,2294284288,0,2074049536,0,0,0,0.1,0,no_interval_samples,
effectiveness_v3_20260918T141153Z_eb488ab7,A/splitcifar100/tight/S0/2/default,S0,splitcifar100,2,training,1,183632.406825449,183639.864086365,7.457260916009545,70750720,121942528,159383552,159383552,167772160,0,2289557504,0,2069322752,0,2295418880,0,0.1,45,,
effectiveness_v3_20260918T141153Z_eb488ab7,A/splitcifar100/tight/S0/2/default,S0,splitcifar100,2,evaluation,1,183639.946135644,183640.394019292,0.44788364801206626,70750720,114268672,159383552,159383552,167772160,0,2294190080,0,2073955328,0,2296238080,0,0.1,3,,
effectiveness_v3_20260918T141153Z_eb488ab7,A/splitcifar100/tight/S0/2/default,S0,splitcifar100,2,resource_transition,2,183640.426548163,183640.427132099,0.0005839359946548939,70750720,70750720,159383552,159383552,167772160,0,2294190080,0,2073955328,0,0,0,0.1,0,no_interval_samples,
effectiveness_v3_20260918T141153Z_eb488ab7,A/splitcifar100/tight/S0/2/default,S0,splitcifar100,2,training,2,183640.457753146,183647.505705692,7.0479525459813885,70750720,121942528,159383552,159383552,167772160,0,2289795072,0,2069560320,0,2294267904,0,0.1,43,,
effectiveness_v3_20260918T141153Z_eb488ab7,A/splitcifar100/tight/S0/2/default,S0,splitcifar100,2,evaluation,2,183647.593584904,183648.232117254,0.6385323499853257,70750720,114268672,159383552,159383552,167772160,0,2293755904,0,2073521152,0,2293772288,0,0.1,4,,
effectiveness_v3_20260918T141153Z_eb488ab7,A/splitcifar100/tight/S0/2/default,S0,splitcifar100,2,resource_transition,3,183648.267271301,183648.267835616,0.0005643149779643863,70750720,70750720,159383552,159383552,167772160,0,2293755904,0,2073521152,0,0,0,0.1,0,no_interval_samples,
effectiveness_v3_20260918T141153Z_eb488ab7,A/splitcifar100/tight/S0/2/default,S0,splitcifar100,2,training,3,183648.296735478,183655.527894913,7.231159434973961,70750720,121942528,159383552,159383552,167772160,0,2289950720,0,2069715968,0,2293755904,0,0.1,45,,
effectiveness_v3_20260918T141153Z_eb488ab7,A/splitcifar100/tight/S0/2/default,S0,splitcifar100,2,evaluation,3,183655.590149578,183656.45238848,0.862238901987439,70750720,114268672,159383552,159383552,167772160,0,2293907456,0,2073672704,0,2293927936,0,0.1,5,,
effectiveness_v3_20260918T141153Z_eb488ab7,A/splitcifar100/tight/S0/2/default,S0,splitcifar100,2,resource_transition,4,183656.512803184,183656.513439184,0.0006359999824780971,70750720,70750720,159383552,159383552,167772160,0,2293911552,0,2073676800,0,0,0,0.1,0,no_interval_samples,
effectiveness_v3_20260918T141153Z_eb488ab7,A/splitcifar100/tight/S0/2/default,S0,splitcifar100,2,training,4,183656.546558072,183664.073665875,7.527107803005492,70750720,121942528,159383552,159383552,167772160,0,2289963008,0,2069728256,0,2293923840,0,0.1,45,,
effectiveness_v3_20260918T141153Z_eb488ab7,A/splitcifar100/tight/S0/2/default,S0,splitcifar100,2,evaluation,4,183664.143210468,183665.421112592,1.2779021240130533,70750720,114268672,159383552,159383552,167772160,0,2293923840,0,2073689088,0,2293940224,0,0.1,7,,
effectiveness_v3_20260918T141153Z_eb488ab7,A/splitcifar100/tight/S0/2/default,S0,splitcifar100,2,resource_transition,5,183665.46015437,183665.460769065,0.0006146949890535325,70750720,70750720,159383552,159383552,167772160,0,2293927936,0,2073693184,0,0,0,0.1,0,no_interval_samples,
effectiveness_v3_20260918T141153Z_eb488ab7,A/splitcifar100/tight/S0/2/default,S0,splitcifar100,2,training,5,183665.491948454,183672.999194933,7.507246479013702,70750720,121942528,159383552,159383552,167772160,0,2289987584,0,2069752832,0,2290827264,0,0.1,46,,
effectiveness_v3_20260918T141153Z_eb488ab7,A/splitcifar100/tight/S0/2/default,S0,splitcifar100,2,evaluation,5,183673.067132598,183674.544015081,1.4768824829952791,70750720,114268672,159383552,159383552,167772160,0,2294624256,0,2074389504,0,2295619584,0,0.1,9,,
effectiveness_v3_20260918T141153Z_eb488ab7,A/splitcifar100/tight/S0/2/default,S0,splitcifar100,2,resource_transition,6,183674.582972082,183674.583593749,0.0006216670153662562,70750720,70750720,159383552,159383552,167772160,0,2294628352,0,2074393600,0,0,0,0.1,0,no_interval_samples,
effectiveness_v3_20260918T141153Z_eb488ab7,A/splitcifar100/tight/S0/2/default,S0,splitcifar100,2,training,6,183674.614588693,183681.988171415,7.3735827220079955,70750720,121942528,159383552,159383552,167772160,0,2290302976,0,2070068224,0,2294628352,0,0.1,46,,
effectiveness_v3_20260918T141153Z_eb488ab7,A/splitcifar100/tight/S0/2/default,S0,splitcifar100,2,evaluation,6,183682.057228803,183683.612177593,1.554948789998889,70750720,114268672,159383552,159383552,167772160,0,2294263808,0,2074029056,0,2294280192,0,0.1,9,,
effectiveness_v3_20260918T141153Z_eb488ab7,A/splitcifar100/tight/S0/2/default,S0,splitcifar100,2,resource_transition,7,183683.672147666,183683.672793055,0.0006453890237025917,70750720,70750720,159383552,159383552,167772160,0,2294263808,0,2074029056,0,0,0,0.1,0,no_interval_samples,
effectiveness_v3_20260918T141153Z_eb488ab7,A/splitcifar100/tight/S0/2/default,S0,splitcifar100,2,training,7,183683.704061258,183691.153371496,7.449310238007456,70750720,121942528,159383552,159383552,167772160,0,2290348032,0,2070113280,0,2294632448,0,0.1,46,,
effectiveness_v3_20260918T141153Z_eb488ab7,A/splitcifar100/tight/S0/2/default,S0,splitcifar100,2,evaluation,7,183691.219902541,183693.318527849,2.098625308019109,70750720,114268672,159383552,159383552,167772160,0,2294308864,0,2074074112,0,2294325248,0,0.1,13,,
effectiveness_v3_20260918T141153Z_eb488ab7,A/splitcifar100/tight/S0/2/default,S0,splitcifar100,2,resource_transition,8,183693.358819108,183693.359534525,0.0007154170016292483,70750720,70750720,159383552,159383552,167772160,0,2294308864,0,2074074112,0,0,0,0.1,0,no_interval_samples,
effectiveness_v3_20260918T141153Z_eb488ab7,A/splitcifar100/tight/S0/2/default,S0,splitcifar100,2,training,8,183693.391989209,183700.730635821,7.33864661201369,70750720,121942528,159383552,159383552,167772160,0,2290405376,0,2070170624,0,2294308864,0,0.1,45,,
effectiveness_v3_20260918T141153Z_eb488ab7,A/splitcifar100/tight/S0/2/default,S0,splitcifar100,2,evaluation,8,183700.799199495,183703.276974378,2.4777748830092605,70750720,114268672,159383552,159383552,167772160,0,2290094080,0,2069859328,0,2294853632,0,0.1,14,,
effectiveness_v3_20260918T141153Z_eb488ab7,A/splitcifar100/tight/S0/2/default,S0,splitcifar100,2,resource_transition,9,183703.322379537,183703.32314825,0.0007687129836995155,70750720,70750720,159383552,159383552,167772160,0,2290098176,0,2069863424,0,0,0,0.1,0,no_interval_samples,
effectiveness_v3_20260918T141153Z_eb488ab7,A/splitcifar100/tight/S0/2/default,S0,splitcifar100,2,training,9,183703.355253093,183710.959125829,7.603872735984623,70750720,121942528,159383552,159383552,167772160,0,2290864128,0,2070629376,0,2291781632,0,0.1,46,,
effectiveness_v3_20260918T141153Z_eb488ab7,A/splitcifar100/tight/S0/2/default,S0,splitcifar100,2,evaluation,9,183711.066555809,183713.96445709,2.8979012810159475,70750720,114268672,159383552,159383552,167772160,0,2290540544,0,2070305792,0,2296008704,0,0.1,18,,
effectiveness_v3_20260918T141330Z_a81aaf78,A/splitcifar100/tight/S_star/2/default,S_star,splitcifar100,2,setup,,183721.227270198,183722.479912923,1.2526427250122651,1408512,1408512,2097152,2097152,167772160,0,1537503232,0,1317313536,0,1529991168,0,0.1,7,,
effectiveness_v3_20260918T141330Z_a81aaf78,A/splitcifar100/tight/S_star/2/default,S_star,splitcifar100,2,resource_transition,0,183722.509100878,183722.509518174,0.0004172959888819605,1408512,1408512,2097152,2097152,167772160,0,1537548288,0,1317313536,0,0,0,0.1,0,no_interval_samples,
effectiveness_v3_20260918T141330Z_a81aaf78,A/splitcifar100/tight/S_star/2/default,S_star,splitcifar100,2,training,0,183722.530662739,183729.038612005,6.507949266000651,70750720,95481344,117440512,117440512,167772160,0,2241630208,0,2021395456,0,2241556480,0,0.1,41,,
effectiveness_v3_20260918T141330Z_a81aaf78,A/splitcifar100/tight/S_star/2/default,S_star,splitcifar100,2,evaluation,0,183729.107045781,183729.418744323,0.3116985419765115,70750720,114268672,159383552,159383552,167772160,0,2296254464,0,2076019712,0,2295345152,0,0.1,2,,
effectiveness_v3_20260918T141330Z_a81aaf78,A/splitcifar100/tight/S_star/2/default,S_star,splitcifar100,2,resource_transition,1,183729.4534421,183729.454033091,0.0005909909959882498,70750720,70750720,159383552,159383552,167772160,0,2296254464,0,2076019712,0,0,0,0.1,0,no_interval_samples,
effectiveness_v3_20260918T141330Z_a81aaf78,A/splitcifar100/tight/S_star/2/default,S_star,splitcifar100,2,training,1,183729.505056108,183736.871061664,7.366005555988522,70750720,121942528,159383552,159383552,167772160,0,2292248576,0,2072013824,0,2297827328,0,0.1,45,,
effectiveness_v3_20260918T141330Z_a81aaf78,A/splitcifar100/tight/S_star/2/default,S_star,splitcifar100,2,evaluation,1,183736.940099403,183737.373246434,0.4331470309989527,70750720,114268672,159383552,159383552,167772160,0,2298957824,0,2078723072,0,2298957824,0,0.1,3,,
effectiveness_v3_20260918T141330Z_a81aaf78,A/splitcifar100/tight/S_star/2/default,S_star,splitcifar100,2,resource_transition,2,183737.408434526,183737.408892424,0.0004578979860525578,70750720,70750720,159383552,159383552,167772160,0,2298957824,0,2078723072,0,0,0,0.1,0,no_interval_samples,
effectiveness_v3_20260918T141330Z_a81aaf78,A/splitcifar100/tight/S_star/2/default,S_star,splitcifar100,2,training,2,183737.43690884,183744.912714958,7.475806117989123,70750720,121942528,159383552,159383552,167772160,0,2292469760,0,2072235008,0,2298957824,0,0.1,46,,
effectiveness_v3_20260918T141330Z_a81aaf78,A/splitcifar100/tight/S_star/2/default,S_star,splitcifar100,2,evaluation,2,183744.976126568,183745.645595342,0.6694687739945948,70750720,114268672,159383552,159383552,167772160,0,2296557568,0,2076322816,0,2299125760,0,0.1,4,,
effectiveness_v3_20260918T141330Z_a81aaf78,A/splitcifar100/tight/S_star/2/default,S_star,splitcifar100,2,resource_transition,3,183745.682428546,183745.682986398,0.0005578520067501813,70750720,70750720,159383552,159383552,167772160,0,2296557568,0,2076322816,0,0,0,0.1,0,no_interval_samples,
effectiveness_v3_20260918T141330Z_a81aaf78,A/splitcifar100/tight/S_star/2/default,S_star,splitcifar100,2,training,3,183745.710609991,183752.849954773,7.139344782015542,70750720,121942528,159383552,159383552,167772160,0,2292699136,0,2072464384,0,2296586240,0,0.1,42,,
effectiveness_v3_20260918T141330Z_a81aaf78,A/splitcifar100/tight/S_star/2/default,S_star,splitcifar100,2,evaluation,3,183752.915938811,183753.778874249,0.8629354379954748,70750720,114268672,159383552,159383552,167772160,0,2296659968,0,2076425216,0,2296659968,0,0.1,5,,
effectiveness_v3_20260918T141330Z_a81aaf78,A/splitcifar100/tight/S_star/2/default,S_star,splitcifar100,2,resource_transition,4,183753.814076165,183753.814611924,0.0005357589980121702,70750720,70750720,159383552,159383552,167772160,0,2296659968,0,2076425216,0,0,0,0.1,0,no_interval_samples,
effectiveness_v3_20260918T141330Z_a81aaf78,A/splitcifar100/tight/S_star/2/default,S_star,splitcifar100,2,training,4,183753.843606534,183760.815293689,6.971687154989922,70750720,121942528,159383552,159383552,167772160,0,2292518912,0,2072284160,0,2296659968,0,0.1,43,,
effectiveness_v3_20260918T141330Z_a81aaf78,A/splitcifar100/tight/S_star/2/default,S_star,splitcifar100,2,evaluation,4,183760.882578133,183762.197870397,1.3152922640147153,70750720,114268672,159383552,159383552,167772160,0,2297638912,0,2077404160,0,2298179584,0,0.1,8,,
effectiveness_v3_20260918T141330Z_a81aaf78,A/splitcifar100/tight/S_star/2/default,S_star,splitcifar100,2,resource_transition,5,183762.238011499,183762.238628444,0.0006169450061861426,70750720,70750720,159383552,159383552,167772160,0,2297638912,0,2077404160,0,0,0,0.1,0,no_interval_samples,
effectiveness_v3_20260918T141330Z_a81aaf78,A/splitcifar100/tight/S_star/2/default,S_star,splitcifar100,2,training,5,183762.270225971,183769.8055948,7.535368829005165,70750720,121942528,159383552,159383552,167772160,0,2292535296,0,2072300544,0,2297683968,0,0.1,45,,
effectiveness_v3_20260918T141330Z_a81aaf78,A/splitcifar100/tight/S_star/2/default,S_star,splitcifar100,2,evaluation,5,183769.905611874,183771.410156348,1.5045444739807863,70750720,114268672,159383552,159383552,167772160,0,2296680448,0,2076445696,0,2297159680,0,0.1,9,,
effectiveness_v3_20260918T141330Z_a81aaf78,A/splitcifar100/tight/S_star/2/default,S_star,splitcifar100,2,resource_transition,6,183771.448448931,183771.449049208,0.0006002769805490971,70750720,70750720,159383552,159383552,167772160,0,2296680448,0,2076445696,0,0,0,0.1,0,no_interval_samples,
effectiveness_v3_20260918T141330Z_a81aaf78,A/splitcifar100/tight/S_star/2/default,S_star,splitcifar100,2,training,6,183771.480334421,183779.017298461,7.536964039987652,70750720,121942528,159383552,159383552,167772160,0,2292670464,0,2072435712,0,2294374400,0,0.1,45,,
effectiveness_v3_20260918T141330Z_a81aaf78,A/splitcifar100/tight/S_star/2/default,S_star,splitcifar100,2,evaluation,6,183779.08144912,183780.818951026,1.737501905998215,70750720,114268672,159383552,159383552,167772160,0,2296803328,0,2076568576,0,2296827904,0,0.1,10,,
effectiveness_v3_20260918T141330Z_a81aaf78,A/splitcifar100/tight/S_star/2/default,S_star,splitcifar100,2,resource_transition,7,183780.858152675,183780.858784147,0.0006314720085356385,70750720,70750720,159383552,159383552,167772160,0,2296803328,0,2076568576,0,0,0,0.1,0,no_interval_samples,
effectiveness_v3_20260918T141330Z_a81aaf78,A/splitcifar100/tight/S_star/2/default,S_star,splitcifar100,2,training,7,183780.890214721,183788.499675514,7.609460792999016,70750720,121942528,159383552,159383552,167772160,0,2292953088,0,2072718336,0,2294550528,0,0.1,46,,
effectiveness_v3_20260918T141330Z_a81aaf78,A/splitcifar100/tight/S_star/2/default,S_star,splitcifar100,2,evaluation,7,183788.56703996,183790.774244144,2.2072041840001475,70750720,114268672,159383552,159383552,167772160,0,2292658176,0,2072423424,0,2296913920,0,0.1,13,,
effectiveness_v3_20260918T141330Z_a81aaf78,A/splitcifar100/tight/S_star/2/default,S_star,splitcifar100,2,resource_transition,8,183790.818177395,183790.818827367,0.0006499720038846135,70750720,70750720,159383552,159383552,167772160,0,2292658176,0,2072423424,0,0,0,0.1,0,no_interval_samples,
effectiveness_v3_20260918T141330Z_a81aaf78,A/splitcifar100/tight/S_star/2/default,S_star,splitcifar100,2,training,8,183790.852595396,183798.462033841,7.6094384450116195,70750720,121942528,159383552,159383552,167772160,0,2293002240,0,2072767488,0,2293780480,0,0.1,47,,
effectiveness_v3_20260918T141330Z_a81aaf78,A/splitcifar100/tight/S_star/2/default,S_star,splitcifar100,2,evaluation,8,183798.529564071,183801.128084136,2.5985200649884064,70750720,114268672,159383552,159383552,167772160,0,2292703232,0,2072468480,0,2296963072,0,0.1,16,,
effectiveness_v3_20260918T141330Z_a81aaf78,A/splitcifar100/tight/S_star/2/default,S_star,splitcifar100,2,resource_transition,9,183801.173971906,183801.174758822,0.0007869159744586796,70750720,70750720,159383552,159383552,167772160,0,2292703232,0,2072468480,0,0,0,0.1,0,no_interval_samples,
effectiveness_v3_20260918T141330Z_a81aaf78,A/splitcifar100/tight/S_star/2/default,S_star,splitcifar100,2,training,9,183801.209048156,183808.838753967,7.6297058110067155,70750720,121942528,159383552,159383552,167772160,0,2293317632,0,2073082880,0,2293944320,0,0.1,47,,
effectiveness_v3_20260918T141330Z_a81aaf78,A/splitcifar100/tight/S_star/2/default,S_star,splitcifar100,2,evaluation,9,183808.924531644,183811.496526173,2.5719945289893076,70750720,114268672,159383552,159383552,167772160,0,2297245696,0,2077010944,0,2297278464,0,0.1,15,,
effectiveness_v3_20260918T141508Z_c5bb9561,B/core50_nc/loose/S0/0/default,S0,core50_nc,0,setup,,183818.728731305,183820.251706813,1.522975508007221,1395712,1395712,2097152,2097152,335544320,0,1575251968,0,1355029504,0,0,0,0.1,0,no_interval_samples,
effectiveness_v3_20260918T141508Z_c5bb9561,B/core50_nc/loose/S0/0/default,S0,core50_nc,0,resource_transition,0,183820.279904934,183820.280369147,0.0004642129933927208,1395712,1395712,2097152,2097152,335544320,0,1575264256,0,1355029504,0,0,0,0.1,0,no_interval_samples,
effectiveness_v3_20260918T141508Z_c5bb9561,B/core50_nc/loose/S0/0/default,S0,core50_nc,0,training,0,183820.30498399,183851.820044073,31.515060083009303,70712320,95452672,117440512,117440512,335544320,0,2070044672,0,1849809920,0,2065760256,0,0.1,193,,
effectiveness_v3_20260918T141508Z_c5bb9561,B/core50_nc/loose/S0/0/default,S0,core50_nc,0,evaluation,0,183851.888655349,183855.417654143,3.5289987940050196,70712320,114230272,159383552,159383552,335544320,0,2120007680,0,1899772928,0,2120024064,0,0.1,21,,
effectiveness_v3_20260918T141508Z_c5bb9561,B/core50_nc/loose/S0/0/default,S0,core50_nc,0,resource_transition,1,183855.447116254,183855.447570513,0.00045425898861140013,70712320,70712320,159383552,159383552,335544320,0,2120007680,0,1899772928,0,0,0,0.1,0,no_interval_samples,
effectiveness_v3_20260918T141508Z_c5bb9561,B/core50_nc/loose/S0/0/default,S0,core50_nc,0,training,1,183855.475615864,183872.518629143,17.043013279006118,70712320,121897984,159383552,159383552,335544320,0,2119405568,0,1899170816,0,2120130560,0,0.1,104,,
effectiveness_v3_20260918T141508Z_c5bb9561,B/core50_nc/loose/S0/0/default,S0,core50_nc,0,evaluation,1,183872.578713302,183878.101540013,5.522826711006928,70712320,114230272,159383552,159383552,335544320,0,2121584640,0,1901349888,0,2124980224,0,0.1,33,,
effectiveness_v3_20260918T141508Z_c5bb9561,B/core50_nc/loose/S0/0/default,S0,core50_nc,0,resource_transition,2,183878.131524449,183878.132029791,0.0005053420027252287,70712320,70712320,159383552,159383552,335544320,0,2121584640,0,1901349888,0,0,0,0.1,0,no_interval_samples,
effectiveness_v3_20260918T141508Z_c5bb9561,B/core50_nc/loose/S0/0/default,S0,core50_nc,0,training,2,183878.160371699,183896.083146111,17.922774411999853,70712320,121897984,159383552,159383552,335544320,0,2127892480,0,1907657728,0,2128265216,0,0.1,109,,
effectiveness_v3_20260918T141508Z_c5bb9561,B/core50_nc/loose/S0/0/default,S0,core50_nc,0,evaluation,2,183896.140090935,183903.525155888,7.385064953006804,70712320,114230272,159383552,159383552,335544320,0,2132004864,0,1911770112,0,2133581824,0,0.1,43,,
effectiveness_v3_20260918T141508Z_c5bb9561,B/core50_nc/loose/S0/0/default,S0,core50_nc,0,resource_transition,3,183903.557379545,183903.557852416,0.00047287100460380316,70712320,70712320,159383552,159383552,335544320,0,2132008960,0,1911774208,0,0,0,0.1,0,no_interval_samples,
effectiveness_v3_20260918T141508Z_c5bb9561,B/core50_nc/loose/S0/0/default,S0,core50_nc,0,training,3,183903.5879226,183922.619459802,19.031537201983156,70712320,121897984,159383552,159383552,335544320,0,2128089088,0,1907854336,0,2132008960,0,0.1,116,,
effectiveness_v3_20260918T141508Z_c5bb9561,B/core50_nc/loose/S0/0/default,S0,core50_nc,0,evaluation,3,183922.683363961,183932.330625906,9.647261945006903,70712320,114230272,159383552,159383552,335544320,0,2128011264,0,1907776512,0,2134843392,0,0.1,56,,
effectiveness_v3_20260918T141508Z_c5bb9561,B/core50_nc/loose/S0/0/default,S0,core50_nc,0,resource_transition,4,183932.361044184,183932.361510925,0.00046674098121002316,70712320,70712320,159383552,159383552,335544320,0,2128011264,0,1907776512,0,0,0,0.1,0,no_interval_samples,
effectiveness_v3_20260918T141508Z_c5bb9561,B/core50_nc/loose/S0/0/default,S0,core50_nc,0,training,4,183932.390999915,183952.022608462,19.631608547002543,70712320,121897984,159383552,159383552,335544320,0,2129252352,0,1909017600,0,2129620992,0,0.1,119,,
effectiveness_v3_20260918T141508Z_c5bb9561,B/core50_nc/loose/S0/0/default,S0,core50_nc,0,evaluation,4,183952.090707343,183962.342808035,10.252100691985106,70712320,114230272,159383552,159383552,335544320,0,2133417984,0,1913183232,0,2133876736,0,0.1,69,,
effectiveness_v3_20260918T141508Z_c5bb9561,B/core50_nc/loose/S0/0/default,S0,core50_nc,0,resource_transition,5,183962.39061072,183962.391180683,0.0005699629837181419,70712320,70712320,159383552,159383552,335544320,0,2133422080,0,1913187328,0,0,0,0.1,0,no_interval_samples,
effectiveness_v3_20260918T141508Z_c5bb9561,B/core50_nc/loose/S0/0/default,S0,core50_nc,0,training,5,183962.427604886,183981.080113562,18.652508675993886,70712320,121897984,159383552,159383552,335544320,0,2129924096,0,1909689344,0,2130485248,0,0.1,124,,
effectiveness_v3_20260918T141508Z_c5bb9561,B/core50_nc/loose/S0/0/default,S0,core50_nc,0,evaluation,5,183981.141784848,183994.060961896,12.919177047995618,70712320,114230272,159383552,159383552,335544320,0,2131660800,0,1911426048,0,2137546752,0,0.1,77,,
effectiveness_v3_20260918T141508Z_c5bb9561,B/core50_nc/loose/S0/0/default,S0,core50_nc,0,resource_transition,6,183994.11467509,183994.115121432,0.0004463419900275767,70712320,70712320,159383552,159383552,335544320,0,2131664896,0,1911430144,0,0,0,0.1,0,no_interval_samples,
effectiveness_v3_20260918T141508Z_c5bb9561,B/core50_nc/loose/S0/0/default,S0,core50_nc,0,training,6,183994.144545941,184013.202598231,19.05805228999816,70712320,121897984,159383552,159383552,335544320,0,2130038784,0,1909804032,0,2132066304,0,0.1,116,,
effectiveness_v3_20260918T141508Z_c5bb9561,B/core50_nc/loose/S0/0/default,S0,core50_nc,0,evaluation,6,184013.264163489,184027.797455332,14.533291843021289,70712320,114230272,159383552,159383552,335544320,0,2134929408,0,1914694656,0,2137649152,0,0.1,83,,
effectiveness_v3_20260918T141508Z_c5bb9561,B/core50_nc/loose/S0/0/default,S0,core50_nc,0,resource_transition,7,184027.830603222,184027.831041907,0.00043868497596122324,70712320,70712320,159383552,159383552,335544320,0,2134929408,0,1914694656,0,0,0,0.1,0,no_interval_samples,
effectiveness_v3_20260918T141508Z_c5bb9561,B/core50_nc/loose/S0/0/default,S0,core50_nc,0,training,7,184027.859188204,184047.402597783,19.543409578996943,70712320,121897984,159383552,159383552,335544320,0,2130698240,0,1910463488,0,2134937600,0,0.1,119,,
effectiveness_v3_20260918T141508Z_c5bb9561,B/core50_nc/loose/S0/0/default,S0,core50_nc,0,evaluation,7,184047.464209053,184064.413187338,16.948978285014164,70712320,114230272,159383552,159383552,335544320,0,2132348928,0,1912114176,0,2136195072,0,0.1,98,,
effectiveness_v3_20260918T141508Z_c5bb9561,B/core50_nc/loose/S0/0/default,S0,core50_nc,0,resource_transition,8,184064.447442747,184064.447919904,0.00047715698019601405,70712320,70712320,159383552,159383552,335544320,0,2132348928,0,1912114176,0,0,0,0.1,0,no_interval_samples,
effectiveness_v3_20260918T141508Z_c5bb9561,B/core50_nc/loose/S0/0/default,S0,core50_nc,0,training,8,184064.479173664,184084.208600577,19.729426912992494,70712320,121897984,159383552,159383552,335544320,0,2130907136,0,1910672384,0,2132348928,0,0.1,120,,
effectiveness_v3_20260918T141508Z_c5bb9561,B/core50_nc/loose/S0/0/default,S0,core50_nc,0,evaluation,8,184084.294176213,184103.164290329,18.87011411599815,70712320,114230272,159383552,159383552,335544320,0,2135044096,0,1914809344,0,2136952832,0,0.1,109,,
effectiveness_v3_20260918T141959Z_1d7322eb,B/core50_nc/loose/S_star/0/default,S_star,core50_nc,0,setup,,184110.459084235,184111.995241941,1.5361577060248237,1395712,1395712,2097152,2097152,335544320,0,1575272448,0,1355037696,0,0,0,0.1,0,no_interval_samples,
effectiveness_v3_20260918T141959Z_1d7322eb,B/core50_nc/loose/S_star/0/default,S_star,core50_nc,0,resource_transition,0,184112.023156311,184112.02361682,0.0004605089779943228,1395712,1395712,2097152,2097152,335544320,0,1575272448,0,1355037696,0,0,0,0.1,0,no_interval_samples,
effectiveness_v3_20260918T141959Z_1d7322eb,B/core50_nc/loose/S_star/0/default,S_star,core50_nc,0,training,0,184112.048336894,184145.22775774,33.17942084601964,70712320,95452672,117440512,117440512,335544320,0,2071846912,0,1851612160,0,2065760256,0,0.1,203,,
effectiveness_v3_20260918T141959Z_1d7322eb,B/core50_nc/loose/S_star/0/default,S_star,core50_nc,0,evaluation,0,184145.296706951,184149.131909963,3.835203012014972,70712320,114230272,159383552,159383552,335544320,0,2121908224,0,1901673472,0,2123358208,0,0.1,22,,
effectiveness_v3_20260918T141959Z_1d7322eb,B/core50_nc/loose/S_star/0/default,S_star,core50_nc,0,resource_transition,1,184149.179226934,184149.179740934,0.0005139999848324805,70712320,70712320,159383552,159383552,335544320,0,2121908224,0,1901673472,0,0,0,0.1,0,no_interval_samples,
effectiveness_v3_20260918T141959Z_1d7322eb,B/core50_nc/loose/S_star/0/default,S_star,core50_nc,0,training,1,184149.205592341,184168.686312617,19.480720276013017,70712320,121897984,159383552,159383552,335544320,0,2121601024,0,1901366272,0,2119700480,0,0.1,118,,
effectiveness_v3_20260918T141959Z_1d7322eb,B/core50_nc/loose/S_star/0/default,S_star,core50_nc,0,evaluation,1,184168.747749119,184174.620691425,5.872942305984907,70712320,114230272,159383552,159383552,335544320,0,2121547776,0,1901313024,0,2127187968,0,0.1,34,,
effectiveness_v3_20260918T141959Z_1d7322eb,B/core50_nc/loose/S_star/0/default,S_star,core50_nc,0,resource_transition,2,184174.651966359,184174.652459146,0.0004927869886159897,70712320,70712320,159383552,159383552,335544320,0,2121547776,0,1901313024,0,0,0,0.1,0,no_interval_samples,
effectiveness_v3_20260918T141959Z_1d7322eb,B/core50_nc/loose/S_star/0/default,S_star,core50_nc,0,training,2,184174.682685887,184193.345613035,18.66292714799056,70712320,121897984,159383552,159383552,335544320,0,2129735680,0,1909500928,0,2130124800,0,0.1,119,,
effectiveness_v3_20260918T141959Z_1d7322eb,B/core50_nc/loose/S_star/0/default,S_star,core50_nc,0,evaluation,2,184193.402252941,184200.156446081,6.754193139990093,70712320,114230272,159383552,159383552,335544320,0,2134425600,0,1914190848,0,2138173440,0,0.1,45,,
effectiveness_v3_20260918T141959Z_1d7322eb,B/core50_nc/loose/S_star/0/default,S_star,core50_nc,0,resource_transition,3,184200.203752858,184200.204189265,0.00043640699004754424,70712320,70712320,159383552,159383552,335544320,0,2134425600,0,1914190848,0,0,0,0.1,0,no_interval_samples,
effectiveness_v3_20260918T141959Z_1d7322eb,B/core50_nc/loose/S_star/0/default,S_star,core50_nc,0,training,3,184200.250108052,184218.198870424,17.9487623720197,70712320,121897984,159383552,159383552,335544320,0,2129891328,0,1909656576,0,2134425600,0,0.1,116,,
effectiveness_v3_20260918T141959Z_1d7322eb,B/core50_nc/loose/S_star/0/default,S_star,core50_nc,0,evaluation,3,184218.258145673,184227.525531384,9.26738571099122,70712320,114230272,159383552,159383552,335544320,0,2131574784,0,1911340032,0,2135478272,0,0.1,53,,
effectiveness_v3_20260918T141959Z_1d7322eb,B/core50_nc/loose/S_star/0/default,S_star,core50_nc,0,resource_transition,4,184227.577532163,184227.577995802,0.0004636390076484531,70712320,70712320,159383552,159383552,335544320,0,2131574784,0,1911340032,0,0,0,0.1,0,no_interval_samples,
effectiveness_v3_20260918T141959Z_1d7322eb,B/core50_nc/loose/S_star/0/default,S_star,core50_nc,0,training,4,184227.620044988,184246.653231329,19.0331863409956,70712320,121897984,159383552,159383552,335544320,0,2130796544,0,1910561792,0,2132033536,0,0.1,115,,
effectiveness_v3_20260918T141959Z_1d7322eb,B/core50_nc/loose/S_star/0/default,S_star,core50_nc,0,evaluation,4,184246.718486034,184257.520524018,10.802037984016351,70712320,114230272,159383552,159383552,335544320,0,2135207936,0,1914973184,0,2136338432,0,0.1,62,,
effectiveness_v3_20260918T141959Z_1d7322eb,B/core50_nc/loose/S_star/0/default,S_star,core50_nc,0,resource_transition,5,184257.568418806,184257.568868908,0.0004501020011957735,70712320,70712320,159383552,159383552,335544320,0,2135207936,0,1914973184,0,0,0,0.1,0,no_interval_samples,
effectiveness_v3_20260918T141959Z_1d7322eb,B/core50_nc/loose/S_star/0/default,S_star,core50_nc,0,training,5,184257.607446705,184276.901772834,19.29432612902019,70712320,121897984,159383552,159383552,335544320,0,2131193856,0,1910959104,0,2135207936,0,0.1,117,,
effectiveness_v3_20260918T141959Z_1d7322eb,B/core50_nc/loose/S_star/0/default,S_star,core50_nc,0,evaluation,5,184276.992200737,184289.71328178,12.721081042982405,70712320,114230272,159383552,159383552,335544320,0,2135621632,0,1915386880,0,2136739840,0,0.1,76,,
effectiveness_v3_20260918T141959Z_1d7322eb,B/core50_nc/loose/S_star/0/default,S_star,core50_nc,0,resource_transition,6,184289.748956474,184289.749411252,0.00045477799721993506,70712320,70712320,159383552,159383552,335544320,0,2135621632,0,1915386880,0,0,0,0.1,0,no_interval_samples,
effectiveness_v3_20260918T141959Z_1d7322eb,B/core50_nc/loose/S_star/0/default,S_star,core50_nc,0,training,6,184289.785922594,184307.932477471,18.146554877021117,70712320,121897984,159383552,159383552,335544320,0,2131468288,0,1911233536,0,2135621632,0,0.1,123,,
effectiveness_v3_20260918T141959Z_1d7322eb,B/core50_nc/loose/S_star/0/default,S_star,core50_nc,0,evaluation,6,184307.992222935,184322.760419331,14.768196396005806,70712320,114230272,159383552,159383552,335544320,0,2136129536,0,1915894784,0,2139148288,0,0.1,85,,
effectiveness_v3_20260918T141959Z_1d7322eb,B/core50_nc/loose/S_star/0/default,S_star,core50_nc,0,resource_transition,7,184322.798220479,184322.798656108,0.0004356290155556053,70712320,70712320,159383552,159383552,335544320,0,2136129536,0,1915894784,0,0,0,0.1,0,no_interval_samples,
effectiveness_v3_20260918T141959Z_1d7322eb,B/core50_nc/loose/S_star/0/default,S_star,core50_nc,0,training,7,184322.836295404,184342.813758405,19.97746300100698,70712320,121897984,159383552,159383552,335544320,0,2131951616,0,1911716864,0,2136129536,0,0.1,120,,
effectiveness_v3_20260918T141959Z_1d7322eb,B/core50_nc/loose/S_star/0/default,S_star,core50_nc,0,evaluation,7,184342.87608185,184359.427466101,16.55138425101177,70712320,114230272,159383552,159383552,335544320,0,2133655552,0,1913420800,0,2137493504,0,0.1,97,,
effectiveness_v3_20260918T141959Z_1d7322eb,B/core50_nc/loose/S_star/0/default,S_star,core50_nc,0,resource_transition,8,184359.488030331,184359.488458674,0.00042834298801608384,70712320,70712320,159383552,159383552,335544320,0,2133655552,0,1913420800,0,0,0,0.1,0,no_interval_samples,
effectiveness_v3_20260918T141959Z_1d7322eb,B/core50_nc/loose/S_star/0/default,S_star,core50_nc,0,training,8,184359.524327488,184379.130039108,19.605711619980866,70712320,121897984,159383552,159383552,335544320,0,2132373504,0,1912138752,0,2133655552,0,0.1,119,,
effectiveness_v3_20260918T141959Z_1d7322eb,B/core50_nc/loose/S_star/0/default,S_star,core50_nc,0,evaluation,8,184379.192080258,184397.746133609,18.554053350992035,70712320,114230272,159383552,159383552,335544320,0,2136502272,0,1916267520,0,2138021888,0,0.1,106,,
effectiveness_v3_20260918T142454Z_e358987c,B/core50_nc/loose/O11/0/default,O11,core50_nc,0,setup,,184405.030653775,184406.560532434,1.5298786589992233,1395712,1395712,2097152,2097152,335544320,0,1576312832,0,1356078080,0,1309437952,0,0.1,1,,
effectiveness_v3_20260918T142454Z_e358987c,B/core50_nc/loose/O11/0/default,O11,core50_nc,0,resource_transition,0,184406.589405583,184406.58985774,0.000452156993560493,1395712,1395712,2097152,2097152,335544320,0,1576312832,0,1356078080,0,0,0,0.1,0,no_interval_samples,
effectiveness_v3_20260918T142454Z_e358987c,B/core50_nc/loose/O11/0/default,O11,core50_nc,0,training,0,184406.614365342,184440.074977601,33.4606122590194,70712320,95452672,117440512,117440512,335544320,0,2071093248,0,1850858496,0,2066808832,0,0.1,206,,
effectiveness_v3_20260918T142454Z_e358987c,B/core50_nc/loose/O11/0/default,O11,core50_nc,0,evaluation,0,184440.175431617,184443.874191171,3.698759553983109,70712320,114230272,159383552,159383552,335544320,0,2121043968,0,1900809216,0,2122481664,0,0.1,22,,
effectiveness_v3_20260918T142454Z_e358987c,B/core50_nc/loose/O11/0/default,O11,core50_nc,0,controller,0,184443.902902467,184443.903032421,0.00012995398719795048,70712320,70712320,159383552,159383552,335544320,0,2121043968,0,1900809216,0,0,0,0.1,0,no_interval_samples,
effectiveness_v3_20260918T142454Z_e358987c,B/core50_nc/loose/O11/0/default,O11,core50_nc,0,reconfiguration,0,184443.944311707,184443.94463629,0.00032458300120197237,70712320,70712320,159383552,159383552,335544320,0,2121043968,0,1900809216,0,0,0,0.1,0,no_interval_samples,
effectiveness_v3_20260918T142454Z_e358987c,B/core50_nc/loose/O11/0/default,O11,core50_nc,0,resource_transition,1,184443.972060929,184443.972692077,0.0006311479955911636,70712320,70712320,159383552,159383552,335544320,0,2121043968,0,1900809216,0,0,0,0.1,0,no_interval_samples,
effectiveness_v3_20260918T142454Z_e358987c,B/core50_nc/loose/O11/0/default,O11,core50_nc,0,training,1,184444.00440504,184481.791541579,37.78713653900195,72920064,121897984,161480704,161480704,335544320,0,2247634944,0,2027400192,0,2228514816,0,0.1,232,,
effectiveness_v3_20260918T142454Z_e358987c,B/core50_nc/loose/O11/0/default,O11,core50_nc,0,evaluation,1,184481.891412255,184487.461165619,5.569753363990458,72920064,116438016,161480704,161480704,335544320,0,2257014784,0,2036780032,0,2262130688,0,0.1,34,,
effectiveness_v3_20260918T142454Z_e358987c,B/core50_nc/loose/O11/0/default,O11,core50_nc,0,controller,1,184487.49316836,184487.493299314,0.00013095399481244385,72920064,72920064,161480704,161480704,335544320,0,2257014784,0,2036780032,0,0,0,0.1,0,no_interval_samples,
effectiveness_v3_20260918T142454Z_e358987c,B/core50_nc/loose/O11/0/default,O11,core50_nc,0,reconfiguration,1,184487.521738647,184487.522418545,0.0006798980175517499,72920064,72920064,161480704,161480704,335544320,0,2257014784,0,2036780032,0,0,0,0.1,0,no_interval_samples,
effectiveness_v3_20260918T142454Z_e358987c,B/core50_nc/loose/O11/0/default,O11,core50_nc,0,resource_transition,2,184487.550210239,184487.550746526,0.0005362869997043163,72920064,72920064,161480704,161480704,335544320,0,2257014784,0,2036780032,0,0,0,0.1,0,no_interval_samples,
effectiveness_v3_20260918T142454Z_e358987c,B/core50_nc/loose/O11/0/default,O11,core50_nc,0,training,2,184487.579974664,184543.419438452,55.839463787997374,76217344,155344896,184549376,184549376,335544320,0,2293465088,0,2073186304,0,2298490880,0,0.1,356,,
effectiveness_v3_20260918T142454Z_e358987c,B/core50_nc/loose/O11/0/default,O11,core50_nc,0,evaluation,2,184543.500065138,184551.05038668,7.550321541988524,76217344,121267200,184549376,184549376,335544320,0,2295246848,0,2074968064,0,2298056704,0,0.1,43,,
effectiveness_v3_20260918T142454Z_e358987c,B/core50_nc/loose/O11/0/default,O11,core50_nc,0,controller,2,184551.096563467,184551.096683494,0.00012002699077129364,76217344,76217344,184549376,184549376,335544320,0,2295250944,0,2074972160,0,0,0,0.1,0,no_interval_samples,
effectiveness_v3_20260918T142454Z_e358987c,B/core50_nc/loose/O11/0/default,O11,core50_nc,0,reconfiguration,2,184551.125079717,184551.127129199,0.002049482020083815,76217344,76217344,184549376,184549376,335544320,0,2295250944,0,2074972160,0,0,0,0.1,0,no_interval_samples,
effectiveness_v3_20260918T142454Z_e358987c,B/core50_nc/loose/O11/0/default,O11,core50_nc,0,resource_transition,3,184551.154688357,184551.155239949,0.0005515920056495816,76217344,76217344,184549376,184549376,335544320,0,2295250944,0,2074972160,0,0,0,0.1,0,no_interval_samples,
effectiveness_v3_20260918T142454Z_e358987c,B/core50_nc/loose/O11/0/default,O11,core50_nc,0,training,3,184551.185725348,184622.983183146,71.79745779797668,79514624,160280576,186646528,186646528,335544320,0,2350489600,0,2130210816,0,2360565760,0,0.1,460,,
effectiveness_v3_20260918T142454Z_e358987c,B/core50_nc/loose/O11/0/default,O11,core50_nc,0,evaluation,3,184623.079295648,184632.656948018,9.577652370004216,79514624,123032576,186646528,186646528,335544320,0,2352246784,0,2131968000,0,2355806208,0,0.1,55,,
effectiveness_v3_20260918T142454Z_e358987c,B/core50_nc/loose/O11/0/default,O11,core50_nc,0,controller,3,184632.68761887,184632.687757676,0.0001388060045428574,79514624,79514624,186646528,186646528,335544320,0,2352250880,0,2131972096,0,0,0,0.1,0,no_interval_samples,
effectiveness_v3_20260918T142454Z_e358987c,B/core50_nc/loose/O11/0/default,O11,core50_nc,0,reconfiguration,3,184632.714840556,184632.717023334,0.002182778000133112,79514624,79514624,186646528,186646528,335544320,0,2352250880,0,2131972096,0,0,0,0.1,0,no_interval_samples,
effectiveness_v3_20260918T142454Z_e358987c,B/core50_nc/loose/O11/0/default,O11,core50_nc,0,resource_transition,4,184632.743387167,184632.743970112,0.0005829450092278421,79514624,79514624,186646528,186646528,335544320,0,2352250880,0,2131972096,0,0,0,0.1,0,no_interval_samples,
effectiveness_v3_20260918T142454Z_e358987c,B/core50_nc/loose/O11/0/default,O11,core50_nc,0,training,4,184632.77345025,184735.145078551,102.37162830098532,82811904,163373568,207618048,207618048,335544320,0,2354417664,0,2134138880,0,2354450432,0,0.1,638,,
effectiveness_v3_20260918T142454Z_e358987c,B/core50_nc/loose/O11/0/default,O11,core50_nc,0,evaluation,4,184735.215395589,184746.3161722,11.100776610983303,82811904,126329856,207618048,207618048,335544320,0,2356195328,0,2135916544,0,2360115200,0,0.1,63,,
effectiveness_v3_20260918T142454Z_e358987c,B/core50_nc/loose/O11/0/default,O11,core50_nc,0,controller,4,184746.36543569,184746.36556194,0.0001262500009033829,82811904,82811904,207618048,207618048,335544320,0,2356199424,0,2135920640,0,0,0,0.1,0,no_interval_samples,
effectiveness_v3_20260918T142454Z_e358987c,B/core50_nc/loose/O11/0/default,O11,core50_nc,0,reconfiguration,4,184746.393367283,184746.396085052,0.00271776900626719,82811904,82811904,207618048,207618048,335544320,0,2356199424,0,2135920640,0,0,0,0.1,0,no_interval_samples,
effectiveness_v3_20260918T142454Z_e358987c,B/core50_nc/loose/O11/0/default,O11,core50_nc,0,resource_transition,5,184746.423601886,184746.424201895,0.0006000089924782515,82811904,82811904,207618048,207618048,335544320,0,2356199424,0,2135920640,0,0,0,0.1,0,no_interval_samples,
effectiveness_v3_20260918T142454Z_e358987c,B/core50_nc/loose/O11/0/default,O11,core50_nc,0,training,5,184746.455299859,184871.173776782,124.71847692300798,86108672,168704000,207618048,207618048,335544320,0,2356994048,0,2136715264,0,2356826112,0,0.1,786,,
effectiveness_v3_20260918T142454Z_e358987c,B/core50_nc/loose/O11/0/default,O11,core50_nc,0,evaluation,5,184871.267567877,184884.367792221,13.100224344001617,86108672,129626624,207618048,207618048,335544320,0,2361995264,0,2141716480,0,2362728448,0,0.1,74,,
effectiveness_v3_20260918T142454Z_e358987c,B/core50_nc/loose/O11/0/default,O11,core50_nc,0,controller,5,184884.403457544,184884.403571915,0.00011437101056799293,86108672,86108672,207618048,207618048,335544320,0,2361999360,0,2141720576,0,0,0,0.1,0,no_interval_samples,
effectiveness_v3_20260918T142454Z_e358987c,B/core50_nc/loose/O11/0/default,O11,core50_nc,0,reconfiguration,5,184884.434982766,184884.437688071,0.002705304999835789,86108672,86108672,207618048,207618048,335544320,0,2361999360,0,2141720576,0,0,0,0.1,0,no_interval_samples,
effectiveness_v3_20260918T142454Z_e358987c,B/core50_nc/loose/O11/0/default,O11,core50_nc,0,resource_transition,6,184884.46723383,184884.467837293,0.0006034630059730262,86108672,86108672,207618048,207618048,335544320,0,2361999360,0,2141720576,0,0,0,0.1,0,no_interval_samples,
effectiveness_v3_20260918T142454Z_e358987c,B/core50_nc/loose/O11/0/default,O11,core50_nc,0,training,6,184884.500701218,185024.861795383,140.3610941650113,89405440,172729856,207618048,207618048,335544320,0,2358865920,0,2138587136,0,2360066048,0,0.1,876,,
effectiveness_v3_20260918T142454Z_e358987c,B/core50_nc/loose/O11/0/default,O11,core50_nc,0,evaluation,6,185024.930093931,185039.766116317,14.836022386007244,89405440,132923392,207618048,207618048,335544320,0,2360569856,0,2140291072,0,2364764160,0,0.1,83,,
effectiveness_v3_20260918T142454Z_e358987c,B/core50_nc/loose/O11/0/default,O11,core50_nc,0,controller,6,185039.801740669,185039.801859539,0.00011886999709531665,89405440,89405440,207618048,207618048,335544320,0,2360569856,0,2140291072,0,0,0,0.1,0,no_interval_samples,
effectiveness_v3_20260918T142454Z_e358987c,B/core50_nc/loose/O11/0/default,O11,core50_nc,0,reconfiguration,6,185039.833303455,185039.836922631,0.0036191759863868356,89405440,89405440,207618048,207618048,335544320,0,2360569856,0,2140291072,0,0,0,0.1,0,no_interval_samples,
effectiveness_v3_20260918T142454Z_e358987c,B/core50_nc/loose/O11/0/default,O11,core50_nc,0,resource_transition,7,185039.865301103,185039.865958733,0.000657629978377372,89405440,89405440,207618048,207618048,335544320,0,2360569856,0,2140291072,0,0,0,0.1,0,no_interval_samples,
effectiveness_v3_20260918T142454Z_e358987c,B/core50_nc/loose/O11/0/default,O11,core50_nc,0,training,7,185039.901530863,185189.273498673,149.3719678100024,92702720,177353728,207618048,207618048,335544320,0,2362028032,0,2141749248,0,2362589184,0,0.1,937,,
effectiveness_v3_20260918T142454Z_e358987c,B/core50_nc/loose/O11/0/default,O11,core50_nc,0,evaluation,7,185189.350472314,185206.180302157,16.82982984301634,92702720,136819712,207618048,207618048,335544320,0,2364084224,0,2143805440,0,2366849024,0,0.1,97,,
effectiveness_v3_20260918T142454Z_e358987c,B/core50_nc/loose/O11/0/default,O11,core50_nc,0,controller,7,185206.229792815,185206.229938769,0.00014595399261452258,92702720,92702720,207618048,207618048,335544320,0,2364088320,0,2143809536,0,0,0,0.1,0,no_interval_samples,
effectiveness_v3_20260918T142454Z_e358987c,B/core50_nc/loose/O11/0/default,O11,core50_nc,0,reconfiguration,7,185206.260678527,185206.264043796,0.0033652689890004694,92702720,92702720,207618048,207618048,335544320,0,2364088320,0,2143809536,0,0,0,0.1,0,no_interval_samples,
effectiveness_v3_20260918T142454Z_e358987c,B/core50_nc/loose/O11/0/default,O11,core50_nc,0,resource_transition,8,185206.293942416,185206.294506471,0.0005640549934469163,92702720,92702720,207618048,207618048,335544320,0,2364088320,0,2143809536,0,0,0,0.1,0,no_interval_samples,
effectiveness_v3_20260918T142454Z_e358987c,B/core50_nc/loose/O11/0/default,O11,core50_nc,0,training,8,185206.33392735,185371.765611127,165.43168377698748,95999488,181199872,216006656,216006656,335544320,0,2364944384,0,2144665600,0,2364747776,0,0.1,1047,,
effectiveness_v3_20260918T142454Z_e358987c,B/core50_nc/loose/O11/0/default,O11,core50_nc,0,evaluation,8,185371.860078857,185390.866249725,19.00617086800048,95999488,139517440,216006656,216006656,335544320,0,2365927424,0,2145648640,0,2369675264,0,0.1,108,,
effectiveness_v3_20260918T142454Z_e358987c,B/core50_nc/loose/O11/0/default,O11,core50_nc,0,controller,8,185390.902354847,185390.902454319,9.947200305759907e-05,95999488,95999488,216006656,216006656,335544320,0,2365927424,0,2145648640,0,0,0,0.1,0,no_interval_samples,
effectiveness_v3_20260918T144127Z_d92f4f45,B/core50_nc/loose/R11/0/default,R11,core50_nc,0,setup,,185398.362946376,185399.900444755,1.5374983790097758,1395712,1395712,2097152,2097152,335544320,0,1573347328,0,1353116672,0,0,0,0.1,0,no_interval_samples,
effectiveness_v3_20260918T144127Z_d92f4f45,B/core50_nc/loose/R11/0/default,R11,core50_nc,0,resource_transition,0,185399.929012117,185399.929469756,0.00045763899106532335,1395712,1395712,2097152,2097152,335544320,0,1573351424,0,1353116672,0,0,0,0.1,0,no_interval_samples,
effectiveness_v3_20260918T144127Z_d92f4f45,B/core50_nc/loose/R11/0/default,R11,core50_nc,0,training,0,185399.955898608,185432.654762237,32.69886362901889,70712320,95452672,117440512,117440512,335544320,0,2068373504,0,1848138752,0,2063933440,0,0.1,200,,
effectiveness_v3_20260918T144127Z_d92f4f45,B/core50_nc/loose/R11/0/default,R11,core50_nc,0,evaluation,0,185432.726807155,185436.349194666,3.6223875109863,70712320,114230272,159383552,159383552,335544320,0,2114052096,0,1893817344,0,2119725056,0,0.1,21,,
effectiveness_v3_20260918T144127Z_d92f4f45,B/core50_nc/loose/R11/0/default,R11,core50_nc,0,controller,0,185436.380392378,185436.380520684,0.0001283060119021684,70712320,70712320,159383552,159383552,335544320,0,2114052096,0,1893817344,0,0,0,0.1,0,no_interval_samples,
effectiveness_v3_20260918T144127Z_d92f4f45,B/core50_nc/loose/R11/0/default,R11,core50_nc,0,reconfiguration,0,185436.406801581,185436.407079276,0.00027769498410634696,70712320,70712320,159383552,159383552,335544320,0,2114052096,0,1893817344,0,0,0,0.1,0,no_interval_samples,
effectiveness_v3_20260918T144127Z_d92f4f45,B/core50_nc/loose/R11/0/default,R11,core50_nc,0,resource_transition,1,185436.431574275,185436.432095359,0.0005210840026848018,70712320,70712320,159383552,159383552,335544320,0,2114052096,0,1893817344,0,0,0,0.1,0,no_interval_samples,
effectiveness_v3_20260918T144127Z_d92f4f45,B/core50_nc/loose/R11/0/default,R11,core50_nc,0,training,1,185436.45851521,185456.229439831,19.770924620999722,70712320,121897984,159383552,159383552,335544320,0,2117656576,0,1897421824,0,2116734976,0,0.1,119,,
effectiveness_v3_20260918T144127Z_d92f4f45,B/core50_nc/loose/R11/0/default,R11,core50_nc,0,evaluation,1,185456.320486098,185461.836416212,5.515930113993818,70712320,114230272,159383552,159383552,335544320,0,2119835648,0,1899600896,0,2122297344,0,0.1,32,,
effectiveness_v3_20260918T144127Z_d92f4f45,B/core50_nc/loose/R11/0/default,R11,core50_nc,0,controller,1,185461.867598989,185461.867730813,0.00013182402472011745,70712320,70712320,159383552,159383552,335544320,0,2119835648,0,1899600896,0,0,0,0.1,0,no_interval_samples,
effectiveness_v3_20260918T144127Z_d92f4f45,B/core50_nc/loose/R11/0/default,R11,core50_nc,0,reconfiguration,1,185461.895482674,185461.895976952,0.0004942779778502882,70712320,70712320,159383552,159383552,335544320,0,2119835648,0,1899600896,0,0,0,0.1,0,no_interval_samples,
effectiveness_v3_20260918T144127Z_d92f4f45,B/core50_nc/loose/R11/0/default,R11,core50_nc,0,resource_transition,2,185461.921636072,185461.922208062,0.0005719900073017925,70712320,70712320,159383552,159383552,335544320,0,2119835648,0,1899600896,0,0,0,0.1,0,no_interval_samples,
effectiveness_v3_20260918T144127Z_d92f4f45,B/core50_nc/loose/R11/0/default,R11,core50_nc,0,training,2,185461.971092145,185480.722354198,18.751262053003302,70712320,121897984,159383552,159383552,335544320,0,2126495744,0,1906260992,0,2126512128,0,0.1,113,,
effectiveness_v3_20260918T144127Z_d92f4f45,B/core50_nc/loose/R11/0/default,R11,core50_nc,0,evaluation,2,185480.783574838,185488.217595793,7.434020954999141,70712320,114230272,159383552,159383552,335544320,0,2131185664,0,1910950912,0,2132176896,0,0.1,43,,
effectiveness_v3_20260918T144127Z_d92f4f45,B/core50_nc/loose/R11/0/default,R11,core50_nc,0,controller,2,185488.246881849,185488.247009488,0.00012763901031576097,70712320,70712320,159383552,159383552,335544320,0,2131189760,0,1910955008,0,0,0,0.1,0,no_interval_samples,
effectiveness_v3_20260918T144127Z_d92f4f45,B/core50_nc/loose/R11/0/default,R11,core50_nc,0,reconfiguration,2,185488.273009164,185488.277122998,0.004113834002055228,70712320,70712320,159383552,159383552,335544320,0,2131189760,0,1910955008,0,0,0,0.1,0,no_interval_samples,
effectiveness_v3_20260918T144127Z_d92f4f45,B/core50_nc/loose/R11/0/default,R11,core50_nc,0,resource_transition,3,185488.306347999,185488.30692935,0.0005813509924337268,70712320,70712320,159383552,159383552,335544320,0,2131189760,0,1910955008,0,0,0,0.1,0,no_interval_samples,
effectiveness_v3_20260918T144127Z_d92f4f45,B/core50_nc/loose/R11/0/default,R11,core50_nc,0,training,3,185488.336850934,185508.352906857,20.016055923013482,70712320,121897984,159383552,159383552,335544320,0,2127687680,0,1907452928,0,2131189760,0,0.1,121,,
effectiveness_v3_20260918T144127Z_d92f4f45,B/core50_nc/loose/R11/0/default,R11,core50_nc,0,evaluation,3,185508.411796106,185518.352906595,9.941110489016864,70712320,114230272,159383552,159383552,335544320,0,2127568896,0,1907334144,0,2132271104,0,0.1,57,,
effectiveness_v3_20260918T144127Z_d92f4f45,B/core50_nc/loose/R11/0/default,R11,core50_nc,0,controller,3,185518.383482457,185518.383609837,0.0001273800153285265,70712320,70712320,159383552,159383552,335544320,0,2127572992,0,1907338240,0,0,0,0.1,0,no_interval_samples,
effectiveness_v3_20260918T144127Z_d92f4f45,B/core50_nc/loose/R11/0/default,R11,core50_nc,0,reconfiguration,3,185518.409545041,185518.411164995,0.0016199539822991937,70712320,70712320,159383552,159383552,335544320,0,2127572992,0,1907338240,0,0,0,0.1,0,no_interval_samples,
effectiveness_v3_20260918T144127Z_d92f4f45,B/core50_nc/loose/R11/0/default,R11,core50_nc,0,resource_transition,4,185518.437263366,185518.437809107,0.0005457410006783903,70712320,70712320,159383552,159383552,335544320,0,2127572992,0,1907338240,0,0,0,0.1,0,no_interval_samples,
effectiveness_v3_20260918T144127Z_d92f4f45,B/core50_nc/loose/R11/0/default,R11,core50_nc,0,training,4,185518.468876126,185536.904939274,18.436063148023095,70712320,121897984,159383552,159383552,335544320,0,2128465920,0,1908231168,0,2128564224,0,0.1,109,,
effectiveness_v3_20260918T144127Z_d92f4f45,B/core50_nc/loose/R11/0/default,R11,core50_nc,0,evaluation,4,185536.97096505,185548.252179653,11.28121460301918,70712320,114230272,159383552,159383552,335544320,0,2132570112,0,1912335360,0,2134089728,0,0.1,65,,
effectiveness_v3_20260918T144127Z_d92f4f45,B/core50_nc/loose/R11/0/default,R11,core50_nc,0,controller,4,185548.284081523,185548.284200624,0.0001191010233014822,70712320,70712320,159383552,159383552,335544320,0,2132570112,0,1912335360,0,0,0,0.1,0,no_interval_samples,
effectiveness_v3_20260918T144127Z_d92f4f45,B/core50_nc/loose/R11/0/default,R11,core50_nc,0,reconfiguration,4,185548.320983179,185548.322998865,0.0020156860118731856,70712320,70712320,159383552,159383552,335544320,0,2132570112,0,1912335360,0,0,0,0.1,0,no_interval_samples,
effectiveness_v3_20260918T144127Z_d92f4f45,B/core50_nc/loose/R11/0/default,R11,core50_nc,0,resource_transition,5,185548.348722892,185548.349269142,0.0005462499975692481,70712320,70712320,159383552,159383552,335544320,0,2132570112,0,1912335360,0,0,0,0.1,0,no_interval_samples,
effectiveness_v3_20260918T144127Z_d92f4f45,B/core50_nc/loose/R11/0/default,R11,core50_nc,0,training,5,185548.378788152,185564.989932527,16.61114437499782,70712320,126952960,159383552,159383552,335544320,0,2130010112,0,1909775360,0,2130522112,0,0.1,100,,
effectiveness_v3_20260918T144127Z_d92f4f45,B/core50_nc/loose/R11/0/default,R11,core50_nc,0,evaluation,5,185565.056814618,185578.292941367,13.2361267489905,70712320,114230272,159383552,159383552,335544320,0,2131795968,0,1911561216,0,2137280512,0,0.1,76,,
effectiveness_v3_20260918T144127Z_d92f4f45,B/core50_nc/loose/R11/0/default,R11,core50_nc,0,controller,5,185578.349148488,185578.349274229,0.00012574100401252508,70712320,70712320,159383552,159383552,335544320,0,2131795968,0,1911561216,0,0,0,0.1,0,no_interval_samples,
effectiveness_v3_20260918T144127Z_d92f4f45,B/core50_nc/loose/R11/0/default,R11,core50_nc,0,reconfiguration,5,185578.376326091,185578.378350295,0.0020242040045559406,70712320,70712320,159383552,159383552,335544320,0,2131795968,0,1911561216,0,0,0,0.1,0,no_interval_samples,
effectiveness_v3_20260918T144127Z_d92f4f45,B/core50_nc/loose/R11/0/default,R11,core50_nc,0,resource_transition,6,185578.404384555,185578.40489823,0.0005136749823577702,70712320,70712320,159383552,159383552,335544320,0,2131795968,0,1911561216,0,0,0,0.1,0,no_interval_samples,
effectiveness_v3_20260918T144127Z_d92f4f45,B/core50_nc/loose/R11/0/default,R11,core50_nc,0,training,6,185578.433428009,185596.958091766,18.524663756979862,70712320,126952960,159383552,159383552,335544320,0,2130538496,0,1910303744,0,2131795968,0,0.1,114,,
effectiveness_v3_20260918T144127Z_d92f4f45,B/core50_nc/loose/R11/0/default,R11,core50_nc,0,evaluation,6,185597.019944517,185611.700417376,14.68047285900684,70712320,114230272,159383552,159383552,335544320,0,2132213760,0,1911979008,0,2136723456,0,0.1,85,,
effectiveness_v3_20260918T144127Z_d92f4f45,B/core50_nc/loose/R11/0/default,R11,core50_nc,0,controller,6,185611.738863127,185611.738998146,0.00013501901412382722,70712320,70712320,159383552,159383552,335544320,0,2132221952,0,1911987200,0,0,0,0.1,0,no_interval_samples,
effectiveness_v3_20260918T144127Z_d92f4f45,B/core50_nc/loose/R11/0/default,R11,core50_nc,0,reconfiguration,6,185611.767608091,185611.769954156,0.002346065011806786,70712320,70712320,159383552,159383552,335544320,0,2132221952,0,1911987200,0,0,0,0.1,0,no_interval_samples,
effectiveness_v3_20260918T144127Z_d92f4f45,B/core50_nc/loose/R11/0/default,R11,core50_nc,0,resource_transition,7,185611.803668388,185611.804249666,0.0005812780000269413,70712320,70712320,159383552,159383552,335544320,0,2132221952,0,1911987200,0,0,0,0.1,0,no_interval_samples,
effectiveness_v3_20260918T144127Z_d92f4f45,B/core50_nc/loose/R11/0/default,R11,core50_nc,0,training,7,185611.832793574,185630.751224376,18.918430802004877,70712320,126952960,159383552,159383552,335544320,0,2131714048,0,1911479296,0,2132639744,0,0.1,119,,
effectiveness_v3_20260918T144127Z_d92f4f45,B/core50_nc/loose/R11/0/default,R11,core50_nc,0,evaluation,7,185630.812065449,185646.804250555,15.992185106006218,70712320,114230272,159383552,159383552,335544320,0,2136002560,0,1915767808,0,2136207360,0,0.1,108,,
effectiveness_v3_20260918T144127Z_d92f4f45,B/core50_nc/loose/R11/0/default,R11,core50_nc,0,controller,7,185646.834887908,185646.835004315,0.00011640702723525465,70712320,70712320,159383552,159383552,335544320,0,2136006656,0,1915771904,0,0,0,0.1,0,no_interval_samples,
effectiveness_v3_20260918T144127Z_d92f4f45,B/core50_nc/loose/R11/0/default,R11,core50_nc,0,reconfiguration,7,185646.86087564,185646.863084093,0.002208452991908416,70712320,70712320,159383552,159383552,335544320,0,2136006656,0,1915771904,0,0,0,0.1,0,no_interval_samples,
effectiveness_v3_20260918T144127Z_d92f4f45,B/core50_nc/loose/R11/0/default,R11,core50_nc,0,resource_transition,8,185646.886416621,185646.88693663,0.0005200089944992214,70712320,70712320,159383552,159383552,335544320,0,2136006656,0,1915771904,0,0,0,0.1,0,no_interval_samples,
effectiveness_v3_20260918T144127Z_d92f4f45,B/core50_nc/loose/R11/0/default,R11,core50_nc,0,training,8,185646.914541778,185665.24447807,18.329936291993363,70712320,126952960,159383552,159383552,335544320,0,2131951616,0,1911716864,0,2136014848,0,0.1,118,,
effectiveness_v3_20260918T144127Z_d92f4f45,B/core50_nc/loose/R11/0/default,R11,core50_nc,0,evaluation,8,185665.306492791,185683.866516885,18.56002409401117,70712320,114230272,159383552,159383552,335544320,0,2133680128,0,1913445376,0,2137468928,0,0.1,107,,
effectiveness_v3_20260918T144127Z_d92f4f45,B/core50_nc/loose/R11/0/default,R11,core50_nc,0,controller,8,185683.896333255,185683.896437773,0.0001045179960783571,70712320,70712320,159383552,159383552,335544320,0,2133680128,0,1913445376,0,0,0,0.1,0,no_interval_samples,
effectiveness_v3_20260918T144620Z_be1c54a2,B/core50_nc/loose/F11/0/default,F11,core50_nc,0,setup,,185691.112957053,185692.631149192,1.5181921389885247,1395712,1395712,2097152,2097152,335544320,0,1573425152,0,1353190400,0,1307688960,0,0.1,1,,
effectiveness_v3_20260918T144620Z_be1c54a2,B/core50_nc/loose/F11/0/default,F11,core50_nc,0,resource_transition,0,185692.655682766,185692.656154127,0.00047136101056821644,1395712,1395712,2097152,2097152,335544320,0,1573425152,0,1353190400,0,0,0,0.1,0,no_interval_samples,
effectiveness_v3_20260918T144620Z_be1c54a2,B/core50_nc/loose/F11/0/default,F11,core50_nc,0,training,0,185692.679042943,185759.300954021,66.62191107799299,72920064,96689152,119537664,119537664,335544320,0,2183512064,0,1963277312,0,2161410048,0,0.1,411,,
effectiveness_v3_20260918T144620Z_be1c54a2,B/core50_nc/loose/F11/0/default,F11,core50_nc,0,evaluation,0,185759.365770658,185763.060488912,3.694718253973406,72920064,116438016,161480704,161480704,335544320,0,2224660480,0,2004425728,0,2229055488,0,0.1,22,,
effectiveness_v3_20260918T144620Z_be1c54a2,B/core50_nc/loose/F11/0/default,F11,core50_nc,0,controller,0,185763.093764198,185763.093889263,0.00012506498023867607,72920064,72920064,161480704,161480704,335544320,0,2224660480,0,2004425728,0,0,0,0.1,0,no_interval_samples,
effectiveness_v3_20260918T144620Z_be1c54a2,B/core50_nc/loose/F11/0/default,F11,core50_nc,0,reconfiguration,0,185763.121487004,185763.121957208,0.000470203987788409,72920064,72920064,161480704,161480704,335544320,0,2224660480,0,2004425728,0,0,0,0.1,0,no_interval_samples,
effectiveness_v3_20260918T144620Z_be1c54a2,B/core50_nc/loose/F11/0/default,F11,core50_nc,0,resource_transition,1,185763.147998893,185763.148549856,0.0005509630136657506,72920064,72920064,161480704,161480704,335544320,0,2224660480,0,2004425728,0,0,0,0.1,0,no_interval_samples,
effectiveness_v3_20260918T144620Z_be1c54a2,B/core50_nc/loose/F11/0/default,F11,core50_nc,0,training,1,185763.1769322,185817.397717764,54.22078556398628,76217344,155344896,184549376,184549376,335544320,0,2285510656,0,2065231872,0,2291048448,0,0.1,346,,
effectiveness_v3_20260918T144620Z_be1c54a2,B/core50_nc/loose/F11/0/default,F11,core50_nc,0,evaluation,1,185817.465185016,185823.093635234,5.628450218006037,76217344,121267200,184549376,184549376,335544320,0,2287476736,0,2067197952,0,2291417088,0,0.1,32,,
effectiveness_v3_20260918T144620Z_be1c54a2,B/core50_nc/loose/F11/0/default,F11,core50_nc,0,controller,1,185823.125253022,185823.12537554,0.00012251798762008548,76217344,76217344,184549376,184549376,335544320,0,2287476736,0,2067197952,0,0,0,0.1,0,no_interval_samples,
effectiveness_v3_20260918T144620Z_be1c54a2,B/core50_nc/loose/F11/0/default,F11,core50_nc,0,reconfiguration,1,185823.153397356,185823.154195309,0.0007979529909789562,76217344,76217344,184549376,184549376,335544320,0,2287476736,0,2067197952,0,0,0,0.1,0,no_interval_samples,
effectiveness_v3_20260918T144620Z_be1c54a2,B/core50_nc/loose/F11/0/default,F11,core50_nc,0,resource_transition,2,185823.181313662,185823.181893375,0.0005797129997517914,76217344,76217344,184549376,184549376,335544320,0,2287476736,0,2067197952,0,0,0,0.1,0,no_interval_samples,
effectiveness_v3_20260918T144620Z_be1c54a2,B/core50_nc/loose/F11/0/default,F11,core50_nc,0,training,2,185823.222413607,185893.075046597,69.85263298999052,79514624,160280576,186646528,186646528,335544320,0,2346172416,0,2125893632,0,2354225152,0,0.1,443,,
effectiveness_v3_20260918T144620Z_be1c54a2,B/core50_nc/loose/F11/0/default,F11,core50_nc,0,evaluation,2,185893.144015959,185900.543573904,7.399557944998378,79514624,123032576,186646528,186646528,335544320,0,2347864064,0,2127585280,0,2352644096,0,0.1,43,,
effectiveness_v3_20260918T144620Z_be1c54a2,B/core50_nc/loose/F11/0/default,F11,core50_nc,0,controller,2,185900.577155525,185900.577277377,0.00012185197556391358,79514624,79514624,186646528,186646528,335544320,0,2347868160,0,2127589376,0,0,0,0.1,0,no_interval_samples,
effectiveness_v3_20260918T144620Z_be1c54a2,B/core50_nc/loose/F11/0/default,F11,core50_nc,0,reconfiguration,2,185900.606480257,185900.608582229,0.0021019720006734133,79514624,79514624,186646528,186646528,335544320,0,2347868160,0,2127589376,0,0,0,0.1,0,no_interval_samples,
effectiveness_v3_20260918T144620Z_be1c54a2,B/core50_nc/loose/F11/0/default,F11,core50_nc,0,resource_transition,3,185900.636349832,185900.636859276,0.0005094440130051225,79514624,79514624,186646528,186646528,335544320,0,2347868160,0,2127589376,0,0,0,0.1,0,no_interval_samples,
effectiveness_v3_20260918T144620Z_be1c54a2,B/core50_nc/loose/F11/0/default,F11,core50_nc,0,training,3,185900.670030916,185985.773529877,85.1034989610198,82811904,163348480,209715200,209715200,335544320,0,2348449792,0,2128171008,0,2361614336,0,0.1,549,,
effectiveness_v3_20260918T144620Z_be1c54a2,B/core50_nc/loose/F11/0/default,F11,core50_nc,0,evaluation,3,185985.841028583,185995.589896478,9.748867894988507,82811904,126329856,209715200,209715200,335544320,0,2348441600,0,2128162816,0,2353127424,0,0.1,56,,
effectiveness_v3_20260918T144620Z_be1c54a2,B/core50_nc/loose/F11/0/default,F11,core50_nc,0,controller,3,185995.647253347,185995.647371894,0.00011854700278490782,82811904,82811904,209715200,209715200,335544320,0,2348445696,0,2128166912,0,0,0,0.1,0,no_interval_samples,
effectiveness_v3_20260918T144620Z_be1c54a2,B/core50_nc/loose/F11/0/default,F11,core50_nc,0,reconfiguration,3,185995.676317171,185995.678555236,0.002238065004348755,82811904,82811904,209715200,209715200,335544320,0,2348445696,0,2128166912,0,0,0,0.1,0,no_interval_samples,
effectiveness_v3_20260918T144620Z_be1c54a2,B/core50_nc/loose/F11/0/default,F11,core50_nc,0,resource_transition,4,185995.706697485,185995.707263809,0.0005663239862769842,82811904,82811904,209715200,209715200,335544320,0,2348445696,0,2128166912,0,0,0,0.1,0,no_interval_samples,
effectiveness_v3_20260918T144620Z_be1c54a2,B/core50_nc/loose/F11/0/default,F11,core50_nc,0,training,4,185995.738161429,186116.094984853,120.35682342399377,86108672,168704000,209715200,209715200,335544320,0,2351198208,0,2130919424,0,2353483776,0,0.1,761,,
effectiveness_v3_20260918T144620Z_be1c54a2,B/core50_nc/loose/F11/0/default,F11,core50_nc,0,evaluation,4,186116.166552528,186127.635692839,11.46914031097549,86108672,129953792,209715200,209715200,335544320,0,2353217536,0,2132938752,0,2356088832,0,0.1,66,,
effectiveness_v3_20260918T144620Z_be1c54a2,B/core50_nc/loose/F11/0/default,F11,core50_nc,0,controller,4,186127.671654208,186127.671764051,0.00010984297841787338,86108672,86108672,209715200,209715200,335544320,0,2353221632,0,2132942848,0,0,0,0.1,0,no_interval_samples,
effectiveness_v3_20260918T144620Z_be1c54a2,B/core50_nc/loose/F11/0/default,F11,core50_nc,0,reconfiguration,4,186127.700742689,186127.703454532,0.0027118430007249117,86108672,86108672,209715200,209715200,335544320,0,2353221632,0,2132942848,0,0,0,0.1,0,no_interval_samples,
effectiveness_v3_20260918T144620Z_be1c54a2,B/core50_nc/loose/F11/0/default,F11,core50_nc,0,resource_transition,5,186127.731575013,186127.732155087,0.0005800740036647767,86108672,86108672,209715200,209715200,335544320,0,2353221632,0,2132942848,0,0,0,0.1,0,no_interval_samples,
effectiveness_v3_20260918T144620Z_be1c54a2,B/core50_nc/loose/F11/0/default,F11,core50_nc,0,training,5,186127.786523209,186266.793231674,139.0067084649927,89405440,172729856,209715200,209715200,335544320,0,2354503680,0,2134224896,0,2354475008,0,0.1,839,,
effectiveness_v3_20260918T144620Z_be1c54a2,B/core50_nc/loose/F11/0/default,F11,core50_nc,0,evaluation,5,186266.865312036,186279.741214102,12.875902065978153,89405440,132923392,209715200,209715200,335544320,0,2359169024,0,2138890240,0,2359169024,0,0.1,74,,
effectiveness_v3_20260918T144620Z_be1c54a2,B/core50_nc/loose/F11/0/default,F11,core50_nc,0,controller,5,186279.777016805,186279.777142065,0.00012526000500656664,89405440,89405440,209715200,209715200,335544320,0,2359173120,0,2138894336,0,0,0,0.1,0,no_interval_samples,
effectiveness_v3_20260918T144620Z_be1c54a2,B/core50_nc/loose/F11/0/default,F11,core50_nc,0,reconfiguration,5,186279.80646912,186279.80932486,0.0028557399928104132,89405440,89405440,209715200,209715200,335544320,0,2359173120,0,2138894336,0,0,0,0.1,0,no_interval_samples,
effectiveness_v3_20260918T144620Z_be1c54a2,B/core50_nc/loose/F11/0/default,F11,core50_nc,0,resource_transition,6,186279.837855924,186279.838396017,0.0005400929949246347,89405440,89405440,209715200,209715200,335544320,0,2359173120,0,2138894336,0,0,0,0.1,0,no_interval_samples,
effectiveness_v3_20260918T144620Z_be1c54a2,B/core50_nc/loose/F11/0/default,F11,core50_nc,0,training,6,186279.870727989,186436.455580304,156.5848523149907,92702720,177328640,209715200,209715200,335544320,0,2356412416,0,2136133632,0,2356838400,0,0.1,988,,
effectiveness_v3_20260918T144620Z_be1c54a2,B/core50_nc/loose/F11/0/default,F11,core50_nc,0,evaluation,6,186436.525796015,186451.578490583,15.052694568003062,92702720,136819712,209715200,209715200,335544320,0,2360676352,0,2140397568,0,2361479168,0,0.1,87,,
effectiveness_v3_20260918T144620Z_be1c54a2,B/core50_nc/loose/F11/0/default,F11,core50_nc,0,controller,6,186451.611956871,186451.612080037,0.0001231660135090351,92702720,92702720,209715200,209715200,335544320,0,2360676352,0,2140397568,0,0,0,0.1,0,no_interval_samples,
effectiveness_v3_20260918T144620Z_be1c54a2,B/core50_nc/loose/F11/0/default,F11,core50_nc,0,reconfiguration,6,186451.639908592,186451.64575874,0.005850147979799658,92702720,92702720,209715200,209715200,335544320,0,2360676352,0,2140397568,0,0,0,0.1,0,no_interval_samples,
effectiveness_v3_20260918T144620Z_be1c54a2,B/core50_nc/loose/F11/0/default,F11,core50_nc,0,resource_transition,7,186451.68300886,186451.683541647,0.0005327870021574199,92702720,92702720,209715200,209715200,335544320,0,2360676352,0,2140397568,0,0,0,0.1,0,no_interval_samples,
effectiveness_v3_20260918T144620Z_be1c54a2,B/core50_nc/loose/F11/0/default,F11,core50_nc,0,training,7,186451.715148286,186615.702271978,163.98712369200075,95999488,181199872,209715200,209715200,335544320,0,2359414784,0,2139136000,0,2359644160,0,0.1,1038,,
effectiveness_v3_20260918T144620Z_be1c54a2,B/core50_nc/loose/F11/0/default,F11,core50_nc,0,evaluation,7,186615.76948772,186632.627039202,16.857551481982227,95999488,139517440,209715200,209715200,335544320,0,2361163776,0,2140884992,0,2364022784,0,0.1,96,,
effectiveness_v3_20260918T144620Z_be1c54a2,B/core50_nc/loose/F11/0/default,F11,core50_nc,0,controller,7,186632.664878527,186632.664992592,0.00011406501289457083,95999488,95999488,209715200,209715200,335544320,0,2361167872,0,2140889088,0,0,0,0.1,0,no_interval_samples,
effectiveness_v3_20260918T144620Z_be1c54a2,B/core50_nc/loose/F11/0/default,F11,core50_nc,0,reconfiguration,7,186632.694807945,186632.701035852,0.006227906997082755,95999488,95999488,209715200,209715200,335544320,0,2361167872,0,2140889088,0,0,0,0.1,0,no_interval_samples,
effectiveness_v3_20260918T144620Z_be1c54a2,B/core50_nc/loose/F11/0/default,F11,core50_nc,0,resource_transition,8,186632.750762093,186632.751333991,0.0005718980100937188,95999488,95999488,209715200,209715200,335544320,0,2361167872,0,2140889088,0,0,0,0.1,0,no_interval_samples,
effectiveness_v3_20260918T144620Z_be1c54a2,B/core50_nc/loose/F11/0/default,F11,core50_nc,0,training,8,186632.787000963,186815.281472379,182.49447141599376,99296768,185331200,218103808,218103808,335544320,0,2362535936,0,2142257152,0,2363314176,0,0.1,1160,,
effectiveness_v3_20260918T144620Z_be1c54a2,B/core50_nc/loose/F11/0/default,F11,core50_nc,0,evaluation,8,186815.357491705,186833.787932861,18.430441156000597,99296768,142814720,218103808,218103808,335544320,0,2365755392,0,2145476608,0,2367270912,0,0.1,105,,
effectiveness_v3_20260918T144620Z_be1c54a2,B/core50_nc/loose/F11/0/default,F11,core50_nc,0,controller,8,186833.828430212,186833.828526952,9.674002649262547e-05,99296768,99296768,218103808,218103808,335544320,0,2365755392,0,2145476608,0,0,0,0.1,0,no_interval_samples,
effectiveness_v3_20260918T150530Z_e016f976,B/core50_nc/loose/S_star/1/default,S_star,core50_nc,1,setup,,186841.27017671,186842.798850498,1.528673787979642,1395712,1395712,2097152,2097152,335544320,0,1572306944,0,1352076288,0,1386336256,0,0.1,1,,
effectiveness_v3_20260918T150530Z_e016f976,B/core50_nc/loose/S_star/1/default,S_star,core50_nc,1,resource_transition,0,186842.826523943,186842.826966804,0.0004428609972819686,1395712,1395712,2097152,2097152,335544320,0,1572311040,0,1352076288,0,0,0,0.1,0,no_interval_samples,
effectiveness_v3_20260918T150530Z_e016f976,B/core50_nc/loose/S_star/1/default,S_star,core50_nc,1,training,0,186842.851058592,186876.141207241,33.29014864898636,70712320,95452672,117440512,117440512,335544320,0,2068877312,0,1848642560,0,2062786560,0,0.1,205,,
effectiveness_v3_20260918T150530Z_e016f976,B/core50_nc/loose/S_star/1/default,S_star,core50_nc,1,evaluation,0,186876.208958045,186880.119088824,3.9101307789969724,70712320,114230272,159383552,159383552,335544320,0,2118856704,0,1898621952,0,2120310784,0,0.1,23,,
effectiveness_v3_20260918T150530Z_e016f976,B/core50_nc/loose/S_star/1/default,S_star,core50_nc,1,resource_transition,1,186880.149325574,186880.149803222,0.00047764802002348006,70712320,70712320,159383552,159383552,335544320,0,2118856704,0,1898621952,0,0,0,0.1,0,no_interval_samples,
effectiveness_v3_20260918T150530Z_e016f976,B/core50_nc/loose/S_star/1/default,S_star,core50_nc,1,training,1,186880.177966629,186900.156052765,19.978086135990452,70712320,121897984,159383552,159383552,335544320,0,2118553600,0,1898318848,0,2119659520,0,0.1,123,,
effectiveness_v3_20260918T150530Z_e016f976,B/core50_nc/loose/S_star/1/default,S_star,core50_nc,1,evaluation,1,186900.215543273,186905.894290341,5.678747068013763,70712320,114230272,159383552,159383552,335544320,0,2120257536,0,1900022784,0,2124115968,0,0.1,33,,
effectiveness_v3_20260918T150530Z_e016f976,B/core50_nc/loose/S_star/1/default,S_star,core50_nc,1,resource_transition,2,186905.922703832,186905.92321397,0.0005101379938423634,70712320,70712320,159383552,159383552,335544320,0,2120257536,0,1900022784,0,0,0,0.1,0,no_interval_samples,
effectiveness_v3_20260918T150530Z_e016f976,B/core50_nc/loose/S_star/1/default,S_star,core50_nc,1,training,2,186905.974895331,186925.430582443,19.455687112000305,70712320,121897984,159383552,159383552,335544320,0,2126827520,0,1906592768,0,2127163392,0,0.1,118,,
effectiveness_v3_20260918T150530Z_e016f976,B/core50_nc/loose/S_star/1/default,S_star,core50_nc,1,evaluation,2,186925.491655136,186933.01172619,7.520071053993888,70712320,114230272,159383552,159383552,335544320,0,2126770176,0,1906535424,0,2135265280,0,0.1,44,,
effectiveness_v3_20260918T150530Z_e016f976,B/core50_nc/loose/S_star/1/default,S_star,core50_nc,1,resource_transition,3,186933.087969813,186933.088716924,0.0007471109856851399,70712320,70712320,159383552,159383552,335544320,0,2126770176,0,1906535424,0,0,0,0.1,0,no_interval_samples,
effectiveness_v3_20260918T150530Z_e016f976,B/core50_nc/loose/S_star/1/default,S_star,core50_nc,1,training,3,186933.134649258,186953.150043452,20.01539419402252,70712320,121897984,159383552,159383552,335544320,0,2126991360,0,1906756608,0,2127761408,0,0.1,120,,
effectiveness_v3_20260918T150530Z_e016f976,B/core50_nc/loose/S_star/1/default,S_star,core50_nc,1,evaluation,3,186953.221317858,186962.82415671,9.602838852006244,70712320,114230272,159383552,159383552,335544320,0,2128670720,0,1908435968,0,2132549632,0,0.1,55,,
effectiveness_v3_20260918T150530Z_e016f976,B/core50_nc/loose/S_star/1/default,S_star,core50_nc,1,resource_transition,4,186962.880877015,186962.881306126,0.0004291109798941761,70712320,70712320,159383552,159383552,335544320,0,2128670720,0,1908435968,0,0,0,0.1,0,no_interval_samples,
effectiveness_v3_20260918T150530Z_e016f976,B/core50_nc/loose/S_star/1/default,S_star,core50_nc,1,training,4,186962.916719282,186982.596769831,19.680050549010048,70712320,121897984,159383552,159383552,335544320,0,2127745024,0,1907510272,0,2128678912,0,0.1,119,,
effectiveness_v3_20260918T150530Z_e016f976,B/core50_nc/loose/S_star/1/default,S_star,core50_nc,1,evaluation,4,186982.673843006,186993.625446757,10.95160375101841,70712320,114230272,159383552,159383552,335544320,0,2132156416,0,1911921664,0,2133286912,0,0.1,64,,
effectiveness_v3_20260918T150530Z_e016f976,B/core50_nc/loose/S_star/1/default,S_star,core50_nc,1,resource_transition,5,186993.663410869,186993.66383011,0.000419240997871384,70712320,70712320,159383552,159383552,335544320,0,2132156416,0,1911921664,0,0,0,0.1,0,no_interval_samples,
effectiveness_v3_20260918T150530Z_e016f976,B/core50_nc/loose/S_star/1/default,S_star,core50_nc,1,training,5,186993.70080349,187013.024823138,19.32401964798919,70712320,121897984,159383552,159383552,335544320,0,2128437248,0,1908202496,0,2132156416,0,0.1,119,,
effectiveness_v3_20260918T150530Z_e016f976,B/core50_nc/loose/S_star/1/default,S_star,core50_nc,1,evaluation,5,187013.114778359,187025.031136877,11.916358517977642,70712320,114230272,159383552,159383552,335544320,0,2132856832,0,1912622080,0,2133975040,0,0.1,80,,
effectiveness_v3_20260918T150530Z_e016f976,B/core50_nc/loose/S_star/1/default,S_star,core50_nc,1,resource_transition,6,187025.068585895,187025.069025117,0.0004392219998408109,70712320,70712320,159383552,159383552,335544320,0,2132856832,0,1912622080,0,0,0,0.1,0,no_interval_samples,
effectiveness_v3_20260918T150530Z_e016f976,B/core50_nc/loose/S_star/1/default,S_star,core50_nc,1,training,6,187025.105503746,187044.576742787,19.471239041013177,70712320,121897984,159383552,159383552,335544320,0,2128556032,0,1908321280,0,2129399808,0,0.1,120,,
effectiveness_v3_20260918T150530Z_e016f976,B/core50_nc/loose/S_star/1/default,S_star,core50_nc,1,evaluation,6,187044.652474277,187059.391484203,14.73900992597919,70712320,114230272,159383552,159383552,335544320,0,2133217280,0,1912982528,0,2136240128,0,0.1,86,,
effectiveness_v3_20260918T150530Z_e016f976,B/core50_nc/loose/S_star/1/default,S_star,core50_nc,1,resource_transition,7,187059.435352165,187059.435868184,0.0005160190048627555,70712320,70712320,159383552,159383552,335544320,0,2133217280,0,1912982528,0,0,0,0.1,0,no_interval_samples,
effectiveness_v3_20260918T150530Z_e016f976,B/core50_nc/loose/S_star/1/default,S_star,core50_nc,1,training,7,187059.474092989,187077.419981472,17.945888482994633,70712320,121897984,159383552,159383552,335544320,0,2128998400,0,1908763648,0,2133217280,0,0.1,114,,
effectiveness_v3_20260918T150530Z_e016f976,B/core50_nc/loose/S_star/1/default,S_star,core50_nc,1,evaluation,7,187077.484677452,187094.039283793,16.55460634100018,70712320,114230272,159383552,159383552,335544320,0,2130698240,0,1910463488,0,2134536192,0,0.1,97,,
effectiveness_v3_20260918T150530Z_e016f976,B/core50_nc/loose/S_star/1/default,S_star,core50_nc,1,resource_transition,8,187094.089347773,187094.089760875,0.00041310201049782336,70712320,70712320,159383552,159383552,335544320,0,2130698240,0,1910463488,0,0,0,0.1,0,no_interval_samples,
effectiveness_v3_20260918T150530Z_e016f976,B/core50_nc/loose/S_star/1/default,S_star,core50_nc,1,training,8,187094.124599746,187113.680074424,19.555474677996244,70712320,121897984,159383552,159383552,335544320,0,2129342464,0,1909107712,0,2130763776,0,0.1,123,,
effectiveness_v3_20260918T150530Z_e016f976,B/core50_nc/loose/S_star/1/default,S_star,core50_nc,1,evaluation,8,187113.74148834,187131.191034231,17.44954589099507,70712320,114230272,159383552,159383552,335544320,0,2133471232,0,1913236480,0,2134986752,0,0.1,118,,
effectiveness_v3_20260918T151027Z_6f26f3e9,B/core50_nc/loose/O11/1/default,O11,core50_nc,1,setup,,187138.552204647,187140.090360422,1.5381557749933563,1395712,1395712,2097152,2097152,335544320,0,1574400000,0,1354165248,0,1539121152,0,0.1,2,,
effectiveness_v3_20260918T151027Z_6f26f3e9,B/core50_nc/loose/O11/1/default,O11,core50_nc,1,resource_transition,0,187140.117641914,187140.118088765,0.00044685101602226496,1395712,1395712,2097152,2097152,335544320,0,1574400000,0,1354165248,0,0,0,0.1,0,no_interval_samples,
effectiveness_v3_20260918T151027Z_6f26f3e9,B/core50_nc/loose/O11/1/default,O11,core50_nc,1,training,0,187140.143864775,187173.056060489,32.91219571401598,70712320,95452672,117440512,117440512,335544320,0,2069127168,0,1848892416,0,2064834560,0,0.1,206,,
effectiveness_v3_20260918T151027Z_6f26f3e9,B/core50_nc/loose/O11/1/default,O11,core50_nc,1,evaluation,0,187173.154873923,187176.834758552,3.6798846290039364,70712320,114230272,159383552,159383552,335544320,0,2114834432,0,1894599680,0,2120503296,0,0.1,22,,
effectiveness_v3_20260918T151027Z_6f26f3e9,B/core50_nc/loose/O11/1/default,O11,core50_nc,1,controller,0,187176.866157015,187176.866278034,0.00012101899483241141,70712320,70712320,159383552,159383552,335544320,0,2114834432,0,1894599680,0,0,0,0.1,0,no_interval_samples,
effectiveness_v3_20260918T151027Z_6f26f3e9,B/core50_nc/loose/O11/1/default,O11,core50_nc,1,reconfiguration,0,187176.893819396,187176.894112062,0.0002926659944932908,70712320,70712320,159383552,159383552,335544320,0,2114834432,0,1894599680,0,0,0,0.1,0,no_interval_samples,
effectiveness_v3_20260918T151027Z_6f26f3e9,B/core50_nc/loose/O11/1/default,O11,core50_nc,1,resource_transition,1,187176.920279915,187176.920807757,0.0005278419994283468,70712320,70712320,159383552,159383552,335544320,0,2114834432,0,1894599680,0,0,0,0.1,0,no_interval_samples,
effectiveness_v3_20260918T151027Z_6f26f3e9,B/core50_nc/loose/O11/1/default,O11,core50_nc,1,training,1,187176.949120999,187212.821965171,35.87284417200135,72920064,121897984,161480704,161480704,335544320,0,2245656576,0,2025421824,0,2226536448,0,0.1,229,,
effectiveness_v3_20260918T151027Z_6f26f3e9,B/core50_nc/loose/O11/1/default,O11,core50_nc,1,evaluation,1,187212.919999348,187218.380877914,5.46087856599479,72920064,116438016,161480704,161480704,335544320,0,2255036416,0,2034801664,0,2259542016,0,0.1,32,,
effectiveness_v3_20260918T151027Z_6f26f3e9,B/core50_nc/loose/O11/1/default,O11,core50_nc,1,controller,1,187218.413410237,187218.413532441,0.00012220398639328778,72920064,72920064,161480704,161480704,335544320,0,2255036416,0,2034801664,0,0,0,0.1,0,no_interval_samples,
effectiveness_v3_20260918T151027Z_6f26f3e9,B/core50_nc/loose/O11/1/default,O11,core50_nc,1,reconfiguration,1,187218.441693486,187218.442351644,0.0006581579800695181,72920064,72920064,161480704,161480704,335544320,0,2255036416,0,2034801664,0,0,0,0.1,0,no_interval_samples,
effectiveness_v3_20260918T151027Z_6f26f3e9,B/core50_nc/loose/O11/1/default,O11,core50_nc,1,resource_transition,2,187218.470808884,187218.471343477,0.0005345929821487516,72920064,72920064,161480704,161480704,335544320,0,2255036416,0,2034801664,0,0,0,0.1,0,no_interval_samples,
effectiveness_v3_20260918T151027Z_6f26f3e9,B/core50_nc/loose/O11/1/default,O11,core50_nc,1,training,2,187218.500259135,187273.657781634,55.15752249900834,76217344,155344896,184549376,184549376,335544320,0,2291564544,0,2071285760,0,2296598528,0,0.1,350,,
effectiveness_v3_20260918T151027Z_6f26f3e9,B/core50_nc/loose/O11/1/default,O11,core50_nc,1,evaluation,2,187273.725686201,187280.976875587,7.251189385977341,76217344,121267200,184549376,184549376,335544320,0,2293321728,0,2073042944,0,2296254464,0,0.1,41,,
effectiveness_v3_20260918T151027Z_6f26f3e9,B/core50_nc/loose/O11/1/default,O11,core50_nc,1,controller,2,187281.03121694,187281.031330495,0.00011355499736964703,76217344,76217344,184549376,184549376,335544320,0,2293325824,0,2073047040,0,0,0,0.1,0,no_interval_samples,
effectiveness_v3_20260918T151027Z_6f26f3e9,B/core50_nc/loose/O11/1/default,O11,core50_nc,1,reconfiguration,2,187281.059745301,187281.061908311,0.002163010009098798,76217344,76217344,184549376,184549376,335544320,0,2293325824,0,2073047040,0,0,0,0.1,0,no_interval_samples,
effectiveness_v3_20260918T151027Z_6f26f3e9,B/core50_nc/loose/O11/1/default,O11,core50_nc,1,resource_transition,3,187281.089939256,187281.090501913,0.0005626569909509271,76217344,76217344,184549376,184549376,335544320,0,2293325824,0,2073047040,0,0,0,0.1,0,no_interval_samples,
effectiveness_v3_20260918T151027Z_6f26f3e9,B/core50_nc/loose/O11/1/default,O11,core50_nc,1,training,3,187281.124417303,187350.636424044,69.512006740988,79514624,160280576,186646528,186646528,335544320,0,2348580864,0,2128302080,0,2358575104,0,0.1,444,,
effectiveness_v3_20260918T151027Z_6f26f3e9,B/core50_nc/loose/O11/1/default,O11,core50_nc,1,evaluation,3,187350.746657981,187360.21081883,9.464160848991014,79514624,123032576,186646528,186646528,335544320,0,2352967680,0,2132688896,0,2353893376,0,0.1,54,,
effectiveness_v3_20260918T151027Z_6f26f3e9,B/core50_nc/loose/O11/1/default,O11,core50_nc,1,controller,3,187360.246601924,187360.246725553,0.00012362899724394083,79514624,79514624,186646528,186646528,335544320,0,2352971776,0,2132692992,0,0,0,0.1,0,no_interval_samples,
effectiveness_v3_20260918T151027Z_6f26f3e9,B/core50_nc/loose/O11/1/default,O11,core50_nc,1,reconfiguration,3,187360.275532295,187360.277519637,0.001987341995118186,79514624,79514624,186646528,186646528,335544320,0,2352971776,0,2132692992,0,0,0,0.1,0,no_interval_samples,
effectiveness_v3_20260918T151027Z_6f26f3e9,B/core50_nc/loose/O11/1/default,O11,core50_nc,1,resource_transition,4,187360.305133351,187360.305662999,0.0005296479794196784,79514624,79514624,186646528,186646528,335544320,0,2352971776,0,2132692992,0,0,0,0.1,0,no_interval_samples,
effectiveness_v3_20260918T151027Z_6f26f3e9,B/core50_nc/loose/O11/1/default,O11,core50_nc,1,training,4,187360.336696528,187442.606851004,82.27015447602025,82811904,163373568,207618048,207618048,335544320,0,2352762880,0,2132484096,0,2364801024,0,0.1,531,,
effectiveness_v3_20260918T151027Z_6f26f3e9,B/core50_nc/loose/O11/1/default,O11,core50_nc,1,evaluation,4,187442.67946096,187453.870294459,11.19083349898574,82811904,126329856,207618048,207618048,335544320,0,2357305344,0,2137026560,0,2358157312,0,0.1,63,,
effectiveness_v3_20260918T151027Z_6f26f3e9,B/core50_nc/loose/O11/1/default,O11,core50_nc,1,controller,4,187453.928754467,187453.928875291,0.00012082399916835129,82811904,82811904,207618048,207618048,335544320,0,2357309440,0,2137030656,0,0,0,0.1,0,no_interval_samples,
effectiveness_v3_20260918T151027Z_6f26f3e9,B/core50_nc/loose/O11/1/default,O11,core50_nc,1,reconfiguration,4,187453.959964541,187453.962627124,0.0026625830214470625,82811904,82811904,207618048,207618048,335544320,0,2357309440,0,2137030656,0,0,0,0.1,0,no_interval_samples,
effectiveness_v3_20260918T151027Z_6f26f3e9,B/core50_nc/loose/O11/1/default,O11,core50_nc,1,resource_transition,5,187453.992074541,187453.992643374,0.0005688329983968288,82811904,82811904,207618048,207618048,335544320,0,2357309440,0,2137030656,0,0,0,0.1,0,no_interval_samples,
effectiveness_v3_20260918T151027Z_6f26f3e9,B/core50_nc/loose/O11/1/default,O11,core50_nc,1,training,5,187454.025707829,187548.252719033,94.2270112039987,86108672,168704000,207618048,207618048,335544320,0,2355785728,0,2135506944,0,2370289664,0,0.1,627,,
effectiveness_v3_20260918T151027Z_6f26f3e9,B/core50_nc/loose/O11/1/default,O11,core50_nc,1,evaluation,5,187548.363514846,187561.403883551,13.0403687049984,86108672,129626624,207618048,207618048,335544320,0,2357514240,0,2137235456,0,2360324096,0,0.1,75,,
effectiveness_v3_20260918T151027Z_6f26f3e9,B/core50_nc/loose/O11/1/default,O11,core50_nc,1,controller,5,187561.436177431,187561.436304857,0.00012742599938064814,86108672,86108672,207618048,207618048,335544320,0,2357518336,0,2137239552,0,0,0,0.1,0,no_interval_samples,
effectiveness_v3_20260918T151027Z_6f26f3e9,B/core50_nc/loose/O11/1/default,O11,core50_nc,1,reconfiguration,5,187561.464633358,187561.46758434,0.0029509819869417697,86108672,86108672,207618048,207618048,335544320,0,2357518336,0,2137239552,0,0,0,0.1,0,no_interval_samples,
effectiveness_v3_20260918T151027Z_6f26f3e9,B/core50_nc/loose/O11/1/default,O11,core50_nc,1,resource_transition,6,187561.496294683,187561.496864516,0.0005698330060113221,86108672,86108672,207618048,207618048,335544320,0,2357518336,0,2137239552,0,0,0,0.1,0,no_interval_samples,
effectiveness_v3_20260918T151027Z_6f26f3e9,B/core50_nc/loose/O11/1/default,O11,core50_nc,1,training,6,187561.529711758,187700.313382079,138.7836703210196,89405440,172729856,207618048,207618048,335544320,0,2357178368,0,2136899584,0,2358304768,0,0.1,823,,
effectiveness_v3_20260918T151027Z_6f26f3e9,B/core50_nc/loose/O11/1/default,O11,core50_nc,1,evaluation,6,187700.414237274,187715.162962264,14.748724990000483,89405440,132923392,207618048,207618048,335544320,0,2358808576,0,2138529792,0,2363056128,0,0.1,83,,
effectiveness_v3_20260918T151027Z_6f26f3e9,B/core50_nc/loose/O11/1/default,O11,core50_nc,1,controller,6,187715.210485127,187715.210595117,0.0001099900109693408,89405440,89405440,207618048,207618048,335544320,0,2358808576,0,2138529792,0,0,0,0.1,0,no_interval_samples,
effectiveness_v3_20260918T151027Z_6f26f3e9,B/core50_nc/loose/O11/1/default,O11,core50_nc,1,reconfiguration,6,187715.239458951,187715.24293735,0.0034783990122377872,89405440,89405440,207618048,207618048,335544320,0,2358808576,0,2138529792,0,0,0,0.1,0,no_interval_samples,
effectiveness_v3_20260918T151027Z_6f26f3e9,B/core50_nc/loose/O11/1/default,O11,core50_nc,1,resource_transition,7,187715.272428017,187715.272979748,0.0005517310055438429,89405440,89405440,207618048,207618048,335544320,0,2358808576,0,2138529792,0,0,0,0.1,0,no_interval_samples,
effectiveness_v3_20260918T151027Z_6f26f3e9,B/core50_nc/loose/O11/1/default,O11,core50_nc,1,training,7,187715.30595149,187861.694962088,146.3890105979808,92702720,177353728,207618048,207618048,335544320,0,2360721408,0,2140442624,0,2361446400,0,0.1,920,,
effectiveness_v3_20260918T151027Z_6f26f3e9,B/core50_nc/loose/O11/1/default,O11,core50_nc,1,evaluation,7,187861.762129053,187878.379246524,16.61711747100344,92702720,136819712,207618048,207618048,335544320,0,2362470400,0,2142191616,0,2365329408,0,0.1,94,,
effectiveness_v3_20260918T151027Z_6f26f3e9,B/core50_nc/loose/O11/1/default,O11,core50_nc,1,controller,7,187878.416123274,187878.416245236,0.0001219620171468705,92702720,92702720,207618048,207618048,335544320,0,2362474496,0,2142195712,0,0,0,0.1,0,no_interval_samples,
effectiveness_v3_20260918T151027Z_6f26f3e9,B/core50_nc/loose/O11/1/default,O11,core50_nc,1,reconfiguration,7,187878.447623079,187878.453713995,0.006090915994718671,92702720,92702720,207618048,207618048,335544320,0,2362474496,0,2142195712,0,0,0,0.1,0,no_interval_samples,
effectiveness_v3_20260918T151027Z_6f26f3e9,B/core50_nc/loose/O11/1/default,O11,core50_nc,1,resource_transition,8,187878.50490344,187878.50543818,0.0005347399855963886,92702720,92702720,207618048,207618048,335544320,0,2362474496,0,2142195712,0,0,0,0.1,0,no_interval_samples,
effectiveness_v3_20260918T151027Z_6f26f3e9,B/core50_nc/loose/O11/1/default,O11,core50_nc,1,training,8,187878.540689746,188044.273926212,165.73323646598146,95999488,181199872,213909504,213909504,335544320,0,2361847808,0,2141569024,0,2362949632,0,0.1,1044,,
effectiveness_v3_20260918T151027Z_6f26f3e9,B/core50_nc/loose/O11/1/default,O11,core50_nc,1,evaluation,8,188044.377930871,188062.622420126,18.24448925498291,95999488,139517440,213909504,213909504,335544320,0,2363817984,0,2143539200,0,2366627840,0,0.1,104,,
effectiveness_v3_20260918T151027Z_6f26f3e9,B/core50_nc/loose/O11/1/default,O11,core50_nc,1,controller,8,188062.662979607,188062.663084755,0.00010514800669625401,95999488,95999488,213909504,213909504,335544320,0,2363817984,0,2143539200,0,0,0,0.1,0,no_interval_samples,
effectiveness_v3_20260918T152559Z_d84362b8,B/core50_nc/loose/R11/1/default,R11,core50_nc,1,setup,,188070.158080311,188071.691588756,1.53350844499073,1395712,1395712,2097152,2097152,335544320,0,1574260736,0,1354025984,0,0,0,0.1,0,no_interval_samples,
effectiveness_v3_20260918T152559Z_d84362b8,B/core50_nc/loose/R11/1/default,R11,core50_nc,1,resource_transition,0,188071.721900987,188071.722359904,0.00045891699846833944,1395712,1395712,2097152,2097152,335544320,0,1574260736,0,1354025984,0,0,0,0.1,0,no_interval_samples,
effectiveness_v3_20260918T152559Z_d84362b8,B/core50_nc/loose/R11/1/default,R11,core50_nc,1,training,0,188071.749847727,188102.762487156,31.012639428983675,70712320,95452672,117440512,117440512,335544320,0,2069004288,0,1848769536,0,2064707584,0,0.1,190,,
effectiveness_v3_20260918T152559Z_d84362b8,B/core50_nc/loose/R11/1/default,R11,core50_nc,1,evaluation,0,188102.828316083,188106.622589513,3.794273429986788,70712320,114230272,159383552,159383552,335544320,0,2118930432,0,1898695680,0,2120372224,0,0.1,22,,
effectiveness_v3_20260918T152559Z_d84362b8,B/core50_nc/loose/R11/1/default,R11,core50_nc,1,controller,0,188106.655253143,188106.655386754,0.0001336109999101609,70712320,70712320,159383552,159383552,335544320,0,2118930432,0,1898695680,0,0,0,0.1,0,no_interval_samples,
effectiveness_v3_20260918T152559Z_d84362b8,B/core50_nc/loose/R11/1/default,R11,core50_nc,1,reconfiguration,0,188106.683818301,188106.684209283,0.0003909819934051484,70712320,70712320,159383552,159383552,335544320,0,2118930432,0,1898695680,0,0,0,0.1,0,no_interval_samples,
effectiveness_v3_20260918T152559Z_d84362b8,B/core50_nc/loose/R11/1/default,R11,core50_nc,1,resource_transition,1,188106.736470386,188106.736991469,0.0005210829840507358,70712320,70712320,159383552,159383552,335544320,0,2118930432,0,1898695680,0,0,0,0.1,0,no_interval_samples,
effectiveness_v3_20260918T152559Z_d84362b8,B/core50_nc/loose/R11/1/default,R11,core50_nc,1,training,1,188106.764548655,188123.451531135,16.68698248002329,70712320,121897984,159383552,159383552,335544320,0,2118451200,0,1898216448,0,2117283840,0,0.1,100,,
effectiveness_v3_20260918T152559Z_d84362b8,B/core50_nc/loose/R11/1/default,R11,core50_nc,1,evaluation,1,188123.513453875,188129.171075856,5.6576219809940085,70712320,114230272,159383552,159383552,335544320,0,2120634368,0,1900399616,0,2123579392,0,0.1,32,,
effectiveness_v3_20260918T152559Z_d84362b8,B/core50_nc/loose/R11/1/default,R11,core50_nc,1,controller,1,188129.19698418,188129.197130189,0.0001460089988540858,70712320,70712320,159383552,159383552,335544320,0,2120634368,0,1900399616,0,0,0,0.1,0,no_interval_samples,
effectiveness_v3_20260918T152559Z_d84362b8,B/core50_nc/loose/R11/1/default,R11,core50_nc,1,reconfiguration,1,188129.222150087,188129.22266755,0.0005174629914108664,70712320,70712320,159383552,159383552,335544320,0,2120634368,0,1900399616,0,0,0,0.1,0,no_interval_samples,
effectiveness_v3_20260918T152559Z_d84362b8,B/core50_nc/loose/R11/1/default,R11,core50_nc,1,resource_transition,2,188129.246639921,188129.247155606,0.0005156849802006036,70712320,70712320,159383552,159383552,335544320,0,2120634368,0,1900399616,0,0,0,0.1,0,no_interval_samples,
effectiveness_v3_20260918T152559Z_d84362b8,B/core50_nc/loose/R11/1/default,R11,core50_nc,1,training,2,188129.272921653,188144.067082098,14.794160444987938,70712320,121897984,159383552,159383552,335544320,0,2127253504,0,1907018752,0,2127368192,0,0.1,89,,
effectiveness_v3_20260918T152559Z_d84362b8,B/core50_nc/loose/R11/1/default,R11,core50_nc,1,evaluation,2,188144.122714356,188151.805395694,7.682681338017574,70712320,114230272,159383552,159383552,335544320,0,2131996672,0,1911761920,0,2133061632,0,0.1,44,,
effectiveness_v3_20260918T152559Z_d84362b8,B/core50_nc/loose/R11/1/default,R11,core50_nc,1,controller,2,188151.839907943,188151.840062721,0.00015477798297069967,70712320,70712320,159383552,159383552,335544320,0,2132000768,0,1911766016,0,0,0,0.1,0,no_interval_samples,
effectiveness_v3_20260918T152559Z_d84362b8,B/core50_nc/loose/R11/1/default,R11,core50_nc,1,reconfiguration,2,188151.874247082,188151.87631535,0.002068267989670858,70712320,70712320,159383552,159383552,335544320,0,2132000768,0,1911766016,0,0,0,0.1,0,no_interval_samples,
effectiveness_v3_20260918T152559Z_d84362b8,B/core50_nc/loose/R11/1/default,R11,core50_nc,1,resource_transition,3,188151.901631063,188151.902181776,0.0005507130117621273,70712320,70712320,159383552,159383552,335544320,0,2132000768,0,1911766016,0,0,0,0.1,0,no_interval_samples,
effectiveness_v3_20260918T152559Z_d84362b8,B/core50_nc/loose/R11/1/default,R11,core50_nc,1,training,3,188151.929179636,188169.757608165,17.82842852899921,70712320,121897984,159383552,159383552,335544320,0,2128486400,0,1908251648,0,2132000768,0,0.1,108,,
effectiveness_v3_20260918T152559Z_d84362b8,B/core50_nc/loose/R11/1/default,R11,core50_nc,1,evaluation,3,188169.848239742,188178.970606824,9.122367082018172,70712320,114230272,159383552,159383552,335544320,0,2130100224,0,1909865472,0,2133065728,0,0.1,53,,
effectiveness_v3_20260918T152559Z_d84362b8,B/core50_nc/loose/R11/1/default,R11,core50_nc,1,controller,3,188179.005130971,188179.005257407,0.00012643600348383188,70712320,70712320,159383552,159383552,335544320,0,2130100224,0,1909865472,0,0,0,0.1,0,no_interval_samples,
effectiveness_v3_20260918T152559Z_d84362b8,B/core50_nc/loose/R11/1/default,R11,core50_nc,1,reconfiguration,3,188179.033628276,188179.035175795,0.0015475190011784434,70712320,70712320,159383552,159383552,335544320,0,2130100224,0,1909865472,0,0,0,0.1,0,no_interval_samples,
effectiveness_v3_20260918T152559Z_d84362b8,B/core50_nc/loose/R11/1/default,R11,core50_nc,1,resource_transition,4,188179.060931795,188179.061453109,0.0005213140102569014,70712320,70712320,159383552,159383552,335544320,0,2130100224,0,1909865472,0,0,0,0.1,0,no_interval_samples,
effectiveness_v3_20260918T152559Z_d84362b8,B/core50_nc/loose/R11/1/default,R11,core50_nc,1,training,4,188179.111667719,188199.07825861,19.966590891010128,70712320,121897984,159383552,159383552,335544320,0,2129547264,0,1909312512,0,2130100224,0,0.1,120,,
effectiveness_v3_20260918T152559Z_d84362b8,B/core50_nc/loose/R11/1/default,R11,core50_nc,1,evaluation,4,188199.14605034,188210.571653875,11.425603534997208,70712320,114230272,159383552,159383552,335544320,0,2131210240,0,1910975488,0,2135007232,0,0.1,66,,
effectiveness_v3_20260918T152559Z_d84362b8,B/core50_nc/loose/R11/1/default,R11,core50_nc,1,controller,4,188210.605242967,188210.605370023,0.00012705600238405168,70712320,70712320,159383552,159383552,335544320,0,2131210240,0,1910975488,0,0,0,0.1,0,no_interval_samples,
effectiveness_v3_20260918T152559Z_d84362b8,B/core50_nc/loose/R11/1/default,R11,core50_nc,1,reconfiguration,4,188210.631676431,188210.633841468,0.002165037003578618,70712320,70712320,159383552,159383552,335544320,0,2131210240,0,1910975488,0,0,0,0.1,0,no_interval_samples,
effectiveness_v3_20260918T152559Z_d84362b8,B/core50_nc/loose/R11/1/default,R11,core50_nc,1,resource_transition,5,188210.659644052,188210.660250978,0.0006069259834475815,70712320,70712320,159383552,159383552,335544320,0,2131210240,0,1910975488,0,0,0,0.1,0,no_interval_samples,
effectiveness_v3_20260918T152559Z_d84362b8,B/core50_nc/loose/R11/1/default,R11,core50_nc,1,training,5,188210.690754747,188229.693142134,19.00238738700864,70712320,121897984,159383552,159383552,335544320,0,2130231296,0,1909996544,0,2131210240,0,0.1,116,,
effectiveness_v3_20260918T152559Z_d84362b8,B/core50_nc/loose/R11/1/default,R11,core50_nc,1,evaluation,5,188229.756403367,188242.741832728,12.985429360996932,70712320,114230272,159383552,159383552,335544320,0,2131869696,0,1911634944,0,2135666688,0,0.1,75,,
effectiveness_v3_20260918T152559Z_d84362b8,B/core50_nc/loose/R11/1/default,R11,core50_nc,1,controller,5,188242.773238572,188242.773359312,0.00012074000551365316,70712320,70712320,159383552,159383552,335544320,0,2131873792,0,1911639040,0,0,0,0.1,0,no_interval_samples,
effectiveness_v3_20260918T152559Z_d84362b8,B/core50_nc/loose/R11/1/default,R11,core50_nc,1,reconfiguration,5,188242.8120236,188242.813884128,0.001860527991084382,70712320,70712320,159383552,159383552,335544320,0,2131873792,0,1911639040,0,0,0,0.1,0,no_interval_samples,
effectiveness_v3_20260918T152559Z_d84362b8,B/core50_nc/loose/R11/1/default,R11,core50_nc,1,resource_transition,6,188242.83826461,188242.838782832,0.0005182219902053475,70712320,70712320,159383552,159383552,335544320,0,2131873792,0,1911639040,0,0,0,0.1,0,no_interval_samples,
effectiveness_v3_20260918T152559Z_d84362b8,B/core50_nc/loose/R11/1/default,R11,core50_nc,1,training,6,188242.866858249,188261.467193695,18.600335445982637,70712320,126952960,159383552,159383552,335544320,0,2130653184,0,1910418432,0,2133086208,0,0.1,114,,
effectiveness_v3_20260918T152559Z_d84362b8,B/core50_nc/loose/R11/1/default,R11,core50_nc,1,evaluation,6,188261.556182647,188276.415133329,14.858950681984425,70712320,114230272,159383552,159383552,335544320,0,2135072768,0,1914838016,0,2136190976,0,0.1,86,,
effectiveness_v3_20260918T152559Z_d84362b8,B/core50_nc/loose/R11/1/default,R11,core50_nc,1,controller,6,188276.44918143,188276.449302911,0.0001214809890370816,70712320,70712320,159383552,159383552,335544320,0,2135080960,0,1914846208,0,0,0,0.1,0,no_interval_samples,
effectiveness_v3_20260918T152559Z_d84362b8,B/core50_nc/loose/R11/1/default,R11,core50_nc,1,reconfiguration,6,188276.475947753,188276.47814655,0.0021987970103509724,70712320,70712320,159383552,159383552,335544320,0,2135080960,0,1914846208,0,0,0,0.1,0,no_interval_samples,
effectiveness_v3_20260918T152559Z_d84362b8,B/core50_nc/loose/R11/1/default,R11,core50_nc,1,resource_transition,7,188276.512425625,188276.512945384,0.0005197589925955981,70712320,70712320,159383552,159383552,335544320,0,2135080960,0,1914846208,0,0,0,0.1,0,no_interval_samples,
effectiveness_v3_20260918T152559Z_d84362b8,B/core50_nc/loose/R11/1/default,R11,core50_nc,1,training,7,188276.540207653,188295.767281819,19.22707416600315,70712320,126952960,159383552,159383552,335544320,0,2131832832,0,1911598080,0,2132246528,0,0.1,116,,
effectiveness_v3_20260918T152559Z_d84362b8,B/core50_nc/loose/R11/1/default,R11,core50_nc,1,evaluation,7,188295.844876812,188312.58391732,16.739040507993195,70712320,114230272,159383552,159383552,335544320,0,2133528576,0,1913293824,0,2139078656,0,0.1,96,,
effectiveness_v3_20260918T152559Z_d84362b8,B/core50_nc/loose/R11/1/default,R11,core50_nc,1,controller,7,188312.619446412,188312.61957106,0.00012464800965972245,70712320,70712320,159383552,159383552,335544320,0,2133532672,0,1913297920,0,0,0,0.1,0,no_interval_samples,
effectiveness_v3_20260918T152559Z_d84362b8,B/core50_nc/loose/R11/1/default,R11,core50_nc,1,reconfiguration,7,188312.649322505,188312.651802718,0.002480213006492704,70712320,70712320,159383552,159383552,335544320,0,2133532672,0,1913297920,0,0,0,0.1,0,no_interval_samples,
effectiveness_v3_20260918T152559Z_d84362b8,B/core50_nc/loose/R11/1/default,R11,core50_nc,1,resource_transition,8,188312.680658515,188312.681186904,0.0005283890059217811,70712320,70712320,159383552,159383552,335544320,0,2133532672,0,1913297920,0,0,0,0.1,0,no_interval_samples,
effectiveness_v3_20260918T152559Z_d84362b8,B/core50_nc/loose/R11/1/default,R11,core50_nc,1,training,8,188312.709779692,188331.600793194,18.891013501997804,70712320,126952960,159383552,159383552,335544320,0,2132348928,0,1912114176,0,2133962752,0,0.1,114,,
effectiveness_v3_20260918T152559Z_d84362b8,B/core50_nc/loose/R11/1/default,R11,core50_nc,1,evaluation,8,188331.679299091,188350.590091831,18.91079274000367,70712320,114230272,159383552,159383552,335544320,0,2134077440,0,1913842688,0,2136956928,0,0.1,109,,
effectiveness_v3_20260918T152559Z_d84362b8,B/core50_nc/loose/R11/1/default,R11,core50_nc,1,controller,8,188350.621788202,188350.62188486,9.66580118983984e-05,70712320,70712320,159383552,159383552,335544320,0,2134077440,0,1913842688,0,0,0,0.1,0,no_interval_samples,
effectiveness_v3_20260918T153047Z_64a88b5a,B/core50_nc/loose/F11/1/default,F11,core50_nc,1,setup,,188357.904705413,188359.423129423,1.518424009991577,1395712,1395712,2097152,2097152,335544320,0,1572356096,0,1352121344,0,1386233856,0,0.1,1,,
effectiveness_v3_20260918T153047Z_64a88b5a,B/core50_nc/loose/F11/1/default,F11,core50_nc,1,resource_transition,0,188359.450749571,188359.45120795,0.0004583790141623467,1395712,1395712,2097152,2097152,335544320,0,1572356096,0,1352121344,0,0,0,0.1,0,no_interval_samples,
effectiveness_v3_20260918T153047Z_64a88b5a,B/core50_nc/loose/F11/1/default,F11,core50_nc,1,training,0,188359.476838033,188427.994293517,68.51745548399049,72920064,96689152,119537664,119537664,335544320,0,2182508544,0,1962277888,0,2160402432,0,0.1,425,,
effectiveness_v3_20260918T153047Z_64a88b5a,B/core50_nc/loose/F11/1/default,F11,core50_nc,1,evaluation,0,188428.058085701,188431.880512565,3.8224268640042283,72920064,116438016,161480704,161480704,335544320,0,2228408320,0,2008173568,0,2228076544,0,0.1,21,,
effectiveness_v3_20260918T153047Z_64a88b5a,B/core50_nc/loose/F11/1/default,F11,core50_nc,1,controller,0,188431.929381055,188431.92951387,0.00013281501014716923,72920064,72920064,161480704,161480704,335544320,0,2228408320,0,2008173568,0,0,0,0.1,0,no_interval_samples,
effectiveness_v3_20260918T153047Z_64a88b5a,B/core50_nc/loose/F11/1/default,F11,core50_nc,1,reconfiguration,0,188431.958366249,188431.958870443,0.0005041940021328628,72920064,72920064,161480704,161480704,335544320,0,2228408320,0,2008173568,0,0,0,0.1,0,no_interval_samples,
effectiveness_v3_20260918T153047Z_64a88b5a,B/core50_nc/loose/F11/1/default,F11,core50_nc,1,resource_transition,1,188431.988432341,188431.988934647,0.000502306007547304,72920064,72920064,161480704,161480704,335544320,0,2228408320,0,2008173568,0,0,0,0.1,0,no_interval_samples,
effectiveness_v3_20260918T153047Z_64a88b5a,B/core50_nc/loose/F11/1/default,F11,core50_nc,1,training,1,188432.020041331,188497.701175685,65.681134354003,76217344,155344896,184549376,184549376,335544320,0,2284584960,0,2064306176,0,2285490176,0,0.1,402,,
effectiveness_v3_20260918T153047Z_64a88b5a,B/core50_nc/loose/F11/1/default,F11,core50_nc,1,evaluation,1,188497.80323198,188503.207874044,5.404642063978827,76217344,121267200,184549376,184549376,335544320,0,2286485504,0,2066206720,0,2290462720,0,0.1,31,,
effectiveness_v3_20260918T153047Z_64a88b5a,B/core50_nc/loose/F11/1/default,F11,core50_nc,1,controller,1,188503.243298045,188503.243414656,0.00011661098687909544,76217344,76217344,184549376,184549376,335544320,0,2286485504,0,2066206720,0,0,0,0.1,0,no_interval_samples,
effectiveness_v3_20260918T153047Z_64a88b5a,B/core50_nc/loose/F11/1/default,F11,core50_nc,1,reconfiguration,1,188503.269701017,188503.270549073,0.0008480559918098152,76217344,76217344,184549376,184549376,335544320,0,2286485504,0,2066206720,0,0,0,0.1,0,no_interval_samples,
effectiveness_v3_20260918T153047Z_64a88b5a,B/core50_nc/loose/F11/1/default,F11,core50_nc,1,resource_transition,2,188503.297050509,188503.297605463,0.0005549540219362825,76217344,76217344,184549376,184549376,335544320,0,2286485504,0,2066206720,0,0,0,0.1,0,no_interval_samples,
effectiveness_v3_20260918T153047Z_64a88b5a,B/core50_nc/loose/F11/1/default,F11,core50_nc,1,training,2,188503.32623576,188589.887798084,86.56156232400099,79514624,160280576,186646528,186646528,335544320,0,2342862848,0,2122584064,0,2340438016,0,0.1,536,,
effectiveness_v3_20260918T153047Z_64a88b5a,B/core50_nc/loose/F11/1/default,F11,core50_nc,1,evaluation,2,188589.966294082,188596.816648285,6.850354202993913,79514624,123032576,186646528,186646528,335544320,0,2344611840,0,2124333056,0,2347548672,0,0.1,45,,
effectiveness_v3_20260918T153047Z_64a88b5a,B/core50_nc/loose/F11/1/default,F11,core50_nc,1,controller,2,188596.849772201,188596.849879377,0.00010717599070630968,79514624,79514624,186646528,186646528,335544320,0,2344615936,0,2124337152,0,0,0,0.1,0,no_interval_samples,
effectiveness_v3_20260918T153047Z_64a88b5a,B/core50_nc/loose/F11/1/default,F11,core50_nc,1,reconfiguration,2,188596.878462274,188596.880545191,0.0020829169952776283,79514624,79514624,186646528,186646528,335544320,0,2344615936,0,2124337152,0,0,0,0.1,0,no_interval_samples,
effectiveness_v3_20260918T153047Z_64a88b5a,B/core50_nc/loose/F11/1/default,F11,core50_nc,1,resource_transition,3,188596.913874746,188596.91445545,0.0005807039851788431,79514624,79514624,186646528,186646528,335544320,0,2344615936,0,2124337152,0,0,0,0.1,0,no_interval_samples,
effectiveness_v3_20260918T153047Z_64a88b5a,B/core50_nc/loose/F11/1/default,F11,core50_nc,1,training,3,188596.94972819,188702.642659506,105.69293131600716,82811904,163348480,209715200,209715200,335544320,0,2345320448,0,2125041664,0,2346606592,0,0.1,671,,
effectiveness_v3_20260918T153047Z_64a88b5a,B/core50_nc/loose/F11/1/default,F11,core50_nc,1,evaluation,3,188702.729340499,188711.931925496,9.20258499699412,82811904,126329856,209715200,209715200,335544320,0,2346729472,0,2126450688,0,2351722496,0,0.1,53,,
effectiveness_v3_20260918T153047Z_64a88b5a,B/core50_nc/loose/F11/1/default,F11,core50_nc,1,controller,3,188711.966088014,188711.966201857,0.0001138429797720164,82811904,82811904,209715200,209715200,335544320,0,2346733568,0,2126454784,0,0,0,0.1,0,no_interval_samples,
effectiveness_v3_20260918T153047Z_64a88b5a,B/core50_nc/loose/F11/1/default,F11,core50_nc,1,reconfiguration,3,188711.995027597,188711.997084643,0.002057045989204198,82811904,82811904,209715200,209715200,335544320,0,2346733568,0,2126454784,0,0,0,0.1,0,no_interval_samples,
effectiveness_v3_20260918T153047Z_64a88b5a,B/core50_nc/loose/F11/1/default,F11,core50_nc,1,resource_transition,4,188712.026313217,188712.026729208,0.00041599100222811103,82811904,82811904,209715200,209715200,335544320,0,2346733568,0,2126454784,0,0,0,0.1,0,no_interval_samples,
effectiveness_v3_20260918T153047Z_64a88b5a,B/core50_nc/loose/F11/1/default,F11,core50_nc,1,training,4,188712.060849911,188832.660779655,120.59992974399938,86108672,168704000,209715200,209715200,335544320,0,2348285952,0,2128007168,0,2347835392,0,0.1,764,,
effectiveness_v3_20260918T153047Z_64a88b5a,B/core50_nc/loose/F11/1/default,F11,core50_nc,1,evaluation,4,188832.737348398,188844.16038672,11.423038322012872,86108672,129953792,209715200,209715200,335544320,0,2353274880,0,2132996096,0,2354278400,0,0.1,65,,
effectiveness_v3_20260918T153047Z_64a88b5a,B/core50_nc/loose/F11/1/default,F11,core50_nc,1,controller,4,188844.214670311,188844.214818765,0.000148454011650756,86108672,86108672,209715200,209715200,335544320,0,2353278976,0,2133000192,0,0,0,0.1,0,no_interval_samples,
effectiveness_v3_20260918T153047Z_64a88b5a,B/core50_nc/loose/F11/1/default,F11,core50_nc,1,reconfiguration,4,188844.246389413,188844.249603246,0.0032138329988811165,86108672,86108672,209715200,209715200,335544320,0,2353278976,0,2133000192,0,0,0,0.1,0,no_interval_samples,
effectiveness_v3_20260918T153047Z_64a88b5a,B/core50_nc/loose/F11/1/default,F11,core50_nc,1,resource_transition,5,188844.277419597,188844.277964505,0.0005449079908430576,86108672,86108672,209715200,209715200,335544320,0,2353278976,0,2133000192,0,0,0,0.1,0,no_interval_samples,
effectiveness_v3_20260918T153047Z_64a88b5a,B/core50_nc/loose/F11/1/default,F11,core50_nc,1,training,5,188844.307986291,188981.366687639,137.05870134799625,89405440,172729856,209715200,209715200,335544320,0,2351362048,0,2131083264,0,2353278976,0,0.1,831,,
effectiveness_v3_20260918T153047Z_64a88b5a,B/core50_nc/loose/F11/1/default,F11,core50_nc,1,evaluation,5,188981.435638906,188994.536666507,13.101027600991074,89405440,132923392,209715200,209715200,335544320,0,2353111040,0,2132832256,0,2358685696,0,0.1,74,,
effectiveness_v3_20260918T153047Z_64a88b5a,B/core50_nc/loose/F11/1/default,F11,core50_nc,1,controller,5,188994.57169896,188994.571809163,0.00011020299280062318,89405440,89405440,209715200,209715200,335544320,0,2353115136,0,2132836352,0,0,0,0.1,0,no_interval_samples,
effectiveness_v3_20260918T153047Z_64a88b5a,B/core50_nc/loose/F11/1/default,F11,core50_nc,1,reconfiguration,5,188994.601054339,188994.603831218,0.002776879002340138,89405440,89405440,209715200,209715200,335544320,0,2353115136,0,2132836352,0,0,0,0.1,0,no_interval_samples,
effectiveness_v3_20260918T153047Z_64a88b5a,B/core50_nc/loose/F11/1/default,F11,core50_nc,1,resource_transition,6,188994.632164403,188994.63270932,0.0005449169839266688,89405440,89405440,209715200,209715200,335544320,0,2353115136,0,2132836352,0,0,0,0.1,0,no_interval_samples,
effectiveness_v3_20260918T153047Z_64a88b5a,B/core50_nc/loose/F11/1/default,F11,core50_nc,1,training,6,188994.663556615,189146.941290265,152.2777336500003,92702720,177328640,209715200,209715200,335544320,0,2354454528,0,2134175744,0,2354765824,0,0.1,959,,
effectiveness_v3_20260918T153047Z_64a88b5a,B/core50_nc/loose/F11/1/default,F11,core50_nc,1,evaluation,6,189147.04228142,189162.24503595,15.202754530007951,92702720,136819712,209715200,209715200,335544320,0,2358812672,0,2138533888,0,2360135680,0,0.1,87,,
effectiveness_v3_20260918T153047Z_64a88b5a,B/core50_nc/loose/F11/1/default,F11,core50_nc,1,controller,6,189162.281319171,189162.281437912,0.0001187410089187324,92702720,92702720,209715200,209715200,335544320,0,2358812672,0,2138533888,0,0,0,0.1,0,no_interval_samples,
effectiveness_v3_20260918T153047Z_64a88b5a,B/core50_nc/loose/F11/1/default,F11,core50_nc,1,reconfiguration,6,189162.308595819,189162.312085439,0.0034896200231742114,92702720,92702720,209715200,209715200,335544320,0,2358812672,0,2138533888,0,0,0,0.1,0,no_interval_samples,
effectiveness_v3_20260918T153047Z_64a88b5a,B/core50_nc/loose/F11/1/default,F11,core50_nc,1,resource_transition,7,189162.340156207,189162.340720346,0.0005641389871016145,92702720,92702720,209715200,209715200,335544320,0,2358812672,0,2138533888,0,0,0,0.1,0,no_interval_samples,
effectiveness_v3_20260918T153047Z_64a88b5a,B/core50_nc/loose/F11/1/default,F11,core50_nc,1,training,7,189162.374458337,189326.354050331,163.97959199399338,95999488,181199872,209715200,209715200,335544320,0,2357960704,0,2137681920,0,2358812672,0,0.1,1035,,
effectiveness_v3_20260918T153047Z_64a88b5a,B/core50_nc/loose/F11/1/default,F11,core50_nc,1,evaluation,7,189326.431811182,189343.988620602,17.5568094199989,95999488,139517440,209715200,209715200,335544320,0,2363854848,0,2143576064,0,2365300736,0,0.1,100,,
effectiveness_v3_20260918T153047Z_64a88b5a,B/core50_nc/loose/F11/1/default,F11,core50_nc,1,controller,7,189344.025106833,189344.025239963,0.00013313000090420246,95999488,95999488,209715200,209715200,335544320,0,2363858944,0,2143580160,0,0,0,0.1,0,no_interval_samples,
effectiveness_v3_20260918T153047Z_64a88b5a,B/core50_nc/loose/F11/1/default,F11,core50_nc,1,reconfiguration,7,189344.051915574,189344.055556972,0.003641397983301431,95999488,95999488,209715200,209715200,335544320,0,2363858944,0,2143580160,0,0,0,0.1,0,no_interval_samples,
effectiveness_v3_20260918T153047Z_64a88b5a,B/core50_nc/loose/F11/1/default,F11,core50_nc,1,resource_transition,8,189344.080849406,189344.081440517,0.0005911110201850533,95999488,95999488,209715200,209715200,335544320,0,2363858944,0,2143580160,0,0,0,0.1,0,no_interval_samples,
effectiveness_v3_20260918T153047Z_64a88b5a,B/core50_nc/loose/F11/1/default,F11,core50_nc,1,training,8,189344.114620869,189526.024171368,181.9095504989964,99296768,185331200,220200960,220200960,335544320,0,2359779328,0,2139500544,0,2360086528,0,0.1,1153,,
effectiveness_v3_20260918T153047Z_64a88b5a,B/core50_nc/loose/F11/1/default,F11,core50_nc,1,evaluation,8,189526.135247712,189544.993249833,18.858002121007303,99296768,142814720,220200960,220200960,335544320,0,2360283136,0,2140004352,0,2364338176,0,0.1,107,,
effectiveness_v3_20260918T153047Z_64a88b5a,B/core50_nc/loose/F11/1/default,F11,core50_nc,1,controller,8,189545.030364203,189545.030455935,9.173198486678302e-05,99296768,99296768,220200960,220200960,335544320,0,2360283136,0,2140004352,0,0,0,0.1,0,no_interval_samples,
effectiveness_v3_20260918T155041Z_f5333308,B/core50_nc/loose/S0/1/default,S0,core50_nc,1,setup,,189552.534954654,189554.063828748,1.5288740940159187,1395712,1395712,2097152,2097152,335544320,0,1574506496,0,1354275840,0,0,0,0.1,0,no_interval_samples,
effectiveness_v3_20260918T155041Z_f5333308,B/core50_nc/loose/S0/1/default,S0,core50_nc,1,resource_transition,0,189554.092241656,189554.092663304,0.00042164800106547773,1395712,1395712,2097152,2097152,335544320,0,1574510592,0,1354275840,0,0,0,0.1,0,no_interval_samples,
effectiveness_v3_20260918T155041Z_f5333308,B/core50_nc/loose/S0/1/default,S0,core50_nc,1,training,0,189554.117381536,189585.942678045,31.825296508992324,70712320,95452672,117440512,117440512,335544320,0,2069372928,0,1849138176,0,2064977920,0,0.1,197,,
effectiveness_v3_20260918T155041Z_f5333308,B/core50_nc/loose/S0/1/default,S0,core50_nc,1,evaluation,0,189586.007296768,189589.604963477,3.5976667090144474,70712320,114230272,159383552,159383552,335544320,0,2119307264,0,1899072512,0,2120744960,0,0.1,21,,
effectiveness_v3_20260918T155041Z_f5333308,B/core50_nc/loose/S0/1/default,S0,core50_nc,1,resource_transition,1,189589.63584368,189589.636362634,0.0005189539806451648,70712320,70712320,159383552,159383552,335544320,0,2119307264,0,1899072512,0,0,0,0.1,0,no_interval_samples,
effectiveness_v3_20260918T155041Z_f5333308,B/core50_nc/loose/S0/1/default,S0,core50_nc,1,training,1,189589.673237448,189609.120742383,19.447504935000325,70712320,121897984,159383552,159383552,335544320,0,2118737920,0,1898503168,0,2117697536,0,0.1,118,,
effectiveness_v3_20260918T155041Z_f5333308,B/core50_nc/loose/S0/1/default,S0,core50_nc,1,evaluation,1,189609.181684704,189614.746045172,5.56436046800809,70712320,114230272,159383552,159383552,335544320,0,2120912896,0,1900678144,0,2124308480,0,0.1,32,,
effectiveness_v3_20260918T155041Z_f5333308,B/core50_nc/loose/S0/1/default,S0,core50_nc,1,resource_transition,2,189614.775996606,189614.776447662,0.00045105599565431476,70712320,70712320,159383552,159383552,335544320,0,2120912896,0,1900678144,0,0,0,0.1,0,no_interval_samples,
effectiveness_v3_20260918T155041Z_f5333308,B/core50_nc/loose/S0/1/default,S0,core50_nc,1,training,2,189614.805284309,189634.567719236,19.762434926989954,70712320,121897984,159383552,159383552,335544320,0,2127106048,0,1906871296,0,2127589376,0,0.1,120,,
effectiveness_v3_20260918T155041Z_f5333308,B/core50_nc/loose/S0/1/default,S0,core50_nc,1,evaluation,2,189634.631383273,189642.082588312,7.451205039018532,70712320,114230272,159383552,159383552,335544320,0,2131742720,0,1911507968,0,2132799488,0,0.1,43,,
effectiveness_v3_20260918T155041Z_f5333308,B/core50_nc/loose/S0/1/default,S0,core50_nc,1,resource_transition,3,189642.113267877,189642.113712572,0.0004446950042620301,70712320,70712320,159383552,159383552,335544320,0,2131746816,0,1911512064,0,0,0,0.1,0,no_interval_samples,
effectiveness_v3_20260918T155041Z_f5333308,B/core50_nc/loose/S0/1/default,S0,core50_nc,1,training,3,189642.143966137,189661.880665295,19.73669915800565,70712320,121897984,159383552,159383552,335544320,0,2128302080,0,1908067328,0,2131746816,0,0.1,120,,
effectiveness_v3_20260918T155041Z_f5333308,B/core50_nc/loose/S0/1/default,S0,core50_nc,1,evaluation,3,189661.942066703,189671.020661747,9.078595044004032,70712320,114230272,159383552,159383552,335544320,0,2129571840,0,1909337088,0,2134691840,0,0.1,53,,
effectiveness_v3_20260918T155041Z_f5333308,B/core50_nc/loose/S0/1/default,S0,core50_nc,1,resource_transition,4,189671.052431359,189671.052875526,0.0004441669734660536,70712320,70712320,159383552,159383552,335544320,0,2129571840,0,1909337088,0,0,0,0.1,0,no_interval_samples,
effectiveness_v3_20260918T155041Z_f5333308,B/core50_nc/loose/S0/1/default,S0,core50_nc,1,training,4,189671.083708897,189690.510970524,19.427261626988184,70712320,121897984,159383552,159383552,335544320,0,2128699392,0,1908464640,0,2129571840,0,0.1,117,,
effectiveness_v3_20260918T155041Z_f5333308,B/core50_nc/loose/S0/1/default,S0,core50_nc,1,evaluation,4,189690.575248412,189701.752087969,11.17683955701068,70712320,114230272,159383552,159383552,335544320,0,2132819968,0,1912585216,0,2133282816,0,0.1,65,,
effectiveness_v3_20260918T155041Z_f5333308,B/core50_nc/loose/S0/1/default,S0,core50_nc,1,resource_transition,5,189701.78495607,189701.785425626,0.0004695559910032898,70712320,70712320,159383552,159383552,335544320,0,2132824064,0,1912589312,0,0,0,0.1,0,no_interval_samples,
effectiveness_v3_20260918T155041Z_f5333308,B/core50_nc/loose/S0/1/default,S0,core50_nc,1,training,5,189701.81859432,189721.588367765,19.76977344500483,70712320,121897984,159383552,159383552,335544320,0,2129104896,0,1908870144,0,2129608704,0,0.1,121,,
effectiveness_v3_20260918T155041Z_f5333308,B/core50_nc/loose/S0/1/default,S0,core50_nc,1,evaluation,5,189721.650820032,189735.061682442,13.410862410004484,70712320,114230272,159383552,159383552,335544320,0,2130825216,0,1910590464,0,2134749184,0,0.1,79,,
effectiveness_v3_20260918T155041Z_f5333308,B/core50_nc/loose/S0/1/default,S0,core50_nc,1,resource_transition,6,189735.089970793,189735.090418599,0.00044780600001104176,70712320,70712320,159383552,159383552,335544320,0,2130829312,0,1910594560,0,0,0,0.1,0,no_interval_samples,
effectiveness_v3_20260918T155041Z_f5333308,B/core50_nc/loose/S0/1/default,S0,core50_nc,1,training,6,189735.11885332,189754.24136636,19.12251303999801,70712320,121897984,159383552,159383552,335544320,0,2129616896,0,1909382144,0,2130829312,0,0.1,117,,
effectiveness_v3_20260918T155041Z_f5333308,B/core50_nc/loose/S0/1/default,S0,core50_nc,1,evaluation,6,189754.305675414,189769.319412811,15.013737396977376,70712320,114230272,159383552,159383552,335544320,0,2130931712,0,1910696960,0,2135154688,0,0.1,86,,
effectiveness_v3_20260918T155041Z_f5333308,B/core50_nc/loose/S0/1/default,S0,core50_nc,1,resource_transition,7,189769.371616479,189769.372193849,0.000577369995880872,70712320,70712320,159383552,159383552,335544320,0,2130931712,0,1910696960,0,0,0,0.1,0,no_interval_samples,
effectiveness_v3_20260918T155041Z_f5333308,B/core50_nc/loose/S0/1/default,S0,core50_nc,1,training,7,189769.407295887,189785.671036535,16.263740647991654,70712320,121897984,159383552,159383552,335544320,0,2129862656,0,1909627904,0,2130931712,0,0.1,99,,
effectiveness_v3_20260918T155041Z_f5333308,B/core50_nc/loose/S0/1/default,S0,core50_nc,1,evaluation,7,189785.727406784,189802.696320145,16.968913361022715,70712320,114230272,159383552,159383552,335544320,0,2131509248,0,1911274496,0,2135347200,0,0.1,99,,
effectiveness_v3_20260918T155041Z_f5333308,B/core50_nc/loose/S0/1/default,S0,core50_nc,1,resource_transition,8,189802.727764728,189802.72825008,0.0004853519785683602,70712320,70712320,159383552,159383552,335544320,0,2131509248,0,1911274496,0,0,0,0.1,0,no_interval_samples,
effectiveness_v3_20260918T155041Z_f5333308,B/core50_nc/loose/S0/1/default,S0,core50_nc,1,training,8,189802.758612931,189819.819846395,17.061233463988174,70712320,121897984,159383552,159383552,335544320,0,2130096128,0,1909861376,0,2131509248,0,0.1,104,,
effectiveness_v3_20260918T155041Z_f5333308,B/core50_nc/loose/S0/1/default,S0,core50_nc,1,evaluation,8,189819.880576915,189838.239234507,18.35865759200533,70712320,114230272,159383552,159383552,335544320,0,2134224896,0,1913990144,0,2136207360,0,0.1,107,,
effectiveness_v3_20260918T155534Z_4df370ae,B/core50_nc/loose/O11/2/default,O11,core50_nc,2,setup,,189845.496810408,189847.048593816,1.5517834080092143,1395712,1395712,2097152,2097152,335544320,0,1574490112,0,1354255360,0,0,0,0.1,0,no_interval_samples,
effectiveness_v3_20260918T155534Z_4df370ae,B/core50_nc/loose/O11/2/default,O11,core50_nc,2,resource_transition,0,189847.074681297,189847.075150797,0.00046949999523349106,1395712,1395712,2097152,2097152,335544320,0,1574490112,0,1354255360,0,0,0,0.1,0,no_interval_samples,
effectiveness_v3_20260918T155534Z_4df370ae,B/core50_nc/loose/O11/2/default,O11,core50_nc,2,training,0,189847.100340797,189879.122039342,32.02169854499516,70712320,95452672,117440512,117440512,335544320,0,2069082112,0,1848847360,0,2064797696,0,0.1,196,,
effectiveness_v3_20260918T155534Z_4df370ae,B/core50_nc/loose/O11/2/default,O11,core50_nc,2,evaluation,0,189879.200071878,189882.826502494,3.6264306159864645,70712320,114230272,159383552,159383552,335544320,0,2119032832,0,1898798080,0,2120470528,0,0.1,21,,
effectiveness_v3_20260918T155534Z_4df370ae,B/core50_nc/loose/O11/2/default,O11,core50_nc,2,controller,0,189882.856715725,189882.856836799,0.00012107400107197464,70712320,70712320,159383552,159383552,335544320,0,2119032832,0,1898798080,0,0,0,0.1,0,no_interval_samples,
effectiveness_v3_20260918T155534Z_4df370ae,B/core50_nc/loose/O11/2/default,O11,core50_nc,2,reconfiguration,0,189882.890450208,189882.890774365,0.0003241569793317467,70712320,70712320,159383552,159383552,335544320,0,2119032832,0,1898798080,0,0,0,0.1,0,no_interval_samples,
effectiveness_v3_20260918T155534Z_4df370ae,B/core50_nc/loose/O11/2/default,O11,core50_nc,2,resource_transition,1,189882.91865118,189882.919240477,0.0005892970075365156,70712320,70712320,159383552,159383552,335544320,0,2119032832,0,1898798080,0,0,0,0.1,0,no_interval_samples,
effectiveness_v3_20260918T155534Z_4df370ae,B/core50_nc/loose/O11/2/default,O11,core50_nc,2,training,1,189882.947248709,189915.772573607,32.8253248980036,72920064,121897984,161480704,161480704,335544320,0,2245656576,0,2025421824,0,2230870016,0,0.1,200,,
effectiveness_v3_20260918T155534Z_4df370ae,B/core50_nc/loose/O11/2/default,O11,core50_nc,2,evaluation,1,189915.839391764,189921.421802265,5.582410500996048,72920064,116438016,161480704,161480704,335544320,0,2255036416,0,2034801664,0,2259013632,0,0.1,32,,
effectiveness_v3_20260918T155534Z_4df370ae,B/core50_nc/loose/O11/2/default,O11,core50_nc,2,controller,1,189921.456162913,189921.45629995,0.00013703698641620576,72920064,72920064,161480704,161480704,335544320,0,2255036416,0,2034801664,0,0,0,0.1,0,no_interval_samples,
effectiveness_v3_20260918T155534Z_4df370ae,B/core50_nc/loose/O11/2/default,O11,core50_nc,2,reconfiguration,1,189921.489792153,189921.490639458,0.0008473049965687096,72920064,72920064,161480704,161480704,335544320,0,2255036416,0,2034801664,0,0,0,0.1,0,no_interval_samples,
effectiveness_v3_20260918T155534Z_4df370ae,B/core50_nc/loose/O11/2/default,O11,core50_nc,2,resource_transition,2,189921.520909115,189921.521455587,0.000546472001587972,72920064,72920064,161480704,161480704,335544320,0,2255036416,0,2034801664,0,0,0,0.1,0,no_interval_samples,
effectiveness_v3_20260918T155534Z_4df370ae,B/core50_nc/loose/O11/2/default,O11,core50_nc,2,training,2,189921.555240402,189976.876113833,55.320873430988286,76217344,155344896,184549376,184549376,335544320,0,2291527680,0,2071248896,0,2296393728,0,0.1,350,,
effectiveness_v3_20260918T155534Z_4df370ae,B/core50_nc/loose/O11/2/default,O11,core50_nc,2,evaluation,2,189976.964901971,189984.451414024,7.486512053001206,76217344,121267200,184549376,184549376,335544320,0,2291589120,0,2071310336,0,2296221696,0,0.1,43,,
effectiveness_v3_20260918T155534Z_4df370ae,B/core50_nc/loose/O11/2/default,O11,core50_nc,2,controller,2,189984.485140533,189984.48526182,0.00012128698290325701,76217344,76217344,184549376,184549376,335544320,0,2291593216,0,2071314432,0,0,0,0.1,0,no_interval_samples,
effectiveness_v3_20260918T155534Z_4df370ae,B/core50_nc/loose/O11/2/default,O11,core50_nc,2,reconfiguration,2,189984.516075893,189984.52065305,0.004577157000312582,76217344,76217344,184549376,184549376,335544320,0,2291593216,0,2071314432,0,0,0,0.1,0,no_interval_samples,
effectiveness_v3_20260918T155534Z_4df370ae,B/core50_nc/loose/O11/2/default,O11,core50_nc,2,resource_transition,3,189984.567117892,189984.567765587,0.00064769500750117,76217344,76217344,184549376,184549376,335544320,0,2291593216,0,2071314432,0,0,0,0.1,0,no_interval_samples,
effectiveness_v3_20260918T155534Z_4df370ae,B/core50_nc/loose/O11/2/default,O11,core50_nc,2,training,3,189984.60157203,190055.521359258,70.91978722802014,79514624,160280576,186646528,186646528,335544320,0,2348544000,0,2128265216,0,2358550528,0,0.1,444,,
effectiveness_v3_20260918T155534Z_4df370ae,B/core50_nc/loose/O11/2/default,O11,core50_nc,2,evaluation,3,190055.59361021,190064.390449869,8.79683965901495,79514624,123032576,186646528,186646528,335544320,0,2353233920,0,2132955136,0,2354257920,0,0.1,54,,
effectiveness_v3_20260918T155534Z_4df370ae,B/core50_nc/loose/O11/2/default,O11,core50_nc,2,controller,3,190064.438858759,190064.438977416,0.00011865698616020381,79514624,79514624,186646528,186646528,335544320,0,2353238016,0,2132959232,0,0,0,0.1,0,no_interval_samples,
effectiveness_v3_20260918T155534Z_4df370ae,B/core50_nc/loose/O11/2/default,O11,core50_nc,2,reconfiguration,3,190064.471356519,190064.473492352,0.0021358329977374524,79514624,79514624,186646528,186646528,335544320,0,2353238016,0,2132959232,0,0,0,0.1,0,no_interval_samples,
effectiveness_v3_20260918T155534Z_4df370ae,B/core50_nc/loose/O11/2/default,O11,core50_nc,2,resource_transition,4,190064.503788972,190064.504377537,0.0005885649879928678,79514624,79514624,186646528,186646528,335544320,0,2353238016,0,2132959232,0,0,0,0.1,0,no_interval_samples,
effectiveness_v3_20260918T155534Z_4df370ae,B/core50_nc/loose/O11/2/default,O11,core50_nc,2,training,4,190064.537743277,190146.203599921,81.66585664398735,82811904,163373568,207618048,207618048,335544320,0,2352611328,0,2132332544,0,2364841984,0,0.1,521,,
effectiveness_v3_20260918T155534Z_4df370ae,B/core50_nc/loose/O11/2/default,O11,core50_nc,2,evaluation,4,190146.278733847,190156.565537255,10.286803408002015,82811904,126329856,207618048,207618048,335544320,0,2354388992,0,2134110208,0,2358333440,0,0.1,67,,
effectiveness_v3_20260918T155534Z_4df370ae,B/core50_nc/loose/O11/2/default,O11,core50_nc,2,controller,4,190156.601289107,190156.601402774,0.00011366698890924454,82811904,82811904,207618048,207618048,335544320,0,2354393088,0,2134114304,0,0,0,0.1,0,no_interval_samples,
effectiveness_v3_20260918T155534Z_4df370ae,B/core50_nc/loose/O11/2/default,O11,core50_nc,2,reconfiguration,4,190156.63211208,190156.634744682,0.002632602001540363,82811904,82811904,207618048,207618048,335544320,0,2354393088,0,2134114304,0,0,0,0.1,0,no_interval_samples,
effectiveness_v3_20260918T155534Z_4df370ae,B/core50_nc/loose/O11/2/default,O11,core50_nc,2,resource_transition,5,190156.664544655,190156.665055618,0.0005109630001243204,82811904,82811904,207618048,207618048,335544320,0,2354393088,0,2134114304,0,0,0,0.1,0,no_interval_samples,
effectiveness_v3_20260918T155534Z_4df370ae,B/core50_nc/loose/O11/2/default,O11,core50_nc,2,training,5,190156.697909091,190276.897364211,120.19945512001868,86108672,168704000,207618048,207618048,335544320,0,2355585024,0,2135306240,0,2368548864,0,0.1,754,,
effectiveness_v3_20260918T155534Z_4df370ae,B/core50_nc/loose/O11/2/default,O11,core50_nc,2,evaluation,5,190276.981490997,190290.192981959,13.211490962014068,86108672,129626624,207618048,207618048,335544320,0,2360283136,0,2140004352,0,2361389056,0,0.1,75,,
effectiveness_v3_20260918T155534Z_4df370ae,B/core50_nc/loose/O11/2/default,O11,core50_nc,2,controller,5,190290.229086756,190290.22920696,0.0001202040002681315,86108672,86108672,207618048,207618048,335544320,0,2360287232,0,2140008448,0,0,0,0.1,0,no_interval_samples,
effectiveness_v3_20260918T155534Z_4df370ae,B/core50_nc/loose/O11/2/default,O11,core50_nc,2,reconfiguration,5,190290.259533285,190290.264720387,0.0051871020114049315,86108672,86108672,207618048,207618048,335544320,0,2360287232,0,2140008448,0,0,0,0.1,0,no_interval_samples,
effectiveness_v3_20260918T155534Z_4df370ae,B/core50_nc/loose/O11/2/default,O11,core50_nc,2,resource_transition,6,190290.312276915,190290.31287211,0.000595194986090064,86108672,86108672,207618048,207618048,335544320,0,2360287232,0,2140008448,0,0,0,0.1,0,no_interval_samples,
effectiveness_v3_20260918T155534Z_4df370ae,B/core50_nc/loose/O11/2/default,O11,core50_nc,2,training,6,190290.346019805,190428.716412016,138.3703922109853,89405440,172729856,207618048,207618048,335544320,0,2358272000,0,2137993216,0,2358116352,0,0.1,828,,
effectiveness_v3_20260918T155534Z_4df370ae,B/core50_nc/loose/O11/2/default,O11,core50_nc,2,evaluation,6,190428.786177598,190443.855453111,15.06927551300032,89405440,132923392,207618048,207618048,335544320,0,2362236928,0,2141958144,0,2363228160,0,0.1,85,,
effectiveness_v3_20260918T155534Z_4df370ae,B/core50_nc/loose/O11/2/default,O11,core50_nc,2,controller,6,190443.904029518,190443.904150009,0.0001204910222440958,89405440,89405440,207618048,207618048,335544320,0,2362236928,0,2141958144,0,0,0,0.1,0,no_interval_samples,
effectiveness_v3_20260918T155534Z_4df370ae,B/core50_nc/loose/O11/2/default,O11,core50_nc,2,reconfiguration,6,190443.934552943,190443.938006712,0.003453768993495032,89405440,89405440,207618048,207618048,335544320,0,2362236928,0,2141958144,0,0,0,0.1,0,no_interval_samples,
effectiveness_v3_20260918T155534Z_4df370ae,B/core50_nc/loose/O11/2/default,O11,core50_nc,2,resource_transition,7,190443.968286906,190443.968860378,0.0005734720034524798,89405440,89405440,207618048,207618048,335544320,0,2362236928,0,2141958144,0,0,0,0.1,0,no_interval_samples,
effectiveness_v3_20260918T155534Z_4df370ae,B/core50_nc/loose/O11/2/default,O11,core50_nc,2,training,7,190444.003850683,190592.13955648,148.13570579700172,92702720,177353728,207618048,207618048,335544320,0,2359128064,0,2138849280,0,2363572224,0,0.1,924,,
effectiveness_v3_20260918T155534Z_4df370ae,B/core50_nc/loose/O11/2/default,O11,core50_nc,2,evaluation,7,190592.21141162,190609.323270685,17.11185906501487,92702720,136819712,207618048,207618048,335544320,0,2359271424,0,2138992640,0,2365005824,0,0.1,96,,
effectiveness_v3_20260918T155534Z_4df370ae,B/core50_nc/loose/O11/2/default,O11,core50_nc,2,controller,7,190609.356660187,190609.356782798,0.00012261097435839474,92702720,92702720,207618048,207618048,335544320,0,2359275520,0,2138996736,0,0,0,0.1,0,no_interval_samples,
effectiveness_v3_20260918T155534Z_4df370ae,B/core50_nc/loose/O11/2/default,O11,core50_nc,2,reconfiguration,7,190609.385221198,190609.391374153,0.0061529550002887845,92702720,92702720,207618048,207618048,335544320,0,2359275520,0,2138996736,0,0,0,0.1,0,no_interval_samples,
effectiveness_v3_20260918T155534Z_4df370ae,B/core50_nc/loose/O11/2/default,O11,core50_nc,2,resource_transition,8,190609.442538998,190609.443082397,0.0005433989863377064,92702720,92702720,207618048,207618048,335544320,0,2359275520,0,2138996736,0,0,0,0.1,0,no_interval_samples,
effectiveness_v3_20260918T155534Z_4df370ae,B/core50_nc/loose/O11/2/default,O11,core50_nc,2,training,8,190609.476930778,190776.40936583,166.9324350520037,95999488,181199872,216006656,216006656,335544320,0,2361470976,0,2141192192,0,2362114048,0,0.1,1049,,
effectiveness_v3_20260918T155534Z_4df370ae,B/core50_nc/loose/O11/2/default,O11,core50_nc,2,evaluation,8,190776.498025273,190795.58960297,19.091577696992317,95999488,139517440,216006656,216006656,335544320,0,2363224064,0,2142945280,0,2366504960,0,0.1,107,,
effectiveness_v3_20260918T155534Z_4df370ae,B/core50_nc/loose/O11/2/default,O11,core50_nc,2,controller,8,190795.651827173,190795.651943154,0.00011598100536502898,95999488,95999488,216006656,216006656,335544320,0,2363224064,0,2142945280,0,0,0,0.1,0,no_interval_samples,
effectiveness_v3_20260918T161132Z_0b332220,B/core50_nc/loose/R11/2/default,R11,core50_nc,2,setup,,190803.197953914,190804.732524793,1.5345708790118806,1395712,1395712,2097152,2097152,335544320,0,1574371328,0,1354140672,0,0,0,0.1,0,no_interval_samples,
effectiveness_v3_20260918T161132Z_0b332220,B/core50_nc/loose/R11/2/default,R11,core50_nc,2,resource_transition,0,190804.761366161,190804.761803772,0.0004376110155135393,1395712,1395712,2097152,2097152,335544320,0,1574375424,0,1354140672,0,0,0,0.1,0,no_interval_samples,
effectiveness_v3_20260918T161132Z_0b332220,B/core50_nc/loose/R11/2/default,R11,core50_nc,2,training,0,190804.78784515,190836.512345449,31.72450029902393,70712320,95452672,117440512,117440512,335544320,0,2069147648,0,1848912896,0,2064891904,0,0.1,194,,
effectiveness_v3_20260918T161132Z_0b332220,B/core50_nc/loose/R11/2/default,R11,core50_nc,2,evaluation,0,190836.572471867,190840.191579907,3.6191080400021747,70712320,114230272,159383552,159383552,335544320,0,2119077888,0,1898843136,0,2120523776,0,0.1,21,,
effectiveness_v3_20260918T161132Z_0b332220,B/core50_nc/loose/R11/2/default,R11,core50_nc,2,controller,0,190840.221772295,190840.221896878,0.00012458302080631256,70712320,70712320,159383552,159383552,335544320,0,2119077888,0,1898843136,0,0,0,0.1,0,no_interval_samples,
effectiveness_v3_20260918T161132Z_0b332220,B/core50_nc/loose/R11/2/default,R11,core50_nc,2,reconfiguration,0,190840.268684572,190840.26899685,0.0003122780181001872,70712320,70712320,159383552,159383552,335544320,0,2119077888,0,1898843136,0,0,0,0.1,0,no_interval_samples,
effectiveness_v3_20260918T161132Z_0b332220,B/core50_nc/loose/R11/2/default,R11,core50_nc,2,resource_transition,1,190840.29458671,190840.295093525,0.0005068150057923049,70712320,70712320,159383552,159383552,335544320,0,2119077888,0,1898843136,0,0,0,0.1,0,no_interval_samples,
effectiveness_v3_20260918T161132Z_0b332220,B/core50_nc/loose/R11/2/default,R11,core50_nc,2,training,1,190840.321924719,190859.061559587,18.73963486799039,70712320,121897984,159383552,159383552,335544320,0,2118627328,0,1898392576,0,2117484544,0,0.1,114,,
effectiveness_v3_20260918T161132Z_0b332220,B/core50_nc/loose/R11/2/default,R11,core50_nc,2,evaluation,1,190859.121798281,190864.757004125,5.635205843980657,70712320,114230272,159383552,159383552,335544320,0,2120806400,0,1900571648,0,2124206080,0,0.1,33,,
effectiveness_v3_20260918T161132Z_0b332220,B/core50_nc/loose/R11/2/default,R11,core50_nc,2,controller,1,190864.7847027,190864.784833237,0.00013053699512965977,70712320,70712320,159383552,159383552,335544320,0,2120806400,0,1900571648,0,0,0,0.1,0,no_interval_samples,
effectiveness_v3_20260918T161132Z_0b332220,B/core50_nc/loose/R11/2/default,R11,core50_nc,2,reconfiguration,1,190864.812100385,190864.812580311,0.00047992600593715906,70712320,70712320,159383552,159383552,335544320,0,2120806400,0,1900571648,0,0,0,0.1,0,no_interval_samples,
effectiveness_v3_20260918T161132Z_0b332220,B/core50_nc/loose/R11/2/default,R11,core50_nc,2,resource_transition,2,190864.860370174,190864.860889146,0.0005189719959162176,70712320,70712320,159383552,159383552,335544320,0,2120806400,0,1900571648,0,0,0,0.1,0,no_interval_samples,
effectiveness_v3_20260918T161132Z_0b332220,B/core50_nc/loose/R11/2/default,R11,core50_nc,2,training,2,190864.886586156,190881.104985181,16.218399025005056,70712320,121897984,159383552,159383552,335544320,0,2127392768,0,1907158016,0,2127409152,0,0.1,98,,
effectiveness_v3_20260918T161132Z_0b332220,B/core50_nc/loose/R11/2/default,R11,core50_nc,2,evaluation,2,190881.156373263,190888.564090792,7.407717529014917,70712320,114230272,159383552,159383552,335544320,0,2132082688,0,1911847936,0,2133131264,0,0.1,43,,
effectiveness_v3_20260918T161132Z_0b332220,B/core50_nc/loose/R11/2/default,R11,core50_nc,2,controller,2,190888.597346682,190888.597466886,0.0001202040002681315,70712320,70712320,159383552,159383552,335544320,0,2132086784,0,1911852032,0,0,0,0.1,0,no_interval_samples,
effectiveness_v3_20260918T161132Z_0b332220,B/core50_nc/loose/R11/2/default,R11,core50_nc,2,reconfiguration,2,190888.624133812,190888.625806794,0.0016729820054024458,70712320,70712320,159383552,159383552,335544320,0,2132086784,0,1911852032,0,0,0,0.1,0,no_interval_samples,
effectiveness_v3_20260918T161132Z_0b332220,B/core50_nc/loose/R11/2/default,R11,core50_nc,2,resource_transition,3,190888.659827035,190888.660349943,0.0005229079979471862,70712320,70712320,159383552,159383552,335544320,0,2132086784,0,1911852032,0,0,0,0.1,0,no_interval_samples,
effectiveness_v3_20260918T161132Z_0b332220,B/core50_nc/loose/R11/2/default,R11,core50_nc,2,training,3,190888.687519045,190903.934390083,15.24687103801989,70712320,121897984,159383552,159383552,335544320,0,2128683008,0,1908448256,0,2132094976,0,0.1,92,,
effectiveness_v3_20260918T161132Z_0b332220,B/core50_nc/loose/R11/2/default,R11,core50_nc,2,evaluation,3,190904.026630324,190913.404498987,9.377868662995752,70712320,114230272,159383552,159383552,335544320,0,2128510976,0,1908276224,0,2133213184,0,0.1,55,,
effectiveness_v3_20260918T161132Z_0b332220,B/core50_nc/loose/R11/2/default,R11,core50_nc,2,controller,3,190913.448661849,190913.448798756,0.000136907008709386,70712320,70712320,159383552,159383552,335544320,0,2128515072,0,1908280320,0,0,0,0.1,0,no_interval_samples,
effectiveness_v3_20260918T161132Z_0b332220,B/core50_nc/loose/R11/2/default,R11,core50_nc,2,reconfiguration,3,190913.477268627,190913.478838414,0.001569787011248991,70712320,70712320,159383552,159383552,335544320,0,2128515072,0,1908280320,0,0,0,0.1,0,no_interval_samples,
effectiveness_v3_20260918T161132Z_0b332220,B/core50_nc/loose/R11/2/default,R11,core50_nc,2,resource_transition,4,190913.504535554,190913.505068924,0.0005333699809852988,70712320,70712320,159383552,159383552,335544320,0,2128515072,0,1908280320,0,0,0,0.1,0,no_interval_samples,
effectiveness_v3_20260918T161132Z_0b332220,B/core50_nc/loose/R11/2/default,R11,core50_nc,2,training,4,190913.535527212,190933.563696636,20.02816942401114,70712320,121897984,159383552,159383552,335544320,0,2129526784,0,1909292032,0,2129735680,0,0.1,123,,
effectiveness_v3_20260918T161132Z_0b332220,B/core50_nc/loose/R11/2/default,R11,core50_nc,2,evaluation,4,190933.628947959,190944.644457442,11.015509482997004,70712320,114230272,159383552,159383552,335544320,0,2131083264,0,1910848512,0,2134884352,0,0.1,64,,
effectiveness_v3_20260918T161132Z_0b332220,B/core50_nc/loose/R11/2/default,R11,core50_nc,2,controller,4,190944.699031249,190944.699157416,0.0001261669967789203,70712320,70712320,159383552,159383552,335544320,0,2131083264,0,1910848512,0,0,0,0.1,0,no_interval_samples,
effectiveness_v3_20260918T161132Z_0b332220,B/core50_nc/loose/R11/2/default,R11,core50_nc,2,reconfiguration,4,190944.726698527,190944.728827027,0.0021284999966155738,70712320,70712320,159383552,159383552,335544320,0,2131083264,0,1910848512,0,0,0,0.1,0,no_interval_samples,
effectiveness_v3_20260918T161132Z_0b332220,B/core50_nc/loose/R11/2/default,R11,core50_nc,2,resource_transition,5,190944.75611986,190944.756645166,0.0005253060080576688,70712320,70712320,159383552,159383552,335544320,0,2131083264,0,1910848512,0,0,0,0.1,0,no_interval_samples,
effectiveness_v3_20260918T161132Z_0b332220,B/core50_nc/loose/R11/2/default,R11,core50_nc,2,training,5,190944.785884388,190964.618783457,19.83289906900609,70712320,121897984,159383552,159383552,335544320,0,2129969152,0,1909734400,0,2131083264,0,0.1,121,,
effectiveness_v3_20260918T161132Z_0b332220,B/core50_nc/loose/R11/2/default,R11,core50_nc,2,evaluation,5,190964.683710958,190978.01162607,13.327915111993207,70712320,114230272,159383552,159383552,335544320,0,2134687744,0,1914452992,0,2135683072,0,0.1,76,,
effectiveness_v3_20260918T161132Z_0b332220,B/core50_nc/loose/R11/2/default,R11,core50_nc,2,controller,5,190978.057425948,190978.057540523,0.00011457499931566417,70712320,70712320,159383552,159383552,335544320,0,2134687744,0,1914452992,0,0,0,0.1,0,no_interval_samples,
effectiveness_v3_20260918T161132Z_0b332220,B/core50_nc/loose/R11/2/default,R11,core50_nc,2,reconfiguration,5,190978.082910467,190978.084935596,0.002025129011599347,70712320,70712320,159383552,159383552,335544320,0,2134687744,0,1914452992,0,0,0,0.1,0,no_interval_samples,
effectiveness_v3_20260918T161132Z_0b332220,B/core50_nc/loose/R11/2/default,R11,core50_nc,2,resource_transition,6,190978.111324374,190978.111857244,0.0005328699771780521,70712320,70712320,159383552,159383552,335544320,0,2134687744,0,1914452992,0,0,0,0.1,0,no_interval_samples,
effectiveness_v3_20260918T161132Z_0b332220,B/core50_nc/loose/R11/2/default,R11,core50_nc,2,training,6,190978.140132745,190996.454900045,18.31476730000577,70712320,126952960,159383552,159383552,335544320,0,2130653184,0,1910418432,0,2134687744,0,0.1,111,,
effectiveness_v3_20260918T161132Z_0b332220,B/core50_nc/loose/R11/2/default,R11,core50_nc,2,evaluation,6,190996.507746832,191011.281297849,14.773551016987767,70712320,114230272,159383552,159383552,335544320,0,2132361216,0,1912126464,0,2137792512,0,0.1,85,,
effectiveness_v3_20260918T161132Z_0b332220,B/core50_nc/loose/R11/2/default,R11,core50_nc,2,controller,6,191011.318061969,191011.318181876,0.00011990699567832053,70712320,70712320,159383552,159383552,335544320,0,2132369408,0,1912134656,0,0,0,0.1,0,no_interval_samples,
effectiveness_v3_20260918T161132Z_0b332220,B/core50_nc/loose/R11/2/default,R11,core50_nc,2,reconfiguration,6,191011.345330209,191011.347656338,0.0023261290043592453,70712320,70712320,159383552,159383552,335544320,0,2132369408,0,1912134656,0,0,0,0.1,0,no_interval_samples,
effectiveness_v3_20260918T161132Z_0b332220,B/core50_nc/loose/R11/2/default,R11,core50_nc,2,resource_transition,7,191011.374669606,191011.375192125,0.0005225189961493015,70712320,70712320,159383552,159383552,335544320,0,2132369408,0,1912134656,0,0,0,0.1,0,no_interval_samples,
effectiveness_v3_20260918T161132Z_0b332220,B/core50_nc/loose/R11/2/default,R11,core50_nc,2,training,7,191011.407281291,191026.645836671,15.238555379997706,70712320,126952960,159383552,159383552,335544320,0,2130890752,0,1910656000,0,2132369408,0,0.1,93,,
effectiveness_v3_20260918T161132Z_0b332220,B/core50_nc/loose/R11/2/default,R11,core50_nc,2,evaluation,7,191026.705442809,191043.346350781,16.640907972003333,70712320,114230272,159383552,159383552,335544320,0,2135486464,0,1915251712,0,2136408064,0,0.1,95,,
effectiveness_v3_20260918T161132Z_0b332220,B/core50_nc/loose/R11/2/default,R11,core50_nc,2,controller,7,191043.385856893,191043.385971014,0.00011412100866436958,70712320,70712320,159383552,159383552,335544320,0,2135490560,0,1915255808,0,0,0,0.1,0,no_interval_samples,
effectiveness_v3_20260918T161132Z_0b332220,B/core50_nc/loose/R11/2/default,R11,core50_nc,2,reconfiguration,7,191043.411444866,191043.41379957,0.0023547039891127497,70712320,70712320,159383552,159383552,335544320,0,2135490560,0,1915255808,0,0,0,0.1,0,no_interval_samples,
effectiveness_v3_20260918T161132Z_0b332220,B/core50_nc/loose/R11/2/default,R11,core50_nc,2,resource_transition,8,191043.439679774,191043.440172237,0.0004924630047753453,70712320,70712320,159383552,159383552,335544320,0,2135490560,0,1915255808,0,0,0,0.1,0,no_interval_samples,
effectiveness_v3_20260918T161132Z_0b332220,B/core50_nc/loose/R11/2/default,R11,core50_nc,2,training,8,191043.469104923,191056.617656047,13.148551124002552,70712320,126952960,159383552,159383552,335544320,0,2131677184,0,1911442432,0,2135490560,0,0.1,79,,
effectiveness_v3_20260918T161132Z_0b332220,B/core50_nc/loose/R11/2/default,R11,core50_nc,2,evaluation,8,191056.669939064,191074.641322091,17.971383026975673,70712320,114230272,159383552,159383552,335544320,0,2133217280,0,1912982528,0,2137133056,0,0.1,109,,
effectiveness_v3_20260918T161132Z_0b332220,B/core50_nc/loose/R11/2/default,R11,core50_nc,2,controller,8,191074.699790722,191074.699892324,0.00010160199599340558,70712320,70712320,159383552,159383552,335544320,0,2133217280,0,1912982528,0,0,0,0.1,0,no_interval_samples,
effectiveness_v3_20260918T161611Z_22479fed,B/core50_nc/loose/F11/2/default,F11,core50_nc,2,setup,,191081.867675285,191083.40743522,1.5397599349962547,1395712,1395712,2097152,2097152,335544320,0,1574486016,0,1354255360,0,0,0,0.1,0,no_interval_samples,
effectiveness_v3_20260918T161611Z_22479fed,B/core50_nc/loose/F11/2/default,F11,core50_nc,2,resource_transition,0,191083.439002434,191083.439472786,0.00047035200987011194,1395712,1395712,2097152,2097152,335544320,0,1574490112,0,1354255360,0,0,0,0.1,0,no_interval_samples,
effectiveness_v3_20260918T161611Z_22479fed,B/core50_nc/loose/F11/2/default,F11,core50_nc,2,training,0,191083.46742074,191152.178362032,68.71094129199628,72920064,96689152,119537664,119537664,335544320,0,2184548352,0,1964321792,0,2162450432,0,0.1,426,,
effectiveness_v3_20260918T161611Z_22479fed,B/core50_nc/loose/F11/2/default,F11,core50_nc,2,evaluation,0,191152.243930402,191155.729148562,3.4852181599999312,72920064,116438016,161480704,161480704,335544320,0,2230341632,0,2010106880,0,2230005760,0,0.1,23,,
effectiveness_v3_20260918T161611Z_22479fed,B/core50_nc/loose/F11/2/default,F11,core50_nc,2,controller,0,191155.760426813,191155.760542498,0.00011568499030545354,72920064,72920064,161480704,161480704,335544320,0,2230341632,0,2010106880,0,0,0,0.1,0,no_interval_samples,
effectiveness_v3_20260918T161611Z_22479fed,B/core50_nc/loose/F11/2/default,F11,core50_nc,2,reconfiguration,0,191155.788314323,191155.788756795,0.0004424719954840839,72920064,72920064,161480704,161480704,335544320,0,2230341632,0,2010106880,0,0,0,0.1,0,no_interval_samples,
effectiveness_v3_20260918T161611Z_22479fed,B/core50_nc/loose/F11/2/default,F11,core50_nc,2,resource_transition,1,191155.812769286,191155.813310518,0.000541231973329559,72920064,72920064,161480704,161480704,335544320,0,2230341632,0,2010106880,0,0,0,0.1,0,no_interval_samples,
effectiveness_v3_20260918T161611Z_22479fed,B/core50_nc/loose/F11/2/default,F11,core50_nc,2,training,1,191155.841043889,191210.339719954,54.49867606500629,76217344,155344896,184549376,184549376,335544320,0,2286653440,0,2066374656,0,2291089408,0,0.1,349,,
effectiveness_v3_20260918T161611Z_22479fed,B/core50_nc/loose/F11/2/default,F11,core50_nc,2,evaluation,1,191210.442619175,191216.062882109,5.620262933982303,76217344,121267200,184549376,184549376,335544320,0,2288418816,0,2068140032,0,2291834880,0,0.1,32,,
effectiveness_v3_20260918T161611Z_22479fed,B/core50_nc/loose/F11/2/default,F11,core50_nc,2,controller,1,191216.094704462,191216.094823267,0.0001188049791380763,76217344,76217344,184549376,184549376,335544320,0,2288418816,0,2068140032,0,0,0,0.1,0,no_interval_samples,
effectiveness_v3_20260918T161611Z_22479fed,B/core50_nc/loose/F11/2/default,F11,core50_nc,2,reconfiguration,1,191216.119430601,191216.120360517,0.000929916015593335,76217344,76217344,184549376,184549376,335544320,0,2288418816,0,2068140032,0,0,0,0.1,0,no_interval_samples,
effectiveness_v3_20260918T161611Z_22479fed,B/core50_nc/loose/F11/2/default,F11,core50_nc,2,resource_transition,2,191216.147260322,191216.147807776,0.0005474539939314127,76217344,76217344,184549376,184549376,335544320,0,2288418816,0,2068140032,0,0,0,0.1,0,no_interval_samples,
effectiveness_v3_20260918T161611Z_22479fed,B/core50_nc/loose/F11/2/default,F11,core50_nc,2,training,2,191216.176716748,191286.385324412,70.20860766398255,79514624,160280576,186646528,186646528,335544320,0,2346991616,0,2126712832,0,2355130368,0,0.1,442,,
effectiveness_v3_20260918T161611Z_22479fed,B/core50_nc/loose/F11/2/default,F11,core50_nc,2,evaluation,2,191286.496113633,191293.877531096,7.3814174629806075,79514624,123032576,186646528,186646528,335544320,0,2348802048,0,2128523264,0,2352259072,0,0.1,42,,
effectiveness_v3_20260918T161611Z_22479fed,B/core50_nc/loose/F11/2/default,F11,core50_nc,2,controller,2,191293.931250579,191293.931369356,0.00011877701035700738,79514624,79514624,186646528,186646528,335544320,0,2348806144,0,2128527360,0,0,0,0.1,0,no_interval_samples,
effectiveness_v3_20260918T161611Z_22479fed,B/core50_nc/loose/F11/2/default,F11,core50_nc,2,reconfiguration,2,191293.960187496,191293.962475672,0.002288175979629159,79514624,79514624,186646528,186646528,335544320,0,2348806144,0,2128527360,0,0,0,0.1,0,no_interval_samples,
effectiveness_v3_20260918T161611Z_22479fed,B/core50_nc/loose/F11/2/default,F11,core50_nc,2,resource_transition,3,191293.990556904,191293.991110904,0.0005539999983739108,79514624,79514624,186646528,186646528,335544320,0,2348806144,0,2128527360,0,0,0,0.1,0,no_interval_samples,
effectiveness_v3_20260918T161611Z_22479fed,B/core50_nc/loose/F11/2/default,F11,core50_nc,2,training,3,191294.020244136,191398.652858857,104.63261472102022,82811904,163348480,209715200,209715200,335544320,0,2349854720,0,2129575936,0,2360307712,0,0.1,663,,
effectiveness_v3_20260918T161611Z_22479fed,B/core50_nc/loose/F11/2/default,F11,core50_nc,2,evaluation,3,191398.738264758,191407.450315786,8.712051028007409,82811904,126329856,209715200,209715200,335544320,0,2351505408,0,2131226624,0,2355503104,0,0.1,58,,
effectiveness_v3_20260918T161611Z_22479fed,B/core50_nc/loose/F11/2/default,F11,core50_nc,2,controller,3,191407.484328517,191407.484448378,0.00011986101162619889,82811904,82811904,209715200,209715200,335544320,0,2351509504,0,2131230720,0,0,0,0.1,0,no_interval_samples,
effectiveness_v3_20260918T161611Z_22479fed,B/core50_nc/loose/F11/2/default,F11,core50_nc,2,reconfiguration,3,191407.513538933,191407.516770257,0.003231323993531987,82811904,82811904,209715200,209715200,335544320,0,2351509504,0,2131230720,0,0,0,0.1,0,no_interval_samples,
effectiveness_v3_20260918T161611Z_22479fed,B/core50_nc/loose/F11/2/default,F11,core50_nc,2,resource_transition,4,191407.561180571,191407.561740358,0.0005597870040219277,82811904,82811904,209715200,209715200,335544320,0,2351509504,0,2131230720,0,0,0,0.1,0,no_interval_samples,
effectiveness_v3_20260918T161611Z_22479fed,B/core50_nc/loose/F11/2/default,F11,core50_nc,2,training,4,191407.596315783,191526.096168565,118.49985278199892,86108672,168704000,209715200,209715200,335544320,0,2352996352,0,2132717568,0,2352558080,0,0.1,755,,
effectiveness_v3_20260918T161611Z_22479fed,B/core50_nc/loose/F11/2/default,F11,core50_nc,2,evaluation,4,191526.18460523,191537.559698127,11.3750928970112,86108672,129953792,209715200,209715200,335544320,0,2354659328,0,2134380544,0,2357469184,0,0.1,65,,
effectiveness_v3_20260918T161611Z_22479fed,B/core50_nc/loose/F11/2/default,F11,core50_nc,2,controller,4,191537.598493219,191537.598612108,0.0001188890018966049,86108672,86108672,209715200,209715200,335544320,0,2354663424,0,2134384640,0,0,0,0.1,0,no_interval_samples,
effectiveness_v3_20260918T161611Z_22479fed,B/core50_nc/loose/F11/2/default,F11,core50_nc,2,reconfiguration,4,191537.62983683,191537.633125172,0.003288342006271705,86108672,86108672,209715200,209715200,335544320,0,2354663424,0,2134384640,0,0,0,0.1,0,no_interval_samples,
effectiveness_v3_20260918T161611Z_22479fed,B/core50_nc/loose/F11/2/default,F11,core50_nc,2,resource_transition,5,191537.660913264,191537.661496042,0.0005827780114486814,86108672,86108672,209715200,209715200,335544320,0,2354663424,0,2134384640,0,0,0,0.1,0,no_interval_samples,
effectiveness_v3_20260918T161611Z_22479fed,B/core50_nc/loose/F11/2/default,F11,core50_nc,2,training,5,191537.694774745,191677.017355348,139.32258060300956,89405440,172729856,209715200,209715200,335544320,0,2355073024,0,2134794240,0,2355023872,0,0.1,846,,
effectiveness_v3_20260918T161611Z_22479fed,B/core50_nc/loose/F11/2/default,F11,core50_nc,2,evaluation,5,191677.086903828,191690.006006959,12.919103131018346,89405440,132923392,209715200,209715200,335544320,0,2356813824,0,2136535040,0,2360856576,0,0.1,73,,
effectiveness_v3_20260918T161611Z_22479fed,B/core50_nc/loose/F11/2/default,F11,core50_nc,2,controller,5,191690.045128921,191690.045250708,0.00012178701581433415,89405440,89405440,209715200,209715200,335544320,0,2356817920,0,2136539136,0,0,0,0.1,0,no_interval_samples,
effectiveness_v3_20260918T161611Z_22479fed,B/core50_nc/loose/F11/2/default,F11,core50_nc,2,reconfiguration,5,191690.075581494,191690.078435235,0.0028537409962154925,89405440,89405440,209715200,209715200,335544320,0,2356817920,0,2136539136,0,0,0,0.1,0,no_interval_samples,
effectiveness_v3_20260918T161611Z_22479fed,B/core50_nc/loose/F11/2/default,F11,core50_nc,2,resource_transition,6,191690.106983809,191690.107576901,0.0005930920015089214,89405440,89405440,209715200,209715200,335544320,0,2356817920,0,2136539136,0,0,0,0.1,0,no_interval_samples,
effectiveness_v3_20260918T161611Z_22479fed,B/core50_nc/loose/F11/2/default,F11,core50_nc,2,training,6,191690.139934013,191844.954080045,154.81414603200392,92702720,177328640,209715200,209715200,335544320,0,2357223424,0,2136944640,0,2357071872,0,0.1,982,,
effectiveness_v3_20260918T161611Z_22479fed,B/core50_nc/loose/F11/2/default,F11,core50_nc,2,evaluation,6,191845.023332175,191859.277495886,14.254163710982539,92702720,136819712,209715200,209715200,335544320,0,2361180160,0,2140901376,0,2361335808,0,0.1,93,,
effectiveness_v3_20260918T161611Z_22479fed,B/core50_nc/loose/F11/2/default,F11,core50_nc,2,controller,6,191859.311676135,191859.311798839,0.00012270399020053446,92702720,92702720,209715200,209715200,335544320,0,2361180160,0,2140901376,0,0,0,0.1,0,no_interval_samples,
effectiveness_v3_20260918T161611Z_22479fed,B/core50_nc/loose/F11/2/default,F11,core50_nc,2,reconfiguration,6,191859.340288209,191859.344996227,0.004708018008386716,92702720,92702720,209715200,209715200,335544320,0,2361180160,0,2140901376,0,0,0,0.1,0,no_interval_samples,
effectiveness_v3_20260918T161611Z_22479fed,B/core50_nc/loose/F11/2/default,F11,core50_nc,2,resource_transition,7,191859.391710644,191859.392295413,0.0005847690044902265,92702720,92702720,209715200,209715200,335544320,0,2361180160,0,2140901376,0,0,0,0.1,0,no_interval_samples,
effectiveness_v3_20260918T161611Z_22479fed,B/core50_nc/loose/F11/2/default,F11,core50_nc,2,training,7,191859.427641951,192021.77911634,162.3514743889973,95999488,181199872,209715200,209715200,335544320,0,2360274944,0,2139996160,0,2360565760,0,0.1,1027,,
effectiveness_v3_20260918T161611Z_22479fed,B/core50_nc/loose/F11/2/default,F11,core50_nc,2,evaluation,7,192021.87963207,192039.062992088,17.183360018010717,95999488,139517440,209715200,209715200,335544320,0,2364604416,0,2144325632,0,2365603840,0,0.1,98,,
effectiveness_v3_20260918T161611Z_22479fed,B/core50_nc/loose/F11/2/default,F11,core50_nc,2,controller,7,192039.096536515,192039.096658913,0.00012239802163094282,95999488,95999488,209715200,209715200,335544320,0,2364608512,0,2144329728,0,0,0,0.1,0,no_interval_samples,
effectiveness_v3_20260918T161611Z_22479fed,B/core50_nc/loose/F11/2/default,F11,core50_nc,2,reconfiguration,7,192039.123963821,192039.127831858,0.0038680369907524437,95999488,95999488,209715200,209715200,335544320,0,2364608512,0,2144329728,0,0,0,0.1,0,no_interval_samples,
effectiveness_v3_20260918T161611Z_22479fed,B/core50_nc/loose/F11/2/default,F11,core50_nc,2,resource_transition,8,192039.156301331,192039.156768349,0.00046701799146831036,95999488,95999488,209715200,209715200,335544320,0,2364608512,0,2144329728,0,0,0,0.1,0,no_interval_samples,
effectiveness_v3_20260918T161611Z_22479fed,B/core50_nc/loose/F11/2/default,F11,core50_nc,2,training,8,192039.1885781,192220.857777223,181.66919912298908,99296768,185331200,218103808,218103808,335544320,0,2363256832,0,2142978048,0,2364608512,0,0.1,1156,,
effectiveness_v3_20260918T161611Z_22479fed,B/core50_nc/loose/F11/2/default,F11,core50_nc,2,evaluation,8,192220.936690499,192239.793886254,18.857195755001158,99296768,142814720,218103808,218103808,335544320,0,2363088896,0,2142810112,0,2367303680,0,0.1,107,,
effectiveness_v3_20260918T161611Z_22479fed,B/core50_nc/loose/F11/2/default,F11,core50_nc,2,controller,8,192239.830263161,192239.830359652,9.64909850154072e-05,99296768,99296768,218103808,218103808,335544320,0,2363088896,0,2142810112,0,0,0,0.1,0,no_interval_samples,
effectiveness_v3_20260918T163536Z_1458e8d5,B/core50_nc/loose/S0/2/default,S0,core50_nc,2,setup,,192247.25479367,192248.78209882,1.5273051499971189,1395712,1395712,2097152,2097152,335544320,0,1574457344,0,1354226688,0,0,0,0.1,0,no_interval_samples,
effectiveness_v3_20260918T163536Z_1458e8d5,B/core50_nc/loose/S0/2/default,S0,core50_nc,2,resource_transition,0,192248.810586709,192248.811021894,0.00043518500751815736,1395712,1395712,2097152,2097152,335544320,0,1574461440,0,1354226688,0,0,0,0.1,0,no_interval_samples,
effectiveness_v3_20260918T163536Z_1458e8d5,B/core50_nc/loose/S0/2/default,S0,core50_nc,2,training,0,192248.836286051,192280.531876504,31.695590453018667,70712320,95452672,117440512,117440512,335544320,0,2069012480,0,1848777728,0,2064777216,0,0.1,195,,
effectiveness_v3_20260918T163536Z_1458e8d5,B/core50_nc/loose/S0/2/default,S0,core50_nc,2,evaluation,0,192280.599277289,192284.244196906,3.644919616985135,70712320,114230272,159383552,159383552,335544320,0,2118987776,0,1898753024,0,2120437760,0,0.1,20,,
effectiveness_v3_20260918T163536Z_1458e8d5,B/core50_nc/loose/S0/2/default,S0,core50_nc,2,resource_transition,1,192284.276521073,192284.2770161,0.0004950269940309227,70712320,70712320,159383552,159383552,335544320,0,2118987776,0,1898753024,0,0,0,0.1,0,no_interval_samples,
effectiveness_v3_20260918T163536Z_1458e8d5,B/core50_nc/loose/S0/2/default,S0,core50_nc,2,training,1,192284.307119035,192302.576099634,18.2689805990085,70712320,121897984,159383552,159383552,335544320,0,2118397952,0,1898163200,0,2117308416,0,0.1,111,,
effectiveness_v3_20260918T163536Z_1458e8d5,B/core50_nc/loose/S0/2/default,S0,core50_nc,2,evaluation,1,192302.640402616,192307.971434759,5.33103214300354,70712320,114230272,159383552,159383552,335544320,0,2120577024,0,1900342272,0,2123988992,0,0.1,31,,
effectiveness_v3_20260918T163536Z_1458e8d5,B/core50_nc/loose/S0/2/default,S0,core50_nc,2,resource_transition,2,192308.00220887,192308.00265899,0.0004501200164668262,70712320,70712320,159383552,159383552,335544320,0,2120577024,0,1900342272,0,0,0,0.1,0,no_interval_samples,
effectiveness_v3_20260918T163536Z_1458e8d5,B/core50_nc/loose/S0/2/default,S0,core50_nc,2,training,2,192308.030552092,192327.590249136,19.559697043994674,70712320,121897984,159383552,159383552,335544320,0,2126786560,0,1906551808,0,2127200256,0,0.1,119,,
effectiveness_v3_20260918T163536Z_1458e8d5,B/core50_nc/loose/S0/2/default,S0,core50_nc,2,evaluation,2,192327.653509517,192335.479441628,7.825932111009024,70712320,114230272,159383552,159383552,335544320,0,2130903040,0,1910668288,0,2132480000,0,0.1,46,,
effectiveness_v3_20260918T163536Z_1458e8d5,B/core50_nc/loose/S0/2/default,S0,core50_nc,2,resource_transition,3,192335.51787898,192335.51851349,0.0006345100118778646,70712320,70712320,159383552,159383552,335544320,0,2130907136,0,1910672384,0,0,0,0.1,0,no_interval_samples,
effectiveness_v3_20260918T163536Z_1458e8d5,B/core50_nc/loose/S0/2/default,S0,core50_nc,2,training,3,192335.57576251,192354.943704962,19.367942451994168,70712320,121897984,159383552,159383552,335544320,0,2127605760,0,1907371008,0,2130915328,0,0.1,117,,
effectiveness_v3_20260918T163536Z_1458e8d5,B/core50_nc/loose/S0/2/default,S0,core50_nc,2,evaluation,3,192355.007417943,192363.592148699,8.58473075600341,70712320,114230272,159383552,159383552,335544320,0,2134462464,0,1914227712,0,2134462464,0,0.1,58,,
effectiveness_v3_20260918T163536Z_1458e8d5,B/core50_nc/loose/S0/2/default,S0,core50_nc,2,resource_transition,4,192363.623040014,192363.623488468,0.00044845399679616094,70712320,70712320,159383552,159383552,335544320,0,2134462464,0,1914227712,0,0,0,0.1,0,no_interval_samples,
effectiveness_v3_20260918T163536Z_1458e8d5,B/core50_nc/loose/S0/2/default,S0,core50_nc,2,training,4,192363.653174265,192382.569049008,18.915874742990127,70712320,121897984,159383552,159383552,335544320,0,2128072704,0,1907837952,0,2134462464,0,0.1,117,,
effectiveness_v3_20260918T163536Z_1458e8d5,B/core50_nc/loose/S0/2/default,S0,core50_nc,2,evaluation,4,192382.632213805,192393.580856014,10.94864220902673,70712320,114230272,159383552,159383552,335544320,0,2132234240,0,1911999488,0,2132701184,0,0.1,64,,
effectiveness_v3_20260918T163536Z_1458e8d5,B/core50_nc/loose/S0/2/default,S0,core50_nc,2,resource_transition,5,192393.612181986,192393.61263131,0.0004493239976000041,70712320,70712320,159383552,159383552,335544320,0,2132238336,0,1912003584,0,0,0,0.1,0,no_interval_samples,
effectiveness_v3_20260918T163536Z_1458e8d5,B/core50_nc/loose/S0/2/default,S0,core50_nc,2,training,5,192393.642825366,192409.652268711,16.009443345014006,70712320,121897984,159383552,159383552,335544320,0,2128728064,0,1908493312,0,2132238336,0,0.1,97,,
effectiveness_v3_20260918T163536Z_1458e8d5,B/core50_nc/loose/S0/2/default,S0,core50_nc,2,evaluation,5,192409.706397666,192422.4880543,12.781656633975217,70712320,114230272,159383552,159383552,335544320,0,2128633856,0,1908399104,0,2136530944,0,0.1,74,,
effectiveness_v3_20260918T163536Z_1458e8d5,B/core50_nc/loose/S0/2/default,S0,core50_nc,2,resource_transition,6,192422.518989384,192422.519455088,0.00046570401173084974,70712320,70712320,159383552,159383552,335544320,0,2128637952,0,1908403200,0,0,0,0.1,0,no_interval_samples,
effectiveness_v3_20260918T163536Z_1458e8d5,B/core50_nc/loose/S0/2/default,S0,core50_nc,2,training,6,192422.549790116,192436.336882707,13.787092590995599,70712320,121897984,159383552,159383552,335544320,0,2129309696,0,1909074944,0,2129948672,0,0.1,83,,
effectiveness_v3_20260918T163536Z_1458e8d5,B/core50_nc/loose/S0/2/default,S0,core50_nc,2,evaluation,6,192436.391316319,192451.161500119,14.770183799992083,70712320,114230272,159383552,159383552,335544320,0,2133762048,0,1913527296,0,2136477696,0,0.1,86,,
effectiveness_v3_20260918T163536Z_1458e8d5,B/core50_nc/loose/S0/2/default,S0,core50_nc,2,resource_transition,7,192451.190084907,192451.190543518,0.00045861100079491735,70712320,70712320,159383552,159383552,335544320,0,2133762048,0,1913527296,0,0,0,0.1,0,no_interval_samples,
effectiveness_v3_20260918T163536Z_1458e8d5,B/core50_nc/loose/S0/2/default,S0,core50_nc,2,training,7,192451.219165769,192469.747824676,18.528658906987403,70712320,121897984,159383552,159383552,335544320,0,2129588224,0,1909353472,0,2133762048,0,0.1,125,,
effectiveness_v3_20260918T163536Z_1458e8d5,B/core50_nc/loose/S0/2/default,S0,core50_nc,2,evaluation,7,192469.809354858,192485.57994471,15.770589852007106,70712320,114230272,159383552,159383552,335544320,0,2131230720,0,1910995968,0,2135068672,0,0.1,105,,
effectiveness_v3_20260918T163536Z_1458e8d5,B/core50_nc/loose/S0/2/default,S0,core50_nc,2,resource_transition,8,192485.614345877,192485.614808812,0.0004629350150935352,70712320,70712320,159383552,159383552,335544320,0,2131230720,0,1910995968,0,0,0,0.1,0,no_interval_samples,
effectiveness_v3_20260918T163536Z_1458e8d5,B/core50_nc/loose/S0/2/default,S0,core50_nc,2,training,8,192485.666683499,192505.149547025,19.48286352600553,70712320,121897984,159383552,159383552,335544320,0,2130206720,0,1909971968,0,2132017152,0,0.1,119,,
effectiveness_v3_20260918T163536Z_1458e8d5,B/core50_nc/loose/S0/2/default,S0,core50_nc,2,evaluation,8,192505.212173524,192523.573054194,18.360880670021288,70712320,114230272,159383552,159383552,335544320,0,2133942272,0,1913707520,0,2135924736,0,0.1,107,,
effectiveness_v3_20260918T164020Z_d3a2f0de,B/core50_nc/loose/S_star/2/default,S_star,core50_nc,2,setup,,192530.739379985,192532.265928738,1.526548752997769,1395712,1395712,2097152,2097152,335544320,0,1574420480,0,1354198016,0,0,0,0.1,0,no_interval_samples,
effectiveness_v3_20260918T164020Z_d3a2f0de,B/core50_nc/loose/S_star/2/default,S_star,core50_nc,2,resource_transition,0,192532.293391672,192532.293856052,0.000464380020275712,1395712,1395712,2097152,2097152,335544320,0,1574424576,0,1354198016,0,0,0,0.1,0,no_interval_samples,
effectiveness_v3_20260918T164020Z_d3a2f0de,B/core50_nc/loose/S_star/2/default,S_star,core50_nc,2,training,0,192532.320213987,192565.899813545,33.579599557997426,70712320,95452672,117440512,117440512,335544320,0,2070966272,0,1850739712,0,2064867328,0,0.1,207,,
effectiveness_v3_20260918T164020Z_d3a2f0de,B/core50_nc/loose/S_star/2/default,S_star,core50_nc,2,evaluation,0,192565.979171343,192569.803661459,3.8244901160069276,70712320,114230272,159383552,159383552,335544320,0,2116726784,0,1896500224,0,2122407936,0,0.1,23,,
effectiveness_v3_20260918T164020Z_d3a2f0de,B/core50_nc/loose/S_star/2/default,S_star,core50_nc,2,resource_transition,1,192569.838072071,192569.838610728,0.0005386570119298995,70712320,70712320,159383552,159383552,335544320,0,2116726784,0,1896500224,0,0,0,0.1,0,no_interval_samples,
effectiveness_v3_20260918T164020Z_d3a2f0de,B/core50_nc/loose/S_star/2/default,S_star,core50_nc,2,training,1,192569.867978997,192589.519160172,19.651181174995145,70712320,121897984,159383552,159383552,335544320,0,2120650752,0,1900424192,0,2118692864,0,0.1,119,,
effectiveness_v3_20260918T164020Z_d3a2f0de,B/core50_nc/loose/S_star/2/default,S_star,core50_nc,2,evaluation,1,192589.578078127,192595.217799952,5.639721824991284,70712320,114230272,159383552,159383552,335544320,0,2122354688,0,1902128128,0,2126241792,0,0.1,33,,
effectiveness_v3_20260918T164020Z_d3a2f0de,B/core50_nc/loose/S_star/2/default,S_star,core50_nc,2,resource_transition,2,192595.24581746,192595.246293831,0.0004763710021506995,70712320,70712320,159383552,159383552,335544320,0,2122354688,0,1902128128,0,0,0,0.1,0,no_interval_samples,
effectiveness_v3_20260918T164020Z_d3a2f0de,B/core50_nc/loose/S_star/2/default,S_star,core50_nc,2,training,2,192595.273862626,192614.65214808,19.37828545400407,70712320,121897984,159383552,159383552,335544320,0,2128789504,0,1908562944,0,2129252352,0,0.1,118,,
effectiveness_v3_20260918T164020Z_d3a2f0de,B/core50_nc/loose/S_star/2/default,S_star,core50_nc,2,evaluation,2,192614.711226766,192622.092997868,7.381771101994673,70712320,114230272,159383552,159383552,335544320,0,2133495808,0,1913269248,0,2137235456,0,0.1,43,,
effectiveness_v3_20260918T164020Z_d3a2f0de,B/core50_nc/loose/S_star/2/default,S_star,core50_nc,2,resource_transition,3,192622.130592897,192622.131034601,0.0004417040036059916,70712320,70712320,159383552,159383552,335544320,0,2133495808,0,1913269248,0,0,0,0.1,0,no_interval_samples,
effectiveness_v3_20260918T164020Z_d3a2f0de,B/core50_nc/loose/S_star/2/default,S_star,core50_nc,2,training,3,192622.167826481,192639.452654986,17.284828505013138,70712320,121897984,159383552,159383552,335544320,0,2128945152,0,1908718592,0,2133495808,0,0.1,103,,
effectiveness_v3_20260918T164020Z_d3a2f0de,B/core50_nc/loose/S_star/2/default,S_star,core50_nc,2,evaluation,3,192639.516715524,192648.778639044,9.261923520010896,70712320,114230272,159383552,159383552,335544320,0,2128896000,0,1908669440,0,2134532096,0,0.1,53,,
effectiveness_v3_20260918T164020Z_d3a2f0de,B/core50_nc/loose/S_star/2/default,S_star,core50_nc,2,resource_transition,4,192648.822498443,192648.823076351,0.0005779079801868647,70712320,70712320,159383552,159383552,335544320,0,2128896000,0,1908669440,0,0,0,0.1,0,no_interval_samples,
effectiveness_v3_20260918T164020Z_d3a2f0de,B/core50_nc/loose/S_star/2/default,S_star,core50_nc,2,training,4,192648.864336749,192667.645283766,18.780947017017752,70712320,121897984,159383552,159383552,335544320,0,2129711104,0,1909484544,0,2129887232,0,0.1,114,,
effectiveness_v3_20260918T164020Z_d3a2f0de,B/core50_nc/loose/S_star/2/default,S_star,core50_nc,2,evaluation,4,192667.704116145,192678.926615384,11.222499238996534,70712320,114230272,159383552,159383552,335544320,0,2134118400,0,1913891840,0,2135257088,0,0.1,65,,
effectiveness_v3_20260918T164020Z_d3a2f0de,B/core50_nc/loose/S_star/2/default,S_star,core50_nc,2,resource_transition,5,192678.962333672,192678.962789653,0.0004559809749480337,70712320,70712320,159383552,159383552,335544320,0,2134118400,0,1913891840,0,0,0,0.1,0,no_interval_samples,
effectiveness_v3_20260918T164020Z_d3a2f0de,B/core50_nc/loose/S_star/2/default,S_star,core50_nc,2,training,5,192678.998089969,192696.819568404,17.821478434983874,70712320,121897984,159383552,159383552,335544320,0,2130345984,0,1910119424,0,2134118400,0,0.1,116,,
effectiveness_v3_20260918T164020Z_d3a2f0de,B/core50_nc/loose/S_star/2/default,S_star,core50_nc,2,evaluation,5,192696.875758282,192709.841717154,12.965958871995099,70712320,114230272,159383552,159383552,335544320,0,2134757376,0,1914530816,0,2136064000,0,0.1,75,,
effectiveness_v3_20260918T164020Z_d3a2f0de,B/core50_nc/loose/S_star/2/default,S_star,core50_nc,2,resource_transition,6,192709.893285569,192709.893745051,0.000459481991128996,70712320,70712320,159383552,159383552,335544320,0,2134757376,0,1914530816,0,0,0,0.1,0,no_interval_samples,
effectiveness_v3_20260918T164020Z_d3a2f0de,B/core50_nc/loose/S_star/2/default,S_star,core50_nc,2,training,6,192709.946859596,192725.268846701,15.321987104980508,70712320,121897984,159383552,159383552,335544320,0,2130526208,0,1910299648,0,2131312640,0,0.1,93,,
effectiveness_v3_20260918T164020Z_d3a2f0de,B/core50_nc/loose/S_star/2/default,S_star,core50_nc,2,evaluation,6,192725.320601293,192740.269947096,14.94934580300469,70712320,114230272,159383552,159383552,335544320,0,2135191552,0,1914964992,0,2138214400,0,0.1,86,,
effectiveness_v3_20260918T164020Z_d3a2f0de,B/core50_nc/loose/S_star/2/default,S_star,core50_nc,2,resource_transition,7,192740.310663004,192740.311111736,0.00044873199658468366,70712320,70712320,159383552,159383552,335544320,0,2135191552,0,1914964992,0,0,0,0.1,0,no_interval_samples,
effectiveness_v3_20260918T164020Z_d3a2f0de,B/core50_nc/loose/S_star/2/default,S_star,core50_nc,2,training,7,192740.349204209,192754.088066971,13.738862761994824,70712320,121897984,159383552,159383552,335544320,0,2131161088,0,1910934528,0,2135191552,0,0.1,82,,
effectiveness_v3_20260918T164020Z_d3a2f0de,B/core50_nc/loose/S_star/2/default,S_star,core50_nc,2,evaluation,7,192754.141388248,192770.82212233,16.680734081979608,70712320,114230272,159383552,159383552,335544320,0,2132860928,0,1912634368,0,2136702976,0,0.1,96,,
effectiveness_v3_20260918T164020Z_d3a2f0de,B/core50_nc/loose/S_star/2/default,S_star,core50_nc,2,resource_transition,8,192770.868654515,192770.8691057,0.000451184983830899,70712320,70712320,159383552,159383552,335544320,0,2132860928,0,1912634368,0,0,0,0.1,0,no_interval_samples,
effectiveness_v3_20260918T164020Z_d3a2f0de,B/core50_nc/loose/S_star/2/default,S_star,core50_nc,2,training,8,192770.906737801,192790.430636397,19.523898596002255,70712320,121897984,159383552,159383552,335544320,0,2131447808,0,1911221248,0,2132860928,0,0.1,118,,
effectiveness_v3_20260918T164020Z_d3a2f0de,B/core50_nc/loose/S_star/2/default,S_star,core50_nc,2,evaluation,8,192790.517029184,192809.041485588,18.524456404004013,70712320,114230272,159383552,159383552,335544320,0,2135580672,0,1915354112,0,2137292800,0,0.1,106,,
effectiveness_v3_20260918T164505Z_c55b5565,B/splitcifar100/loose/S0/0/default,S0,splitcifar100,0,setup,,192816.242277545,192817.500570922,1.2582933770027012,1408512,1408512,2097152,2097152,335544320,0,1535610880,0,1315417088,0,1531842560,0,0.1,9,,
effectiveness_v3_20260918T164505Z_c55b5565,B/splitcifar100/loose/S0/0/default,S0,splitcifar100,0,resource_transition,0,192817.522949616,192817.523417403,0.00046778700198046863,1408512,1408512,2097152,2097152,335544320,0,1535651840,0,1315429376,0,0,0,0.1,0,no_interval_samples,
effectiveness_v3_20260918T164505Z_c55b5565,B/splitcifar100/loose/S0/0/default,S0,splitcifar100,0,training,0,192817.543376579,192824.028782433,6.485405853978591,70750720,95481344,117440512,117440512,335544320,0,2239475712,0,2019240960,0,2239655936,0,0.1,41,,
effectiveness_v3_20260918T164505Z_c55b5565,B/splitcifar100/loose/S0/0/default,S0,splitcifar100,0,evaluation,0,192824.108085574,192824.34480419,0.23671861601178534,70750720,114268672,159383552,159383552,335544320,0,2294140928,0,2073906176,0,2293223424,0,0.1,1,,
effectiveness_v3_20260918T164505Z_c55b5565,B/splitcifar100/loose/S0/0/default,S0,splitcifar100,0,resource_transition,1,192824.377959376,192824.37844732,0.00048794399481266737,70750720,70750720,159383552,159383552,335544320,0,2294140928,0,2073906176,0,0,0,0.1,0,no_interval_samples,
effectiveness_v3_20260918T164505Z_c55b5565,B/splitcifar100/loose/S0/0/default,S0,splitcifar100,0,training,1,192824.4043587,192831.746930926,7.34257222598535,70750720,121942528,159383552,159383552,335544320,0,2289430528,0,2069195776,0,2295287808,0,0.1,45,,
effectiveness_v3_20260918T164505Z_c55b5565,B/splitcifar100/loose/S0/0/default,S0,splitcifar100,0,evaluation,1,192831.814123334,192832.268267662,0.45414432798861526,70750720,114268672,159383552,159383552,335544320,0,2294067200,0,2073832448,0,2296111104,0,0.1,3,,
effectiveness_v3_20260918T164505Z_c55b5565,B/splitcifar100/loose/S0/0/default,S0,splitcifar100,0,resource_transition,2,192832.30141006,192832.301961587,0.0005515270167961717,70750720,70750720,159383552,159383552,335544320,0,2294067200,0,2073832448,0,0,0,0.1,0,no_interval_samples,
effectiveness_v3_20260918T164505Z_c55b5565,B/splitcifar100/loose/S0/0/default,S0,splitcifar100,0,training,2,192832.330345531,192839.651918033,7.321572501998162,70750720,121942528,159383552,159383552,335544320,0,2289676288,0,2069441536,0,2294067200,0,0.1,45,,
effectiveness_v3_20260918T164505Z_c55b5565,B/splitcifar100/loose/S0/0/default,S0,splitcifar100,0,evaluation,2,192839.727206729,192840.392436062,0.6652293329825625,70750720,114268672,159383552,159383552,335544320,0,2293653504,0,2073418752,0,2293653504,0,0.1,4,,
effectiveness_v3_20260918T164505Z_c55b5565,B/splitcifar100/loose/S0/0/default,S0,splitcifar100,0,resource_transition,3,192840.424197239,192840.424792387,0.0005951480125077069,70750720,70750720,159383552,159383552,335544320,0,2293653504,0,2073418752,0,0,0,0.1,0,no_interval_samples,
effectiveness_v3_20260918T164505Z_c55b5565,B/splitcifar100/loose/S0/0/default,S0,splitcifar100,0,training,3,192840.453368906,192847.805032998,7.35166409201338,70750720,121942528,159383552,159383552,335544320,0,2289840128,0,2069605376,0,2293772288,0,0.1,45,,
effectiveness_v3_20260918T164505Z_c55b5565,B/splitcifar100/loose/S0/0/default,S0,splitcifar100,0,evaluation,3,192847.877144221,192848.856651478,0.9795072569977492,70750720,114268672,159383552,159383552,335544320,0,2293796864,0,2073562112,0,2293817344,0,0.1,6,,
effectiveness_v3_20260918T164505Z_c55b5565,B/splitcifar100/loose/S0/0/default,S0,splitcifar100,0,resource_transition,4,192848.89416521,192848.89476271,0.0005975000094622374,70750720,70750720,159383552,159383552,335544320,0,2293800960,0,2073566208,0,0,0,0.1,0,no_interval_samples,
effectiveness_v3_20260918T164505Z_c55b5565,B/splitcifar100/loose/S0/0/default,S0,splitcifar100,0,training,4,192848.925285433,192856.532952144,7.607666711002821,70750720,121942528,159383552,159383552,335544320,0,2289836032,0,2069601280,0,2293809152,0,0.1,45,,
effectiveness_v3_20260918T164505Z_c55b5565,B/splitcifar100/loose/S0/0/default,S0,splitcifar100,0,evaluation,4,192856.601700032,192857.629560395,1.0278603629849385,70750720,114268672,159383552,159383552,335544320,0,2293821440,0,2073586688,0,2293821440,0,0.1,6,,
effectiveness_v3_20260918T164505Z_c55b5565,B/splitcifar100/loose/S0/0/default,S0,splitcifar100,0,resource_transition,5,192857.66484519,192857.665383866,0.0005386759876273572,70750720,70750720,159383552,159383552,335544320,0,2293825536,0,2073590784,0,0,0,0.1,0,no_interval_samples,
effectiveness_v3_20260918T164505Z_c55b5565,B/splitcifar100/loose/S0/0/default,S0,splitcifar100,0,training,5,192857.694751144,192864.833743675,7.138992530992255,70750720,121942528,159383552,159383552,335544320,0,2289901568,0,2069666816,0,2293825536,0,0.1,45,,
effectiveness_v3_20260918T164505Z_c55b5565,B/splitcifar100/loose/S0/0/default,S0,splitcifar100,0,evaluation,5,192864.89984598,192866.246602642,1.346756662009284,70750720,114268672,159383552,159383552,335544320,0,2294534144,0,2074299392,0,2295533568,0,0.1,9,,
effectiveness_v3_20260918T164505Z_c55b5565,B/splitcifar100/loose/S0/0/default,S0,splitcifar100,0,resource_transition,6,192866.285690862,192866.286277704,0.0005868420121259987,70750720,70750720,159383552,159383552,335544320,0,2294538240,0,2074303488,0,0,0,0.1,0,no_interval_samples,
effectiveness_v3_20260918T164505Z_c55b5565,B/splitcifar100/loose/S0/0/default,S0,splitcifar100,0,training,6,192866.31719385,192873.419085011,7.101891161000822,70750720,121942528,159383552,159383552,335544320,0,2290139136,0,2069904384,0,2294951936,0,0.1,45,,
effectiveness_v3_20260918T164505Z_c55b5565,B/splitcifar100/loose/S0/0/default,S0,splitcifar100,0,evaluation,6,192873.486775001,192874.99324767,1.5064726690179668,70750720,114268672,159383552,159383552,335544320,0,2294099968,0,2073865216,0,2294124544,0,0.1,10,,
effectiveness_v3_20260918T164505Z_c55b5565,B/splitcifar100/loose/S0/0/default,S0,splitcifar100,0,resource_transition,7,192875.029096662,192875.029628699,0.0005320369964465499,70750720,70750720,159383552,159383552,335544320,0,2294099968,0,2073865216,0,0,0,0.1,0,no_interval_samples,
effectiveness_v3_20260918T164505Z_c55b5565,B/splitcifar100/loose/S0/0/default,S0,splitcifar100,0,training,7,192875.059471727,192882.147116534,7.0876448070048355,70750720,121942528,159383552,159383552,335544320,0,2290196480,0,2069961728,0,2294132736,0,0.1,45,,
effectiveness_v3_20260918T164505Z_c55b5565,B/splitcifar100/loose/S0/0/default,S0,splitcifar100,0,evaluation,7,192882.2147297,192884.010302153,1.7955724530038424,70750720,114268672,159383552,159383552,335544320,0,2294157312,0,2073922560,0,2294173696,0,0.1,12,,
effectiveness_v3_20260918T164505Z_c55b5565,B/splitcifar100/loose/S0/0/default,S0,splitcifar100,0,resource_transition,8,192884.048195849,192884.048838691,0.0006428420019801706,70750720,70750720,159383552,159383552,335544320,0,2294157312,0,2073922560,0,0,0,0.1,0,no_interval_samples,
effectiveness_v3_20260918T164505Z_c55b5565,B/splitcifar100/loose/S0/0/default,S0,splitcifar100,0,training,8,192884.086025701,192891.39837645,7.312350749009056,70750720,121942528,159383552,159383552,335544320,0,2290241536,0,2070006784,0,2294571008,0,0.1,46,,
effectiveness_v3_20260918T164505Z_c55b5565,B/splitcifar100/loose/S0/0/default,S0,splitcifar100,0,evaluation,8,192891.467556405,192893.97089948,2.5033430749899708,70750720,114268672,159383552,159383552,335544320,0,2289930240,0,2069695488,0,2294689792,0,0.1,15,,
effectiveness_v3_20260918T164505Z_c55b5565,B/splitcifar100/loose/S0/0/default,S0,splitcifar100,0,resource_transition,9,192894.030240211,192894.030966859,0.0007266479951795191,70750720,70750720,159383552,159383552,335544320,0,2289934336,0,2069699584,0,0,0,0.1,0,no_interval_samples,
effectiveness_v3_20260918T164505Z_c55b5565,B/splitcifar100/loose/S0/0/default,S0,splitcifar100,0,training,9,192894.070031321,192901.606361142,7.536329821014078,70750720,121942528,159383552,159383552,335544320,0,2290114560,0,2069879808,0,2290950144,0,0.1,46,,
effectiveness_v3_20260918T164505Z_c55b5565,B/splitcifar100/loose/S0/0/default,S0,splitcifar100,0,evaluation,9,192901.699378635,192904.655638176,2.9562595409806818,70750720,114268672,159383552,159383552,335544320,0,2289999872,0,2069765120,0,2294751232,0,0.1,18,,
effectiveness_v3_20260918T164641Z_656a2787,B/splitcifar100/loose/S_star/0/default,S_star,splitcifar100,0,setup,,192911.78901544,192913.048189184,1.2591737439797726,1408512,1408512,2097152,2097152,335544320,0,1535709184,0,1315519488,0,1528205312,0,0.1,7,,
effectiveness_v3_20260918T164641Z_656a2787,B/splitcifar100/loose/S_star/0/default,S_star,splitcifar100,0,resource_transition,0,192913.076654416,192913.077105888,0.00045147197670303285,1408512,1408512,2097152,2097152,335544320,0,1535754240,0,1315519488,0,0,0,0.1,0,no_interval_samples,
effectiveness_v3_20260918T164641Z_656a2787,B/splitcifar100/loose/S_star/0/default,S_star,splitcifar100,0,training,0,192913.100979657,192919.616975328,6.515995671012206,70750720,95481344,117440512,117440512,335544320,0,2239774720,0,2019539968,0,2239692800,0,0.1,41,,
effectiveness_v3_20260918T164641Z_656a2787,B/splitcifar100/loose/S_star/0/default,S_star,splitcifar100,0,evaluation,0,192919.683124191,192919.923097805,0.2399736139923334,70750720,114268672,159383552,159383552,335544320,0,2294575104,0,2074340352,0,2293665792,0,0.1,1,,
effectiveness_v3_20260918T164641Z_656a2787,B/splitcifar100/loose/S_star/0/default,S_star,splitcifar100,0,resource_transition,1,192919.956254295,192919.956759147,0.0005048520106356591,70750720,70750720,159383552,159383552,335544320,0,2294575104,0,2074340352,0,0,0,0.1,0,no_interval_samples,
effectiveness_v3_20260918T164641Z_656a2787,B/splitcifar100/loose/S_star/0/default,S_star,splitcifar100,0,training,1,192919.999389313,192927.701628885,7.702239572012331,70750720,121942528,159383552,159383552,335544320,0,2290569216,0,2070334464,0,2296160256,0,0.1,47,,
effectiveness_v3_20260918T164641Z_656a2787,B/splitcifar100/loose/S_star/0/default,S_star,splitcifar100,0,evaluation,1,192927.768508997,192928.251582405,0.483073408016935,70750720,114268672,159383552,159383552,335544320,0,2295218176,0,2074983424,0,2297286656,0,0.1,3,,
effectiveness_v3_20260918T164641Z_656a2787,B/splitcifar100/loose/S_star/0/default,S_star,splitcifar100,0,resource_transition,2,192928.286744934,192928.287404295,0.0006593609869014472,70750720,70750720,159383552,159383552,335544320,0,2295218176,0,2074983424,0,0,0,0.1,0,no_interval_samples,
effectiveness_v3_20260918T164641Z_656a2787,B/splitcifar100/loose/S_star/0/default,S_star,splitcifar100,0,training,2,192928.317469231,192935.963904098,7.646434866997879,70750720,121942528,159383552,159383552,335544320,0,2291097600,0,2070862848,0,2296143872,0,0.1,47,,
effectiveness_v3_20260918T164641Z_656a2787,B/splitcifar100/loose/S_star/0/default,S_star,splitcifar100,0,evaluation,2,192936.029936069,192936.718795886,0.6888598169898614,70750720,114268672,159383552,159383552,335544320,0,2295181312,0,2074946560,0,2295660544,0,0.1,4,,
effectiveness_v3_20260918T164641Z_656a2787,B/splitcifar100/loose/S_star/0/default,S_star,splitcifar100,0,resource_transition,3,192936.753799202,192936.754301424,0.0005022219847887754,70750720,70750720,159383552,159383552,335544320,0,2295181312,0,2074946560,0,0,0,0.1,0,no_interval_samples,
effectiveness_v3_20260918T164641Z_656a2787,B/splitcifar100/loose/S_star/0/default,S_star,splitcifar100,0,training,3,192936.782031138,192944.553076488,7.7710453500039876,70750720,121942528,159383552,159383552,335544320,0,2291552256,0,2071317504,0,2295439360,0,0.1,47,,
effectiveness_v3_20260918T164641Z_656a2787,B/splitcifar100/loose/S_star/0/default,S_star,splitcifar100,0,evaluation,3,192944.620712739,192945.482756183,0.8620434439799283,70750720,114268672,159383552,159383552,335544320,0,2295476224,0,2075241472,0,2295504896,0,0.1,5,,
effectiveness_v3_20260918T164641Z_656a2787,B/splitcifar100/loose/S_star/0/default,S_star,splitcifar100,0,resource_transition,4,192945.517864969,192945.518399358,0.0005343889934010804,70750720,70750720,159383552,159383552,335544320,0,2295476224,0,2075241472,0,0,0,0.1,0,no_interval_samples,
effectiveness_v3_20260918T164641Z_656a2787,B/splitcifar100/loose/S_star/0/default,S_star,splitcifar100,0,training,4,192945.5473867,192953.174206165,7.626819464989239,70750720,121942528,159383552,159383552,335544320,0,2291339264,0,2071104512,0,2295832576,0,0.1,48,,
effectiveness_v3_20260918T164641Z_656a2787,B/splitcifar100/loose/S_star/0/default,S_star,splitcifar100,0,evaluation,4,192953.24291237,192954.398645499,1.1557331289805006,70750720,114268672,159383552,159383552,335544320,0,2296459264,0,2076224512,0,2297004032,0,0.1,8,,
effectiveness_v3_20260918T164641Z_656a2787,B/splitcifar100/loose/S_star/0/default,S_star,splitcifar100,0,resource_transition,5,192954.435177952,192954.435772887,0.000594935001572594,70750720,70750720,159383552,159383552,335544320,0,2296459264,0,2076224512,0,0,0,0.1,0,no_interval_samples,
effectiveness_v3_20260918T164641Z_656a2787,B/splitcifar100/loose/S_star/0/default,S_star,splitcifar100,0,training,5,192954.466059822,192962.138280425,7.672220602980815,70750720,121942528,159383552,159383552,335544320,0,2291326976,0,2071092224,0,2296459264,0,0.1,47,,
effectiveness_v3_20260918T164641Z_656a2787,B/splitcifar100/loose/S_star/0/default,S_star,splitcifar100,0,evaluation,5,192962.209152649,192963.740180263,1.5310276139935013,70750720,114268672,159383552,159383552,335544320,0,2295476224,0,2075241472,0,2295955456,0,0.1,9,,
effectiveness_v3_20260918T164641Z_656a2787,B/splitcifar100/loose/S_star/0/default,S_star,splitcifar100,0,resource_transition,6,192963.780462866,192963.781084579,0.0006217129994183779,70750720,70750720,159383552,159383552,335544320,0,2295476224,0,2075241472,0,0,0,0.1,0,no_interval_samples,
effectiveness_v3_20260918T164641Z_656a2787,B/splitcifar100/loose/S_star/0/default,S_star,splitcifar100,0,training,6,192963.81218182,192971.412458628,7.60027680802159,70750720,121942528,159383552,159383552,335544320,0,2291380224,0,2071145472,0,2295488512,0,0.1,46,,
effectiveness_v3_20260918T164641Z_656a2787,B/splitcifar100/loose/S_star/0/default,S_star,splitcifar100,0,evaluation,6,192971.520861997,192973.50675197,1.985889973002486,70750720,114268672,159383552,159383552,335544320,0,2291290112,0,2071055360,0,2295541760,0,0.1,12,,
effectiveness_v3_20260918T164641Z_656a2787,B/splitcifar100/loose/S_star/0/default,S_star,splitcifar100,0,resource_transition,7,192973.550618647,192973.551338971,0.0007203240238595754,70750720,70750720,159383552,159383552,335544320,0,2291290112,0,2071055360,0,0,0,0.1,0,no_interval_samples,
effectiveness_v3_20260918T164641Z_656a2787,B/splitcifar100/loose/S_star/0/default,S_star,splitcifar100,0,training,7,192973.584507055,192980.855863932,7.271356876997743,70750720,121942528,159383552,159383552,335544320,0,2291642368,0,2071407616,0,2292314112,0,0.1,45,,
effectiveness_v3_20260918T164641Z_656a2787,B/splitcifar100/loose/S_star/0/default,S_star,splitcifar100,0,evaluation,7,192980.920033924,192982.846517617,1.9264836930087768,70750720,114268672,159383552,159383552,335544320,0,2295574528,0,2075339776,0,2295595008,0,0.1,12,,
effectiveness_v3_20260918T164641Z_656a2787,B/splitcifar100/loose/S_star/0/default,S_star,splitcifar100,0,resource_transition,8,192982.883445302,192982.884049042,0.0006037400162313133,70750720,70750720,159383552,159383552,335544320,0,2295574528,0,2075339776,0,0,0,0.1,0,no_interval_samples,
effectiveness_v3_20260918T164641Z_656a2787,B/splitcifar100/loose/S_star/0/default,S_star,splitcifar100,0,training,8,192982.915216458,192990.420975372,7.505758913990576,70750720,121942528,159383552,159383552,335544320,0,2291642368,0,2071407616,0,2295578624,0,0.1,46,,
effectiveness_v3_20260918T164641Z_656a2787,B/splitcifar100/loose/S_star/0/default,S_star,splitcifar100,0,evaluation,8,192990.497005556,192992.87631986,2.379314303980209,70750720,114268672,159383552,159383552,335544320,0,2291347456,0,2071112704,0,2295595008,0,0.1,14,,
effectiveness_v3_20260918T164641Z_656a2787,B/splitcifar100/loose/S_star/0/default,S_star,splitcifar100,0,resource_transition,9,192992.919063692,192992.919741887,0.0006781949778087437,70750720,70750720,159383552,159383552,335544320,0,2291347456,0,2071112704,0,0,0,0.1,0,no_interval_samples,
effectiveness_v3_20260918T164641Z_656a2787,B/splitcifar100/loose/S_star/0/default,S_star,splitcifar100,0,training,9,192992.952069627,193000.502204337,7.550134710007114,70750720,121942528,159383552,159383552,335544320,0,2291642368,0,2071407616,0,2292428800,0,0.1,46,,
effectiveness_v3_20260918T164641Z_656a2787,B/splitcifar100/loose/S_star/0/default,S_star,splitcifar100,0,evaluation,9,193000.609099247,193003.320587985,2.7114887380157597,70750720,114268672,159383552,159383552,335544320,0,2291347456,0,2071112704,0,2295595008,0,0.1,16,,
effectiveness_v3_20260918T164819Z_1eaa0e7b,B/splitcifar100/loose/O11/0/default,O11,splitcifar100,0,setup,,193010.44608823,193011.699711227,1.2536229969991837,1408512,1408512,2097152,2097152,335544320,0,1535619072,0,1315412992,0,1528086528,0,0.1,7,,
effectiveness_v3_20260918T164819Z_1eaa0e7b,B/splitcifar100/loose/O11/0/default,O11,splitcifar100,0,resource_transition,0,193011.726866125,193011.727319236,0.00045311098801903427,1408512,1408512,2097152,2097152,335544320,0,1535647744,0,1315412992,0,0,0,0.1,0,no_interval_samples,
effectiveness_v3_20260918T164819Z_1eaa0e7b,B/splitcifar100/loose/O11/0/default,O11,splitcifar100,0,training,0,193011.748247652,193018.249492704,6.5012450520007405,70750720,95481344,117440512,117440512,335544320,0,2239492096,0,2019257344,0,2239672320,0,0.1,41,,
effectiveness_v3_20260918T164819Z_1eaa0e7b,B/splitcifar100/loose/O11/0/default,O11,splitcifar100,0,evaluation,0,193018.316169934,193018.569283226,0.25311329201213084,70750720,114268672,159383552,159383552,335544320,0,2294321152,0,2074086400,0,2293411840,0,0.1,1,,
effectiveness_v3_20260918T164819Z_1eaa0e7b,B/splitcifar100/loose/O11/0/default,O11,splitcifar100,0,controller,0,193018.60281405,193018.602941503,0.00012745297863148153,70750720,70750720,159383552,159383552,335544320,0,2294321152,0,2074086400,0,0,0,0.1,0,no_interval_samples,
effectiveness_v3_20260918T164819Z_1eaa0e7b,B/splitcifar100/loose/O11/0/default,O11,splitcifar100,0,reconfiguration,0,193018.6268988,193018.627259263,0.00036046301829628646,70750720,70750720,159383552,159383552,335544320,0,2294321152,0,2074086400,0,0,0,0.1,0,no_interval_samples,
effectiveness_v3_20260918T164819Z_1eaa0e7b,B/splitcifar100/loose/O11/0/default,O11,splitcifar100,0,resource_transition,1,193018.654573347,193018.655097699,0.0005243519844952971,70750720,70750720,159383552,159383552,335544320,0,2294321152,0,2074086400,0,0,0,0.1,0,no_interval_samples,
effectiveness_v3_20260918T164819Z_1eaa0e7b,B/splitcifar100/loose/O11/0/default,O11,splitcifar100,0,training,1,193018.681011718,193032.905384921,14.224373203003779,72984064,121942528,161480704,161480704,335544320,0,2415493120,0,2195258368,0,2398838784,0,0.1,88,,
effectiveness_v3_20260918T164819Z_1eaa0e7b,B/splitcifar100/loose/O11/0/default,O11,splitcifar100,0,evaluation,1,193033.005864717,193033.502073181,0.4962084639992099,72984064,116502016,161480704,161480704,335544320,0,2420051968,0,2199817216,0,2421563392,0,0.1,3,,
effectiveness_v3_20260918T164819Z_1eaa0e7b,B/splitcifar100/loose/O11/0/default,O11,splitcifar100,0,controller,1,193033.540656256,193033.540804876,0.00014861999079585075,72984064,72984064,161480704,161480704,335544320,0,2420051968,0,2199817216,0,0,0,0.1,0,no_interval_samples,
effectiveness_v3_20260918T164819Z_1eaa0e7b,B/splitcifar100/loose/O11/0/default,O11,splitcifar100,0,reconfiguration,1,193033.569921664,193033.570548784,0.0006271199963521212,72984064,72984064,161480704,161480704,335544320,0,2420051968,0,2199817216,0,0,0,0.1,0,no_interval_samples,
effectiveness_v3_20260918T164819Z_1eaa0e7b,B/splitcifar100/loose/O11/0/default,O11,splitcifar100,0,resource_transition,2,193033.596464378,193033.597025091,0.0005607130005955696,72984064,72984064,161480704,161480704,335544320,0,2420051968,0,2199817216,0,0,0,0.1,0,no_interval_samples,
effectiveness_v3_20260918T164819Z_1eaa0e7b,B/splitcifar100/loose/O11/0/default,O11,splitcifar100,0,training,2,193033.625528267,193054.722586157,21.09705789000145,76319744,155412480,184549376,184549376,335544320,0,2453417984,0,2233143296,0,2461437952,0,0.1,134,,
effectiveness_v3_20260918T164819Z_1eaa0e7b,B/splitcifar100/loose/O11/0/default,O11,splitcifar100,0,evaluation,2,193054.795189193,193055.578455569,0.7832663759763818,76319744,120254464,184549376,184549376,335544320,0,2457546752,0,2237267968,0,2457591808,0,0.1,5,,
effectiveness_v3_20260918T164819Z_1eaa0e7b,B/splitcifar100/loose/O11/0/default,O11,splitcifar100,0,controller,2,193055.616622828,193055.616772235,0.0001494069874752313,76319744,76319744,184549376,184549376,335544320,0,2457546752,0,2237267968,0,0,0,0.1,0,no_interval_samples,
effectiveness_v3_20260918T164819Z_1eaa0e7b,B/splitcifar100/loose/O11/0/default,O11,splitcifar100,0,reconfiguration,2,193055.64636969,193055.647255449,0.0008857590146362782,76319744,76319744,184549376,184549376,335544320,0,2457546752,0,2237267968,0,0,0,0.1,0,no_interval_samples,
effectiveness_v3_20260918T164819Z_1eaa0e7b,B/splitcifar100/loose/O11/0/default,O11,splitcifar100,0,resource_transition,3,193055.673996283,193055.6745287,0.0005324170051608235,76319744,76319744,184549376,184549376,335544320,0,2457546752,0,2237267968,0,0,0,0.1,0,no_interval_samples,
effectiveness_v3_20260918T164819Z_1eaa0e7b,B/splitcifar100/loose/O11/0/default,O11,splitcifar100,0,training,3,193055.702374145,193083.53046621,27.82809206499951,79655424,160386560,186646528,186646528,335544320,0,2487259136,0,2266980352,0,2497339392,0,0.1,175,,
effectiveness_v3_20260918T164819Z_1eaa0e7b,B/splitcifar100/loose/O11/0/default,O11,splitcifar100,0,evaluation,3,193083.599870369,193084.739111499,1.1392411299748346,79655424,123805184,186646528,186646528,335544320,0,2487013376,0,2266734592,0,2492350464,0,0.1,7,,
effectiveness_v3_20260918T164819Z_1eaa0e7b,B/splitcifar100/loose/O11/0/default,O11,splitcifar100,0,controller,3,193084.782102267,193084.782244489,0.0001422220084350556,79655424,79655424,186646528,186646528,335544320,0,2487017472,0,2266738688,0,0,0,0.1,0,no_interval_samples,
effectiveness_v3_20260918T164819Z_1eaa0e7b,B/splitcifar100/loose/O11/0/default,O11,splitcifar100,0,reconfiguration,3,193084.81646171,193084.817865025,0.0014033149927854538,79655424,79655424,186646528,186646528,335544320,0,2487017472,0,2266738688,0,0,0,0.1,0,no_interval_samples,
effectiveness_v3_20260918T164819Z_1eaa0e7b,B/splitcifar100/loose/O11/0/default,O11,splitcifar100,0,resource_transition,4,193084.847449145,193084.848075469,0.0006263240065891296,79655424,79655424,186646528,186646528,335544320,0,2487017472,0,2266738688,0,0,0,0.1,0,no_interval_samples,
effectiveness_v3_20260918T164819Z_1eaa0e7b,B/splitcifar100/loose/O11/0/default,O11,splitcifar100,0,training,4,193084.877189737,193116.196423477,31.31923374001053,82991104,164283904,207618048,207618048,335544320,0,2490142720,0,2269863936,0,2504081408,0,0.1,203,,
effectiveness_v3_20260918T164819Z_1eaa0e7b,B/splitcifar100/loose/O11/0/default,O11,splitcifar100,0,evaluation,4,193116.268512396,193117.667693033,1.3991806370031554,82991104,126509056,207618048,207618048,335544320,0,2490032128,0,2269753344,0,2494267392,0,0.1,9,,
effectiveness_v3_20260918T164819Z_1eaa0e7b,B/splitcifar100/loose/O11/0/default,O11,splitcifar100,0,controller,4,193117.716170449,193117.716333542,0.00016309297643601894,82991104,82991104,207618048,207618048,335544320,0,2490032128,0,2269753344,0,0,0,0.1,0,no_interval_samples,
effectiveness_v3_20260918T164819Z_1eaa0e7b,B/splitcifar100/loose/O11/0/default,O11,splitcifar100,0,reconfiguration,4,193117.748399329,193117.749850033,0.0014507040032185614,82991104,82991104,207618048,207618048,335544320,0,2490032128,0,2269753344,0,0,0,0.1,0,no_interval_samples,
effectiveness_v3_20260918T164819Z_1eaa0e7b,B/splitcifar100/loose/O11/0/default,O11,splitcifar100,0,resource_transition,5,193117.778464052,193117.779022311,0.0005582589947152883,82991104,82991104,207618048,207618048,335544320,0,2490032128,0,2269753344,0,0,0,0.1,0,no_interval_samples,
effectiveness_v3_20260918T164819Z_1eaa0e7b,B/splitcifar100/loose/O11/0/default,O11,splitcifar100,0,training,5,193117.809745432,193154.783376063,36.973630630993284,86326784,168800768,207618048,207618048,335544320,0,2492362752,0,2272083968,0,2507907072,0,0.1,245,,
effectiveness_v3_20260918T164819Z_1eaa0e7b,B/splitcifar100/loose/O11/0/default,O11,splitcifar100,0,evaluation,5,193154.856524138,193156.489324611,1.632800472987583,86326784,129844736,207618048,207618048,335544320,0,2492243968,0,2271965184,0,2496966656,0,0.1,9,,
effectiveness_v3_20260918T164819Z_1eaa0e7b,B/splitcifar100/loose/O11/0/default,O11,splitcifar100,0,controller,5,193156.548689072,193156.548839887,0.0001508150016888976,86326784,86326784,207618048,207618048,335544320,0,2492248064,0,2271969280,0,0,0,0.1,0,no_interval_samples,
effectiveness_v3_20260918T164819Z_1eaa0e7b,B/splitcifar100/loose/O11/0/default,O11,splitcifar100,0,reconfiguration,5,193156.584200155,193156.586220961,0.002020806015934795,86326784,86326784,207618048,207618048,335544320,0,2492248064,0,2271969280,0,0,0,0.1,0,no_interval_samples,
effectiveness_v3_20260918T164819Z_1eaa0e7b,B/splitcifar100/loose/O11/0/default,O11,splitcifar100,0,resource_transition,6,193156.616323442,193156.616896386,0.0005729440017603338,86326784,86326784,207618048,207618048,335544320,0,2492248064,0,2271969280,0,0,0,0.1,0,no_interval_samples,
effectiveness_v3_20260918T164819Z_1eaa0e7b,B/splitcifar100/loose/O11/0/default,O11,splitcifar100,0,training,6,193156.646141061,193198.788465767,42.14232470598654,89662464,172847616,211812352,211812352,335544320,0,2494509056,0,2274230272,0,2513391616,0,0.1,290,,
effectiveness_v3_20260918T164819Z_1eaa0e7b,B/splitcifar100/loose/O11/0/default,O11,splitcifar100,0,evaluation,6,193198.854969278,193200.837630328,1.9826610499876551,89662464,133180416,211812352,211812352,335544320,0,2494349312,0,2274070528,0,2499112960,0,0.1,12,,
effectiveness_v3_20260918T164819Z_1eaa0e7b,B/splitcifar100/loose/O11/0/default,O11,splitcifar100,0,controller,6,193200.879793088,193200.879944079,0.00015099099255166948,89662464,89662464,211812352,211812352,335544320,0,2494357504,0,2274078720,0,0,0,0.1,0,no_interval_samples,
effectiveness_v3_20260918T164819Z_1eaa0e7b,B/splitcifar100/loose/O11/0/default,O11,splitcifar100,0,reconfiguration,6,193200.937759654,193200.940237913,0.002478258975315839,89662464,89662464,211812352,211812352,335544320,0,2494357504,0,2274078720,0,0,0,0.1,0,no_interval_samples,
effectiveness_v3_20260918T164819Z_1eaa0e7b,B/splitcifar100/loose/O11/0/default,O11,splitcifar100,0,resource_transition,7,193200.973174044,193200.973872303,0.0006982590130064636,89662464,89662464,211812352,211812352,335544320,0,2494357504,0,2274078720,0,0,0,0.1,0,no_interval_samples,
effectiveness_v3_20260918T164819Z_1eaa0e7b,B/splitcifar100/loose/O11/0/default,O11,splitcifar100,0,training,7,193201.004816989,193245.840118327,44.8353013379965,92998144,177563136,216006656,216006656,335544320,0,2497208320,0,2276929536,0,2518917120,0,0.1,317,,
effectiveness_v3_20260918T164819Z_1eaa0e7b,B/splitcifar100/loose/O11/0/default,O11,splitcifar100,0,evaluation,7,193245.911030958,193248.066770661,2.155739703011932,92998144,136516096,216006656,216006656,335544320,0,2497122304,0,2276843520,0,2501378048,0,0.1,14,,
effectiveness_v3_20260918T164819Z_1eaa0e7b,B/splitcifar100/loose/O11/0/default,O11,splitcifar100,0,controller,7,193248.110563652,193248.110712957,0.00014930497854948044,92998144,92998144,216006656,216006656,335544320,0,2497130496,0,2276851712,0,0,0,0.1,0,no_interval_samples,
effectiveness_v3_20260918T164819Z_1eaa0e7b,B/splitcifar100/loose/O11/0/default,O11,splitcifar100,0,reconfiguration,7,193248.141495486,193248.143517689,0.0020222029997967184,92998144,92998144,216006656,216006656,335544320,0,2497130496,0,2276851712,0,0,0,0.1,0,no_interval_samples,
effectiveness_v3_20260918T164819Z_1eaa0e7b,B/splitcifar100/loose/O11/0/default,O11,splitcifar100,0,resource_transition,8,193248.170967968,193248.171519764,0.0005517959943972528,92998144,92998144,216006656,216006656,335544320,0,2497130496,0,2276851712,0,0,0,0.1,0,no_interval_samples,
effectiveness_v3_20260918T164819Z_1eaa0e7b,B/splitcifar100/loose/O11/0/default,O11,splitcifar100,0,training,8,193248.200586357,193308.535510615,60.33492425800068,96333824,181434880,218103808,218103808,335544320,0,2499047424,0,2278768640,0,2526986240,0,0.1,396,,
effectiveness_v3_20260918T164819Z_1eaa0e7b,B/splitcifar100/loose/O11/0/default,O11,splitcifar100,0,evaluation,8,193308.60431429,193311.285492542,2.6811782520089764,96333824,139851776,218103808,218103808,335544320,0,2498953216,0,2278674432,0,2503688192,0,0.1,16,,
effectiveness_v3_20260918T164819Z_1eaa0e7b,B/splitcifar100/loose/O11/0/default,O11,splitcifar100,0,controller,8,193311.333443532,193311.333584986,0.00014145398745313287,96333824,96333824,218103808,218103808,335544320,0,2498953216,0,2278674432,0,0,0,0.1,0,no_interval_samples,
effectiveness_v3_20260918T164819Z_1eaa0e7b,B/splitcifar100/loose/O11/0/default,O11,splitcifar100,0,reconfiguration,8,193311.365783514,193311.368091023,0.002307509013917297,96333824,96333824,218103808,218103808,335544320,0,2498953216,0,2278674432,0,0,0,0.1,0,no_interval_samples,
effectiveness_v3_20260918T164819Z_1eaa0e7b,B/splitcifar100/loose/O11/0/default,O11,splitcifar100,0,resource_transition,9,193311.39841882,193311.399055875,0.0006370549963321537,96333824,96333824,218103808,218103808,335544320,0,2498953216,0,2278674432,0,0,0,0.1,0,no_interval_samples,
effectiveness_v3_20260918T164819Z_1eaa0e7b,B/splitcifar100/loose/O11/0/default,O11,splitcifar100,0,training,9,193311.447936015,193384.127608258,72.67967224298627,99669504,185785344,222298112,222298112,335544320,0,2500567040,0,2280288256,0,2502430720,0,0.1,468,,
effectiveness_v3_20260918T164819Z_1eaa0e7b,B/splitcifar100/loose/O11/0/default,O11,splitcifar100,0,evaluation,9,193384.200696442,193387.126904755,2.9262083129724488,99669504,143187456,222298112,222298112,335544320,0,2500468736,0,2280189952,0,2504732672,0,0.1,18,,
effectiveness_v3_20260918T164819Z_1eaa0e7b,B/splitcifar100/loose/O11/0/default,O11,splitcifar100,0,controller,9,193387.174292948,193387.174414865,0.00012191699352115393,99669504,99669504,222298112,222298112,335544320,0,2500468736,0,2280189952,0,0,0,0.1,0,no_interval_samples,
effectiveness_v3_20260918T165443Z_1c14c05b,B/splitcifar100/loose/R11/0/default,R11,splitcifar100,0,setup,,193394.407363736,193395.658099848,1.2507361119787674,1408512,1408512,2097152,2097152,335544320,0,1535627264,0,1315425280,0,1528127488,0,0.1,7,,
effectiveness_v3_20260918T165443Z_1c14c05b,B/splitcifar100/loose/R11/0/default,R11,splitcifar100,0,resource_transition,0,193395.684266959,193395.684749237,0.00048227800289168954,1408512,1408512,2097152,2097152,335544320,0,1535655936,0,1315425280,0,0,0,0.1,0,no_interval_samples,
effectiveness_v3_20260918T165443Z_1c14c05b,B/splitcifar100/loose/R11/0/default,R11,splitcifar100,0,training,0,193395.706742728,193402.2952062,6.588463471998693,70750720,95481344,117440512,117440512,335544320,0,2239528960,0,2019298304,0,2239717376,0,0.1,42,,
effectiveness_v3_20260918T165443Z_1c14c05b,B/splitcifar100/loose/R11/0/default,R11,splitcifar100,0,evaluation,0,193402.365447977,193402.59811814,0.23267016300815158,70750720,114268672,159383552,159383552,335544320,0,2294366208,0,2074135552,0,2290917376,0,0.1,1,,
effectiveness_v3_20260918T165443Z_1c14c05b,B/splitcifar100/loose/R11/0/default,R11,splitcifar100,0,controller,0,193402.646379,193402.64652401,0.00014500998076982796,70750720,70750720,159383552,159383552,335544320,0,2294366208,0,2074135552,0,0,0,0.1,0,no_interval_samples,
effectiveness_v3_20260918T165443Z_1c14c05b,B/splitcifar100/loose/R11/0/default,R11,splitcifar100,0,reconfiguration,0,193402.675073194,193402.675445657,0.0003724629932548851,70750720,70750720,159383552,159383552,335544320,0,2294366208,0,2074135552,0,0,0,0.1,0,no_interval_samples,
effectiveness_v3_20260918T165443Z_1c14c05b,B/splitcifar100/loose/R11/0/default,R11,splitcifar100,0,resource_transition,1,193402.701890425,193402.702475499,0.0005850740126334131,70750720,70750720,159383552,159383552,335544320,0,2294366208,0,2074135552,0,0,0,0.1,0,no_interval_samples,
effectiveness_v3_20260918T165443Z_1c14c05b,B/splitcifar100/loose/R11/0/default,R11,splitcifar100,0,training,1,193402.729287953,193410.348936022,7.619648068997776,70750720,121942528,159383552,159383552,335544320,0,2289623040,0,2069392384,0,2294366208,0,0.1,47,,
effectiveness_v3_20260918T165443Z_1c14c05b,B/splitcifar100/loose/R11/0/default,R11,splitcifar100,0,evaluation,1,193410.427717996,193410.871031431,0.44331343498197384,70750720,114268672,159383552,159383552,335544320,0,2296315904,0,2076085248,0,2296315904,0,0.1,3,,
effectiveness_v3_20260918T165443Z_1c14c05b,B/splitcifar100/loose/R11/0/default,R11,splitcifar100,0,controller,1,193410.904898608,193410.905041265,0.0001426570233888924,70750720,70750720,159383552,159383552,335544320,0,2296315904,0,2076085248,0,0,0,0.1,0,no_interval_samples,
effectiveness_v3_20260918T165443Z_1c14c05b,B/splitcifar100/loose/R11/0/default,R11,splitcifar100,0,reconfiguration,1,193410.932458108,193410.93291234,0.00045423200936056674,70750720,70750720,159383552,159383552,335544320,0,2296315904,0,2076085248,0,0,0,0.1,0,no_interval_samples,
effectiveness_v3_20260918T165443Z_1c14c05b,B/splitcifar100/loose/R11/0/default,R11,splitcifar100,0,resource_transition,2,193410.958546924,193410.959125377,0.000578453007619828,70750720,70750720,159383552,159383552,335544320,0,2296315904,0,2076085248,0,0,0,0.1,0,no_interval_samples,
effectiveness_v3_20260918T165443Z_1c14c05b,B/splitcifar100/loose/R11/0/default,R11,splitcifar100,0,training,2,193410.984808322,193418.609440082,7.624631759972544,70750720,121942528,159383552,159383552,335544320,0,2290233344,0,2070002688,0,2296315904,0,0.1,47,,
effectiveness_v3_20260918T165443Z_1c14c05b,B/splitcifar100/loose/R11/0/default,R11,splitcifar100,0,evaluation,2,193418.681091877,193419.40865407,0.7275621930020861,70750720,114268672,159383552,159383552,335544320,0,2294915072,0,2074684416,0,2295447552,0,0.1,5,,
effectiveness_v3_20260918T165443Z_1c14c05b,B/splitcifar100/loose/R11/0/default,R11,splitcifar100,0,controller,2,193419.445465543,193419.44560659,0.0001410469994880259,70750720,70750720,159383552,159383552,335544320,0,2294915072,0,2074684416,0,0,0,0.1,0,no_interval_samples,
effectiveness_v3_20260918T165443Z_1c14c05b,B/splitcifar100/loose/R11/0/default,R11,splitcifar100,0,reconfiguration,2,193419.474825998,193419.475394489,0.0005684909992851317,70750720,70750720,159383552,159383552,335544320,0,2294915072,0,2074684416,0,0,0,0.1,0,no_interval_samples,
effectiveness_v3_20260918T165443Z_1c14c05b,B/splitcifar100/loose/R11/0/default,R11,splitcifar100,0,resource_transition,3,193419.501191711,193419.501745091,0.000553379999473691,70750720,70750720,159383552,159383552,335544320,0,2294915072,0,2074684416,0,0,0,0.1,0,no_interval_samples,
effectiveness_v3_20260918T165443Z_1c14c05b,B/splitcifar100/loose/R11/0/default,R11,splitcifar100,0,training,3,193419.52840062,193426.978271927,7.449871306977002,70750720,121942528,159383552,159383552,335544320,0,2291142656,0,2070912000,0,2292449280,0,0.1,45,,
effectiveness_v3_20260918T165443Z_1c14c05b,B/splitcifar100/loose/R11/0/default,R11,splitcifar100,0,evaluation,3,193427.045343073,193427.954810155,0.9094670820049942,70750720,114268672,159383552,159383552,335544320,0,2295279616,0,2075048960,0,2295308288,0,0.1,6,,
effectiveness_v3_20260918T165443Z_1c14c05b,B/splitcifar100/loose/R11/0/default,R11,splitcifar100,0,controller,3,193427.989804794,193427.989934915,0.00013012101408094168,70750720,70750720,159383552,159383552,335544320,0,2295283712,0,2075053056,0,0,0,0.1,0,no_interval_samples,
effectiveness_v3_20260918T165443Z_1c14c05b,B/splitcifar100/loose/R11/0/default,R11,splitcifar100,0,reconfiguration,3,193428.017684323,193428.018413915,0.0007295920222532004,70750720,70750720,159383552,159383552,335544320,0,2295283712,0,2075053056,0,0,0,0.1,0,no_interval_samples,
effectiveness_v3_20260918T165443Z_1c14c05b,B/splitcifar100/loose/R11/0/default,R11,splitcifar100,0,resource_transition,4,193428.045068148,193428.045619018,0.0005508699978236109,70750720,70750720,159383552,159383552,335544320,0,2295283712,0,2075053056,0,0,0,0.1,0,no_interval_samples,
effectiveness_v3_20260918T165443Z_1c14c05b,B/splitcifar100/loose/R11/0/default,R11,splitcifar100,0,training,4,193428.072177361,193435.847942266,7.775764905003598,70750720,121942528,159383552,159383552,335544320,0,2291834880,0,2071604224,0,2295283712,0,0.1,47,,
effectiveness_v3_20260918T165443Z_1c14c05b,B/splitcifar100/loose/R11/0/default,R11,splitcifar100,0,evaluation,4,193435.913408432,193437.183573809,1.2701653769763652,70750720,114268672,159383552,159383552,335544320,0,2296442880,0,2076212224,0,2297434112,0,0.1,8,,
effectiveness_v3_20260918T165443Z_1c14c05b,B/splitcifar100/loose/R11/0/default,R11,splitcifar100,0,controller,4,193437.228229678,193437.228375586,0.00014590800856240094,70750720,70750720,159383552,159383552,335544320,0,2296442880,0,2076212224,0,0,0,0.1,0,no_interval_samples,
effectiveness_v3_20260918T165443Z_1c14c05b,B/splitcifar100/loose/R11/0/default,R11,splitcifar100,0,reconfiguration,4,193437.257629911,193437.258450762,0.0008208509825635701,70750720,70750720,159383552,159383552,335544320,0,2296442880,0,2076212224,0,0,0,0.1,0,no_interval_samples,
effectiveness_v3_20260918T165443Z_1c14c05b,B/splitcifar100/loose/R11/0/default,R11,splitcifar100,0,resource_transition,5,193437.284468735,193437.285031263,0.0005625280027743429,70750720,70750720,159383552,159383552,335544320,0,2296442880,0,2076212224,0,0,0,0.1,0,no_interval_samples,
effectiveness_v3_20260918T165443Z_1c14c05b,B/splitcifar100/loose/R11/0/default,R11,splitcifar100,0,training,5,193437.311097523,193445.031908607,7.720811084000161,70750720,121942528,159383552,159383552,335544320,0,2292514816,0,2072284160,0,2296442880,0,0.1,48,,
effectiveness_v3_20260918T165443Z_1c14c05b,B/splitcifar100/loose/R11/0/default,R11,splitcifar100,0,evaluation,5,193445.100252189,193446.675111209,1.5748590200091712,70750720,114268672,159383552,159383552,335544320,0,2292228096,0,2071997440,0,2296467456,0,0.1,10,,
effectiveness_v3_20260918T165443Z_1c14c05b,B/splitcifar100/loose/R11/0/default,R11,splitcifar100,0,controller,5,193446.712534561,193446.712682311,0.0001477499899920076,70750720,70750720,159383552,159383552,335544320,0,2292236288,0,2072005632,0,0,0,0.1,0,no_interval_samples,
effectiveness_v3_20260918T165443Z_1c14c05b,B/splitcifar100/loose/R11/0/default,R11,splitcifar100,0,reconfiguration,5,193446.741233616,193446.742151773,0.0009181570203509182,70750720,70750720,159383552,159383552,335544320,0,2292236288,0,2072005632,0,0,0,0.1,0,no_interval_samples,
effectiveness_v3_20260918T165443Z_1c14c05b,B/splitcifar100/loose/R11/0/default,R11,splitcifar100,0,resource_transition,6,193446.767529236,193446.768084226,0.000554989994270727,70750720,70750720,159383552,159383552,335544320,0,2292236288,0,2072005632,0,0,0,0.1,0,no_interval_samples,
effectiveness_v3_20260918T165443Z_1c14c05b,B/splitcifar100/loose/R11/0/default,R11,splitcifar100,0,training,6,193446.793655818,193453.816657286,7.023001467983704,70750720,121942528,159383552,159383552,335544320,0,2292322304,0,2072091648,0,2293264384,0,0.1,43,,
effectiveness_v3_20260918T165443Z_1c14c05b,B/splitcifar100/loose/R11/0/default,R11,splitcifar100,0,evaluation,6,193453.89216986,193455.74521308,1.8530432200059295,70750720,114268672,159383552,159383552,335544320,0,2292236288,0,2072005632,0,2296954880,0,0.1,11,,
effectiveness_v3_20260918T165443Z_1c14c05b,B/splitcifar100/loose/R11/0/default,R11,splitcifar100,0,controller,6,193455.786310255,193455.78645981,0.00014955500955693424,70750720,70750720,159383552,159383552,335544320,0,2292244480,0,2072013824,0,0,0,0.1,0,no_interval_samples,
effectiveness_v3_20260918T165443Z_1c14c05b,B/splitcifar100/loose/R11/0/default,R11,splitcifar100,0,reconfiguration,6,193455.816711088,193455.817736319,0.001025231002131477,70750720,70750720,159383552,159383552,335544320,0,2292244480,0,2072013824,0,0,0,0.1,0,no_interval_samples,
effectiveness_v3_20260918T165443Z_1c14c05b,B/splitcifar100/loose/R11/0/default,R11,splitcifar100,0,resource_transition,7,193455.843769541,193455.844348189,0.0005786480032838881,70750720,70750720,159383552,159383552,335544320,0,2292244480,0,2072013824,0,0,0,0.1,0,no_interval_samples,
effectiveness_v3_20260918T165443Z_1c14c05b,B/splitcifar100/loose/R11/0/default,R11,splitcifar100,0,training,7,193455.870588578,193462.298227434,6.42763885599561,70750720,126998016,159383552,159383552,335544320,0,2293358592,0,2073127936,0,2294464512,0,0.1,39,,
effectiveness_v3_20260918T165443Z_1c14c05b,B/splitcifar100/loose/R11/0/default,R11,splitcifar100,0,evaluation,7,193462.391856693,193464.378746985,1.9868902919988614,70750720,114268672,159383552,159383552,335544320,0,2297503744,0,2077273088,0,2297520128,0,0.1,12,,
effectiveness_v3_20260918T165443Z_1c14c05b,B/splitcifar100/loose/R11/0/default,R11,splitcifar100,0,controller,7,193464.420219996,193464.420375561,0.0001555649796500802,70750720,70750720,159383552,159383552,335544320,0,2297507840,0,2077277184,0,0,0,0.1,0,no_interval_samples,
effectiveness_v3_20260918T165443Z_1c14c05b,B/splitcifar100/loose/R11/0/default,R11,splitcifar100,0,reconfiguration,7,193464.451012672,193464.452177774,0.0011651019740384072,70750720,70750720,159383552,159383552,335544320,0,2297507840,0,2077277184,0,0,0,0.1,0,no_interval_samples,
effectiveness_v3_20260918T165443Z_1c14c05b,B/splitcifar100/loose/R11/0/default,R11,splitcifar100,0,resource_transition,8,193464.479138673,193464.479758071,0.0006193979934323579,70750720,70750720,159383552,159383552,335544320,0,2297507840,0,2077277184,0,0,0,0.1,0,no_interval_samples,
effectiveness_v3_20260918T165443Z_1c14c05b,B/splitcifar100/loose/R11/0/default,R11,splitcifar100,0,training,8,193464.537149147,193470.974459257,6.437310109991813,70750720,126998016,159383552,159383552,335544320,0,2293403648,0,2073172992,0,2297929728,0,0.1,39,,
effectiveness_v3_20260918T165443Z_1c14c05b,B/splitcifar100/loose/R11/0/default,R11,splitcifar100,0,evaluation,8,193471.037135549,193473.225076191,2.1879406420048326,70750720,114268672,159383552,159383552,335544320,0,2297540608,0,2077309952,0,2298028032,0,0.1,13,,
effectiveness_v3_20260918T165443Z_1c14c05b,B/splitcifar100/loose/R11/0/default,R11,splitcifar100,0,controller,8,193473.264422144,193473.264545505,0.00012336098006926477,70750720,70750720,159383552,159383552,335544320,0,2297540608,0,2077309952,0,0,0,0.1,0,no_interval_samples,
effectiveness_v3_20260918T165443Z_1c14c05b,B/splitcifar100/loose/R11/0/default,R11,splitcifar100,0,reconfiguration,8,193473.293738384,193473.294905773,0.0011673889821395278,70750720,70750720,159383552,159383552,335544320,0,2297540608,0,2077309952,0,0,0,0.1,0,no_interval_samples,
effectiveness_v3_20260918T165443Z_1c14c05b,B/splitcifar100/loose/R11/0/default,R11,splitcifar100,0,resource_transition,9,193473.320729634,193473.321241819,0.0005121850117575377,70750720,70750720,159383552,159383552,335544320,0,2297540608,0,2077309952,0,0,0,0.1,0,no_interval_samples,
effectiveness_v3_20260918T165443Z_1c14c05b,B/splitcifar100/loose/R11/0/default,R11,splitcifar100,0,training,9,193473.348383152,193480.308466981,6.960083828977076,70750720,126998016,159383552,159383552,335544320,0,2293981184,0,2073750528,0,2298097664,0,0.1,43,,
effectiveness_v3_20260918T165443Z_1c14c05b,B/splitcifar100/loose/R11/0/default,R11,splitcifar100,0,evaluation,9,193480.372084954,193483.236423046,2.8643380920111667,70750720,114268672,159383552,159383552,335544320,0,2293895168,0,2073664512,0,2299662336,0,0.1,17,,
effectiveness_v3_20260918T165443Z_1c14c05b,B/splitcifar100/loose/R11/0/default,R11,splitcifar100,0,controller,9,193483.283774054,193483.283937943,0.00016388899530284107,70750720,70750720,159383552,159383552,335544320,0,2293895168,0,2073664512,0,0,0,0.1,0,no_interval_samples,
effectiveness_v3_20260918T165619Z_636a0335,B/splitcifar100/loose/F11/0/default,F11,splitcifar100,0,setup,,193490.450316709,193491.699267305,1.2489505959965754,1408512,1408512,2097152,2097152,335544320,0,1535504384,0,1315306496,0,1531731968,0,0.1,8,,
effectiveness_v3_20260918T165619Z_636a0335,B/splitcifar100/loose/F11/0/default,F11,splitcifar100,0,resource_transition,0,193491.722913685,193491.723338481,0.00042479601688683033,1408512,1408512,2097152,2097152,335544320,0,1535533056,0,1315318784,0,0,0,0.1,0,no_interval_samples,
effectiveness_v3_20260918T165619Z_636a0335,B/splitcifar100/loose/F11/0/default,F11,splitcifar100,0,training,0,193491.743544536,193504.867852053,13.124307516991394,72984064,96682496,119537664,119537664,335544320,0,2354278400,0,2134051840,0,2339483648,0,0.1,84,,
effectiveness_v3_20260918T165619Z_636a0335,B/splitcifar100/loose/F11/0/default,F11,splitcifar100,0,evaluation,0,193504.932824589,193505.17401418,0.2411895910045132,72984064,116502016,161480704,161480704,335544320,0,2404917248,0,2184690688,0,2403999744,0,0.1,2,,
effectiveness_v3_20260918T165619Z_636a0335,B/splitcifar100/loose/F11/0/default,F11,splitcifar100,0,controller,0,193505.206752227,193505.206894366,0.000142139004310593,72984064,72984064,161480704,161480704,335544320,0,2404917248,0,2184690688,0,0,0,0.1,0,no_interval_samples,
effectiveness_v3_20260918T165619Z_636a0335,B/splitcifar100/loose/F11/0/default,F11,splitcifar100,0,reconfiguration,0,193505.234668006,193505.23517495,0.0005069439939688891,72984064,72984064,161480704,161480704,335544320,0,2404917248,0,2184690688,0,0,0,0.1,0,no_interval_samples,
effectiveness_v3_20260918T165619Z_636a0335,B/splitcifar100/loose/F11/0/default,F11,splitcifar100,0,resource_transition,1,193505.265386201,193505.265916377,0.0005301759811118245,72984064,72984064,161480704,161480704,335544320,0,2404917248,0,2184690688,0,0,0,0.1,0,no_interval_samples,
effectiveness_v3_20260918T165619Z_636a0335,B/splitcifar100/loose/F11/0/default,F11,splitcifar100,0,training,1,193505.292901275,193525.920534004,20.627632728981553,76319744,155412480,184549376,184549376,335544320,0,2453311488,0,2233040896,0,2460086272,0,0.1,134,,
effectiveness_v3_20260918T165619Z_636a0335,B/splitcifar100/loose/F11/0/default,F11,splitcifar100,0,evaluation,1,193525.991125901,193526.49650744,0.5053815389983356,76319744,120254464,184549376,184549376,335544320,0,2459181056,0,2238910464,0,2461523968,0,0.1,3,,
effectiveness_v3_20260918T165619Z_636a0335,B/splitcifar100/loose/F11/0/default,F11,splitcifar100,0,controller,1,193526.539733746,193526.539883061,0.00014931499026715755,76319744,76319744,184549376,184549376,335544320,0,2459181056,0,2238910464,0,0,0,0.1,0,no_interval_samples,
effectiveness_v3_20260918T165619Z_636a0335,B/splitcifar100/loose/F11/0/default,F11,splitcifar100,0,reconfiguration,1,193526.569489488,193526.570417525,0.0009280370140913874,76319744,76319744,184549376,184549376,335544320,0,2459181056,0,2238910464,0,0,0,0.1,0,no_interval_samples,
effectiveness_v3_20260918T165619Z_636a0335,B/splitcifar100/loose/F11/0/default,F11,splitcifar100,0,resource_transition,2,193526.59826584,193526.598807136,0.0005412960017565638,76319744,76319744,184549376,184549376,335544320,0,2459181056,0,2238910464,0,0,0,0.1,0,no_interval_samples,
effectiveness_v3_20260918T165619Z_636a0335,B/splitcifar100/loose/F11/0/default,F11,splitcifar100,0,training,2,193526.627560961,193555.035513712,28.407952751003904,79655424,160386560,186646528,186646528,335544320,0,2486628352,0,2266357760,0,2498666496,0,0.1,183,,
effectiveness_v3_20260918T165619Z_636a0335,B/splitcifar100/loose/F11/0/default,F11,splitcifar100,0,evaluation,2,193555.103123554,193555.871265597,0.768142043001717,79655424,123805184,186646528,186646528,335544320,0,2492440576,0,2272169984,0,2493132800,0,0.1,4,,
effectiveness_v3_20260918T165619Z_636a0335,B/splitcifar100/loose/F11/0/default,F11,splitcifar100,0,controller,2,193555.908217617,193555.908370061,0.0001524440012872219,79655424,79655424,186646528,186646528,335544320,0,2492440576,0,2272169984,0,0,0,0.1,0,no_interval_samples,
effectiveness_v3_20260918T165619Z_636a0335,B/splitcifar100/loose/F11/0/default,F11,splitcifar100,0,reconfiguration,2,193555.956945414,193555.958176757,0.0012313430197536945,79655424,79655424,186646528,186646528,335544320,0,2492440576,0,2272169984,0,0,0,0.1,0,no_interval_samples,
effectiveness_v3_20260918T165619Z_636a0335,B/splitcifar100/loose/F11/0/default,F11,splitcifar100,0,resource_transition,3,193555.986376516,193555.986974303,0.0005977870023343712,79655424,79655424,186646528,186646528,335544320,0,2492440576,0,2272169984,0,0,0,0.1,0,no_interval_samples,
effectiveness_v3_20260918T165619Z_636a0335,B/splitcifar100/loose/F11/0/default,F11,splitcifar100,0,training,3,193556.014284702,193588.971330589,32.95704588701483,82991104,164258304,211812352,211812352,335544320,0,2489192448,0,2268921856,0,2501967872,0,0.1,214,,
effectiveness_v3_20260918T165619Z_636a0335,B/splitcifar100/loose/F11/0/default,F11,splitcifar100,0,evaluation,3,193589.039294578,193590.027485093,0.9881905150250532,82991104,126509056,211812352,211812352,335544320,0,2493222912,0,2272952320,0,2493222912,0,0.1,6,,
effectiveness_v3_20260918T165619Z_636a0335,B/splitcifar100/loose/F11/0/default,F11,splitcifar100,0,controller,3,193590.068736351,193590.068889685,0.00015333399642258883,82991104,82991104,211812352,211812352,335544320,0,2493227008,0,2272956416,0,0,0,0.1,0,no_interval_samples,
effectiveness_v3_20260918T165619Z_636a0335,B/splitcifar100/loose/F11/0/default,F11,splitcifar100,0,reconfiguration,3,193590.098906842,193590.100237619,0.0013307769841048867,82991104,82991104,211812352,211812352,335544320,0,2493227008,0,2272956416,0,0,0,0.1,0,no_interval_samples,
effectiveness_v3_20260918T165619Z_636a0335,B/splitcifar100/loose/F11/0/default,F11,splitcifar100,0,resource_transition,4,193590.127201138,193590.127735694,0.0005345559911802411,82991104,82991104,211812352,211812352,335544320,0,2493227008,0,2272956416,0,0,0,0.1,0,no_interval_samples,
effectiveness_v3_20260918T165619Z_636a0335,B/splitcifar100/loose/F11/0/default,F11,splitcifar100,0,training,4,193590.156024824,193629.380995866,39.224971041985555,86326784,168800768,211812352,211812352,335544320,0,2491637760,0,2271367168,0,2506960896,0,0.1,261,,
effectiveness_v3_20260918T165619Z_636a0335,B/splitcifar100/loose/F11/0/default,F11,splitcifar100,0,evaluation,4,193629.455989256,193630.972880403,1.5168911469809245,86326784,129844736,211812352,211812352,335544320,0,2491518976,0,2271248384,0,2496225280,0,0.1,9,,
effectiveness_v3_20260918T165619Z_636a0335,B/splitcifar100/loose/F11/0/default,F11,splitcifar100,0,controller,4,193631.017689495,193631.017846671,0.00015717599308118224,86326784,86326784,211812352,211812352,335544320,0,2491523072,0,2271252480,0,0,0,0.1,0,no_interval_samples,
effectiveness_v3_20260918T165619Z_636a0335,B/splitcifar100/loose/F11/0/default,F11,splitcifar100,0,reconfiguration,4,193631.050663902,193631.052443476,0.0017795739986468107,86326784,86326784,211812352,211812352,335544320,0,2491523072,0,2271252480,0,0,0,0.1,0,no_interval_samples,
effectiveness_v3_20260918T165619Z_636a0335,B/splitcifar100/loose/F11/0/default,F11,splitcifar100,0,resource_transition,5,193631.084428836,193631.085070364,0.0006415279931388795,86326784,86326784,211812352,211812352,335544320,0,2491523072,0,2271252480,0,0,0,0.1,0,no_interval_samples,
effectiveness_v3_20260918T165619Z_636a0335,B/splitcifar100/loose/F11/0/default,F11,splitcifar100,0,training,5,193631.115533605,193672.807135407,41.69160180198378,89662464,172847616,211812352,211812352,335544320,0,2495369216,0,2275098624,0,2513059840,0,0.1,287,,
effectiveness_v3_20260918T165619Z_636a0335,B/splitcifar100/loose/F11/0/default,F11,splitcifar100,0,evaluation,5,193672.877023176,193674.497210154,1.6201869779906701,89662464,133180416,211812352,211812352,335544320,0,2494078976,0,2273808384,0,2498793472,0,0.1,9,,
effectiveness_v3_20260918T165619Z_636a0335,B/splitcifar100/loose/F11/0/default,F11,splitcifar100,0,controller,5,193674.538477952,193674.538627952,0.00014999997802078724,89662464,89662464,211812352,211812352,335544320,0,2494083072,0,2273812480,0,0,0,0.1,0,no_interval_samples,
effectiveness_v3_20260918T165619Z_636a0335,B/splitcifar100/loose/F11/0/default,F11,splitcifar100,0,reconfiguration,5,193674.585802758,193674.588134008,0.0023312499979510903,89662464,89662464,211812352,211812352,335544320,0,2494083072,0,2273812480,0,0,0,0.1,0,no_interval_samples,
effectiveness_v3_20260918T165619Z_636a0335,B/splitcifar100/loose/F11/0/default,F11,splitcifar100,0,resource_transition,6,193674.618301971,193674.618987194,0.0006852229998912662,89662464,89662464,211812352,211812352,335544320,0,2494083072,0,2273812480,0,0,0,0.1,0,no_interval_samples,
effectiveness_v3_20260918T165619Z_636a0335,B/splitcifar100/loose/F11/0/default,F11,splitcifar100,0,training,6,193674.649997174,193721.613052035,46.96305486100027,92998144,177537536,211812352,211812352,335544320,0,2496344064,0,2276073472,0,2518564864,0,0.1,334,,
effectiveness_v3_20260918T165619Z_636a0335,B/splitcifar100/loose/F11/0/default,F11,splitcifar100,0,evaluation,6,193721.681849645,193723.323802266,1.641952620993834,92998144,136973312,211812352,211812352,335544320,0,2501038080,0,2280767488,0,2502303744,0,0.1,10,,
effectiveness_v3_20260918T165619Z_636a0335,B/splitcifar100/loose/F11/0/default,F11,splitcifar100,0,controller,6,193723.373358089,193723.37350783,0.00014974098303355277,92998144,92998144,211812352,211812352,335544320,0,2501042176,0,2280771584,0,0,0,0.1,0,no_interval_samples,
effectiveness_v3_20260918T165619Z_636a0335,B/splitcifar100/loose/F11/0/default,F11,splitcifar100,0,reconfiguration,6,193723.403202209,193723.405602413,0.0024002039863262326,92998144,92998144,211812352,211812352,335544320,0,2501042176,0,2280771584,0,0,0,0.1,0,no_interval_samples,
effectiveness_v3_20260918T165619Z_636a0335,B/splitcifar100/loose/F11/0/default,F11,splitcifar100,0,resource_transition,7,193723.432474607,193723.433044764,0.000570157018955797,92998144,92998144,211812352,211812352,335544320,0,2501042176,0,2280771584,0,0,0,0.1,0,no_interval_samples,
effectiveness_v3_20260918T165619Z_636a0335,B/splitcifar100/loose/F11/0/default,F11,splitcifar100,0,training,7,193723.460628838,193777.524110833,54.06348199502099,96333824,181434880,218103808,218103808,335544320,0,2497597440,0,2277326848,0,2526670848,0,0.1,372,,
effectiveness_v3_20260918T165619Z_636a0335,B/splitcifar100/loose/F11/0/default,F11,splitcifar100,0,evaluation,7,193777.601314276,193780.127941689,2.526627412997186,96333824,139851776,218103808,218103808,335544320,0,2497757184,0,2277486592,0,2502451200,0,0.1,16,,
effectiveness_v3_20260918T165619Z_636a0335,B/splitcifar100/loose/F11/0/default,F11,splitcifar100,0,controller,7,193780.177430995,193780.177597912,0.0001669169869273901,96333824,96333824,218103808,218103808,335544320,0,2497761280,0,2277490688,0,0,0,0.1,0,no_interval_samples,
effectiveness_v3_20260918T165619Z_636a0335,B/splitcifar100/loose/F11/0/default,F11,splitcifar100,0,reconfiguration,7,193780.210265913,193780.212610607,0.0023446940176654607,96333824,96333824,218103808,218103808,335544320,0,2497761280,0,2277490688,0,0,0,0.1,0,no_interval_samples,
effectiveness_v3_20260918T165619Z_636a0335,B/splitcifar100/loose/F11/0/default,F11,splitcifar100,0,resource_transition,8,193780.240448062,193780.241047571,0.0005995090177748352,96333824,96333824,218103808,218103808,335544320,0,2497761280,0,2277490688,0,0,0,0.1,0,no_interval_samples,
effectiveness_v3_20260918T165619Z_636a0335,B/splitcifar100/loose/F11/0/default,F11,splitcifar100,0,training,8,193780.301573628,193840.40928695,60.107713321980555,99669504,185785344,222298112,222298112,335544320,0,2500005888,0,2279735296,0,2526801920,0,0.1,413,,
effectiveness_v3_20260918T165619Z_636a0335,B/splitcifar100/loose/F11/0/default,F11,splitcifar100,0,evaluation,8,193840.491671921,193842.985742598,2.4940706769993994,99669504,143187456,222298112,222298112,335544320,0,2499891200,0,2279620608,0,2506407936,0,0.1,15,,
effectiveness_v3_20260918T165619Z_636a0335,B/splitcifar100/loose/F11/0/default,F11,splitcifar100,0,controller,8,193843.03351559,193843.03365547,0.0001398799940943718,99669504,99669504,222298112,222298112,335544320,0,2499891200,0,2279620608,0,0,0,0.1,0,no_interval_samples,
effectiveness_v3_20260918T165619Z_636a0335,B/splitcifar100/loose/F11/0/default,F11,splitcifar100,0,reconfiguration,8,193843.088228906,193843.091125156,0.002896249992772937,99669504,99669504,222298112,222298112,335544320,0,2499891200,0,2279620608,0,0,0,0.1,0,no_interval_samples,
effectiveness_v3_20260918T165619Z_636a0335,B/splitcifar100/loose/F11/0/default,F11,splitcifar100,0,resource_transition,9,193843.121063304,193843.121744147,0.0006808430189266801,99669504,99669504,222298112,222298112,335544320,0,2499891200,0,2279620608,0,0,0,0.1,0,no_interval_samples,
effectiveness_v3_20260918T165619Z_636a0335,B/splitcifar100/loose/F11/0/default,F11,splitcifar100,0,training,9,193843.15178473,193922.252227921,79.10044319101144,103005184,190816768,226492416,226492416,335544320,0,2501025792,0,2280759296,0,2532495360,0,0.1,514,,
effectiveness_v3_20260918T165619Z_636a0335,B/splitcifar100/loose/F11/0/default,F11,splitcifar100,0,evaluation,9,193922.323646654,193925.409582044,3.0859353900013957,103005184,146523136,226492416,226492416,335544320,0,2501210112,0,2280939520,0,2505928704,0,0.1,18,,
effectiveness_v3_20260918T165619Z_636a0335,B/splitcifar100/loose/F11/0/default,F11,splitcifar100,0,controller,9,193925.458513275,193925.45864371,0.00013043501530773938,103005184,103005184,226492416,226492416,335544320,0,2501210112,0,2280939520,0,0,0,0.1,0,no_interval_samples,
effectiveness_v3_20260918T170342Z_a5939b94,B/splitcifar100/loose/S_star/1/default,S_star,splitcifar100,1,setup,,193932.66085313,193933.908899276,1.2480461460072547,1408512,1408512,2097152,2097152,335544320,0,1535647744,0,1315433472,0,1528135680,0,0.1,7,,
effectiveness_v3_20260918T170342Z_a5939b94,B/splitcifar100/loose/S_star/1/default,S_star,splitcifar100,1,resource_transition,0,193933.930816822,193933.931289627,0.00047280502622015774,1408512,1408512,2097152,2097152,335544320,0,1535668224,0,1315445760,0,0,0,0.1,0,no_interval_samples,
effectiveness_v3_20260918T170342Z_a5939b94,B/splitcifar100/loose/S_star/1/default,S_star,splitcifar100,1,training,0,193933.95164958,193940.428244885,6.47659530499368,70750720,95481344,117440512,117440512,335544320,0,2239754240,0,2019519488,0,2239680512,0,0.1,41,,
effectiveness_v3_20260918T170342Z_a5939b94,B/splitcifar100/loose/S_star/1/default,S_star,splitcifar100,1,evaluation,0,193940.496340099,193940.720259775,0.22391967600560747,70750720,114268672,159383552,159383552,335544320,0,2294374400,0,2074139648,0,2290884608,0,0.1,1,,
effectiveness_v3_20260918T170342Z_a5939b94,B/splitcifar100/loose/S_star/1/default,S_star,splitcifar100,1,resource_transition,1,193940.773904654,193940.774424645,0.0005199910083319992,70750720,70750720,159383552,159383552,335544320,0,2294374400,0,2074139648,0,0,0,0.1,0,no_interval_samples,
effectiveness_v3_20260918T170342Z_a5939b94,B/splitcifar100/loose/S_star/1/default,S_star,splitcifar100,1,training,1,193940.802452987,193948.373245071,7.5707920840068255,70750720,121942528,159383552,159383552,335544320,0,2290257920,0,2070023168,0,2295943168,0,0.1,46,,
effectiveness_v3_20260918T170342Z_a5939b94,B/splitcifar100/loose/S_star/1/default,S_star,splitcifar100,1,evaluation,1,193948.471533333,193948.930778157,0.45924482398550026,70750720,114268672,159383552,159383552,335544320,0,2294906880,0,2074672128,0,2296975360,0,0.1,3,,
effectiveness_v3_20260918T170342Z_a5939b94,B/splitcifar100/loose/S_star/1/default,S_star,splitcifar100,1,resource_transition,2,193948.963971462,193948.964545471,0.000574008998228237,70750720,70750720,159383552,159383552,335544320,0,2294906880,0,2074672128,0,0,0,0.1,0,no_interval_samples,
effectiveness_v3_20260918T170342Z_a5939b94,B/splitcifar100/loose/S_star/1/default,S_star,splitcifar100,1,training,2,193948.992958453,193956.482364591,7.489406138018239,70750720,121942528,159383552,159383552,335544320,0,2291007488,0,2070772736,0,2295566336,0,0.1,46,,
effectiveness_v3_20260918T170342Z_a5939b94,B/splitcifar100/loose/S_star/1/default,S_star,splitcifar100,1,evaluation,2,193956.567925621,193957.22970987,0.6617842490086332,70750720,114268672,159383552,159383552,335544320,0,2295570432,0,2075335680,0,2295570432,0,0.1,4,,
effectiveness_v3_20260918T170342Z_a5939b94,B/splitcifar100/loose/S_star/1/default,S_star,splitcifar100,1,resource_transition,3,193957.261594953,193957.262185157,0.0005902039993088692,70750720,70750720,159383552,159383552,335544320,0,2295570432,0,2075335680,0,0,0,0.1,0,no_interval_samples,
effectiveness_v3_20260918T170342Z_a5939b94,B/splitcifar100/loose/S_star/1/default,S_star,splitcifar100,1,training,3,193957.290708591,193964.9216867,7.630978108994896,70750720,121942528,159383552,159383552,335544320,0,2291372032,0,2071137280,0,2295734272,0,0.1,46,,
effectiveness_v3_20260918T170342Z_a5939b94,B/splitcifar100/loose/S_star/1/default,S_star,splitcifar100,1,evaluation,3,193964.983144424,193965.827595285,0.8444508609827608,70750720,114268672,159383552,159383552,335544320,0,2295296000,0,2075061248,0,2295324672,0,0.1,5,,
effectiveness_v3_20260918T170342Z_a5939b94,B/splitcifar100/loose/S_star/1/default,S_star,splitcifar100,1,resource_transition,4,193965.861606081,193965.862174822,0.000568741001188755,70750720,70750720,159383552,159383552,335544320,0,2295296000,0,2075061248,0,0,0,0.1,0,no_interval_samples,
effectiveness_v3_20260918T170342Z_a5939b94,B/splitcifar100/loose/S_star/1/default,S_star,splitcifar100,1,training,4,193965.91561683,193973.407309339,7.491692509007407,70750720,121942528,159383552,159383552,335544320,0,2291159040,0,2070924288,0,2295783424,0,0.1,46,,
effectiveness_v3_20260918T170342Z_a5939b94,B/splitcifar100/loose/S_star/1/default,S_star,splitcifar100,1,evaluation,4,193973.474172627,193974.674782842,1.2006102149898652,70750720,114268672,159383552,159383552,335544320,0,2296279040,0,2076044288,0,2296823808,0,0.1,8,,
effectiveness_v3_20260918T170342Z_a5939b94,B/splitcifar100/loose/S_star/1/default,S_star,splitcifar100,1,resource_transition,5,193974.716131529,193974.716732066,0.0006005369941703975,70750720,70750720,159383552,159383552,335544320,0,2296279040,0,2076044288,0,0,0,0.1,0,no_interval_samples,
effectiveness_v3_20260918T170342Z_a5939b94,B/splitcifar100/loose/S_star/1/default,S_star,splitcifar100,1,training,5,193974.747138528,193982.321021611,7.573883082979592,70750720,121942528,159383552,159383552,335544320,0,2291138560,0,2070903808,0,2296295424,0,0.1,47,,
effectiveness_v3_20260918T170342Z_a5939b94,B/splitcifar100/loose/S_star/1/default,S_star,splitcifar100,1,evaluation,5,193982.388901297,193983.862948685,1.47404738800833,70750720,114268672,159383552,159383552,335544320,0,2295287808,0,2075053056,0,2295767040,0,0.1,9,,
effectiveness_v3_20260918T170342Z_a5939b94,B/splitcifar100/loose/S_star/1/default,S_star,splitcifar100,1,resource_transition,6,193983.904405714,193983.905062973,0.00065725899185054,70750720,70750720,159383552,159383552,335544320,0,2295287808,0,2075053056,0,0,0,0.1,0,no_interval_samples,
effectiveness_v3_20260918T170342Z_a5939b94,B/splitcifar100/loose/S_star/1/default,S_star,splitcifar100,1,training,6,193983.939625965,193991.47551155,7.535885585006326,70750720,121942528,159383552,159383552,335544320,0,2291183616,0,2070948864,0,2295775232,0,0.1,46,,
effectiveness_v3_20260918T170342Z_a5939b94,B/splitcifar100/loose/S_star/1/default,S_star,splitcifar100,1,evaluation,6,193991.542248626,193993.312334784,1.7700861579796765,70750720,114268672,159383552,159383552,335544320,0,2291093504,0,2070858752,0,2295345152,0,0.1,10,,
effectiveness_v3_20260918T170342Z_a5939b94,B/splitcifar100/loose/S_star/1/default,S_star,splitcifar100,1,resource_transition,7,193993.352972959,193993.353622496,0.0006495370180346072,70750720,70750720,159383552,159383552,335544320,0,2291093504,0,2070858752,0,0,0,0.1,0,no_interval_samples,
effectiveness_v3_20260918T170342Z_a5939b94,B/splitcifar100/loose/S_star/1/default,S_star,splitcifar100,1,training,7,193993.397597032,194000.912950856,7.5153538240119815,70750720,121942528,159383552,159383552,335544320,0,2291445760,0,2071211008,0,2292166656,0,0.1,46,,
effectiveness_v3_20260918T170342Z_a5939b94,B/splitcifar100/loose/S_star/1/default,S_star,splitcifar100,1,evaluation,7,194000.980510181,194002.970075283,1.9895651020051446,70750720,114268672,159383552,159383552,335544320,0,2295377920,0,2075143168,0,2295398400,0,0.1,13,,
effectiveness_v3_20260918T170342Z_a5939b94,B/splitcifar100/loose/S_star/1/default,S_star,splitcifar100,1,resource_transition,8,194003.012973671,194003.013661264,0.0006875930121168494,70750720,70750720,159383552,159383552,335544320,0,2295377920,0,2075143168,0,0,0,0.1,0,no_interval_samples,
effectiveness_v3_20260918T170342Z_a5939b94,B/splitcifar100/loose/S_star/1/default,S_star,splitcifar100,1,training,8,194003.046971319,194010.628576321,7.581605001993012,70750720,121942528,159383552,159383552,335544320,0,2291445760,0,2071211008,0,2295865344,0,0.1,46,,
effectiveness_v3_20260918T170342Z_a5939b94,B/splitcifar100/loose/S_star/1/default,S_star,splitcifar100,1,evaluation,8,194010.695078526,194012.883776821,2.188698294979986,70750720,114268672,159383552,159383552,335544320,0,2295377920,0,2075143168,0,2295398400,0,0.1,13,,
effectiveness_v3_20260918T170342Z_a5939b94,B/splitcifar100/loose/S_star/1/default,S_star,splitcifar100,1,resource_transition,9,194012.927012841,194012.927665387,0.0006525459757540375,70750720,70750720,159383552,159383552,335544320,0,2295377920,0,2075143168,0,0,0,0.1,0,no_interval_samples,
effectiveness_v3_20260918T170342Z_a5939b94,B/splitcifar100/loose/S_star/1/default,S_star,splitcifar100,1,training,9,194012.960259221,194020.517237218,7.556977997010108,70750720,121942528,159383552,159383552,335544320,0,2291445760,0,2071211008,0,2295377920,0,0.1,46,,
effectiveness_v3_20260918T170342Z_a5939b94,B/splitcifar100/loose/S_star/1/default,S_star,splitcifar100,1,evaluation,9,194020.610666208,194023.284441109,2.6737749009917025,70750720,114268672,159383552,159383552,335544320,0,2291150848,0,2070916096,0,2295398400,0,0.1,16,,
effectiveness_v3_20260918T170519Z_efdcf21c,B/splitcifar100/loose/O11/1/default,O11,splitcifar100,1,setup,,194030.479628337,194031.729360849,1.2497325120202731,1408512,1408512,2097152,2097152,335544320,0,1535606784,0,1315408896,0,1528070144,0,0.1,7,,
effectiveness_v3_20260918T170519Z_efdcf21c,B/splitcifar100/loose/O11/1/default,O11,splitcifar100,1,resource_transition,0,194031.755061238,194031.755532303,0.00047106502461247146,1408512,1408512,2097152,2097152,335544320,0,1535639552,0,1315408896,0,0,0,0.1,0,no_interval_samples,
effectiveness_v3_20260918T170519Z_efdcf21c,B/splitcifar100/loose/O11/1/default,O11,splitcifar100,1,training,0,194031.776892313,194038.218911571,6.442019257985521,70750720,95481344,117440512,117440512,335544320,0,2239483904,0,2019253248,0,2239668224,0,0.1,41,,
effectiveness_v3_20260918T170519Z_efdcf21c,B/splitcifar100/loose/O11/1/default,O11,splitcifar100,1,evaluation,0,194038.290713468,194038.59915988,0.3084464119747281,70750720,114268672,159383552,159383552,335544320,0,2294321152,0,2074090496,0,2293411840,0,0.1,2,,
effectiveness_v3_20260918T170519Z_efdcf21c,B/splitcifar100/loose/O11/1/default,O11,splitcifar100,1,controller,0,194038.633986324,194038.634129167,0.00014284299686551094,70750720,70750720,159383552,159383552,335544320,0,2294321152,0,2074090496,0,0,0,0.1,0,no_interval_samples,
effectiveness_v3_20260918T170519Z_efdcf21c,B/splitcifar100/loose/O11/1/default,O11,splitcifar100,1,reconfiguration,0,194038.670443175,194038.670773916,0.0003307409933768213,70750720,70750720,159383552,159383552,335544320,0,2294321152,0,2074090496,0,0,0,0.1,0,no_interval_samples,
effectiveness_v3_20260918T170519Z_efdcf21c,B/splitcifar100/loose/O11/1/default,O11,splitcifar100,1,resource_transition,1,194038.695386656,194038.695920249,0.0005335930036380887,70750720,70750720,159383552,159383552,335544320,0,2294321152,0,2074090496,0,0,0,0.1,0,no_interval_samples,
effectiveness_v3_20260918T170519Z_efdcf21c,B/splitcifar100/loose/O11/1/default,O11,splitcifar100,1,training,1,194038.721044674,194052.816492074,14.09544740000274,72984064,121942528,161480704,161480704,335544320,0,2416762880,0,2196532224,0,2400296960,0,0.1,88,,
effectiveness_v3_20260918T170519Z_efdcf21c,B/splitcifar100/loose/O11/1/default,O11,splitcifar100,1,evaluation,1,194052.885986211,194053.404844712,0.518858500989154,72984064,116502016,161480704,161480704,335544320,0,2420469760,0,2200239104,0,2421981184,0,0.1,3,,
effectiveness_v3_20260918T170519Z_efdcf21c,B/splitcifar100/loose/O11/1/default,O11,splitcifar100,1,controller,1,194053.466591442,194053.466746063,0.00015462099690921605,72984064,72984064,161480704,161480704,335544320,0,2420469760,0,2200239104,0,0,0,0.1,0,no_interval_samples,
effectiveness_v3_20260918T170519Z_efdcf21c,B/splitcifar100/loose/O11/1/default,O11,splitcifar100,1,reconfiguration,1,194053.497605775,194053.498349979,0.00074420400778763,72984064,72984064,161480704,161480704,335544320,0,2420469760,0,2200239104,0,0,0,0.1,0,no_interval_samples,
effectiveness_v3_20260918T170519Z_efdcf21c,B/splitcifar100/loose/O11/1/default,O11,splitcifar100,1,resource_transition,2,194053.525132812,194053.525677802,0.0005449900054372847,72984064,72984064,161480704,161480704,335544320,0,2420469760,0,2200239104,0,0,0,0.1,0,no_interval_samples,
effectiveness_v3_20260918T170519Z_efdcf21c,B/splitcifar100/loose/O11/1/default,O11,splitcifar100,1,training,2,194053.551704848,194074.289862249,20.738157400977798,76319744,155412480,184549376,184549376,335544320,0,2453811200,0,2233540608,0,2460045312,0,0.1,133,,
effectiveness_v3_20260918T170519Z_efdcf21c,B/splitcifar100/loose/O11/1/default,O11,splitcifar100,1,evaluation,2,194074.358994128,194075.128432921,0.7694387929805089,76319744,120254464,184549376,184549376,335544320,0,2457931776,0,2237657088,0,2457972736,0,0.1,5,,
effectiveness_v3_20260918T170519Z_efdcf21c,B/splitcifar100/loose/O11/1/default,O11,splitcifar100,1,controller,2,194075.165724005,194075.165851496,0.00012749101733788848,76319744,76319744,184549376,184549376,335544320,0,2457931776,0,2237657088,0,0,0,0.1,0,no_interval_samples,
effectiveness_v3_20260918T170519Z_efdcf21c,B/splitcifar100/loose/O11/1/default,O11,splitcifar100,1,reconfiguration,2,194075.196868654,194075.197719386,0.0008507320017088205,76319744,76319744,184549376,184549376,335544320,0,2457931776,0,2237657088,0,0,0,0.1,0,no_interval_samples,
effectiveness_v3_20260918T170519Z_efdcf21c,B/splitcifar100/loose/O11/1/default,O11,splitcifar100,1,resource_transition,3,194075.223165988,194075.223789775,0.0006237869965843856,76319744,76319744,184549376,184549376,335544320,0,2457931776,0,2237657088,0,0,0,0.1,0,no_interval_samples,
effectiveness_v3_20260918T170519Z_efdcf21c,B/splitcifar100/loose/O11/1/default,O11,splitcifar100,1,training,3,194075.250015415,194101.986012444,26.7359970289981,79655424,160386560,186646528,186646528,335544320,0,2486738944,0,2266464256,0,2498334720,0,0.1,166,,
effectiveness_v3_20260918T170519Z_efdcf21c,B/splitcifar100/loose/O11/1/default,O11,splitcifar100,1,evaluation,3,194102.057089054,194103.079319148,1.022230094007682,79655424,123805184,186646528,186646528,335544320,0,2491408384,0,2271133696,0,2491420672,0,0.1,6,,
effectiveness_v3_20260918T170519Z_efdcf21c,B/splitcifar100/loose/O11/1/default,O11,splitcifar100,1,controller,3,194103.151257416,194103.151420898,0.0001634820073377341,79655424,79655424,186646528,186646528,335544320,0,2491412480,0,2271137792,0,0,0,0.1,0,no_interval_samples,
effectiveness_v3_20260918T170519Z_efdcf21c,B/splitcifar100/loose/O11/1/default,O11,splitcifar100,1,reconfiguration,3,194103.186464045,194103.187950036,0.001485991000663489,79655424,79655424,186646528,186646528,335544320,0,2491412480,0,2271137792,0,0,0,0.1,0,no_interval_samples,
effectiveness_v3_20260918T170519Z_efdcf21c,B/splitcifar100/loose/O11/1/default,O11,splitcifar100,1,resource_transition,4,194103.217054739,194103.217647156,0.0005924169963691384,79655424,79655424,186646528,186646528,335544320,0,2491412480,0,2271137792,0,0,0,0.1,0,no_interval_samples,
effectiveness_v3_20260918T170519Z_efdcf21c,B/splitcifar100/loose/O11/1/default,O11,splitcifar100,1,training,4,194103.24617483,194133.653573126,30.407398295996245,82991104,164283904,207618048,207618048,335544320,0,2491211776,0,2270937088,0,2503782400,0,0.1,196,,
effectiveness_v3_20260918T170519Z_efdcf21c,B/splitcifar100/loose/O11/1/default,O11,splitcifar100,1,evaluation,4,194133.724095665,194135.166083748,1.44198808298097,82991104,126509056,207618048,207618048,335544320,0,2493939712,0,2273665024,0,2493964288,0,0.1,8,,
effectiveness_v3_20260918T170519Z_efdcf21c,B/splitcifar100/loose/O11/1/default,O11,splitcifar100,1,controller,4,194135.208364117,194135.20856083,0.00019671302288770676,82991104,82991104,207618048,207618048,335544320,0,2493939712,0,2273665024,0,0,0,0.1,0,no_interval_samples,
effectiveness_v3_20260918T170519Z_efdcf21c,B/splitcifar100/loose/O11/1/default,O11,splitcifar100,1,reconfiguration,4,194135.267632542,194135.269300561,0.00166801898740232,82991104,82991104,207618048,207618048,335544320,0,2493939712,0,2273665024,0,0,0,0.1,0,no_interval_samples,
effectiveness_v3_20260918T170519Z_efdcf21c,B/splitcifar100/loose/O11/1/default,O11,splitcifar100,1,resource_transition,5,194135.299918708,194135.30062344,0.0007047319959383458,82991104,82991104,207618048,207618048,335544320,0,2493939712,0,2273665024,0,0,0,0.1,0,no_interval_samples,
effectiveness_v3_20260918T170519Z_efdcf21c,B/splitcifar100/loose/O11/1/default,O11,splitcifar100,1,training,5,194135.330266921,194171.131047117,35.80078019600478,86326784,168800768,207618048,207618048,335544320,0,2492006400,0,2271731712,0,2507579392,0,0.1,239,,
effectiveness_v3_20260918T170519Z_efdcf21c,B/splitcifar100/loose/O11/1/default,O11,splitcifar100,1,evaluation,5,194171.207855995,194172.750139118,1.5422831230098382,86326784,129844736,207618048,207618048,335544320,0,2497110016,0,2276835328,0,2498039808,0,0.1,9,,
effectiveness_v3_20260918T170519Z_efdcf21c,B/splitcifar100/loose/O11/1/default,O11,splitcifar100,1,controller,5,194172.792486442,194172.792697951,0.00021150900283828378,86326784,86326784,207618048,207618048,335544320,0,2497114112,0,2276839424,0,0,0,0.1,0,no_interval_samples,
effectiveness_v3_20260918T170519Z_efdcf21c,B/splitcifar100/loose/O11/1/default,O11,splitcifar100,1,reconfiguration,5,194172.8528767,194172.854613552,0.0017368519911542535,86326784,86326784,207618048,207618048,335544320,0,2497114112,0,2276839424,0,0,0,0.1,0,no_interval_samples,
effectiveness_v3_20260918T170519Z_efdcf21c,B/splitcifar100/loose/O11/1/default,O11,splitcifar100,1,resource_transition,6,194172.88473544,194172.885408875,0.0006734350172337145,86326784,86326784,207618048,207618048,335544320,0,2497114112,0,2276839424,0,0,0,0.1,0,no_interval_samples,
effectiveness_v3_20260918T170519Z_efdcf21c,B/splitcifar100/loose/O11/1/default,O11,splitcifar100,1,training,6,194172.914492088,194214.244212425,41.32972033700207,89662464,172847616,211812352,211812352,335544320,0,2493972480,0,2273701888,0,2512293888,0,0.1,284,,
effectiveness_v3_20260918T170519Z_efdcf21c,B/splitcifar100/loose/O11/1/default,O11,splitcifar100,1,evaluation,6,194214.3174781,194216.168573625,1.8510955249948893,89662464,133180416,211812352,211812352,335544320,0,2498187264,0,2277912576,0,2498207744,0,0.1,11,,
effectiveness_v3_20260918T170519Z_efdcf21c,B/splitcifar100/loose/O11/1/default,O11,splitcifar100,1,controller,6,194216.211298355,194216.211483577,0.0001852220157161355,89662464,89662464,211812352,211812352,335544320,0,2498195456,0,2277920768,0,0,0,0.1,0,no_interval_samples,
effectiveness_v3_20260918T170519Z_efdcf21c,B/splitcifar100/loose/O11/1/default,O11,splitcifar100,1,reconfiguration,6,194216.267842773,194216.270483402,0.0026406290126033127,89662464,89662464,211812352,211812352,335544320,0,2498195456,0,2277920768,0,0,0,0.1,0,no_interval_samples,
effectiveness_v3_20260918T170519Z_efdcf21c,B/splitcifar100/loose/O11/1/default,O11,splitcifar100,1,resource_transition,7,194216.301413903,194216.302087255,0.0006733519840054214,89662464,89662464,211812352,211812352,335544320,0,2498195456,0,2277920768,0,0,0,0.1,0,no_interval_samples,
effectiveness_v3_20260918T170519Z_efdcf21c,B/splitcifar100/loose/O11/1/default,O11,splitcifar100,1,training,7,194216.331978755,194260.629575115,44.297596359974705,92998144,177563136,216006656,216006656,335544320,0,2496929792,0,2276655104,0,2519142400,0,0.1,312,,
effectiveness_v3_20260918T170519Z_efdcf21c,B/splitcifar100/loose/O11/1/default,O11,splitcifar100,1,evaluation,7,194260.700822617,194263.100509278,2.3996866610250436,92998144,136516096,216006656,216006656,335544320,0,2496720896,0,2276446208,0,2502995968,0,0.1,15,,
effectiveness_v3_20260918T170519Z_efdcf21c,B/splitcifar100/loose/O11/1/default,O11,splitcifar100,1,controller,7,194263.145312814,194263.145456805,0.0001439909974578768,92998144,92998144,216006656,216006656,335544320,0,2496729088,0,2276454400,0,0,0,0.1,0,no_interval_samples,
effectiveness_v3_20260918T170519Z_efdcf21c,B/splitcifar100/loose/O11/1/default,O11,splitcifar100,1,reconfiguration,7,194263.177137582,194263.179180554,0.0020429719879757613,92998144,92998144,216006656,216006656,335544320,0,2496729088,0,2276454400,0,0,0,0.1,0,no_interval_samples,
effectiveness_v3_20260918T170519Z_efdcf21c,B/splitcifar100/loose/O11/1/default,O11,splitcifar100,1,resource_transition,8,194263.207434211,194263.207945359,0.0005111479840707034,92998144,92998144,216006656,216006656,335544320,0,2496729088,0,2276454400,0,0,0,0.1,0,no_interval_samples,
effectiveness_v3_20260918T170519Z_efdcf21c,B/splitcifar100/loose/O11/1/default,O11,splitcifar100,1,training,8,194263.237241942,194328.696940805,65.45969886300736,96333824,181434880,218103808,218103808,335544320,0,2498641920,0,2278367232,0,2526515200,0,0.1,421,,
effectiveness_v3_20260918T170519Z_efdcf21c,B/splitcifar100/loose/O11/1/default,O11,splitcifar100,1,evaluation,8,194328.798370229,194331.620263701,2.821893472020747,96333824,139851776,218103808,218103808,335544320,0,2503303168,0,2283028480,0,2503340032,0,0.1,17,,
effectiveness_v3_20260918T170519Z_efdcf21c,B/splitcifar100/loose/O11/1/default,O11,splitcifar100,1,controller,8,194331.669865617,194331.670003737,0.00013811999815516174,96333824,96333824,218103808,218103808,335544320,0,2503303168,0,2283028480,0,0,0,0.1,0,no_interval_samples,
effectiveness_v3_20260918T170519Z_efdcf21c,B/splitcifar100/loose/O11/1/default,O11,splitcifar100,1,reconfiguration,8,194331.703579737,194331.706049209,0.002469472005032003,96333824,96333824,218103808,218103808,335544320,0,2503303168,0,2283028480,0,0,0,0.1,0,no_interval_samples,
effectiveness_v3_20260918T170519Z_efdcf21c,B/splitcifar100/loose/O11/1/default,O11,splitcifar100,1,resource_transition,9,194331.754001708,194331.75476731,0.0007656019879505038,96333824,96333824,218103808,218103808,335544320,0,2503303168,0,2283028480,0,0,0,0.1,0,no_interval_samples,
effectiveness_v3_20260918T170519Z_efdcf21c,B/splitcifar100/loose/O11/1/default,O11,splitcifar100,1,training,9,194331.789887402,194403.081475396,71.29158799399738,99669504,185785344,222298112,222298112,335544320,0,2499833856,0,2279559168,0,2503770112,0,0.1,455,,
effectiveness_v3_20260918T170519Z_efdcf21c,B/splitcifar100/loose/O11/1/default,O11,splitcifar100,1,evaluation,9,194403.151034812,194406.2281736,3.077138787979493,99669504,143187456,222298112,222298112,335544320,0,2499993600,0,2279718912,0,2504732672,0,0.1,18,,
effectiveness_v3_20260918T170519Z_efdcf21c,B/splitcifar100/loose/O11/1/default,O11,splitcifar100,1,controller,9,194406.278244397,194406.278372332,0.00012793499627150595,99669504,99669504,222298112,222298112,335544320,0,2499993600,0,2279718912,0,0,0,0.1,0,no_interval_samples,
effectiveness_v3_20260918T171142Z_552f5e4f,B/splitcifar100/loose/R11/1/default,R11,splitcifar100,1,setup,,194413.632963785,194414.8826465,1.2496827149880119,1408512,1408512,2097152,2097152,335544320,0,1535475712,0,1315280896,0,1527963648,0,0.1,7,,
effectiveness_v3_20260918T171142Z_552f5e4f,B/splitcifar100/loose/R11/1/default,R11,splitcifar100,1,resource_transition,0,194414.906567462,194414.907010379,0.0004429170221555978,1408512,1408512,2097152,2097152,335544320,0,1535500288,0,1315293184,0,0,0,0.1,0,no_interval_samples,
effectiveness_v3_20260918T171142Z_552f5e4f,B/splitcifar100/loose/R11/1/default,R11,splitcifar100,1,training,0,194414.927528453,194421.672656749,6.745128295995528,70750720,95481344,117440512,117440512,335544320,0,2239324160,0,2019104768,0,2239508480,0,0.1,43,,
effectiveness_v3_20260918T171142Z_552f5e4f,B/splitcifar100/loose/R11/1/default,R11,splitcifar100,1,evaluation,0,194421.767517793,194422.019840337,0.2523225439945236,70750720,114268672,159383552,159383552,335544320,0,2294149120,0,2073929728,0,2294149120,0,0.1,2,,
effectiveness_v3_20260918T171142Z_552f5e4f,B/splitcifar100/loose/R11/1/default,R11,splitcifar100,1,controller,0,194422.070614958,194422.07077606,0.0001611019833944738,70750720,70750720,159383552,159383552,335544320,0,2294149120,0,2073929728,0,0,0,0.1,0,no_interval_samples,
effectiveness_v3_20260918T171142Z_552f5e4f,B/splitcifar100/loose/R11/1/default,R11,splitcifar100,1,reconfiguration,0,194422.100364098,194422.100696079,0.0003319809911772609,70750720,70750720,159383552,159383552,335544320,0,2294149120,0,2073929728,0,0,0,0.1,0,no_interval_samples,
effectiveness_v3_20260918T171142Z_552f5e4f,B/splitcifar100/loose/R11/1/default,R11,splitcifar100,1,resource_transition,1,194422.127448071,194422.127999275,0.0005512039933819324,70750720,70750720,159383552,159383552,335544320,0,2294149120,0,2073929728,0,0,0,0.1,0,no_interval_samples,
effectiveness_v3_20260918T171142Z_552f5e4f,B/splitcifar100/loose/R11/1/default,R11,splitcifar100,1,training,1,194422.154864081,194429.865065495,7.710201413981849,70750720,121942528,159383552,159383552,335544320,0,2289471488,0,2069252096,0,2294149120,0,0.1,49,,
effectiveness_v3_20260918T171142Z_552f5e4f,B/splitcifar100/loose/R11/1/default,R11,splitcifar100,1,evaluation,1,194429.937273607,194430.42104379,0.48377018299652264,70750720,114268672,159383552,159383552,335544320,0,2294104064,0,2073884672,0,2296156160,0,0.1,3,,
effectiveness_v3_20260918T171142Z_552f5e4f,B/splitcifar100/loose/R11/1/default,R11,splitcifar100,1,controller,1,194430.454960688,194430.455108966,0.00014827802078798413,70750720,70750720,159383552,159383552,335544320,0,2294104064,0,2073884672,0,0,0,0.1,0,no_interval_samples,
effectiveness_v3_20260918T171142Z_552f5e4f,B/splitcifar100/loose/R11/1/default,R11,splitcifar100,1,reconfiguration,1,194430.482585447,194430.483075012,0.0004895649908576161,70750720,70750720,159383552,159383552,335544320,0,2294104064,0,2073884672,0,0,0,0.1,0,no_interval_samples,
effectiveness_v3_20260918T171142Z_552f5e4f,B/splitcifar100/loose/R11/1/default,R11,splitcifar100,1,resource_transition,2,194430.530200754,194430.530816874,0.0006161199999041855,70750720,70750720,159383552,159383552,335544320,0,2294104064,0,2073884672,0,0,0,0.1,0,no_interval_samples,
effectiveness_v3_20260918T171142Z_552f5e4f,B/splitcifar100/loose/R11/1/default,R11,splitcifar100,1,training,2,194430.558688902,194438.327682337,7.768993434990989,70750720,121942528,159383552,159383552,335544320,0,2290044928,0,2069825536,0,2294530048,0,0.1,48,,
effectiveness_v3_20260918T171142Z_552f5e4f,B/splitcifar100/loose/R11/1/default,R11,splitcifar100,1,evaluation,2,194438.390678597,194439.012740249,0.6220616519858595,70750720,114268672,159383552,159383552,335544320,0,2294222848,0,2074003456,0,2294206464,0,0.1,3,,
effectiveness_v3_20260918T171142Z_552f5e4f,B/splitcifar100/loose/R11/1/default,R11,splitcifar100,1,controller,2,194439.044220879,194439.044378315,0.0001574360067024827,70750720,70750720,159383552,159383552,335544320,0,2294222848,0,2074003456,0,0,0,0.1,0,no_interval_samples,
effectiveness_v3_20260918T171142Z_552f5e4f,B/splitcifar100/loose/R11/1/default,R11,splitcifar100,1,reconfiguration,2,194439.097499019,194439.098189325,0.0006903060129843652,70750720,70750720,159383552,159383552,335544320,0,2294222848,0,2074003456,0,0,0,0.1,0,no_interval_samples,
effectiveness_v3_20260918T171142Z_552f5e4f,B/splitcifar100/loose/R11/1/default,R11,splitcifar100,1,resource_transition,3,194439.125325658,194439.125855797,0.000530138990143314,70750720,70750720,159383552,159383552,335544320,0,2294222848,0,2074003456,0,0,0,0.1,0,no_interval_samples,
effectiveness_v3_20260918T171142Z_552f5e4f,B/splitcifar100/loose/R11/1/default,R11,splitcifar100,1,training,3,194439.152950898,194446.663803553,7.510852655017516,70750720,121942528,159383552,159383552,335544320,0,2290925568,0,2070706176,0,2294345728,0,0.1,47,,
effectiveness_v3_20260918T171142Z_552f5e4f,B/splitcifar100/loose/R11/1/default,R11,splitcifar100,1,evaluation,3,194446.732835274,194447.681710814,0.9488755400234368,70750720,114268672,159383552,159383552,335544320,0,2295066624,0,2074847232,0,2295087104,0,0.1,6,,
effectiveness_v3_20260918T171142Z_552f5e4f,B/splitcifar100/loose/R11/1/default,R11,splitcifar100,1,controller,3,194447.717814545,194447.717963128,0.00014858299982734025,70750720,70750720,159383552,159383552,335544320,0,2295070720,0,2074851328,0,0,0,0.1,0,no_interval_samples,
effectiveness_v3_20260918T171142Z_552f5e4f,B/splitcifar100/loose/R11/1/default,R11,splitcifar100,1,reconfiguration,3,194447.746634545,194447.747391795,0.000757250003516674,70750720,70750720,159383552,159383552,335544320,0,2295070720,0,2074851328,0,0,0,0.1,0,no_interval_samples,
effectiveness_v3_20260918T171142Z_552f5e4f,B/splitcifar100/loose/R11/1/default,R11,splitcifar100,1,resource_transition,4,194447.774132683,194447.774709387,0.0005767040129285306,70750720,70750720,159383552,159383552,335544320,0,2295070720,0,2074851328,0,0,0,0.1,0,no_interval_samples,
effectiveness_v3_20260918T171142Z_552f5e4f,B/splitcifar100/loose/R11/1/default,R11,splitcifar100,1,training,4,194447.80189896,194455.624726823,7.822827863012208,70750720,121942528,159383552,159383552,335544320,0,2291646464,0,2071427072,0,2295099392,0,0.1,47,,
effectiveness_v3_20260918T171142Z_552f5e4f,B/splitcifar100/loose/R11/1/default,R11,splitcifar100,1,evaluation,4,194455.706137201,194456.777543888,1.071406686998671,70750720,114268672,159383552,159383552,335544320,0,2296242176,0,2076022784,0,2297241600,0,0.1,7,,
effectiveness_v3_20260918T171142Z_552f5e4f,B/splitcifar100/loose/R11/1/default,R11,splitcifar100,1,controller,4,194456.809948998,194456.810079341,0.00013034298899583519,70750720,70750720,159383552,159383552,335544320,0,2296242176,0,2076022784,0,0,0,0.1,0,no_interval_samples,
effectiveness_v3_20260918T171142Z_552f5e4f,B/splitcifar100/loose/R11/1/default,R11,splitcifar100,1,reconfiguration,4,194456.836621766,194456.837490498,0.0008687319932505488,70750720,70750720,159383552,159383552,335544320,0,2296242176,0,2076022784,0,0,0,0.1,0,no_interval_samples,
effectiveness_v3_20260918T171142Z_552f5e4f,B/splitcifar100/loose/R11/1/default,R11,splitcifar100,1,resource_transition,5,194456.862374099,194456.862939682,0.0005655830027535558,70750720,70750720,159383552,159383552,335544320,0,2296242176,0,2076022784,0,0,0,0.1,0,no_interval_samples,
effectiveness_v3_20260918T171142Z_552f5e4f,B/splitcifar100/loose/R11/1/default,R11,splitcifar100,1,training,5,194456.888269367,194464.654868959,7.766599592025159,70750720,121942528,159383552,159383552,335544320,0,2292252672,0,2072033280,0,2296254464,0,0.1,49,,
effectiveness_v3_20260918T171142Z_552f5e4f,B/splitcifar100/loose/R11/1/default,R11,splitcifar100,1,evaluation,5,194464.722166025,194466.220404042,1.4982380169967655,70750720,114268672,159383552,159383552,335544320,0,2296188928,0,2075969536,0,2296205312,0,0.1,9,,
effectiveness_v3_20260918T171142Z_552f5e4f,B/splitcifar100/loose/R11/1/default,R11,splitcifar100,1,controller,5,194466.259446273,194466.259649171,0.00020289799431338906,70750720,70750720,159383552,159383552,335544320,0,2296197120,0,2075977728,0,0,0,0.1,0,no_interval_samples,
effectiveness_v3_20260918T171142Z_552f5e4f,B/splitcifar100/loose/R11/1/default,R11,splitcifar100,1,reconfiguration,5,194466.299903661,194466.301104856,0.0012011949729640037,70750720,70750720,159383552,159383552,335544320,0,2296197120,0,2075977728,0,0,0,0.1,0,no_interval_samples,
effectiveness_v3_20260918T171142Z_552f5e4f,B/splitcifar100/loose/R11/1/default,R11,splitcifar100,1,resource_transition,6,194466.32926504,194466.32987004,0.0006050000083632767,70750720,70750720,159383552,159383552,335544320,0,2296197120,0,2075977728,0,0,0,0.1,0,no_interval_samples,
effectiveness_v3_20260918T171142Z_552f5e4f,B/splitcifar100/loose/R11/1/default,R11,splitcifar100,1,training,6,194466.356587642,194474.22094618,7.864358538005035,70750720,121942528,159383552,159383552,335544320,0,2292625408,0,2072406016,0,2296205312,0,0.1,49,,
effectiveness_v3_20260918T171142Z_552f5e4f,B/splitcifar100/loose/R11/1/default,R11,splitcifar100,1,evaluation,6,194474.287079579,194476.202175063,1.9150954840006307,70750720,114268672,159383552,159383552,335544320,0,2292543488,0,2072324096,0,2297253888,0,0.1,12,,
effectiveness_v3_20260918T171142Z_552f5e4f,B/splitcifar100/loose/R11/1/default,R11,splitcifar100,1,controller,6,194476.241861842,194476.24203211,0.00017026800196617842,70750720,70750720,159383552,159383552,335544320,0,2292551680,0,2072332288,0,0,0,0.1,0,no_interval_samples,
effectiveness_v3_20260918T171142Z_552f5e4f,B/splitcifar100/loose/R11/1/default,R11,splitcifar100,1,reconfiguration,6,194476.273025193,194476.274201239,0.0011760460038203746,70750720,70750720,159383552,159383552,335544320,0,2292551680,0,2072332288,0,0,0,0.1,0,no_interval_samples,
effectiveness_v3_20260918T171142Z_552f5e4f,B/splitcifar100/loose/R11/1/default,R11,splitcifar100,1,resource_transition,7,194476.302081359,194476.302741016,0.0006596570019610226,70750720,70750720,159383552,159383552,335544320,0,2292551680,0,2072332288,0,0,0,0.1,0,no_interval_samples,
effectiveness_v3_20260918T171142Z_552f5e4f,B/splitcifar100/loose/R11/1/default,R11,splitcifar100,1,training,7,194476.329957886,194483.560357183,7.230399297026452,70750720,126998016,159383552,159383552,335544320,0,2293633024,0,2073413632,0,2294484992,0,0.1,45,,
effectiveness_v3_20260918T171142Z_552f5e4f,B/splitcifar100/loose/R11/1/default,R11,splitcifar100,1,evaluation,7,194483.638520221,194485.412111793,1.7735915720113553,70750720,114268672,159383552,159383552,335544320,0,2297774080,0,2077554688,0,2297794560,0,0.1,11,,
effectiveness_v3_20260918T171142Z_552f5e4f,B/splitcifar100/loose/R11/1/default,R11,splitcifar100,1,controller,7,194485.449025376,194485.449178459,0.00015308300498872995,70750720,70750720,159383552,159383552,335544320,0,2297778176,0,2077558784,0,0,0,0.1,0,no_interval_samples,
effectiveness_v3_20260918T171142Z_552f5e4f,B/splitcifar100/loose/R11/1/default,R11,splitcifar100,1,reconfiguration,7,194485.47834882,194485.47960632,0.0012575000000651926,70750720,70750720,159383552,159383552,335544320,0,2297778176,0,2077558784,0,0,0,0.1,0,no_interval_samples,
effectiveness_v3_20260918T171142Z_552f5e4f,B/splitcifar100/loose/R11/1/default,R11,splitcifar100,1,resource_transition,8,194485.52272668,194485.523376439,0.0006497589929495007,70750720,70750720,159383552,159383552,335544320,0,2297778176,0,2077558784,0,0,0,0.1,0,no_interval_samples,
effectiveness_v3_20260918T171142Z_552f5e4f,B/splitcifar100/loose/R11/1/default,R11,splitcifar100,1,training,8,194485.553282763,194492.50980884,6.956526077003218,70750720,126998016,159383552,159383552,335544320,0,2294185984,0,2073966592,0,2297901056,0,0.1,43,,
effectiveness_v3_20260918T171142Z_552f5e4f,B/splitcifar100/loose/R11/1/default,R11,splitcifar100,1,evaluation,8,194492.574428092,194494.964888091,2.390459999005543,70750720,114268672,159383552,159383552,335544320,0,2294104064,0,2073884672,0,2299322368,0,0.1,15,,
effectiveness_v3_20260918T171142Z_552f5e4f,B/splitcifar100/loose/R11/1/default,R11,splitcifar100,1,controller,8,194495.005027646,194495.005168285,0.00014063899288885295,70750720,70750720,159383552,159383552,335544320,0,2294104064,0,2073884672,0,0,0,0.1,0,no_interval_samples,
effectiveness_v3_20260918T171142Z_552f5e4f,B/splitcifar100/loose/R11/1/default,R11,splitcifar100,1,reconfiguration,8,194495.033938395,194495.03517309,0.001234694995218888,70750720,70750720,159383552,159383552,335544320,0,2294104064,0,2073884672,0,0,0,0.1,0,no_interval_samples,
effectiveness_v3_20260918T171142Z_552f5e4f,B/splitcifar100/loose/R11/1/default,R11,splitcifar100,1,resource_transition,9,194495.060802867,194495.061412321,0.0006094540003687143,70750720,70750720,159383552,159383552,335544320,0,2294104064,0,2073884672,0,0,0,0.1,0,no_interval_samples,
effectiveness_v3_20260918T171142Z_552f5e4f,B/splitcifar100/loose/R11/1/default,R11,splitcifar100,1,training,9,194495.105362968,194502.472847161,7.367484193004202,70750720,126998016,159383552,159383552,335544320,0,2294648832,0,2074429440,0,2295857152,0,0.1,45,,
effectiveness_v3_20260918T171142Z_552f5e4f,B/splitcifar100/loose/R11/1/default,R11,splitcifar100,1,evaluation,9,194502.550096644,194505.010556352,2.4604597080033273,70750720,114268672,159383552,159383552,335544320,0,2298777600,0,2078558208,0,2300194816,0,0.1,15,,
effectiveness_v3_20260918T171142Z_552f5e4f,B/splitcifar100/loose/R11/1/default,R11,splitcifar100,1,controller,9,194505.051794166,194505.051917036,0.00012286999844945967,70750720,70750720,159383552,159383552,335544320,0,2298777600,0,2078558208,0,0,0,0.1,0,no_interval_samples,
effectiveness_v3_20260918T171321Z_0b9d1439,B/splitcifar100/loose/F11/1/default,F11,splitcifar100,1,setup,,194512.187121061,194513.439617536,1.252496475004591,1408512,1408512,2097152,2097152,335544320,0,1535619072,0,1315408896,0,1528094720,0,0.1,7,,
effectiveness_v3_20260918T171321Z_0b9d1439,B/splitcifar100/loose/F11/1/default,F11,splitcifar100,1,resource_transition,0,194513.463327796,194513.463773741,0.00044594501378014684,1408512,1408512,2097152,2097152,335544320,0,1535647744,0,1315421184,0,0,0,0.1,0,no_interval_samples,
effectiveness_v3_20260918T171321Z_0b9d1439,B/splitcifar100/loose/F11/1/default,F11,splitcifar100,1,training,0,194513.484178093,194526.655628822,13.17145072898711,72984064,96682496,119537664,119537664,335544320,0,2354442240,0,2134207488,0,2342682624,0,0.1,84,,
effectiveness_v3_20260918T171321Z_0b9d1439,B/splitcifar100/loose/F11/1/default,F11,splitcifar100,1,evaluation,0,194526.727527329,194526.961412496,0.2338851669919677,72984064,116502016,161480704,161480704,335544320,0,2405044224,0,2184809472,0,2404110336,0,0.1,1,,
effectiveness_v3_20260918T171321Z_0b9d1439,B/splitcifar100/loose/F11/1/default,F11,splitcifar100,1,controller,0,194527.017382711,194527.017527507,0.00014479600940831006,72984064,72984064,161480704,161480704,335544320,0,2405044224,0,2184809472,0,0,0,0.1,0,no_interval_samples,
effectiveness_v3_20260918T171321Z_0b9d1439,B/splitcifar100/loose/F11/1/default,F11,splitcifar100,1,reconfiguration,0,194527.046896674,194527.047416258,0.0005195839912630618,72984064,72984064,161480704,161480704,335544320,0,2405044224,0,2184809472,0,0,0,0.1,0,no_interval_samples,
effectiveness_v3_20260918T171321Z_0b9d1439,B/splitcifar100/loose/F11/1/default,F11,splitcifar100,1,resource_transition,1,194527.074241175,194527.074788073,0.0005468979943543673,72984064,72984064,161480704,161480704,335544320,0,2405044224,0,2184809472,0,0,0,0.1,0,no_interval_samples,
effectiveness_v3_20260918T171321Z_0b9d1439,B/splitcifar100/loose/F11/1/default,F11,splitcifar100,1,training,1,194527.101939564,194547.958809481,20.856869917013682,76319744,155412480,184549376,184549376,335544320,0,2453000192,0,2232725504,0,2460368896,0,0.1,134,,
effectiveness_v3_20260918T171321Z_0b9d1439,B/splitcifar100/loose/F11/1/default,F11,splitcifar100,1,evaluation,1,194548.040234026,194548.541171278,0.5009372519853059,76319744,120254464,184549376,184549376,335544320,0,2457735168,0,2237456384,0,2458275840,0,0.1,3,,
effectiveness_v3_20260918T171321Z_0b9d1439,B/splitcifar100/loose/F11/1/default,F11,splitcifar100,1,controller,1,194548.578195092,194548.578343425,0.0001483329979237169,76319744,76319744,184549376,184549376,335544320,0,2457735168,0,2237456384,0,0,0,0.1,0,no_interval_samples,
effectiveness_v3_20260918T171321Z_0b9d1439,B/splitcifar100/loose/F11/1/default,F11,splitcifar100,1,reconfiguration,1,194548.627279656,194548.628280526,0.0010008699900936335,76319744,76319744,184549376,184549376,335544320,0,2457735168,0,2237456384,0,0,0,0.1,0,no_interval_samples,
effectiveness_v3_20260918T171321Z_0b9d1439,B/splitcifar100/loose/F11/1/default,F11,splitcifar100,1,resource_transition,2,194548.656933387,194548.657516563,0.0005831759772263467,76319744,76319744,184549376,184549376,335544320,0,2457735168,0,2237456384,0,0,0,0.1,0,no_interval_samples,
effectiveness_v3_20260918T171321Z_0b9d1439,B/splitcifar100/loose/F11/1/default,F11,splitcifar100,1,training,2,194548.684810905,194575.779780508,27.09496960300021,79655424,160386560,186646528,186646528,335544320,0,2486280192,0,2266001408,0,2497449984,0,0.1,173,,
effectiveness_v3_20260918T171321Z_0b9d1439,B/splitcifar100/loose/F11/1/default,F11,splitcifar100,1,evaluation,2,194575.844228896,194576.667807403,0.8235785069991834,79655424,123805184,186646528,186646528,335544320,0,2490945536,0,2270666752,0,2492403712,0,0.1,5,,
effectiveness_v3_20260918T171321Z_0b9d1439,B/splitcifar100/loose/F11/1/default,F11,splitcifar100,1,controller,2,194576.708046071,194576.708186358,0.00014028701116330922,79655424,79655424,186646528,186646528,335544320,0,2490945536,0,2270666752,0,0,0,0.1,0,no_interval_samples,
effectiveness_v3_20260918T171321Z_0b9d1439,B/splitcifar100/loose/F11/1/default,F11,splitcifar100,1,reconfiguration,2,194576.759167924,194576.7604971,0.0013291760114952922,79655424,79655424,186646528,186646528,335544320,0,2490945536,0,2270666752,0,0,0,0.1,0,no_interval_samples,
effectiveness_v3_20260918T171321Z_0b9d1439,B/splitcifar100/loose/F11/1/default,F11,splitcifar100,1,resource_transition,3,194576.791176869,194576.79181411,0.0006372409989126027,79655424,79655424,186646528,186646528,335544320,0,2490945536,0,2270666752,0,0,0,0.1,0,no_interval_samples,
effectiveness_v3_20260918T171321Z_0b9d1439,B/splitcifar100/loose/F11/1/default,F11,splitcifar100,1,training,3,194576.820773425,194609.414028459,32.5932550340076,82991104,164258304,211812352,211812352,335544320,0,2488709120,0,2268430336,0,2503389184,0,0.1,210,,
effectiveness_v3_20260918T171321Z_0b9d1439,B/splitcifar100/loose/F11/1/default,F11,splitcifar100,1,evaluation,3,194609.479816414,194610.611835313,1.1320188989921007,82991104,126509056,211812352,211812352,335544320,0,2492796928,0,2272518144,0,2493333504,0,0.1,7,,
effectiveness_v3_20260918T171321Z_0b9d1439,B/splitcifar100/loose/F11/1/default,F11,splitcifar100,1,controller,3,194610.657209286,194610.65736148,0.00015219399938359857,82991104,82991104,211812352,211812352,335544320,0,2492801024,0,2272522240,0,0,0,0.1,0,no_interval_samples,
effectiveness_v3_20260918T171321Z_0b9d1439,B/splitcifar100/loose/F11/1/default,F11,splitcifar100,1,reconfiguration,3,194610.689107379,194610.690437194,0.0013298149860929698,82991104,82991104,211812352,211812352,335544320,0,2492801024,0,2272522240,0,0,0,0.1,0,no_interval_samples,
effectiveness_v3_20260918T171321Z_0b9d1439,B/splitcifar100/loose/F11/1/default,F11,splitcifar100,1,resource_transition,4,194610.718899065,194610.719447769,0.0005487040034495294,82991104,82991104,211812352,211812352,335544320,0,2492801024,0,2272522240,0,0,0,0.1,0,no_interval_samples,
effectiveness_v3_20260918T171321Z_0b9d1439,B/splitcifar100/loose/F11/1/default,F11,splitcifar100,1,training,4,194610.748112843,194647.829674799,37.08156195600168,86326784,168800768,211812352,211812352,335544320,0,2491686912,0,2271408128,0,2505625600,0,0.1,247,,
effectiveness_v3_20260918T171321Z_0b9d1439,B/splitcifar100/loose/F11/1/default,F11,splitcifar100,1,evaluation,4,194647.902622837,194649.115566913,1.212944076018175,86326784,129844736,211812352,211812352,335544320,0,2495651840,0,2275373056,0,2495680512,0,0.1,8,,
effectiveness_v3_20260918T171321Z_0b9d1439,B/splitcifar100/loose/F11/1/default,F11,splitcifar100,1,controller,4,194649.154751775,194649.154890062,0.00013828699593432248,86326784,86326784,211812352,211812352,335544320,0,2495655936,0,2275377152,0,0,0,0.1,0,no_interval_samples,
effectiveness_v3_20260918T171321Z_0b9d1439,B/splitcifar100/loose/F11/1/default,F11,splitcifar100,1,reconfiguration,4,194649.184768258,194649.1862441,0.0014758420002181083,86326784,86326784,211812352,211812352,335544320,0,2495655936,0,2275377152,0,0,0,0.1,0,no_interval_samples,
effectiveness_v3_20260918T171321Z_0b9d1439,B/splitcifar100/loose/F11/1/default,F11,splitcifar100,1,resource_transition,5,194649.213609888,194649.214355342,0.0007454540173057467,86326784,86326784,211812352,211812352,335544320,0,2495655936,0,2275377152,0,0,0,0.1,0,no_interval_samples,
effectiveness_v3_20260918T171321Z_0b9d1439,B/splitcifar100/loose/F11/1/default,F11,splitcifar100,1,training,5,194649.266456286,194690.826324081,41.55986779500381,89662464,172847616,211812352,211812352,335544320,0,2494517248,0,2274238464,0,2513346560,0,0.1,285,,
effectiveness_v3_20260918T171321Z_0b9d1439,B/splitcifar100/loose/F11/1/default,F11,splitcifar100,1,evaluation,5,194690.898756258,194692.676832221,1.7780759630259126,89662464,133180416,211812352,211812352,335544320,0,2494255104,0,2273976320,0,2498498560,0,0.1,11,,
effectiveness_v3_20260918T171321Z_0b9d1439,B/splitcifar100/loose/F11/1/default,F11,splitcifar100,1,controller,5,194692.722405287,194692.722554898,0.000149611005326733,89662464,89662464,211812352,211812352,335544320,0,2494259200,0,2273980416,0,0,0,0.1,0,no_interval_samples,
effectiveness_v3_20260918T171321Z_0b9d1439,B/splitcifar100/loose/F11/1/default,F11,splitcifar100,1,reconfiguration,5,194692.754815453,194692.75666137,0.001845916995080188,89662464,89662464,211812352,211812352,335544320,0,2494259200,0,2273980416,0,0,0,0.1,0,no_interval_samples,
effectiveness_v3_20260918T171321Z_0b9d1439,B/splitcifar100/loose/F11/1/default,F11,splitcifar100,1,resource_transition,6,194692.785405425,194692.786000629,0.0005952040082775056,89662464,89662464,211812352,211812352,335544320,0,2494259200,0,2273980416,0,0,0,0.1,0,no_interval_samples,
effectiveness_v3_20260918T171321Z_0b9d1439,B/splitcifar100/loose/F11/1/default,F11,splitcifar100,1,training,6,194692.834390868,194739.735281737,46.90089086900116,92998144,177537536,211812352,211812352,335544320,0,2496094208,0,2275815424,0,2518650880,0,0.1,328,,
effectiveness_v3_20260918T171321Z_0b9d1439,B/splitcifar100/loose/F11/1/default,F11,splitcifar100,1,evaluation,6,194739.805053489,194742.102704139,2.297650649998104,92998144,136973312,211812352,211812352,335544320,0,2495922176,0,2275643392,0,2502193152,0,0.1,14,,
effectiveness_v3_20260918T171321Z_0b9d1439,B/splitcifar100/loose/F11/1/default,F11,splitcifar100,1,controller,6,194742.149138686,194742.14927913,0.00014044399722479284,92998144,92998144,211812352,211812352,335544320,0,2495926272,0,2275647488,0,0,0,0.1,0,no_interval_samples,
effectiveness_v3_20260918T171321Z_0b9d1439,B/splitcifar100/loose/F11/1/default,F11,splitcifar100,1,reconfiguration,6,194742.180678039,194742.182708789,0.0020307500089984387,92998144,92998144,211812352,211812352,335544320,0,2495926272,0,2275647488,0,0,0,0.1,0,no_interval_samples,
effectiveness_v3_20260918T171321Z_0b9d1439,B/splitcifar100/loose/F11/1/default,F11,splitcifar100,1,resource_transition,7,194742.21038453,194742.210969539,0.0005850090237800032,92998144,92998144,211812352,211812352,335544320,0,2495926272,0,2275647488,0,0,0,0.1,0,no_interval_samples,
effectiveness_v3_20260918T171321Z_0b9d1439,B/splitcifar100/loose/F11/1/default,F11,splitcifar100,1,training,7,194742.270285402,194795.418371081,53.14808567901491,96333824,181434880,218103808,218103808,335544320,0,2497916928,0,2277638144,0,2526048256,0,0.1,364,,
effectiveness_v3_20260918T171321Z_0b9d1439,B/splitcifar100/loose/F11/1/default,F11,splitcifar100,1,evaluation,7,194795.529163922,194797.720107645,2.1909437229915056,96333824,139851776,218103808,218103808,335544320,0,2498088960,0,2277810176,0,2502811648,0,0.1,14,,
effectiveness_v3_20260918T171321Z_0b9d1439,B/splitcifar100/loose/F11/1/default,F11,splitcifar100,1,controller,7,194797.763470895,194797.763653858,0.0001829630054999143,96333824,96333824,218103808,218103808,335544320,0,2498093056,0,2277814272,0,0,0,0.1,0,no_interval_samples,
effectiveness_v3_20260918T171321Z_0b9d1439,B/splitcifar100/loose/F11/1/default,F11,splitcifar100,1,reconfiguration,7,194797.823919412,194797.82743643,0.0035170179908163846,96333824,96333824,218103808,218103808,335544320,0,2498093056,0,2277814272,0,0,0,0.1,0,no_interval_samples,
effectiveness_v3_20260918T171321Z_0b9d1439,B/splitcifar100/loose/F11/1/default,F11,splitcifar100,1,resource_transition,8,194797.861523893,194797.862199782,0.0006758889940101653,96333824,96333824,218103808,218103808,335544320,0,2498093056,0,2277814272,0,0,0,0.1,0,no_interval_samples,
effectiveness_v3_20260918T171321Z_0b9d1439,B/splitcifar100/loose/F11/1/default,F11,splitcifar100,1,training,8,194797.894767246,194857.850067675,59.955300428991904,99669504,185785344,222298112,222298112,335544320,0,2500341760,0,2280062976,0,2526949376,0,0.1,412,,
effectiveness_v3_20260918T171321Z_0b9d1439,B/splitcifar100/loose/F11/1/default,F11,splitcifar100,1,evaluation,8,194857.920436341,194860.601736203,2.681299862015294,99669504,143187456,222298112,222298112,335544320,0,2500194304,0,2279915520,0,2504503296,0,0.1,16,,
effectiveness_v3_20260918T171321Z_0b9d1439,B/splitcifar100/loose/F11/1/default,F11,splitcifar100,1,controller,8,194860.648603184,194860.64872873,0.00012554600834846497,99669504,99669504,222298112,222298112,335544320,0,2500194304,0,2279915520,0,0,0,0.1,0,no_interval_samples,
effectiveness_v3_20260918T171321Z_0b9d1439,B/splitcifar100/loose/F11/1/default,F11,splitcifar100,1,reconfiguration,8,194860.680457998,194860.682832433,0.0023744349891785532,99669504,99669504,222298112,222298112,335544320,0,2500194304,0,2279915520,0,0,0,0.1,0,no_interval_samples,
effectiveness_v3_20260918T171321Z_0b9d1439,B/splitcifar100/loose/F11/1/default,F11,splitcifar100,1,resource_transition,9,194860.70909372,194860.709682627,0.0005889069871045649,99669504,99669504,222298112,222298112,335544320,0,2500194304,0,2279915520,0,0,0,0.1,0,no_interval_samples,
effectiveness_v3_20260918T171321Z_0b9d1439,B/splitcifar100/loose/F11/1/default,F11,splitcifar100,1,training,9,194860.739432682,194938.299604802,77.56017212002189,103005184,190816768,226492416,226492416,335544320,0,2501005312,0,2280726528,0,2534715392,0,0.1,499,,
effectiveness_v3_20260918T171321Z_0b9d1439,B/splitcifar100/loose/F11/1/default,F11,splitcifar100,1,evaluation,9,194938.387909024,194941.45936237,3.0714533459977247,103005184,146523136,226492416,226492416,335544320,0,2501189632,0,2280910848,0,2505908224,0,0.1,19,,
effectiveness_v3_20260918T171321Z_0b9d1439,B/splitcifar100/loose/F11/1/default,F11,splitcifar100,1,controller,9,194941.504486601,194941.504609851,0.0001232499780599028,103005184,103005184,226492416,226492416,335544320,0,2501189632,0,2280910848,0,0,0,0.1,0,no_interval_samples,
effectiveness_v3_20260918T172038Z_15039b60,B/splitcifar100/loose/S0/1/default,S0,splitcifar100,1,setup,,194948.82877167,194950.081484792,1.2527131219976582,1408512,1408512,2097152,2097152,335544320,0,1537503232,0,1317312512,0,1529982976,0,0.1,7,,
effectiveness_v3_20260918T172038Z_15039b60,B/splitcifar100/loose/S0/1/default,S0,splitcifar100,1,resource_transition,0,194950.104604247,194950.105058367,0.00045411998871713877,1408512,1408512,2097152,2097152,335544320,0,1537531904,0,1317324800,0,0,0,0.1,0,no_interval_samples,
effectiveness_v3_20260918T172038Z_15039b60,B/splitcifar100/loose/S0/1/default,S0,splitcifar100,1,training,0,194950.125346553,194956.699354208,6.57400765499915,70750720,95481344,117440512,117440512,335544320,0,2241331200,0,2021111808,0,2241511424,0,0.1,42,,
effectiveness_v3_20260918T172038Z_15039b60,B/splitcifar100/loose/S0/1/default,S0,splitcifar100,1,evaluation,0,194956.768976495,194957.056885601,0.2879091060021892,70750720,114268672,159383552,159383552,335544320,0,2295975936,0,2075756544,0,2295062528,0,0.1,1,,
effectiveness_v3_20260918T172038Z_15039b60,B/splitcifar100/loose/S0/1/default,S0,splitcifar100,1,resource_transition,1,194957.087976572,194957.088525748,0.0005491760093718767,70750720,70750720,159383552,159383552,335544320,0,2295975936,0,2075756544,0,0,0,0.1,0,no_interval_samples,
effectiveness_v3_20260918T172038Z_15039b60,B/splitcifar100/loose/S0/1/default,S0,splitcifar100,1,training,1,194957.140618581,194964.687905201,7.547286619985243,70750720,121942528,159383552,159383552,335544320,0,2291302400,0,2071083008,0,2297110528,0,0.1,46,,
effectiveness_v3_20260918T172038Z_15039b60,B/splitcifar100/loose/S0/1/default,S0,splitcifar100,1,evaluation,1,194964.75183499,194965.177827912,0.42599292201339267,70750720,114268672,159383552,159383552,335544320,0,2295934976,0,2075715584,0,2297982976,0,0.1,3,,
effectiveness_v3_20260918T172038Z_15039b60,B/splitcifar100/loose/S0/1/default,S0,splitcifar100,1,resource_transition,2,194965.209283995,194965.209809504,0.0005255090072751045,70750720,70750720,159383552,159383552,335544320,0,2295934976,0,2075715584,0,0,0,0.1,0,no_interval_samples,
effectiveness_v3_20260918T172038Z_15039b60,B/splitcifar100/loose/S0/1/default,S0,splitcifar100,1,training,2,194965.236833939,194972.562110069,7.325276129995473,70750720,121942528,159383552,159383552,335544320,0,2291556352,0,2071336960,0,2295984128,0,0.1,45,,
effectiveness_v3_20260918T172038Z_15039b60,B/splitcifar100/loose/S0/1/default,S0,splitcifar100,1,evaluation,2,194972.628950828,194973.315085,0.6861341720214114,70750720,114268672,159383552,159383552,335544320,0,2295517184,0,2075297792,0,2295533568,0,0.1,4,,
effectiveness_v3_20260918T172038Z_15039b60,B/splitcifar100/loose/S0/1/default,S0,splitcifar100,1,resource_transition,3,194973.375617232,194973.376260686,0.0006434539973270148,70750720,70750720,159383552,159383552,335544320,0,2295517184,0,2075297792,0,0,0,0.1,0,no_interval_samples,
effectiveness_v3_20260918T172038Z_15039b60,B/splitcifar100/loose/S0/1/default,S0,splitcifar100,1,training,3,194973.407392,194980.796137601,7.388745600997936,70750720,121942528,159383552,159383552,335544320,0,2291671040,0,2071451648,0,2295930880,0,0.1,45,,
effectiveness_v3_20260918T172038Z_15039b60,B/splitcifar100/loose/S0/1/default,S0,splitcifar100,1,evaluation,3,194980.86862385,194981.746520684,0.8778968340193387,70750720,114268672,159383552,159383552,335544320,0,2295627776,0,2075408384,0,2295648256,0,0.1,5,,
effectiveness_v3_20260918T172038Z_15039b60,B/splitcifar100/loose/S0/1/default,S0,splitcifar100,1,resource_transition,4,194981.782468407,194981.783013592,0.0005451850011013448,70750720,70750720,159383552,159383552,335544320,0,2295631872,0,2075412480,0,0,0,0.1,0,no_interval_samples,
effectiveness_v3_20260918T172038Z_15039b60,B/splitcifar100/loose/S0/1/default,S0,splitcifar100,1,training,4,194981.814354667,194989.484953722,7.670599055010825,70750720,121942528,159383552,159383552,335544320,0,2291912704,0,2071693312,0,2295681024,0,0.1,46,,
effectiveness_v3_20260918T172038Z_15039b60,B/splitcifar100/loose/S0/1/default,S0,splitcifar100,1,evaluation,4,194989.555811045,194990.774891034,1.2190799890086055,70750720,114268672,159383552,159383552,335544320,0,2295873536,0,2075654144,0,2295889920,0,0.1,8,,
effectiveness_v3_20260918T172038Z_15039b60,B/splitcifar100/loose/S0/1/default,S0,splitcifar100,1,resource_transition,5,194990.810463108,194990.811092932,0.0006298240041360259,70750720,70750720,159383552,159383552,335544320,0,2295877632,0,2075658240,0,0,0,0.1,0,no_interval_samples,
effectiveness_v3_20260918T172038Z_15039b60,B/splitcifar100/loose/S0/1/default,S0,splitcifar100,1,training,5,194990.842430024,194998.354736822,7.512306797987549,70750720,121942528,159383552,159383552,335544320,0,2291769344,0,2071549952,0,2295906304,0,0.1,46,,
effectiveness_v3_20260918T172038Z_15039b60,B/splitcifar100/loose/S0/1/default,S0,splitcifar100,1,evaluation,5,194998.423683092,195000.010531958,1.5868488659907598,70750720,114268672,159383552,159383552,335544320,0,2296397824,0,2076178432,0,2297401344,0,0.1,9,,
effectiveness_v3_20260918T172038Z_15039b60,B/splitcifar100/loose/S0/1/default,S0,splitcifar100,1,resource_transition,6,195000.04996757,195000.050556181,0.0005886110011488199,70750720,70750720,159383552,159383552,335544320,0,2296401920,0,2076182528,0,0,0,0.1,0,no_interval_samples,
effectiveness_v3_20260918T172038Z_15039b60,B/splitcifar100/loose/S0/1/default,S0,splitcifar100,1,training,6,195000.080859386,195007.501812322,7.420952935994137,70750720,121942528,159383552,159383552,335544320,0,2292043776,0,2071824384,0,2296401920,0,0.1,46,,
effectiveness_v3_20260918T172038Z_15039b60,B/splitcifar100/loose/S0/1/default,S0,splitcifar100,1,evaluation,6,195007.570797407,195009.246108876,1.6753114689781796,70750720,114268672,159383552,159383552,335544320,0,2296004608,0,2075785216,0,2296020992,0,0.1,10,,
effectiveness_v3_20260918T172038Z_15039b60,B/splitcifar100/loose/S0/1/default,S0,splitcifar100,1,resource_transition,7,195009.28475834,195009.285369849,0.0006115089927334338,70750720,70750720,159383552,159383552,335544320,0,2296004608,0,2075785216,0,0,0,0.1,0,no_interval_samples,
effectiveness_v3_20260918T172038Z_15039b60,B/splitcifar100/loose/S0/1/default,S0,splitcifar100,1,training,7,195009.349055888,195016.839229339,7.490173451020382,70750720,121942528,159383552,159383552,335544320,0,2292088832,0,2071869440,0,2296377344,0,0.1,45,,
effectiveness_v3_20260918T172038Z_15039b60,B/splitcifar100/loose/S0/1/default,S0,splitcifar100,1,evaluation,7,195016.90795444,195018.973077888,2.0651234480028506,70750720,114268672,159383552,159383552,335544320,0,2296049664,0,2075830272,0,2296066048,0,0.1,12,,
effectiveness_v3_20260918T172038Z_15039b60,B/splitcifar100/loose/S0/1/default,S0,splitcifar100,1,resource_transition,8,195019.015144017,195019.016040369,0.0008963519940152764,70750720,70750720,159383552,159383552,335544320,0,2296049664,0,2075830272,0,0,0,0.1,0,no_interval_samples,
effectiveness_v3_20260918T172038Z_15039b60,B/splitcifar100/loose/S0/1/default,S0,splitcifar100,1,training,8,195019.056129535,195026.604850693,7.5487211580039,70750720,121942528,159383552,159383552,335544320,0,2292211712,0,2071992320,0,2296545280,0,0.1,46,,
effectiveness_v3_20260918T172038Z_15039b60,B/splitcifar100/loose/S0/1/default,S0,splitcifar100,1,evaluation,8,195026.673049534,195029.225087589,2.552038055000594,70750720,114268672,159383552,159383552,335544320,0,2291900416,0,2071681024,0,2296659968,0,0.1,15,,
effectiveness_v3_20260918T172038Z_15039b60,B/splitcifar100/loose/S0/1/default,S0,splitcifar100,1,resource_transition,9,195029.2709776,195029.271757674,0.0007800739840604365,70750720,70750720,159383552,159383552,335544320,0,2291904512,0,2071685120,0,0,0,0.1,0,no_interval_samples,
effectiveness_v3_20260918T172038Z_15039b60,B/splitcifar100/loose/S0/1/default,S0,splitcifar100,1,training,9,195029.304865767,195036.848177395,7.543311628018273,70750720,121942528,159383552,159383552,335544320,0,2292023296,0,2071803904,0,2292858880,0,0.1,46,,
effectiveness_v3_20260918T172038Z_15039b60,B/splitcifar100/loose/S0/1/default,S0,splitcifar100,1,evaluation,9,195036.917500607,195040.013066563,3.095565955998609,70750720,114268672,159383552,159383552,335544320,0,2291904512,0,2071685120,0,2297655296,0,0.1,19,,
effectiveness_v3_20260918T172216Z_c03835a6,B/splitcifar100/loose/O11/2/default,O11,splitcifar100,2,setup,,195047.2467123,195048.508901488,1.2621891880116891,1408512,1408512,2097152,2097152,335544320,0,1535635456,0,1315437568,0,1528107008,0,0.1,7,,
effectiveness_v3_20260918T172216Z_c03835a6,B/splitcifar100/loose/O11/2/default,O11,splitcifar100,2,resource_transition,0,195048.536830109,195048.537334776,0.0005046669975854456,1408512,1408512,2097152,2097152,335544320,0,1535668224,0,1315437568,0,0,0,0.1,0,no_interval_samples,
effectiveness_v3_20260918T172216Z_c03835a6,B/splitcifar100/loose/O11/2/default,O11,splitcifar100,2,training,0,195048.55878773,195055.008650068,6.449862337991362,70750720,95481344,117440512,117440512,335544320,0,2239512576,0,2019281920,0,2239692800,0,0.1,41,,
effectiveness_v3_20260918T172216Z_c03835a6,B/splitcifar100/loose/O11/2/default,O11,splitcifar100,2,evaluation,0,195055.08396506,195055.402088314,0.31812325399369,70750720,114268672,159383552,159383552,335544320,0,2294214656,0,2073984000,0,2293305344,0,0.1,1,,
effectiveness_v3_20260918T172216Z_c03835a6,B/splitcifar100/loose/O11/2/default,O11,splitcifar100,2,controller,0,195055.437176138,195055.437312212,0.00013607399887405336,70750720,70750720,159383552,159383552,335544320,0,2294214656,0,2073984000,0,0,0,0.1,0,no_interval_samples,
effectiveness_v3_20260918T172216Z_c03835a6,B/splitcifar100/loose/O11/2/default,O11,splitcifar100,2,reconfiguration,0,195055.464686628,195055.464987563,0.0003009350039064884,70750720,70750720,159383552,159383552,335544320,0,2294214656,0,2073984000,0,0,0,0.1,0,no_interval_samples,
effectiveness_v3_20260918T172216Z_c03835a6,B/splitcifar100/loose/O11/2/default,O11,splitcifar100,2,resource_transition,1,195055.490775498,195055.491312776,0.000537277985131368,70750720,70750720,159383552,159383552,335544320,0,2294214656,0,2073984000,0,0,0,0.1,0,no_interval_samples,
effectiveness_v3_20260918T172216Z_c03835a6,B/splitcifar100/loose/O11/2/default,O11,splitcifar100,2,training,1,195055.51723734,195069.564714619,14.047477278974839,72984064,121942528,161480704,161480704,335544320,0,2415378432,0,2195147776,0,2398715904,0,0.1,87,,
effectiveness_v3_20260918T172216Z_c03835a6,B/splitcifar100/loose/O11/2/default,O11,splitcifar100,2,evaluation,1,195069.63839921,195070.103171943,0.46477273298660293,72984064,116502016,161480704,161480704,335544320,0,2419937280,0,2199706624,0,2421448704,0,0.1,3,,
effectiveness_v3_20260918T172216Z_c03835a6,B/splitcifar100/loose/O11/2/default,O11,splitcifar100,2,controller,1,195070.1387836,195070.138915563,0.00013196299551054835,72984064,72984064,161480704,161480704,335544320,0,2419937280,0,2199706624,0,0,0,0.1,0,no_interval_samples,
effectiveness_v3_20260918T172216Z_c03835a6,B/splitcifar100/loose/O11/2/default,O11,splitcifar100,2,reconfiguration,1,195070.167542683,195070.168209183,0.0006665000109933317,72984064,72984064,161480704,161480704,335544320,0,2419937280,0,2199706624,0,0,0,0.1,0,no_interval_samples,
effectiveness_v3_20260918T172216Z_c03835a6,B/splitcifar100/loose/O11/2/default,O11,splitcifar100,2,resource_transition,2,195070.205656108,195070.206417247,0.0007611390028614551,72984064,72984064,161480704,161480704,335544320,0,2419937280,0,2199706624,0,0,0,0.1,0,no_interval_samples,
effectiveness_v3_20260918T172216Z_c03835a6,B/splitcifar100/loose/O11/2/default,O11,splitcifar100,2,training,2,195070.236874265,195091.356351762,21.119477496977197,76319744,155412480,184549376,184549376,335544320,0,2453086208,0,2232815616,0,2458963968,0,0.1,133,,
effectiveness_v3_20260918T172216Z_c03835a6,B/splitcifar100/loose/O11/2/default,O11,splitcifar100,2,evaluation,2,195091.423637023,195092.087729935,0.6640929120185319,76319744,120254464,184549376,184549376,335544320,0,2457231360,0,2236956672,0,2457251840,0,0.1,4,,
effectiveness_v3_20260918T172216Z_c03835a6,B/splitcifar100/loose/O11/2/default,O11,splitcifar100,2,controller,2,195092.130572472,195092.130709629,0.00013715701061300933,76319744,76319744,184549376,184549376,335544320,0,2457231360,0,2236956672,0,0,0,0.1,0,no_interval_samples,
effectiveness_v3_20260918T172216Z_c03835a6,B/splitcifar100/loose/O11/2/default,O11,splitcifar100,2,reconfiguration,2,195092.157891083,195092.15884536,0.000954276998527348,76319744,76319744,184549376,184549376,335544320,0,2457231360,0,2236956672,0,0,0,0.1,0,no_interval_samples,
effectiveness_v3_20260918T172216Z_c03835a6,B/splitcifar100/loose/O11/2/default,O11,splitcifar100,2,resource_transition,3,195092.184620267,195092.185177869,0.0005576019757427275,76319744,76319744,184549376,184549376,335544320,0,2457231360,0,2236956672,0,0,0,0.1,0,no_interval_samples,
effectiveness_v3_20260918T172216Z_c03835a6,B/splitcifar100/loose/O11/2/default,O11,splitcifar100,2,training,3,195092.212774989,195119.814075294,27.601300305017503,79655424,160386560,186646528,186646528,335544320,0,2485981184,0,2265706496,0,2497257472,0,0.1,173,,
effectiveness_v3_20260918T172216Z_c03835a6,B/splitcifar100/loose/O11/2/default,O11,splitcifar100,2,evaluation,3,195119.924279498,195121.051664794,1.127385296014836,79655424,123805184,186646528,186646528,335544320,0,2490654720,0,2270380032,0,2491523072,0,0.1,7,,
effectiveness_v3_20260918T172216Z_c03835a6,B/splitcifar100/loose/O11/2/default,O11,splitcifar100,2,controller,3,195121.094019377,195121.094172053,0.000152676017023623,79655424,79655424,186646528,186646528,335544320,0,2490658816,0,2270384128,0,0,0,0.1,0,no_interval_samples,
effectiveness_v3_20260918T172216Z_c03835a6,B/splitcifar100/loose/O11/2/default,O11,splitcifar100,2,reconfiguration,3,195121.125850237,195121.12705345,0.0012032130034640431,79655424,79655424,186646528,186646528,335544320,0,2490658816,0,2270384128,0,0,0,0.1,0,no_interval_samples,
effectiveness_v3_20260918T172216Z_c03835a6,B/splitcifar100/loose/O11/2/default,O11,splitcifar100,2,resource_transition,4,195121.155033496,195121.155594802,0.0005613059911411256,79655424,79655424,186646528,186646528,335544320,0,2490658816,0,2270384128,0,0,0,0.1,0,no_interval_samples,
effectiveness_v3_20260918T172216Z_c03835a6,B/splitcifar100/loose/O11/2/default,O11,splitcifar100,2,training,4,195121.21308018,195152.290320643,31.077240462996997,82991104,164283904,207618048,207618048,335544320,0,2489356288,0,2269081600,0,2503696384,0,0.1,200,,
effectiveness_v3_20260918T172216Z_c03835a6,B/splitcifar100/loose/O11/2/default,O11,splitcifar100,2,evaluation,4,195152.384454911,195153.710402916,1.3259480050182901,82991104,126509056,207618048,207618048,335544320,0,2493980672,0,2273705984,0,2493992960,0,0.1,8,,
effectiveness_v3_20260918T172216Z_c03835a6,B/splitcifar100/loose/O11/2/default,O11,splitcifar100,2,controller,4,195153.74847636,195153.748637027,0.00016066699754446745,82991104,82991104,207618048,207618048,335544320,0,2493980672,0,2273705984,0,0,0,0.1,0,no_interval_samples,
effectiveness_v3_20260918T172216Z_c03835a6,B/splitcifar100/loose/O11/2/default,O11,splitcifar100,2,reconfiguration,4,195153.776887767,195153.778553471,0.0016657040105201304,82991104,82991104,207618048,207618048,335544320,0,2493980672,0,2273705984,0,0,0,0.1,0,no_interval_samples,
effectiveness_v3_20260918T172216Z_c03835a6,B/splitcifar100/loose/O11/2/default,O11,splitcifar100,2,resource_transition,5,195153.808668545,195153.809246369,0.0005778239865321666,82991104,82991104,207618048,207618048,335544320,0,2493980672,0,2273705984,0,0,0,0.1,0,no_interval_samples,
effectiveness_v3_20260918T172216Z_c03835a6,B/splitcifar100/loose/O11/2/default,O11,splitcifar100,2,training,5,195153.840677183,195189.159682217,35.319005033990834,86326784,168800768,207618048,207618048,335544320,0,2491817984,0,2271543296,0,2507620352,0,0.1,234,,
effectiveness_v3_20260918T172216Z_c03835a6,B/splitcifar100/loose/O11/2/default,O11,splitcifar100,2,evaluation,5,195189.259468257,195190.655915635,1.3964473780069966,86326784,129844736,207618048,207618048,335544320,0,2496438272,0,2276163584,0,2496438272,0,0.1,8,,
effectiveness_v3_20260918T172216Z_c03835a6,B/splitcifar100/loose/O11/2/default,O11,splitcifar100,2,controller,5,195190.695614746,195190.695749088,0.00013434200081974268,86326784,86326784,207618048,207618048,335544320,0,2496442368,0,2276167680,0,0,0,0.1,0,no_interval_samples,
effectiveness_v3_20260918T172216Z_c03835a6,B/splitcifar100/loose/O11/2/default,O11,splitcifar100,2,reconfiguration,5,195190.728746625,195190.730292199,0.00154557399218902,86326784,86326784,207618048,207618048,335544320,0,2496442368,0,2276167680,0,0,0,0.1,0,no_interval_samples,
effectiveness_v3_20260918T172216Z_c03835a6,B/splitcifar100/loose/O11/2/default,O11,splitcifar100,2,resource_transition,6,195190.758297829,195190.758930709,0.0006328800227493048,86326784,86326784,207618048,207618048,335544320,0,2496442368,0,2276167680,0,0,0,0.1,0,no_interval_samples,
effectiveness_v3_20260918T172216Z_c03835a6,B/splitcifar100/loose/O11/2/default,O11,splitcifar100,2,training,6,195190.787911913,195231.847567081,41.059655167977326,89662464,172847616,211812352,211812352,335544320,0,2512064512,0,2291789824,0,2512031744,0,0.1,280,,
effectiveness_v3_20260918T172216Z_c03835a6,B/splitcifar100/loose/O11/2/default,O11,splitcifar100,2,evaluation,6,195231.94754019,195233.886712072,1.9391718819970265,89662464,133180416,211812352,211812352,335544320,0,2498109440,0,2277834752,0,2512076800,0,0.1,12,,
effectiveness_v3_20260918T172216Z_c03835a6,B/splitcifar100/loose/O11/2/default,O11,splitcifar100,2,controller,6,195233.966658639,195233.966831361,0.00017272200784645975,89662464,89662464,211812352,211812352,335544320,0,2498117632,0,2277842944,0,0,0,0.1,0,no_interval_samples,
effectiveness_v3_20260918T172216Z_c03835a6,B/splitcifar100/loose/O11/2/default,O11,splitcifar100,2,reconfiguration,6,195234.003868879,195234.006061111,0.002192232001107186,89662464,89662464,211812352,211812352,335544320,0,2498117632,0,2277842944,0,0,0,0.1,0,no_interval_samples,
effectiveness_v3_20260918T172216Z_c03835a6,B/splitcifar100/loose/O11/2/default,O11,splitcifar100,2,resource_transition,7,195234.037640481,195234.038218777,0.0005782959924545139,89662464,89662464,211812352,211812352,335544320,0,2498117632,0,2277842944,0,0,0,0.1,0,no_interval_samples,
effectiveness_v3_20260918T172216Z_c03835a6,B/splitcifar100/loose/O11/2/default,O11,splitcifar100,2,training,7,195234.069463952,195278.581210658,44.51174670600449,92998144,177563136,216006656,216006656,335544320,0,2496593920,0,2276319232,0,2518679552,0,0.1,311,,
effectiveness_v3_20260918T172216Z_c03835a6,B/splitcifar100/loose/O11/2/default,O11,splitcifar100,2,evaluation,7,195278.651496435,195281.295732635,2.6442361999943387,92998144,136516096,216006656,216006656,335544320,0,2496507904,0,2276233216,0,2501230592,0,0.1,15,,
effectiveness_v3_20260918T172216Z_c03835a6,B/splitcifar100/loose/O11/2/default,O11,splitcifar100,2,controller,7,195281.343153043,195281.343377516,0.00022447298397310078,92998144,92998144,216006656,216006656,335544320,0,2496516096,0,2276241408,0,0,0,0.1,0,no_interval_samples,
effectiveness_v3_20260918T172216Z_c03835a6,B/splitcifar100/loose/O11/2/default,O11,splitcifar100,2,reconfiguration,7,195281.394090285,195281.396826082,0.0027357969956938177,92998144,92998144,216006656,216006656,335544320,0,2496516096,0,2276241408,0,0,0,0.1,0,no_interval_samples,
effectiveness_v3_20260918T172216Z_c03835a6,B/splitcifar100/loose/O11/2/default,O11,splitcifar100,2,resource_transition,8,195281.427680851,195281.428334379,0.0006535279972013086,92998144,92998144,216006656,216006656,335544320,0,2496516096,0,2276241408,0,0,0,0.1,0,no_interval_samples,
effectiveness_v3_20260918T172216Z_c03835a6,B/splitcifar100/loose/O11/2/default,O11,splitcifar100,2,training,8,195281.459193768,195333.910539791,52.45134602297912,96333824,181434880,218103808,218103808,335544320,0,2498162688,0,2277888000,0,2526138368,0,0.1,361,,
effectiveness_v3_20260918T172216Z_c03835a6,B/splitcifar100/loose/O11/2/default,O11,splitcifar100,2,evaluation,8,195333.979578997,195336.965236499,2.985657501994865,96333824,139851776,218103808,218103808,335544320,0,2498150400,0,2277875712,0,2502397952,0,0.1,17,,
effectiveness_v3_20260918T172216Z_c03835a6,B/splitcifar100/loose/O11/2/default,O11,splitcifar100,2,controller,8,195337.036682322,195337.03683159,0.00014926798758096993,96333824,96333824,218103808,218103808,335544320,0,2498150400,0,2277875712,0,0,0,0.1,0,no_interval_samples,
effectiveness_v3_20260918T172216Z_c03835a6,B/splitcifar100/loose/O11/2/default,O11,splitcifar100,2,reconfiguration,8,195337.074914284,195337.077759719,0.0028454349958337843,96333824,96333824,218103808,218103808,335544320,0,2498150400,0,2277875712,0,0,0,0.1,0,no_interval_samples,
effectiveness_v3_20260918T172216Z_c03835a6,B/splitcifar100/loose/O11/2/default,O11,splitcifar100,2,resource_transition,9,195337.109174783,195337.109778459,0.000603676016908139,96333824,96333824,218103808,218103808,335544320,0,2498150400,0,2277875712,0,0,0,0.1,0,no_interval_samples,
effectiveness_v3_20260918T172216Z_c03835a6,B/splitcifar100/loose/O11/2/default,O11,splitcifar100,2,training,9,195337.141249644,195408.727624305,71.58637466101209,99669504,185785344,222298112,222298112,335544320,0,2499874816,0,2279600128,0,2528706560,0,0.1,461,,
effectiveness_v3_20260918T172216Z_c03835a6,B/splitcifar100/loose/O11/2/default,O11,splitcifar100,2,evaluation,9,195408.800590239,195411.877613328,3.077023088990245,99669504,143187456,222298112,222298112,335544320,0,2500042752,0,2279768064,0,2506223616,0,0.1,19,,
effectiveness_v3_20260918T172216Z_c03835a6,B/splitcifar100/loose/O11/2/default,O11,splitcifar100,2,controller,9,195411.925143477,195411.925265968,0.00012249097926542163,99669504,99669504,222298112,222298112,335544320,0,2500042752,0,2279768064,0,0,0,0.1,0,no_interval_samples,
effectiveness_v3_20260918T172828Z_112e26f9,B/splitcifar100/loose/R11/2/default,R11,splitcifar100,2,setup,,195419.203084907,195420.449440229,1.2463553219859023,1408512,1408512,2097152,2097152,335544320,0,1535692800,0,1315490816,0,1529208832,0,0.1,7,,
effectiveness_v3_20260918T172828Z_112e26f9,B/splitcifar100/loose/R11/2/default,R11,splitcifar100,2,resource_transition,0,195420.474500802,195420.474924191,0.00042338899220339954,1408512,1408512,2097152,2097152,335544320,0,1535725568,0,1315503104,0,0,0,0.1,0,no_interval_samples,
effectiveness_v3_20260918T172828Z_112e26f9,B/splitcifar100/loose/R11/2/default,R11,splitcifar100,2,training,0,195420.4960307,195426.769005737,6.272975037019933,70750720,95481344,117440512,117440512,335544320,0,2241769472,0,2021534720,0,2239623168,0,0.1,40,,
effectiveness_v3_20260918T172828Z_112e26f9,B/splitcifar100/loose/R11/2/default,R11,splitcifar100,2,evaluation,0,195426.839638757,195427.061876148,0.22223739098990336,70750720,114268672,159383552,159383552,335544320,0,2294882304,0,2074647552,0,2293972992,0,0.1,1,,
effectiveness_v3_20260918T172828Z_112e26f9,B/splitcifar100/loose/R11/2/default,R11,splitcifar100,2,controller,0,195427.09395898,195427.094093851,0.00013487099204212427,70750720,70750720,159383552,159383552,335544320,0,2294882304,0,2074647552,0,0,0,0.1,0,no_interval_samples,
effectiveness_v3_20260918T172828Z_112e26f9,B/splitcifar100/loose/R11/2/default,R11,splitcifar100,2,reconfiguration,0,195427.121639017,195427.121959878,0.00032086099963635206,70750720,70750720,159383552,159383552,335544320,0,2294882304,0,2074647552,0,0,0,0.1,0,no_interval_samples,
effectiveness_v3_20260918T172828Z_112e26f9,B/splitcifar100/loose/R11/2/default,R11,splitcifar100,2,resource_transition,1,195427.146977294,195427.147521165,0.0005438709922600538,70750720,70750720,159383552,159383552,335544320,0,2294882304,0,2074647552,0,0,0,0.1,0,no_interval_samples,
effectiveness_v3_20260918T172828Z_112e26f9,B/splitcifar100/loose/R11/2/default,R11,splitcifar100,2,training,1,195427.173636442,195434.551398303,7.377761861018371,70750720,121942528,159383552,159383552,335544320,0,2289950720,0,2069715968,0,2295857152,0,0.1,46,,
effectiveness_v3_20260918T172828Z_112e26f9,B/splitcifar100/loose/R11/2/default,R11,splitcifar100,2,evaluation,1,195434.619984663,195435.062548609,0.4425639460096136,70750720,114268672,159383552,159383552,335544320,0,2296635392,0,2076400640,0,2296635392,0,0.1,3,,
effectiveness_v3_20260918T172828Z_112e26f9,B/splitcifar100/loose/R11/2/default,R11,splitcifar100,2,controller,1,195435.096403544,195435.09654046,0.00013691600179299712,70750720,70750720,159383552,159383552,335544320,0,2296635392,0,2076400640,0,0,0,0.1,0,no_interval_samples,
effectiveness_v3_20260918T172828Z_112e26f9,B/splitcifar100/loose/R11/2/default,R11,splitcifar100,2,reconfiguration,1,195435.124556006,195435.125045238,0.0004892320139333606,70750720,70750720,159383552,159383552,335544320,0,2296635392,0,2076400640,0,0,0,0.1,0,no_interval_samples,
effectiveness_v3_20260918T172828Z_112e26f9,B/splitcifar100/loose/R11/2/default,R11,splitcifar100,2,resource_transition,2,195435.156573867,195435.157114904,0.0005410370067693293,70750720,70750720,159383552,159383552,335544320,0,2296635392,0,2076400640,0,0,0,0.1,0,no_interval_samples,
effectiveness_v3_20260918T172828Z_112e26f9,B/splitcifar100/loose/R11/2/default,R11,splitcifar100,2,training,2,195435.1828822,195442.691183117,7.508300916990265,70750720,121942528,159383552,159383552,335544320,0,2290442240,0,2070207488,0,2296721408,0,0.1,46,,
effectiveness_v3_20260918T172828Z_112e26f9,B/splitcifar100/loose/R11/2/default,R11,splitcifar100,2,evaluation,2,195442.760986387,195443.474332953,0.713346565986285,70750720,114268672,159383552,159383552,335544320,0,2295103488,0,2074868736,0,2297143296,0,0.1,4,,
effectiveness_v3_20260918T172828Z_112e26f9,B/splitcifar100/loose/R11/2/default,R11,splitcifar100,2,controller,2,195443.51039286,195443.510537453,0.00014459301019087434,70750720,70750720,159383552,159383552,335544320,0,2295103488,0,2074868736,0,0,0,0.1,0,no_interval_samples,
effectiveness_v3_20260918T172828Z_112e26f9,B/splitcifar100/loose/R11/2/default,R11,splitcifar100,2,reconfiguration,2,195443.539182128,195443.539749276,0.0005671480030287057,70750720,70750720,159383552,159383552,335544320,0,2295103488,0,2074868736,0,0,0,0.1,0,no_interval_samples,
effectiveness_v3_20260918T172828Z_112e26f9,B/splitcifar100/loose/R11/2/default,R11,splitcifar100,2,resource_transition,3,195443.565668915,195443.566220183,0.0005512680218089372,70750720,70750720,159383552,159383552,335544320,0,2295103488,0,2074868736,0,0,0,0.1,0,no_interval_samples,
effectiveness_v3_20260918T172828Z_112e26f9,B/splitcifar100/loose/R11/2/default,R11,splitcifar100,2,training,3,195443.593047155,195451.00996707,7.416919914976461,70750720,121942528,159383552,159383552,335544320,0,2290909184,0,2070674432,0,2291879936,0,0.1,45,,
effectiveness_v3_20260918T172828Z_112e26f9,B/splitcifar100/loose/R11/2/default,R11,splitcifar100,2,evaluation,3,195451.076978004,195452.097151001,1.020172996999463,70750720,114268672,159383552,159383552,335544320,0,2295046144,0,2074811392,0,2295066624,0,0.1,6,,
effectiveness_v3_20260918T172828Z_112e26f9,B/splitcifar100/loose/R11/2/default,R11,splitcifar100,2,controller,3,195452.159275306,195452.159423722,0.0001484160020481795,70750720,70750720,159383552,159383552,335544320,0,2295050240,0,2074815488,0,0,0,0.1,0,no_interval_samples,
effectiveness_v3_20260918T172828Z_112e26f9,B/splitcifar100/loose/R11/2/default,R11,splitcifar100,2,reconfiguration,3,195452.189648018,195452.190511537,0.0008635190024506301,70750720,70750720,159383552,159383552,335544320,0,2295050240,0,2074815488,0,0,0,0.1,0,no_interval_samples,
effectiveness_v3_20260918T172828Z_112e26f9,B/splitcifar100/loose/R11/2/default,R11,splitcifar100,2,resource_transition,4,195452.217337592,195452.217892656,0.0005550639762077481,70750720,70750720,159383552,159383552,335544320,0,2295050240,0,2074815488,0,0,0,0.1,0,no_interval_samples,
effectiveness_v3_20260918T172828Z_112e26f9,B/splitcifar100/loose/R11/2/default,R11,splitcifar100,2,training,4,195452.244146665,195460.095382838,7.851236172980862,70750720,121942528,159383552,159383552,335544320,0,2291539968,0,2071305216,0,2295050240,0,0.1,47,,
effectiveness_v3_20260918T172828Z_112e26f9,B/splitcifar100/loose/R11/2/default,R11,splitcifar100,2,evaluation,4,195460.16542141,195461.456596928,1.2911755180102773,70750720,114268672,159383552,159383552,335544320,0,2296619008,0,2076384256,0,2297159680,0,0.1,8,,
effectiveness_v3_20260918T172828Z_112e26f9,B/splitcifar100/loose/R11/2/default,R11,splitcifar100,2,controller,4,195461.495923452,195461.496099693,0.00017624101019464433,70750720,70750720,159383552,159383552,335544320,0,2296619008,0,2076384256,0,0,0,0.1,0,no_interval_samples,
effectiveness_v3_20260918T172828Z_112e26f9,B/splitcifar100/loose/R11/2/default,R11,splitcifar100,2,reconfiguration,4,195461.526098968,195461.526910412,0.0008114440133795142,70750720,70750720,159383552,159383552,335544320,0,2296619008,0,2076384256,0,0,0,0.1,0,no_interval_samples,
effectiveness_v3_20260918T172828Z_112e26f9,B/splitcifar100/loose/R11/2/default,R11,splitcifar100,2,resource_transition,5,195461.551742539,195461.552398437,0.0006558979803230613,70750720,70750720,159383552,159383552,335544320,0,2296619008,0,2076384256,0,0,0,0.1,0,no_interval_samples,
effectiveness_v3_20260918T172828Z_112e26f9,B/splitcifar100/loose/R11/2/default,R11,splitcifar100,2,training,5,195461.582910444,195469.280099887,7.697189442988019,70750720,121942528,159383552,159383552,335544320,0,2292027392,0,2071792640,0,2296696832,0,0.1,47,,
effectiveness_v3_20260918T172828Z_112e26f9,B/splitcifar100/loose/R11/2/default,R11,splitcifar100,2,evaluation,5,195469.348870682,195470.825157314,1.4762866319797467,70750720,114268672,159383552,159383552,335544320,0,2296168448,0,2075933696,0,2296573952,0,0.1,9,,
effectiveness_v3_20260918T172828Z_112e26f9,B/splitcifar100/loose/R11/2/default,R11,splitcifar100,2,controller,5,195470.869055092,195470.869212148,0.00015705602709203959,70750720,70750720,159383552,159383552,335544320,0,2296176640,0,2075941888,0,0,0,0.1,0,no_interval_samples,
effectiveness_v3_20260918T172828Z_112e26f9,B/splitcifar100/loose/R11/2/default,R11,splitcifar100,2,reconfiguration,5,195470.898874619,195470.899803693,0.0009290740126743913,70750720,70750720,159383552,159383552,335544320,0,2296176640,0,2075941888,0,0,0,0.1,0,no_interval_samples,
effectiveness_v3_20260918T172828Z_112e26f9,B/splitcifar100/loose/R11/2/default,R11,splitcifar100,2,resource_transition,6,195470.925847536,195470.926377878,0.0005303419893607497,70750720,70750720,159383552,159383552,335544320,0,2296176640,0,2075941888,0,0,0,0.1,0,no_interval_samples,
effectiveness_v3_20260918T172828Z_112e26f9,B/splitcifar100/loose/R11/2/default,R11,splitcifar100,2,training,6,195470.952550183,195478.667341296,7.714791113015963,70750720,121942528,159383552,159383552,335544320,0,2292719616,0,2072484864,0,2296176640,0,0.1,48,,
effectiveness_v3_20260918T172828Z_112e26f9,B/splitcifar100/loose/R11/2/default,R11,splitcifar100,2,evaluation,6,195478.740063464,195480.392632581,1.652569116995437,70750720,114268672,159383552,159383552,335544320,0,2296815616,0,2076580864,0,2297348096,0,0.1,10,,
effectiveness_v3_20260918T172828Z_112e26f9,B/splitcifar100/loose/R11/2/default,R11,splitcifar100,2,controller,6,195480.430315508,195480.430449212,0.00013370398664847016,70750720,70750720,159383552,159383552,335544320,0,2296823808,0,2076589056,0,0,0,0.1,0,no_interval_samples,
effectiveness_v3_20260918T172828Z_112e26f9,B/splitcifar100/loose/R11/2/default,R11,splitcifar100,2,reconfiguration,6,195480.459517722,195480.460545666,0.0010279440029989928,70750720,70750720,159383552,159383552,335544320,0,2296823808,0,2076589056,0,0,0,0.1,0,no_interval_samples,
effectiveness_v3_20260918T172828Z_112e26f9,B/splitcifar100/loose/R11/2/default,R11,splitcifar100,2,resource_transition,7,195480.496500296,195480.497125379,0.0006250830192584544,70750720,70750720,159383552,159383552,335544320,0,2296823808,0,2076589056,0,0,0,0.1,0,no_interval_samples,
effectiveness_v3_20260918T172828Z_112e26f9,B/splitcifar100/loose/R11/2/default,R11,splitcifar100,2,training,7,195480.524925869,195487.70595507,7.181029201019555,70750720,126998016,159383552,159383552,335544320,0,2293571584,0,2073336832,0,2297593856,0,0.1,44,,
effectiveness_v3_20260918T172828Z_112e26f9,B/splitcifar100/loose/R11/2/default,R11,splitcifar100,2,evaluation,7,195487.776353803,195489.631991193,1.855637389991898,70750720,114268672,159383552,159383552,335544320,0,2297839616,0,2077604864,0,2297987072,0,0.1,12,,
effectiveness_v3_20260918T172828Z_112e26f9,B/splitcifar100/loose/R11/2/default,R11,splitcifar100,2,controller,7,195489.671332692,195489.671483877,0.00015118499868549407,70750720,70750720,159383552,159383552,335544320,0,2297843712,0,2077608960,0,0,0,0.1,0,no_interval_samples,
effectiveness_v3_20260918T172828Z_112e26f9,B/splitcifar100/loose/R11/2/default,R11,splitcifar100,2,reconfiguration,7,195489.702095673,195489.703051506,0.0009558329766150564,70750720,70750720,159383552,159383552,335544320,0,2297843712,0,2077608960,0,0,0,0.1,0,no_interval_samples,
effectiveness_v3_20260918T172828Z_112e26f9,B/splitcifar100/loose/R11/2/default,R11,splitcifar100,2,resource_transition,8,195489.730854811,195489.731421237,0.0005664259952027351,70750720,70750720,159383552,159383552,335544320,0,2297843712,0,2077608960,0,2297843712,0,0.1,1,,
effectiveness_v3_20260918T172828Z_112e26f9,B/splitcifar100/loose/R11/2/default,R11,splitcifar100,2,training,8,195489.769605218,195496.931490075,7.161884856992401,70750720,126998016,159383552,159383552,335544320,0,2293776384,0,2073541632,0,2298384384,0,0.1,45,,
effectiveness_v3_20260918T172828Z_112e26f9,B/splitcifar100/loose/R11/2/default,R11,splitcifar100,2,evaluation,8,195496.998819856,195499.386972441,2.3881525849865284,70750720,114268672,159383552,159383552,335544320,0,2293641216,0,2073406464,0,2298404864,0,0.1,15,,
effectiveness_v3_20260918T172828Z_112e26f9,B/splitcifar100/loose/R11/2/default,R11,splitcifar100,2,controller,8,195499.430536386,195499.430712914,0.00017652800306677818,70750720,70750720,159383552,159383552,335544320,0,2293641216,0,2073406464,0,0,0,0.1,0,no_interval_samples,
effectiveness_v3_20260918T172828Z_112e26f9,B/splitcifar100/loose/R11/2/default,R11,splitcifar100,2,reconfiguration,8,195499.489126536,195499.490789174,0.0016626379801891744,70750720,70750720,159383552,159383552,335544320,0,2293641216,0,2073406464,0,0,0,0.1,0,no_interval_samples,
effectiveness_v3_20260918T172828Z_112e26f9,B/splitcifar100/loose/R11/2/default,R11,splitcifar100,2,resource_transition,9,195499.521086231,195499.521647888,0.0005616570124402642,70750720,70750720,159383552,159383552,335544320,0,2293641216,0,2073406464,0,0,0,0.1,0,no_interval_samples,
effectiveness_v3_20260918T172828Z_112e26f9,B/splitcifar100/loose/R11/2/default,R11,splitcifar100,2,training,9,195499.549866657,195506.766760644,7.21689398700255,70750720,126998016,159383552,159383552,335544320,0,2294157312,0,2073922560,0,2295054336,0,0.1,45,,
effectiveness_v3_20260918T172828Z_112e26f9,B/splitcifar100/loose/R11/2/default,R11,splitcifar100,2,evaluation,9,195506.862827619,195509.52869082,2.6658632009930443,70750720,114268672,159383552,159383552,335544320,0,2294075392,0,2073840640,0,2299830272,0,0.1,16,,
effectiveness_v3_20260918T172828Z_112e26f9,B/splitcifar100/loose/R11/2/default,R11,splitcifar100,2,controller,9,195509.571586671,195509.571707523,0.00012085199705325067,70750720,70750720,159383552,159383552,335544320,0,2294075392,0,2073840640,0,0,0,0.1,0,no_interval_samples,
effectiveness_v3_20260918T173006Z_a240ced0,B/splitcifar100/loose/F11/2/default,F11,splitcifar100,2,setup,,195516.765746776,195518.019846366,1.254099590005353,1408512,1408512,2097152,2097152,335544320,0,1535643648,0,1315429376,0,1528131584,0,0.1,7,,
effectiveness_v3_20260918T173006Z_a240ced0,B/splitcifar100/loose/F11/2/default,F11,splitcifar100,2,resource_transition,0,195518.043416347,195518.043865217,0.0004488700069487095,1408512,1408512,2097152,2097152,335544320,0,1535664128,0,1315441664,0,0,0,0.1,0,no_interval_samples,
effectiveness_v3_20260918T173006Z_a240ced0,B/splitcifar100/loose/F11/2/default,F11,splitcifar100,2,training,0,195518.064401106,195531.044451533,12.980050426995149,72984064,96682496,119537664,119537664,335544320,0,2354929664,0,2134694912,0,2340311040,0,0.1,82,,
effectiveness_v3_20260918T173006Z_a240ced0,B/splitcifar100/loose/F11/2/default,F11,splitcifar100,2,evaluation,0,195531.112481985,195531.396070388,0.2835884029918816,72984064,116502016,161480704,161480704,335544320,0,2405302272,0,2185067520,0,2404388864,0,0.1,2,,
effectiveness_v3_20260918T173006Z_a240ced0,B/splitcifar100/loose/F11/2/default,F11,splitcifar100,2,controller,0,195531.430392138,195531.430521295,0.0001291570079047233,72984064,72984064,161480704,161480704,335544320,0,2405302272,0,2185067520,0,0,0,0.1,0,no_interval_samples,
effectiveness_v3_20260918T173006Z_a240ced0,B/splitcifar100/loose/F11/2/default,F11,splitcifar100,2,reconfiguration,0,195531.458653619,195531.459231906,0.0005782869993709028,72984064,72984064,161480704,161480704,335544320,0,2405302272,0,2185067520,0,0,0,0.1,0,no_interval_samples,
effectiveness_v3_20260918T173006Z_a240ced0,B/splitcifar100/loose/F11/2/default,F11,splitcifar100,2,resource_transition,1,195531.509894238,195531.51045497,0.0005607320053968579,72984064,72984064,161480704,161480704,335544320,0,2405302272,0,2185067520,0,0,0,0.1,0,no_interval_samples,
effectiveness_v3_20260918T173006Z_a240ced0,B/splitcifar100/loose/F11/2/default,F11,splitcifar100,2,training,1,195531.538955062,195552.318389275,20.779434213007335,76319744,155412480,184549376,184549376,335544320,0,2453585920,0,2233311232,0,2460479488,0,0.1,132,,
effectiveness_v3_20260918T173006Z_a240ced0,B/splitcifar100/loose/F11/2/default,F11,splitcifar100,2,evaluation,1,195552.40083999,195552.871503282,0.47066329198423773,76319744,120254464,184549376,184549376,335544320,0,2459459584,0,2239180800,0,2459656192,0,0.1,3,,
effectiveness_v3_20260918T173006Z_a240ced0,B/splitcifar100/loose/F11/2/default,F11,splitcifar100,2,controller,1,195552.908231866,195552.90836557,0.00013370401575230062,76319744,76319744,184549376,184549376,335544320,0,2459459584,0,2239180800,0,0,0,0.1,0,no_interval_samples,
effectiveness_v3_20260918T173006Z_a240ced0,B/splitcifar100/loose/F11/2/default,F11,splitcifar100,2,reconfiguration,1,195552.937643404,195552.938448746,0.0008053419878706336,76319744,76319744,184549376,184549376,335544320,0,2459459584,0,2239180800,0,0,0,0.1,0,no_interval_samples,
effectiveness_v3_20260918T173006Z_a240ced0,B/splitcifar100/loose/F11/2/default,F11,splitcifar100,2,resource_transition,2,195552.964914932,195552.965467858,0.0005529260088223964,76319744,76319744,184549376,184549376,335544320,0,2459459584,0,2239180800,0,0,0,0.1,0,no_interval_samples,
effectiveness_v3_20260918T173006Z_a240ced0,B/splitcifar100/loose/F11/2/default,F11,splitcifar100,2,training,2,195552.993229072,195579.961777684,26.968548611999722,79655424,160386560,186646528,186646528,335544320,0,2486403072,0,2266124288,0,2498654208,0,0.1,175,,
effectiveness_v3_20260918T173006Z_a240ced0,B/splitcifar100/loose/F11/2/default,F11,splitcifar100,2,evaluation,2,195580.036170683,195580.81322355,0.7770528670225758,79655424,123805184,186646528,186646528,335544320,0,2492297216,0,2272018432,0,2492837888,0,0.1,5,,
effectiveness_v3_20260918T173006Z_a240ced0,B/splitcifar100/loose/F11/2/default,F11,splitcifar100,2,controller,2,195580.854696771,195580.854837938,0.00014116699458099902,79655424,79655424,186646528,186646528,335544320,0,2492297216,0,2272018432,0,0,0,0.1,0,no_interval_samples,
effectiveness_v3_20260918T173006Z_a240ced0,B/splitcifar100/loose/F11/2/default,F11,splitcifar100,2,reconfiguration,2,195580.888055615,195580.889122402,0.0010667869937606156,79655424,79655424,186646528,186646528,335544320,0,2492297216,0,2272018432,0,0,0,0.1,0,no_interval_samples,
effectiveness_v3_20260918T173006Z_a240ced0,B/splitcifar100/loose/F11/2/default,F11,splitcifar100,2,resource_transition,3,195580.935365996,195580.935994922,0.0006289260054472834,79655424,79655424,186646528,186646528,335544320,0,2492297216,0,2272018432,0,0,0,0.1,0,no_interval_samples,
effectiveness_v3_20260918T173006Z_a240ced0,B/splitcifar100/loose/F11/2/default,F11,splitcifar100,2,training,3,195580.968836191,195614.129051709,33.16021551800077,82991104,164258304,211812352,211812352,335544320,0,2488786944,0,2268508160,0,2501267456,0,0.1,214,,
effectiveness_v3_20260918T173006Z_a240ced0,B/splitcifar100/loose/F11/2/default,F11,splitcifar100,2,evaluation,3,195614.198228939,195615.325282976,1.127054037002381,82991104,126509056,211812352,211812352,335544320,0,2488647680,0,2268368896,0,2492874752,0,0.1,7,,
effectiveness_v3_20260918T173006Z_a240ced0,B/splitcifar100/loose/F11/2/default,F11,splitcifar100,2,controller,3,195615.36689614,195615.367043428,0.00014728799578733742,82991104,82991104,211812352,211812352,335544320,0,2488651776,0,2268372992,0,0,0,0.1,0,no_interval_samples,
effectiveness_v3_20260918T173006Z_a240ced0,B/splitcifar100/loose/F11/2/default,F11,splitcifar100,2,reconfiguration,3,195615.399570046,195615.400894851,0.0013248049945104867,82991104,82991104,211812352,211812352,335544320,0,2488651776,0,2268372992,0,0,0,0.1,0,no_interval_samples,
effectiveness_v3_20260918T173006Z_a240ced0,B/splitcifar100/loose/F11/2/default,F11,splitcifar100,2,resource_transition,4,195615.430727646,195615.431283164,0.0005555180250667036,82991104,82991104,211812352,211812352,335544320,0,2488651776,0,2268372992,0,0,0,0.1,0,no_interval_samples,
effectiveness_v3_20260918T173006Z_a240ced0,B/splitcifar100/loose/F11/2/default,F11,splitcifar100,2,training,4,195615.459300561,195651.337265395,35.877964834013255,86326784,168800768,211812352,211812352,335544320,0,2491392000,0,2271113216,0,2507055104,0,0.1,239,,
effectiveness_v3_20260918T173006Z_a240ced0,B/splitcifar100/loose/F11/2/default,F11,splitcifar100,2,evaluation,4,195651.434809694,195652.972338688,1.5375289939984214,86326784,129844736,211812352,211812352,335544320,0,2491224064,0,2270945280,0,2498351104,0,0.1,9,,
effectiveness_v3_20260918T173006Z_a240ced0,B/splitcifar100/loose/F11/2/default,F11,splitcifar100,2,controller,4,195653.017249754,195653.017402559,0.00015280500520020723,86326784,86326784,211812352,211812352,335544320,0,2491228160,0,2270949376,0,0,0,0.1,0,no_interval_samples,
effectiveness_v3_20260918T173006Z_a240ced0,B/splitcifar100/loose/F11/2/default,F11,splitcifar100,2,reconfiguration,4,195653.051324949,195653.053328903,0.0020039540249854326,86326784,86326784,211812352,211812352,335544320,0,2491228160,0,2270949376,0,0,0,0.1,0,no_interval_samples,
effectiveness_v3_20260918T173006Z_a240ced0,B/splitcifar100/loose/F11/2/default,F11,splitcifar100,2,resource_transition,5,195653.082943913,195653.083573459,0.0006295460043475032,86326784,86326784,211812352,211812352,335544320,0,2491228160,0,2270949376,0,0,0,0.1,0,no_interval_samples,
effectiveness_v3_20260918T173006Z_a240ced0,B/splitcifar100/loose/F11/2/default,F11,splitcifar100,2,training,5,195653.113131154,195694.462166625,41.34903547097929,89662464,172847616,211812352,211812352,335544320,0,2494382080,0,2274103296,0,2512982016,0,0.1,282,,
effectiveness_v3_20260918T173006Z_a240ced0,B/splitcifar100/loose/F11/2/default,F11,splitcifar100,2,evaluation,5,195694.574621376,195696.393904877,1.8192835010122508,89662464,133180416,211812352,211812352,335544320,0,2493890560,0,2273611776,0,2498543616,0,0.1,11,,
effectiveness_v3_20260918T173006Z_a240ced0,B/splitcifar100/loose/F11/2/default,F11,splitcifar100,2,controller,5,195696.44086911,195696.441022008,0.0001528979919385165,89662464,89662464,211812352,211812352,335544320,0,2493894656,0,2273615872,0,0,0,0.1,0,no_interval_samples,
effectiveness_v3_20260918T173006Z_a240ced0,B/splitcifar100/loose/F11/2/default,F11,splitcifar100,2,reconfiguration,5,195696.47319587,195696.474969101,0.0017732309934217483,89662464,89662464,211812352,211812352,335544320,0,2493894656,0,2273615872,0,0,0,0.1,0,no_interval_samples,
effectiveness_v3_20260918T173006Z_a240ced0,B/splitcifar100/loose/F11/2/default,F11,splitcifar100,2,resource_transition,6,195696.501821314,195696.502382129,0.00056081498041749,89662464,89662464,211812352,211812352,335544320,0,2493894656,0,2273615872,0,0,0,0.1,0,no_interval_samples,
effectiveness_v3_20260918T173006Z_a240ced0,B/splitcifar100/loose/F11/2/default,F11,splitcifar100,2,training,6,195696.531275063,195742.943070158,46.411795095016714,92998144,177537536,211812352,211812352,335544320,0,2496212992,0,2275934208,0,2518470656,0,0.1,327,,
effectiveness_v3_20260918T173006Z_a240ced0,B/splitcifar100/loose/F11/2/default,F11,splitcifar100,2,evaluation,6,195743.053310805,195745.102734706,2.0494239009858575,92998144,136973312,211812352,211812352,335544320,0,2496040960,0,2275762176,0,2502713344,0,0.1,12,,
effectiveness_v3_20260918T173006Z_a240ced0,B/splitcifar100/loose/F11/2/default,F11,splitcifar100,2,controller,6,195745.178709541,195745.178886217,0.00017667599604465067,92998144,92998144,211812352,211812352,335544320,0,2496045056,0,2275766272,0,0,0,0.1,0,no_interval_samples,
effectiveness_v3_20260918T173006Z_a240ced0,B/splitcifar100/loose/F11/2/default,F11,splitcifar100,2,reconfiguration,6,195745.217084209,195745.219448718,0.0023645090113859624,92998144,92998144,211812352,211812352,335544320,0,2496045056,0,2275766272,0,0,0,0.1,0,no_interval_samples,
effectiveness_v3_20260918T173006Z_a240ced0,B/splitcifar100/loose/F11/2/default,F11,splitcifar100,2,resource_transition,7,195745.252282849,195745.252938978,0.0006561290065292269,92998144,92998144,211812352,211812352,335544320,0,2496045056,0,2275766272,0,0,0,0.1,0,no_interval_samples,
effectiveness_v3_20260918T173006Z_a240ced0,B/splitcifar100/loose/F11/2/default,F11,splitcifar100,2,training,7,195745.287516238,195797.375656953,52.08814071500092,96333824,181434880,218103808,218103808,335544320,0,2498064384,0,2277785600,0,2528665600,0,0.1,359,,
effectiveness_v3_20260918T173006Z_a240ced0,B/splitcifar100/loose/F11/2/default,F11,splitcifar100,2,evaluation,7,195797.47019384,195799.776934821,2.306740981002804,96333824,139851776,218103808,218103808,335544320,0,2497904640,0,2277625856,0,2502152192,0,0.1,14,,
effectiveness_v3_20260918T173006Z_a240ced0,B/splitcifar100/loose/F11/2/default,F11,splitcifar100,2,controller,7,195799.823909894,195799.824087218,0.00017732399282976985,96333824,96333824,218103808,218103808,335544320,0,2497908736,0,2277629952,0,0,0,0.1,0,no_interval_samples,
effectiveness_v3_20260918T173006Z_a240ced0,B/splitcifar100/loose/F11/2/default,F11,splitcifar100,2,reconfiguration,7,195799.868620412,195799.871563903,0.002943491010228172,96333824,96333824,218103808,218103808,335544320,0,2497908736,0,2277629952,0,0,0,0.1,0,no_interval_samples,
effectiveness_v3_20260918T173006Z_a240ced0,B/splitcifar100/loose/F11/2/default,F11,splitcifar100,2,resource_transition,8,195799.901744959,195799.902422978,0.0006780189869459718,96333824,96333824,218103808,218103808,335544320,0,2497908736,0,2277629952,0,0,0,0.1,0,no_interval_samples,
effectiveness_v3_20260918T173006Z_a240ced0,B/splitcifar100/loose/F11/2/default,F11,splitcifar100,2,training,8,195799.933505025,195858.690951125,58.75744610000402,99669504,185785344,222298112,222298112,335544320,0,2500222976,0,2279944192,0,2529210368,0,0.1,404,,
effectiveness_v3_20260918T173006Z_a240ced0,B/splitcifar100/loose/F11/2/default,F11,splitcifar100,2,evaluation,8,195858.758102538,195861.569058904,2.8109563659818377,99669504,143187456,222298112,222298112,335544320,0,2500136960,0,2279858176,0,2506682368,0,0.1,16,,
effectiveness_v3_20260918T173006Z_a240ced0,B/splitcifar100/loose/F11/2/default,F11,splitcifar100,2,controller,8,195861.617404683,195861.617540896,0.00013621299876831472,99669504,99669504,222298112,222298112,335544320,0,2500136960,0,2279858176,0,0,0,0.1,0,no_interval_samples,
effectiveness_v3_20260918T173006Z_a240ced0,B/splitcifar100/loose/F11/2/default,F11,splitcifar100,2,reconfiguration,8,195861.650883925,195861.653536517,0.002652591996593401,99669504,99669504,222298112,222298112,335544320,0,2500136960,0,2279858176,0,0,0,0.1,0,no_interval_samples,
effectiveness_v3_20260918T173006Z_a240ced0,B/splitcifar100/loose/F11/2/default,F11,splitcifar100,2,resource_transition,9,195861.695558453,195861.696319296,0.0007608429878018796,99669504,99669504,222298112,222298112,335544320,0,2500136960,0,2279858176,0,0,0,0.1,0,no_interval_samples,
effectiveness_v3_20260918T173006Z_a240ced0,B/splitcifar100/loose/F11/2/default,F11,splitcifar100,2,training,9,195861.728414389,195940.585129398,78.8567150089948,103005184,190816768,226492416,226492416,335544320,0,2500870144,0,2280591360,0,2534080512,0,0.1,508,,
effectiveness_v3_20260918T173006Z_a240ced0,B/splitcifar100/loose/F11/2/default,F11,splitcifar100,2,evaluation,9,195940.678024258,195943.469273795,2.7912495369964745,103005184,146523136,226492416,226492416,335544320,0,2501058560,0,2280779776,0,2505310208,0,0.1,18,,
effectiveness_v3_20260918T173006Z_a240ced0,B/splitcifar100/loose/F11/2/default,F11,splitcifar100,2,controller,9,195943.548796415,195943.548934118,0.00013770299847237766,103005184,103005184,226492416,226492416,335544320,0,2501058560,0,2280779776,0,0,0,0.1,0,no_interval_samples,
effectiveness_v3_20260918T173720Z_d27c9c53,B/splitcifar100/loose/S0/2/default,S0,splitcifar100,2,setup,,195950.826891174,195952.084964053,1.2580728790198918,1408512,1408512,2097152,2097152,335544320,0,1536798720,0,1316613120,0,1532858368,0,0.1,8,,
effectiveness_v3_20260918T173720Z_d27c9c53,B/splitcifar100/loose/S0/2/default,S0,splitcifar100,2,resource_transition,0,195952.112358589,195952.112821765,0.0004631760239135474,1408512,1408512,2097152,2097152,335544320,0,1536843776,0,1316613120,0,0,0,0.1,0,no_interval_samples,
effectiveness_v3_20260918T173720Z_d27c9c53,B/splitcifar100/loose/S0/2/default,S0,splitcifar100,2,training,0,195952.135763802,195958.605843108,6.470079305989202,70750720,95481344,117440512,117440512,335544320,0,2241400832,0,2021170176,0,2240913408,0,0.1,41,,
effectiveness_v3_20260918T173720Z_d27c9c53,B/splitcifar100/loose/S0/2/default,S0,splitcifar100,2,evaluation,0,195958.68100948,195958.915419265,0.23440978498547338,70750720,114268672,159383552,159383552,335544320,0,2296057856,0,2075827200,0,2295148544,0,0.1,1,,
effectiveness_v3_20260918T173720Z_d27c9c53,B/splitcifar100/loose/S0/2/default,S0,splitcifar100,2,resource_transition,1,195958.947698626,195958.94823444,0.0005358140042517334,70750720,70750720,159383552,159383552,335544320,0,2296066048,0,2075835392,0,0,0,0.1,0,no_interval_samples,
effectiveness_v3_20260918T173720Z_d27c9c53,B/splitcifar100/loose/S0/2/default,S0,splitcifar100,2,training,1,195958.976817875,195966.556209194,7.579391319013666,70750720,121942528,159383552,159383552,335544320,0,2291261440,0,2071030784,0,2297180160,0,0.1,46,,
effectiveness_v3_20260918T173720Z_d27c9c53,B/splitcifar100/loose/S0/2/default,S0,splitcifar100,2,evaluation,1,195966.626007204,195967.081564024,0.45555682000122033,70750720,114268672,159383552,159383552,335544320,0,2295898112,0,2075667456,0,2297942016,0,0.1,3,,
effectiveness_v3_20260918T173720Z_d27c9c53,B/splitcifar100/loose/S0/2/default,S0,splitcifar100,2,resource_transition,2,195967.116645062,195967.117206284,0.0005612219974864274,70750720,70750720,159383552,159383552,335544320,0,2295898112,0,2075667456,0,0,0,0.1,0,no_interval_samples,
effectiveness_v3_20260918T173720Z_d27c9c53,B/splitcifar100/loose/S0/2/default,S0,splitcifar100,2,training,2,195967.146676896,195974.617134332,7.470457435993012,70750720,121942528,159383552,159383552,335544320,0,2291507200,0,2071276544,0,2295898112,0,0.1,46,,
effectiveness_v3_20260918T173720Z_d27c9c53,B/splitcifar100/loose/S0/2/default,S0,splitcifar100,2,evaluation,2,195974.687521423,195975.425430867,0.7379094439966138,70750720,114268672,159383552,159383552,335544320,0,2295468032,0,2075237376,0,2295484416,0,0.1,5,,
effectiveness_v3_20260918T173720Z_d27c9c53,B/splitcifar100/loose/S0/2/default,S0,splitcifar100,2,resource_transition,3,195975.461712757,195975.462299127,0.000586369977099821,70750720,70750720,159383552,159383552,335544320,0,2295468032,0,2075237376,0,0,0,0.1,0,no_interval_samples,
effectiveness_v3_20260918T173720Z_d27c9c53,B/splitcifar100/loose/S0/2/default,S0,splitcifar100,2,training,3,195975.491953721,195982.339936644,6.847982923005475,70750720,121942528,159383552,159383552,335544320,0,2291650560,0,2071419904,0,2295574528,0,0.1,42,,
effectiveness_v3_20260918T173720Z_d27c9c53,B/splitcifar100/loose/S0/2/default,S0,splitcifar100,2,evaluation,3,195982.40838422,195983.409063634,1.0006794139917474,70750720,114268672,159383552,159383552,335544320,0,2295607296,0,2075376640,0,2295627776,0,0.1,6,,
effectiveness_v3_20260918T173720Z_d27c9c53,B/splitcifar100/loose/S0/2/default,S0,splitcifar100,2,resource_transition,4,195983.447249894,195983.447861459,0.0006115649885032326,70750720,70750720,159383552,159383552,335544320,0,2295611392,0,2075380736,0,0,0,0.1,0,no_interval_samples,
effectiveness_v3_20260918T173720Z_d27c9c53,B/splitcifar100/loose/S0/2/default,S0,splitcifar100,2,training,4,195983.50806647,195991.157864477,7.649798006983474,70750720,121942528,159383552,159383552,335544320,0,2291691520,0,2071460864,0,2295648256,0,0.1,45,,
effectiveness_v3_20260918T173720Z_d27c9c53,B/splitcifar100/loose/S0/2/default,S0,splitcifar100,2,evaluation,4,195991.260903875,195992.464592516,1.2036886409914587,70750720,114268672,159383552,159383552,335544320,0,2295652352,0,2075421696,0,2295676928,0,0.1,7,,
effectiveness_v3_20260918T173720Z_d27c9c53,B/splitcifar100/loose/S0/2/default,S0,splitcifar100,2,resource_transition,5,195992.504747443,195992.505403424,0.0006559810135513544,70750720,70750720,159383552,159383552,335544320,0,2295656448,0,2075425792,0,0,0,0.1,0,no_interval_samples,
effectiveness_v3_20260918T173720Z_d27c9c53,B/splitcifar100/loose/S0/2/default,S0,splitcifar100,2,training,5,195992.536080481,195999.954566907,7.418486426002346,70750720,121942528,159383552,159383552,335544320,0,2291736576,0,2071505920,0,2296205312,0,0.1,45,,
effectiveness_v3_20260918T173720Z_d27c9c53,B/splitcifar100/loose/S0/2/default,S0,splitcifar100,2,evaluation,5,196000.023093611,196001.515415078,1.4923214669979643,70750720,114268672,159383552,159383552,335544320,0,2296373248,0,2076142592,0,2297368576,0,0.1,9,,
effectiveness_v3_20260918T173720Z_d27c9c53,B/splitcifar100/loose/S0/2/default,S0,splitcifar100,2,resource_transition,6,196001.577423811,196001.578126079,0.0007022680074442178,70750720,70750720,159383552,159383552,335544320,0,2296377344,0,2076146688,0,0,0,0.1,0,no_interval_samples,
effectiveness_v3_20260918T173720Z_d27c9c53,B/splitcifar100/loose/S0/2/default,S0,splitcifar100,2,training,6,196001.612248673,196009.198368081,7.58611940802075,70750720,121942528,159383552,159383552,335544320,0,2292072448,0,2071841792,0,2296541184,0,0.1,46,,
effectiveness_v3_20260918T173720Z_d27c9c53,B/splitcifar100/loose/S0/2/default,S0,splitcifar100,2,evaluation,6,196009.307488505,196011.265084108,1.957595602987567,70750720,114268672,159383552,159383552,335544320,0,2291806208,0,2071575552,0,2296057856,0,0.1,12,,
effectiveness_v3_20260918T173720Z_d27c9c53,B/splitcifar100/loose/S0/2/default,S0,splitcifar100,2,resource_transition,7,196011.307137304,196011.307848026,0.0007107220008037984,70750720,70750720,159383552,159383552,335544320,0,2291806208,0,2071575552,0,0,0,0.1,0,no_interval_samples,
effectiveness_v3_20260918T173720Z_d27c9c53,B/splitcifar100/loose/S0/2/default,S0,splitcifar100,2,training,7,196011.340370268,196019.043210393,7.702840124984505,70750720,121942528,159383552,159383552,335544320,0,2292129792,0,2071899136,0,2292850688,0,0.1,47,,
effectiveness_v3_20260918T173720Z_d27c9c53,B/splitcifar100/loose/S0/2/default,S0,splitcifar100,2,evaluation,7,196019.108564747,196021.116380533,2.0078157859970815,70750720,114268672,159383552,159383552,335544320,0,2291863552,0,2071632896,0,2296107008,0,0.1,12,,
effectiveness_v3_20260918T173720Z_d27c9c53,B/splitcifar100/loose/S0/2/default,S0,splitcifar100,2,resource_transition,8,196021.157276615,196021.157898041,0.000621426006546244,70750720,70750720,159383552,159383552,335544320,0,2291863552,0,2071632896,0,0,0,0.1,0,no_interval_samples,
effectiveness_v3_20260918T173720Z_d27c9c53,B/splitcifar100/loose/S0/2/default,S0,splitcifar100,2,training,8,196021.189647031,196028.943663849,7.754016818013042,70750720,121942528,159383552,159383552,335544320,0,2292158464,0,2071927808,0,2292912128,0,0.1,48,,
effectiveness_v3_20260918T173720Z_d27c9c53,B/splitcifar100/loose/S0/2/default,S0,splitcifar100,2,evaluation,8,196029.012473746,196031.604385297,2.5919115509896073,70750720,114268672,159383552,159383552,335544320,0,2296074240,0,2075843584,0,2296606720,0,0.1,16,,
effectiveness_v3_20260918T173720Z_d27c9c53,B/splitcifar100/loose/S0/2/default,S0,splitcifar100,2,resource_transition,9,196031.661612676,196031.662268796,0.0006561200134456158,70750720,70750720,159383552,159383552,335544320,0,2296078336,0,2075847680,0,0,0,0.1,0,no_interval_samples,
effectiveness_v3_20260918T173720Z_d27c9c53,B/splitcifar100/loose/S0/2/default,S0,splitcifar100,2,training,9,196031.694547555,196039.449062061,7.754514505999396,70750720,121942528,159383552,159383552,335544320,0,2291953664,0,2071723008,0,2296098816,0,0.1,48,,
effectiveness_v3_20260918T173720Z_d27c9c53,B/splitcifar100/loose/S0/2/default,S0,splitcifar100,2,evaluation,9,196039.522154859,196042.607679635,3.085524775990052,70750720,114268672,159383552,159383552,335544320,0,2296070144,0,2075839488,0,2297589760,0,0.1,18,,
effectiveness_v3_20260918T173859Z_b898a972,B/splitcifar100/loose/S_star/2/default,S_star,splitcifar100,2,setup,,196049.801402916,196051.053917654,1.2525147380074486,1408512,1408512,2097152,2097152,335544320,0,1535602688,0,1315412992,0,1528614912,0,0.1,7,,
effectiveness_v3_20260918T173859Z_b898a972,B/splitcifar100/loose/S_star/2/default,S_star,splitcifar100,2,resource_transition,0,196051.079847061,196051.080315876,0.0004688150074798614,1408512,1408512,2097152,2097152,335544320,0,1535647744,0,1315412992,0,0,0,0.1,0,no_interval_samples,
effectiveness_v3_20260918T173859Z_b898a972,B/splitcifar100/loose/S_star/2/default,S_star,splitcifar100,2,training,0,196051.101452135,196057.554594046,6.4531419110135175,70750720,95481344,117440512,117440512,335544320,0,2239700992,0,2019466240,0,2239623168,0,0.1,41,,
effectiveness_v3_20260918T173859Z_b898a972,B/splitcifar100/loose/S_star/2/default,S_star,splitcifar100,2,evaluation,0,196057.632803481,196057.868183357,0.23537987598683685,70750720,114268672,159383552,159383552,335544320,0,2294333440,0,2074098688,0,2293420032,0,0.1,1,,
effectiveness_v3_20260918T173859Z_b898a972,B/splitcifar100/loose/S_star/2/default,S_star,splitcifar100,2,resource_transition,1,196057.900275263,196057.900775041,0.0004997779906261712,70750720,70750720,159383552,159383552,335544320,0,2294333440,0,2074098688,0,0,0,0.1,0,no_interval_samples,
effectiveness_v3_20260918T173859Z_b898a972,B/splitcifar100/loose/S_star/2/default,S_star,splitcifar100,2,training,1,196057.929332763,196065.302083818,7.3727510550234,70750720,121942528,159383552,159383552,335544320,0,2290216960,0,2069982208,0,2295910400,0,0.1,45,,
effectiveness_v3_20260918T173859Z_b898a972,B/splitcifar100/loose/S_star/2/default,S_star,splitcifar100,2,evaluation,1,196065.364846929,196065.827424652,0.4625777229957748,70750720,114268672,159383552,159383552,335544320,0,2294865920,0,2074631168,0,2296930304,0,0.1,3,,
effectiveness_v3_20260918T173859Z_b898a972,B/splitcifar100/loose/S_star/2/default,S_star,splitcifar100,2,resource_transition,2,196065.859071541,196065.859625393,0.0005538520053960383,70750720,70750720,159383552,159383552,335544320,0,2294865920,0,2074631168,0,0,0,0.1,0,no_interval_samples,
effectiveness_v3_20260918T173859Z_b898a972,B/splitcifar100/loose/S_star/2/default,S_star,splitcifar100,2,training,2,196065.889247819,196073.130337348,7.241089529008605,70750720,121942528,159383552,159383552,335544320,0,2290745344,0,2070510592,0,2291998720,0,0.1,44,,
effectiveness_v3_20260918T173859Z_b898a972,B/splitcifar100/loose/S_star/2/default,S_star,splitcifar100,2,evaluation,2,196073.216168689,196073.794551994,0.5783833050227258,70750720,114268672,159383552,159383552,335544320,0,2295304192,0,2075069440,0,2295304192,0,0.1,3,,
effectiveness_v3_20260918T173859Z_b898a972,B/splitcifar100/loose/S_star/2/default,S_star,splitcifar100,2,resource_transition,3,196073.82908016,196073.829585077,0.000504916999489069,70750720,70750720,159383552,159383552,335544320,0,2295304192,0,2075069440,0,0,0,0.1,0,no_interval_samples,
effectiveness_v3_20260918T173859Z_b898a972,B/splitcifar100/loose/S_star/2/default,S_star,splitcifar100,2,training,3,196073.856323151,196080.146359795,6.290036644000793,70750720,121942528,159383552,159383552,335544320,0,2291298304,0,2071063552,0,2295660544,0,0.1,37,,
effectiveness_v3_20260918T173859Z_b898a972,B/splitcifar100/loose/S_star/2/default,S_star,splitcifar100,2,evaluation,3,196080.231450334,196081.107261708,0.8758113740186673,70750720,114268672,159383552,159383552,335544320,0,2295222272,0,2074987520,0,2295250944,0,0.1,5,,
effectiveness_v3_20260918T173859Z_b898a972,B/splitcifar100/loose/S_star/2/default,S_star,splitcifar100,2,resource_transition,4,196081.141500144,196081.142042515,0.0005423710099421442,70750720,70750720,159383552,159383552,335544320,0,2295222272,0,2074987520,0,0,0,0.1,0,no_interval_samples,
effectiveness_v3_20260918T173859Z_b898a972,B/splitcifar100/loose/S_star/2/default,S_star,splitcifar100,2,training,4,196081.196967627,196088.680233648,7.4832660209794994,70750720,121942528,159383552,159383552,335544320,0,2291085312,0,2070850560,0,2295709696,0,0.1,46,,
effectiveness_v3_20260918T173859Z_b898a972,B/splitcifar100/loose/S_star/2/default,S_star,splitcifar100,2,evaluation,4,196088.752700167,196089.932175055,1.1794748879910912,70750720,114268672,159383552,159383552,335544320,0,2296205312,0,2075970560,0,2296750080,0,0.1,7,,
effectiveness_v3_20260918T173859Z_b898a972,B/splitcifar100/loose/S_star/2/default,S_star,splitcifar100,2,resource_transition,5,196089.966726341,196089.967222045,0.0004957040073350072,70750720,70750720,159383552,159383552,335544320,0,2296205312,0,2075970560,0,0,0,0.1,0,no_interval_samples,
effectiveness_v3_20260918T173859Z_b898a972,B/splitcifar100/loose/S_star/2/default,S_star,splitcifar100,2,training,5,196089.996966591,196097.213405425,7.216438834002474,70750720,121942528,159383552,159383552,335544320,0,2291064832,0,2070830080,0,2292822016,0,0.1,44,,
effectiveness_v3_20260918T173859Z_b898a972,B/splitcifar100/loose/S_star/2/default,S_star,splitcifar100,2,evaluation,5,196097.278639878,196098.745827869,1.4671879909874406,70750720,114268672,159383552,159383552,335544320,0,2295214080,0,2074979328,0,2295689216,0,0.1,9,,
effectiveness_v3_20260918T173859Z_b898a972,B/splitcifar100/loose/S_star/2/default,S_star,splitcifar100,2,resource_transition,6,196098.784857944,196098.78551211,0.0006541659822687507,70750720,70750720,159383552,159383552,335544320,0,2295214080,0,2074979328,0,0,0,0.1,0,no_interval_samples,
effectiveness_v3_20260918T173859Z_b898a972,B/splitcifar100/loose/S_star/2/default,S_star,splitcifar100,2,training,6,196098.81932938,196106.368577646,7.549248266004724,70750720,121942528,159383552,159383552,335544320,0,2291118080,0,2070883328,0,2292367360,0,0.1,46,,
effectiveness_v3_20260918T173859Z_b898a972,B/splitcifar100/loose/S_star/2/default,S_star,splitcifar100,2,evaluation,6,196106.430657071,196108.188634227,1.7579771559976507,70750720,114268672,159383552,159383552,335544320,0,2291032064,0,2070797312,0,2295279616,0,0.1,11,,
effectiveness_v3_20260918T173859Z_b898a972,B/splitcifar100/loose/S_star/2/default,S_star,splitcifar100,2,resource_transition,7,196108.229000967,196108.229631125,0.0006301579996943474,70750720,70750720,159383552,159383552,335544320,0,2291032064,0,2070797312,0,0,0,0.1,0,no_interval_samples,
effectiveness_v3_20260918T173859Z_b898a972,B/splitcifar100/loose/S_star/2/default,S_star,splitcifar100,2,training,7,196108.261181774,196115.955458758,7.694276983995223,70750720,121942528,159383552,159383552,335544320,0,2291380224,0,2071145472,0,2292105216,0,0.1,47,,
effectiveness_v3_20260918T173859Z_b898a972,B/splitcifar100/loose/S_star/2/default,S_star,splitcifar100,2,evaluation,7,196116.02214084,196117.929320765,1.9071799249795731,70750720,114268672,159383552,159383552,335544320,0,2295312384,0,2075077632,0,2295332864,0,0.1,11,,
effectiveness_v3_20260918T173859Z_b898a972,B/splitcifar100/loose/S_star/2/default,S_star,splitcifar100,2,resource_transition,8,196117.968186396,196117.968799072,0.000612675998127088,70750720,70750720,159383552,159383552,335544320,0,2295312384,0,2075077632,0,0,0,0.1,0,no_interval_samples,
effectiveness_v3_20260918T173859Z_b898a972,B/splitcifar100/loose/S_star/2/default,S_star,splitcifar100,2,training,8,196117.99990735,196125.367979729,7.368072379002115,70750720,121942528,159383552,159383552,335544320,0,2291380224,0,2071145472,0,2295312384,0,0.1,45,,
effectiveness_v3_20260918T173859Z_b898a972,B/splitcifar100/loose/S_star/2/default,S_star,splitcifar100,2,evaluation,8,196125.462628787,196127.594095637,2.1314668499981053,70750720,114268672,159383552,159383552,335544320,0,2295312384,0,2075077632,0,2295332864,0,0.1,12,,
effectiveness_v3_20260918T173859Z_b898a972,B/splitcifar100/loose/S_star/2/default,S_star,splitcifar100,2,resource_transition,9,196127.649278832,196127.64993099,0.0006521580216940492,70750720,70750720,159383552,159383552,335544320,0,2295312384,0,2075077632,0,0,0,0.1,0,no_interval_samples,
effectiveness_v3_20260918T173859Z_b898a972,B/splitcifar100/loose/S_star/2/default,S_star,splitcifar100,2,training,9,196127.683075889,196135.244898794,7.5618229049723595,70750720,121942528,159383552,159383552,335544320,0,2291380224,0,2071145472,0,2295668736,0,0.1,46,,
effectiveness_v3_20260918T173859Z_b898a972,B/splitcifar100/loose/S_star/2/default,S_star,splitcifar100,2,evaluation,9,196135.346377746,196138.061156914,2.714779167989036,70750720,114268672,159383552,159383552,335544320,0,2291085312,0,2070850560,0,2295332864,0,0.1,16,,
effectiveness_v3_20260918T174034Z_368f9cd7,D/core50_nc/tight/O11/0/latency,O11,core50_nc,0,setup,,196145.246650871,196146.763773504,1.5171226329985075,1395712,1395712,2097152,2097152,167772160,0,1574363136,0,1354152960,0,1351004160,0,0.1,1,,
effectiveness_v3_20260918T174034Z_368f9cd7,D/core50_nc/tight/O11/0/latency,O11,core50_nc,0,resource_transition,0,196146.788051764,196146.788482727,0.0004309630021452904,1395712,1395712,2097152,2097152,167772160,0,1574387712,0,1354157056,0,0,0,0.1,0,no_interval_samples,
effectiveness_v3_20260918T174034Z_368f9cd7,D/core50_nc/tight/O11/0/latency,O11,core50_nc,0,training,0,196146.81120594,196179.77727074,32.966064800013555,70712320,95452672,117440512,117440512,167772160,0,2069270528,0,1849035776,0,2064883712,0,0.1,203,,
effectiveness_v3_20260918T174034Z_368f9cd7,D/core50_nc/tight/O11/0/latency,O11,core50_nc,0,evaluation,0,196179.845602841,196183.51761705,3.672014209005283,70712320,114230272,159383552,159383552,167772160,0,2119168000,0,1898933248,0,2120617984,0,0.1,21,,
effectiveness_v3_20260918T174034Z_368f9cd7,D/core50_nc/tight/O11/0/latency,O11,core50_nc,0,controller,0,196183.549196708,196183.549317125,0.00012041701120324433,70712320,70712320,159383552,159383552,167772160,0,2119168000,0,1898933248,0,0,0,0.1,0,no_interval_samples,
effectiveness_v3_20260918T174034Z_368f9cd7,D/core50_nc/tight/O11/0/latency,O11,core50_nc,0,reconfiguration,0,196183.576919107,196183.577210848,0.0002917409874498844,70712320,70712320,159383552,159383552,167772160,0,2119168000,0,1898933248,0,0,0,0.1,0,no_interval_samples,
effectiveness_v3_20260918T174034Z_368f9cd7,D/core50_nc/tight/O11/0/latency,O11,core50_nc,0,resource_transition,1,196183.603738561,196183.604226367,0.00048780598444864154,70712320,70712320,159383552,159383552,167772160,0,2119168000,0,1898933248,0,0,0,0.1,0,no_interval_samples,
effectiveness_v3_20260918T174034Z_368f9cd7,D/core50_nc/tight/O11/0/latency,O11,core50_nc,0,training,1,196183.628440488,196221.137147405,37.50870691699674,72920064,121897984,161480704,161480704,167772160,0,2245775360,0,2025540608,0,2226642944,0,0.1,230,,
effectiveness_v3_20260918T174034Z_368f9cd7,D/core50_nc/tight/O11/0/latency,O11,core50_nc,0,evaluation,1,196221.241445283,196227.053160894,5.811715610994725,72920064,116438016,161480704,161480704,167772160,0,2255151104,0,2034916352,0,2260246528,0,0.1,34,,
effectiveness_v3_20260918T174034Z_368f9cd7,D/core50_nc/tight/O11/0/latency,O11,core50_nc,0,controller,1,196227.084874849,196227.084998904,0.00012405499001033604,72920064,72920064,161480704,161480704,167772160,0,2255151104,0,2034916352,0,0,0,0.1,0,no_interval_samples,
effectiveness_v3_20260918T174034Z_368f9cd7,D/core50_nc/tight/O11/0/latency,O11,core50_nc,0,reconfiguration,1,196227.113754729,196227.114353738,0.0005990089848637581,72920064,72920064,161480704,161480704,167772160,0,2255151104,0,2034916352,0,0,0,0.1,0,no_interval_samples,
effectiveness_v3_20260918T174034Z_368f9cd7,D/core50_nc/tight/O11/0/latency,O11,core50_nc,0,resource_transition,2,196227.140540674,196227.141115248,0.0005745739908888936,72920064,72920064,161480704,161480704,167772160,0,2255151104,0,2034916352,0,0,0,0.1,0,no_interval_samples,
effectiveness_v3_20260918T174034Z_368f9cd7,D/core50_nc/tight/O11/0/latency,O11,core50_nc,0,training,2,196227.190505916,196227.295124203,0.10461828700499609,144932352,149420544,167772160,167772160,167772160,0,2274443264,0,2053803008,0,0,0,0.1,0,no_interval_samples,failed
effectiveness_v3_20260918T174203Z_034c0a94,D/core50_nc/tight/O11/1/latency,O11,core50_nc,1,setup,,196234.475022414,196236.011012302,1.5359898880124092,1395712,1395712,2097152,2097152,167772160,0,1574608896,0,1354374144,0,1401659392,0,0.1,1,,
effectiveness_v3_20260918T174203Z_034c0a94,D/core50_nc/tight/O11/1/latency,O11,core50_nc,1,resource_transition,0,196236.038460562,196236.038907969,0.00044740698649547994,1395712,1395712,2097152,2097152,167772160,0,1574608896,0,1354374144,0,0,0,0.1,0,no_interval_samples,
effectiveness_v3_20260918T174203Z_034c0a94,D/core50_nc/tight/O11/1/latency,O11,core50_nc,1,training,0,196236.065654609,196267.98201224,31.916357631009305,70712320,95452672,117440512,117440512,167772160,0,2069393408,0,1849158656,0,2065117184,0,0.1,196,,
effectiveness_v3_20260918T174203Z_034c0a94,D/core50_nc/tight/O11/1/latency,O11,core50_nc,1,evaluation,0,196268.039368072,196271.514170524,3.4748024519940373,70712320,114230272,159383552,159383552,167772160,0,2119348224,0,1899113472,0,2119360512,0,0.1,20,,
effectiveness_v3_20260918T174203Z_034c0a94,D/core50_nc/tight/O11/1/latency,O11,core50_nc,1,controller,0,196271.544782172,196271.544905042,0.00012287002755329013,70712320,70712320,159383552,159383552,167772160,0,2119348224,0,1899113472,0,0,0,0.1,0,no_interval_samples,
effectiveness_v3_20260918T174203Z_034c0a94,D/core50_nc/tight/O11/1/latency,O11,core50_nc,1,reconfiguration,0,196271.57435332,196271.574611033,0.00025771299260668457,70712320,70712320,159383552,159383552,167772160,0,2119348224,0,1899113472,0,0,0,0.1,0,no_interval_samples,
effectiveness_v3_20260918T174203Z_034c0a94,D/core50_nc/tight/O11/1/latency,O11,core50_nc,1,resource_transition,1,196271.602952708,196271.603500328,0.0005476200021803379,70712320,70712320,159383552,159383552,167772160,0,2119348224,0,1899113472,0,0,0,0.1,0,no_interval_samples,
effectiveness_v3_20260918T174203Z_034c0a94,D/core50_nc/tight/O11/1/latency,O11,core50_nc,1,training,1,196271.642246672,196306.605602088,34.963355415995466,72920064,121897984,161480704,161480704,167772160,0,2245955584,0,2025720832,0,2231230464,0,0.1,213,,
effectiveness_v3_20260918T174203Z_034c0a94,D/core50_nc/tight/O11/1/latency,O11,core50_nc,1,evaluation,1,196306.677386985,196312.269595385,5.5922084000194445,72920064,116438016,161480704,161480704,167772160,0,2255335424,0,2035100672,0,2259312640,0,0.1,32,,
effectiveness_v3_20260918T174203Z_034c0a94,D/core50_nc/tight/O11/1/latency,O11,core50_nc,1,controller,1,196312.303329162,196312.303453486,0.00012432399671524763,72920064,72920064,161480704,161480704,167772160,0,2255335424,0,2035100672,0,0,0,0.1,0,no_interval_samples,
effectiveness_v3_20260918T174203Z_034c0a94,D/core50_nc/tight/O11/1/latency,O11,core50_nc,1,reconfiguration,1,196312.332607421,196312.333387559,0.0007801379833836108,72920064,72920064,161480704,161480704,167772160,0,2255335424,0,2035100672,0,0,0,0.1,0,no_interval_samples,
effectiveness_v3_20260918T174203Z_034c0a94,D/core50_nc/tight/O11/1/latency,O11,core50_nc,1,resource_transition,2,196312.360491393,196312.361126365,0.0006349720060825348,72920064,72920064,161480704,161480704,167772160,0,2255335424,0,2035100672,0,0,0,0.1,0,no_interval_samples,
effectiveness_v3_20260918T174203Z_034c0a94,D/core50_nc/tight/O11/1/latency,O11,core50_nc,1,training,2,196312.393296903,196312.518135498,0.12483859498752281,144932352,149420544,167772160,167772160,167772160,0,2272944128,0,2052303872,0,2255339520,0,0.1,1,,failed
effectiveness_v3_20260918T174329Z_f90e0766,D/core50_nc/tight/O11/2/latency,O11,core50_nc,2,setup,,196319.663655717,196321.196308174,1.5326524569827598,1395712,1395712,2097152,2097152,167772160,0,1574514688,0,1354279936,0,0,0,0.1,0,no_interval_samples,
effectiveness_v3_20260918T174329Z_f90e0766,D/core50_nc/tight/O11/2/latency,O11,core50_nc,2,resource_transition,0,196321.225226831,196321.225668053,0.0004412219859659672,1395712,1395712,2097152,2097152,167772160,0,1574514688,0,1354279936,0,0,0,0.1,0,no_interval_samples,
effectiveness_v3_20260918T174329Z_f90e0766,D/core50_nc/tight/O11/2/latency,O11,core50_nc,2,training,0,196321.25263258,196351.453396978,30.20076439800323,70712320,95452672,117440512,117440512,167772160,0,2069250048,0,1849015296,0,2064969728,0,0.1,186,,
effectiveness_v3_20260918T174329Z_f90e0766,D/core50_nc/tight/O11/2/latency,O11,core50_nc,2,evaluation,0,196351.523746387,196355.100790433,3.577044045989169,70712320,114230272,159383552,159383552,167772160,0,2119180288,0,1898945536,0,2120617984,0,0.1,21,,
effectiveness_v3_20260918T174329Z_f90e0766,D/core50_nc/tight/O11/2/latency,O11,core50_nc,2,controller,0,196355.150106507,196355.150248942,0.000142434990266338,70712320,70712320,159383552,159383552,167772160,0,2119180288,0,1898945536,0,0,0,0.1,0,no_interval_samples,
effectiveness_v3_20260918T174329Z_f90e0766,D/core50_nc/tight/O11/2/latency,O11,core50_nc,2,reconfiguration,0,196355.178364302,196355.178676191,0.000311888987198472,70712320,70712320,159383552,159383552,167772160,0,2119180288,0,1898945536,0,0,0,0.1,0,no_interval_samples,
effectiveness_v3_20260918T174329Z_f90e0766,D/core50_nc/tight/O11/2/latency,O11,core50_nc,2,resource_transition,1,196355.204940441,196355.205477654,0.0005372129962779582,70712320,70712320,159383552,159383552,167772160,0,2119180288,0,1898945536,0,0,0,0.1,0,no_interval_samples,
effectiveness_v3_20260918T174329Z_f90e0766,D/core50_nc/tight/O11/2/latency,O11,core50_nc,2,training,1,196355.233325764,196391.882084915,36.64875915099401,72920064,121897984,161480704,161480704,167772160,0,2245775360,0,2025540608,0,2226536448,0,0.1,224,,
effectiveness_v3_20260918T174329Z_f90e0766,D/core50_nc/tight/O11/2/latency,O11,core50_nc,2,evaluation,1,196391.950961158,196397.450070189,5.499109030992258,72920064,116438016,161480704,161480704,167772160,0,2255155200,0,2034920448,0,2259681280,0,0.1,31,,
effectiveness_v3_20260918T174329Z_f90e0766,D/core50_nc/tight/O11/2/latency,O11,core50_nc,2,controller,1,196397.493381938,196397.49360404,0.0002221020113211125,72920064,72920064,161480704,161480704,167772160,0,2255155200,0,2034920448,0,0,0,0.1,0,no_interval_samples,
effectiveness_v3_20260918T174329Z_f90e0766,D/core50_nc/tight/O11/2/latency,O11,core50_nc,2,reconfiguration,1,196397.523502865,196397.524242967,0.0007401019975077361,72920064,72920064,161480704,161480704,167772160,0,2255155200,0,2034920448,0,0,0,0.1,0,no_interval_samples,
effectiveness_v3_20260918T174329Z_f90e0766,D/core50_nc/tight/O11/2/latency,O11,core50_nc,2,resource_transition,2,196397.551844032,196397.552366727,0.0005226950161159039,72920064,72920064,161480704,161480704,167772160,0,2255155200,0,2034920448,0,0,0,0.1,0,no_interval_samples,
effectiveness_v3_20260918T174329Z_f90e0766,D/core50_nc/tight/O11/2/latency,O11,core50_nc,2,training,2,196397.58146907,196397.724037462,0.14256839200970717,144932352,149420544,167772160,167772160,167772160,0,2274447360,0,2053807104,0,2255155200,0,0.1,1,,failed
effectiveness_v3_20260918T174454Z_1ef05ebd,D/core50_nc/tight/O11/0/plasticity_stability,O11,core50_nc,0,setup,,196404.975284542,196406.509421579,1.5341370370006189,1395712,1395712,2097152,2097152,167772160,0,1575497728,0,1355275264,0,1341648896,0,0.1,1,,
effectiveness_v3_20260918T174454Z_1ef05ebd,D/core50_nc/tight/O11/0/plasticity_stability,O11,core50_nc,0,resource_transition,0,196406.537341135,196406.5378197,0.00047856499440968037,1395712,1395712,2097152,2097152,167772160,0,1575497728,0,1355275264,0,0,0,0.1,0,no_interval_samples,
effectiveness_v3_20260918T174454Z_1ef05ebd,D/core50_nc/tight/O11/0/plasticity_stability,O11,core50_nc,0,training,0,196406.563834395,196439.069390848,32.50555645299028,70712320,95452672,117440512,117440512,167772160,0,2070220800,0,1849998336,0,2065936384,0,0.1,200,,
effectiveness_v3_20260918T174454Z_1ef05ebd,D/core50_nc/tight/O11/0/plasticity_stability,O11,core50_nc,0,evaluation,0,196439.1340416,196442.758953998,3.624912398023298,70712320,114230272,159383552,159383552,167772160,0,2120200192,0,1899977728,0,2121641984,0,0.1,21,,
effectiveness_v3_20260918T174454Z_1ef05ebd,D/core50_nc/tight/O11/0/plasticity_stability,O11,core50_nc,0,controller,0,196442.78957422,196442.78969571,0.00012149001122452319,70712320,70712320,159383552,159383552,167772160,0,2120200192,0,1899977728,0,0,0,0.1,0,no_interval_samples,
effectiveness_v3_20260918T174454Z_1ef05ebd,D/core50_nc/tight/O11/0/plasticity_stability,O11,core50_nc,0,reconfiguration,0,196442.815909367,196442.816205784,0.00029641701257787645,70712320,70712320,159383552,159383552,167772160,0,2120200192,0,1899977728,0,0,0,0.1,0,no_interval_samples,
effectiveness_v3_20260918T174454Z_1ef05ebd,D/core50_nc/tight/O11/0/plasticity_stability,O11,core50_nc,0,resource_transition,1,196442.840883107,196442.841424552,0.0005414449842646718,70712320,70712320,159383552,159383552,167772160,0,2120200192,0,1899977728,0,0,0,0.1,0,no_interval_samples,
effectiveness_v3_20260918T174454Z_1ef05ebd,D/core50_nc/tight/O11/0/plasticity_stability,O11,core50_nc,0,training,1,196442.865623653,196479.931274949,37.06565129599767,72920064,121897984,161480704,161480704,167772160,0,2246766592,0,2026544128,0,2227646464,0,0.1,227,,
effectiveness_v3_20260918T174454Z_1ef05ebd,D/core50_nc/tight/O11/0/plasticity_stability,O11,core50_nc,0,evaluation,1,196480.034022922,196485.268638544,5.234615622001002,72920064,116438016,161480704,161480704,167772160,0,2260373504,0,2040151040,0,2261307392,0,0.1,35,,
effectiveness_v3_20260918T174454Z_1ef05ebd,D/core50_nc/tight/O11/0/plasticity_stability,O11,core50_nc,0,controller,1,196485.300925813,196485.301047146,0.00012133299605920911,72920064,72920064,161480704,161480704,167772160,0,2260373504,0,2040151040,0,0,0,0.1,0,no_interval_samples,
effectiveness_v3_20260918T174454Z_1ef05ebd,D/core50_nc/tight/O11/0/plasticity_stability,O11,core50_nc,0,reconfiguration,1,196485.331281758,196485.331944055,0.0006622970104217529,72920064,72920064,161480704,161480704,167772160,0,2260373504,0,2040151040,0,0,0,0.1,0,no_interval_samples,
effectiveness_v3_20260918T174454Z_1ef05ebd,D/core50_nc/tight/O11/0/plasticity_stability,O11,core50_nc,0,resource_transition,2,196485.358455703,196485.359052074,0.0005963709845673293,72920064,72920064,161480704,161480704,167772160,0,2260373504,0,2040151040,0,0,0,0.1,0,no_interval_samples,
effectiveness_v3_20260918T174454Z_1ef05ebd,D/core50_nc/tight/O11/0/plasticity_stability,O11,core50_nc,0,training,2,196485.388129295,196485.531725959,0.1435966640128754,144932352,149420544,167772160,167772160,167772160,0,2279276544,0,2058648576,0,2260377600,0,0.1,1,,failed
effectiveness_v3_20260918T174622Z_9a630c92,D/core50_nc/tight/O11/1/plasticity_stability,O11,core50_nc,1,setup,,196492.771854304,196494.307874555,1.5360202509909868,1395712,1395712,2097152,2097152,167772160,0,1577500672,0,1357270016,0,0,0,0.1,0,no_interval_samples,
effectiveness_v3_20260918T174622Z_9a630c92,D/core50_nc/tight/O11/1/plasticity_stability,O11,core50_nc,1,resource_transition,0,196494.337365732,196494.337849,0.0004832679987885058,1395712,1395712,2097152,2097152,167772160,0,1577504768,0,1357270016,0,0,0,0.1,0,no_interval_samples,
effectiveness_v3_20260918T174622Z_9a630c92,D/core50_nc/tight/O11/1/plasticity_stability,O11,core50_nc,1,training,0,196494.364982158,196528.618481814,34.25349965598434,70712320,95452672,117440512,117440512,167772160,0,2072297472,0,1852062720,0,2068017152,0,0.1,211,,
effectiveness_v3_20260918T174622Z_9a630c92,D/core50_nc/tight/O11/1/plasticity_stability,O11,core50_nc,1,evaluation,0,196528.683151924,196532.489119742,3.8059678180143237,70712320,114230272,159383552,159383552,167772160,0,2122256384,0,1902021632,0,2123702272,0,0.1,23,,
effectiveness_v3_20260918T174622Z_9a630c92,D/core50_nc/tight/O11/1/plasticity_stability,O11,core50_nc,1,controller,0,196532.520296269,196532.520419176,0.00012290698941797018,70712320,70712320,159383552,159383552,167772160,0,2122256384,0,1902021632,0,0,0,0.1,0,no_interval_samples,
effectiveness_v3_20260918T174622Z_9a630c92,D/core50_nc/tight/O11/1/plasticity_stability,O11,core50_nc,1,reconfiguration,0,196532.548287111,196532.548580231,0.00029311998514458537,70712320,70712320,159383552,159383552,167772160,0,2122256384,0,1902021632,0,0,0,0.1,0,no_interval_samples,
effectiveness_v3_20260918T174622Z_9a630c92,D/core50_nc/tight/O11/1/plasticity_stability,O11,core50_nc,1,resource_transition,1,196532.575271898,196532.575789046,0.0005171480006538332,70712320,70712320,159383552,159383552,167772160,0,2122256384,0,1902021632,0,0,0,0.1,0,no_interval_samples,
effectiveness_v3_20260918T174622Z_9a630c92,D/core50_nc/tight/O11/1/plasticity_stability,O11,core50_nc,1,training,1,196532.603813573,196570.383228218,37.77941464501782,72920064,121897984,161480704,161480704,167772160,0,2248851456,0,2028616704,0,2229727232,0,0.1,232,,
effectiveness_v3_20260918T174622Z_9a630c92,D/core50_nc/tight/O11/1/plasticity_stability,O11,core50_nc,1,evaluation,1,196570.4811351,196576.211957636,5.730822535988409,72920064,116438016,161480704,161480704,167772160,0,2258227200,0,2037992448,0,2262204416,0,0.1,33,,
effectiveness_v3_20260918T174622Z_9a630c92,D/core50_nc/tight/O11/1/plasticity_stability,O11,core50_nc,1,controller,1,196576.24315783,196576.243287886,0.00013005599612370133,72920064,72920064,161480704,161480704,167772160,0,2258227200,0,2037992448,0,0,0,0.1,0,no_interval_samples,
effectiveness_v3_20260918T174622Z_9a630c92,D/core50_nc/tight/O11/1/plasticity_stability,O11,core50_nc,1,reconfiguration,1,196576.271077608,196576.271727589,0.0006499809969682246,72920064,72920064,161480704,161480704,167772160,0,2258227200,0,2037992448,0,0,0,0.1,0,no_interval_samples,
effectiveness_v3_20260918T174622Z_9a630c92,D/core50_nc/tight/O11/1/plasticity_stability,O11,core50_nc,1,resource_transition,2,196576.298415672,196576.298996857,0.0005811849841848016,72920064,72920064,161480704,161480704,167772160,0,2258227200,0,2037992448,0,0,0,0.1,0,no_interval_samples,
effectiveness_v3_20260918T174622Z_9a630c92,D/core50_nc/tight/O11/1/plasticity_stability,O11,core50_nc,1,training,2,196576.327334958,196576.492726172,0.1653912139881868,144932352,149420544,167772160,167772160,167772160,0,2275835904,0,2055195648,0,2258231296,0,0.1,1,,failed
effectiveness_v3_20260918T174753Z_645fa73d,D/core50_nc/tight/O11/2/plasticity_stability,O11,core50_nc,2,setup,,196583.716534688,196585.258459311,1.5419246230158024,1395712,1395712,2097152,2097152,167772160,0,1574363136,0,1354136576,0,1357975552,0,0.1,1,,
effectiveness_v3_20260918T174753Z_645fa73d,D/core50_nc/tight/O11/2/plasticity_stability,O11,core50_nc,2,resource_transition,0,196585.286326487,196585.286781552,0.0004550649900920689,1395712,1395712,2097152,2097152,167772160,0,1574371328,0,1354136576,0,0,0,0.1,0,no_interval_samples,
effectiveness_v3_20260918T174753Z_645fa73d,D/core50_nc/tight/O11/2/plasticity_stability,O11,core50_nc,2,training,0,196585.312752042,196614.592608562,29.279856520006433,70712320,95452672,117440512,117440512,167772160,0,2069295104,0,1849060352,0,2064900096,0,0.1,181,,
effectiveness_v3_20260918T174753Z_645fa73d,D/core50_nc/tight/O11/2/plasticity_stability,O11,core50_nc,2,evaluation,0,196614.668689045,196618.590118644,3.9214295989950188,70712320,114230272,159383552,159383552,167772160,0,2119217152,0,1898982400,0,2120667136,0,0.1,23,,
effectiveness_v3_20260918T174753Z_645fa73d,D/core50_nc/tight/O11/2/plasticity_stability,O11,core50_nc,2,controller,0,196618.623516497,196618.623640506,0.0001240090059582144,70712320,70712320,159383552,159383552,167772160,0,2119217152,0,1898982400,0,0,0,0.1,0,no_interval_samples,
effectiveness_v3_20260918T174753Z_645fa73d,D/core50_nc/tight/O11/2/plasticity_stability,O11,core50_nc,2,reconfiguration,0,196618.651860451,196618.652171016,0.0003105649957433343,70712320,70712320,159383552,159383552,167772160,0,2119217152,0,1898982400,0,0,0,0.1,0,no_interval_samples,
effectiveness_v3_20260918T174753Z_645fa73d,D/core50_nc/tight/O11/2/plasticity_stability,O11,core50_nc,2,resource_transition,1,196618.678333832,196618.678844397,0.0005105650052428246,70712320,70712320,159383552,159383552,167772160,0,2119217152,0,1898982400,0,0,0,0.1,0,no_interval_samples,
effectiveness_v3_20260918T174753Z_645fa73d,D/core50_nc/tight/O11/2/plasticity_stability,O11,core50_nc,2,training,1,196618.705667545,196656.004684148,37.29901660300675,72920064,121897984,161480704,161480704,167772160,0,2245832704,0,2025597952,0,2226716672,0,0.1,226,,
effectiveness_v3_20260918T174753Z_645fa73d,D/core50_nc/tight/O11/2/plasticity_stability,O11,core50_nc,2,evaluation,1,196656.073416314,196661.698377285,5.624960971006658,72920064,116438016,161480704,161480704,167772160,0,2255212544,0,2034977792,0,2259189760,0,0.1,32,,
effectiveness_v3_20260918T174753Z_645fa73d,D/core50_nc/tight/O11/2/plasticity_stability,O11,core50_nc,2,controller,1,196661.731450295,196661.731581749,0.00013145399861969054,72920064,72920064,161480704,161480704,167772160,0,2255212544,0,2034977792,0,0,0,0.1,0,no_interval_samples,
effectiveness_v3_20260918T174753Z_645fa73d,D/core50_nc/tight/O11/2/plasticity_stability,O11,core50_nc,2,reconfiguration,1,196661.7810946,196661.781972628,0.0008780279895290732,72920064,72920064,161480704,161480704,167772160,0,2255212544,0,2034977792,0,0,0,0.1,0,no_interval_samples,
effectiveness_v3_20260918T174753Z_645fa73d,D/core50_nc/tight/O11/2/plasticity_stability,O11,core50_nc,2,resource_transition,2,196661.813155034,196661.813724933,0.0005698989843949676,72920064,72920064,161480704,161480704,167772160,0,2255212544,0,2034977792,0,0,0,0.1,0,no_interval_samples,
effectiveness_v3_20260918T174753Z_645fa73d,D/core50_nc/tight/O11/2/plasticity_stability,O11,core50_nc,2,training,2,196661.844451571,196662.002697467,0.15824589598923922,144932352,149420544,167772160,167772160,167772160,0,2272821248,0,2052180992,0,2255216640,0,0.1,1,,failed
effectiveness_v3_20260918T174918Z_0de3e1e6,D/core50_nc/tight/O11/0/memory,O11,core50_nc,0,setup,,196669.194004145,196670.723092657,1.529088511975715,1395712,1395712,2097152,2097152,167772160,0,1572339712,0,1352104960,0,0,0,0.1,0,no_interval_samples,
effectiveness_v3_20260918T174918Z_0de3e1e6,D/core50_nc/tight/O11/0/memory,O11,core50_nc,0,resource_transition,0,196670.751561351,196670.752031611,0.00047025998355820775,1395712,1395712,2097152,2097152,167772160,0,1572339712,0,1352104960,0,0,0,0.1,0,no_interval_samples,
effectiveness_v3_20260918T174918Z_0de3e1e6,D/core50_nc/tight/O11/0/memory,O11,core50_nc,0,training,0,196670.778193462,196701.241417398,30.463223936007125,70712320,95452672,117440512,117440512,167772160,0,2067075072,0,1846840320,0,2062778368,0,0.1,186,,
effectiveness_v3_20260918T174918Z_0de3e1e6,D/core50_nc/tight/O11/0/memory,O11,core50_nc,0,evaluation,0,196701.336248035,196704.975827401,3.6395793660194613,70712320,114230272,159383552,159383552,167772160,0,2117017600,0,1896782848,0,2118455296,0,0.1,21,,
effectiveness_v3_20260918T174918Z_0de3e1e6,D/core50_nc/tight/O11/0/memory,O11,core50_nc,0,controller,0,196705.024046439,196705.024184273,0.00013783399481326342,70712320,70712320,159383552,159383552,167772160,0,2117017600,0,1896782848,0,0,0,0.1,0,no_interval_samples,
effectiveness_v3_20260918T174918Z_0de3e1e6,D/core50_nc/tight/O11/0/memory,O11,core50_nc,0,reconfiguration,0,196705.05331769,196705.053644218,0.0003265279810875654,70712320,70712320,159383552,159383552,167772160,0,2117017600,0,1896782848,0,0,0,0.1,0,no_interval_samples,
effectiveness_v3_20260918T174918Z_0de3e1e6,D/core50_nc/tight/O11/0/memory,O11,core50_nc,0,resource_transition,1,196705.079796829,196705.080341283,0.000544454000191763,70712320,70712320,159383552,159383552,167772160,0,2117017600,0,1896782848,0,0,0,0.1,0,no_interval_samples,
effectiveness_v3_20260918T174918Z_0de3e1e6,D/core50_nc/tight/O11/0/memory,O11,core50_nc,0,training,1,196705.107966386,196742.298227534,37.19026114800363,72920064,121897984,161480704,161480704,167772160,0,2243612672,0,2023377920,0,2224484352,0,0.1,227,,
effectiveness_v3_20260918T174918Z_0de3e1e6,D/core50_nc/tight/O11/0/memory,O11,core50_nc,0,evaluation,1,196742.36961598,196747.570727916,5.20111193601042,72920064,116438016,161480704,161480704,167772160,0,2252992512,0,2032757760,0,2258108416,0,0.1,35,,
effectiveness_v3_20260918T174918Z_0de3e1e6,D/core50_nc/tight/O11/0/memory,O11,core50_nc,0,controller,1,196747.601809306,196747.601942083,0.00013277700054459274,72920064,72920064,161480704,161480704,167772160,0,2252992512,0,2032757760,0,0,0,0.1,0,no_interval_samples,
effectiveness_v3_20260918T174918Z_0de3e1e6,D/core50_nc/tight/O11/0/memory,O11,core50_nc,0,reconfiguration,1,196747.630465407,196747.631145537,0.0006801299750804901,72920064,72920064,161480704,161480704,167772160,0,2252992512,0,2032757760,0,0,0,0.1,0,no_interval_samples,
effectiveness_v3_20260918T174918Z_0de3e1e6,D/core50_nc/tight/O11/0/memory,O11,core50_nc,0,resource_transition,2,196747.659324212,196747.659881934,0.0005577219999395311,72920064,72920064,161480704,161480704,167772160,0,2252992512,0,2032757760,0,0,0,0.1,0,no_interval_samples,
effectiveness_v3_20260918T174918Z_0de3e1e6,D/core50_nc/tight/O11/0/memory,O11,core50_nc,0,training,2,196747.696062211,196747.824828774,0.1287665629934054,144932352,149420544,167772160,167772160,167772160,0,2272284672,0,2051644416,0,2269528064,0,0.1,1,,failed
effectiveness_v3_20260918T175044Z_0788d99f,D/core50_nc/tight/O11/1/memory,O11,core50_nc,1,setup,,196754.98181487,196756.52358424,1.541769370000111,1395712,1395712,2097152,2097152,167772160,0,1575415808,0,1355181056,0,0,0,0.1,0,no_interval_samples,
effectiveness_v3_20260918T175044Z_0788d99f,D/core50_nc/tight/O11/1/memory,O11,core50_nc,1,resource_transition,0,196756.552702787,196756.553162565,0.000459777977084741,1395712,1395712,2097152,2097152,167772160,0,1575415808,0,1355181056,0,0,0,0.1,0,no_interval_samples,
effectiveness_v3_20260918T175044Z_0788d99f,D/core50_nc/tight/O11/1/memory,O11,core50_nc,1,training,0,196756.580807538,196789.892748451,33.31194091300131,70712320,95452672,117440512,117440512,167772160,0,2070343680,0,1850107904,0,2065903616,0,0.1,205,,
effectiveness_v3_20260918T175044Z_0788d99f,D/core50_nc/tight/O11/1/memory,O11,core50_nc,1,evaluation,0,196789.963273848,196793.815086062,3.8518122140085325,70712320,114230272,159383552,159383552,167772160,0,2116034560,0,1895798784,0,2121711616,0,0.1,22,,
effectiveness_v3_20260918T175044Z_0788d99f,D/core50_nc/tight/O11/1/memory,O11,core50_nc,1,controller,0,196793.852802784,196793.852938849,0.00013606500579044223,70712320,70712320,159383552,159383552,167772160,0,2116034560,0,1895798784,0,0,0,0.1,0,no_interval_samples,
effectiveness_v3_20260918T175044Z_0788d99f,D/core50_nc/tight/O11/1/memory,O11,core50_nc,1,reconfiguration,0,196793.883060895,196793.883381459,0.0003205639950465411,70712320,70712320,159383552,159383552,167772160,0,2116034560,0,1895798784,0,0,0,0.1,0,no_interval_samples,
effectiveness_v3_20260918T175044Z_0788d99f,D/core50_nc/tight/O11/1/memory,O11,core50_nc,1,resource_transition,1,196793.912134737,196793.912824876,0.000690138986101374,70712320,70712320,159383552,159383552,167772160,0,2116034560,0,1895798784,0,0,0,0.1,0,no_interval_samples,
effectiveness_v3_20260918T175044Z_0788d99f,D/core50_nc/tight/O11/1/memory,O11,core50_nc,1,training,1,196793.959587134,196830.844532988,36.88494585399167,72920064,121897984,161480704,161480704,167772160,0,2246918144,0,2026683392,0,2227781632,0,0.1,227,,
effectiveness_v3_20260918T175044Z_0788d99f,D/core50_nc/tight/O11/1/memory,O11,core50_nc,1,evaluation,1,196830.916305332,196836.355669699,5.439364366990048,72920064,116438016,161480704,161480704,167772160,0,2256355328,0,2036120576,0,2260332544,0,0.1,31,,
effectiveness_v3_20260918T175044Z_0788d99f,D/core50_nc/tight/O11/1/memory,O11,core50_nc,1,controller,1,196836.409500663,196836.409627348,0.0001266850158572197,72920064,72920064,161480704,161480704,167772160,0,2256355328,0,2036120576,0,0,0,0.1,0,no_interval_samples,
effectiveness_v3_20260918T175044Z_0788d99f,D/core50_nc/tight/O11/1/memory,O11,core50_nc,1,reconfiguration,1,196836.437676118,196836.438408627,0.0007325090118683875,72920064,72920064,161480704,161480704,167772160,0,2256355328,0,2036120576,0,0,0,0.1,0,no_interval_samples,
effectiveness_v3_20260918T175044Z_0788d99f,D/core50_nc/tight/O11/1/memory,O11,core50_nc,1,resource_transition,2,196836.466420711,196836.466966813,0.0005461020045913756,72920064,72920064,161480704,161480704,167772160,0,2256355328,0,2036120576,0,0,0,0.1,0,no_interval_samples,
effectiveness_v3_20260918T175044Z_0788d99f,D/core50_nc/tight/O11/1/memory,O11,core50_nc,1,training,2,196836.496066174,196836.637651084,0.1415849099867046,144932352,149420544,167772160,167772160,167772160,0,2273968128,0,2053327872,0,2256355328,0,0.1,1,,failed
effectiveness_v3_20260918T175213Z_3943b81b,D/core50_nc/tight/O11/2/memory,O11,core50_nc,2,setup,,196843.815114525,196845.345347469,1.5302329440019093,1395712,1395712,2097152,2097152,167772160,0,1574490112,0,1354266624,0,0,0,0.1,0,no_interval_samples,
effectiveness_v3_20260918T175213Z_3943b81b,D/core50_nc/tight/O11/2/memory,O11,core50_nc,2,resource_transition,0,196845.374473237,196845.374938338,0.0004651010094676167,1395712,1395712,2097152,2097152,167772160,0,1574490112,0,1354266624,0,0,0,0.1,0,no_interval_samples,
effectiveness_v3_20260918T175213Z_3943b81b,D/core50_nc/tight/O11/2/memory,O11,core50_nc,2,training,0,196845.400824505,196877.701421883,32.30059737799456,70712320,95452672,117440512,117440512,167772160,0,2069127168,0,1848903680,0,2064838656,0,0.1,197,,
effectiveness_v3_20260918T175213Z_3943b81b,D/core50_nc/tight/O11/2/memory,O11,core50_nc,2,evaluation,0,196877.78814518,196881.655093403,3.866948223003419,70712320,114230272,159383552,159383552,167772160,0,2119094272,0,1898870784,0,2120536064,0,0.1,22,,
effectiveness_v3_20260918T175213Z_3943b81b,D/core50_nc/tight/O11/2/memory,O11,core50_nc,2,controller,0,196881.689837562,196881.689968941,0.00013137899804860353,70712320,70712320,159383552,159383552,167772160,0,2119094272,0,1898870784,0,0,0,0.1,0,no_interval_samples,
effectiveness_v3_20260918T175213Z_3943b81b,D/core50_nc/tight/O11/2/memory,O11,core50_nc,2,reconfiguration,0,196881.716752516,196881.717075748,0.0003232320013921708,70712320,70712320,159383552,159383552,167772160,0,2119094272,0,1898870784,0,0,0,0.1,0,no_interval_samples,
effectiveness_v3_20260918T175213Z_3943b81b,D/core50_nc/tight/O11/2/memory,O11,core50_nc,2,resource_transition,1,196881.743061294,196881.743608257,0.0005469630123116076,70712320,70712320,159383552,159383552,167772160,0,2119094272,0,1898870784,0,0,0,0.1,0,no_interval_samples,
effectiveness_v3_20260918T175213Z_3943b81b,D/core50_nc/tight/O11/2/memory,O11,core50_nc,2,training,1,196881.771439369,196918.391840459,36.6204010899819,72920064,121897984,161480704,161480704,167772160,0,2245632000,0,2025408512,0,2225520640,0,0.1,224,,
effectiveness_v3_20260918T175213Z_3943b81b,D/core50_nc/tight/O11/2/memory,O11,core50_nc,2,evaluation,1,196918.466947905,196924.151066005,5.684118100005435,72920064,116438016,161480704,161480704,167772160,0,2255073280,0,2034849792,0,2259050496,0,0.1,33,,
effectiveness_v3_20260918T175213Z_3943b81b,D/core50_nc/tight/O11/2/memory,O11,core50_nc,2,controller,1,196924.181346688,196924.181475623,0.00012893497478216887,72920064,72920064,161480704,161480704,167772160,0,2255073280,0,2034849792,0,0,0,0.1,0,no_interval_samples,
effectiveness_v3_20260918T175213Z_3943b81b,D/core50_nc/tight/O11/2/memory,O11,core50_nc,2,reconfiguration,1,196924.209280677,196924.209941066,0.0006603889924008399,72920064,72920064,161480704,161480704,167772160,0,2255073280,0,2034849792,0,0,0,0.1,0,no_interval_samples,
effectiveness_v3_20260918T175213Z_3943b81b,D/core50_nc/tight/O11/2/memory,O11,core50_nc,2,resource_transition,2,196924.23704025,196924.23758837,0.0005481199768837541,72920064,72920064,161480704,161480704,167772160,0,2255073280,0,2034849792,0,0,0,0.1,0,no_interval_samples,
effectiveness_v3_20260918T175213Z_3943b81b,D/core50_nc/tight/O11/2/memory,O11,core50_nc,2,training,2,196924.266596905,196924.396359538,0.12976263297605328,144932352,149420544,167772160,167772160,167772160,0,2274365440,0,2053737472,0,2255073280,0,0.1,1,,failed
effectiveness_v3_20260918T175340Z_168b5058,E/core50_nc/io/static_off/0/default,static_off,core50_nc,0,setup,,196931.646990032,196933.191459413,1.5444693810131866,1395712,1395712,2097152,2097152,335544320,0,1583792128,0,1363557376,0,1314336768,0,0.1,1,,
effectiveness_v3_20260918T175340Z_168b5058,E/core50_nc/io/static_off/0/default,static_off,core50_nc,0,resource_transition,0,196933.219299432,196933.219749895,0.0004504630051087588,1395712,1395712,2097152,2097152,335544320,0,1583792128,0,1363557376,0,0,0,0.1,0,no_interval_samples,
effectiveness_v3_20260918T175340Z_168b5058,E/core50_nc/io/static_off/0/default,static_off,core50_nc,0,training,0,196933.246059859,196974.63157675,41.38551689099404,70712320,143194112,195035136,195035136,335544320,0,2158755840,0,1938521088,0,2156081152,0,0.1,254,,
effectiveness_v3_20260918T175340Z_168b5058,E/core50_nc/io/static_off/0/default,static_off,core50_nc,0,evaluation,0,196974.738581419,196978.49149651,3.7529150909977034,70712320,114230272,195035136,195035136,335544320,0,2210803712,0,1990568960,0,2212245504,0,0.1,21,,
effectiveness_v3_20260918T175340Z_168b5058,E/core50_nc/io/static_off/0/default,static_off,core50_nc,0,resource_transition,1,196978.541988768,196978.54250575,0.0005169819924049079,70712320,70712320,195035136,195035136,335544320,0,2210803712,0,1990568960,0,0,0,0.1,0,no_interval_samples,
effectiveness_v3_20260918T175340Z_168b5058,E/core50_nc/io/static_off/0/default,static_off,core50_nc,0,training,1,196978.572798027,196999.665421126,21.092623099015327,70712320,180356096,260046848,260046848,335544320,0,2215067648,0,1994832896,0,2214203392,0,0.1,129,,
effectiveness_v3_20260918T175340Z_168b5058,E/core50_nc/io/static_off/0/default,static_off,core50_nc,0,evaluation,1,196999.734738403,197005.35075412,5.61601571700885,70712320,114230272,260046848,260046848,335544320,0,2215030784,0,1994796032,0,2220191744,0,0.1,33,,
effectiveness_v3_20260918T175340Z_168b5058,E/core50_nc/io/static_off/0/default,static_off,core50_nc,0,resource_transition,2,197005.380983666,197005.381495851,0.0005121850117575377,70712320,70712320,260046848,260046848,335544320,0,2215030784,0,1994796032,0,0,0,0.1,0,no_interval_samples,
effectiveness_v3_20260918T175340Z_168b5058,E/core50_nc/io/static_off/0/default,static_off,core50_nc,0,training,2,197005.410454305,197028.094932776,22.68447847099742,70712320,180356096,260046848,260046848,335544320,0,2223472640,0,2003237888,0,2223927296,0,0.1,138,,
effectiveness_v3_20260918T175340Z_168b5058,E/core50_nc/io/static_off/0/default,static_off,core50_nc,0,evaluation,2,197028.202902293,197035.676398383,7.473496089980472,70712320,114230272,260046848,260046848,335544320,0,2228109312,0,2007874560,0,2229174272,0,0.1,43,,
effectiveness_v3_20260918T175340Z_168b5058,E/core50_nc/io/static_off/0/default,static_off,core50_nc,0,resource_transition,3,197035.711973531,197035.712499336,0.0005258049932308495,70712320,70712320,260046848,260046848,335544320,0,2228113408,0,2007878656,0,0,0,0.1,0,no_interval_samples,
effectiveness_v3_20260918T175340Z_168b5058,E/core50_nc/io/static_off/0/default,static_off,core50_nc,0,training,3,197035.742695299,197058.226150421,22.483455121982843,70712320,180356096,260046848,260046848,335544320,0,2223767552,0,2003532800,0,2228121600,0,0.1,139,,
effectiveness_v3_20260918T175340Z_168b5058,E/core50_nc/io/static_off/0/default,static_off,core50_nc,0,evaluation,3,197058.292610774,197067.70195685,9.409346076019574,70712320,114230272,260046848,260046848,335544320,0,2231062528,0,2010827776,0,2231062528,0,0.1,54,,
effectiveness_v3_20260918T175340Z_168b5058,E/core50_nc/io/static_off/0/default,static_off,core50_nc,0,resource_transition,4,197067.73771246,197067.73817046,0.00045800002408213913,70712320,70712320,260046848,260046848,335544320,0,2231062528,0,2010827776,0,0,0,0.1,0,no_interval_samples,
effectiveness_v3_20260918T175340Z_168b5058,E/core50_nc/io/static_off/0/default,static_off,core50_nc,0,training,4,197067.767730876,197089.335943545,21.568212669022614,70712320,180356096,260046848,260046848,335544320,0,2224775168,0,2004540416,0,2231062528,0,0.1,130,,
effectiveness_v3_20260918T175340Z_168b5058,E/core50_nc/io/static_off/0/default,static_off,core50_nc,0,evaluation,4,197089.396538387,197100.607068204,11.210529817006318,70712320,114230272,260046848,260046848,335544320,0,2228891648,0,2008656896,0,2229354496,0,0.1,65,,
effectiveness_v3_20260918T175340Z_168b5058,E/core50_nc/io/static_off/0/default,static_off,core50_nc,0,resource_transition,5,197100.639818102,197100.640288602,0.00047050000284798443,70712320,70712320,260046848,260046848,335544320,0,2228895744,0,2008660992,0,0,0,0.1,0,no_interval_samples,
effectiveness_v3_20260918T175340Z_168b5058,E/core50_nc/io/static_off/0/default,static_off,core50_nc,0,training,5,197100.67251712,197120.952931185,20.280414064996876,70712320,180356096,260046848,260046848,335544320,0,2225348608,0,2005113856,0,2225901568,0,0.1,124,,
effectiveness_v3_20260918T175340Z_168b5058,E/core50_nc/io/static_off/0/default,static_off,core50_nc,0,evaluation,5,197121.019529657,197134.625255628,13.605725970992353,70712320,114230272,260046848,260046848,335544320,0,2227085312,0,2006850560,0,2232971264,0,0.1,78,,
effectiveness_v3_20260918T175340Z_168b5058,E/core50_nc/io/static_off/0/default,static_off,core50_nc,0,resource_transition,6,197134.68760684,197134.688224247,0.0006174070003908128,70712320,70712320,260046848,260046848,335544320,0,2227089408,0,2006854656,0,0,0,0.1,0,no_interval_samples,
effectiveness_v3_20260918T175340Z_168b5058,E/core50_nc/io/static_off/0/default,static_off,core50_nc,0,training,6,197134.722493367,197158.192208959,23.469715591985732,70712320,180356096,260046848,260046848,335544320,0,2225475584,0,2005240832,0,2227089408,0,0.1,144,,
effectiveness_v3_20260918T175340Z_168b5058,E/core50_nc/io/static_off/0/default,static_off,core50_nc,0,evaluation,6,197158.279826053,197173.284046828,15.00422077497933,70712320,114230272,260046848,260046848,335544320,0,2230308864,0,2010074112,0,2233081856,0,0.1,86,,
effectiveness_v3_20260918T175340Z_168b5058,E/core50_nc/io/static_off/0/default,static_off,core50_nc,0,resource_transition,7,197173.340213364,197173.340702031,0.000488667021272704,70712320,70712320,260046848,260046848,335544320,0,2230308864,0,2010074112,0,0,0,0.1,0,no_interval_samples,
effectiveness_v3_20260918T175340Z_168b5058,E/core50_nc/io/static_off/0/default,static_off,core50_nc,0,training,7,197173.37204354,197196.750206621,23.378163081011735,70712320,180356096,260046848,260046848,335544320,0,2226110464,0,2005875712,0,2230308864,0,0.1,145,,
effectiveness_v3_20260918T175340Z_168b5058,E/core50_nc/io/static_off/0/default,static_off,core50_nc,0,evaluation,7,197196.81525761,197213.678260128,16.86300251801731,70712320,114230272,260046848,260046848,335544320,0,2227806208,0,2007571456,0,2231660544,0,0.1,96,,
effectiveness_v3_20260918T175340Z_168b5058,E/core50_nc/io/static_off/0/default,static_off,core50_nc,0,resource_transition,8,197213.736214184,197213.736709157,0.0004949730064254254,70712320,70712320,260046848,260046848,335544320,0,2227806208,0,2007571456,0,0,0,0.1,0,no_interval_samples,
effectiveness_v3_20260918T175340Z_168b5058,E/core50_nc/io/static_off/0/default,static_off,core50_nc,0,training,8,197213.770825767,197232.768561235,18.997735468001338,70712320,180356096,260046848,260046848,335544320,0,2226458624,0,2006223872,0,2227806208,0,0.1,115,,
effectiveness_v3_20260918T175340Z_168b5058,E/core50_nc/io/static_off/0/default,static_off,core50_nc,0,evaluation,8,197232.85176083,197251.785015211,18.93325438100146,70712320,114230272,260046848,260046848,335544320,0,2230538240,0,2010303488,0,2232057856,0,0.1,109,,
effectiveness_v3_20260918T175908Z_5a9860d1,E/core50_nc/io/static_on/0/default,static_on,core50_nc,0,setup,,197258.975199503,197260.523709265,1.5485097619821317,1395712,1395712,2097152,2097152,335544320,0,1584807936,0,1364573184,0,1526439936,0,0.1,2,,
effectiveness_v3_20260918T175908Z_5a9860d1,E/core50_nc/io/static_on/0/default,static_on,core50_nc,0,resource_transition,0,197260.551707005,197260.55215994,0.0004529349971562624,1395712,1395712,2097152,2097152,335544320,0,1584807936,0,1364573184,0,0,0,0.1,0,no_interval_samples,
effectiveness_v3_20260918T175908Z_5a9860d1,E/core50_nc/io/static_on/0/default,static_on,core50_nc,0,training,0,197260.57883356,197293.812087396,33.233253836020594,70712320,143194112,195035136,195035136,335544320,0,2164137984,0,1943903232,0,2164137984,0,0.1,188,,
effectiveness_v3_20260918T175908Z_5a9860d1,E/core50_nc/io/static_on/0/default,static_on,core50_nc,0,evaluation,0,197293.926779505,197297.567268055,3.6404885499796364,70712320,114230272,195035136,195035136,335544320,0,2216857600,0,1996622848,0,2217394176,0,0.1,21,,
effectiveness_v3_20260918T175908Z_5a9860d1,E/core50_nc/io/static_on/0/default,static_on,core50_nc,0,resource_transition,1,197297.599711093,197297.600207964,0.0004968709836248308,70712320,70712320,195035136,195035136,335544320,0,2216857600,0,1996622848,0,0,0,0.1,0,no_interval_samples,
effectiveness_v3_20260918T175908Z_5a9860d1,E/core50_nc/io/static_on/0/default,static_on,core50_nc,0,training,1,197297.631492315,197318.511985155,20.880492839991348,70712320,180356096,260046848,260046848,335544320,0,2226319360,0,2006084608,0,2226020352,0,0.1,106,,
effectiveness_v3_20260918T175908Z_5a9860d1,E/core50_nc/io/static_on/0/default,static_on,core50_nc,0,evaluation,1,197318.600567805,197324.595891031,5.9953232260013465,70712320,114230272,260046848,260046848,335544320,0,2225287168,0,2005052416,0,2226319360,0,0.1,34,,
effectiveness_v3_20260918T175908Z_5a9860d1,E/core50_nc/io/static_on/0/default,static_on,core50_nc,0,resource_transition,2,197324.628385992,197324.628863122,0.00047713000094518065,70712320,70712320,260046848,260046848,335544320,0,2225287168,0,2005052416,0,0,0,0.1,0,no_interval_samples,
effectiveness_v3_20260918T175908Z_5a9860d1,E/core50_nc/io/static_on/0/default,static_on,core50_nc,0,training,2,197324.660889777,197345.601121237,20.940231460001087,70712320,180356096,260046848,260046848,335544320,0,2234957824,0,2014723072,0,2235748352,0,0.1,104,,
effectiveness_v3_20260918T175908Z_5a9860d1,E/core50_nc/io/static_on/0/default,static_on,core50_nc,0,evaluation,2,197345.679565211,197352.547396536,6.867831325012958,70712320,114230272,260046848,260046848,335544320,0,2229309440,0,2009074688,0,2234957824,0,0.1,46,,
effectiveness_v3_20260918T175908Z_5a9860d1,E/core50_nc/io/static_on/0/default,static_on,core50_nc,0,resource_transition,3,197352.600099387,197352.600562924,0.00046353699872270226,70712320,70712320,260046848,260046848,335544320,0,2229313536,0,2009078784,0,0,0,0.1,0,no_interval_samples,
effectiveness_v3_20260918T175908Z_5a9860d1,E/core50_nc/io/static_on/0/default,static_on,core50_nc,0,training,3,197352.634540109,197373.20963497,20.57509486100753,70712320,180356096,260046848,260046848,335544320,0,2226757632,0,2006522880,0,2227961856,0,0.1,104,,
effectiveness_v3_20260918T175908Z_5a9860d1,E/core50_nc/io/static_on/0/default,static_on,core50_nc,0,evaluation,3,197373.287386323,197382.894731101,9.607344777992694,70712320,114230272,260046848,260046848,335544320,0,2229485568,0,2009250816,0,2230956032,0,0.1,55,,
effectiveness_v3_20260918T175908Z_5a9860d1,E/core50_nc/io/static_on/0/default,static_on,core50_nc,0,resource_transition,4,197382.929676814,197382.930169629,0.0004928149865008891,70712320,70712320,260046848,260046848,335544320,0,2229485568,0,2009250816,0,0,0,0.1,0,no_interval_samples,
effectiveness_v3_20260918T175908Z_5a9860d1,E/core50_nc/io/static_on/0/default,static_on,core50_nc,0,training,4,197382.985879593,197403.975015128,20.98913553499733,70712320,180356096,260046848,260046848,335544320,0,2231988224,0,2011753472,0,2232266752,0,0.1,104,,
effectiveness_v3_20260918T175908Z_5a9860d1,E/core50_nc/io/static_on/0/default,static_on,core50_nc,0,evaluation,4,197404.052874673,197415.226909546,11.174034872994525,70712320,114230272,260046848,260046848,335544320,0,2230919168,0,2010684416,0,2232184832,0,0.1,64,,
effectiveness_v3_20260918T175908Z_5a9860d1,E/core50_nc/io/static_on/0/default,static_on,core50_nc,0,resource_transition,5,197415.260687166,197415.261130222,0.0004430559929460287,70712320,70712320,260046848,260046848,335544320,0,2230923264,0,2010688512,0,0,0,0.1,0,no_interval_samples,
effectiveness_v3_20260918T175908Z_5a9860d1,E/core50_nc/io/static_on/0/default,static_on,core50_nc,0,training,5,197415.294654989,197435.947541475,20.65288648600108,70712320,180356096,260046848,260046848,335544320,0,2232664064,0,2012429312,0,2233827328,0,0.1,104,,
effectiveness_v3_20260918T175908Z_5a9860d1,E/core50_nc/io/static_on/0/default,static_on,core50_nc,0,evaluation,5,197436.055122847,197449.116359426,13.061236579000251,70712320,114230272,260046848,260046848,335544320,0,2231562240,0,2011327488,0,2232860672,0,0.1,80,,
effectiveness_v3_20260918T175908Z_5a9860d1,E/core50_nc/io/static_on/0/default,static_on,core50_nc,0,resource_transition,6,197449.152253805,197449.152791287,0.0005374820029828697,70712320,70712320,260046848,260046848,335544320,0,2231566336,0,2011331584,0,0,0,0.1,0,no_interval_samples,
effectiveness_v3_20260918T175908Z_5a9860d1,E/core50_nc/io/static_on/0/default,static_on,core50_nc,0,training,6,197449.184189499,197470.047232804,20.863043304998428,70712320,180356096,260046848,260046848,335544320,0,2236751872,0,2016517120,0,2237698048,0,0.1,111,,
effectiveness_v3_20260918T175908Z_5a9860d1,E/core50_nc/io/static_on/0/default,static_on,core50_nc,0,evaluation,6,197470.121938305,197485.317063637,15.195125331985764,70712320,114230272,260046848,260046848,335544320,0,2232627200,0,2012392448,0,2236751872,0,0.1,87,,
effectiveness_v3_20260918T175908Z_5a9860d1,E/core50_nc/io/static_on/0/default,static_on,core50_nc,0,resource_transition,7,197485.351329721,197485.351797768,0.0004680470156017691,70712320,70712320,260046848,260046848,335544320,0,2232627200,0,2012392448,0,0,0,0.1,0,no_interval_samples,
effectiveness_v3_20260918T175908Z_5a9860d1,E/core50_nc/io/static_on/0/default,static_on,core50_nc,0,training,7,197485.385377462,197506.002650977,20.617273515003035,70712320,180356096,260046848,260046848,335544320,0,2234494976,0,2014260224,0,2235650048,0,0.1,104,,
effectiveness_v3_20260918T175908Z_5a9860d1,E/core50_nc/io/static_on/0/default,static_on,core50_nc,0,evaluation,7,197506.11521722,197523.825416489,17.71019926900044,70712320,114230272,260046848,260046848,335544320,0,2227544064,0,2007309312,0,2234494976,0,0.1,101,,
effectiveness_v3_20260918T175908Z_5a9860d1,E/core50_nc/io/static_on/0/default,static_on,core50_nc,0,resource_transition,8,197523.856141814,197523.856604471,0.000462656986201182,70712320,70712320,260046848,260046848,335544320,0,2227544064,0,2007309312,0,0,0,0.1,0,no_interval_samples,
effectiveness_v3_20260918T175908Z_5a9860d1,E/core50_nc/io/static_on/0/default,static_on,core50_nc,0,training,8,197523.890163369,197544.056592842,20.16642947299988,70712320,180356096,260046848,260046848,335544320,0,2229272576,0,2009037824,0,2230480896,0,0.1,100,,
effectiveness_v3_20260918T175908Z_5a9860d1,E/core50_nc/io/static_on/0/default,static_on,core50_nc,0,evaluation,8,197544.137149398,197563.473196971,19.33604757298599,70712320,114230272,260046848,260046848,335544320,0,2229608448,0,2009373696,0,2233487360,0,0.1,112,,
effectiveness_v3_20260918T180420Z_b082c5fa,E/core50_nc/io/orion_off/0/default,orion_off,core50_nc,0,setup,,197570.686839035,197572.229347544,1.5425085089809727,1395712,1395712,2097152,2097152,335544320,0,1574449152,0,1354214400,0,0,0,0.1,0,no_interval_samples,
effectiveness_v3_20260918T180420Z_b082c5fa,E/core50_nc/io/orion_off/0/default,orion_off,core50_nc,0,resource_transition,0,197572.255515026,197572.255957285,0.0004422590136528015,1395712,1395712,2097152,2097152,335544320,0,1574449152,0,1354214400,0,0,0,0.1,0,no_interval_samples,
effectiveness_v3_20260918T180420Z_b082c5fa,E/core50_nc/io/orion_off/0/default,orion_off,core50_nc,0,training,0,197572.279834277,197605.139494877,32.85966059999191,70712320,95452672,117440512,117440512,335544320,0,2069274624,0,1849039872,0,2065006592,0,0.1,202,,
effectiveness_v3_20260918T180420Z_b082c5fa,E/core50_nc/io/orion_off/0/default,orion_off,core50_nc,0,evaluation,0,197605.212032323,197608.889630851,3.6775985279818997,70712320,114230272,159383552,159383552,335544320,0,2119217152,0,1898982400,0,2120658944,0,0.1,22,,
effectiveness_v3_20260918T180420Z_b082c5fa,E/core50_nc/io/orion_off/0/default,orion_off,core50_nc,0,controller,0,197608.920294017,197608.920424841,0.00013082398800179362,70712320,70712320,159383552,159383552,335544320,0,2119217152,0,1898982400,0,0,0,0.1,0,no_interval_samples,
effectiveness_v3_20260918T180420Z_b082c5fa,E/core50_nc/io/orion_off/0/default,orion_off,core50_nc,0,reconfiguration,0,197608.948039128,197608.948356581,0.00031745299929752946,70712320,70712320,159383552,159383552,335544320,0,2119217152,0,1898982400,0,0,0,0.1,0,no_interval_samples,
effectiveness_v3_20260918T180420Z_b082c5fa,E/core50_nc/io/orion_off/0/default,orion_off,core50_nc,0,resource_transition,1,197608.977466007,197608.978050905,0.0005848979926668108,70712320,70712320,159383552,159383552,335544320,0,2119217152,0,1898982400,0,0,0,0.1,0,no_interval_samples,
effectiveness_v3_20260918T180420Z_b082c5fa,E/core50_nc/io/orion_off/0/default,orion_off,core50_nc,0,training,1,197609.011851654,197644.250236801,35.238385146978544,72920064,121897984,161480704,161480704,335544320,0,2245795840,0,2025561088,0,2226683904,0,0.1,215,,
effectiveness_v3_20260918T180420Z_b082c5fa,E/core50_nc/io/orion_off/0/default,orion_off,core50_nc,0,evaluation,1,197644.330426201,197650.026950021,5.696523820020957,72920064,116438016,161480704,161480704,335544320,0,2255175680,0,2034940928,0,2259152896,0,0.1,33,,
effectiveness_v3_20260918T180420Z_b082c5fa,E/core50_nc/io/orion_off/0/default,orion_off,core50_nc,0,controller,1,197650.059788475,197650.059929457,0.00014098201063461602,72920064,72920064,161480704,161480704,335544320,0,2255175680,0,2034940928,0,0,0,0.1,0,no_interval_samples,
effectiveness_v3_20260918T180420Z_b082c5fa,E/core50_nc/io/orion_off/0/default,orion_off,core50_nc,0,reconfiguration,1,197650.088671578,197650.089334615,0.0006630370044149458,72920064,72920064,161480704,161480704,335544320,0,2255175680,0,2034940928,0,0,0,0.1,0,no_interval_samples,
effectiveness_v3_20260918T180420Z_b082c5fa,E/core50_nc/io/orion_off/0/default,orion_off,core50_nc,0,resource_transition,2,197650.117943282,197650.11850693,0.0005636480054818094,72920064,72920064,161480704,161480704,335544320,0,2255175680,0,2034940928,0,0,0,0.1,0,no_interval_samples,
effectiveness_v3_20260918T180420Z_b082c5fa,E/core50_nc/io/orion_off/0/default,orion_off,core50_nc,0,training,2,197650.160341589,197705.466148394,55.30580680500134,76217344,155344896,184549376,184549376,335544320,0,2291552256,0,2071273472,0,2297044992,0,0.1,349,,
effectiveness_v3_20260918T180420Z_b082c5fa,E/core50_nc/io/orion_off/0/default,orion_off,core50_nc,0,evaluation,2,197705.541398921,197712.895738106,7.354339184996206,76217344,121267200,184549376,184549376,335544320,0,2293432320,0,2073153536,0,2296242176,0,0.1,42,,
effectiveness_v3_20260918T180420Z_b082c5fa,E/core50_nc/io/orion_off/0/default,orion_off,core50_nc,0,controller,2,197712.928850355,197712.92897817,0.00012781500117853284,76217344,76217344,184549376,184549376,335544320,0,2293436416,0,2073157632,0,0,0,0.1,0,no_interval_samples,
effectiveness_v3_20260918T180420Z_b082c5fa,E/core50_nc/io/orion_off/0/default,orion_off,core50_nc,0,reconfiguration,2,197712.95922616,197712.96110841,0.001882250013295561,76217344,76217344,184549376,184549376,335544320,0,2293436416,0,2073157632,0,0,0,0.1,0,no_interval_samples,
effectiveness_v3_20260918T180420Z_b082c5fa,E/core50_nc/io/orion_off/0/default,orion_off,core50_nc,0,resource_transition,3,197712.990165271,197712.990749355,0.0005840839876327664,76217344,76217344,184549376,184549376,335544320,0,2293436416,0,2073157632,0,0,0,0.1,0,no_interval_samples,
effectiveness_v3_20260918T180420Z_b082c5fa,E/core50_nc/io/orion_off/0/default,orion_off,core50_nc,0,training,3,197713.022085207,197783.702489255,70.68040404800558,79514624,160280576,186646528,186646528,335544320,0,2348634112,0,2128355328,0,2358800384,0,0.1,445,,
effectiveness_v3_20260918T180420Z_b082c5fa,E/core50_nc/io/orion_off/0/default,orion_off,core50_nc,0,evaluation,3,197783.800059804,197793.329415783,9.529355979000684,79514624,123032576,186646528,186646528,335544320,0,2348597248,0,2128318464,0,2353946624,0,0.1,54,,
effectiveness_v3_20260918T180420Z_b082c5fa,E/core50_nc/io/orion_off/0/default,orion_off,core50_nc,0,controller,3,197793.365143062,197793.365271201,0.00012813901412300766,79514624,79514624,186646528,186646528,335544320,0,2348601344,0,2128322560,0,0,0,0.1,0,no_interval_samples,
effectiveness_v3_20260918T180420Z_b082c5fa,E/core50_nc/io/orion_off/0/default,orion_off,core50_nc,0,reconfiguration,3,197793.394897414,197793.397000859,0.0021034450037404895,79514624,79514624,186646528,186646528,335544320,0,2348601344,0,2128322560,0,0,0,0.1,0,no_interval_samples,
effectiveness_v3_20260918T180420Z_b082c5fa,E/core50_nc/io/orion_off/0/default,orion_off,core50_nc,0,resource_transition,4,197793.427243656,197793.427801971,0.000558314990485087,79514624,79514624,186646528,186646528,335544320,0,2348601344,0,2128322560,0,0,0,0.1,0,no_interval_samples,
effectiveness_v3_20260918T180420Z_b082c5fa,E/core50_nc/io/orion_off/0/default,orion_off,core50_nc,0,training,4,197793.461588768,197893.589367358,100.12777859001653,82811904,163373568,207618048,207618048,335544320,0,2352123904,0,2131845120,0,2352168960,0,0.1,630,,
effectiveness_v3_20260918T180420Z_b082c5fa,E/core50_nc/io/orion_off/0/default,orion_off,core50_nc,0,evaluation,4,197893.658922221,197904.862083448,11.203161227022065,82811904,126329856,207618048,207618048,335544320,0,2353909760,0,2133630976,0,2359468032,0,0.1,63,,
effectiveness_v3_20260918T180420Z_b082c5fa,E/core50_nc/io/orion_off/0/default,orion_off,core50_nc,0,controller,4,197904.923453746,197904.923582329,0.00012858299305662513,82811904,82811904,207618048,207618048,335544320,0,2353913856,0,2133635072,0,0,0,0.1,0,no_interval_samples,
effectiveness_v3_20260918T180420Z_b082c5fa,E/core50_nc/io/orion_off/0/default,orion_off,core50_nc,0,reconfiguration,4,197904.956102746,197904.95883682,0.0027340740198269486,82811904,82811904,207618048,207618048,335544320,0,2353913856,0,2133635072,0,0,0,0.1,0,no_interval_samples,
effectiveness_v3_20260918T180420Z_b082c5fa,E/core50_nc/io/orion_off/0/default,orion_off,core50_nc,0,resource_transition,5,197904.990021432,197904.99059558,0.0005741479981224984,82811904,82811904,207618048,207618048,335544320,0,2353913856,0,2133635072,0,0,0,0.1,0,no_interval_samples,
effectiveness_v3_20260918T180420Z_b082c5fa,E/core50_nc/io/orion_off/0/default,orion_off,core50_nc,0,training,5,197905.026069572,198028.944173953,123.91810438100947,86108672,168704000,207618048,207618048,335544320,0,2354704384,0,2134425600,0,2354864128,0,0.1,780,,
effectiveness_v3_20260918T180420Z_b082c5fa,E/core50_nc/io/orion_off/0/default,orion_off,core50_nc,0,evaluation,5,198029.018820711,198042.197855742,13.179035031003878,86108672,129626624,207618048,207618048,335544320,0,2359451648,0,2139172864,0,2360438784,0,0.1,75,,
effectiveness_v3_20260918T180420Z_b082c5fa,E/core50_nc/io/orion_off/0/default,orion_off,core50_nc,0,controller,5,198042.236976347,198042.237105273,0.0001289260108023882,86108672,86108672,207618048,207618048,335544320,0,2359455744,0,2139176960,0,0,0,0.1,0,no_interval_samples,
effectiveness_v3_20260918T180420Z_b082c5fa,E/core50_nc/io/orion_off/0/default,orion_off,core50_nc,0,reconfiguration,5,198042.277414646,198042.280950229,0.0035355830041226,86108672,86108672,207618048,207618048,335544320,0,2359455744,0,2139176960,0,0,0,0.1,0,no_interval_samples,
effectiveness_v3_20260918T180420Z_b082c5fa,E/core50_nc/io/orion_off/0/default,orion_off,core50_nc,0,resource_transition,6,198042.313842055,198042.314432231,0.0005901760014239699,86108672,86108672,207618048,207618048,335544320,0,2359455744,0,2139176960,0,0,0,0.1,0,no_interval_samples,
effectiveness_v3_20260918T180420Z_b082c5fa,E/core50_nc/io/orion_off/0/default,orion_off,core50_nc,0,training,6,198042.34939528,198182.924833683,140.5754384030006,89405440,172729856,207618048,207618048,335544320,0,2356568064,0,2136289280,0,2359455744,0,0.1,862,,
effectiveness_v3_20260918T180420Z_b082c5fa,E/core50_nc/io/orion_off/0/default,orion_off,core50_nc,0,evaluation,6,198183.023746174,198197.652026732,14.62828055798309,89405440,132923392,207618048,207618048,335544320,0,2360930304,0,2140651520,0,2362466304,0,0.1,83,,
effectiveness_v3_20260918T180420Z_b082c5fa,E/core50_nc/io/orion_off/0/default,orion_off,core50_nc,0,controller,6,198197.689350712,198197.689471935,0.00012122301268391311,89405440,89405440,207618048,207618048,335544320,0,2360930304,0,2140651520,0,0,0,0.1,0,no_interval_samples,
effectiveness_v3_20260918T180420Z_b082c5fa,E/core50_nc/io/orion_off/0/default,orion_off,core50_nc,0,reconfiguration,6,198197.717092267,198197.720717351,0.0036250840057618916,89405440,89405440,207618048,207618048,335544320,0,2360930304,0,2140651520,0,0,0,0.1,0,no_interval_samples,
effectiveness_v3_20260918T180420Z_b082c5fa,E/core50_nc/io/orion_off/0/default,orion_off,core50_nc,0,resource_transition,7,198197.752847924,198197.753427952,0.0005800279905088246,89405440,89405440,207618048,207618048,335544320,0,2360930304,0,2140651520,0,0,0,0.1,0,no_interval_samples,
effectiveness_v3_20260918T180420Z_b082c5fa,E/core50_nc/io/orion_off/0/default,orion_off,core50_nc,0,training,7,198197.788362812,198344.797006117,147.00864330501645,92702720,177353728,207618048,207618048,335544320,0,2359754752,0,2139475968,0,2360930304,0,0.1,921,,
effectiveness_v3_20260918T180420Z_b082c5fa,E/core50_nc/io/orion_off/0/default,orion_off,core50_nc,0,evaluation,7,198344.887756745,198361.518124165,16.630367420002585,92702720,136819712,207618048,207618048,335544320,0,2359947264,0,2139668480,0,2364575744,0,0.1,96,,
effectiveness_v3_20260918T180420Z_b082c5fa,E/core50_nc/io/orion_off/0/default,orion_off,core50_nc,0,controller,7,198361.555064147,198361.55520173,0.00013758300337940454,92702720,92702720,207618048,207618048,335544320,0,2359951360,0,2139672576,0,0,0,0.1,0,no_interval_samples,
effectiveness_v3_20260918T180420Z_b082c5fa,E/core50_nc/io/orion_off/0/default,orion_off,core50_nc,0,reconfiguration,7,198361.604234954,198361.608474926,0.004239972011419013,92702720,92702720,207618048,207618048,335544320,0,2359951360,0,2139672576,0,0,0,0.1,0,no_interval_samples,
effectiveness_v3_20260918T180420Z_b082c5fa,E/core50_nc/io/orion_off/0/default,orion_off,core50_nc,0,resource_transition,8,198361.641090536,198361.641688092,0.0005975560052320361,92702720,92702720,207618048,207618048,335544320,0,2359951360,0,2139672576,0,0,0,0.1,0,no_interval_samples,
effectiveness_v3_20260918T180420Z_b082c5fa,E/core50_nc/io/orion_off/0/default,orion_off,core50_nc,0,training,8,198361.679908878,198528.011666301,166.33175742300227,95999488,181199872,216006656,216006656,335544320,0,2361815040,0,2141536256,0,2362490880,0,0.1,1046,,
effectiveness_v3_20260918T180420Z_b082c5fa,E/core50_nc/io/orion_off/0/default,orion_off,core50_nc,0,evaluation,8,198528.117539364,198545.873103676,17.755564311984926,95999488,139517440,216006656,216006656,335544320,0,2366226432,0,2145947648,0,2367303680,0,0.1,107,,
effectiveness_v3_20260918T180420Z_b082c5fa,E/core50_nc/io/orion_off/0/default,orion_off,core50_nc,0,controller,8,198545.912098286,198545.912190221,9.193498408421874e-05,95999488,95999488,216006656,216006656,335544320,0,2366226432,0,2145947648,0,0,0,0.1,0,no_interval_samples,
effectiveness_v3_20260918T182042Z_f77f5488,E/core50_nc/io/orion_on/0/default,orion_on,core50_nc,0,setup,,198553.316789221,198554.864826339,1.5480371180165093,1395712,1395712,2097152,2097152,335544320,0,1574494208,0,1354259456,0,0,0,0.1,0,no_interval_samples,
effectiveness_v3_20260918T182042Z_f77f5488,E/core50_nc/io/orion_on/0/default,orion_on,core50_nc,0,resource_transition,0,198554.888480969,198554.888934219,0.0004532499879132956,1395712,1395712,2097152,2097152,335544320,0,1574494208,0,1354259456,0,0,0,0.1,0,no_interval_samples,
effectiveness_v3_20260918T182042Z_f77f5488,E/core50_nc/io/orion_on/0/default,orion_on,core50_nc,0,training,0,198554.91343284,198586.385160856,31.471728016011184,70712320,95452672,117440512,117440512,335544320,0,2073579520,0,1853344768,0,2066890752,0,0.1,163,,
effectiveness_v3_20260918T182042Z_f77f5488,E/core50_nc/io/orion_on/0/default,orion_on,core50_nc,0,evaluation,0,198586.489447571,198590.063889017,3.5744414460205007,70712320,114230272,159383552,159383552,335544320,0,2124210176,0,1903975424,0,2124742656,0,0.1,23,,
effectiveness_v3_20260918T182042Z_f77f5488,E/core50_nc/io/orion_on/0/default,orion_on,core50_nc,0,controller,0,198590.09584084,198590.095963674,0.0001228339970111847,70712320,70712320,159383552,159383552,335544320,0,2124210176,0,1903975424,0,0,0,0.1,0,no_interval_samples,
effectiveness_v3_20260918T182042Z_f77f5488,E/core50_nc/io/orion_on/0/default,orion_on,core50_nc,0,reconfiguration,0,198590.124972571,198590.125291747,0.000319176004268229,70712320,70712320,159383552,159383552,335544320,0,2124210176,0,1903975424,0,0,0,0.1,0,no_interval_samples,
effectiveness_v3_20260918T182042Z_f77f5488,E/core50_nc/io/orion_on/0/default,orion_on,core50_nc,0,resource_transition,1,198590.153371571,198590.153899311,0.0005277399905025959,70712320,70712320,159383552,159383552,335544320,0,2124210176,0,1903975424,0,0,0,0.1,0,no_interval_samples,
effectiveness_v3_20260918T182042Z_f77f5488,E/core50_nc/io/orion_on/0/default,orion_on,core50_nc,0,training,1,198590.183489663,198623.70670559,33.523215927009005,72920064,121897984,161480704,161480704,335544320,0,2246385664,0,2026150912,0,2235006976,0,0.1,181,,
effectiveness_v3_20260918T182042Z_f77f5488,E/core50_nc/io/orion_on/0/default,orion_on,core50_nc,0,evaluation,1,198623.775004749,198629.315685933,5.5406811839784496,72920064,116438016,161480704,161480704,335544320,0,2260725760,0,2040491008,0,2260713472,0,0.1,31,,
effectiveness_v3_20260918T182042Z_f77f5488,E/core50_nc/io/orion_on/0/default,orion_on,core50_nc,0,controller,1,198629.348678322,198629.348803119,0.00012479699216783047,72920064,72920064,161480704,161480704,335544320,0,2260725760,0,2040491008,0,0,0,0.1,0,no_interval_samples,
effectiveness_v3_20260918T182042Z_f77f5488,E/core50_nc/io/orion_on/0/default,orion_on,core50_nc,0,reconfiguration,1,198629.378996906,198629.379685647,0.0006887410127092153,72920064,72920064,161480704,161480704,335544320,0,2260725760,0,2040491008,0,0,0,0.1,0,no_interval_samples,
effectiveness_v3_20260918T182042Z_f77f5488,E/core50_nc/io/orion_on/0/default,orion_on,core50_nc,0,resource_transition,2,198629.409122574,198629.409670305,0.0005477310041896999,72920064,72920064,161480704,161480704,335544320,0,2260725760,0,2040491008,0,0,0,0.1,0,no_interval_samples,
effectiveness_v3_20260918T182042Z_f77f5488,E/core50_nc/io/orion_on/0/default,orion_on,core50_nc,0,training,2,198629.439513445,198682.765087235,53.325573790003546,76217344,155344896,184549376,184549376,335544320,0,2291830784,0,2071552000,0,2300190720,0,0.1,324,,
effectiveness_v3_20260918T182042Z_f77f5488,E/core50_nc/io/orion_on/0/default,orion_on,core50_nc,0,evaluation,2,198682.836373394,198690.040349561,7.203976166987559,76217344,121267200,184549376,184549376,335544320,0,2293862400,0,2073583616,0,2299817984,0,0.1,42,,
effectiveness_v3_20260918T182042Z_f77f5488,E/core50_nc/io/orion_on/0/default,orion_on,core50_nc,0,controller,2,198690.075282516,198690.075394997,0.00011248100781813264,76217344,76217344,184549376,184549376,335544320,0,2293866496,0,2073587712,0,0,0,0.1,0,no_interval_samples,
effectiveness_v3_20260918T182042Z_f77f5488,E/core50_nc/io/orion_on/0/default,orion_on,core50_nc,0,reconfiguration,2,198690.10580097,198690.107806535,0.002005565009312704,76217344,76217344,184549376,184549376,335544320,0,2293866496,0,2073587712,0,0,0,0.1,0,no_interval_samples,
effectiveness_v3_20260918T182042Z_f77f5488,E/core50_nc/io/orion_on/0/default,orion_on,core50_nc,0,resource_transition,3,198690.138791897,198690.139283962,0.000492064980790019,76217344,76217344,184549376,184549376,335544320,0,2293866496,0,2073587712,0,0,0,0.1,0,no_interval_samples,
effectiveness_v3_20260918T182042Z_f77f5488,E/core50_nc/io/orion_on/0/default,orion_on,core50_nc,0,training,3,198690.194974371,198756.226381138,66.03140676699695,79514624,160280576,186646528,186646528,335544320,0,2348892160,0,2128613376,0,2361667584,0,0.1,408,,
effectiveness_v3_20260918T182042Z_f77f5488,E/core50_nc/io/orion_on/0/default,orion_on,core50_nc,0,evaluation,3,198756.300539905,198766.125312772,9.824772866995772,79514624,123032576,186646528,186646528,335544320,0,2353152000,0,2132873216,0,2354667520,0,0.1,55,,
effectiveness_v3_20260918T182042Z_f77f5488,E/core50_nc/io/orion_on/0/default,orion_on,core50_nc,0,controller,3,198766.164444504,198766.164573087,0.00012858302216045558,79514624,79514624,186646528,186646528,335544320,0,2353156096,0,2132877312,0,0,0,0.1,0,no_interval_samples,
effectiveness_v3_20260918T182042Z_f77f5488,E/core50_nc/io/orion_on/0/default,orion_on,core50_nc,0,reconfiguration,3,198766.204553144,198766.207302014,0.0027488699997775257,79514624,79514624,186646528,186646528,335544320,0,2353156096,0,2132877312,0,0,0,0.1,0,no_interval_samples,
effectiveness_v3_20260918T182042Z_f77f5488,E/core50_nc/io/orion_on/0/default,orion_on,core50_nc,0,resource_transition,4,198766.24024508,198766.240811987,0.0005669069942086935,79514624,79514624,186646528,186646528,335544320,0,2353156096,0,2132877312,0,0,0,0.1,0,no_interval_samples,
effectiveness_v3_20260918T182042Z_f77f5488,E/core50_nc/io/orion_on/0/default,orion_on,core50_nc,0,training,4,198766.275794562,198862.000322044,95.72452748200158,82811904,163373568,207618048,207618048,335544320,0,2352611328,0,2132332544,0,2365956096,0,0.1,578,,
effectiveness_v3_20260918T182042Z_f77f5488,E/core50_nc/io/orion_on/0/default,orion_on,core50_nc,0,evaluation,4,198862.075269265,198873.353718696,11.278449430974433,82811904,126329856,207618048,207618048,335544320,0,2357305344,0,2137026560,0,2358296576,0,0.1,64,,
effectiveness_v3_20260918T182042Z_f77f5488,E/core50_nc/io/orion_on/0/default,orion_on,core50_nc,0,controller,4,198873.397316463,198873.397459899,0.0001434359874110669,82811904,82811904,207618048,207618048,335544320,0,2357309440,0,2137030656,0,0,0,0.1,0,no_interval_samples,
effectiveness_v3_20260918T182042Z_f77f5488,E/core50_nc/io/orion_on/0/default,orion_on,core50_nc,0,reconfiguration,4,198873.430638963,198873.43799825,0.007359287003055215,82811904,82811904,207618048,207618048,335544320,0,2357309440,0,2137030656,0,0,0,0.1,0,no_interval_samples,
effectiveness_v3_20260918T182042Z_f77f5488,E/core50_nc/io/orion_on/0/default,orion_on,core50_nc,0,resource_transition,5,198873.470530731,198873.471168082,0.0006373510113917291,82811904,82811904,207618048,207618048,335544320,0,2357309440,0,2137030656,0,0,0,0.1,0,no_interval_samples,
effectiveness_v3_20260918T182042Z_f77f5488,E/core50_nc/io/orion_on/0/default,orion_on,core50_nc,0,training,5,198873.504899554,198987.981642096,114.47674254199956,86108672,168704000,207618048,207618048,335544320,0,2354991104,0,2134712320,0,2356756480,0,0.1,703,,
effectiveness_v3_20260918T182042Z_f77f5488,E/core50_nc/io/orion_on/0/default,orion_on,core50_nc,0,evaluation,5,198988.056345292,199001.674765425,13.618420133017935,86108672,129626624,207618048,207618048,335544320,0,2357030912,0,2136752128,0,2359840768,0,0.1,77,,
effectiveness_v3_20260918T182042Z_f77f5488,E/core50_nc/io/orion_on/0/default,orion_on,core50_nc,0,controller,5,199001.71254925,199001.712661102,0.00011185201583430171,86108672,86108672,207618048,207618048,335544320,0,2357035008,0,2136756224,0,0,0,0.1,0,no_interval_samples,
effectiveness_v3_20260918T182042Z_f77f5488,E/core50_nc/io/orion_on/0/default,orion_on,core50_nc,0,reconfiguration,5,199001.743986658,199001.746674102,0.002687444008188322,86108672,86108672,207618048,207618048,335544320,0,2357035008,0,2136756224,0,0,0,0.1,0,no_interval_samples,
effectiveness_v3_20260918T182042Z_f77f5488,E/core50_nc/io/orion_on/0/default,orion_on,core50_nc,0,resource_transition,6,199001.777491342,199001.77805,0.0005586579791270196,86108672,86108672,207618048,207618048,335544320,0,2357035008,0,2136756224,0,0,0,0.1,0,no_interval_samples,
effectiveness_v3_20260918T182042Z_f77f5488,E/core50_nc/io/orion_on/0/default,orion_on,core50_nc,0,training,6,199001.812934499,199132.704609286,130.89167478700983,89405440,172729856,207618048,207618048,335544320,0,2356707328,0,2136428544,0,2359005184,0,0.1,809,,
effectiveness_v3_20260918T182042Z_f77f5488,E/core50_nc/io/orion_on/0/default,orion_on,core50_nc,0,evaluation,6,199132.778359674,199147.472889896,14.694530221982859,89405440,132923392,207618048,207618048,335544320,0,2361036800,0,2140758016,0,2362368000,0,0.1,83,,
effectiveness_v3_20260918T182042Z_f77f5488,E/core50_nc/io/orion_on/0/default,orion_on,core50_nc,0,controller,6,199147.509012534,199147.509118534,0.0001060000213328749,89405440,89405440,207618048,207618048,335544320,0,2361036800,0,2140758016,0,0,0,0.1,0,no_interval_samples,
effectiveness_v3_20260918T182042Z_f77f5488,E/core50_nc/io/orion_on/0/default,orion_on,core50_nc,0,reconfiguration,6,199147.538708136,199147.541927395,0.003219259000616148,89405440,89405440,207618048,207618048,335544320,0,2361036800,0,2140758016,0,0,0,0.1,0,no_interval_samples,
effectiveness_v3_20260918T182042Z_f77f5488,E/core50_nc/io/orion_on/0/default,orion_on,core50_nc,0,resource_transition,7,199147.571659107,199147.572253931,0.0005948239995632321,89405440,89405440,207618048,207618048,335544320,0,2361036800,0,2140758016,0,0,0,0.1,0,no_interval_samples,
effectiveness_v3_20260918T182042Z_f77f5488,E/core50_nc/io/orion_on/0/default,orion_on,core50_nc,0,training,7,199147.605784986,199292.589670917,144.98388593099662,92702720,177353728,207618048,207618048,335544320,0,2359549952,0,2139271168,0,2362241024,0,0.1,775,,
effectiveness_v3_20260918T182042Z_f77f5488,E/core50_nc/io/orion_on/0/default,orion_on,core50_nc,0,evaluation,7,199292.660711574,199309.617248546,16.95653697202215,92702720,136819712,207618048,207618048,335544320,0,2361499648,0,2141220864,0,2364895232,0,0.1,96,,
effectiveness_v3_20260918T182042Z_f77f5488,E/core50_nc/io/orion_on/0/default,orion_on,core50_nc,0,controller,7,199309.652649259,199309.65277262,0.00012336100917309523,92702720,92702720,207618048,207618048,335544320,0,2361503744,0,2141224960,0,0,0,0.1,0,no_interval_samples,
effectiveness_v3_20260918T182042Z_f77f5488,E/core50_nc/io/orion_on/0/default,orion_on,core50_nc,0,reconfiguration,7,199309.682871925,199309.68649336,0.003621434996603057,92702720,92702720,207618048,207618048,335544320,0,2361503744,0,2141224960,0,0,0,0.1,0,no_interval_samples,
effectiveness_v3_20260918T182042Z_f77f5488,E/core50_nc/io/orion_on/0/default,orion_on,core50_nc,0,resource_transition,8,199309.715330146,199309.715894748,0.0005646019999403507,92702720,92702720,207618048,207618048,335544320,0,2361503744,0,2141224960,0,0,0,0.1,0,no_interval_samples,
effectiveness_v3_20260918T182042Z_f77f5488,E/core50_nc/io/orion_on/0/default,orion_on,core50_nc,0,training,8,199309.752031979,199474.197159165,164.44512718598708,95999488,181199872,216006656,216006656,335544320,0,2361761792,0,2141483008,0,2364043264,0,0.1,993,,
effectiveness_v3_20260918T182042Z_f77f5488,E/core50_nc/io/orion_on/0/default,orion_on,core50_nc,0,evaluation,8,199474.266975109,199492.75187113,18.484896020992892,95999488,139517440,216006656,216006656,335544320,0,2363375616,0,2143096832,0,2368430080,0,0.1,103,,
effectiveness_v3_20260918T182042Z_f77f5488,E/core50_nc/io/orion_on/0/default,orion_on,core50_nc,0,controller,8,199492.794727212,199492.794834138,0.00010692601790651679,95999488,95999488,216006656,216006656,335544320,0,2363375616,0,2143096832,0,0,0,0.1,0,no_interval_samples,
effectiveness_v3_20260918T183629Z_4b1778de,E/core50_nc/io/static_on/1/default,static_on,core50_nc,1,setup,,199500.201082359,199501.749484154,1.5484017949784175,1395712,1395712,2097152,2097152,335544320,0,1582645248,0,1362410496,0,1316634624,0,0.1,1,,
effectiveness_v3_20260918T183629Z_4b1778de,E/core50_nc/io/static_on/1/default,static_on,core50_nc,1,resource_transition,0,199501.777585886,199501.778006544,0.000420657976064831,1395712,1395712,2097152,2097152,335544320,0,1582649344,0,1362414592,0,0,0,0.1,0,no_interval_samples,
effectiveness_v3_20260918T183629Z_4b1778de,E/core50_nc/io/static_on/1/default,static_on,core50_nc,1,training,0,199501.805939146,199535.628744118,33.82280497200554,70712320,143194112,195035136,195035136,335544320,0,2162200576,0,1941965824,0,2157113344,0,0.1,189,,
effectiveness_v3_20260918T183629Z_4b1778de,E/core50_nc/io/static_on/1/default,static_on,core50_nc,1,evaluation,0,199535.702020833,199539.38005431,3.6780334769864567,70712320,114230272,195035136,195035136,335544320,0,2205954048,0,1985719296,0,2215591936,0,0.1,21,,
effectiveness_v3_20260918T183629Z_4b1778de,E/core50_nc/io/static_on/1/default,static_on,core50_nc,1,resource_transition,1,199539.413385513,199539.41388367,0.0004981569945812225,70712320,70712320,195035136,195035136,335544320,0,2205954048,0,1985719296,0,0,0,0.1,0,no_interval_samples,
effectiveness_v3_20260918T183629Z_4b1778de,E/core50_nc/io/static_on/1/default,static_on,core50_nc,1,training,1,199539.444265188,199560.159211072,20.71494588398491,70712320,180356096,260046848,260046848,335544320,0,2216419328,0,1996184576,0,2215473152,0,0.1,105,,
effectiveness_v3_20260918T183629Z_4b1778de,E/core50_nc/io/static_on/1/default,static_on,core50_nc,1,evaluation,1,199560.259138408,199565.913513005,5.654374597012065,70712320,114230272,260046848,260046848,335544320,0,2214432768,0,1994198016,0,2220359680,0,0.1,32,,
effectiveness_v3_20260918T183629Z_4b1778de,E/core50_nc/io/static_on/1/default,static_on,core50_nc,1,resource_transition,2,199565.965664087,199565.966123393,0.00045930600026622415,70712320,70712320,260046848,260046848,335544320,0,2214432768,0,1994198016,0,0,0,0.1,0,no_interval_samples,
effectiveness_v3_20260918T183629Z_4b1778de,E/core50_nc/io/static_on/1/default,static_on,core50_nc,1,training,2,199565.995919374,199586.324863273,20.32894389901776,70712320,180356096,260046848,260046848,335544320,0,2224619520,0,2004384768,0,2225053696,0,0.1,102,,
effectiveness_v3_20260918T183629Z_4b1778de,E/core50_nc/io/static_on/1/default,static_on,core50_nc,1,evaluation,2,199586.403465033,199593.781821392,7.378356358996825,70712320,114230272,260046848,260046848,335544320,0,2226966528,0,2006731776,0,2228813824,0,0.1,42,,
effectiveness_v3_20260918T183629Z_4b1778de,E/core50_nc/io/static_on/1/default,static_on,core50_nc,1,resource_transition,3,199593.816312782,199593.816756541,0.0004437589959707111,70712320,70712320,260046848,260046848,335544320,0,2226970624,0,2006735872,0,0,0,0.1,0,no_interval_samples,
effectiveness_v3_20260918T183629Z_4b1778de,E/core50_nc/io/static_on/1/default,static_on,core50_nc,1,training,3,199593.850103487,199614.558147717,20.708044230006635,70712320,180356096,260046848,260046848,335544320,0,2224480256,0,2004245504,0,2226454528,0,0.1,104,,
effectiveness_v3_20260918T183629Z_4b1778de,E/core50_nc/io/static_on/1/default,static_on,core50_nc,1,evaluation,3,199614.644221042,199624.132763107,9.488542064995272,70712320,114230272,260046848,260046848,335544320,0,2227212288,0,2006977536,0,2228682752,0,0.1,54,,
effectiveness_v3_20260918T183629Z_4b1778de,E/core50_nc/io/static_on/1/default,static_on,core50_nc,1,resource_transition,4,199624.186679458,199624.187163291,0.00048383299144916236,70712320,70712320,260046848,260046848,335544320,0,2227212288,0,2006977536,0,0,0,0.1,0,no_interval_samples,
effectiveness_v3_20260918T183629Z_4b1778de,E/core50_nc/io/static_on/1/default,static_on,core50_nc,1,training,4,199624.218926115,199645.004387822,20.785461707011564,70712320,180356096,260046848,260046848,335544320,0,2229305344,0,2009070592,0,2229997568,0,0.1,102,,
effectiveness_v3_20260918T183629Z_4b1778de,E/core50_nc/io/static_on/1/default,static_on,core50_nc,1,evaluation,4,199645.083358101,199656.275688416,11.192330315010622,70712320,114230272,260046848,260046848,335544320,0,2228695040,0,2008460288,0,2231791616,0,0.1,64,,
effectiveness_v3_20260918T183629Z_4b1778de,E/core50_nc/io/static_on/1/default,static_on,core50_nc,1,resource_transition,5,199656.30988325,199656.310345963,0.00046271298197098076,70712320,70712320,260046848,260046848,335544320,0,2228699136,0,2008464384,0,0,0,0.1,0,no_interval_samples,
effectiveness_v3_20260918T183629Z_4b1778de,E/core50_nc/io/static_on/1/default,static_on,core50_nc,1,training,5,199656.34399739,199677.187861514,20.843864123977255,70712320,180356096,260046848,260046848,335544320,0,2230644736,0,2010409984,0,2231590912,0,0.1,107,,
effectiveness_v3_20260918T183629Z_4b1778de,E/core50_nc/io/static_on/1/default,static_on,core50_nc,1,evaluation,5,199677.285230349,199690.656321829,13.37109148001764,70712320,114230272,260046848,260046848,335544320,0,2229325824,0,2009091072,0,2230841344,0,0.1,76,,
effectiveness_v3_20260918T183629Z_4b1778de,E/core50_nc/io/static_on/1/default,static_on,core50_nc,1,resource_transition,6,199690.689307802,199690.689738302,0.0004304999893065542,70712320,70712320,260046848,260046848,335544320,0,2229329920,0,2009095168,0,0,0,0.1,0,no_interval_samples,
effectiveness_v3_20260918T183629Z_4b1778de,E/core50_nc/io/static_on/1/default,static_on,core50_nc,1,training,6,199690.720092062,199711.381017599,20.660925536998548,70712320,180356096,260046848,260046848,335544320,0,2231013376,0,2010778624,0,2232172544,0,0.1,103,,
effectiveness_v3_20260918T183629Z_4b1778de,E/core50_nc/io/static_on/1/default,static_on,core50_nc,1,evaluation,6,199711.49469507,199725.408134259,13.913439188996563,70712320,114230272,260046848,260046848,335544320,0,2230448128,0,2010213376,0,2232004608,0,0.1,91,,
effectiveness_v3_20260918T183629Z_4b1778de,E/core50_nc/io/static_on/1/default,static_on,core50_nc,1,resource_transition,7,199725.444646721,199725.445096999,0.00045027799205854535,70712320,70712320,260046848,260046848,335544320,0,2230448128,0,2010213376,0,0,0,0.1,0,no_interval_samples,
effectiveness_v3_20260918T183629Z_4b1778de,E/core50_nc/io/static_on/1/default,static_on,core50_nc,1,training,7,199725.478937711,199746.426771544,20.947833832993638,70712320,180356096,260046848,260046848,335544320,0,2233090048,0,2012855296,0,2233221120,0,0.1,105,,
effectiveness_v3_20260918T183629Z_4b1778de,E/core50_nc/io/static_on/1/default,static_on,core50_nc,1,evaluation,7,199746.511025895,199763.296097388,16.785071493010037,70712320,114230272,260046848,260046848,335544320,0,2229862400,0,2009627648,0,2233090048,0,0.1,95,,
effectiveness_v3_20260918T183629Z_4b1778de,E/core50_nc/io/static_on/1/default,static_on,core50_nc,1,resource_transition,8,199763.355860868,199763.356375183,0.0005143150046933442,70712320,70712320,260046848,260046848,335544320,0,2229862400,0,2009627648,0,0,0,0.1,0,no_interval_samples,
effectiveness_v3_20260918T183629Z_4b1778de,E/core50_nc/io/static_on/1/default,static_on,core50_nc,1,training,8,199763.389785914,199784.189770767,20.79998485298711,70712320,180356096,260046848,260046848,335544320,0,2231910400,0,2011675648,0,2232766464,0,0.1,105,,
effectiveness_v3_20260918T183629Z_4b1778de,E/core50_nc/io/static_on/1/default,static_on,core50_nc,1,evaluation,8,199784.261968286,199803.313994111,19.05202582498896,70712320,114230272,260046848,260046848,335544320,0,2227585024,0,2007350272,0,2231910400,0,0.1,107,,
effectiveness_v3_20260918T184139Z_7fd5ed3e,E/core50_nc/io/orion_off/1/default,orion_off,core50_nc,1,setup,,199810.595022858,199812.134482782,1.5394599240098614,1395712,1395712,2097152,2097152,335544320,0,1576464384,0,1356229632,0,0,0,0.1,0,no_interval_samples,
effectiveness_v3_20260918T184139Z_7fd5ed3e,E/core50_nc/io/orion_off/1/default,orion_off,core50_nc,1,resource_transition,0,199812.162659745,199812.163129319,0.00046957400627434254,1395712,1395712,2097152,2097152,335544320,0,1576464384,0,1356229632,0,0,0,0.1,0,no_interval_samples,
effectiveness_v3_20260918T184139Z_7fd5ed3e,E/core50_nc/io/orion_off/1/default,orion_off,core50_nc,1,training,0,199812.189680337,199844.867720487,32.678040150000015,70712320,95452672,117440512,117440512,335544320,0,2070081536,0,1849846784,0,2065985536,0,0.1,199,,
effectiveness_v3_20260918T184139Z_7fd5ed3e,E/core50_nc/io/orion_off/1/default,orion_off,core50_nc,1,evaluation,0,199844.935442995,199848.51900547,3.5835624750179704,70712320,114230272,159383552,159383552,335544320,0,2120040448,0,1899805696,0,2120048640,0,0.1,21,,
effectiveness_v3_20260918T184139Z_7fd5ed3e,E/core50_nc/io/orion_off/1/default,orion_off,core50_nc,1,controller,0,199848.551537351,199848.551661092,0.00012374098878353834,70712320,70712320,159383552,159383552,335544320,0,2120040448,0,1899805696,0,0,0,0.1,0,no_interval_samples,
effectiveness_v3_20260918T184139Z_7fd5ed3e,E/core50_nc/io/orion_off/1/default,orion_off,core50_nc,1,reconfiguration,0,199848.58086025,199848.581159064,0.00029881400405429304,70712320,70712320,159383552,159383552,335544320,0,2120040448,0,1899805696,0,0,0,0.1,0,no_interval_samples,
effectiveness_v3_20260918T184139Z_7fd5ed3e,E/core50_nc/io/orion_off/1/default,orion_off,core50_nc,1,resource_transition,1,199848.614444305,199848.614972602,0.0005282969796098769,70712320,70712320,159383552,159383552,335544320,0,2120040448,0,1899805696,0,0,0,0.1,0,no_interval_samples,
effectiveness_v3_20260918T184139Z_7fd5ed3e,E/core50_nc/io/orion_off/1/default,orion_off,core50_nc,1,training,1,199848.642688499,199885.847691408,37.20500290900236,72920064,121897984,161480704,161480704,335544320,0,2246615040,0,2026380288,0,2227494912,0,0.1,225,,
effectiveness_v3_20260918T184139Z_7fd5ed3e,E/core50_nc/io/orion_off/1/default,orion_off,core50_nc,1,evaluation,1,199885.919884824,199891.496237025,5.5763522010238376,72920064,116438016,161480704,161480704,335544320,0,2255990784,0,2035756032,0,2259968000,0,0.1,32,,
effectiveness_v3_20260918T184139Z_7fd5ed3e,E/core50_nc/io/orion_off/1/default,orion_off,core50_nc,1,controller,1,199891.530163479,199891.530281211,0.00011773197911679745,72920064,72920064,161480704,161480704,335544320,0,2255990784,0,2035756032,0,0,0,0.1,0,no_interval_samples,
effectiveness_v3_20260918T184139Z_7fd5ed3e,E/core50_nc/io/orion_off/1/default,orion_off,core50_nc,1,reconfiguration,1,199891.560930637,199891.561611202,0.0006805649900343269,72920064,72920064,161480704,161480704,335544320,0,2255990784,0,2035756032,0,0,0,0.1,0,no_interval_samples,
effectiveness_v3_20260918T184139Z_7fd5ed3e,E/core50_nc/io/orion_off/1/default,orion_off,core50_nc,1,resource_transition,2,199891.591154768,199891.591723166,0.0005683980125468224,72920064,72920064,161480704,161480704,335544320,0,2255990784,0,2035756032,0,0,0,0.1,0,no_interval_samples,
effectiveness_v3_20260918T184139Z_7fd5ed3e,E/core50_nc/io/orion_off/1/default,orion_off,core50_nc,1,training,2,199891.624542434,199948.358459278,56.73391684400849,76217344,155344896,184549376,184549376,335544320,0,2293002240,0,2072723456,0,2297909248,0,0.1,355,,
effectiveness_v3_20260918T184139Z_7fd5ed3e,E/core50_nc/io/orion_off/1/default,orion_off,core50_nc,1,evaluation,2,199948.429384452,199955.799698904,7.370314452011371,76217344,121267200,184549376,184549376,335544320,0,2292903936,0,2072625152,0,2297667584,0,0.1,45,,
effectiveness_v3_20260918T184139Z_7fd5ed3e,E/core50_nc/io/orion_off/1/default,orion_off,core50_nc,1,controller,2,199955.834553729,199955.834672849,0.00011912002810277045,76217344,76217344,184549376,184549376,335544320,0,2292908032,0,2072629248,0,0,0,0.1,0,no_interval_samples,
effectiveness_v3_20260918T184139Z_7fd5ed3e,E/core50_nc/io/orion_off/1/default,orion_off,core50_nc,1,reconfiguration,2,199955.866271998,199955.868468822,0.0021968240034766495,76217344,76217344,184549376,184549376,335544320,0,2292908032,0,2072629248,0,0,0,0.1,0,no_interval_samples,
effectiveness_v3_20260918T184139Z_7fd5ed3e,E/core50_nc/io/orion_off/1/default,orion_off,core50_nc,1,resource_transition,3,199955.8971376,199955.897741526,0.0006039259897079319,76217344,76217344,184549376,184549376,335544320,0,2292908032,0,2072629248,0,0,0,0.1,0,no_interval_samples,
effectiveness_v3_20260918T184139Z_7fd5ed3e,E/core50_nc/io/orion_off/1/default,orion_off,core50_nc,1,training,3,199955.929256434,200026.298523414,70.36926698000752,79514624,160280576,186646528,186646528,335544320,0,2349412352,0,2129133568,0,2359660544,0,0.1,443,,
effectiveness_v3_20260918T184139Z_7fd5ed3e,E/core50_nc/io/orion_off/1/default,orion_off,core50_nc,1,evaluation,3,200026.37357495,200035.753144444,9.379569493990857,79514624,123032576,186646528,186646528,335544320,0,2349379584,0,2129100800,0,2355126272,0,0.1,54,,
effectiveness_v3_20260918T184139Z_7fd5ed3e,E/core50_nc/io/orion_off/1/default,orion_off,core50_nc,1,controller,3,200035.789872193,200035.789988193,0.00011599998106248677,79514624,79514624,186646528,186646528,335544320,0,2349383680,0,2129104896,0,0,0,0.1,0,no_interval_samples,
effectiveness_v3_20260918T184139Z_7fd5ed3e,E/core50_nc/io/orion_off/1/default,orion_off,core50_nc,1,reconfiguration,3,200035.819901211,200035.823125915,0.0032247039780486375,79514624,79514624,186646528,186646528,335544320,0,2349383680,0,2129104896,0,0,0,0.1,0,no_interval_samples,
effectiveness_v3_20260918T184139Z_7fd5ed3e,E/core50_nc/io/orion_off/1/default,orion_off,core50_nc,1,resource_transition,4,200035.877555821,200035.878135145,0.0005793239979539067,79514624,79514624,186646528,186646528,335544320,0,2349383680,0,2129104896,0,0,0,0.1,0,no_interval_samples,
effectiveness_v3_20260918T184139Z_7fd5ed3e,E/core50_nc/io/orion_off/1/default,orion_off,core50_nc,1,training,4,200035.911783663,200138.154787156,102.24300349300029,82811904,163373568,207618048,207618048,335544320,0,2352861184,0,2132582400,0,2363826176,0,0.1,632,,
effectiveness_v3_20260918T184139Z_7fd5ed3e,E/core50_nc/io/orion_off/1/default,orion_off,core50_nc,1,evaluation,4,200138.22906884,200149.555893414,11.326824574003695,82811904,126329856,207618048,207618048,335544320,0,2357612544,0,2137333760,0,2358607872,0,0.1,64,,
effectiveness_v3_20260918T184139Z_7fd5ed3e,E/core50_nc/io/orion_off/1/default,orion_off,core50_nc,1,controller,4,200149.592047015,200149.592163126,0.00011611101217567921,82811904,82811904,207618048,207618048,335544320,0,2357616640,0,2137337856,0,0,0,0.1,0,no_interval_samples,
effectiveness_v3_20260918T184139Z_7fd5ed3e,E/core50_nc/io/orion_off/1/default,orion_off,core50_nc,1,reconfiguration,4,200149.62339457,200149.626011588,0.0026170180062763393,82811904,82811904,207618048,207618048,335544320,0,2357616640,0,2137337856,0,0,0,0.1,0,no_interval_samples,
effectiveness_v3_20260918T184139Z_7fd5ed3e,E/core50_nc/io/orion_off/1/default,orion_off,core50_nc,1,resource_transition,5,200149.657089782,200149.657648078,0.0005582959856837988,82811904,82811904,207618048,207618048,335544320,0,2357616640,0,2137337856,0,0,0,0.1,0,no_interval_samples,
effectiveness_v3_20260918T184139Z_7fd5ed3e,E/core50_nc/io/orion_off/1/default,orion_off,core50_nc,1,training,5,200149.694606402,200270.924974819,121.23036841701833,86108672,168704000,207618048,207618048,335544320,0,2355974144,0,2135695360,0,2356195328,0,0.1,760,,
effectiveness_v3_20260918T184139Z_7fd5ed3e,E/core50_nc/io/orion_off/1/default,orion_off,core50_nc,1,evaluation,5,200271.009324513,200284.116657293,13.107332779996796,86108672,129626624,207618048,207618048,335544320,0,2357800960,0,2137522176,0,2361724928,0,0.1,74,,
effectiveness_v3_20260918T184139Z_7fd5ed3e,E/core50_nc/io/orion_off/1/default,orion_off,core50_nc,1,controller,5,200284.154246507,200284.154361201,0.00011469400487840176,86108672,86108672,207618048,207618048,335544320,0,2357805056,0,2137526272,0,0,0,0.1,0,no_interval_samples,
effectiveness_v3_20260918T184139Z_7fd5ed3e,E/core50_nc/io/orion_off/1/default,orion_off,core50_nc,1,reconfiguration,5,200284.186241609,200284.1889231,0.0026814910233952105,86108672,86108672,207618048,207618048,335544320,0,2357805056,0,2137526272,0,0,0,0.1,0,no_interval_samples,
effectiveness_v3_20260918T184139Z_7fd5ed3e,E/core50_nc/io/orion_off/1/default,orion_off,core50_nc,1,resource_transition,6,200284.226350981,200284.226910462,0.0005594809772446752,86108672,86108672,207618048,207618048,335544320,0,2357805056,0,2137526272,0,0,0,0.1,0,no_interval_samples,
effectiveness_v3_20260918T184139Z_7fd5ed3e,E/core50_nc/io/orion_off/1/default,orion_off,core50_nc,1,training,6,200284.259886563,200424.646147718,140.38626115501393,89405440,172729856,207618048,207618048,335544320,0,2358161408,0,2137882624,0,2358419456,0,0.1,842,,
effectiveness_v3_20260918T184139Z_7fd5ed3e,E/core50_nc/io/orion_off/1/default,orion_off,core50_nc,1,evaluation,6,200424.724688716,200439.538274416,14.813585700001568,89405440,132923392,207618048,207618048,335544320,0,2359496704,0,2139217920,0,2363482112,0,0.1,82,,
effectiveness_v3_20260918T184139Z_7fd5ed3e,E/core50_nc/io/orion_off/1/default,orion_off,core50_nc,1,controller,6,200439.577004065,200439.577125231,0.00012116599828004837,89405440,89405440,207618048,207618048,335544320,0,2359496704,0,2139217920,0,0,0,0.1,0,no_interval_samples,
effectiveness_v3_20260918T184139Z_7fd5ed3e,E/core50_nc/io/orion_off/1/default,orion_off,core50_nc,1,reconfiguration,6,200439.608620334,200439.612147084,0.0035267499915789813,89405440,89405440,207618048,207618048,335544320,0,2359496704,0,2139217920,0,0,0,0.1,0,no_interval_samples,
effectiveness_v3_20260918T184139Z_7fd5ed3e,E/core50_nc/io/orion_off/1/default,orion_off,core50_nc,1,resource_transition,7,200439.643063092,200439.643617592,0.0005545000021811575,89405440,89405440,207618048,207618048,335544320,0,2359496704,0,2139217920,0,0,0,0.1,0,no_interval_samples,
effectiveness_v3_20260918T184139Z_7fd5ed3e,E/core50_nc/io/orion_off/1/default,orion_off,core50_nc,1,training,7,200439.678154249,200589.193441962,149.51528771300218,92702720,177353728,207618048,207618048,335544320,0,2360336384,0,2140057600,0,2360926208,0,0.1,932,,
effectiveness_v3_20260918T184139Z_7fd5ed3e,E/core50_nc/io/orion_off/1/default,orion_off,core50_nc,1,evaluation,7,200589.277609888,200605.75358533,16.475975442008348,92702720,136819712,207618048,207618048,335544320,0,2365304832,0,2145026048,0,2366087168,0,0.1,93,,
effectiveness_v3_20260918T184139Z_7fd5ed3e,E/core50_nc/io/orion_off/1/default,orion_off,core50_nc,1,controller,7,200605.806203542,200605.806326607,0.00012306502321735024,92702720,92702720,207618048,207618048,335544320,0,2365308928,0,2145030144,0,0,0,0.1,0,no_interval_samples,
effectiveness_v3_20260918T184139Z_7fd5ed3e,E/core50_nc/io/orion_off/1/default,orion_off,core50_nc,1,reconfiguration,7,200605.837770115,200605.841412245,0.0036421300028450787,92702720,92702720,207618048,207618048,335544320,0,2365308928,0,2145030144,0,0,0,0.1,0,no_interval_samples,
effectiveness_v3_20260918T184139Z_7fd5ed3e,E/core50_nc/io/orion_off/1/default,orion_off,core50_nc,1,resource_transition,8,200605.873284838,200605.87385281,0.0005679720197804272,92702720,92702720,207618048,207618048,335544320,0,2365308928,0,2145030144,0,0,0,0.1,0,no_interval_samples,
effectiveness_v3_20260918T184139Z_7fd5ed3e,E/core50_nc/io/orion_off/1/default,orion_off,core50_nc,1,training,8,200605.908809542,200771.783221967,165.8744124250079,95999488,181199872,216006656,216006656,335544320,0,2364043264,0,2143764480,0,2366222336,0,0.1,1038,,
effectiveness_v3_20260918T184139Z_7fd5ed3e,E/core50_nc/io/orion_off/1/default,orion_off,core50_nc,1,evaluation,8,200771.86554217,200790.091740227,18.226198057003785,95999488,139517440,216006656,216006656,335544320,0,2367844352,0,2147565568,0,2369241088,0,0.1,103,,
effectiveness_v3_20260918T184139Z_7fd5ed3e,E/core50_nc/io/orion_off/1/default,orion_off,core50_nc,1,controller,8,200790.13008944,200790.130176088,8.66479822434485e-05,95999488,95999488,216006656,216006656,335544320,0,2367844352,0,2147565568,0,0,0,0.1,0,no_interval_samples,
effectiveness_v3_20260918T185806Z_ae220d7f,E/core50_nc/io/orion_on/1/default,orion_on,core50_nc,1,setup,,200797.574277182,200799.122629468,1.54835228601587,1395712,1395712,2097152,2097152,335544320,0,1572335616,0,1352116224,0,0,0,0.1,0,no_interval_samples,
effectiveness_v3_20260918T185806Z_ae220d7f,E/core50_nc/io/orion_on/1/default,orion_on,core50_nc,1,resource_transition,0,200799.147417338,200799.147879338,0.0004619999963324517,1395712,1395712,2097152,2097152,335544320,0,1572335616,0,1352116224,0,0,0,0.1,0,no_interval_samples,
effectiveness_v3_20260918T185806Z_ae220d7f,E/core50_nc/io/orion_on/1/default,orion_on,core50_nc,1,training,0,200799.1746053,200830.507944899,31.33333959899028,70712320,95452672,117440512,117440512,335544320,0,2071519232,0,1851299840,0,2065080320,0,0.1,162,,
effectiveness_v3_20260918T185806Z_ae220d7f,E/core50_nc/io/orion_on/1/default,orion_on,core50_nc,1,evaluation,0,200830.581515249,200834.234158365,3.6526431159873027,70712320,114230272,159383552,159383552,335544320,0,2122285056,0,1902065664,0,2122829824,0,0.1,20,,
effectiveness_v3_20260918T185806Z_ae220d7f,E/core50_nc/io/orion_on/1/default,orion_on,core50_nc,1,controller,0,200834.266522005,200834.266646616,0.00012461098958738148,70712320,70712320,159383552,159383552,335544320,0,2122285056,0,1902065664,0,0,0,0.1,0,no_interval_samples,
effectiveness_v3_20260918T185806Z_ae220d7f,E/core50_nc/io/orion_on/1/default,orion_on,core50_nc,1,reconfiguration,0,200834.294944302,200834.295253941,0.0003096389991696924,70712320,70712320,159383552,159383552,335544320,0,2122285056,0,1902065664,0,0,0,0.1,0,no_interval_samples,
effectiveness_v3_20260918T185806Z_ae220d7f,E/core50_nc/io/orion_on/1/default,orion_on,core50_nc,1,resource_transition,1,200834.322533173,200834.323093126,0.0005599530122708529,70712320,70712320,159383552,159383552,335544320,0,2122285056,0,1902065664,0,0,0,0.1,0,no_interval_samples,
effectiveness_v3_20260918T185806Z_ae220d7f,E/core50_nc/io/orion_on/1/default,orion_on,core50_nc,1,training,1,200834.35184996,200870.613315811,36.26146585101378,72920064,121897984,161480704,161480704,335544320,0,2244329472,0,2024110080,0,2232684544,0,0.1,198,,
effectiveness_v3_20260918T185806Z_ae220d7f,E/core50_nc/io/orion_on/1/default,orion_on,core50_nc,1,evaluation,1,200870.693968193,200876.16678781,5.472819617018104,72920064,116438016,161480704,161480704,335544320,0,2256556032,0,2036336640,0,2256551936,0,0.1,31,,
effectiveness_v3_20260918T185806Z_ae220d7f,E/core50_nc/io/orion_on/1/default,orion_on,core50_nc,1,controller,1,200876.211032746,200876.211174163,0.00014141699648462236,72920064,72920064,161480704,161480704,335544320,0,2256556032,0,2036336640,0,0,0,0.1,0,no_interval_samples,
effectiveness_v3_20260918T185806Z_ae220d7f,E/core50_nc/io/orion_on/1/default,orion_on,core50_nc,1,reconfiguration,1,200876.242392247,200876.243152756,0.0007605090213473886,72920064,72920064,161480704,161480704,335544320,0,2256556032,0,2036336640,0,0,0,0.1,0,no_interval_samples,
effectiveness_v3_20260918T185806Z_ae220d7f,E/core50_nc/io/orion_on/1/default,orion_on,core50_nc,1,resource_transition,2,200876.272475331,200876.273024998,0.0005496669909916818,72920064,72920064,161480704,161480704,335544320,0,2256556032,0,2036336640,0,0,0,0.1,0,no_interval_samples,
effectiveness_v3_20260918T185806Z_ae220d7f,E/core50_nc/io/orion_on/1/default,orion_on,core50_nc,1,training,2,200876.303886591,200929.38308423,53.079197639017366,76217344,155344896,184549376,184549376,335544320,0,2290425856,0,2070163456,0,2296303616,0,0.1,324,,
effectiveness_v3_20260918T185806Z_ae220d7f,E/core50_nc/io/orion_on/1/default,orion_on,core50_nc,1,evaluation,2,200929.47806938,200937.221504188,7.743434807984158,76217344,121267200,184549376,184549376,335544320,0,2294616064,0,2074353664,0,2295083008,0,0.1,44,,
effectiveness_v3_20260918T185806Z_ae220d7f,E/core50_nc/io/orion_on/1/default,orion_on,core50_nc,1,controller,2,200937.274037133,200937.274168448,0.00013131499872542918,76217344,76217344,184549376,184549376,335544320,0,2294620160,0,2074357760,0,0,0,0.1,0,no_interval_samples,
effectiveness_v3_20260918T185806Z_ae220d7f,E/core50_nc/io/orion_on/1/default,orion_on,core50_nc,1,reconfiguration,2,200937.303243782,200937.305461625,0.002217842993559316,76217344,76217344,184549376,184549376,335544320,0,2294620160,0,2074357760,0,0,0,0.1,0,no_interval_samples,
effectiveness_v3_20260918T185806Z_ae220d7f,E/core50_nc/io/orion_on/1/default,orion_on,core50_nc,1,resource_transition,3,200937.333884986,200937.33444594,0.0005609540094155818,76217344,76217344,184549376,184549376,335544320,0,2294620160,0,2074357760,0,0,0,0.1,0,no_interval_samples,
effectiveness_v3_20260918T185806Z_ae220d7f,E/core50_nc/io/orion_on/1/default,orion_on,core50_nc,1,training,3,200937.365933219,201002.142760042,64.77682682301383,79514624,160280576,186646528,186646528,335544320,0,2346708992,0,2126446592,0,2356989952,0,0.1,404,,
effectiveness_v3_20260918T185806Z_ae220d7f,E/core50_nc/io/orion_on/1/default,orion_on,core50_nc,1,evaluation,3,201002.214728998,201011.691244903,9.47651590500027,79514624,123032576,186646528,186646528,335544320,0,2348670976,0,2128408576,0,2351575040,0,0.1,55,,
effectiveness_v3_20260918T185806Z_ae220d7f,E/core50_nc/io/orion_on/1/default,orion_on,core50_nc,1,controller,3,201011.727843856,201011.727969458,0.00012560200411826372,79514624,79514624,186646528,186646528,335544320,0,2348675072,0,2128412672,0,0,0,0.1,0,no_interval_samples,
effectiveness_v3_20260918T185806Z_ae220d7f,E/core50_nc/io/orion_on/1/default,orion_on,core50_nc,1,reconfiguration,3,201011.759448653,201011.76157819,0.0021295369951985776,79514624,79514624,186646528,186646528,335544320,0,2348675072,0,2128412672,0,0,0,0.1,0,no_interval_samples,
effectiveness_v3_20260918T185806Z_ae220d7f,E/core50_nc/io/orion_on/1/default,orion_on,core50_nc,1,resource_transition,4,201011.793879987,201011.794423441,0.0005434539925772697,79514624,79514624,186646528,186646528,335544320,0,2348675072,0,2128412672,0,0,0,0.1,0,no_interval_samples,
effectiveness_v3_20260918T185806Z_ae220d7f,E/core50_nc/io/orion_on/1/default,orion_on,core50_nc,1,training,4,201011.830254812,201088.863758773,77.03350396099268,82811904,163373568,207618048,207618048,335544320,0,2350641152,0,2130378752,0,2365038592,0,0.1,479,,
effectiveness_v3_20260918T185806Z_ae220d7f,E/core50_nc/io/orion_on/1/default,orion_on,core50_nc,1,evaluation,4,201088.943811828,201100.207704522,11.26389269399806,82811904,126329856,207618048,207618048,335544320,0,2352365568,0,2132103168,0,2358276096,0,0.1,63,,
effectiveness_v3_20260918T185806Z_ae220d7f,E/core50_nc/io/orion_on/1/default,orion_on,core50_nc,1,controller,4,201100.245328189,201100.245455031,0.00012684200191870332,82811904,82811904,207618048,207618048,335544320,0,2352369664,0,2132107264,0,0,0,0.1,0,no_interval_samples,
effectiveness_v3_20260918T185806Z_ae220d7f,E/core50_nc/io/orion_on/1/default,orion_on,core50_nc,1,reconfiguration,4,201100.29957994,201100.302877514,0.003297574003227055,82811904,82811904,207618048,207618048,335544320,0,2352369664,0,2132107264,0,0,0,0.1,0,no_interval_samples,
effectiveness_v3_20260918T185806Z_ae220d7f,E/core50_nc/io/orion_on/1/default,orion_on,core50_nc,1,resource_transition,5,201100.334997413,201100.335558561,0.000561147986445576,82811904,82811904,207618048,207618048,335544320,0,2352369664,0,2132107264,0,0,0,0.1,0,no_interval_samples,
effectiveness_v3_20260918T185806Z_ae220d7f,E/core50_nc/io/orion_on/1/default,orion_on,core50_nc,1,training,5,201100.370377192,201216.255586776,115.8852095839975,86108672,168704000,207618048,207618048,335544320,0,2354151424,0,2133889024,0,2370158592,0,0.1,711,,
effectiveness_v3_20260918T185806Z_ae220d7f,E/core50_nc/io/orion_on/1/default,orion_on,core50_nc,1,evaluation,5,201216.348924732,201229.520800016,13.171875283995178,86108672,129626624,207618048,207618048,335544320,0,2355884032,0,2135621632,0,2359816192,0,0.1,74,,
effectiveness_v3_20260918T185806Z_ae220d7f,E/core50_nc/io/orion_on/1/default,orion_on,core50_nc,1,controller,5,201229.558769163,201229.558883209,0.00011404600809328258,86108672,86108672,207618048,207618048,335544320,0,2355888128,0,2135625728,0,0,0,0.1,0,no_interval_samples,
effectiveness_v3_20260918T185806Z_ae220d7f,E/core50_nc/io/orion_on/1/default,orion_on,core50_nc,1,reconfiguration,5,201229.591388746,201229.594126931,0.0027381850231904536,86108672,86108672,207618048,207618048,335544320,0,2355888128,0,2135625728,0,0,0,0.1,0,no_interval_samples,
effectiveness_v3_20260918T185806Z_ae220d7f,E/core50_nc/io/orion_on/1/default,orion_on,core50_nc,1,resource_transition,6,201229.625631097,201229.626237477,0.0006063799955882132,86108672,86108672,207618048,207618048,335544320,0,2355888128,0,2135625728,0,0,0,0.1,0,no_interval_samples,
effectiveness_v3_20260918T185806Z_ae220d7f,E/core50_nc/io/orion_on/1/default,orion_on,core50_nc,1,training,6,201229.674604615,201359.820267978,130.14566336301505,89405440,172729856,207618048,207618048,335544320,0,2356314112,0,2136051712,0,2358878208,0,0.1,810,,
effectiveness_v3_20260918T185806Z_ae220d7f,E/core50_nc/io/orion_on/1/default,orion_on,core50_nc,1,evaluation,6,201359.930061249,201374.97338131,15.043320060998667,89405440,132923392,207618048,207618048,335544320,0,2360909824,0,2140647424,0,2361778176,0,0.1,84,,
effectiveness_v3_20260918T185806Z_ae220d7f,E/core50_nc/io/orion_on/1/default,orion_on,core50_nc,1,controller,6,201375.0325162,201375.0326307,0.00011449999874457717,89405440,89405440,207618048,207618048,335544320,0,2360909824,0,2140647424,0,0,0,0.1,0,no_interval_samples,
effectiveness_v3_20260918T185806Z_ae220d7f,E/core50_nc/io/orion_on/1/default,orion_on,core50_nc,1,reconfiguration,6,201375.0646362,201375.068176673,0.00354047300061211,89405440,89405440,207618048,207618048,335544320,0,2360909824,0,2140647424,0,0,0,0.1,0,no_interval_samples,
effectiveness_v3_20260918T185806Z_ae220d7f,E/core50_nc/io/orion_on/1/default,orion_on,core50_nc,1,resource_transition,7,201375.10114059,201375.101713442,0.00057285200455226,89405440,89405440,207618048,207618048,335544320,0,2360909824,0,2140647424,0,0,0,0.1,0,no_interval_samples,
effectiveness_v3_20260918T185806Z_ae220d7f,E/core50_nc/io/orion_on/1/default,orion_on,core50_nc,1,training,7,201375.138441359,201520.189007431,145.05056607199367,92702720,177353728,207618048,207618048,335544320,0,2358923264,0,2138660864,0,2364342272,0,0.1,767,,
effectiveness_v3_20260918T185806Z_ae220d7f,E/core50_nc/io/orion_on/1/default,orion_on,core50_nc,1,evaluation,7,201520.26658832,201537.314023293,17.047434973006602,92702720,136819712,207618048,207618048,335544320,0,2360627200,0,2140364800,0,2364678144,0,0.1,97,,
effectiveness_v3_20260918T185806Z_ae220d7f,E/core50_nc/io/orion_on/1/default,orion_on,core50_nc,1,controller,7,201537.353778081,201537.353905923,0.0001278420095331967,92702720,92702720,207618048,207618048,335544320,0,2360631296,0,2140368896,0,0,0,0.1,0,no_interval_samples,
effectiveness_v3_20260918T185806Z_ae220d7f,E/core50_nc/io/orion_on/1/default,orion_on,core50_nc,1,reconfiguration,7,201537.385698906,201537.389304721,0.0036058149999007583,92702720,92702720,207618048,207618048,335544320,0,2360631296,0,2140368896,0,0,0,0.1,0,no_interval_samples,
effectiveness_v3_20260918T185806Z_ae220d7f,E/core50_nc/io/orion_on/1/default,orion_on,core50_nc,1,resource_transition,8,201537.420615805,201537.421187675,0.0005718700122088194,92702720,92702720,207618048,207618048,335544320,0,2360631296,0,2140368896,0,0,0,0.1,0,no_interval_samples,
effectiveness_v3_20260918T185806Z_ae220d7f,E/core50_nc/io/orion_on/1/default,orion_on,core50_nc,1,training,8,201537.462259204,201698.88983088,161.42757167600212,95999488,181199872,216006656,216006656,335544320,0,2361741312,0,2141478912,0,2364342272,0,0.1,983,,
effectiveness_v3_20260918T185806Z_ae220d7f,E/core50_nc/io/orion_on/1/default,orion_on,core50_nc,1,evaluation,8,201698.994738674,201716.421673138,17.42693446399062,95999488,139517440,216006656,216006656,335544320,0,2363654144,0,2143391744,0,2368180224,0,0.1,113,,
effectiveness_v3_20260918T185806Z_ae220d7f,E/core50_nc/io/orion_on/1/default,orion_on,core50_nc,1,controller,8,201716.459029165,201716.459117684,8.851898019202054e-05,95999488,95999488,216006656,216006656,335544320,0,2363654144,0,2143391744,0,0,0,0.1,0,no_interval_samples,
effectiveness_v3_20260918T191333Z_a15e235f,E/core50_nc/io/static_off/1/default,static_off,core50_nc,1,setup,,201724.085116698,201725.637693367,1.5525766689970624,1395712,1395712,2097152,2097152,335544320,0,1584697344,0,1364474880,0,1318588416,0,0.1,1,,
effectiveness_v3_20260918T191333Z_a15e235f,E/core50_nc/io/static_off/1/default,static_off,core50_nc,1,resource_transition,0,201725.665722126,201725.666164755,0.00044262901064939797,1395712,1395712,2097152,2097152,335544320,0,1584701440,0,1364478976,0,0,0,0.1,0,no_interval_samples,
effectiveness_v3_20260918T191333Z_a15e235f,E/core50_nc/io/static_off/1/default,static_off,core50_nc,1,training,0,201725.693958829,201768.225497665,42.53153883598861,70712320,143194112,195035136,195035136,335544320,0,2159677440,0,1939454976,0,2156994560,0,0.1,260,,
effectiveness_v3_20260918T191333Z_a15e235f,E/core50_nc/io/static_off/1/default,static_off,core50_nc,1,evaluation,0,201768.304745528,201772.253449554,3.9487040259991772,70712320,114230272,195035136,195035136,335544320,0,2211803136,0,1991580672,0,2213244928,0,0.1,23,,
effectiveness_v3_20260918T191333Z_a15e235f,E/core50_nc/io/static_off/1/default,static_off,core50_nc,1,resource_transition,1,201772.286944749,201772.28744549,0.0005007409781683236,70712320,70712320,195035136,195035136,335544320,0,2211803136,0,1991580672,0,0,0,0.1,0,no_interval_samples,
effectiveness_v3_20260918T191333Z_a15e235f,E/core50_nc/io/static_off/1/default,static_off,core50_nc,1,training,1,201772.319829824,201795.176421126,22.856591301999288,70712320,180356096,260046848,260046848,335544320,0,2216206336,0,1995983872,0,2215276544,0,0.1,137,,
effectiveness_v3_20260918T191333Z_a15e235f,E/core50_nc/io/static_off/1/default,static_off,core50_nc,1,evaluation,1,201795.245034783,201800.821608784,5.576574000995606,70712320,114230272,260046848,260046848,335544320,0,2216165376,0,1995942912,0,2220843008,0,0.1,31,,
effectiveness_v3_20260918T191333Z_a15e235f,E/core50_nc/io/static_off/1/default,static_off,core50_nc,1,resource_transition,2,201800.877310347,201800.877774616,0.00046426901826635003,70712320,70712320,260046848,260046848,335544320,0,2216165376,0,1995942912,0,0,0,0.1,0,no_interval_samples,
effectiveness_v3_20260918T191333Z_a15e235f,E/core50_nc/io/static_off/1/default,static_off,core50_nc,1,training,2,201800.909405078,201820.012834531,19.1034294529818,70712320,180356096,260046848,260046848,335544320,0,2224463872,0,2004241408,0,2225008640,0,0.1,114,,
effectiveness_v3_20260918T191333Z_a15e235f,E/core50_nc/io/static_off/1/default,static_off,core50_nc,1,evaluation,2,201820.078591545,201827.286733579,7.208142034010962,70712320,114230272,260046848,260046848,335544320,0,2229096448,0,2008873984,0,2230140928,0,0.1,42,,
effectiveness_v3_20260918T191333Z_a15e235f,E/core50_nc/io/static_off/1/default,static_off,core50_nc,1,resource_transition,3,201827.321742144,201827.322207441,0.0004652969946619123,70712320,70712320,260046848,260046848,335544320,0,2229100544,0,2008878080,0,0,0,0.1,0,no_interval_samples,
effectiveness_v3_20260918T191333Z_a15e235f,E/core50_nc/io/static_off/1/default,static_off,core50_nc,1,training,3,201827.356161506,201849.654913072,22.298751566006104,70712320,180356096,260046848,260046848,335544320,0,2224742400,0,2004519936,0,2225577984,0,0.1,133,,
effectiveness_v3_20260918T191333Z_a15e235f,E/core50_nc/io/static_off/1/default,static_off,core50_nc,1,evaluation,3,201849.72076995,201858.721580783,9.000810832978459,70712320,114230272,260046848,260046848,335544320,0,2232041472,0,2011819008,0,2232041472,0,0.1,52,,
effectiveness_v3_20260918T191333Z_a15e235f,E/core50_nc/io/static_off/1/default,static_off,core50_nc,1,resource_transition,4,201858.755899099,201858.756377506,0.0004784070188179612,70712320,70712320,260046848,260046848,335544320,0,2232041472,0,2011819008,0,0,0,0.1,0,no_interval_samples,
effectiveness_v3_20260918T191333Z_a15e235f,E/core50_nc/io/static_off/1/default,static_off,core50_nc,1,training,4,201858.789540526,201881.522696527,22.73315600102069,70712320,180356096,260046848,260046848,335544320,0,2225758208,0,2005535744,0,2232041472,0,0.1,136,,
effectiveness_v3_20260918T191333Z_a15e235f,E/core50_nc/io/static_off/1/default,static_off,core50_nc,1,evaluation,4,201881.617201747,201892.783457926,11.166256179014454,70712320,114230272,260046848,260046848,335544320,0,2229874688,0,2009652224,0,2230337536,0,0.1,64,,
effectiveness_v3_20260918T191333Z_a15e235f,E/core50_nc/io/static_off/1/default,static_off,core50_nc,1,resource_transition,5,201892.815977342,201892.816462916,0.00048557401169091463,70712320,70712320,260046848,260046848,335544320,0,2229878784,0,2009656320,0,0,0,0.1,0,no_interval_samples,
effectiveness_v3_20260918T191333Z_a15e235f,E/core50_nc/io/static_off/1/default,static_off,core50_nc,1,training,5,201892.855114101,201912.614253874,19.759139772999333,70712320,180356096,260046848,260046848,335544320,0,2226290688,0,2006068224,0,2226970624,0,0.1,119,,
effectiveness_v3_20260918T191333Z_a15e235f,E/core50_nc/io/static_off/1/default,static_off,core50_nc,1,evaluation,5,201912.686185116,201926.214220975,13.528035858995281,70712320,114230272,260046848,260046848,335544320,0,2228076544,0,2007854080,0,2234155008,0,0.1,77,,
effectiveness_v3_20260918T191333Z_a15e235f,E/core50_nc/io/static_off/1/default,static_off,core50_nc,1,resource_transition,6,201926.251792077,201926.25235779,0.000565713009564206,70712320,70712320,260046848,260046848,335544320,0,2228080640,0,2007858176,0,0,0,0.1,0,no_interval_samples,
effectiveness_v3_20260918T191333Z_a15e235f,E/core50_nc/io/static_off/1/default,static_off,core50_nc,1,training,6,201926.311938495,201947.479624617,21.167686122003943,70712320,180356096,260046848,260046848,335544320,0,2226470912,0,2006248448,0,2228613120,0,0.1,132,,
effectiveness_v3_20260918T191333Z_a15e235f,E/core50_nc/io/static_off/1/default,static_off,core50_nc,1,evaluation,6,201947.557127042,201962.515294387,14.95816734500113,70712320,114230272,260046848,260046848,335544320,0,2231304192,0,2011081728,0,2234077184,0,0.1,85,,
effectiveness_v3_20260918T191333Z_a15e235f,E/core50_nc/io/static_off/1/default,static_off,core50_nc,1,resource_transition,7,201962.554558202,201962.555083054,0.0005248519883025438,70712320,70712320,260046848,260046848,335544320,0,2231304192,0,2011081728,0,0,0,0.1,0,no_interval_samples,
effectiveness_v3_20260918T191333Z_a15e235f,E/core50_nc/io/static_off/1/default,static_off,core50_nc,1,training,7,201962.590174731,201981.64812337,19.057948638976086,70712320,180356096,260046848,260046848,335544320,0,2227109888,0,2006887424,0,2231304192,0,0.1,115,,
effectiveness_v3_20260918T191333Z_a15e235f,E/core50_nc/io/static_off/1/default,static_off,core50_nc,1,evaluation,7,201981.710817001,201998.720319741,17.009502739994787,70712320,114230272,260046848,260046848,335544320,0,2228797440,0,2008574976,0,2232651776,0,0.1,97,,
effectiveness_v3_20260918T191333Z_a15e235f,E/core50_nc/io/static_off/1/default,static_off,core50_nc,1,resource_transition,8,201998.756974426,201998.757520195,0.0005457689985632896,70712320,70712320,260046848,260046848,335544320,0,2228797440,0,2008574976,0,0,0,0.1,0,no_interval_samples,
effectiveness_v3_20260918T191333Z_a15e235f,E/core50_nc/io/static_off/1/default,static_off,core50_nc,1,training,8,201998.791020314,202016.422270406,17.63125009200303,70712320,180356096,260046848,260046848,335544320,0,2227392512,0,2007170048,0,2228269056,0,0.1,105,,
effectiveness_v3_20260918T191333Z_a15e235f,E/core50_nc/io/static_off/1/default,static_off,core50_nc,1,evaluation,8,202016.490642043,202035.8835958,19.392953756992938,70712320,114230272,260046848,260046848,335544320,0,2231533568,0,2011311104,0,2233049088,0,0.1,112,,
effectiveness_v3_20260918T191852Z_4739dab6,E/core50_nc/io/orion_off/2/default,orion_off,core50_nc,2,setup,,202043.17885592,202044.723192775,1.544336855004076,1395712,1395712,2097152,2097152,335544320,0,1573531648,0,1353296896,0,0,0,0.1,0,no_interval_samples,
effectiveness_v3_20260918T191852Z_4739dab6,E/core50_nc/io/orion_off/2/default,orion_off,core50_nc,2,resource_transition,0,202044.751478978,202044.75197621,0.0004972320166416466,1395712,1395712,2097152,2097152,335544320,0,1573531648,0,1353296896,0,0,0,0.1,0,no_interval_samples,
effectiveness_v3_20260918T191852Z_4739dab6,E/core50_nc/io/orion_off/2/default,orion_off,core50_nc,2,training,0,202044.779359154,202077.690983368,32.91162421400077,70712320,95452672,117440512,117440512,335544320,0,2068131840,0,1847897088,0,2063974400,0,0.1,200,,
effectiveness_v3_20260918T191852Z_4739dab6,E/core50_nc/io/orion_off/2/default,orion_off,core50_nc,2,evaluation,0,202077.765352916,202081.448554423,3.683201506995829,70712320,114230272,159383552,159383552,335544320,0,2118107136,0,1897872384,0,2119553024,0,0.1,20,,
effectiveness_v3_20260918T191852Z_4739dab6,E/core50_nc/io/orion_off/2/default,orion_off,core50_nc,2,controller,0,202081.482876395,202081.482995654,0.00011925899889320135,70712320,70712320,159383552,159383552,335544320,0,2118107136,0,1897872384,0,0,0,0.1,0,no_interval_samples,
effectiveness_v3_20260918T191852Z_4739dab6,E/core50_nc/io/orion_off/2/default,orion_off,core50_nc,2,reconfiguration,0,202081.507955302,202081.508321746,0.0003664440009742975,70712320,70712320,159383552,159383552,335544320,0,2118107136,0,1897872384,0,0,0,0.1,0,no_interval_samples,
effectiveness_v3_20260918T191852Z_4739dab6,E/core50_nc/io/orion_off/2/default,orion_off,core50_nc,2,resource_transition,1,202081.53749144,202081.538022894,0.0005314540176186711,70712320,70712320,159383552,159383552,335544320,0,2118107136,0,1897872384,0,0,0,0.1,0,no_interval_samples,
effectiveness_v3_20260918T191852Z_4739dab6,E/core50_nc/io/orion_off/2/default,orion_off,core50_nc,2,training,1,202081.567885986,202115.487929773,33.92004378698766,72920064,121897984,161480704,161480704,335544320,0,2244710400,0,2024475648,0,2225569792,0,0.1,210,,
effectiveness_v3_20260918T191852Z_4739dab6,E/core50_nc/io/orion_off/2/default,orion_off,core50_nc,2,evaluation,1,202115.567757608,202121.003248877,5.4354912690178026,72920064,116438016,161480704,161480704,335544320,0,2254090240,0,2033855488,0,2258067456,0,0.1,31,,
effectiveness_v3_20260918T191852Z_4739dab6,E/core50_nc/io/orion_off/2/default,orion_off,core50_nc,2,controller,1,202121.035885043,202121.036024988,0.00013994498294778168,72920064,72920064,161480704,161480704,335544320,0,2254090240,0,2033855488,0,0,0,0.1,0,no_interval_samples,
effectiveness_v3_20260918T191852Z_4739dab6,E/core50_nc/io/orion_off/2/default,orion_off,core50_nc,2,reconfiguration,1,202121.065722839,202121.066417191,0.0006943519983906299,72920064,72920064,161480704,161480704,335544320,0,2254090240,0,2033855488,0,0,0,0.1,0,no_interval_samples,
effectiveness_v3_20260918T191852Z_4739dab6,E/core50_nc/io/orion_off/2/default,orion_off,core50_nc,2,resource_transition,2,202121.09477182,202121.0953537,0.0005818799836561084,72920064,72920064,161480704,161480704,335544320,0,2254090240,0,2033855488,0,0,0,0.1,0,no_interval_samples,
effectiveness_v3_20260918T191852Z_4739dab6,E/core50_nc/io/orion_off/2/default,orion_off,core50_nc,2,training,2,202121.125917968,202176.461226118,55.33530815000995,76217344,155344896,184549376,184549376,335544320,0,2290413568,0,2070134784,0,2295951360,0,0.1,350,,
effectiveness_v3_20260918T191852Z_4739dab6,E/core50_nc/io/orion_off/2/default,orion_off,core50_nc,2,evaluation,2,202176.534069456,202183.482830846,6.948761389998253,76217344,121267200,184549376,184549376,335544320,0,2290462720,0,2070183936,0,2295095296,0,0.1,44,,
effectiveness_v3_20260918T191852Z_4739dab6,E/core50_nc/io/orion_off/2/default,orion_off,core50_nc,2,controller,2,202183.51935678,202183.51948266,0.00012588000390678644,76217344,76217344,184549376,184549376,335544320,0,2290466816,0,2070188032,0,0,0,0.1,0,no_interval_samples,
effectiveness_v3_20260918T191852Z_4739dab6,E/core50_nc/io/orion_off/2/default,orion_off,core50_nc,2,reconfiguration,2,202183.552223197,202183.554251928,0.0020287309889681637,76217344,76217344,184549376,184549376,335544320,0,2290466816,0,2070188032,0,0,0,0.1,0,no_interval_samples,
effectiveness_v3_20260918T191852Z_4739dab6,E/core50_nc/io/orion_off/2/default,orion_off,core50_nc,2,resource_transition,3,202183.585173353,202183.585778085,0.0006047319911886007,76217344,76217344,184549376,184549376,335544320,0,2290466816,0,2070188032,0,0,0,0.1,0,no_interval_samples,
effectiveness_v3_20260918T191852Z_4739dab6,E/core50_nc/io/orion_off/2/default,orion_off,core50_nc,2,training,3,202183.620718945,202253.32350396,69.70278501501889,79514624,160280576,186646528,186646528,335544320,0,2347397120,0,2127118336,0,2357895168,0,0.1,431,,
effectiveness_v3_20260918T191852Z_4739dab6,E/core50_nc/io/orion_off/2/default,orion_off,core50_nc,2,evaluation,3,202253.430406714,202262.883146683,9.452739968983224,79514624,123032576,186646528,186646528,335544320,0,2347433984,0,2127155200,0,2352783360,0,0.1,54,,
effectiveness_v3_20260918T191852Z_4739dab6,E/core50_nc/io/orion_off/2/default,orion_off,core50_nc,2,controller,3,202262.919915173,202262.920046636,0.00013146299170330167,79514624,79514624,186646528,186646528,335544320,0,2347438080,0,2127159296,0,0,0,0.1,0,no_interval_samples,
effectiveness_v3_20260918T191852Z_4739dab6,E/core50_nc/io/orion_off/2/default,orion_off,core50_nc,2,reconfiguration,3,202262.949737756,202262.95171645,0.001978694024728611,79514624,79514624,186646528,186646528,335544320,0,2347438080,0,2127159296,0,0,0,0.1,0,no_interval_samples,
effectiveness_v3_20260918T191852Z_4739dab6,E/core50_nc/io/orion_off/2/default,orion_off,core50_nc,2,resource_transition,4,202262.990663533,202262.991210292,0.0005467589944601059,79514624,79514624,186646528,186646528,335544320,0,2347438080,0,2127159296,0,0,0,0.1,0,no_interval_samples,
effectiveness_v3_20260918T191852Z_4739dab6,E/core50_nc/io/orion_off/2/default,orion_off,core50_nc,2,training,4,202263.021639504,202363.778853569,100.75721406500088,82811904,163373568,207618048,207618048,335544320,0,2351333376,0,2131054592,0,2362933248,0,0.1,625,,
effectiveness_v3_20260918T191852Z_4739dab6,E/core50_nc/io/orion_off/2/default,orion_off,core50_nc,2,evaluation,4,202363.850387441,202374.971660542,11.121273101016413,82811904,126329856,207618048,207618048,335544320,0,2352787456,0,2132508672,0,2357108736,0,0.1,63,,
effectiveness_v3_20260918T191852Z_4739dab6,E/core50_nc/io/orion_off/2/default,orion_off,core50_nc,2,controller,4,202375.007647978,202375.007772274,0.00012429599883034825,82811904,82811904,207618048,207618048,335544320,0,2352791552,0,2132512768,0,0,0,0.1,0,no_interval_samples,
effectiveness_v3_20260918T191852Z_4739dab6,E/core50_nc/io/orion_off/2/default,orion_off,core50_nc,2,reconfiguration,4,202375.039108775,202375.041874043,0.0027652680000755936,82811904,82811904,207618048,207618048,335544320,0,2352791552,0,2132512768,0,0,0,0.1,0,no_interval_samples,
effectiveness_v3_20260918T191852Z_4739dab6,E/core50_nc/io/orion_off/2/default,orion_off,core50_nc,2,resource_transition,5,202375.073853155,202375.07444447,0.0005913150089327246,82811904,82811904,207618048,207618048,335544320,0,2352791552,0,2132512768,0,0,0,0.1,0,no_interval_samples,
effectiveness_v3_20260918T191852Z_4739dab6,E/core50_nc/io/orion_off/2/default,orion_off,core50_nc,2,training,5,202375.109130184,202497.602065394,122.49293521000072,86108672,168704000,207618048,207618048,335544320,0,2354245632,0,2133966848,0,2354241536,0,0.1,764,,
effectiveness_v3_20260918T191852Z_4739dab6,E/core50_nc/io/orion_off/2/default,orion_off,core50_nc,2,evaluation,5,202497.679333248,202510.628538852,12.94920560400351,86108672,129626624,207618048,207618048,335544320,0,2358927360,0,2138648576,0,2360205312,0,0.1,72,,
effectiveness_v3_20260918T191852Z_4739dab6,E/core50_nc/io/orion_off/2/default,orion_off,core50_nc,2,controller,5,202510.664916407,202510.665020833,0.00010442599887028337,86108672,86108672,207618048,207618048,335544320,0,2358931456,0,2138652672,0,0,0,0.1,0,no_interval_samples,
effectiveness_v3_20260918T191852Z_4739dab6,E/core50_nc/io/orion_off/2/default,orion_off,core50_nc,2,reconfiguration,5,202510.695137795,202510.697791638,0.002653842995641753,86108672,86108672,207618048,207618048,335544320,0,2358931456,0,2138652672,0,0,0,0.1,0,no_interval_samples,
effectiveness_v3_20260918T191852Z_4739dab6,E/core50_nc/io/orion_off/2/default,orion_off,core50_nc,2,resource_transition,6,202510.723853675,202510.724333443,0.00047976800124160945,86108672,86108672,207618048,207618048,335544320,0,2358931456,0,2138652672,0,0,0,0.1,0,no_interval_samples,
effectiveness_v3_20260918T191852Z_4739dab6,E/core50_nc/io/orion_off/2/default,orion_off,core50_nc,2,training,6,202510.758196128,202653.505938738,142.74774260999402,89405440,172729856,207618048,207618048,335544320,0,2356174848,0,2135896064,0,2356445184,0,0.1,815,,
effectiveness_v3_20260918T191852Z_4739dab6,E/core50_nc/io/orion_off/2/default,orion_off,core50_nc,2,evaluation,6,202653.589498737,202668.400611931,14.811113193980418,89405440,132923392,207618048,207618048,335544320,0,2357653504,0,2137374720,0,2361634816,0,0.1,83,,
effectiveness_v3_20260918T191852Z_4739dab6,E/core50_nc/io/orion_off/2/default,orion_off,core50_nc,2,controller,6,202668.438562303,202668.438680867,0.00011856399942189455,89405440,89405440,207618048,207618048,335544320,0,2357653504,0,2137374720,0,0,0,0.1,0,no_interval_samples,
effectiveness_v3_20260918T191852Z_4739dab6,E/core50_nc/io/orion_off/2/default,orion_off,core50_nc,2,reconfiguration,6,202668.469764303,202668.473322229,0.003557925985660404,89405440,89405440,207618048,207618048,335544320,0,2357653504,0,2137374720,0,0,0,0.1,0,no_interval_samples,
effectiveness_v3_20260918T191852Z_4739dab6,E/core50_nc/io/orion_off/2/default,orion_off,core50_nc,2,resource_transition,7,202668.505053795,202668.505550962,0.0004971669986844063,89405440,89405440,207618048,207618048,335544320,0,2357653504,0,2137374720,0,0,0,0.1,0,no_interval_samples,
effectiveness_v3_20260918T191852Z_4739dab6,E/core50_nc/io/orion_off/2/default,orion_off,core50_nc,2,training,7,202668.540982518,202818.097694496,149.55671197801712,92702720,177353728,207618048,207618048,335544320,0,2358382592,0,2138103808,0,2358960128,0,0.1,932,,
effectiveness_v3_20260918T191852Z_4739dab6,E/core50_nc/io/orion_off/2/default,orion_off,core50_nc,2,evaluation,7,202818.171663087,202835.516913554,17.345250466983998,92702720,136819712,207618048,207618048,335544320,0,2360381440,0,2140102656,0,2363240448,0,0.1,97,,
effectiveness_v3_20260918T191852Z_4739dab6,E/core50_nc/io/orion_off/2/default,orion_off,core50_nc,2,controller,7,202835.550985229,202835.55110734,0.00012211099965497851,92702720,92702720,207618048,207618048,335544320,0,2360385536,0,2140106752,0,0,0,0.1,0,no_interval_samples,
effectiveness_v3_20260918T191852Z_4739dab6,E/core50_nc/io/orion_off/2/default,orion_off,core50_nc,2,reconfiguration,7,202835.579150432,202835.582624293,0.003473860997473821,92702720,92702720,207618048,207618048,335544320,0,2360385536,0,2140106752,0,0,0,0.1,0,no_interval_samples,
effectiveness_v3_20260918T191852Z_4739dab6,E/core50_nc/io/orion_off/2/default,orion_off,core50_nc,2,resource_transition,8,202835.610625691,202835.611230756,0.0006050649972166866,92702720,92702720,207618048,207618048,335544320,0,2360385536,0,2140106752,0,0,0,0.1,0,no_interval_samples,
effectiveness_v3_20260918T191852Z_4739dab6,E/core50_nc/io/orion_off/2/default,orion_off,core50_nc,2,training,8,202835.668614783,203000.853170373,165.18455559000722,95999488,181199872,216006656,216006656,335544320,0,2361913344,0,2141634560,0,2362580992,0,0.1,1033,,
effectiveness_v3_20260918T191852Z_4739dab6,E/core50_nc/io/orion_off/2/default,orion_off,core50_nc,2,evaluation,8,203000.930138931,203019.806939026,18.876800094993087,95999488,139517440,216006656,216006656,335544320,0,2366537728,0,2146258944,0,2368086016,0,0.1,106,,
effectiveness_v3_20260918T191852Z_4739dab6,E/core50_nc/io/orion_off/2/default,orion_off,core50_nc,2,controller,8,203019.846685229,203019.846785432,0.00010020300396718085,95999488,95999488,216006656,216006656,335544320,0,2366537728,0,2146258944,0,0,0,0.1,0,no_interval_samples,
effectiveness_v3_20260918T193516Z_4583bff6,E/core50_nc/io/orion_on/2/default,orion_on,core50_nc,2,setup,,203027.267549292,203028.807194092,1.5396447999810334,1395712,1395712,2097152,2097152,335544320,0,1575313408,0,1355086848,0,0,0,0.1,0,no_interval_samples,
effectiveness_v3_20260918T193516Z_4583bff6,E/core50_nc/io/orion_on/2/default,orion_on,core50_nc,2,resource_transition,0,203028.833185804,203028.833645536,0.0004597320221364498,1395712,1395712,2097152,2097152,335544320,0,1575321600,0,1355086848,0,0,0,0.1,0,no_interval_samples,
effectiveness_v3_20260918T193516Z_4583bff6,E/core50_nc/io/orion_on/2/default,orion_on,core50_nc,2,training,0,203028.857071517,203059.88825373,31.031182212987915,70712320,95452672,117440512,117440512,335544320,0,2074505216,0,1854270464,0,2068070400,0,0.1,158,,
effectiveness_v3_20260918T193516Z_4583bff6,E/core50_nc/io/orion_on/2/default,orion_on,core50_nc,2,evaluation,0,203060.004103423,203063.529879522,3.525776098977076,70712320,114230272,159383552,159383552,335544320,0,2125258752,0,1905024000,0,2125799424,0,0.1,20,,
effectiveness_v3_20260918T193516Z_4583bff6,E/core50_nc/io/orion_on/2/default,orion_on,core50_nc,2,controller,0,203063.581826586,203063.58195792,0.00013133397442288697,70712320,70712320,159383552,159383552,335544320,0,2125258752,0,1905024000,0,0,0,0.1,0,no_interval_samples,
effectiveness_v3_20260918T193516Z_4583bff6,E/core50_nc/io/orion_on/2/default,orion_on,core50_nc,2,reconfiguration,0,203063.611934466,203063.612257049,0.0003225830150768161,70712320,70712320,159383552,159383552,335544320,0,2125258752,0,1905024000,0,0,0,0.1,0,no_interval_samples,
effectiveness_v3_20260918T193516Z_4583bff6,E/core50_nc/io/orion_on/2/default,orion_on,core50_nc,2,resource_transition,1,203063.640228679,203063.640756513,0.0005278339958749712,70712320,70712320,159383552,159383552,335544320,0,2125258752,0,1905024000,0,0,0,0.1,0,no_interval_samples,
effectiveness_v3_20260918T193516Z_4583bff6,E/core50_nc/io/orion_on/2/default,orion_on,core50_nc,2,training,1,203063.670053569,203098.283185592,34.613132023019716,72920064,121897984,161480704,161480704,335544320,0,2247315456,0,2027080704,0,2235957248,0,0.1,189,,
effectiveness_v3_20260918T193516Z_4583bff6,E/core50_nc/io/orion_on/2/default,orion_on,core50_nc,2,evaluation,1,203098.386340433,203103.751512985,5.3651725520030595,72920064,116438016,161480704,161480704,335544320,0,2261655552,0,2041420800,0,2261643264,0,0.1,31,,
effectiveness_v3_20260918T193516Z_4583bff6,E/core50_nc/io/orion_on/2/default,orion_on,core50_nc,2,controller,1,203103.78631518,203103.786432995,0.00011781498324126005,72920064,72920064,161480704,161480704,335544320,0,2261655552,0,2041420800,0,0,0,0.1,0,no_interval_samples,
effectiveness_v3_20260918T193516Z_4583bff6,E/core50_nc/io/orion_on/2/default,orion_on,core50_nc,2,reconfiguration,1,203103.816715134,203103.817392533,0.0006773990171495825,72920064,72920064,161480704,161480704,335544320,0,2261655552,0,2041420800,0,0,0,0.1,0,no_interval_samples,
effectiveness_v3_20260918T193516Z_4583bff6,E/core50_nc/io/orion_on/2/default,orion_on,core50_nc,2,resource_transition,2,203103.843421829,203103.844018857,0.00059702800353989,72920064,72920064,161480704,161480704,335544320,0,2261655552,0,2041420800,0,0,0,0.1,0,no_interval_samples,
effectiveness_v3_20260918T193516Z_4583bff6,E/core50_nc/io/orion_on/2/default,orion_on,core50_nc,2,training,2,203103.876052747,203155.249348832,51.3732960850175,76217344,155344896,184549376,184549376,335544320,0,2293047296,0,2072768512,0,2301132800,0,0.1,314,,
effectiveness_v3_20260918T193516Z_4583bff6,E/core50_nc/io/orion_on/2/default,orion_on,core50_nc,2,evaluation,2,203155.326507658,203162.972407524,7.645899866009131,76217344,121267200,184549376,184549376,335544320,0,2297208832,0,2076930048,0,2299265024,0,0.1,44,,
effectiveness_v3_20260918T193516Z_4583bff6,E/core50_nc/io/orion_on/2/default,orion_on,core50_nc,2,controller,2,203163.006722745,203163.006843681,0.00012093601981177926,76217344,76217344,184549376,184549376,335544320,0,2297212928,0,2076934144,0,0,0,0.1,0,no_interval_samples,
effectiveness_v3_20260918T193516Z_4583bff6,E/core50_nc/io/orion_on/2/default,orion_on,core50_nc,2,reconfiguration,2,203163.037606393,203163.039582217,0.0019758240086957812,76217344,76217344,184549376,184549376,335544320,0,2297212928,0,2076934144,0,0,0,0.1,0,no_interval_samples,
effectiveness_v3_20260918T193516Z_4583bff6,E/core50_nc/io/orion_on/2/default,orion_on,core50_nc,2,resource_transition,3,203163.069686948,203163.070237105,0.0005501570121850818,76217344,76217344,184549376,184549376,335544320,0,2297212928,0,2076934144,0,0,0,0.1,0,no_interval_samples,
effectiveness_v3_20260918T193516Z_4583bff6,E/core50_nc/io/orion_on/2/default,orion_on,core50_nc,2,training,3,203163.105386383,203227.335634895,64.23024851200171,79514624,160280576,186646528,186646528,335544320,0,2349879296,0,2129600512,0,2361421824,0,0.1,397,,
effectiveness_v3_20260918T193516Z_4583bff6,E/core50_nc/io/orion_on/2/default,orion_on,core50_nc,2,evaluation,3,203227.411045912,203236.770068812,9.35902289999649,79514624,123032576,186646528,186646528,335544320,0,2354266112,0,2133987328,0,2354434048,0,0.1,54,,
effectiveness_v3_20260918T193516Z_4583bff6,E/core50_nc/io/orion_on/2/default,orion_on,core50_nc,2,controller,3,203236.803577628,203236.803697563,0.00011993502266705036,79514624,79514624,186646528,186646528,335544320,0,2354270208,0,2133991424,0,0,0,0.1,0,no_interval_samples,
effectiveness_v3_20260918T193516Z_4583bff6,E/core50_nc/io/orion_on/2/default,orion_on,core50_nc,2,reconfiguration,3,203236.834617415,203236.836694471,0.0020770560076925904,79514624,79514624,186646528,186646528,335544320,0,2354270208,0,2133991424,0,0,0,0.1,0,no_interval_samples,
effectiveness_v3_20260918T193516Z_4583bff6,E/core50_nc/io/orion_on/2/default,orion_on,core50_nc,2,resource_transition,4,203236.867243499,203236.867792897,0.0005493980133906007,79514624,79514624,186646528,186646528,335544320,0,2354270208,0,2133991424,0,0,0,0.1,0,no_interval_samples,
effectiveness_v3_20260918T193516Z_4583bff6,E/core50_nc/io/orion_on/2/default,orion_on,core50_nc,2,training,4,203236.903753313,203313.439359087,76.53560577399912,82811904,163373568,207618048,207618048,335544320,0,2353983488,0,2133704704,0,2368454656,0,0.1,475,,
effectiveness_v3_20260918T193516Z_4583bff6,E/core50_nc/io/orion_on/2/default,orion_on,core50_nc,2,evaluation,4,203313.529513559,203324.955024407,11.425510847999249,82811904,126329856,207618048,207618048,335544320,0,2355826688,0,2135547904,0,2361778176,0,0.1,64,,
effectiveness_v3_20260918T193516Z_4583bff6,E/core50_nc/io/orion_on/2/default,orion_on,core50_nc,2,controller,4,203324.993144695,203324.993264713,0.00012001799768768251,82811904,82811904,207618048,207618048,335544320,0,2355830784,0,2135552000,0,0,0,0.1,0,no_interval_samples,
effectiveness_v3_20260918T193516Z_4583bff6,E/core50_nc/io/orion_on/2/default,orion_on,core50_nc,2,reconfiguration,4,203325.02420362,203325.026964944,0.0027613239944912493,82811904,82811904,207618048,207618048,335544320,0,2355830784,0,2135552000,0,0,0,0.1,0,no_interval_samples,
effectiveness_v3_20260918T193516Z_4583bff6,E/core50_nc/io/orion_on/2/default,orion_on,core50_nc,2,resource_transition,5,203325.057430684,203325.057978138,0.0005474539939314127,82811904,82811904,207618048,207618048,335544320,0,2355830784,0,2135552000,0,0,0,0.1,0,no_interval_samples,
effectiveness_v3_20260918T193516Z_4583bff6,E/core50_nc/io/orion_on/2/default,orion_on,core50_nc,2,training,5,203325.091636693,203439.464317157,114.37268046400277,86108672,168704000,207618048,207618048,335544320,0,2356736000,0,2136457216,0,2373013504,0,0.1,702,,
effectiveness_v3_20260918T193516Z_4583bff6,E/core50_nc/io/orion_on/2/default,orion_on,core50_nc,2,evaluation,5,203439.541806786,203452.412119692,12.870312905986793,86108672,129626624,207618048,207618048,335544320,0,2358407168,0,2138128384,0,2362322944,0,0.1,73,,
effectiveness_v3_20260918T193516Z_4583bff6,E/core50_nc/io/orion_on/2/default,orion_on,core50_nc,2,controller,5,203452.451150323,203452.451273369,0.00012304598931223154,86108672,86108672,207618048,207618048,335544320,0,2358411264,0,2138132480,0,0,0,0.1,0,no_interval_samples,
effectiveness_v3_20260918T193516Z_4583bff6,E/core50_nc/io/orion_on/2/default,orion_on,core50_nc,2,reconfiguration,5,203452.481318416,203452.48421611,0.002897694008424878,86108672,86108672,207618048,207618048,335544320,0,2358411264,0,2138132480,0,0,0,0.1,0,no_interval_samples,
effectiveness_v3_20260918T193516Z_4583bff6,E/core50_nc/io/orion_on/2/default,orion_on,core50_nc,2,resource_transition,6,203452.515013202,203452.515570295,0.0005570930079557002,86108672,86108672,207618048,207618048,335544320,0,2358411264,0,2138132480,0,0,0,0.1,0,no_interval_samples,
effectiveness_v3_20260918T193516Z_4583bff6,E/core50_nc/io/orion_on/2/default,orion_on,core50_nc,2,training,6,203452.549843878,203581.945468985,129.39562510701944,89405440,172729856,207618048,207618048,335544320,0,2358292480,0,2138013696,0,2361106432,0,0.1,809,,
effectiveness_v3_20260918T193516Z_4583bff6,E/core50_nc/io/orion_on/2/default,orion_on,core50_nc,2,evaluation,6,203582.044706893,203596.83089826,14.786191366991261,89405440,132923392,207618048,207618048,335544320,0,2362580992,0,2142302208,0,2364047360,0,0.1,84,,
effectiveness_v3_20260918T193516Z_4583bff6,E/core50_nc/io/orion_on/2/default,orion_on,core50_nc,2,controller,6,203596.866148927,203596.866257908,0.0001089810102712363,89405440,89405440,207618048,207618048,335544320,0,2362580992,0,2142302208,0,0,0,0.1,0,no_interval_samples,
effectiveness_v3_20260918T193516Z_4583bff6,E/core50_nc/io/orion_on/2/default,orion_on,core50_nc,2,reconfiguration,6,203596.896309945,203596.899520787,0.003210841998225078,89405440,89405440,207618048,207618048,335544320,0,2362580992,0,2142302208,0,0,0,0.1,0,no_interval_samples,
effectiveness_v3_20260918T193516Z_4583bff6,E/core50_nc/io/orion_on/2/default,orion_on,core50_nc,2,resource_transition,7,203596.928728889,203596.929319287,0.0005903980054426938,89405440,89405440,207618048,207618048,335544320,0,2362580992,0,2142302208,0,0,0,0.1,0,no_interval_samples,
effectiveness_v3_20260918T193516Z_4583bff6,E/core50_nc/io/orion_on/2/default,orion_on,core50_nc,2,training,7,203596.963312768,203741.248975979,144.2856632109906,92702720,177353728,207618048,207618048,335544320,0,2360852480,0,2140573696,0,2365464576,0,0.1,770,,
effectiveness_v3_20260918T193516Z_4583bff6,E/core50_nc/io/orion_on/2/default,orion_on,core50_nc,2,evaluation,7,203741.34792937,203758.65478295,17.30685357999755,92702720,136819712,207618048,207618048,335544320,0,2362576896,0,2142298112,0,2365440000,0,0.1,99,,
effectiveness_v3_20260918T193516Z_4583bff6,E/core50_nc/io/orion_on/2/default,orion_on,core50_nc,2,controller,7,203758.702577738,203758.702715988,0.00013825000496581197,92702720,92702720,207618048,207618048,335544320,0,2362580992,0,2142302208,0,0,0,0.1,0,no_interval_samples,
effectiveness_v3_20260918T193516Z_4583bff6,E/core50_nc/io/orion_on/2/default,orion_on,core50_nc,2,reconfiguration,7,203758.731380609,203758.735016979,0.003636369976447895,92702720,92702720,207618048,207618048,335544320,0,2362580992,0,2142302208,0,0,0,0.1,0,no_interval_samples,
effectiveness_v3_20260918T193516Z_4583bff6,E/core50_nc/io/orion_on/2/default,orion_on,core50_nc,2,resource_transition,8,203758.762924146,203758.763486943,0.0005627970094792545,92702720,92702720,207618048,207618048,335544320,0,2362580992,0,2142302208,0,0,0,0.1,0,no_interval_samples,
effectiveness_v3_20260918T193516Z_4583bff6,E/core50_nc/io/orion_on/2/default,orion_on,core50_nc,2,training,8,203758.795776045,203920.396624272,161.60084822698263,95999488,181199872,216006656,216006656,335544320,0,2362556416,0,2142277632,0,2365181952,0,0.1,987,,
effectiveness_v3_20260918T193516Z_4583bff6,E/core50_nc/io/orion_on/2/default,orion_on,core50_nc,2,evaluation,8,203920.472894894,203938.777003814,18.304108920012368,95999488,139517440,216006656,216006656,335544320,0,2364735488,0,2144456704,0,2368335872,0,0.1,104,,
effectiveness_v3_20260918T193516Z_4583bff6,E/core50_nc/io/orion_on/2/default,orion_on,core50_nc,2,controller,8,203938.815498972,203938.815591213,9.22410108614713e-05,95999488,95999488,216006656,216006656,335544320,0,2364735488,0,2144456704,0,0,0,0.1,0,no_interval_samples,
effectiveness_v3_20260918T195035Z_c7ac5492,E/core50_nc/io/static_off/2/default,static_off,core50_nc,2,setup,,203946.263495102,203947.806011931,1.5425168290094007,1395712,1395712,2097152,2097152,335544320,0,1585786880,0,1365560320,0,1320792064,0,0.1,1,,
effectiveness_v3_20260918T195035Z_c7ac5492,E/core50_nc/io/static_off/2/default,static_off,core50_nc,2,resource_transition,0,203947.835072894,203947.835552978,0.00048008401063270867,1395712,1395712,2097152,2097152,335544320,0,1585799168,0,1365564416,0,0,0,0.1,0,no_interval_samples,
effectiveness_v3_20260918T195035Z_c7ac5492,E/core50_nc/io/static_off/2/default,static_off,core50_nc,2,training,0,203947.86262158,203989.751469843,41.88884826301364,70712320,143194112,195035136,195035136,335544320,0,2160754688,0,1940519936,0,2160754688,0,0.1,255,,
effectiveness_v3_20260918T195035Z_c7ac5492,E/core50_nc/io/static_off/2/default,static_off,core50_nc,2,evaluation,0,203989.867718286,203993.558038654,3.6903203680121806,70712320,114230272,195035136,195035136,335544320,0,2212810752,0,1992576000,0,2214252544,0,0.1,21,,
effectiveness_v3_20260918T195035Z_c7ac5492,E/core50_nc/io/static_off/2/default,static_off,core50_nc,2,resource_transition,1,203993.592338655,203993.592833553,0.0004948980058543384,70712320,70712320,195035136,195035136,335544320,0,2212810752,0,1992576000,0,0,0,0.1,0,no_interval_samples,
effectiveness_v3_20260918T195035Z_c7ac5492,E/core50_nc/io/static_off/2/default,static_off,core50_nc,2,training,1,203993.629244128,204016.93047125,23.30122712199227,70712320,180356096,260046848,260046848,335544320,0,2216939520,0,1996704768,0,2216296448,0,0.1,141,,
effectiveness_v3_20260918T195035Z_c7ac5492,E/core50_nc/io/static_off/2/default,static_off,core50_nc,2,evaluation,1,204017.007182906,204022.479669728,5.4724868219927885,70712320,114230272,260046848,260046848,335544320,0,2216902656,0,1996667904,0,2222518272,0,0.1,31,,
effectiveness_v3_20260918T195035Z_c7ac5492,E/core50_nc/io/static_off/2/default,static_off,core50_nc,2,resource_transition,2,204022.513167303,204022.513665155,0.0004978520155418664,70712320,70712320,260046848,260046848,335544320,0,2216902656,0,1996667904,0,0,0,0.1,0,no_interval_samples,
effectiveness_v3_20260918T195035Z_c7ac5492,E/core50_nc/io/static_off/2/default,static_off,core50_nc,2,training,2,204022.567546091,204045.428183038,22.860636946978047,70712320,180356096,260046848,260046848,335544320,0,2225438720,0,2005203968,0,2225745920,0,0.1,138,,
effectiveness_v3_20260918T195035Z_c7ac5492,E/core50_nc/io/static_off/2/default,static_off,core50_nc,2,evaluation,2,204045.518814796,204052.999800599,7.480985803005751,70712320,114230272,260046848,260046848,335544320,0,2229547008,0,2009312256,0,2231136256,0,0.1,43,,
effectiveness_v3_20260918T195035Z_c7ac5492,E/core50_nc/io/static_off/2/default,static_off,core50_nc,2,resource_transition,3,204053.038464829,204053.038971875,0.00050704600289464,70712320,70712320,260046848,260046848,335544320,0,2229551104,0,2009316352,0,0,0,0.1,0,no_interval_samples,
effectiveness_v3_20260918T195035Z_c7ac5492,E/core50_nc/io/static_off/2/default,static_off,core50_nc,2,training,3,204053.07361916,204074.56851356,21.49489440000616,70712320,180356096,260046848,260046848,335544320,0,2225721344,0,2005486592,0,2229551104,0,0.1,129,,
effectiveness_v3_20260918T195035Z_c7ac5492,E/core50_nc/io/static_off/2/default,static_off,core50_nc,2,evaluation,3,204074.646063486,204083.607394587,8.9613311009889,70712320,114230272,260046848,260046848,335544320,0,2233016320,0,2012781568,0,2233016320,0,0.1,57,,
effectiveness_v3_20260918T195035Z_c7ac5492,E/core50_nc/io/static_off/2/default,static_off,core50_nc,2,resource_transition,4,204083.650569607,204083.65104894,0.00047933298628777266,70712320,70712320,260046848,260046848,335544320,0,2233016320,0,2012781568,0,0,0,0.1,0,no_interval_samples,
effectiveness_v3_20260918T195035Z_c7ac5492,E/core50_nc/io/static_off/2/default,static_off,core50_nc,2,training,4,204083.686557487,204106.391042619,22.704485132009722,70712320,180356096,260046848,260046848,335544320,0,2226651136,0,2006416384,0,2233016320,0,0.1,138,,
effectiveness_v3_20260918T195035Z_c7ac5492,E/core50_nc/io/static_off/2/default,static_off,core50_nc,2,evaluation,4,204106.486945028,204117.805448869,11.318503841001075,70712320,114230272,260046848,260046848,335544320,0,2230816768,0,2010582016,0,2231279616,0,0.1,65,,
effectiveness_v3_20260918T195035Z_c7ac5492,E/core50_nc/io/static_off/2/default,static_off,core50_nc,2,resource_transition,5,204117.841195768,204117.841681851,0.000486082979477942,70712320,70712320,260046848,260046848,335544320,0,2230820864,0,2010586112,0,0,0,0.1,0,no_interval_samples,
effectiveness_v3_20260918T195035Z_c7ac5492,E/core50_nc/io/static_off/2/default,static_off,core50_nc,2,training,5,204117.897308647,204137.480079108,19.582770461012842,70712320,180356096,260046848,260046848,335544320,0,2227298304,0,2007063552,0,2227884032,0,0.1,122,,
effectiveness_v3_20260918T195035Z_c7ac5492,E/core50_nc/io/static_off/2/default,static_off,core50_nc,2,evaluation,5,204137.55132582,204149.693858889,12.14253306898172,70712320,114230272,260046848,260046848,335544320,0,2229035008,0,2008800256,0,2235113472,0,0.1,80,,
effectiveness_v3_20260918T195035Z_c7ac5492,E/core50_nc/io/static_off/2/default,static_off,core50_nc,2,resource_transition,6,204149.727757566,204149.728275677,0.0005181109881959856,70712320,70712320,260046848,260046848,335544320,0,2229039104,0,2008804352,0,0,0,0.1,0,no_interval_samples,
effectiveness_v3_20260918T195035Z_c7ac5492,E/core50_nc/io/static_off/2/default,static_off,core50_nc,2,training,6,204149.757189945,204170.739675549,20.982485604006797,70712320,180356096,260046848,260046848,335544320,0,2227367936,0,2007133184,0,2228375552,0,0.1,126,,
effectiveness_v3_20260918T195035Z_c7ac5492,E/core50_nc/io/static_off/2/default,static_off,core50_nc,2,evaluation,6,204170.803327532,204185.7726131,14.969285568018677,70712320,114230272,260046848,260046848,335544320,0,2232258560,0,2012023808,0,2235031552,0,0.1,84,,
effectiveness_v3_20260918T195035Z_c7ac5492,E/core50_nc/io/static_off/2/default,static_off,core50_nc,2,resource_transition,7,204185.813010645,204185.813540803,0.0005301579949446023,70712320,70712320,260046848,260046848,335544320,0,2232258560,0,2012023808,0,0,0,0.1,0,no_interval_samples,
effectiveness_v3_20260918T195035Z_c7ac5492,E/core50_nc/io/static_off/2/default,static_off,core50_nc,2,training,7,204185.862562645,204207.550889284,21.688326639006846,70712320,180356096,260046848,260046848,335544320,0,2228051968,0,2007817216,0,2232266752,0,0.1,130,,
effectiveness_v3_20260918T195035Z_c7ac5492,E/core50_nc/io/static_off/2/default,static_off,core50_nc,2,evaluation,7,204207.633651635,204224.609632996,16.975981360999867,70712320,114230272,260046848,260046848,335544320,0,2229751808,0,2009517056,0,2233606144,0,0.1,96,,
effectiveness_v3_20260918T195035Z_c7ac5492,E/core50_nc/io/static_off/2/default,static_off,core50_nc,2,resource_transition,8,204224.645971218,204224.64641643,0.00044521200470626354,70712320,70712320,260046848,260046848,335544320,0,2229751808,0,2009517056,0,0,0,0.1,0,no_interval_samples,
effectiveness_v3_20260918T195035Z_c7ac5492,E/core50_nc/io/static_off/2/default,static_off,core50_nc,2,training,8,204224.680942754,204247.662945069,22.982002314995043,70712320,180356096,260046848,260046848,335544320,0,2228346880,0,2008112128,0,2229223424,0,0.1,140,,
effectiveness_v3_20260918T195035Z_c7ac5492,E/core50_nc/io/static_off/2/default,static_off,core50_nc,2,evaluation,8,204247.732609626,204265.932411221,18.199801595008466,70712320,114230272,260046848,260046848,335544320,0,2232483840,0,2012249088,0,2234396672,0,0.1,117,,
effectiveness_v3_20260918T195602Z_f026e1f7,E/core50_nc/io/static_on/2/default,static_on,core50_nc,2,setup,,204273.143283337,204274.695027754,1.551744416996371,1395712,1395712,2097152,2097152,335544320,0,1583722496,0,1363487744,0,1318670336,0,0.1,1,,
effectiveness_v3_20260918T195602Z_f026e1f7,E/core50_nc/io/static_on/2/default,static_on,core50_nc,2,resource_transition,0,204274.722853337,204274.723316698,0.00046336097875609994,1395712,1395712,2097152,2097152,335544320,0,1583726592,0,1363491840,0,0,0,0.1,0,no_interval_samples,
effectiveness_v3_20260918T195602Z_f026e1f7,E/core50_nc/io/static_on/2/default,static_on,core50_nc,2,training,0,204274.750051569,204308.61116356,33.86111199102015,70712320,143194112,195035136,195035136,335544320,0,2163089408,0,1942854656,0,2157867008,0,0.1,191,,
effectiveness_v3_20260918T195602Z_f026e1f7,E/core50_nc/io/static_on/2/default,static_on,core50_nc,2,evaluation,0,204308.730707813,204312.608917421,3.8782096079958137,70712320,114230272,195035136,195035136,335544320,0,2215809024,0,1995574272,0,2216345600,0,0.1,22,,
effectiveness_v3_20260918T195602Z_f026e1f7,E/core50_nc/io/static_on/2/default,static_on,core50_nc,2,resource_transition,1,204312.641831986,204312.642325764,0.0004937780031468719,70712320,70712320,195035136,195035136,335544320,0,2215809024,0,1995574272,0,0,0,0.1,0,no_interval_samples,
effectiveness_v3_20260918T195602Z_f026e1f7,E/core50_nc/io/static_on/2/default,static_on,core50_nc,2,training,1,204312.674240191,204332.928780189,20.254539997986285,70712320,180356096,260046848,260046848,335544320,0,2225467392,0,2005232640,0,2225393664,0,0.1,102,,
effectiveness_v3_20260918T195602Z_f026e1f7,E/core50_nc/io/static_on/2/default,static_on,core50_nc,2,evaluation,1,204333.011914078,204338.641860153,5.629946075001499,70712320,114230272,260046848,260046848,335544320,0,2224369664,0,2004134912,0,2225467392,0,0.1,32,,
effectiveness_v3_20260918T195602Z_f026e1f7,E/core50_nc/io/static_on/2/default,static_on,core50_nc,2,resource_transition,2,204338.671582644,204338.672093329,0.0005106850003357977,70712320,70712320,260046848,260046848,335544320,0,2224369664,0,2004134912,0,0,0,0.1,0,no_interval_samples,
effectiveness_v3_20260918T195602Z_f026e1f7,E/core50_nc/io/static_on/2/default,static_on,core50_nc,2,training,2,204338.70480746,204359.607357114,20.902549654012546,70712320,180356096,260046848,260046848,335544320,0,2233815040,0,2013580288,0,2234834944,0,0.1,109,,
effectiveness_v3_20260918T195602Z_f026e1f7,E/core50_nc/io/static_on/2/default,static_on,core50_nc,2,evaluation,2,204359.69339956,204367.372935302,7.6795357420051005,70712320,114230272,260046848,260046848,335544320,0,2228162560,0,2007927808,0,2233815040,0,0.1,43,,
effectiveness_v3_20260918T195602Z_f026e1f7,E/core50_nc/io/static_on/2/default,static_on,core50_nc,2,resource_transition,3,204367.405283264,204367.40575944,0.0004761760064866394,70712320,70712320,260046848,260046848,335544320,0,2228166656,0,2007931904,0,0,0,0.1,0,no_interval_samples,
effectiveness_v3_20260918T195602Z_f026e1f7,E/core50_nc/io/static_on/2/default,static_on,core50_nc,2,training,3,204367.437669939,204388.519155137,21.08148519799579,70712320,180356096,260046848,260046848,335544320,0,2226102272,0,2005867520,0,2228166656,0,0.1,105,,
effectiveness_v3_20260918T195602Z_f026e1f7,E/core50_nc/io/static_on/2/default,static_on,core50_nc,2,evaluation,3,204388.593746611,204398.265758365,9.672011754009873,70712320,114230272,260046848,260046848,335544320,0,2228453376,0,2008218624,0,2230300672,0,0.1,54,,
effectiveness_v3_20260918T195602Z_f026e1f7,E/core50_nc/io/static_on/2/default,static_on,core50_nc,2,resource_transition,4,204398.302929133,204398.303474494,0.0005453609919641167,70712320,70712320,260046848,260046848,335544320,0,2228453376,0,2008218624,0,0,0,0.1,0,no_interval_samples,
effectiveness_v3_20260918T195602Z_f026e1f7,E/core50_nc/io/static_on/2/default,static_on,core50_nc,2,training,4,204398.344269465,204419.24970922,20.905439755006228,70712320,180356096,260046848,260046848,335544320,0,2230468608,0,2010233856,0,2231169024,0,0.1,103,,
effectiveness_v3_20260918T195602Z_f026e1f7,E/core50_nc/io/static_on/2/default,static_on,core50_nc,2,evaluation,4,204419.32888132,204430.765628903,11.436747583007673,70712320,114230272,260046848,260046848,335544320,0,2229792768,0,2009558016,0,2230865920,0,0.1,65,,
effectiveness_v3_20260918T195602Z_f026e1f7,E/core50_nc/io/static_on/2/default,static_on,core50_nc,2,resource_transition,5,204430.796622163,204430.797074135,0.00045197198051027954,70712320,70712320,260046848,260046848,335544320,0,2229796864,0,2009562112,0,0,0,0.1,0,no_interval_samples,
effectiveness_v3_20260918T195602Z_f026e1f7,E/core50_nc/io/static_on/2/default,static_on,core50_nc,2,training,5,204430.828057062,204451.32702157,20.498964508005884,70712320,180356096,260046848,260046848,335544320,0,2231685120,0,2011450368,0,2232963072,0,0.1,102,,
effectiveness_v3_20260918T195602Z_f026e1f7,E/core50_nc/io/static_on/2/default,static_on,core50_nc,2,evaluation,5,204451.445310966,204465.188983147,13.74367218100815,70712320,114230272,260046848,260046848,335544320,0,2230353920,0,2010119168,0,2231881728,0,0.1,77,,
effectiveness_v3_20260918T195602Z_f026e1f7,E/core50_nc/io/static_on/2/default,static_on,core50_nc,2,resource_transition,6,204465.223354213,204465.223832787,0.00047857401659712195,70712320,70712320,260046848,260046848,335544320,0,2230358016,0,2010123264,0,0,0,0.1,0,no_interval_samples,
effectiveness_v3_20260918T195602Z_f026e1f7,E/core50_nc/io/static_on/2/default,static_on,core50_nc,2,training,6,204465.25781461,204486.215631905,20.95781729501323,70712320,180356096,260046848,260046848,335544320,0,2231697408,0,2011462656,0,2233135104,0,0.1,104,,
effectiveness_v3_20260918T195602Z_f026e1f7,E/core50_nc/io/static_on/2/default,static_on,core50_nc,2,evaluation,6,204486.331952713,204501.416161402,15.084208689018851,70712320,114230272,260046848,260046848,335544320,0,2231488512,0,2011253760,0,2232688640,0,0.1,86,,
effectiveness_v3_20260918T195602Z_f026e1f7,E/core50_nc/io/static_on/2/default,static_on,core50_nc,2,resource_transition,7,204501.451767308,204501.452280207,0.0005128990160301328,70712320,70712320,260046848,260046848,335544320,0,2231488512,0,2011253760,0,0,0,0.1,0,no_interval_samples,
effectiveness_v3_20260918T195602Z_f026e1f7,E/core50_nc/io/static_on/2/default,static_on,core50_nc,2,training,7,204501.486820892,204522.398756504,20.911935612006346,70712320,180356096,260046848,260046848,335544320,0,2234077184,0,2013842432,0,2234257408,0,0.1,108,,
effectiveness_v3_20260918T195602Z_f026e1f7,E/core50_nc/io/static_on/2/default,static_on,core50_nc,2,evaluation,7,204522.477955219,204539.739695552,17.261740333022317,70712320,114230272,260046848,260046848,335544320,0,2228183040,0,2007948288,0,2234077184,0,0.1,99,,
effectiveness_v3_20260918T195602Z_f026e1f7,E/core50_nc/io/static_on/2/default,static_on,core50_nc,2,resource_transition,8,204539.774875949,204539.77533894,0.00046299101086333394,70712320,70712320,260046848,260046848,335544320,0,2228183040,0,2007948288,0,0,0,0.1,0,no_interval_samples,
effectiveness_v3_20260918T195602Z_f026e1f7,E/core50_nc/io/static_on/2/default,static_on,core50_nc,2,training,8,204539.809155754,204560.693317867,20.88416211301228,70712320,180356096,260046848,260046848,335544320,0,2229698560,0,2009463808,0,2230960128,0,0.1,104,,
effectiveness_v3_20260918T195602Z_f026e1f7,E/core50_nc/io/static_on/2/default,static_on,core50_nc,2,evaluation,8,204560.768155458,204579.685255017,18.917099558981135,70712320,114230272,260046848,260046848,335544320,0,2228514816,0,2008280064,0,2232352768,0,0.1,107,,
effectiveness_v3_20260918T200116Z_50105d6d,F/core50_nc/loose/agem_static/0/default,agem_static,core50_nc,0,setup,,204586.964985899,204588.51363731,1.5486514110234566,1395712,1395712,2097152,2097152,335544320,0,1575469056,0,1355234304,0,0,0,0.1,0,no_interval_samples,
effectiveness_v3_20260918T200116Z_50105d6d,F/core50_nc/loose/agem_static/0/default,agem_static,core50_nc,0,resource_transition,0,204588.542712607,204588.54317544,0.0004628329770639539,1395712,1395712,2097152,2097152,335544320,0,1575469056,0,1355234304,0,0,0,0.1,0,no_interval_samples,
effectiveness_v3_20260918T200116Z_50105d6d,F/core50_nc/loose/agem_static/0/default,agem_static,core50_nc,0,training,0,204588.57031895,204621.571279897,33.00096094701439,70712320,95452672,117440512,117440512,335544320,0,2068627456,0,1848392704,0,2065838080,0,0.1,200,,
effectiveness_v3_20260918T200116Z_50105d6d,F/core50_nc/loose/agem_static/0/default,agem_static,core50_nc,0,evaluation,0,204621.63806909,204625.153590348,3.515521257999353,70712320,114230272,159383552,159383552,335544320,0,2114416640,0,1894181888,0,2120142848,0,0.1,21,,
effectiveness_v3_20260918T200116Z_50105d6d,F/core50_nc/loose/agem_static/0/default,agem_static,core50_nc,0,resource_transition,1,204625.188104902,204625.188592467,0.0004875650047324598,70712320,70712320,159383552,159383552,335544320,0,2114416640,0,1894181888,0,0,0,0.1,0,no_interval_samples,
effectiveness_v3_20260918T200116Z_50105d6d,F/core50_nc/loose/agem_static/0/default,agem_static,core50_nc,0,training,1,204625.221491744,204661.471498887,36.25000714298221,71801856,96739328,159383552,159383552,335544320,0,2181300224,0,1961065472,0,2179547136,0,0.1,220,,
effectiveness_v3_20260918T200116Z_50105d6d,F/core50_nc/loose/agem_static/0/default,agem_static,core50_nc,0,evaluation,1,204661.551154423,204667.250944579,5.699790155980736,71801856,115762176,159383552,159383552,335544320,0,2182537216,0,1962302464,0,2186526720,0,0.1,33,,
effectiveness_v3_20260918T200116Z_50105d6d,F/core50_nc/loose/agem_static/0/default,agem_static,core50_nc,0,resource_transition,2,204667.28398507,204667.284473227,0.00048815697664394975,71801856,71801856,159383552,159383552,335544320,0,2182537216,0,1962302464,0,0,0,0.1,0,no_interval_samples,
effectiveness_v3_20260918T200116Z_50105d6d,F/core50_nc/loose/agem_static/0/default,agem_static,core50_nc,0,training,2,204667.335151995,204703.833813277,36.49866128197755,71801856,96739328,159383552,159383552,335544320,0,2191900672,0,1971665920,0,2191458304,0,0.1,220,,
effectiveness_v3_20260918T200116Z_50105d6d,F/core50_nc/loose/agem_static/0/default,agem_static,core50_nc,0,evaluation,2,204703.913800905,204711.089238676,7.175437771016732,71801856,115762176,159383552,159383552,335544320,0,2196680704,0,1976445952,0,2196750336,0,0.1,40,,
effectiveness_v3_20260918T200116Z_50105d6d,F/core50_nc/loose/agem_static/0/default,agem_static,core50_nc,0,resource_transition,3,204711.123206445,204711.123688972,0.00048252701526507735,71801856,71801856,159383552,159383552,335544320,0,2196680704,0,1976445952,0,0,0,0.1,0,no_interval_samples,
effectiveness_v3_20260918T200116Z_50105d6d,F/core50_nc/loose/agem_static/0/default,agem_static,core50_nc,0,training,3,204711.153896731,204745.55968787,34.4057911389973,71801856,96542208,159383552,159383552,335544320,0,2192502784,0,1972268032,0,2197131264,0,0.1,207,,
effectiveness_v3_20260918T200116Z_50105d6d,F/core50_nc/loose/agem_static/0/default,agem_static,core50_nc,0,evaluation,3,204745.628312639,204754.539116319,8.910803680017125,71801856,115762176,159383552,159383552,335544320,0,2197282816,0,1977048064,0,2197954560,0,0.1,50,,
effectiveness_v3_20260918T200116Z_50105d6d,F/core50_nc/loose/agem_static/0/default,agem_static,core50_nc,0,resource_transition,4,204754.588666635,204754.589162227,0.0004955919866915792,71801856,71801856,159383552,159383552,335544320,0,2197282816,0,1977048064,0,0,0,0.1,0,no_interval_samples,
effectiveness_v3_20260918T200116Z_50105d6d,F/core50_nc/loose/agem_static/0/default,agem_static,core50_nc,0,training,4,204754.620817774,204792.262256015,37.64143824100029,71801856,96739328,159383552,159383552,335544320,0,2193940480,0,1973705728,0,2197762048,0,0.1,227,,
effectiveness_v3_20260918T200116Z_50105d6d,F/core50_nc/loose/agem_static/0/default,agem_static,core50_nc,0,evaluation,4,204792.339262813,204803.726549636,11.387286822980968,71801856,115762176,159383552,159383552,335544320,0,2198245376,0,1978010624,0,2199298048,0,0.1,65,,
effectiveness_v3_20260918T200116Z_50105d6d,F/core50_nc/loose/agem_static/0/default,agem_static,core50_nc,0,resource_transition,5,204803.760057804,204803.760568461,0.0005106570024508983,71801856,71801856,159383552,159383552,335544320,0,2198245376,0,1978010624,0,0,0,0.1,0,no_interval_samples,
effectiveness_v3_20260918T200116Z_50105d6d,F/core50_nc/loose/agem_static/0/default,agem_static,core50_nc,0,training,5,204803.792534156,204838.294582898,34.50204874199699,71801856,96542208,159383552,159383552,335544320,0,2194931712,0,1974696960,0,2198245376,0,0.1,209,,
effectiveness_v3_20260918T200116Z_50105d6d,F/core50_nc/loose/agem_static/0/default,agem_static,core50_nc,0,evaluation,5,204838.407868072,204851.55680285,13.148934778000694,71801856,115319808,159383552,159383552,335544320,0,2199359488,0,1979124736,0,2200301568,0,0.1,75,,
effectiveness_v3_20260918T200116Z_50105d6d,F/core50_nc/loose/agem_static/0/default,agem_static,core50_nc,0,resource_transition,6,204851.593979546,204851.594525944,0.0005463979905471206,71801856,71801856,159383552,159383552,335544320,0,2199359488,0,1979124736,0,0,0,0.1,0,no_interval_samples,
effectiveness_v3_20260918T200116Z_50105d6d,F/core50_nc/loose/agem_static/0/default,agem_static,core50_nc,0,training,6,204851.627294323,204888.214574394,36.587280070991255,71801856,96542208,159383552,159383552,335544320,0,2194817024,0,1974582272,0,2199359488,0,0.1,222,,
effectiveness_v3_20260918T200116Z_50105d6d,F/core50_nc/loose/agem_static/0/default,agem_static,core50_nc,0,evaluation,6,204888.301457211,204902.879815809,14.578358597995248,71801856,115319808,159383552,159383552,335544320,0,2196369408,0,1976134656,0,2200354816,0,0.1,83,,
effectiveness_v3_20260918T200116Z_50105d6d,F/core50_nc/loose/agem_static/0/default,agem_static,core50_nc,0,resource_transition,7,204902.912988976,204902.913454698,0.000465721997898072,71801856,71801856,159383552,159383552,335544320,0,2196369408,0,1976134656,0,0,0,0.1,0,no_interval_samples,
effectiveness_v3_20260918T200116Z_50105d6d,F/core50_nc/loose/agem_static/0/default,agem_static,core50_nc,0,training,7,204902.946703921,204939.276503916,36.329799994971836,71801856,96542208,159383552,159383552,335544320,0,2195861504,0,1975626752,0,2197041152,0,0.1,219,,
effectiveness_v3_20260918T200116Z_50105d6d,F/core50_nc/loose/agem_static/0/default,agem_static,core50_nc,0,evaluation,7,204939.358098757,204955.826211811,16.468113054026617,71801856,115319808,159383552,159383552,335544320,0,2200375296,0,1980140544,0,2201174016,0,0.1,92,,
effectiveness_v3_20260918T200116Z_50105d6d,F/core50_nc/loose/agem_static/0/default,agem_static,core50_nc,0,resource_transition,8,204955.860334274,204955.860830552,0.0004962779930792749,71801856,71801856,159383552,159383552,335544320,0,2200375296,0,1980140544,0,0,0,0.1,0,no_interval_samples,
effectiveness_v3_20260918T200116Z_50105d6d,F/core50_nc/loose/agem_static/0/default,agem_static,core50_nc,0,training,8,204955.915438875,204991.807644995,35.89220611998462,71801856,96739328,159383552,159383552,335544320,0,2195726336,0,1975491584,0,2200473600,0,0.1,217,,
effectiveness_v3_20260918T200116Z_50105d6d,F/core50_nc/loose/agem_static/0/default,agem_static,core50_nc,0,evaluation,8,204991.912847477,205010.326402329,18.413554851984372,71801856,115319808,159383552,159383552,335544320,0,2200727552,0,1980492800,0,2201309184,0,0.1,105,,
effectiveness_v3_20260918T200827Z_d913a753,F/core50_nc/loose/agem_adaptive_ewc/0/default,agem_adaptive_ewc,core50_nc,0,setup,,205017.663355504,205019.199911439,1.5365559350175317,1395712,1395712,2097152,2097152,335544320,0,1573470208,0,1353247744,0,1386254336,0,0.1,1,,
effectiveness_v3_20260918T200827Z_d913a753,F/core50_nc/loose/agem_adaptive_ewc/0/default,agem_adaptive_ewc,core50_nc,0,resource_transition,0,205019.230496772,205019.230943624,0.00044685197644867003,1395712,1395712,2097152,2097152,335544320,0,1573482496,0,1353247744,0,0,0,0.1,0,no_interval_samples,
effectiveness_v3_20260918T200827Z_d913a753,F/core50_nc/loose/agem_adaptive_ewc/0/default,agem_adaptive_ewc,core50_nc,0,training,0,205019.257095736,205049.830603109,30.57350737301749,70712320,95452672,117440512,117440512,335544320,0,2066915328,0,1846680576,0,2064068608,0,0.1,185,,
effectiveness_v3_20260918T200827Z_d913a753,F/core50_nc/loose/agem_adaptive_ewc/0/default,agem_adaptive_ewc,core50_nc,0,evaluation,0,205049.893213617,205053.492630985,3.5994173680082895,70712320,114230272,159383552,159383552,335544320,0,2117664768,0,1897430016,0,2118426624,0,0.1,20,,
effectiveness_v3_20260918T200827Z_d913a753,F/core50_nc/loose/agem_adaptive_ewc/0/default,agem_adaptive_ewc,core50_nc,0,controller,0,205053.525515059,205053.525652513,0.00013745398609898984,70712320,70712320,159383552,159383552,335544320,0,2117664768,0,1897430016,0,0,0,0.1,0,no_interval_samples,
effectiveness_v3_20260918T200827Z_d913a753,F/core50_nc/loose/agem_adaptive_ewc/0/default,agem_adaptive_ewc,core50_nc,0,reconfiguration,0,205053.577208487,205053.577844431,0.0006359440158121288,70712320,70712320,159383552,159383552,335544320,0,2117664768,0,1897430016,0,0,0,0.1,0,no_interval_samples,
effectiveness_v3_20260918T200827Z_d913a753,F/core50_nc/loose/agem_adaptive_ewc/0/default,agem_adaptive_ewc,core50_nc,0,resource_transition,1,205053.608284987,205053.608858571,0.0005735839949920774,70712320,70712320,159383552,159383552,335544320,0,2117664768,0,1897430016,0,0,0,0.1,0,no_interval_samples,
effectiveness_v3_20260918T200827Z_d913a753,F/core50_nc/loose/agem_adaptive_ewc/0/default,agem_adaptive_ewc,core50_nc,0,training,1,205053.640434099,205107.485511262,53.845077162986854,74009600,97741312,161480704,161480704,335544320,0,2273615872,0,2053381120,0,2272940032,0,0.1,326,,
effectiveness_v3_20260918T200827Z_d913a753,F/core50_nc/loose/agem_adaptive_ewc/0/default,agem_adaptive_ewc,core50_nc,0,evaluation,1,205107.565797098,205113.25331235,5.687515251978766,74009600,117969920,161480704,161480704,335544320,0,2283876352,0,2063641600,0,2286870528,0,0.1,32,,
effectiveness_v3_20260918T200827Z_d913a753,F/core50_nc/loose/agem_adaptive_ewc/0/default,agem_adaptive_ewc,core50_nc,0,controller,1,205113.291642138,205113.291798462,0.00015632400754839182,74009600,74009600,161480704,161480704,335544320,0,2283876352,0,2063641600,0,0,0,0.1,0,no_interval_samples,
effectiveness_v3_20260918T200827Z_d913a753,F/core50_nc/loose/agem_adaptive_ewc/0/default,agem_adaptive_ewc,core50_nc,0,reconfiguration,1,205113.333185157,205113.333739453,0.0005542959843296558,74009600,74009600,161480704,161480704,335544320,0,2283876352,0,2063641600,0,0,0,0.1,0,no_interval_samples,
effectiveness_v3_20260918T200827Z_d913a753,F/core50_nc/loose/agem_adaptive_ewc/0/default,agem_adaptive_ewc,core50_nc,0,resource_transition,2,205113.365707398,205113.366276222,0.0005688239762093872,74009600,74009600,161480704,161480704,335544320,0,2283876352,0,2063641600,0,0,0,0.1,0,no_interval_samples,
effectiveness_v3_20260918T200827Z_d913a753,F/core50_nc/loose/agem_adaptive_ewc/0/default,agem_adaptive_ewc,core50_nc,0,training,2,205113.398347934,205181.818289165,68.41994123099721,76217344,99911680,163577856,163577856,335544320,0,2285965312,0,2065730560,0,2286100480,0,0.1,414,,
effectiveness_v3_20260918T200827Z_d913a753,F/core50_nc/loose/agem_adaptive_ewc/0/default,agem_adaptive_ewc,core50_nc,0,evaluation,2,205181.893690118,205189.437750605,7.544060486980015,76217344,120177664,163577856,163577856,335544320,0,2290429952,0,2070195200,0,2291695616,0,0.1,43,,
effectiveness_v3_20260918T200827Z_d913a753,F/core50_nc/loose/agem_adaptive_ewc/0/default,agem_adaptive_ewc,core50_nc,0,controller,2,205189.470698984,205189.470833456,0.0001344720076303929,76217344,76217344,163577856,163577856,335544320,0,2290429952,0,2070195200,0,0,0,0.1,0,no_interval_samples,
effectiveness_v3_20260918T200827Z_d913a753,F/core50_nc/loose/agem_adaptive_ewc/0/default,agem_adaptive_ewc,core50_nc,0,reconfiguration,2,205189.501234373,205189.501918114,0.0006837410037405789,76217344,76217344,163577856,163577856,335544320,0,2290429952,0,2070195200,0,0,0,0.1,0,no_interval_samples,
effectiveness_v3_20260918T200827Z_d913a753,F/core50_nc/loose/agem_adaptive_ewc/0/default,agem_adaptive_ewc,core50_nc,0,resource_transition,3,205189.531435133,205189.532049763,0.0006146300002001226,76217344,76217344,163577856,163577856,335544320,0,2290429952,0,2070195200,0,0,0,0.1,0,no_interval_samples,
effectiveness_v3_20260918T200827Z_d913a753,F/core50_nc/loose/agem_adaptive_ewc/0/default,agem_adaptive_ewc,core50_nc,0,training,3,205189.563481588,205271.184151961,81.62067037299857,78425088,102258176,165675008,165675008,335544320,0,2286923776,0,2066689024,0,2287923200,0,0.1,495,,
effectiveness_v3_20260918T200827Z_d913a753,F/core50_nc/loose/agem_adaptive_ewc/0/default,agem_adaptive_ewc,core50_nc,0,evaluation,3,205271.258222978,205279.810361846,8.552138867991744,78425088,122385408,165675008,165675008,335544320,0,2291818496,0,2071583744,0,2292764672,0,0.1,56,,
effectiveness_v3_20260918T200827Z_d913a753,F/core50_nc/loose/agem_adaptive_ewc/0/default,agem_adaptive_ewc,core50_nc,0,controller,3,205279.842392679,205279.842511966,0.00011928699677810073,78425088,78425088,165675008,165675008,335544320,0,2291818496,0,2071583744,0,0,0,0.1,0,no_interval_samples,
effectiveness_v3_20260918T200827Z_d913a753,F/core50_nc/loose/agem_adaptive_ewc/0/default,agem_adaptive_ewc,core50_nc,0,reconfiguration,3,205279.871426383,205279.872147337,0.0007209540053736418,78425088,78425088,165675008,165675008,335544320,0,2291818496,0,2071583744,0,0,0,0.1,0,no_interval_samples,
effectiveness_v3_20260918T200827Z_d913a753,F/core50_nc/loose/agem_adaptive_ewc/0/default,agem_adaptive_ewc,core50_nc,0,resource_transition,4,205279.898547791,205279.899143069,0.0005952779902145267,78425088,78425088,165675008,165675008,335544320,0,2291818496,0,2071583744,0,0,0,0.1,0,no_interval_samples,
effectiveness_v3_20260918T200827Z_d913a753,F/core50_nc/loose/agem_adaptive_ewc/0/default,agem_adaptive_ewc,core50_nc,0,training,4,205279.930736533,205362.059565887,82.12882935401285,80632832,107230720,167772160,167772160,335544320,0,2289864704,0,2069629952,0,2292445184,0,0.1,498,,
effectiveness_v3_20260918T200827Z_d913a753,F/core50_nc/loose/agem_adaptive_ewc/0/default,agem_adaptive_ewc,core50_nc,0,evaluation,4,205362.142928526,205373.169681496,11.026752969977679,80632832,124593152,167772160,167772160,335544320,0,2290864128,0,2070629376,0,2294796288,0,0.1,63,,
effectiveness_v3_20260918T200827Z_d913a753,F/core50_nc/loose/agem_adaptive_ewc/0/default,agem_adaptive_ewc,core50_nc,0,controller,4,205373.205179062,205373.205300414,0.00012135200086049736,80632832,80632832,167772160,167772160,335544320,0,2290864128,0,2070629376,0,0,0,0.1,0,no_interval_samples,
effectiveness_v3_20260918T200827Z_d913a753,F/core50_nc/loose/agem_adaptive_ewc/0/default,agem_adaptive_ewc,core50_nc,0,reconfiguration,4,205373.235618164,205373.236549016,0.0009308519947808236,80632832,80632832,167772160,167772160,335544320,0,2290864128,0,2070629376,0,0,0,0.1,0,no_interval_samples,
effectiveness_v3_20260918T200827Z_d913a753,F/core50_nc/loose/agem_adaptive_ewc/0/default,agem_adaptive_ewc,core50_nc,0,resource_transition,5,205373.266092322,205373.266646508,0.0005541860009543598,80632832,80632832,167772160,167772160,335544320,0,2290864128,0,2070629376,0,0,0,0.1,0,no_interval_samples,
effectiveness_v3_20260918T200827Z_d913a753,F/core50_nc/loose/agem_adaptive_ewc/0/default,agem_adaptive_ewc,core50_nc,0,training,5,205373.298655657,205466.400955967,93.10230030998355,82840576,110401536,169869312,169869312,335544320,0,2290159616,0,2069924864,0,2290618368,0,0.1,576,,
effectiveness_v3_20260918T200827Z_d913a753,F/core50_nc/loose/agem_adaptive_ewc/0/default,agem_adaptive_ewc,core50_nc,0,evaluation,5,205466.501176475,205479.69327336,13.192096885002684,82840576,126358528,169869312,169869312,335544320,0,2292195328,0,2071960576,0,2296131584,0,0.1,75,,
effectiveness_v3_20260918T200827Z_d913a753,F/core50_nc/loose/agem_adaptive_ewc/0/default,agem_adaptive_ewc,core50_nc,0,controller,5,205479.728247675,205479.728369675,0.00012199999764561653,82840576,82840576,169869312,169869312,335544320,0,2292195328,0,2071960576,0,0,0,0.1,0,no_interval_samples,
effectiveness_v3_20260918T200827Z_d913a753,F/core50_nc/loose/agem_adaptive_ewc/0/default,agem_adaptive_ewc,core50_nc,0,reconfiguration,5,205479.759006008,205479.760061304,0.0010552959865890443,82840576,82840576,169869312,169869312,335544320,0,2292195328,0,2071960576,0,0,0,0.1,0,no_interval_samples,
effectiveness_v3_20260918T200827Z_d913a753,F/core50_nc/loose/agem_adaptive_ewc/0/default,agem_adaptive_ewc,core50_nc,0,resource_transition,6,205479.789883239,205479.790469461,0.0005862220132257789,82840576,82840576,169869312,169869312,335544320,0,2292195328,0,2071960576,0,0,0,0.1,0,no_interval_samples,
effectiveness_v3_20260918T200827Z_d913a753,F/core50_nc/loose/agem_adaptive_ewc/0/default,agem_adaptive_ewc,core50_nc,0,training,6,205479.822874266,205579.093375135,99.27050086899544,85048320,113713152,169869312,169869312,335544320,0,2291810304,0,2071575552,0,2292195328,0,0.1,616,,
effectiveness_v3_20260918T200827Z_d913a753,F/core50_nc/loose/agem_adaptive_ewc/0/default,agem_adaptive_ewc,core50_nc,0,evaluation,6,205579.169539671,205593.708340236,14.538800564972917,85048320,128566272,169869312,169869312,335544320,0,2296672256,0,2076437504,0,2297344000,0,0.1,83,,
effectiveness_v3_20260918T200827Z_d913a753,F/core50_nc/loose/agem_adaptive_ewc/0/default,agem_adaptive_ewc,core50_nc,0,controller,6,205593.744108135,205593.74423519,0.00012705501285381615,85048320,85048320,169869312,169869312,335544320,0,2296672256,0,2076437504,0,0,0,0.1,0,no_interval_samples,
effectiveness_v3_20260918T200827Z_d913a753,F/core50_nc/loose/agem_adaptive_ewc/0/default,agem_adaptive_ewc,core50_nc,0,reconfiguration,6,205593.776341422,205593.777473515,0.001132092991610989,85048320,85048320,169869312,169869312,335544320,0,2296672256,0,2076437504,0,0,0,0.1,0,no_interval_samples,
effectiveness_v3_20260918T200827Z_d913a753,F/core50_nc/loose/agem_adaptive_ewc/0/default,agem_adaptive_ewc,core50_nc,0,resource_transition,7,205593.807489988,205593.808095969,0.0006059810111764818,85048320,85048320,169869312,169869312,335544320,0,2296672256,0,2076437504,0,0,0,0.1,0,no_interval_samples,
effectiveness_v3_20260918T200827Z_d913a753,F/core50_nc/loose/agem_adaptive_ewc/0/default,agem_adaptive_ewc,core50_nc,0,training,7,205593.839892239,205696.28567793,102.44578569100122,87256064,118545408,169869312,169869312,335544320,0,2292203520,0,2071968768,0,2293645312,0,0.1,637,,
effectiveness_v3_20260918T200827Z_d913a753,F/core50_nc/loose/agem_adaptive_ewc/0/default,agem_adaptive_ewc,core50_nc,0,evaluation,7,205696.361061756,205712.817702009,16.45664025298902,87256064,130774016,169869312,169869312,335544320,0,2297188352,0,2076953600,0,2298130432,0,0.1,93,,
effectiveness_v3_20260918T200827Z_d913a753,F/core50_nc/loose/agem_adaptive_ewc/0/default,agem_adaptive_ewc,core50_nc,0,controller,7,205712.851892463,205712.852023528,0.00013106499682180583,87256064,87256064,169869312,169869312,335544320,0,2297188352,0,2076953600,0,0,0,0.1,0,no_interval_samples,
effectiveness_v3_20260918T200827Z_d913a753,F/core50_nc/loose/agem_adaptive_ewc/0/default,agem_adaptive_ewc,core50_nc,0,reconfiguration,7,205712.882118435,205712.883399907,0.0012814720103051513,87256064,87256064,169869312,169869312,335544320,0,2297188352,0,2076953600,0,0,0,0.1,0,no_interval_samples,
effectiveness_v3_20260918T200827Z_d913a753,F/core50_nc/loose/agem_adaptive_ewc/0/default,agem_adaptive_ewc,core50_nc,0,resource_transition,8,205712.911407685,205712.911980731,0.0005730460106860846,87256064,87256064,169869312,169869312,335544320,0,2297188352,0,2076953600,0,0,0,0.1,0,no_interval_samples,
effectiveness_v3_20260918T200827Z_d913a753,F/core50_nc/loose/agem_adaptive_ewc/0/default,agem_adaptive_ewc,core50_nc,0,training,8,205712.943728147,205824.540287055,111.59655890800059,89463808,121857024,176160768,176160768,335544320,0,2293723136,0,2073488384,0,2297995264,0,0.1,698,,
effectiveness_v3_20260918T200827Z_d913a753,F/core50_nc/loose/agem_adaptive_ewc/0/default,agem_adaptive_ewc,core50_nc,0,evaluation,8,205824.62051847,205843.145505376,18.52498690597713,89463808,133424128,176160768,176160768,335544320,0,2295431168,0,2075196416,0,2298421248,0,0.1,106,,
effectiveness_v3_20260918T200827Z_d913a753,F/core50_nc/loose/agem_adaptive_ewc/0/default,agem_adaptive_ewc,core50_nc,0,controller,8,205843.187673673,205843.187794488,0.00012081500608474016,89463808,89463808,176160768,176160768,335544320,0,2295431168,0,2075196416,0,0,0,0.1,0,no_interval_samples,
effectiveness_v3_20260918T202219Z_9d416150,F/core50_nc/loose/agem_adaptive_ewc/1/default,agem_adaptive_ewc,core50_nc,1,setup,,205850.610246795,205852.145562338,1.5353155430057086,1395712,1395712,2097152,2097152,335544320,0,1573330944,0,1353100288,0,0,0,0.1,0,no_interval_samples,
effectiveness_v3_20260918T202219Z_9d416150,F/core50_nc/loose/agem_adaptive_ewc/1/default,agem_adaptive_ewc,core50_nc,1,resource_transition,0,205852.174377495,205852.174834041,0.0004565460258163512,1395712,1395712,2097152,2097152,335544320,0,1573330944,0,1353100288,0,0,0,0.1,0,no_interval_samples,
effectiveness_v3_20260918T202219Z_9d416150,F/core50_nc/loose/agem_adaptive_ewc/1/default,agem_adaptive_ewc,core50_nc,1,training,0,205852.201150032,205885.975837303,33.774687271012226,70712320,95452672,117440512,117440512,335544320,0,2066644992,0,1846414336,0,2063851520,0,0.1,205,,
effectiveness_v3_20260918T202219Z_9d416150,F/core50_nc/loose/agem_adaptive_ewc/1/default,agem_adaptive_ewc,core50_nc,1,evaluation,0,205886.04682444,205889.828122008,3.7812975679989904,70712320,114230272,159383552,159383552,335544320,0,2117398528,0,1897167872,0,2118168576,0,0.1,21,,
effectiveness_v3_20260918T202219Z_9d416150,F/core50_nc/loose/agem_adaptive_ewc/1/default,agem_adaptive_ewc,core50_nc,1,controller,0,205889.880688452,205889.880804322,0.000115870003355667,70712320,70712320,159383552,159383552,335544320,0,2117398528,0,1897167872,0,0,0,0.1,0,no_interval_samples,
effectiveness_v3_20260918T202219Z_9d416150,F/core50_nc/loose/agem_adaptive_ewc/1/default,agem_adaptive_ewc,core50_nc,1,reconfiguration,0,205889.90782547,205889.908378525,0.0005530549969989806,70712320,70712320,159383552,159383552,335544320,0,2117398528,0,1897167872,0,0,0,0.1,0,no_interval_samples,
effectiveness_v3_20260918T202219Z_9d416150,F/core50_nc/loose/agem_adaptive_ewc/1/default,agem_adaptive_ewc,core50_nc,1,resource_transition,1,205889.934974275,205889.935518219,0.0005439439846668392,70712320,70712320,159383552,159383552,335544320,0,2117398528,0,1897167872,0,0,0,0.1,0,no_interval_samples,
effectiveness_v3_20260918T202219Z_9d416150,F/core50_nc/loose/agem_adaptive_ewc/1/default,agem_adaptive_ewc,core50_nc,1,training,1,205889.963241321,205943.221477778,53.25823645698256,74009600,97741312,161480704,161480704,335544320,0,2273357824,0,2053127168,0,2272677888,0,0.1,325,,
effectiveness_v3_20260918T202219Z_9d416150,F/core50_nc/loose/agem_adaptive_ewc/1/default,agem_adaptive_ewc,core50_nc,1,evaluation,1,205943.296416304,205948.446401572,5.149985268013552,74009600,117969920,161480704,161480704,335544320,0,2283626496,0,2063394816,0,2286620672,0,0.1,34,,
effectiveness_v3_20260918T202219Z_9d416150,F/core50_nc/loose/agem_adaptive_ewc/1/default,agem_adaptive_ewc,core50_nc,1,controller,1,205948.480185071,205948.480306766,0.00012169498950242996,74009600,74009600,161480704,161480704,335544320,0,2283626496,0,2063394816,0,0,0,0.1,0,no_interval_samples,
effectiveness_v3_20260918T202219Z_9d416150,F/core50_nc/loose/agem_adaptive_ewc/1/default,agem_adaptive_ewc,core50_nc,1,reconfiguration,1,205948.511133274,205948.511677024,0.0005437500076368451,74009600,74009600,161480704,161480704,335544320,0,2283626496,0,2063394816,0,0,0,0.1,0,no_interval_samples,
effectiveness_v3_20260918T202219Z_9d416150,F/core50_nc/loose/agem_adaptive_ewc/1/default,agem_adaptive_ewc,core50_nc,1,resource_transition,2,205948.541242829,205948.541796431,0.000553602003492415,74009600,74009600,161480704,161480704,335544320,0,2283626496,0,2063394816,0,0,0,0.1,0,no_interval_samples,
effectiveness_v3_20260918T202219Z_9d416150,F/core50_nc/loose/agem_adaptive_ewc/1/default,agem_adaptive_ewc,core50_nc,1,training,2,205948.573512106,206014.089217519,65.51570541301044,76217344,99911680,163577856,163577856,335544320,0,2286350336,0,2066118656,0,2287112192,0,0.1,398,,
effectiveness_v3_20260918T202219Z_9d416150,F/core50_nc/loose/agem_adaptive_ewc/1/default,agem_adaptive_ewc,core50_nc,1,evaluation,2,206014.161902259,206021.657841859,7.495939600019483,76217344,120177664,163577856,163577856,335544320,0,2287792128,0,2067560448,0,2290544640,0,0.1,43,,
effectiveness_v3_20260918T202219Z_9d416150,F/core50_nc/loose/agem_adaptive_ewc/1/default,agem_adaptive_ewc,core50_nc,1,controller,2,206021.692269108,206021.692390321,0.000121213000966236,76217344,76217344,163577856,163577856,335544320,0,2287792128,0,2067560448,0,0,0,0.1,0,no_interval_samples,
effectiveness_v3_20260918T202219Z_9d416150,F/core50_nc/loose/agem_adaptive_ewc/1/default,agem_adaptive_ewc,core50_nc,1,reconfiguration,2,206021.72318733,206021.723840107,0.000652777001960203,76217344,76217344,163577856,163577856,335544320,0,2287792128,0,2067560448,0,0,0,0.1,0,no_interval_samples,
effectiveness_v3_20260918T202219Z_9d416150,F/core50_nc/loose/agem_adaptive_ewc/1/default,agem_adaptive_ewc,core50_nc,1,resource_transition,3,206021.764382477,206021.765037134,0.0006546569929923862,76217344,76217344,163577856,163577856,335544320,0,2287792128,0,2067560448,0,0,0,0.1,0,no_interval_samples,
effectiveness_v3_20260918T202219Z_9d416150,F/core50_nc/loose/agem_adaptive_ewc/1/default,agem_adaptive_ewc,core50_nc,1,training,3,206021.798503245,206102.072436291,80.27393304600264,78425088,102258176,165675008,165675008,335544320,0,2286505984,0,2066274304,0,2287202304,0,0.1,486,,
effectiveness_v3_20260918T202219Z_9d416150,F/core50_nc/loose/agem_adaptive_ewc/1/default,agem_adaptive_ewc,core50_nc,1,evaluation,3,206102.145623394,206111.364364177,9.218740782991517,78425088,122385408,165675008,165675008,335544320,0,2292277248,0,2072045568,0,2292277248,0,0.1,52,,
effectiveness_v3_20260918T202219Z_9d416150,F/core50_nc/loose/agem_adaptive_ewc/1/default,agem_adaptive_ewc,core50_nc,1,controller,3,206111.39463213,206111.394759565,0.00012743502156808972,78425088,78425088,165675008,165675008,335544320,0,2292277248,0,2072045568,0,0,0,0.1,0,no_interval_samples,
effectiveness_v3_20260918T202219Z_9d416150,F/core50_nc/loose/agem_adaptive_ewc/1/default,agem_adaptive_ewc,core50_nc,1,reconfiguration,3,206111.42671275,206111.427509676,0.0007969260041136295,78425088,78425088,165675008,165675008,335544320,0,2292277248,0,2072045568,0,0,0,0.1,0,no_interval_samples,
effectiveness_v3_20260918T202219Z_9d416150,F/core50_nc/loose/agem_adaptive_ewc/1/default,agem_adaptive_ewc,core50_nc,1,resource_transition,4,206111.457633018,206111.458234879,0.0006018610147293657,78425088,78425088,165675008,165675008,335544320,0,2292277248,0,2072045568,0,0,0,0.1,0,no_interval_samples,
effectiveness_v3_20260918T202219Z_9d416150,F/core50_nc/loose/agem_adaptive_ewc/1/default,agem_adaptive_ewc,core50_nc,1,training,4,206111.489997351,206195.576423797,84.08642644601059,80632832,107230720,167772160,167772160,335544320,0,2289016832,0,2068785152,0,2292912128,0,0.1,513,,
effectiveness_v3_20260918T202219Z_9d416150,F/core50_nc/loose/agem_adaptive_ewc/1/default,agem_adaptive_ewc,core50_nc,1,evaluation,4,206195.686703055,206206.366865643,10.680162588017993,80632832,124593152,167772160,167772160,335544320,0,2290573312,0,2070341632,0,2294448128,0,0.1,61,,
effectiveness_v3_20260918T202219Z_9d416150,F/core50_nc/loose/agem_adaptive_ewc/1/default,agem_adaptive_ewc,core50_nc,1,controller,4,206206.40223169,206206.402355533,0.0001238429977092892,80632832,80632832,167772160,167772160,335544320,0,2290573312,0,2070341632,0,0,0,0.1,0,no_interval_samples,
effectiveness_v3_20260918T202219Z_9d416150,F/core50_nc/loose/agem_adaptive_ewc/1/default,agem_adaptive_ewc,core50_nc,1,reconfiguration,4,206206.445905478,206206.446931154,0.0010256759996991605,80632832,80632832,167772160,167772160,335544320,0,2290573312,0,2070341632,0,0,0,0.1,0,no_interval_samples,
effectiveness_v3_20260918T202219Z_9d416150,F/core50_nc/loose/agem_adaptive_ewc/1/default,agem_adaptive_ewc,core50_nc,1,resource_transition,5,206206.479104683,206206.479696424,0.0005917410016991198,80632832,80632832,167772160,167772160,335544320,0,2290573312,0,2070341632,0,0,0,0.1,0,no_interval_samples,
effectiveness_v3_20260918T202219Z_9d416150,F/core50_nc/loose/agem_adaptive_ewc/1/default,agem_adaptive_ewc,core50_nc,1,training,5,206206.512601276,206300.43642694,93.9238256640092,82840576,110401536,169869312,169869312,335544320,0,2290266112,0,2070035456,0,2290806784,0,0.1,579,,
effectiveness_v3_20260918T202219Z_9d416150,F/core50_nc/loose/agem_adaptive_ewc/1/default,agem_adaptive_ewc,core50_nc,1,evaluation,5,206300.507868922,206313.529482199,13.021613277000142,82840576,126358528,169869312,169869312,335544320,0,2291933184,0,2071702528,0,2294743040,0,0.1,74,,
effectiveness_v3_20260918T202219Z_9d416150,F/core50_nc/loose/agem_adaptive_ewc/1/default,agem_adaptive_ewc,core50_nc,1,controller,5,206313.5656322,206313.565767571,0.00013537099584937096,82840576,82840576,169869312,169869312,335544320,0,2291933184,0,2071702528,0,0,0,0.1,0,no_interval_samples,
effectiveness_v3_20260918T202219Z_9d416150,F/core50_nc/loose/agem_adaptive_ewc/1/default,agem_adaptive_ewc,core50_nc,1,reconfiguration,5,206313.60936972,206313.610732016,0.0013622959959320724,82840576,82840576,169869312,169869312,335544320,0,2291933184,0,2071702528,0,0,0,0.1,0,no_interval_samples,
effectiveness_v3_20260918T202219Z_9d416150,F/core50_nc/loose/agem_adaptive_ewc/1/default,agem_adaptive_ewc,core50_nc,1,resource_transition,6,206313.642342535,206313.642964693,0.0006221579969860613,82840576,82840576,169869312,169869312,335544320,0,2291933184,0,2071702528,0,0,0,0.1,0,no_interval_samples,
effectiveness_v3_20260918T202219Z_9d416150,F/core50_nc/loose/agem_adaptive_ewc/1/default,agem_adaptive_ewc,core50_nc,1,training,6,206313.675576147,206413.571961624,99.89638547698269,85048320,113713152,169869312,169869312,335544320,0,2291564544,0,2071333888,0,2293039104,0,0.1,620,,
effectiveness_v3_20260918T202219Z_9d416150,F/core50_nc/loose/agem_adaptive_ewc/1/default,agem_adaptive_ewc,core50_nc,1,evaluation,6,206413.64491655,206428.473692042,14.828775492002023,85048320,128566272,169869312,169869312,335544320,0,2293080064,0,2072849408,0,2297077760,0,0.1,88,,
effectiveness_v3_20260918T202219Z_9d416150,F/core50_nc/loose/agem_adaptive_ewc/1/default,agem_adaptive_ewc,core50_nc,1,controller,6,206428.511256895,206428.511386525,0.00012963000335730612,85048320,85048320,169869312,169869312,335544320,0,2293080064,0,2072849408,0,0,0,0.1,0,no_interval_samples,
effectiveness_v3_20260918T202219Z_9d416150,F/core50_nc/loose/agem_adaptive_ewc/1/default,agem_adaptive_ewc,core50_nc,1,reconfiguration,6,206428.541954988,206428.543077229,0.0011222409957554191,85048320,85048320,169869312,169869312,335544320,0,2293080064,0,2072849408,0,0,0,0.1,0,no_interval_samples,
effectiveness_v3_20260918T202219Z_9d416150,F/core50_nc/loose/agem_adaptive_ewc/1/default,agem_adaptive_ewc,core50_nc,1,resource_transition,7,206428.571941424,206428.572523045,0.0005816210177727044,85048320,85048320,169869312,169869312,335544320,0,2293080064,0,2072849408,0,0,0,0.1,0,no_interval_samples,
effectiveness_v3_20260918T202219Z_9d416150,F/core50_nc/loose/agem_adaptive_ewc/1/default,agem_adaptive_ewc,core50_nc,1,training,7,206428.603332018,206531.358848316,102.75551629799884,87256064,118545408,169869312,169869312,335544320,0,2291929088,0,2071698432,0,2293424128,0,0.1,640,,
effectiveness_v3_20260918T202219Z_9d416150,F/core50_nc/loose/agem_adaptive_ewc/1/default,agem_adaptive_ewc,core50_nc,1,evaluation,7,206531.456325296,206548.303653491,16.847328194999136,87256064,130774016,169869312,169869312,335544320,0,2293936128,0,2073705472,0,2297786368,0,0.1,95,,
effectiveness_v3_20260918T202219Z_9d416150,F/core50_nc/loose/agem_adaptive_ewc/1/default,agem_adaptive_ewc,core50_nc,1,controller,7,206548.339071084,206548.339204593,0.0001335090200882405,87256064,87256064,169869312,169869312,335544320,0,2293936128,0,2073705472,0,0,0,0.1,0,no_interval_samples,
effectiveness_v3_20260918T202219Z_9d416150,F/core50_nc/loose/agem_adaptive_ewc/1/default,agem_adaptive_ewc,core50_nc,1,reconfiguration,7,206548.392557324,206548.394140287,0.0015829630137886852,87256064,87256064,169869312,169869312,335544320,0,2293936128,0,2073705472,0,0,0,0.1,0,no_interval_samples,
effectiveness_v3_20260918T202219Z_9d416150,F/core50_nc/loose/agem_adaptive_ewc/1/default,agem_adaptive_ewc,core50_nc,1,resource_transition,8,206548.424626166,206548.425187537,0.0005613710090983659,87256064,87256064,169869312,169869312,335544320,0,2293936128,0,2073705472,0,0,0,0.1,0,no_interval_samples,
effectiveness_v3_20260918T202219Z_9d416150,F/core50_nc/loose/agem_adaptive_ewc/1/default,agem_adaptive_ewc,core50_nc,1,training,8,206548.457754749,206659.789533648,111.3317788990098,89463808,121857024,176160768,176160768,335544320,0,2293604352,0,2073373696,0,2295013376,0,0.1,701,,
effectiveness_v3_20260918T202219Z_9d416150,F/core50_nc/loose/agem_adaptive_ewc/1/default,agem_adaptive_ewc,core50_nc,1,evaluation,8,206659.865253378,206678.839840588,18.97458721001749,89463808,133424128,176160768,176160768,335544320,0,2297737216,0,2077506560,0,2299006976,0,0.1,107,,
effectiveness_v3_20260918T202219Z_9d416150,F/core50_nc/loose/agem_adaptive_ewc/1/default,agem_adaptive_ewc,core50_nc,1,controller,8,206678.876229792,206678.876320616,9.082400356419384e-05,89463808,89463808,176160768,176160768,335544320,0,2297737216,0,2077506560,0,0,0,0.1,0,no_interval_samples,
effectiveness_v3_20260918T203615Z_3b1672b7,F/core50_nc/loose/agem_static/1/default,agem_static,core50_nc,1,setup,,206686.221893765,206687.762185597,1.5402918320032768,1395712,1395712,2097152,2097152,335544320,0,1574416384,0,1354193920,0,0,0,0.1,0,no_interval_samples,
effectiveness_v3_20260918T203615Z_3b1672b7,F/core50_nc/loose/agem_static/1/default,agem_static,core50_nc,1,resource_transition,0,206687.791956718,206687.792414996,0.0004582779947668314,1395712,1395712,2097152,2097152,335544320,0,1574420480,0,1354193920,0,0,0,0.1,0,no_interval_samples,
effectiveness_v3_20260918T203615Z_3b1672b7,F/core50_nc/loose/agem_static/1/default,agem_static,core50_nc,1,training,0,206687.818540645,206720.852363434,33.03382278900244,70712320,95452672,117440512,117440512,335544320,0,2066624512,0,1846397952,0,2063765504,0,0.1,200,,
effectiveness_v3_20260918T203615Z_3b1672b7,F/core50_nc/loose/agem_static/1/default,agem_static,core50_nc,1,evaluation,0,206720.920856868,206724.673056453,3.7521995849965606,70712320,114230272,159383552,159383552,335544320,0,2112561152,0,1892334592,0,2118287360,0,0.1,22,,
effectiveness_v3_20260918T203615Z_3b1672b7,F/core50_nc/loose/agem_static/1/default,agem_static,core50_nc,1,resource_transition,1,206724.704352102,206724.704870278,0.0005181759770493954,70712320,70712320,159383552,159383552,335544320,0,2112561152,0,1892334592,0,0,0,0.1,0,no_interval_samples,
effectiveness_v3_20260918T203615Z_3b1672b7,F/core50_nc/loose/agem_static/1/default,agem_static,core50_nc,1,training,1,206724.734781185,206761.82678754,37.092006355000194,71801856,96739328,159383552,159383552,335544320,0,2179428352,0,1959201792,0,2177392640,0,0.1,226,,
effectiveness_v3_20260918T203615Z_3b1672b7,F/core50_nc/loose/agem_static/1/default,agem_static,core50_nc,1,evaluation,1,206761.90044167,206768.226879445,6.326437774987426,71801856,115762176,159383552,159383552,335544320,0,2180665344,0,1960438784,0,2184654848,0,0.1,36,,
effectiveness_v3_20260918T203615Z_3b1672b7,F/core50_nc/loose/agem_static/1/default,agem_static,core50_nc,1,resource_transition,2,206768.25590538,206768.256440102,0.0005347219994291663,71801856,71801856,159383552,159383552,335544320,0,2180665344,0,1960438784,0,0,0,0.1,0,no_interval_samples,
effectiveness_v3_20260918T203615Z_3b1672b7,F/core50_nc/loose/agem_static/1/default,agem_static,core50_nc,1,training,2,206768.286790111,206805.003566472,36.71677636101958,71801856,96739328,159383552,159383552,335544320,0,2190061568,0,1969835008,0,2189615104,0,0.1,222,,
effectiveness_v3_20260918T203615Z_3b1672b7,F/core50_nc/loose/agem_static/1/default,agem_static,core50_nc,1,evaluation,2,206805.084157128,206812.666786948,7.582629819982685,71801856,115762176,159383552,159383552,335544320,0,2194841600,0,1974615040,0,2194849792,0,0.1,44,,
effectiveness_v3_20260918T203615Z_3b1672b7,F/core50_nc/loose/agem_static/1/default,agem_static,core50_nc,1,resource_transition,3,206812.699995753,206812.700499976,0.0005042229895479977,71801856,71801856,159383552,159383552,335544320,0,2194841600,0,1974615040,0,0,0,0.1,0,no_interval_samples,
effectiveness_v3_20260918T203615Z_3b1672b7,F/core50_nc/loose/agem_static/1/default,agem_static,core50_nc,1,training,3,206812.732116133,206847.404071664,34.671955530997366,71801856,96542208,159383552,159383552,335544320,0,2190675968,0,1970449408,0,2195296256,0,0.1,211,,
effectiveness_v3_20260918T203615Z_3b1672b7,F/core50_nc/loose/agem_static/1/default,agem_static,core50_nc,1,evaluation,3,206847.478689443,206856.671104395,9.192414952005493,71801856,115762176,159383552,159383552,335544320,0,2195456000,0,1975229440,0,2196131840,0,0.1,52,,
effectiveness_v3_20260918T203615Z_3b1672b7,F/core50_nc/loose/agem_static/1/default,agem_static,core50_nc,1,resource_transition,4,206856.704605144,206856.705078561,0.0004734169924631715,71801856,71801856,159383552,159383552,335544320,0,2195456000,0,1975229440,0,0,0,0.1,0,no_interval_samples,
effectiveness_v3_20260918T203615Z_3b1672b7,F/core50_nc/loose/agem_static/1/default,agem_static,core50_nc,1,training,4,206856.738431755,206893.906978961,37.168547206005314,71801856,96739328,159383552,159383552,335544320,0,2192101376,0,1971874816,0,2195931136,0,0.1,225,,
effectiveness_v3_20260918T203615Z_3b1672b7,F/core50_nc/loose/agem_static/1/default,agem_static,core50_nc,1,evaluation,4,206893.980080478,206905.002997257,11.022916778980289,71801856,115762176,159383552,159383552,335544320,0,2196406272,0,1976179712,0,2197458944,0,0.1,62,,
effectiveness_v3_20260918T203615Z_3b1672b7,F/core50_nc/loose/agem_static/1/default,agem_static,core50_nc,1,resource_transition,5,206905.039640008,206905.04011186,0.00047185199218802154,71801856,71801856,159383552,159383552,335544320,0,2196406272,0,1976179712,0,0,0,0.1,0,no_interval_samples,
effectiveness_v3_20260918T203615Z_3b1672b7,F/core50_nc/loose/agem_static/1/default,agem_static,core50_nc,1,training,5,206905.070350231,206939.731750692,34.661400461016456,71801856,96542208,159383552,159383552,335544320,0,2193342464,0,1973115904,0,2192773120,0,0.1,211,,
effectiveness_v3_20260918T203615Z_3b1672b7,F/core50_nc/loose/agem_static/1/default,agem_static,core50_nc,1,evaluation,5,206939.807478283,206952.731920859,12.924442575982539,71801856,115319808,159383552,159383552,335544320,0,2197524480,0,1977297920,0,2198515712,0,0.1,74,,
effectiveness_v3_20260918T203615Z_3b1672b7,F/core50_nc/loose/agem_static/1/default,agem_static,core50_nc,1,resource_transition,6,206952.769897942,206952.770470803,0.0005728609976358712,71801856,71801856,159383552,159383552,335544320,0,2197524480,0,1977297920,0,0,0,0.1,0,no_interval_samples,
effectiveness_v3_20260918T203615Z_3b1672b7,F/core50_nc/loose/agem_static/1/default,agem_static,core50_nc,1,training,6,206952.803294709,206989.129754832,36.326460123003926,71801856,96542208,159383552,159383552,335544320,0,2193317888,0,1973091328,0,2197524480,0,0.1,221,,
effectiveness_v3_20260918T203615Z_3b1672b7,F/core50_nc/loose/agem_static/1/default,agem_static,core50_nc,1,evaluation,6,206989.233455173,207004.073583461,14.840128287993139,71801856,115319808,159383552,159383552,335544320,0,2194722816,0,1974496256,0,2198712320,0,0.1,84,,
effectiveness_v3_20260918T203615Z_3b1672b7,F/core50_nc/loose/agem_static/1/default,agem_static,core50_nc,1,resource_transition,7,207004.106489591,207004.106975035,0.0004854440048802644,71801856,71801856,159383552,159383552,335544320,0,2194722816,0,1974496256,0,0,0,0.1,0,no_interval_samples,
effectiveness_v3_20260918T203615Z_3b1672b7,F/core50_nc/loose/agem_static/1/default,agem_static,core50_nc,1,training,7,207004.138744499,207040.091221811,35.95247731197742,71801856,96542208,159383552,159383552,335544320,0,2193981440,0,1973754880,0,2195099648,0,0.1,218,,
effectiveness_v3_20260918T203615Z_3b1672b7,F/core50_nc/loose/agem_static/1/default,agem_static,core50_nc,1,evaluation,7,207040.204786652,207057.124021792,16.91923513999791,71801856,115319808,159383552,159383552,335544320,0,2198544384,0,1978317824,0,2199343104,0,0.1,97,,
effectiveness_v3_20260918T203615Z_3b1672b7,F/core50_nc/loose/agem_static/1/default,agem_static,core50_nc,1,resource_transition,8,207057.161164273,207057.161713726,0.0005494529905263335,71801856,71801856,159383552,159383552,335544320,0,2198544384,0,1978317824,0,0,0,0.1,0,no_interval_samples,
effectiveness_v3_20260918T203615Z_3b1672b7,F/core50_nc/loose/agem_static/1/default,agem_static,core50_nc,1,training,8,207057.193247402,207093.795673969,36.602426566998474,71801856,96739328,159383552,159383552,335544320,0,2198831104,0,1978604544,0,2198642688,0,0.1,223,,
effectiveness_v3_20260918T203615Z_3b1672b7,F/core50_nc/loose/agem_static/1/default,agem_static,core50_nc,1,evaluation,8,207093.870187986,207112.66599418,18.79580619398621,71801856,115319808,159383552,159383552,335544320,0,2198896640,0,1978670080,0,2199629824,0,0.1,106,,
effectiveness_v3_20260918T204329Z_8162adb1,F/core50_nc/loose/agem_static/2/default,agem_static,core50_nc,2,setup,,207119.973966012,207121.51514133,1.5411753179796506,1395712,1395712,2097152,2097152,335544320,0,1573523456,0,1353292800,0,0,0,0.1,0,no_interval_samples,
effectiveness_v3_20260918T204329Z_8162adb1,F/core50_nc/loose/agem_static/2/default,agem_static,core50_nc,2,resource_transition,0,207121.542461181,207121.542911848,0.00045066699385643005,1395712,1395712,2097152,2097152,335544320,0,1573527552,0,1353292800,0,0,0,0.1,0,no_interval_samples,
effectiveness_v3_20260918T204329Z_8162adb1,F/core50_nc/loose/agem_static/2/default,agem_static,core50_nc,2,training,0,207121.570100782,207153.961814774,32.39171399199404,70712320,95452672,117440512,117440512,335544320,0,2066718720,0,1846483968,0,2063863808,0,0.1,199,,
effectiveness_v3_20260918T204329Z_8162adb1,F/core50_nc/loose/agem_static/2/default,agem_static,core50_nc,2,evaluation,0,207154.0422426,207157.783991587,3.741748986998573,70712320,114230272,159383552,159383552,335544320,0,2117480448,0,1897245696,0,2116489216,0,0.1,21,,
effectiveness_v3_20260918T204329Z_8162adb1,F/core50_nc/loose/agem_static/2/default,agem_static,core50_nc,2,resource_transition,1,207157.820322642,207157.820848318,0.0005256760050542653,70712320,70712320,159383552,159383552,335544320,0,2117480448,0,1897245696,0,0,0,0.1,0,no_interval_samples,
effectiveness_v3_20260918T204329Z_8162adb1,F/core50_nc/loose/agem_static/2/default,agem_static,core50_nc,2,training,1,207157.855168919,207193.49548298,35.640314061020035,71801856,96739328,159383552,159383552,335544320,0,2179379200,0,1959144448,0,2181701632,0,0.1,216,,
effectiveness_v3_20260918T204329Z_8162adb1,F/core50_nc/loose/agem_static/2/default,agem_static,core50_nc,2,evaluation,1,207193.573353973,207199.043518226,5.4701642529980745,71801856,115762176,159383552,159383552,335544320,0,2180620288,0,1960385536,0,2184605696,0,0.1,31,,
effectiveness_v3_20260918T204329Z_8162adb1,F/core50_nc/loose/agem_static/2/default,agem_static,core50_nc,2,resource_transition,2,207199.076071976,207199.076545077,0.0004731010121759027,71801856,71801856,159383552,159383552,335544320,0,2180620288,0,1960385536,0,0,0,0.1,0,no_interval_samples,
effectiveness_v3_20260918T204329Z_8162adb1,F/core50_nc/loose/agem_static/2/default,agem_static,core50_nc,2,training,2,207199.107903975,207234.946788189,35.83888421399752,71801856,96739328,159383552,159383552,335544320,0,2189979648,0,1969744896,0,2189537280,0,0.1,217,,
effectiveness_v3_20260918T204329Z_8162adb1,F/core50_nc/loose/agem_static/2/default,agem_static,core50_nc,2,evaluation,2,207235.024968504,207242.257815412,7.232846908009378,71801856,115762176,159383552,159383552,335544320,0,2194776064,0,1974541312,0,2194771968,0,0.1,41,,
effectiveness_v3_20260918T204329Z_8162adb1,F/core50_nc/loose/agem_static/2/default,agem_static,core50_nc,2,resource_transition,3,207242.291662097,207242.292196032,0.0005339350027497858,71801856,71801856,159383552,159383552,335544320,0,2194776064,0,1974541312,0,0,0,0.1,0,no_interval_samples,
effectiveness_v3_20260918T204329Z_8162adb1,F/core50_nc/loose/agem_static/2/default,agem_static,core50_nc,2,training,3,207242.324682605,207276.816014018,34.4913314130099,71801856,96542208,159383552,159383552,335544320,0,2190606336,0,1970371584,0,2195226624,0,0.1,209,,
effectiveness_v3_20260918T204329Z_8162adb1,F/core50_nc/loose/agem_static/2/default,agem_static,core50_nc,2,evaluation,3,207276.920165655,207285.873370758,8.953205102996435,71801856,115762176,159383552,159383552,335544320,0,2195390464,0,1975155712,0,2196070400,0,0.1,51,,
effectiveness_v3_20260918T204329Z_8162adb1,F/core50_nc/loose/agem_static/2/default,agem_static,core50_nc,2,resource_transition,4,207285.906973276,207285.907463545,0.0004902690125163645,71801856,71801856,159383552,159383552,335544320,0,2195390464,0,1975155712,0,0,0,0.1,0,no_interval_samples,
effectiveness_v3_20260918T204329Z_8162adb1,F/core50_nc/loose/agem_static/2/default,agem_static,core50_nc,2,training,4,207285.939796961,207322.874263546,36.93446658499306,71801856,96739328,159383552,159383552,335544320,0,2192084992,0,1971850240,0,2195861504,0,0.1,223,,
effectiveness_v3_20260918T204329Z_8162adb1,F/core50_nc/loose/agem_static/2/default,agem_static,core50_nc,2,evaluation,4,207322.963283229,207334.027883911,11.064600682002492,71801856,115762176,159383552,159383552,335544320,0,2196414464,0,1976179712,0,2197450752,0,0.1,63,,
effectiveness_v3_20260918T204329Z_8162adb1,F/core50_nc/loose/agem_static/2/default,agem_static,core50_nc,2,resource_transition,5,207334.06382619,207334.06440144,0.0005752500146627426,71801856,71801856,159383552,159383552,335544320,0,2196414464,0,1976179712,0,0,0,0.1,0,no_interval_samples,
effectiveness_v3_20260918T204329Z_8162adb1,F/core50_nc/loose/agem_static/2/default,agem_static,core50_nc,2,training,5,207334.096855366,207368.818842088,34.72198672199738,71801856,96542208,159383552,159383552,335544320,0,2193088512,0,1972853760,0,2196414464,0,0.1,210,,
effectiveness_v3_20260918T204329Z_8162adb1,F/core50_nc/loose/agem_static/2/default,agem_static,core50_nc,2,evaluation,5,207368.892592895,207381.51955699,12.626964095019503,71801856,115319808,159383552,159383552,335544320,0,2197520384,0,1977285632,0,2198466560,0,0.1,71,,
effectiveness_v3_20260918T204329Z_8162adb1,F/core50_nc/loose/agem_static/2/default,agem_static,core50_nc,2,resource_transition,6,207381.555750519,207381.556319843,0.0005693239800166339,71801856,71801856,159383552,159383552,335544320,0,2197520384,0,1977285632,0,0,0,0.1,0,no_interval_samples,
effectiveness_v3_20260918T204329Z_8162adb1,F/core50_nc/loose/agem_static/2/default,agem_static,core50_nc,2,training,6,207381.586716149,207417.724687339,36.1379711900081,71801856,96542208,159383552,159383552,335544320,0,2193100800,0,1972866048,0,2197520384,0,0.1,218,,
effectiveness_v3_20260918T204329Z_8162adb1,F/core50_nc/loose/agem_static/2/default,agem_static,core50_nc,2,evaluation,6,207417.796990934,207432.80171821,15.004727275983896,71801856,115319808,159383552,159383552,335544320,0,2197475328,0,1977240576,0,2198466560,0,0.1,85,,
effectiveness_v3_20260918T204329Z_8162adb1,F/core50_nc/loose/agem_static/2/default,agem_static,core50_nc,2,resource_transition,7,207432.834627411,207432.835128791,0.0005013799818698317,71801856,71801856,159383552,159383552,335544320,0,2197475328,0,1977240576,0,0,0,0.1,0,no_interval_samples,
effectiveness_v3_20260918T204329Z_8162adb1,F/core50_nc/loose/agem_static/2/default,agem_static,core50_nc,2,training,7,207432.866943724,207469.346400331,36.47945660701953,71801856,96542208,159383552,159383552,335544320,0,2194018304,0,1973783552,0,2197532672,0,0.1,220,,
effectiveness_v3_20260918T204329Z_8162adb1,F/core50_nc/loose/agem_static/2/default,agem_static,core50_nc,2,evaluation,7,207469.421606361,207485.902868229,16.48126186800073,71801856,115319808,159383552,159383552,335544320,0,2198810624,0,1978575872,0,2199334912,0,0.1,93,,
effectiveness_v3_20260918T204329Z_8162adb1,F/core50_nc/loose/agem_static/2/default,agem_static,core50_nc,2,resource_transition,8,207485.935912258,207485.936397295,0.00048503701691515744,71801856,71801856,159383552,159383552,335544320,0,2198810624,0,1978575872,0,0,0,0.1,0,no_interval_samples,
effectiveness_v3_20260918T204329Z_8162adb1,F/core50_nc/loose/agem_static/2/default,agem_static,core50_nc,2,training,8,207485.968267564,207523.185685694,37.21741813002154,71801856,96739328,159383552,159383552,335544320,0,2198925312,0,1978690560,0,2198925312,0,0.1,224,,
effectiveness_v3_20260918T204329Z_8162adb1,F/core50_nc/loose/agem_static/2/default,agem_static,core50_nc,2,evaluation,8,207523.302162258,207541.353844861,18.051682602992514,71801856,115319808,159383552,159383552,335544320,0,2198704128,0,1978469376,0,2199437312,0,0.1,107,,
effectiveness_v3_20260918T205037Z_c7fe7b8c,F/core50_nc/loose/agem_adaptive_ewc/2/default,agem_adaptive_ewc,core50_nc,2,setup,,207548.503420619,207550.048506255,1.5450856359966565,1395712,1395712,2097152,2097152,335544320,0,1573478400,0,1353255936,0,0,0,0.1,0,no_interval_samples,
effectiveness_v3_20260918T205037Z_c7fe7b8c,F/core50_nc/loose/agem_adaptive_ewc/2/default,agem_adaptive_ewc,core50_nc,2,resource_transition,0,207550.072811736,207550.073267486,0.00045575000694952905,1395712,1395712,2097152,2097152,335544320,0,1573482496,0,1353255936,0,0,0,0.1,0,no_interval_samples,
effectiveness_v3_20260918T205037Z_c7fe7b8c,F/core50_nc/loose/agem_adaptive_ewc/2/default,agem_adaptive_ewc,core50_nc,2,training,0,207550.099294226,207582.167644109,32.06834988298942,70712320,95452672,117440512,117440512,335544320,0,2066849792,0,1846623232,0,2063982592,0,0.1,194,,
effectiveness_v3_20260918T205037Z_c7fe7b8c,F/core50_nc/loose/agem_adaptive_ewc/2/default,agem_adaptive_ewc,core50_nc,2,evaluation,0,207582.250446089,207586.079045703,3.828599614003906,70712320,114230272,159383552,159383552,335544320,0,2112790528,0,1892563968,0,2116751360,0,0.1,22,,
effectiveness_v3_20260918T205037Z_c7fe7b8c,F/core50_nc/loose/agem_adaptive_ewc/2/default,agem_adaptive_ewc,core50_nc,2,controller,0,207586.122799008,207586.122965091,0.00016608298756182194,70712320,70712320,159383552,159383552,335544320,0,2112790528,0,1892563968,0,0,0,0.1,0,no_interval_samples,
effectiveness_v3_20260918T205037Z_c7fe7b8c,F/core50_nc/loose/agem_adaptive_ewc/2/default,agem_adaptive_ewc,core50_nc,2,reconfiguration,0,207586.158243859,207586.158917692,0.0006738329830113798,70712320,70712320,159383552,159383552,335544320,0,2112790528,0,1892563968,0,0,0,0.1,0,no_interval_samples,
effectiveness_v3_20260918T205037Z_c7fe7b8c,F/core50_nc/loose/agem_adaptive_ewc/2/default,agem_adaptive_ewc,core50_nc,2,resource_transition,1,207586.190404942,207586.191024886,0.0006199440103955567,70712320,70712320,159383552,159383552,335544320,0,2112790528,0,1892563968,0,0,0,0.1,0,no_interval_samples,
effectiveness_v3_20260918T205037Z_c7fe7b8c,F/core50_nc/loose/agem_adaptive_ewc/2/default,agem_adaptive_ewc,core50_nc,2,training,1,207586.235192154,207639.399267547,53.16407539299689,74009600,97741312,161480704,161480704,335544320,0,2273587200,0,2053360640,0,2272923648,0,0.1,324,,
effectiveness_v3_20260918T205037Z_c7fe7b8c,F/core50_nc/loose/agem_adaptive_ewc/2/default,agem_adaptive_ewc,core50_nc,2,evaluation,1,207639.469061749,207644.72939945,5.260337701009121,74009600,117969920,161480704,161480704,335544320,0,2287501312,0,2067274752,0,2287316992,0,0.1,30,,
effectiveness_v3_20260918T205037Z_c7fe7b8c,F/core50_nc/loose/agem_adaptive_ewc/2/default,agem_adaptive_ewc,core50_nc,2,controller,1,207644.764022986,207644.764151458,0.00012847199104726315,74009600,74009600,161480704,161480704,335544320,0,2287501312,0,2067274752,0,0,0,0.1,0,no_interval_samples,
effectiveness_v3_20260918T205037Z_c7fe7b8c,F/core50_nc/loose/agem_adaptive_ewc/2/default,agem_adaptive_ewc,core50_nc,2,reconfiguration,1,207644.793932171,207644.794445032,0.0005128610064275563,74009600,74009600,161480704,161480704,335544320,0,2287501312,0,2067274752,0,0,0,0.1,0,no_interval_samples,
effectiveness_v3_20260918T205037Z_c7fe7b8c,F/core50_nc/loose/agem_adaptive_ewc/2/default,agem_adaptive_ewc,core50_nc,2,resource_transition,2,207644.823751096,207644.824331726,0.0005806300032418221,74009600,74009600,161480704,161480704,335544320,0,2287501312,0,2067274752,0,0,0,0.1,0,no_interval_samples,
effectiveness_v3_20260918T205037Z_c7fe7b8c,F/core50_nc/loose/agem_adaptive_ewc/2/default,agem_adaptive_ewc,core50_nc,2,training,2,207644.855114429,207712.18889244,67.33377801100141,76217344,99911680,163577856,163577856,335544320,0,2286108672,0,2065882112,0,2290524160,0,0.1,408,,
effectiveness_v3_20260918T205037Z_c7fe7b8c,F/core50_nc/loose/agem_adaptive_ewc/2/default,agem_adaptive_ewc,core50_nc,2,evaluation,2,207712.288328989,207719.524514652,7.236185663001379,76217344,120177664,163577856,163577856,335544320,0,2288005120,0,2067778560,0,2290753536,0,0.1,41,,
effectiveness_v3_20260918T205037Z_c7fe7b8c,F/core50_nc/loose/agem_adaptive_ewc/2/default,agem_adaptive_ewc,core50_nc,2,controller,2,207719.580887014,207719.581021533,0.00013451901031658053,76217344,76217344,163577856,163577856,335544320,0,2288005120,0,2067778560,0,0,0,0.1,0,no_interval_samples,
effectiveness_v3_20260918T205037Z_c7fe7b8c,F/core50_nc/loose/agem_adaptive_ewc/2/default,agem_adaptive_ewc,core50_nc,2,reconfiguration,2,207719.612789145,207719.613488126,0.0006989809917286038,76217344,76217344,163577856,163577856,335544320,0,2288005120,0,2067778560,0,0,0,0.1,0,no_interval_samples,
effectiveness_v3_20260918T205037Z_c7fe7b8c,F/core50_nc/loose/agem_adaptive_ewc/2/default,agem_adaptive_ewc,core50_nc,2,resource_transition,3,207719.643119868,207719.64371047,0.0005906019941903651,76217344,76217344,163577856,163577856,335544320,0,2288005120,0,2067778560,0,0,0,0.1,0,no_interval_samples,
effectiveness_v3_20260918T205037Z_c7fe7b8c,F/core50_nc/loose/agem_adaptive_ewc/2/default,agem_adaptive_ewc,core50_nc,2,training,3,207719.675170368,207800.781531664,81.1063612959988,78425088,102258176,165675008,165675008,335544320,0,2286952448,0,2066725888,0,2288095232,0,0.1,490,,
effectiveness_v3_20260918T205037Z_c7fe7b8c,F/core50_nc/loose/agem_adaptive_ewc/2/default,agem_adaptive_ewc,core50_nc,2,evaluation,3,207800.854079296,207809.444780173,8.590700877015479,78425088,122385408,165675008,165675008,335544320,0,2292662272,0,2072435712,0,2292662272,0,0.1,56,,
effectiveness_v3_20260918T205037Z_c7fe7b8c,F/core50_nc/loose/agem_adaptive_ewc/2/default,agem_adaptive_ewc,core50_nc,2,controller,3,207809.481649978,207809.481775988,0.00012601001071743667,78425088,78425088,165675008,165675008,335544320,0,2292662272,0,2072435712,0,0,0,0.1,0,no_interval_samples,
effectiveness_v3_20260918T205037Z_c7fe7b8c,F/core50_nc/loose/agem_adaptive_ewc/2/default,agem_adaptive_ewc,core50_nc,2,reconfiguration,3,207809.513908172,207809.514676181,0.0007680089911445975,78425088,78425088,165675008,165675008,335544320,0,2292662272,0,2072435712,0,0,0,0.1,0,no_interval_samples,
effectiveness_v3_20260918T205037Z_c7fe7b8c,F/core50_nc/loose/agem_adaptive_ewc/2/default,agem_adaptive_ewc,core50_nc,2,resource_transition,4,207809.545031912,207809.545604718,0.0005728059913963079,78425088,78425088,165675008,165675008,335544320,0,2292662272,0,2072435712,0,0,0,0.1,0,no_interval_samples,
effectiveness_v3_20260918T205037Z_c7fe7b8c,F/core50_nc/loose/agem_adaptive_ewc/2/default,agem_adaptive_ewc,core50_nc,2,training,4,207809.576621532,207893.912319107,84.33569757500663,80632832,107230720,167772160,167772160,335544320,0,2289299456,0,2069072896,0,2293288960,0,0.1,513,,
effectiveness_v3_20260918T205037Z_c7fe7b8c,F/core50_nc/loose/agem_adaptive_ewc/2/default,agem_adaptive_ewc,core50_nc,2,evaluation,4,207894.003387118,207904.992117803,10.98873068499961,80632832,124593152,167772160,167772160,335544320,0,2290847744,0,2070621184,0,2294644736,0,0.1,62,,
effectiveness_v3_20260918T205037Z_c7fe7b8c,F/core50_nc/loose/agem_adaptive_ewc/2/default,agem_adaptive_ewc,core50_nc,2,controller,4,207905.035533239,207905.035660165,0.0001269260246772319,80632832,80632832,167772160,167772160,335544320,0,2290847744,0,2070621184,0,0,0,0.1,0,no_interval_samples,
effectiveness_v3_20260918T205037Z_c7fe7b8c,F/core50_nc/loose/agem_adaptive_ewc/2/default,agem_adaptive_ewc,core50_nc,2,reconfiguration,4,207905.064241221,207905.065239897,0.0009986759978346527,80632832,80632832,167772160,167772160,335544320,0,2290847744,0,2070621184,0,0,0,0.1,0,no_interval_samples,
effectiveness_v3_20260918T205037Z_c7fe7b8c,F/core50_nc/loose/agem_adaptive_ewc/2/default,agem_adaptive_ewc,core50_nc,2,resource_transition,5,207905.094986814,207905.095568518,0.000581704021897167,80632832,80632832,167772160,167772160,335544320,0,2290847744,0,2070621184,0,0,0,0.1,0,no_interval_samples,
effectiveness_v3_20260918T205037Z_c7fe7b8c,F/core50_nc/loose/agem_adaptive_ewc/2/default,agem_adaptive_ewc,core50_nc,2,training,5,207905.126579027,207998.408439763,93.281860735995,82840576,110401536,169869312,169869312,335544320,0,2290466816,0,2070240256,0,2291089408,0,0.1,577,,
effectiveness_v3_20260918T205037Z_c7fe7b8c,F/core50_nc/loose/agem_adaptive_ewc/2/default,agem_adaptive_ewc,core50_nc,2,evaluation,5,207998.507419679,208011.606048024,13.098628345003817,82840576,126358528,169869312,169869312,335544320,0,2292240384,0,2072013824,0,2296041472,0,0.1,73,,
effectiveness_v3_20260918T205037Z_c7fe7b8c,F/core50_nc/loose/agem_adaptive_ewc/2/default,agem_adaptive_ewc,core50_nc,2,controller,5,208011.657985766,208011.658111813,0.00012604700168594718,82840576,82840576,169869312,169869312,335544320,0,2292240384,0,2072013824,0,0,0,0.1,0,no_interval_samples,
effectiveness_v3_20260918T205037Z_c7fe7b8c,F/core50_nc/loose/agem_adaptive_ewc/2/default,agem_adaptive_ewc,core50_nc,2,reconfiguration,5,208011.690838091,208011.691969971,0.0011318800097797066,82840576,82840576,169869312,169869312,335544320,0,2292240384,0,2072013824,0,0,0,0.1,0,no_interval_samples,
effectiveness_v3_20260918T205037Z_c7fe7b8c,F/core50_nc/loose/agem_adaptive_ewc/2/default,agem_adaptive_ewc,core50_nc,2,resource_transition,6,208011.722456258,208011.723035444,0.0005791860166937113,82840576,82840576,169869312,169869312,335544320,0,2292240384,0,2072013824,0,0,0,0.1,0,no_interval_samples,
effectiveness_v3_20260918T205037Z_c7fe7b8c,F/core50_nc/loose/agem_adaptive_ewc/2/default,agem_adaptive_ewc,core50_nc,2,training,6,208011.756019147,208110.941567886,99.18554873901303,85048320,113713152,169869312,169869312,335544320,0,2292846592,0,2072620032,0,2292441088,0,0.1,617,,
effectiveness_v3_20260918T205037Z_c7fe7b8c,F/core50_nc/loose/agem_adaptive_ewc/2/default,agem_adaptive_ewc,core50_nc,2,evaluation,6,208111.042215287,208126.027532831,14.98531754402211,85048320,128566272,169869312,169869312,335544320,0,2295914496,0,2075687936,0,2297417728,0,0.1,85,,
effectiveness_v3_20260918T205037Z_c7fe7b8c,F/core50_nc/loose/agem_adaptive_ewc/2/default,agem_adaptive_ewc,core50_nc,2,controller,6,208126.063665636,208126.063787589,0.0001219529949594289,85048320,85048320,169869312,169869312,335544320,0,2295914496,0,2075687936,0,0,0,0.1,0,no_interval_samples,
effectiveness_v3_20260918T205037Z_c7fe7b8c,F/core50_nc/loose/agem_adaptive_ewc/2/default,agem_adaptive_ewc,core50_nc,2,reconfiguration,6,208126.094216089,208126.095379292,0.0011632030073087662,85048320,85048320,169869312,169869312,335544320,0,2295914496,0,2075687936,0,0,0,0.1,0,no_interval_samples,
effectiveness_v3_20260918T205037Z_c7fe7b8c,F/core50_nc/loose/agem_adaptive_ewc/2/default,agem_adaptive_ewc,core50_nc,2,resource_transition,7,208126.141402366,208126.141970514,0.0005681480106431991,85048320,85048320,169869312,169869312,335544320,0,2295914496,0,2075687936,0,0,0,0.1,0,no_interval_samples,
effectiveness_v3_20260918T205037Z_c7fe7b8c,F/core50_nc/loose/agem_adaptive_ewc/2/default,agem_adaptive_ewc,core50_nc,2,training,7,208126.173982421,208229.187743032,103.01376061100746,87256064,118545408,169869312,169869312,335544320,0,2292494336,0,2072267776,0,2296967168,0,0.1,642,,
effectiveness_v3_20260918T205037Z_c7fe7b8c,F/core50_nc/loose/agem_adaptive_ewc/2/default,agem_adaptive_ewc,core50_nc,2,evaluation,7,208229.266092219,208246.252756093,16.986663873976795,87256064,130774016,169869312,169869312,335544320,0,2294341632,0,2074115072,0,2298388480,0,0.1,96,,
effectiveness_v3_20260918T205037Z_c7fe7b8c,F/core50_nc/loose/agem_adaptive_ewc/2/default,agem_adaptive_ewc,core50_nc,2,controller,7,208246.293362343,208246.293489676,0.00012733298353850842,87256064,87256064,169869312,169869312,335544320,0,2294341632,0,2074115072,0,0,0,0.1,0,no_interval_samples,
effectiveness_v3_20260918T205037Z_c7fe7b8c,F/core50_nc/loose/agem_adaptive_ewc/2/default,agem_adaptive_ewc,core50_nc,2,reconfiguration,7,208246.324941592,208246.326366897,0.0014253050030674785,87256064,87256064,169869312,169869312,335544320,0,2294341632,0,2074115072,0,0,0,0.1,0,no_interval_samples,
effectiveness_v3_20260918T205037Z_c7fe7b8c,F/core50_nc/loose/agem_adaptive_ewc/2/default,agem_adaptive_ewc,core50_nc,2,resource_transition,8,208246.356660684,208246.357220934,0.0005602500168606639,87256064,87256064,169869312,169869312,335544320,0,2294341632,0,2074115072,0,0,0,0.1,0,no_interval_samples,
effectiveness_v3_20260918T205037Z_c7fe7b8c,F/core50_nc/loose/agem_adaptive_ewc/2/default,agem_adaptive_ewc,core50_nc,2,training,8,208246.389800489,208358.636163999,112.24636350999936,89463808,121857024,176160768,176160768,335544320,0,2293858304,0,2073631744,0,2295050240,0,0.1,701,,
effectiveness_v3_20260918T205037Z_c7fe7b8c,F/core50_nc/loose/agem_adaptive_ewc/2/default,agem_adaptive_ewc,core50_nc,2,evaluation,8,208358.704958621,208376.883243815,18.178285194007913,89463808,133424128,176160768,176160768,335544320,0,2299273216,0,2079046656,0,2299285504,0,0.1,103,,
effectiveness_v3_20260918T205037Z_c7fe7b8c,F/core50_nc/loose/agem_adaptive_ewc/2/default,agem_adaptive_ewc,core50_nc,2,controller,8,208376.91921275,208376.919302592,8.984198211692274e-05,89463808,89463808,176160768,176160768,335544320,0,2299273216,0,2079046656,0,0,0,0.1,0,no_interval_samples,
effectiveness_v3_20260918T210433Z_552578ab,G/core50_nc/tight/O11/0/thr_half,O11,core50_nc,0,setup,,208384.307118387,208385.857760769,1.5506423820042983,1395712,1395712,2097152,2097152,167772160,0,1576497152,0,1356278784,0,0,0,0.1,0,no_interval_samples,
effectiveness_v3_20260918T210433Z_552578ab,G/core50_nc/tight/O11/0/thr_half,O11,core50_nc,0,resource_transition,0,208385.887505741,208385.887957945,0.0004522039962466806,1395712,1395712,2097152,2097152,167772160,0,1576501248,0,1356278784,0,0,0,0.1,0,no_interval_samples,
effectiveness_v3_20260918T210433Z_552578ab,G/core50_nc/tight/O11/0/thr_half,O11,core50_nc,0,training,0,208385.914216694,208419.15570368,33.24148698602221,70712320,95452672,117440512,117440512,167772160,0,2071248896,0,1851026432,0,2066952192,0,0.1,204,,
effectiveness_v3_20260918T210433Z_552578ab,G/core50_nc/tight/O11/0/thr_half,O11,core50_nc,0,evaluation,0,208419.231016117,208422.999638338,3.768622220988618,70712320,114230272,159383552,159383552,167772160,0,2121211904,0,1900989440,0,2122661888,0,0.1,22,,
effectiveness_v3_20260918T210433Z_552578ab,G/core50_nc/tight/O11/0/thr_half,O11,core50_nc,0,controller,0,208423.034262598,208423.034391598,0.0001289999927394092,70712320,70712320,159383552,159383552,167772160,0,2121216000,0,1900993536,0,0,0,0.1,0,no_interval_samples,
effectiveness_v3_20260918T210433Z_552578ab,G/core50_nc/tight/O11/0/thr_half,O11,core50_nc,0,reconfiguration,0,208423.063099163,208423.063395904,0.0002967409964185208,70712320,70712320,159383552,159383552,167772160,0,2121216000,0,1900993536,0,0,0,0.1,0,no_interval_samples,
effectiveness_v3_20260918T210433Z_552578ab,G/core50_nc/tight/O11/0/thr_half,O11,core50_nc,0,resource_transition,1,208423.090597405,208423.09112096,0.0005235549760982394,70712320,70712320,159383552,159383552,167772160,0,2121216000,0,1900993536,0,0,0,0.1,0,no_interval_samples,
effectiveness_v3_20260918T210433Z_552578ab,G/core50_nc/tight/O11/0/thr_half,O11,core50_nc,0,training,1,208423.116720072,208460.443995672,37.3272755999933,72920064,121897984,161480704,161480704,167772160,0,2247794688,0,2027572224,0,2228670464,0,0.1,226,,
effectiveness_v3_20260918T210433Z_552578ab,G/core50_nc/tight/O11/0/thr_half,O11,core50_nc,0,evaluation,1,208460.517963405,208466.119882223,5.601918817992555,72920064,116438016,161480704,161480704,167772160,0,2257174528,0,2036952064,0,2261151744,0,0.1,32,,
effectiveness_v3_20260918T210433Z_552578ab,G/core50_nc/tight/O11/0/thr_half,O11,core50_nc,0,controller,1,208466.153465722,208466.153596963,0.00013124101678840816,72920064,72920064,161480704,161480704,167772160,0,2257174528,0,2036952064,0,0,0,0.1,0,no_interval_samples,
effectiveness_v3_20260918T210433Z_552578ab,G/core50_nc/tight/O11/0/thr_half,O11,core50_nc,0,reconfiguration,1,208466.18434212,208466.185006842,0.0006647219997830689,72920064,72920064,161480704,161480704,167772160,0,2257174528,0,2036952064,0,0,0,0.1,0,no_interval_samples,
effectiveness_v3_20260918T210433Z_552578ab,G/core50_nc/tight/O11/0/thr_half,O11,core50_nc,0,resource_transition,2,208466.215033666,208466.215597508,0.000563842011615634,72920064,72920064,161480704,161480704,167772160,0,2257174528,0,2036952064,0,0,0,0.1,0,no_interval_samples,
effectiveness_v3_20260918T210433Z_552578ab,G/core50_nc/tight/O11/0/thr_half,O11,core50_nc,0,training,2,208466.244803313,208466.37800482,0.13320150700747035,144932352,149420544,167772160,167772160,167772160,0,2276466688,0,2055838720,0,2273775616,0,0.1,1,,failed
effectiveness_v3_20260918T210602Z_fc717bb2,G/core50_nc/tight/O11/1/thr_half,O11,core50_nc,1,setup,,208473.570739944,208475.112474988,1.5417350440111477,1395712,1395712,2097152,2097152,167772160,0,1573466112,0,1353235456,0,1326956544,0,0.1,1,,
effectiveness_v3_20260918T210602Z_fc717bb2,G/core50_nc/tight/O11/1/thr_half,O11,core50_nc,1,resource_transition,0,208475.142586146,208475.143079081,0.0004929350106976926,1395712,1395712,2097152,2097152,167772160,0,1573466112,0,1353235456,0,0,0,0.1,0,no_interval_samples,
effectiveness_v3_20260918T210602Z_fc717bb2,G/core50_nc/tight/O11/1/thr_half,O11,core50_nc,1,training,0,208475.169156888,208507.503978013,32.33482112499769,70712320,95452672,117440512,117440512,167772160,0,2068254720,0,1848024064,0,2063921152,0,0.1,200,,
effectiveness_v3_20260918T210602Z_fc717bb2,G/core50_nc/tight/O11/1/thr_half,O11,core50_nc,1,evaluation,0,208507.600079284,208511.403399097,3.803319813014241,70712320,114230272,159383552,159383552,167772160,0,2118213632,0,1897982976,0,2119655424,0,0.1,22,,
effectiveness_v3_20260918T210602Z_fc717bb2,G/core50_nc/tight/O11/1/thr_half,O11,core50_nc,1,controller,0,208511.447038179,208511.447170744,0.0001325650082435459,70712320,70712320,159383552,159383552,167772160,0,2118213632,0,1897982976,0,0,0,0.1,0,no_interval_samples,
effectiveness_v3_20260918T210602Z_fc717bb2,G/core50_nc/tight/O11/1/thr_half,O11,core50_nc,1,reconfiguration,0,208511.474577077,208511.47488779,0.00031071301782503724,70712320,70712320,159383552,159383552,167772160,0,2118213632,0,1897982976,0,0,0,0.1,0,no_interval_samples,
effectiveness_v3_20260918T210602Z_fc717bb2,G/core50_nc/tight/O11/1/thr_half,O11,core50_nc,1,resource_transition,1,208511.501546346,208511.502085133,0.0005387869896367192,70712320,70712320,159383552,159383552,167772160,0,2118213632,0,1897982976,0,0,0,0.1,0,no_interval_samples,
effectiveness_v3_20260918T210602Z_fc717bb2,G/core50_nc/tight/O11/1/thr_half,O11,core50_nc,1,training,1,208511.530264985,208548.841787173,37.31152218801435,72920064,121897984,161480704,161480704,167772160,0,2244796416,0,2024565760,0,2225680384,0,0.1,227,,
effectiveness_v3_20260918T210602Z_fc717bb2,G/core50_nc/tight/O11/1/thr_half,O11,core50_nc,1,evaluation,1,208548.941976231,208554.764097572,5.822121341014281,72920064,116438016,161480704,161480704,167772160,0,2254180352,0,2033949696,0,2258157568,0,0.1,34,,
effectiveness_v3_20260918T210602Z_fc717bb2,G/core50_nc/tight/O11/1/thr_half,O11,core50_nc,1,controller,1,208554.796165192,208554.796290914,0.00012572199921123683,72920064,72920064,161480704,161480704,167772160,0,2254180352,0,2033949696,0,0,0,0.1,0,no_interval_samples,
effectiveness_v3_20260918T210602Z_fc717bb2,G/core50_nc/tight/O11/1/thr_half,O11,core50_nc,1,reconfiguration,1,208554.825312497,208554.825995534,0.0006830369820818305,72920064,72920064,161480704,161480704,167772160,0,2254180352,0,2033949696,0,0,0,0.1,0,no_interval_samples,
effectiveness_v3_20260918T210602Z_fc717bb2,G/core50_nc/tight/O11/1/thr_half,O11,core50_nc,1,resource_transition,2,208554.856801478,208554.857311255,0.0005097770190332085,72920064,72920064,161480704,161480704,167772160,0,2254180352,0,2033949696,0,0,0,0.1,0,no_interval_samples,
effectiveness_v3_20260918T210602Z_fc717bb2,G/core50_nc/tight/O11/1/thr_half,O11,core50_nc,1,training,2,208554.889107755,208555.016232828,0.12712507299147546,144932352,149420544,167772160,167772160,167772160,0,2271789056,0,2051152896,0,2254180352,0,0.1,1,,failed
effectiveness_v3_20260918T210731Z_d856d9be,G/core50_nc/tight/O11/2/thr_half,O11,core50_nc,2,setup,,208562.263318458,208563.798863684,1.535545226011891,1395712,1395712,2097152,2097152,167772160,0,1573269504,0,1353034752,0,1357918208,0,0.1,1,,
effectiveness_v3_20260918T210731Z_d856d9be,G/core50_nc/tight/O11/2/thr_half,O11,core50_nc,2,resource_transition,0,208563.827046553,208563.827466942,0.0004203889984637499,1395712,1395712,2097152,2097152,167772160,0,1573269504,0,1353034752,0,0,0,0.1,0,no_interval_samples,
effectiveness_v3_20260918T210731Z_d856d9be,G/core50_nc/tight/O11/2/thr_half,O11,core50_nc,2,training,0,208563.853144608,208597.194111127,33.34096651899745,70712320,95452672,117440512,117440512,167772160,0,2068144128,0,1847909376,0,2063872000,0,0.1,210,,
effectiveness_v3_20260918T210731Z_d856d9be,G/core50_nc/tight/O11/2/thr_half,O11,core50_nc,2,evaluation,0,208597.267355941,208601.077596184,3.810240243008593,70712320,114230272,159383552,159383552,167772160,0,2118107136,0,1897872384,0,2119548928,0,0.1,22,,
effectiveness_v3_20260918T210731Z_d856d9be,G/core50_nc/tight/O11/2/thr_half,O11,core50_nc,2,controller,0,208601.108169128,208601.108289748,0.00012061998131684959,70712320,70712320,159383552,159383552,167772160,0,2118107136,0,1897872384,0,0,0,0.1,0,no_interval_samples,
effectiveness_v3_20260918T210731Z_d856d9be,G/core50_nc/tight/O11/2/thr_half,O11,core50_nc,2,reconfiguration,0,208601.135818859,208601.136124905,0.00030604598578065634,70712320,70712320,159383552,159383552,167772160,0,2118107136,0,1897872384,0,0,0,0.1,0,no_interval_samples,
effectiveness_v3_20260918T210731Z_d856d9be,G/core50_nc/tight/O11/2/thr_half,O11,core50_nc,2,resource_transition,1,208601.163197099,208601.163747479,0.0005503800057340413,70712320,70712320,159383552,159383552,167772160,0,2118107136,0,1897872384,0,0,0,0.1,0,no_interval_samples,
effectiveness_v3_20260918T210731Z_d856d9be,G/core50_nc/tight/O11/2/thr_half,O11,core50_nc,2,training,1,208601.202365163,208637.219714633,36.01734947002842,72920064,121897984,161480704,161480704,167772160,0,2244710400,0,2024475648,0,2225561600,0,0.1,234,,
effectiveness_v3_20260918T210731Z_d856d9be,G/core50_nc/tight/O11/2/thr_half,O11,core50_nc,2,evaluation,1,208637.295514533,208642.887308505,5.591793972009327,72920064,116438016,161480704,161480704,167772160,0,2254086144,0,2033851392,0,2258063360,0,0.1,31,,
effectiveness_v3_20260918T210731Z_d856d9be,G/core50_nc/tight/O11/2/thr_half,O11,core50_nc,2,controller,1,208642.924118543,208642.924239163,0.00012062001042068005,72920064,72920064,161480704,161480704,167772160,0,2254086144,0,2033851392,0,0,0,0.1,0,no_interval_samples,
effectiveness_v3_20260918T210731Z_d856d9be,G/core50_nc/tight/O11/2/thr_half,O11,core50_nc,2,reconfiguration,1,208642.954837738,208642.955517303,0.0006795649824198335,72920064,72920064,161480704,161480704,167772160,0,2254086144,0,2033851392,0,0,0,0.1,0,no_interval_samples,
effectiveness_v3_20260918T210731Z_d856d9be,G/core50_nc/tight/O11/2/thr_half,O11,core50_nc,2,resource_transition,2,208642.985060507,208642.985618544,0.0005580369906965643,72920064,72920064,161480704,161480704,167772160,0,2254086144,0,2033851392,0,0,0,0.1,0,no_interval_samples,
effectiveness_v3_20260918T210731Z_d856d9be,G/core50_nc/tight/O11/2/thr_half,O11,core50_nc,2,training,2,208643.021599452,208643.162555157,0.14095570499193855,144932352,149420544,167772160,167772160,167772160,0,2273378304,0,2052738048,0,2270687232,0,0.1,1,,failed
effectiveness_v3_20260918T210859Z_0e7b29e8,G/core50_nc/tight/O11/0/thr_double,O11,core50_nc,0,setup,,208650.424730416,208651.972537225,1.547806808986934,1395712,1395712,2097152,2097152,167772160,0,1576460288,0,1356233728,0,0,0,0.1,0,no_interval_samples,
effectiveness_v3_20260918T210859Z_0e7b29e8,G/core50_nc/tight/O11/0/thr_double,O11,core50_nc,0,resource_transition,0,208652.005985365,208652.006448865,0.00046350000775419176,1395712,1395712,2097152,2097152,167772160,0,1576460288,0,1356233728,0,0,0,0.1,0,no_interval_samples,
effectiveness_v3_20260918T210859Z_0e7b29e8,G/core50_nc/tight/O11/0/thr_double,O11,core50_nc,0,training,0,208652.034629995,208684.376158338,32.34152834300767,70712320,95452672,117440512,117440512,167772160,0,2072084480,0,1851857920,0,2067812352,0,0.1,196,,
effectiveness_v3_20260918T210859Z_0e7b29e8,G/core50_nc/tight/O11/0/thr_double,O11,core50_nc,0,evaluation,0,208684.443774837,208688.182858582,3.7390837449929677,70712320,114230272,159383552,159383552,167772160,0,2122047488,0,1901820928,0,2123485184,0,0.1,22,,
effectiveness_v3_20260918T210859Z_0e7b29e8,G/core50_nc/tight/O11/0/thr_double,O11,core50_nc,0,controller,0,208688.220456683,208688.220585423,0.0001287400082219392,70712320,70712320,159383552,159383552,167772160,0,2122047488,0,1901820928,0,0,0,0.1,0,no_interval_samples,
effectiveness_v3_20260918T210859Z_0e7b29e8,G/core50_nc/tight/O11/0/thr_double,O11,core50_nc,0,reconfiguration,0,208688.251691145,208688.252060293,0.00036914797965437174,70712320,70712320,159383552,159383552,167772160,0,2122047488,0,1901820928,0,0,0,0.1,0,no_interval_samples,
effectiveness_v3_20260918T210859Z_0e7b29e8,G/core50_nc/tight/O11/0/thr_double,O11,core50_nc,0,resource_transition,1,208688.291332117,208688.291940987,0.0006088700029067695,70712320,70712320,159383552,159383552,167772160,0,2122047488,0,1901820928,0,0,0,0.1,0,no_interval_samples,
effectiveness_v3_20260918T210859Z_0e7b29e8,G/core50_nc/tight/O11/0/thr_double,O11,core50_nc,0,training,1,208688.326461422,208723.699119921,35.37265849899268,72920064,121897984,161480704,161480704,167772160,0,2248675328,0,2028448768,0,2229600256,0,0.1,213,,
effectiveness_v3_20260918T210859Z_0e7b29e8,G/core50_nc/tight/O11/0/thr_double,O11,core50_nc,0,evaluation,1,208723.770013662,208729.218817886,5.448804223997286,72920064,116438016,161480704,161480704,167772160,0,2258112512,0,2037885952,0,2263212032,0,0.1,31,,
effectiveness_v3_20260918T210859Z_0e7b29e8,G/core50_nc/tight/O11/0/thr_double,O11,core50_nc,0,controller,1,208729.252318571,208729.252438562,0.00011999098933301866,72920064,72920064,161480704,161480704,167772160,0,2258112512,0,2037885952,0,0,0,0.1,0,no_interval_samples,
effectiveness_v3_20260918T210859Z_0e7b29e8,G/core50_nc/tight/O11/0/thr_double,O11,core50_nc,0,reconfiguration,1,208729.281338793,208729.282054857,0.0007160640088841319,72920064,72920064,161480704,161480704,167772160,0,2258112512,0,2037885952,0,0,0,0.1,0,no_interval_samples,
effectiveness_v3_20260918T210859Z_0e7b29e8,G/core50_nc/tight/O11/0/thr_double,O11,core50_nc,0,resource_transition,2,208729.311180986,208729.31172007,0.0005390839942265302,72920064,72920064,161480704,161480704,167772160,0,2258112512,0,2037885952,0,0,0,0.1,0,no_interval_samples,
effectiveness_v3_20260918T210859Z_0e7b29e8,G/core50_nc/tight/O11/0/thr_double,O11,core50_nc,0,training,2,208729.34258468,208729.510004137,0.1674194569932297,144932352,149420544,167772160,167772160,167772160,0,2275725312,0,2055093248,0,2258112512,0,0.1,1,,failed
effectiveness_v3_20260918T211026Z_3c3348ef,G/core50_nc/tight/O11/1/thr_double,O11,core50_nc,1,setup,,208736.760735338,208738.318562163,1.5578268250101246,1395712,1395712,2097152,2097152,167772160,0,1573453824,0,1353219072,0,0,0,0.1,0,no_interval_samples,
effectiveness_v3_20260918T211026Z_3c3348ef,G/core50_nc/tight/O11/1/thr_double,O11,core50_nc,1,resource_transition,0,208738.344982913,208738.345449524,0.0004666110035032034,1395712,1395712,2097152,2097152,167772160,0,1573453824,0,1353219072,0,0,0,0.1,0,no_interval_samples,
effectiveness_v3_20260918T211026Z_3c3348ef,G/core50_nc/tight/O11/1/thr_double,O11,core50_nc,1,training,0,208738.372901542,208770.674614842,32.301713299995754,70712320,95452672,117440512,117440512,167772160,0,2068058112,0,1847823360,0,2063777792,0,0.1,196,,
effectiveness_v3_20260918T211026Z_3c3348ef,G/core50_nc/tight/O11/1/thr_double,O11,core50_nc,1,evaluation,0,208770.761542868,208774.383658208,3.62211534002563,70712320,114230272,159383552,159383552,167772160,0,2118000640,0,1897765888,0,2118012928,0,0.1,22,,
effectiveness_v3_20260918T211026Z_3c3348ef,G/core50_nc/tight/O11/1/thr_double,O11,core50_nc,1,controller,0,208774.416973533,208774.417098949,0.00012541600153781474,70712320,70712320,159383552,159383552,167772160,0,2118000640,0,1897765888,0,0,0,0.1,0,no_interval_samples,
effectiveness_v3_20260918T211026Z_3c3348ef,G/core50_nc/tight/O11/1/thr_double,O11,core50_nc,1,reconfiguration,0,208774.446402163,208774.446706616,0.000304452987620607,70712320,70712320,159383552,159383552,167772160,0,2118000640,0,1897765888,0,0,0,0.1,0,no_interval_samples,
effectiveness_v3_20260918T211026Z_3c3348ef,G/core50_nc/tight/O11/1/thr_double,O11,core50_nc,1,resource_transition,1,208774.475386006,208774.475974247,0.0005882410041522235,70712320,70712320,159383552,159383552,167772160,0,2118000640,0,1897765888,0,0,0,0.1,0,no_interval_samples,
effectiveness_v3_20260918T211026Z_3c3348ef,G/core50_nc/tight/O11/1/thr_double,O11,core50_nc,1,training,1,208774.522509979,208811.046661479,36.52415149999433,72920064,121897984,161480704,161480704,167772160,0,2244612096,0,2024377344,0,2225496064,0,0.1,229,,
effectiveness_v3_20260918T211026Z_3c3348ef,G/core50_nc/tight/O11/1/thr_double,O11,core50_nc,1,evaluation,1,208811.135495859,208816.955642607,5.820146748010302,72920064,116438016,161480704,161480704,167772160,0,2253996032,0,2033761280,0,2257973248,0,0.1,33,,
effectiveness_v3_20260918T211026Z_3c3348ef,G/core50_nc/tight/O11/1/thr_double,O11,core50_nc,1,controller,1,208816.989022143,208816.989146699,0.00012455598334781826,72920064,72920064,161480704,161480704,167772160,0,2253996032,0,2033761280,0,0,0,0.1,0,no_interval_samples,
effectiveness_v3_20260918T211026Z_3c3348ef,G/core50_nc/tight/O11/1/thr_double,O11,core50_nc,1,reconfiguration,1,208817.019920292,208817.020604153,0.000683860998833552,72920064,72920064,161480704,161480704,167772160,0,2253996032,0,2033761280,0,0,0,0.1,0,no_interval_samples,
effectiveness_v3_20260918T211026Z_3c3348ef,G/core50_nc/tight/O11/1/thr_double,O11,core50_nc,1,resource_transition,2,208817.05229033,208817.052751802,0.00046147199464030564,72920064,72920064,161480704,161480704,167772160,0,2253996032,0,2033761280,0,0,0,0.1,0,no_interval_samples,
effectiveness_v3_20260918T211026Z_3c3348ef,G/core50_nc/tight/O11/1/thr_double,O11,core50_nc,1,training,2,208817.102065424,208817.225534723,0.12346929899649695,144932352,149420544,167772160,167772160,167772160,0,2273288192,0,2052647936,0,0,0,0.1,0,no_interval_samples,failed
effectiveness_v3_20260918T211153Z_27de471a,G/core50_nc/tight/O11/2/thr_double,O11,core50_nc,2,setup,,208824.375279142,208825.922996524,1.5477173819963355,1395712,1395712,2097152,2097152,167772160,0,1577349120,0,1357126656,0,1359892480,0,0.1,1,,
effectiveness_v3_20260918T211153Z_27de471a,G/core50_nc/tight/O11/2/thr_double,O11,core50_nc,2,resource_transition,0,208825.954279792,208825.95471594,0.00043614799506030977,1395712,1395712,2097152,2097152,167772160,0,1577361408,0,1357126656,0,0,0,0.1,0,no_interval_samples,
effectiveness_v3_20260918T211153Z_27de471a,G/core50_nc/tight/O11/2/thr_double,O11,core50_nc,2,training,0,208825.980285828,208855.410779773,29.43049394499394,70712320,95452672,117440512,117440512,167772160,0,2072109056,0,1851874304,0,2067820544,0,0.1,178,,
effectiveness_v3_20260918T211153Z_27de471a,G/core50_nc/tight/O11/2/thr_double,O11,core50_nc,2,evaluation,0,208855.487037817,208859.41323092,3.9261931030196138,70712320,114230272,159383552,159383552,167772160,0,2117832704,0,1897597952,0,2123501568,0,0.1,23,,
effectiveness_v3_20260918T211153Z_27de471a,G/core50_nc/tight/O11/2/thr_double,O11,core50_nc,2,controller,0,208859.445450438,208859.445585151,0.00013471298734657466,70712320,70712320,159383552,159383552,167772160,0,2117832704,0,1897597952,0,0,0,0.1,0,no_interval_samples,
effectiveness_v3_20260918T211153Z_27de471a,G/core50_nc/tight/O11/2/thr_double,O11,core50_nc,2,reconfiguration,0,208859.473654632,208859.473961679,0.0003070470120292157,70712320,70712320,159383552,159383552,167772160,0,2117832704,0,1897597952,0,0,0,0.1,0,no_interval_samples,
effectiveness_v3_20260918T211153Z_27de471a,G/core50_nc/tight/O11/2/thr_double,O11,core50_nc,2,resource_transition,1,208859.500914966,208859.501461707,0.0005467410082928836,70712320,70712320,159383552,159383552,167772160,0,2117832704,0,1897597952,0,0,0,0.1,0,no_interval_samples,
effectiveness_v3_20260918T211153Z_27de471a,G/core50_nc/tight/O11/2/thr_double,O11,core50_nc,2,training,1,208859.529888874,208896.196928112,36.66703923800378,72920064,121897984,161480704,161480704,167772160,0,2248671232,0,2028436480,0,2229530624,0,0.1,222,,
effectiveness_v3_20260918T211153Z_27de471a,G/core50_nc/tight/O11/2/thr_double,O11,core50_nc,2,evaluation,1,208896.2697629,208901.730712058,5.460949158004951,72920064,116438016,161480704,161480704,167772160,0,2258051072,0,2037816320,0,2262028288,0,0.1,31,,
effectiveness_v3_20260918T211153Z_27de471a,G/core50_nc/tight/O11/2/thr_double,O11,core50_nc,2,controller,1,208901.764238929,208901.764362197,0.0001232679933309555,72920064,72920064,161480704,161480704,167772160,0,2258051072,0,2037816320,0,0,0,0.1,0,no_interval_samples,
effectiveness_v3_20260918T211153Z_27de471a,G/core50_nc/tight/O11/2/thr_double,O11,core50_nc,2,reconfiguration,1,208901.792616948,208901.793408161,0.000791213009506464,72920064,72920064,161480704,161480704,167772160,0,2258051072,0,2037816320,0,0,0,0.1,0,no_interval_samples,
effectiveness_v3_20260918T211153Z_27de471a,G/core50_nc/tight/O11/2/thr_double,O11,core50_nc,2,resource_transition,2,208901.822378143,208901.822943467,0.0005653240077663213,72920064,72920064,161480704,161480704,167772160,0,2258051072,0,2037816320,0,0,0,0.1,0,no_interval_samples,
effectiveness_v3_20260918T211153Z_27de471a,G/core50_nc/tight/O11/2/thr_double,O11,core50_nc,2,training,2,208901.854515051,208902.017560555,0.16304550398490392,144932352,149420544,167772160,167772160,167772160,0,2275659776,0,2055019520,0,2258051072,0,0.1,1,,failed
effectiveness_v3_20260918T211318Z_814274ae,G/core50_nc/tight/O11/0/alpha_double,O11,core50_nc,0,setup,,208909.22797434,208910.769248856,1.5412745159992483,1395712,1395712,2097152,2097152,167772160,0,1574465536,0,1354234880,0,0,0,0.1,0,no_interval_samples,
effectiveness_v3_20260918T211318Z_814274ae,G/core50_nc/tight/O11/0/alpha_double,O11,core50_nc,0,resource_transition,0,208910.798835134,208910.799335671,0.0005005370185244828,1395712,1395712,2097152,2097152,167772160,0,1574469632,0,1354234880,0,0,0,0.1,0,no_interval_samples,
effectiveness_v3_20260918T211318Z_814274ae,G/core50_nc/tight/O11/0/alpha_double,O11,core50_nc,0,training,0,208910.826583133,208943.941067804,33.11448467100854,70712320,95452672,117440512,117440512,167772160,0,2069176320,0,1848941568,0,2064900096,0,0.1,213,,
effectiveness_v3_20260918T211318Z_814274ae,G/core50_nc/tight/O11/0/alpha_double,O11,core50_nc,0,evaluation,0,208944.024077515,208947.586996522,3.5629190070030745,70712320,114230272,159383552,159383552,167772160,0,2119163904,0,1898929152,0,2120609792,0,0.1,24,,
effectiveness_v3_20260918T211318Z_814274ae,G/core50_nc/tight/O11/0/alpha_double,O11,core50_nc,0,controller,0,208947.619515244,208947.619640874,0.0001256300020031631,70712320,70712320,159383552,159383552,167772160,0,2119163904,0,1898929152,0,0,0,0.1,0,no_interval_samples,
effectiveness_v3_20260918T211318Z_814274ae,G/core50_nc/tight/O11/0/alpha_double,O11,core50_nc,0,reconfiguration,0,208947.648684772,208947.649000985,0.00031621300149708986,70712320,70712320,159383552,159383552,167772160,0,2119163904,0,1898929152,0,0,0,0.1,0,no_interval_samples,
effectiveness_v3_20260918T211318Z_814274ae,G/core50_nc/tight/O11/0/alpha_double,O11,core50_nc,0,resource_transition,1,208947.678252773,208947.67879981,0.0005470369942486286,70712320,70712320,159383552,159383552,167772160,0,2119163904,0,1898929152,0,2119163904,0,0.1,1,,
effectiveness_v3_20260918T211318Z_814274ae,G/core50_nc/tight/O11/0/alpha_double,O11,core50_nc,0,training,1,208947.72239657,208983.114138449,35.391741878993344,72920064,121897984,161480704,161480704,167772160,0,2245775360,0,2025540608,0,2226647040,0,0.1,219,,
effectiveness_v3_20260918T211318Z_814274ae,G/core50_nc/tight/O11/0/alpha_double,O11,core50_nc,0,evaluation,1,208983.18911555,208988.651643266,5.462527716008481,72920064,116438016,161480704,161480704,167772160,0,2255151104,0,2034916352,0,2259128320,0,0.1,31,,
effectiveness_v3_20260918T211318Z_814274ae,G/core50_nc/tight/O11/0/alpha_double,O11,core50_nc,0,controller,1,208988.685397071,208988.685517932,0.0001208609901368618,72920064,72920064,161480704,161480704,167772160,0,2255151104,0,2034916352,0,0,0,0.1,0,no_interval_samples,
effectiveness_v3_20260918T211318Z_814274ae,G/core50_nc/tight/O11/0/alpha_double,O11,core50_nc,0,reconfiguration,1,208988.715813987,208988.716551867,0.0007378800073638558,72920064,72920064,161480704,161480704,167772160,0,2255151104,0,2034916352,0,0,0,0.1,0,no_interval_samples,
effectiveness_v3_20260918T211318Z_814274ae,G/core50_nc/tight/O11/0/alpha_double,O11,core50_nc,0,resource_transition,2,208988.747938607,208988.748623653,0.0006850459903944284,72920064,72920064,161480704,161480704,167772160,0,2255151104,0,2034916352,0,0,0,0.1,0,no_interval_samples,
effectiveness_v3_20260918T211318Z_814274ae,G/core50_nc/tight/O11/0/alpha_double,O11,core50_nc,0,training,2,208988.781375208,208988.932957737,0.15158252901164815,144956928,149445120,167772160,167772160,167772160,0,2272788480,0,2052148224,0,2255159296,0,0.1,1,,failed
effectiveness_v3_20260918T211445Z_7b05951c,G/core50_nc/tight/O11/1/alpha_double,O11,core50_nc,1,setup,,208996.13882631,208997.671780443,1.5329541329992935,1395712,1395712,2097152,2097152,167772160,0,1575526400,0,1355291648,0,1307234304,0,0.1,1,,
effectiveness_v3_20260918T211445Z_7b05951c,G/core50_nc/tight/O11/1/alpha_double,O11,core50_nc,1,resource_transition,0,208997.700494544,208997.700936979,0.0004424350045155734,1395712,1395712,2097152,2097152,167772160,0,1575526400,0,1355291648,0,0,0,0.1,0,no_interval_samples,
effectiveness_v3_20260918T211445Z_7b05951c,G/core50_nc/tight/O11/1/alpha_double,O11,core50_nc,1,training,0,208997.727431627,209031.22735955,33.499927922995994,70712320,95452672,117440512,117440512,167772160,0,2070175744,0,1849940992,0,2065772544,0,0.1,203,,
effectiveness_v3_20260918T211445Z_7b05951c,G/core50_nc/tight/O11/1/alpha_double,O11,core50_nc,1,evaluation,0,209031.299167894,209035.034053831,3.7348859370104037,70712320,114230272,159383552,159383552,167772160,0,2120085504,0,1899850752,0,2120105984,0,0.1,21,,
effectiveness_v3_20260918T211445Z_7b05951c,G/core50_nc/tight/O11/1/alpha_double,O11,core50_nc,1,controller,0,209035.085302904,209035.085436006,0.00013310200301930308,70712320,70712320,159383552,159383552,167772160,0,2120085504,0,1899850752,0,0,0,0.1,0,no_interval_samples,
effectiveness_v3_20260918T211445Z_7b05951c,G/core50_nc/tight/O11/1/alpha_double,O11,core50_nc,1,reconfiguration,0,209035.111449496,209035.111767301,0.0003178049810230732,70712320,70712320,159383552,159383552,167772160,0,2120085504,0,1899850752,0,0,0,0.1,0,no_interval_samples,
effectiveness_v3_20260918T211445Z_7b05951c,G/core50_nc/tight/O11/1/alpha_double,O11,core50_nc,1,resource_transition,1,209035.137249079,209035.137839551,0.0005904719873797148,70712320,70712320,159383552,159383552,167772160,0,2120085504,0,1899850752,0,0,0,0.1,0,no_interval_samples,
effectiveness_v3_20260918T211445Z_7b05951c,G/core50_nc/tight/O11/1/alpha_double,O11,core50_nc,1,training,1,209035.16859906,209072.603754396,37.435155335988384,72920064,121897984,161480704,161480704,167772160,0,2246672384,0,2026437632,0,2227535872,0,0.1,226,,
effectiveness_v3_20260918T211445Z_7b05951c,G/core50_nc/tight/O11/1/alpha_double,O11,core50_nc,1,evaluation,1,209072.691649268,209078.343390329,5.651741061010398,72920064,116438016,161480704,161480704,167772160,0,2256052224,0,2035817472,0,2260029440,0,0.1,35,,
effectiveness_v3_20260918T211445Z_7b05951c,G/core50_nc/tight/O11/1/alpha_double,O11,core50_nc,1,controller,1,209078.375471589,209078.37559896,0.0001273709931410849,72920064,72920064,161480704,161480704,167772160,0,2256052224,0,2035817472,0,0,0,0.1,0,no_interval_samples,
effectiveness_v3_20260918T211445Z_7b05951c,G/core50_nc/tight/O11/1/alpha_double,O11,core50_nc,1,reconfiguration,1,209078.405022192,209078.405722627,0.0007004350190982223,72920064,72920064,161480704,161480704,167772160,0,2256052224,0,2035817472,0,0,0,0.1,0,no_interval_samples,
effectiveness_v3_20260918T211445Z_7b05951c,G/core50_nc/tight/O11/1/alpha_double,O11,core50_nc,1,resource_transition,2,209078.434607424,209078.435222146,0.0006147220265120268,72920064,72920064,161480704,161480704,167772160,0,2256052224,0,2035817472,0,0,0,0.1,0,no_interval_samples,
effectiveness_v3_20260918T211445Z_7b05951c,G/core50_nc/tight/O11/1/alpha_double,O11,core50_nc,1,training,2,209078.478079675,209078.6084387,0.13035902500269003,144956928,149445120,167772160,167772160,167772160,0,2273681408,0,2053041152,0,2256134144,0,0.1,1,,failed
effectiveness_v3_20260918T211615Z_0b43da14,G/core50_nc/tight/O11/2/alpha_double,O11,core50_nc,2,setup,,209085.803047333,209087.37687109,1.5738237570039928,1395712,1395712,2097152,2097152,167772160,0,1574465536,0,1354230784,0,0,0,0.1,0,no_interval_samples,
effectiveness_v3_20260918T211615Z_0b43da14,G/core50_nc/tight/O11/2/alpha_double,O11,core50_nc,2,resource_transition,0,209087.404597619,209087.405055285,0.0004576659994199872,1395712,1395712,2097152,2097152,167772160,0,1574465536,0,1354230784,0,0,0,0.1,0,no_interval_samples,
effectiveness_v3_20260918T211615Z_0b43da14,G/core50_nc/tight/O11/2/alpha_double,O11,core50_nc,2,training,0,209087.431003786,209121.113195875,33.6821920889779,70712320,95452672,117440512,117440512,167772160,0,2069204992,0,1848970240,0,2064916480,0,0.1,204,,
effectiveness_v3_20260918T211615Z_0b43da14,G/core50_nc/tight/O11/2/alpha_double,O11,core50_nc,2,evaluation,0,209121.182548024,209124.786417389,3.603869365004357,70712320,114230272,159383552,159383552,167772160,0,2119127040,0,1898892288,0,2120568832,0,0.1,20,,
effectiveness_v3_20260918T211615Z_0b43da14,G/core50_nc/tight/O11/2/alpha_double,O11,core50_nc,2,controller,0,209124.818770823,209124.818898277,0.00012745399726554751,70712320,70712320,159383552,159383552,167772160,0,2119127040,0,1898892288,0,0,0,0.1,0,no_interval_samples,
effectiveness_v3_20260918T211615Z_0b43da14,G/core50_nc/tight/O11/2/alpha_double,O11,core50_nc,2,reconfiguration,0,209124.848354379,209124.848658916,0.00030453698127530515,70712320,70712320,159383552,159383552,167772160,0,2119127040,0,1898892288,0,0,0,0.1,0,no_interval_samples,
effectiveness_v3_20260918T211615Z_0b43da14,G/core50_nc/tight/O11/2/alpha_double,O11,core50_nc,2,resource_transition,1,209124.890081433,209124.89063072,0.0005492870113812387,70712320,70712320,159383552,159383552,167772160,0,2119127040,0,1898892288,0,0,0,0.1,0,no_interval_samples,
effectiveness_v3_20260918T211615Z_0b43da14,G/core50_nc/tight/O11/2/alpha_double,O11,core50_nc,2,training,1,209124.919322118,209162.077555064,37.15823294600705,72920064,121897984,161480704,161480704,167772160,0,2245668864,0,2025434112,0,2225557504,0,0.1,224,,
effectiveness_v3_20260918T211615Z_0b43da14,G/core50_nc/tight/O11/2/alpha_double,O11,core50_nc,2,evaluation,1,209162.185664785,209167.638400248,5.452735462982673,72920064,116438016,161480704,161480704,167772160,0,2255097856,0,2034863104,0,2259075072,0,0.1,31,,
effectiveness_v3_20260918T211615Z_0b43da14,G/core50_nc/tight/O11/2/alpha_double,O11,core50_nc,2,controller,1,209167.696430481,209167.696552083,0.0001216020027641207,72920064,72920064,161480704,161480704,167772160,0,2255097856,0,2034863104,0,0,0,0.1,0,no_interval_samples,
effectiveness_v3_20260918T211615Z_0b43da14,G/core50_nc/tight/O11/2/alpha_double,O11,core50_nc,2,reconfiguration,1,209167.727112723,209167.727839204,0.0007264809974003583,72920064,72920064,161480704,161480704,167772160,0,2255097856,0,2034863104,0,0,0,0.1,0,no_interval_samples,
effectiveness_v3_20260918T211615Z_0b43da14,G/core50_nc/tight/O11/2/alpha_double,O11,core50_nc,2,resource_transition,2,209167.757212315,209167.757791759,0.0005794440221507102,72920064,72920064,161480704,161480704,167772160,0,2255097856,0,2034863104,0,0,0,0.1,0,no_interval_samples,
effectiveness_v3_20260918T211615Z_0b43da14,G/core50_nc/tight/O11/2/alpha_double,O11,core50_nc,2,training,2,209167.788904648,209167.895930479,0.10702583097736351,144956928,149445120,167772160,167772160,167772160,0,2274418688,0,2053778432,0,2255097856,0,0.1,1,,failed
effectiveness_v3_20260918T211744Z_a3a01ee6,G/core50_nc/tight/O11/0/beta_double,O11,core50_nc,0,setup,,209175.131388157,209176.676233856,1.5448456990125123,1395712,1395712,2097152,2097152,167772160,0,1572356096,0,1352121344,0,0,0,0.1,0,no_interval_samples,
effectiveness_v3_20260918T211744Z_a3a01ee6,G/core50_nc/tight/O11/0/beta_double,O11,core50_nc,0,resource_transition,0,209176.705422774,209176.705888524,0.00046575002488680184,1395712,1395712,2097152,2097152,167772160,0,1572356096,0,1352121344,0,0,0,0.1,0,no_interval_samples,
effectiveness_v3_20260918T211744Z_a3a01ee6,G/core50_nc/tight/O11/0/beta_double,O11,core50_nc,0,training,0,209176.733473608,209207.256539192,30.523065583984135,70712320,95452672,117440512,117440512,167772160,0,2067087360,0,1846852608,0,2062802944,0,0.1,184,,
effectiveness_v3_20260918T211744Z_a3a01ee6,G/core50_nc/tight/O11/0/beta_double,O11,core50_nc,0,evaluation,0,209207.324074638,209211.0042012,3.680126562016085,70712320,114230272,159383552,159383552,167772160,0,2117140480,0,1896905728,0,2118578176,0,0.1,21,,
effectiveness_v3_20260918T211744Z_a3a01ee6,G/core50_nc/tight/O11/0/beta_double,O11,core50_nc,0,controller,0,209211.040046182,209211.040174321,0.00012813901412300766,70712320,70712320,159383552,159383552,167772160,0,2117140480,0,1896905728,0,0,0,0.1,0,no_interval_samples,
effectiveness_v3_20260918T211744Z_a3a01ee6,G/core50_nc/tight/O11/0/beta_double,O11,core50_nc,0,reconfiguration,0,209211.068058747,209211.068438136,0.0003793889773078263,70712320,70712320,159383552,159383552,167772160,0,2117140480,0,1896905728,0,0,0,0.1,0,no_interval_samples,
effectiveness_v3_20260918T211744Z_a3a01ee6,G/core50_nc/tight/O11/0/beta_double,O11,core50_nc,0,resource_transition,1,209211.096275405,209211.096809294,0.0005338889895938337,70712320,70712320,159383552,159383552,167772160,0,2117140480,0,1896905728,0,0,0,0.1,0,no_interval_samples,
effectiveness_v3_20260918T211744Z_a3a01ee6,G/core50_nc/tight/O11/0/beta_double,O11,core50_nc,0,training,1,209211.12552248,209249.401958227,38.27643574701506,72920064,121897984,161480704,161480704,167772160,0,2243739648,0,2023504896,0,2224607232,0,0.1,230,,
effectiveness_v3_20260918T211744Z_a3a01ee6,G/core50_nc/tight/O11/0/beta_double,O11,core50_nc,0,evaluation,1,209249.473751355,209255.124042568,5.650291213009041,72920064,116438016,161480704,161480704,167772160,0,2253123584,0,2032888832,0,2258214912,0,0.1,32,,
effectiveness_v3_20260918T211744Z_a3a01ee6,G/core50_nc/tight/O11/0/beta_double,O11,core50_nc,0,controller,1,209255.159108699,209255.15923768,0.00012898098793812096,72920064,72920064,161480704,161480704,167772160,0,2253123584,0,2032888832,0,0,0,0.1,0,no_interval_samples,
effectiveness_v3_20260918T211744Z_a3a01ee6,G/core50_nc/tight/O11/0/beta_double,O11,core50_nc,0,reconfiguration,1,209255.202501116,209255.203248015,0.000746898993384093,72920064,72920064,161480704,161480704,167772160,0,2253123584,0,2032888832,0,0,0,0.1,0,no_interval_samples,
effectiveness_v3_20260918T211744Z_a3a01ee6,G/core50_nc/tight/O11/0/beta_double,O11,core50_nc,0,resource_transition,2,209255.231349228,209255.231906895,0.0005576669936999679,72920064,72920064,161480704,161480704,167772160,0,2253123584,0,2032888832,0,0,0,0.1,0,no_interval_samples,
effectiveness_v3_20260918T211744Z_a3a01ee6,G/core50_nc/tight/O11/0/beta_double,O11,core50_nc,0,training,2,209255.264897498,209255.433761733,0.16886423499090597,144932352,149420544,167772160,167772160,167772160,0,2270732288,0,2050092032,0,2253127680,0,0.1,1,,failed
effectiveness_v3_20260918T211912Z_c7d51640,G/core50_nc/tight/O11/1/beta_double,O11,core50_nc,1,setup,,209262.631582006,209264.173495034,1.5419130279915407,1395712,1395712,2097152,2097152,167772160,0,1574596608,0,1354361856,0,0,0,0.1,0,no_interval_samples,
effectiveness_v3_20260918T211912Z_c7d51640,G/core50_nc/tight/O11/1/beta_double,O11,core50_nc,1,resource_transition,0,209264.199176405,209264.199629867,0.00045346200931817293,1395712,1395712,2097152,2097152,167772160,0,1574596608,0,1354361856,0,0,0,0.1,0,no_interval_samples,
effectiveness_v3_20260918T211912Z_c7d51640,G/core50_nc/tight/O11/1/beta_double,O11,core50_nc,1,training,0,209264.223402155,209296.926816741,32.703414585994324,70712320,95452672,117440512,117440512,167772160,0,2069307392,0,1849072640,0,2065031168,0,0.1,199,,
effectiveness_v3_20260918T211912Z_c7d51640,G/core50_nc/tight/O11/1/beta_double,O11,core50_nc,1,evaluation,0,209296.998346711,209300.577028533,3.5786818219930865,70712320,114230272,159383552,159383552,167772160,0,2119282688,0,1899047936,0,2120724480,0,0.1,20,,
effectiveness_v3_20260918T211912Z_c7d51640,G/core50_nc/tight/O11/1/beta_double,O11,core50_nc,1,controller,0,209300.610059707,209300.610175725,0.00011601802543736994,70712320,70712320,159383552,159383552,167772160,0,2119282688,0,1899047936,0,0,0,0.1,0,no_interval_samples,
effectiveness_v3_20260918T211912Z_c7d51640,G/core50_nc/tight/O11/1/beta_double,O11,core50_nc,1,reconfiguration,0,209300.656180315,209300.65651325,0.00033293498563580215,70712320,70712320,159383552,159383552,167772160,0,2119282688,0,1899047936,0,0,0,0.1,0,no_interval_samples,
effectiveness_v3_20260918T211912Z_c7d51640,G/core50_nc/tight/O11/1/beta_double,O11,core50_nc,1,resource_transition,1,209300.684035063,209300.684583174,0.0005481110129039735,70712320,70712320,159383552,159383552,167772160,0,2119282688,0,1899047936,0,0,0,0.1,0,no_interval_samples,
effectiveness_v3_20260918T211912Z_c7d51640,G/core50_nc/tight/O11/1/beta_double,O11,core50_nc,1,training,1,209300.71435196,209335.217425043,34.50307308300398,72920064,121897984,161480704,161480704,167772160,0,2245918720,0,2025683968,0,2226786304,0,0.1,209,,
effectiveness_v3_20260918T211912Z_c7d51640,G/core50_nc/tight/O11/1/beta_double,O11,core50_nc,1,evaluation,1,209335.289187202,209340.753262171,5.464074969000649,72920064,116438016,161480704,161480704,167772160,0,2255298560,0,2035063808,0,2259275776,0,0.1,31,,
effectiveness_v3_20260918T211912Z_c7d51640,G/core50_nc/tight/O11/1/beta_double,O11,core50_nc,1,controller,1,209340.787844533,209340.787958857,0.00011432397877797484,72920064,72920064,161480704,161480704,167772160,0,2255298560,0,2035063808,0,0,0,0.1,0,no_interval_samples,
effectiveness_v3_20260918T211912Z_c7d51640,G/core50_nc/tight/O11/1/beta_double,O11,core50_nc,1,reconfiguration,1,209340.818700608,209340.819454163,0.0007535549812018871,72920064,72920064,161480704,161480704,167772160,0,2255298560,0,2035063808,0,0,0,0.1,0,no_interval_samples,
effectiveness_v3_20260918T211912Z_c7d51640,G/core50_nc/tight/O11/1/beta_double,O11,core50_nc,1,resource_transition,2,209340.868743859,209340.869305081,0.0005612219974864274,72920064,72920064,161480704,161480704,167772160,0,2255298560,0,2035063808,0,0,0,0.1,0,no_interval_samples,
effectiveness_v3_20260918T211912Z_c7d51640,G/core50_nc/tight/O11/1/beta_double,O11,core50_nc,1,training,2,209340.902619897,209341.073061841,0.1704419439774938,144932352,149420544,167772160,167772160,167772160,0,2272911360,0,2052271104,0,2255302656,0,0.1,1,,failed
effectiveness_v3_20260918T212037Z_f3306b0e,G/core50_nc/tight/O11/2/beta_double,O11,core50_nc,2,setup,,209348.311173443,209349.858282674,1.5471092309744563,1395712,1395712,2097152,2097152,167772160,0,1572286464,0,1352071168,0,0,0,0.1,0,no_interval_samples,
effectiveness_v3_20260918T212037Z_f3306b0e,G/core50_nc/tight/O11/2/beta_double,O11,core50_nc,2,resource_transition,0,209349.888087888,209349.888544999,0.00045711101847700775,1395712,1395712,2097152,2097152,167772160,0,1572290560,0,1352071168,0,0,0,0.1,0,no_interval_samples,
effectiveness_v3_20260918T212037Z_f3306b0e,G/core50_nc/tight/O11/2/beta_double,O11,core50_nc,2,training,0,209349.915225111,209381.869928811,31.95470370000112,70712320,95452672,117440512,117440512,167772160,0,2067075072,0,1846855680,0,2062790656,0,0.1,193,,
effectiveness_v3_20260918T212037Z_f3306b0e,G/core50_nc/tight/O11/2/beta_double,O11,core50_nc,2,evaluation,0,209381.942732958,209385.766971285,3.824238326982595,70712320,114230272,159383552,159383552,167772160,0,2117001216,0,1896781824,0,2118443008,0,0.1,22,,
effectiveness_v3_20260918T212037Z_f3306b0e,G/core50_nc/tight/O11/2/beta_double,O11,core50_nc,2,controller,0,209385.800434997,209385.800566895,0.000131897977553308,70712320,70712320,159383552,159383552,167772160,0,2117001216,0,1896781824,0,0,0,0.1,0,no_interval_samples,
effectiveness_v3_20260918T212037Z_f3306b0e,G/core50_nc/tight/O11/2/beta_double,O11,core50_nc,2,reconfiguration,0,209385.851584617,209385.851931209,0.00034659201628528535,70712320,70712320,159383552,159383552,167772160,0,2117001216,0,1896781824,0,0,0,0.1,0,no_interval_samples,
effectiveness_v3_20260918T212037Z_f3306b0e,G/core50_nc/tight/O11/2/beta_double,O11,core50_nc,2,resource_transition,1,209385.88160957,209385.88217019,0.0005606199847534299,70712320,70712320,159383552,159383552,167772160,0,2117001216,0,1896781824,0,0,0,0.1,0,no_interval_samples,
effectiveness_v3_20260918T212037Z_f3306b0e,G/core50_nc/tight/O11/2/beta_double,O11,core50_nc,2,training,1,209385.911924125,209421.677834782,35.765910657006316,72920064,121897984,161480704,161480704,167772160,0,2243608576,0,2023389184,0,2224467968,0,0.1,216,,
effectiveness_v3_20260918T212037Z_f3306b0e,G/core50_nc/tight/O11/2/beta_double,O11,core50_nc,2,evaluation,1,209421.759074081,209427.663279515,5.90420543399523,72920064,116438016,161480704,161480704,167772160,0,2252988416,0,2032769024,0,2256965632,0,0.1,34,,
effectiveness_v3_20260918T212037Z_f3306b0e,G/core50_nc/tight/O11/2/beta_double,O11,core50_nc,2,controller,1,209427.69620445,209427.696326404,0.00012195398448966444,72920064,72920064,161480704,161480704,167772160,0,2252988416,0,2032769024,0,0,0,0.1,0,no_interval_samples,
effectiveness_v3_20260918T212037Z_f3306b0e,G/core50_nc/tight/O11/2/beta_double,O11,core50_nc,2,reconfiguration,1,209427.726363922,209427.727070662,0.0007067399856168777,72920064,72920064,161480704,161480704,167772160,0,2252988416,0,2032769024,0,0,0,0.1,0,no_interval_samples,
effectiveness_v3_20260918T212037Z_f3306b0e,G/core50_nc/tight/O11/2/beta_double,O11,core50_nc,2,resource_transition,2,209427.75615669,209427.756696356,0.0005396659835241735,72920064,72920064,161480704,161480704,167772160,0,2252988416,0,2032769024,0,0,0,0.1,0,no_interval_samples,
effectiveness_v3_20260918T212037Z_f3306b0e,G/core50_nc/tight/O11/2/beta_double,O11,core50_nc,2,training,2,209427.788536309,209427.928284273,0.13974796398542821,144932352,149420544,167772160,167772160,167772160,0,2272280576,0,2051656704,0,2252988416,0,0.1,1,,failed
effectiveness_v3_20260918T212204Z_4a444ddd,G/core50_nc/tight/O11/0/lr_half,O11,core50_nc,0,setup,,209435.181004043,209436.726520173,1.545516129990574,1395712,1395712,2097152,2097152,167772160,0,1572290560,0,1352071168,0,0,0,0.1,0,no_interval_samples,
effectiveness_v3_20260918T212204Z_4a444ddd,G/core50_nc/tight/O11/0/lr_half,O11,core50_nc,0,resource_transition,0,209436.753065876,209436.753559394,0.0004935180186294019,1395712,1395712,2097152,2097152,167772160,0,1572290560,0,1352071168,0,0,0,0.1,0,no_interval_samples,
effectiveness_v3_20260918T212204Z_4a444ddd,G/core50_nc/tight/O11/0/lr_half,O11,core50_nc,0,training,0,209436.778246746,209470.094823792,33.31657704600366,70712320,95452672,117440512,117440512,167772160,0,2067279872,0,1847060480,0,2062733312,0,0.1,202,,
effectiveness_v3_20260918T212204Z_4a444ddd,G/core50_nc/tight/O11/0/lr_half,O11,core50_nc,0,evaluation,0,209470.173734701,209473.882021783,3.708287082001334,70712320,114230272,159383552,159383552,167772160,0,2112954368,0,1892734976,0,2118615040,0,0.1,21,,
effectiveness_v3_20260918T212204Z_4a444ddd,G/core50_nc/tight/O11/0/lr_half,O11,core50_nc,0,controller,0,209473.920627441,209473.920766978,0.0001395370054524392,70712320,70712320,159383552,159383552,167772160,0,2112954368,0,1892734976,0,0,0,0.1,0,no_interval_samples,
effectiveness_v3_20260918T212204Z_4a444ddd,G/core50_nc/tight/O11/0/lr_half,O11,core50_nc,0,reconfiguration,0,209473.952955423,209473.953252025,0.00029660199652425945,70712320,70712320,159383552,159383552,167772160,0,2112954368,0,1892734976,0,0,0,0.1,0,no_interval_samples,
effectiveness_v3_20260918T212204Z_4a444ddd,G/core50_nc/tight/O11/0/lr_half,O11,core50_nc,0,resource_transition,1,209473.982720137,209473.983310239,0.0005901020194869488,70712320,70712320,159383552,159383552,167772160,0,2112954368,0,1892734976,0,0,0,0.1,0,no_interval_samples,
effectiveness_v3_20260918T212204Z_4a444ddd,G/core50_nc/tight/O11/0/lr_half,O11,core50_nc,0,training,1,209474.033082712,209509.588947506,35.555864794005174,72920064,121897984,161480704,161480704,167772160,0,2243784704,0,2023565312,0,2224664576,0,0.1,214,,
effectiveness_v3_20260918T212204Z_4a444ddd,G/core50_nc/tight/O11/0/lr_half,O11,core50_nc,0,evaluation,1,209509.686908953,209515.151918876,5.465009923005709,72920064,116438016,161480704,161480704,167772160,0,2253164544,0,2032945152,0,2257141760,0,0.1,31,,
effectiveness_v3_20260918T212204Z_4a444ddd,G/core50_nc/tight/O11/0/lr_half,O11,core50_nc,0,controller,1,209515.186142025,209515.18626209,0.00012006500037387013,72920064,72920064,161480704,161480704,167772160,0,2253164544,0,2032945152,0,0,0,0.1,0,no_interval_samples,
effectiveness_v3_20260918T212204Z_4a444ddd,G/core50_nc/tight/O11/0/lr_half,O11,core50_nc,0,reconfiguration,1,209515.216535859,209515.217309665,0.0007738059794064611,72920064,72920064,161480704,161480704,167772160,0,2253164544,0,2032945152,0,0,0,0.1,0,no_interval_samples,
effectiveness_v3_20260918T212204Z_4a444ddd,G/core50_nc/tight/O11/0/lr_half,O11,core50_nc,0,resource_transition,2,209515.268676342,209515.269218166,0.0005418240034487098,72920064,72920064,161480704,161480704,167772160,0,2253164544,0,2032945152,0,0,0,0.1,0,no_interval_samples,
effectiveness_v3_20260918T212204Z_4a444ddd,G/core50_nc/tight/O11/0/lr_half,O11,core50_nc,0,training,2,209515.301240639,209515.462607425,0.16136678599286824,144932352,149420544,167772160,167772160,167772160,0,2270773248,0,2050149376,0,2253168640,0,0.1,1,,failed
effectiveness_v3_20260918T212332Z_e2c21f24,G/core50_nc/tight/O11/1/lr_half,O11,core50_nc,1,setup,,209522.667223805,209524.217193652,1.5499698469939176,1395712,1395712,2097152,2097152,167772160,0,1574514688,0,1354279936,0,1357975552,0,0.1,1,,
effectiveness_v3_20260918T212332Z_e2c21f24,G/core50_nc/tight/O11/1/lr_half,O11,core50_nc,1,resource_transition,0,209524.246413356,209524.246904624,0.0004912679723929614,1395712,1395712,2097152,2097152,167772160,0,1574514688,0,1354279936,0,0,0,0.1,0,no_interval_samples,
effectiveness_v3_20260918T212332Z_e2c21f24,G/core50_nc/tight/O11/1/lr_half,O11,core50_nc,1,training,0,209524.275047097,209555.931214359,31.656167262000963,70712320,95452672,117440512,117440512,167772160,0,2069327872,0,1849093120,0,2064920576,0,0.1,198,,
effectiveness_v3_20260918T212332Z_e2c21f24,G/core50_nc/tight/O11/1/lr_half,O11,core50_nc,1,evaluation,0,209555.99871133,209559.439149329,3.4404379990010057,70712320,114230272,159383552,159383552,167772160,0,2119262208,0,1899027456,0,2120708096,0,0.1,23,,
effectiveness_v3_20260918T212332Z_e2c21f24,G/core50_nc/tight/O11/1/lr_half,O11,core50_nc,1,controller,0,209559.471637866,209559.471762134,0.00012426800094544888,70712320,70712320,159383552,159383552,167772160,0,2119262208,0,1899027456,0,0,0,0.1,0,no_interval_samples,
effectiveness_v3_20260918T212332Z_e2c21f24,G/core50_nc/tight/O11/1/lr_half,O11,core50_nc,1,reconfiguration,0,209559.500594866,209559.500898681,0.00030381500255316496,70712320,70712320,159383552,159383552,167772160,0,2119262208,0,1899027456,0,0,0,0.1,0,no_interval_samples,
effectiveness_v3_20260918T212332Z_e2c21f24,G/core50_nc/tight/O11/1/lr_half,O11,core50_nc,1,resource_transition,1,209559.52867583,209559.529223228,0.0005473979981616139,70712320,70712320,159383552,159383552,167772160,0,2119262208,0,1899027456,0,0,0,0.1,0,no_interval_samples,
effectiveness_v3_20260918T212332Z_e2c21f24,G/core50_nc/tight/O11/1/lr_half,O11,core50_nc,1,training,1,209559.574351905,209595.33108169,35.7567297850037,72920064,121897984,161480704,161480704,167772160,0,2245861376,0,2025626624,0,2226733056,0,0.1,226,,
effectiveness_v3_20260918T212332Z_e2c21f24,G/core50_nc/tight/O11/1/lr_half,O11,core50_nc,1,evaluation,1,209595.411510346,209601.102079661,5.690569315018365,72920064,116438016,161480704,161480704,167772160,0,2255241216,0,2035006464,0,2259218432,0,0.1,32,,
effectiveness_v3_20260918T212332Z_e2c21f24,G/core50_nc/tight/O11/1/lr_half,O11,core50_nc,1,controller,1,209601.136193328,209601.136317782,0.0001244539744220674,72920064,72920064,161480704,161480704,167772160,0,2255241216,0,2035006464,0,0,0,0.1,0,no_interval_samples,
effectiveness_v3_20260918T212332Z_e2c21f24,G/core50_nc/tight/O11/1/lr_half,O11,core50_nc,1,reconfiguration,1,209601.164900468,209601.165719597,0.0008191289962269366,72920064,72920064,161480704,161480704,167772160,0,2255241216,0,2035006464,0,0,0,0.1,0,no_interval_samples,
effectiveness_v3_20260918T212332Z_e2c21f24,G/core50_nc/tight/O11/1/lr_half,O11,core50_nc,1,resource_transition,2,209601.195165042,209601.195722922,0.0005578800046350807,72920064,72920064,161480704,161480704,167772160,0,2255241216,0,2035006464,0,0,0,0.1,0,no_interval_samples,
effectiveness_v3_20260918T212332Z_e2c21f24,G/core50_nc/tight/O11/1/lr_half,O11,core50_nc,1,training,2,209601.225867506,209601.398244064,0.17237655801000074,144932352,149420544,167772160,167772160,167772160,0,2272849920,0,2052209664,0,2255241216,0,0.1,1,,failed
effectiveness_v3_20260918T212457Z_5925df96,G/core50_nc/tight/O11/2/lr_half,O11,core50_nc,2,setup,,209608.655262433,209610.20048647,1.5452240370213985,1395712,1395712,2097152,2097152,167772160,0,1576382464,0,1356151808,0,0,0,0.1,0,no_interval_samples,
effectiveness_v3_20260918T212457Z_5925df96,G/core50_nc/tight/O11/2/lr_half,O11,core50_nc,2,resource_transition,0,209610.230692415,209610.231088591,0.00039617600850760937,1395712,1395712,2097152,2097152,167772160,0,1576386560,0,1356151808,0,0,0,0.1,0,no_interval_samples,
effectiveness_v3_20260918T212457Z_5925df96,G/core50_nc/tight/O11/2/lr_half,O11,core50_nc,2,training,0,209610.258086591,209643.227797586,32.96971099500661,70712320,95452672,117440512,117440512,167772160,0,2071142400,0,1850907648,0,2066853888,0,0.1,200,,
effectiveness_v3_20260918T212457Z_5925df96,G/core50_nc/tight/O11/2/lr_half,O11,core50_nc,2,evaluation,0,209643.301738783,209647.02905646,3.7273176770249847,70712320,114230272,159383552,159383552,167772160,0,2121105408,0,1900870656,0,2122551296,0,0.1,21,,
effectiveness_v3_20260918T212457Z_5925df96,G/core50_nc/tight/O11/2/lr_half,O11,core50_nc,2,controller,0,209647.064233672,209647.064365265,0.0001315929985139519,70712320,70712320,159383552,159383552,167772160,0,2121105408,0,1900870656,0,0,0,0.1,0,no_interval_samples,
effectiveness_v3_20260918T212457Z_5925df96,G/core50_nc/tight/O11/2/lr_half,O11,core50_nc,2,reconfiguration,0,209647.09567669,209647.09599132,0.00031463001505471766,70712320,70712320,159383552,159383552,167772160,0,2121105408,0,1900870656,0,0,0,0.1,0,no_interval_samples,
effectiveness_v3_20260918T212457Z_5925df96,G/core50_nc/tight/O11/2/lr_half,O11,core50_nc,2,resource_transition,1,209647.124280615,209647.124798903,0.0005182879976928234,70712320,70712320,159383552,159383552,167772160,0,2121105408,0,1900870656,0,0,0,0.1,0,no_interval_samples,
effectiveness_v3_20260918T212457Z_5925df96,G/core50_nc/tight/O11/2/lr_half,O11,core50_nc,2,training,1,209647.155917985,209683.107707605,35.95178962001228,72920064,121897984,161480704,161480704,167772160,0,2247716864,0,2027482112,0,2228588544,0,0.1,217,,
effectiveness_v3_20260918T212457Z_5925df96,G/core50_nc/tight/O11/2/lr_half,O11,core50_nc,2,evaluation,1,209683.179929856,209688.892086283,5.712156427005539,72920064,116438016,161480704,161480704,167772160,0,2257100800,0,2036866048,0,2261078016,0,0.1,32,,
effectiveness_v3_20260918T212457Z_5925df96,G/core50_nc/tight/O11/2/lr_half,O11,core50_nc,2,controller,1,209688.925560635,209688.925681857,0.00012122202315367758,72920064,72920064,161480704,161480704,167772160,0,2257100800,0,2036866048,0,0,0,0.1,0,no_interval_samples,
effectiveness_v3_20260918T212457Z_5925df96,G/core50_nc/tight/O11/2/lr_half,O11,core50_nc,2,reconfiguration,1,209688.955987912,209688.956651375,0.000663462997181341,72920064,72920064,161480704,161480704,167772160,0,2257100800,0,2036866048,0,0,0,0.1,0,no_interval_samples,
effectiveness_v3_20260918T212457Z_5925df96,G/core50_nc/tight/O11/2/lr_half,O11,core50_nc,2,resource_transition,2,209688.98554055,209688.986100078,0.0005595280090346932,72920064,72920064,161480704,161480704,167772160,0,2257100800,0,2036866048,0,0,0,0.1,0,no_interval_samples,
effectiveness_v3_20260918T212457Z_5925df96,G/core50_nc/tight/O11/2/lr_half,O11,core50_nc,2,training,2,209689.01657255,209689.176391612,0.1598190620134119,144932352,149420544,167772160,167772160,167772160,0,2274709504,0,2054069248,0,2257100800,0,0.1,1,,failed
effectiveness_v3_20260918T212625Z_b9468714,G/core50_nc/tight/O11/0/initial_batch32,O11,core50_nc,0,setup,,209696.358912531,209697.893975487,1.5350629560125526,1395712,1395712,2097152,2097152,167772160,0,1575477248,0,1355250688,0,1306447872,0,0.1,1,,
effectiveness_v3_20260918T212625Z_b9468714,G/core50_nc/tight/O11/0/initial_batch32,O11,core50_nc,0,resource_transition,0,209697.923085866,209697.923564033,0.00047816699952818453,1395712,1395712,2097152,2097152,167772160,0,1575477248,0,1355250688,0,0,0,0.1,0,no_interval_samples,
effectiveness_v3_20260918T212625Z_b9468714,G/core50_nc/tight/O11/0/initial_batch32,O11,core50_nc,0,training,0,209697.951321208,209718.390596755,20.439275546988938,70712320,121897984,155189248,155189248,167772160,0,2068062208,0,1847835648,0,2047463424,0,0.1,122,,
effectiveness_v3_20260918T212625Z_b9468714,G/core50_nc/tight/O11/0/initial_batch32,O11,core50_nc,0,evaluation,0,209718.456859053,209722.056799018,3.5999399650027044,70712320,114230272,155189248,155189248,167772160,0,2118578176,0,1898351616,0,2119004160,0,0.1,21,,
effectiveness_v3_20260918T212625Z_b9468714,G/core50_nc/tight/O11/0/initial_batch32,O11,core50_nc,0,controller,0,209722.08831874,209722.088456379,0.0001376389991492033,70712320,70712320,155189248,155189248,167772160,0,2118578176,0,1898351616,0,0,0,0.1,0,no_interval_samples,
effectiveness_v3_20260918T212625Z_b9468714,G/core50_nc/tight/O11/0/initial_batch32,O11,core50_nc,0,reconfiguration,0,209722.136927304,209722.137272082,0.0003447780036367476,70712320,70712320,155189248,155189248,167772160,0,2118578176,0,1898351616,0,0,0,0.1,0,no_interval_samples,
effectiveness_v3_20260918T212625Z_b9468714,G/core50_nc/tight/O11/0/initial_batch32,O11,core50_nc,0,resource_transition,1,209722.165467572,209722.166109961,0.0006423890008591115,70712320,70712320,155189248,155189248,167772160,0,2118578176,0,1898351616,0,0,0,0.1,0,no_interval_samples,
effectiveness_v3_20260918T212625Z_b9468714,G/core50_nc/tight/O11/0/initial_batch32,O11,core50_nc,0,training,1,209722.195738673,209722.346999068,0.1512603949813638,154295296,154295296,155189248,155189248,167772160,0,2134249472,0,1913617408,0,2118844416,0,0.1,1,,failed
effectiveness_v3_20260918T212658Z_b3ae2918,G/core50_nc/tight/O11/1/initial_batch32,O11,core50_nc,1,setup,,209729.558981062,209731.096602536,1.5376214740099385,1395712,1395712,2097152,2097152,167772160,0,1574240256,0,1354024960,0,0,0,0.1,0,no_interval_samples,
effectiveness_v3_20260918T212658Z_b3ae2918,G/core50_nc/tight/O11/1/initial_batch32,O11,core50_nc,1,resource_transition,0,209731.125645082,209731.126113258,0.00046817600377835333,1395712,1395712,2097152,2097152,167772160,0,1574244352,0,1354024960,0,0,0,0.1,0,no_interval_samples,
effectiveness_v3_20260918T212658Z_b3ae2918,G/core50_nc/tight/O11/1/initial_batch32,O11,core50_nc,1,training,0,209731.152932803,209750.955731702,19.80279889900703,70712320,121897984,155189248,155189248,167772160,0,2066829312,0,1846609920,0,2059939840,0,0.1,120,,
effectiveness_v3_20260918T212658Z_b3ae2918,G/core50_nc/tight/O11/1/initial_batch32,O11,core50_nc,1,evaluation,0,209751.019842173,209754.48290019,3.4630580169905443,70712320,114230272,155189248,155189248,167772160,0,2117345280,0,1897125888,0,2117775360,0,0.1,22,,
effectiveness_v3_20260918T212658Z_b3ae2918,G/core50_nc/tight/O11/1/initial_batch32,O11,core50_nc,1,controller,0,209754.512520773,209754.51264881,0.0001280370051972568,70712320,70712320,155189248,155189248,167772160,0,2117345280,0,1897125888,0,0,0,0.1,0,no_interval_samples,
effectiveness_v3_20260918T212658Z_b3ae2918,G/core50_nc/tight/O11/1/initial_batch32,O11,core50_nc,1,reconfiguration,0,209754.53993105,209754.540229041,0.0002979910059366375,70712320,70712320,155189248,155189248,167772160,0,2117345280,0,1897125888,0,0,0,0.1,0,no_interval_samples,
effectiveness_v3_20260918T212658Z_b3ae2918,G/core50_nc/tight/O11/1/initial_batch32,O11,core50_nc,1,resource_transition,1,209754.566837374,209754.567372031,0.000534656981471926,70712320,70712320,155189248,155189248,167772160,0,2117345280,0,1897125888,0,0,0,0.1,0,no_interval_samples,
effectiveness_v3_20260918T212658Z_b3ae2918,G/core50_nc/tight/O11/1/initial_batch32,O11,core50_nc,1,training,1,209754.595230901,209754.727635422,0.13240452099125832,154295296,154295296,155189248,155189248,167772160,0,2132951040,0,1912327168,0,0,0,0.1,0,no_interval_samples,failed
effectiveness_v3_20260918T212731Z_9b5ab473,G/core50_nc/tight/O11/2/initial_batch32,O11,core50_nc,2,setup,,209761.911057087,209763.450119294,1.539062206982635,1395712,1395712,2097152,2097152,167772160,0,1574600704,0,1354365952,0,0,0,0.1,0,no_interval_samples,
effectiveness_v3_20260918T212731Z_9b5ab473,G/core50_nc/tight/O11/2/initial_batch32,O11,core50_nc,2,resource_transition,0,209763.476257738,209763.476685821,0.00042808300349861383,1395712,1395712,2097152,2097152,167772160,0,1574600704,0,1354365952,0,0,0,0.1,0,no_interval_samples,
effectiveness_v3_20260918T212731Z_9b5ab473,G/core50_nc/tight/O11/2/initial_batch32,O11,core50_nc,2,training,0,209763.500749339,209783.277455616,19.77670627698535,70712320,121897984,155189248,155189248,167772160,0,2067165184,0,1846930432,0,2046615552,0,0.1,118,,
effectiveness_v3_20260918T212731Z_9b5ab473,G/core50_nc/tight/O11/2/initial_batch32,O11,core50_nc,2,evaluation,0,209783.362666143,209786.817872729,3.455206586018903,70712320,114230272,155189248,155189248,167772160,0,2118524928,0,1898290176,0,2118103040,0,0.1,20,,
effectiveness_v3_20260918T212731Z_9b5ab473,G/core50_nc/tight/O11/2/initial_batch32,O11,core50_nc,2,controller,0,209786.84937685,209786.849497831,0.00012098098522983491,70712320,70712320,155189248,155189248,167772160,0,2118524928,0,1898290176,0,0,0,0.1,0,no_interval_samples,
effectiveness_v3_20260918T212731Z_9b5ab473,G/core50_nc/tight/O11/2/initial_batch32,O11,core50_nc,2,reconfiguration,0,209786.878984684,209786.879273063,0.0002883790002670139,70712320,70712320,155189248,155189248,167772160,0,2118524928,0,1898290176,0,0,0,0.1,0,no_interval_samples,
effectiveness_v3_20260918T212731Z_9b5ab473,G/core50_nc/tight/O11/2/initial_batch32,O11,core50_nc,2,resource_transition,1,209786.905282434,209786.905827694,0.0005452600016724318,70712320,70712320,155189248,155189248,167772160,0,2118524928,0,1898290176,0,0,0,0.1,0,no_interval_samples,
effectiveness_v3_20260918T212731Z_9b5ab473,G/core50_nc/tight/O11/2/initial_batch32,O11,core50_nc,2,training,1,209786.934227268,209787.096322934,0.16209566598990932,154295296,154295296,155189248,155189248,167772160,0,2133254144,0,1912613888,0,2113589248,0,0.1,1,,failed
effectiveness_v3_20260918T212803Z_193f70dc,G/core50_nc/tight/O11/0/initial_replay1000,O11,core50_nc,0,setup,,209794.306944703,209795.846847198,1.539902494987473,1395712,1395712,2097152,2097152,167772160,0,1572442112,0,1352207360,0,1305812992,0,0.1,1,,
effectiveness_v3_20260918T212803Z_193f70dc,G/core50_nc/tight/O11/0/initial_replay1000,O11,core50_nc,0,resource_transition,0,209795.875623365,209795.876074661,0.00045129601494409144,1395712,1395712,2097152,2097152,167772160,0,1572442112,0,1352207360,0,0,0,0.1,0,no_interval_samples,
effectiveness_v3_20260918T212803Z_193f70dc,G/core50_nc/tight/O11/0/initial_replay1000,O11,core50_nc,0,training,0,209795.902454865,209829.424325202,33.52187033701921,70712320,95452672,117440512,117440512,167772160,0,2067607552,0,1847372800,0,2063007744,0,0.1,205,,
effectiveness_v3_20260918T212803Z_193f70dc,G/core50_nc/tight/O11/0/initial_replay1000,O11,core50_nc,0,evaluation,0,209829.498016332,209833.364709232,3.8666928999882657,70712320,114230272,159383552,159383552,167772160,0,2113761280,0,1893526528,0,2119430144,0,0.1,23,,
effectiveness_v3_20260918T212803Z_193f70dc,G/core50_nc/tight/O11/0/initial_replay1000,O11,core50_nc,0,controller,0,209833.398524315,209833.398669954,0.00014563900185748935,70712320,70712320,159383552,159383552,167772160,0,2113761280,0,1893526528,0,0,0,0.1,0,no_interval_samples,
effectiveness_v3_20260918T212803Z_193f70dc,G/core50_nc/tight/O11/0/initial_replay1000,O11,core50_nc,0,reconfiguration,0,209833.427516222,209833.427816351,0.00030012900242581964,70712320,70712320,159383552,159383552,167772160,0,2113761280,0,1893526528,0,0,0,0.1,0,no_interval_samples,
effectiveness_v3_20260918T212803Z_193f70dc,G/core50_nc/tight/O11/0/initial_replay1000,O11,core50_nc,0,resource_transition,1,209833.454605471,209833.45515173,0.0005462590197566897,70712320,70712320,159383552,159383552,167772160,0,2113761280,0,1893526528,0,0,0,0.1,0,no_interval_samples,
effectiveness_v3_20260918T212803Z_193f70dc,G/core50_nc/tight/O11/0/initial_replay1000,O11,core50_nc,0,training,1,209833.483642684,209869.658741646,36.175098962004995,72920064,121897984,161480704,161480704,167772160,0,2245238784,0,2025004032,0,2225565696,0,0.1,219,,
effectiveness_v3_20260918T212803Z_193f70dc,G/core50_nc/tight/O11/0/initial_replay1000,O11,core50_nc,0,evaluation,1,209869.753222821,209875.435802718,5.68257989702397,72920064,116438016,161480704,161480704,167772160,0,2254548992,0,2034314240,0,2257424384,0,0.1,33,,
effectiveness_v3_20260918T212803Z_193f70dc,G/core50_nc/tight/O11/0/initial_replay1000,O11,core50_nc,0,controller,1,209875.468613134,209875.468731153,0.00011801900109276175,72920064,72920064,161480704,161480704,167772160,0,2254548992,0,2034314240,0,0,0,0.1,0,no_interval_samples,
effectiveness_v3_20260918T212803Z_193f70dc,G/core50_nc/tight/O11/0/initial_replay1000,O11,core50_nc,0,reconfiguration,1,209875.498761393,209875.499445273,0.0006838799745310098,72920064,72920064,161480704,161480704,167772160,0,2254548992,0,2034314240,0,0,0,0.1,0,no_interval_samples,
effectiveness_v3_20260918T212803Z_193f70dc,G/core50_nc/tight/O11/0/initial_replay1000,O11,core50_nc,0,resource_transition,2,209875.528891522,209875.529420031,0.0005285090010147542,72920064,72920064,161480704,161480704,167772160,0,2254548992,0,2034314240,0,0,0,0.1,0,no_interval_samples,
effectiveness_v3_20260918T212803Z_193f70dc,G/core50_nc/tight/O11/0/initial_replay1000,O11,core50_nc,0,training,2,209875.560438355,209875.690897449,0.1304590940126218,144932352,149420544,167772160,167772160,167772160,0,2273882112,0,2053241856,0,0,0,0.1,0,no_interval_samples,failed
effectiveness_v3_20260918T212932Z_761cbed7,G/core50_nc/tight/O11/1/initial_replay1000,O11,core50_nc,1,setup,,209882.935463053,209884.473621089,1.5381580360117368,1395712,1395712,2097152,2097152,167772160,0,1575288832,0,1355054080,0,1388122112,0,0.1,1,,
effectiveness_v3_20260918T212932Z_761cbed7,G/core50_nc/tight/O11/1/initial_replay1000,O11,core50_nc,1,resource_transition,0,209884.502752339,209884.503217181,0.00046484198537655175,1395712,1395712,2097152,2097152,167772160,0,1575288832,0,1355054080,0,0,0,0.1,0,no_interval_samples,
effectiveness_v3_20260918T212932Z_761cbed7,G/core50_nc/tight/O11/1/initial_replay1000,O11,core50_nc,1,training,0,209884.530199514,209918.379396358,33.849196844006656,70712320,95452672,117440512,117440512,167772160,0,2070728704,0,1850493952,0,2065739776,0,0.1,207,,
effectiveness_v3_20260918T212932Z_761cbed7,G/core50_nc/tight/O11/1/initial_replay1000,O11,core50_nc,1,evaluation,0,209918.449033921,209922.283982859,3.8349489379907027,70712320,114230272,159383552,159383552,167772160,0,2120675328,0,1900440576,0,2122125312,0,0.1,22,,
effectiveness_v3_20260918T212932Z_761cbed7,G/core50_nc/tight/O11/1/initial_replay1000,O11,core50_nc,1,controller,0,209922.332137673,209922.332262052,0.00012437900295481086,70712320,70712320,159383552,159383552,167772160,0,2120675328,0,1900440576,0,0,0,0.1,0,no_interval_samples,
effectiveness_v3_20260918T212932Z_761cbed7,G/core50_nc/tight/O11/1/initial_replay1000,O11,core50_nc,1,reconfiguration,0,209922.361706978,209922.362021589,0.0003146110102534294,70712320,70712320,159383552,159383552,167772160,0,2120675328,0,1900440576,0,0,0,0.1,0,no_interval_samples,
effectiveness_v3_20260918T212932Z_761cbed7,G/core50_nc/tight/O11/1/initial_replay1000,O11,core50_nc,1,resource_transition,1,209922.388838422,209922.389426755,0.0005883330013602972,70712320,70712320,159383552,159383552,167772160,0,2120675328,0,1900440576,0,0,0,0.1,0,no_interval_samples,
effectiveness_v3_20260918T212932Z_761cbed7,G/core50_nc/tight/O11/1/initial_replay1000,O11,core50_nc,1,training,1,209922.417366208,209960.451403905,38.03403769698343,72920064,121897984,161480704,161480704,167772160,0,2247933952,0,2027699200,0,2242179072,0,0.1,232,,
effectiveness_v3_20260918T212932Z_761cbed7,G/core50_nc/tight/O11/1/initial_replay1000,O11,core50_nc,1,evaluation,1,209960.524058033,209966.013968601,5.4899105679942295,72920064,116438016,161480704,161480704,167772160,0,2257248256,0,2037013504,0,2260119552,0,0.1,31,,
effectiveness_v3_20260918T212932Z_761cbed7,G/core50_nc/tight/O11/1/initial_replay1000,O11,core50_nc,1,controller,1,209966.073194396,209966.073331693,0.00013729700003750622,72920064,72920064,161480704,161480704,167772160,0,2257248256,0,2037013504,0,0,0,0.1,0,no_interval_samples,
effectiveness_v3_20260918T212932Z_761cbed7,G/core50_nc/tight/O11/1/initial_replay1000,O11,core50_nc,1,reconfiguration,1,209966.105504961,209966.106256424,0.0007514630269724876,72920064,72920064,161480704,161480704,167772160,0,2257248256,0,2037013504,0,0,0,0.1,0,no_interval_samples,
effectiveness_v3_20260918T212932Z_761cbed7,G/core50_nc/tight/O11/1/initial_replay1000,O11,core50_nc,1,resource_transition,2,209966.135769256,209966.136323988,0.0005547319888137281,72920064,72920064,161480704,161480704,167772160,0,2257248256,0,2037013504,0,0,0,0.1,0,no_interval_samples,
effectiveness_v3_20260918T212932Z_761cbed7,G/core50_nc/tight/O11/1/initial_replay1000,O11,core50_nc,1,training,2,209966.167137478,209966.291661608,0.12452412999118678,144932352,149420544,167772160,167772160,167772160,0,2276577280,0,2055937024,0,2257248256,0,0.1,1,,failed
effectiveness_v3_20260918T213102Z_e6e61120,G/core50_nc/tight/O11/2/initial_replay1000,O11,core50_nc,2,setup,,209973.555220376,209975.102320499,1.5471001229889225,1395712,1395712,2097152,2097152,167772160,0,1573347328,0,1353124864,0,0,0,0.1,0,no_interval_samples,
effectiveness_v3_20260918T213102Z_e6e61120,G/core50_nc/tight/O11/2/initial_replay1000,O11,core50_nc,2,resource_transition,0,209975.132233933,209975.132695304,0.00046137100434862077,1395712,1395712,2097152,2097152,167772160,0,1573351424,0,1353124864,0,0,0,0.1,0,no_interval_samples,
effectiveness_v3_20260918T213102Z_e6e61120,G/core50_nc/tight/O11/2/initial_replay1000,O11,core50_nc,2,training,0,209975.158572072,210007.543973058,32.38540098600788,70712320,95452672,117440512,117440512,167772160,0,2068824064,0,1848597504,0,2063835136,0,0.1,196,,
effectiveness_v3_20260918T213102Z_e6e61120,G/core50_nc/tight/O11/2/initial_replay1000,O11,core50_nc,2,evaluation,0,210007.614684928,210011.278795865,3.66411093698116,70712320,114230272,159383552,159383552,167772160,0,2114568192,0,1894341632,0,2118819840,0,0.1,21,,
effectiveness_v3_20260918T213102Z_e6e61120,G/core50_nc/tight/O11/2/initial_replay1000,O11,core50_nc,2,controller,0,210011.315917153,210011.316063903,0.0001467500114813447,70712320,70712320,159383552,159383552,167772160,0,2114568192,0,1894341632,0,0,0,0.1,0,no_interval_samples,
effectiveness_v3_20260918T213102Z_e6e61120,G/core50_nc/tight/O11/2/initial_replay1000,O11,core50_nc,2,reconfiguration,0,210011.348344487,210011.348670709,0.0003262220125179738,70712320,70712320,159383552,159383552,167772160,0,2114568192,0,1894341632,0,0,0,0.1,0,no_interval_samples,
effectiveness_v3_20260918T213102Z_e6e61120,G/core50_nc/tight/O11/2/initial_replay1000,O11,core50_nc,2,resource_transition,1,210011.377187701,210011.377722858,0.0005351569852791727,70712320,70712320,159383552,159383552,167772160,0,2114568192,0,1894341632,0,0,0,0.1,0,no_interval_samples,
effectiveness_v3_20260918T213102Z_e6e61120,G/core50_nc/tight/O11/2/initial_replay1000,O11,core50_nc,2,training,1,210011.417294016,210048.068727997,36.651433980994625,72920064,121897984,161480704,161480704,167772160,0,2246066176,0,2025839616,0,2226413568,0,0.1,222,,
effectiveness_v3_20260918T213102Z_e6e61120,G/core50_nc/tight/O11/2/initial_replay1000,O11,core50_nc,2,evaluation,1,210048.140043402,210053.984120876,5.844077474001097,72920064,116438016,161480704,161480704,167772160,0,2255376384,0,2035149824,0,2258247680,0,0.1,33,,
effectiveness_v3_20260918T213102Z_e6e61120,G/core50_nc/tight/O11/2/initial_replay1000,O11,core50_nc,2,controller,1,210054.040284081,210054.040406692,0.00012261097435839474,72920064,72920064,161480704,161480704,167772160,0,2255376384,0,2035149824,0,0,0,0.1,0,no_interval_samples,
effectiveness_v3_20260918T213102Z_e6e61120,G/core50_nc/tight/O11/2/initial_replay1000,O11,core50_nc,2,reconfiguration,1,210054.070480341,210054.071246211,0.0007658700051251799,72920064,72920064,161480704,161480704,167772160,0,2255376384,0,2035149824,0,0,0,0.1,0,no_interval_samples,
effectiveness_v3_20260918T213102Z_e6e61120,G/core50_nc/tight/O11/2/initial_replay1000,O11,core50_nc,2,resource_transition,2,210054.100258749,210054.100797434,0.0005386849807109684,72920064,72920064,161480704,161480704,167772160,0,2255376384,0,2035149824,0,0,0,0.1,0,no_interval_samples,
effectiveness_v3_20260918T213102Z_e6e61120,G/core50_nc/tight/O11/2/initial_replay1000,O11,core50_nc,2,training,2,210054.132242379,210054.251991651,0.11974927198025398,144932352,149420544,167772160,167772160,167772160,0,2274709504,0,2054077440,0,2255376384,0,0.1,1,,failed
effectiveness_v3_20260918T213230Z_86788851,G/core50_nc/tight/O11/0/quota_mid,O11,core50_nc,0,setup,,210061.469641139,210063.005777022,1.536135882983217,1395712,1395712,2097152,2097152,251658240,0,1573498880,0,1353280512,0,0,0,0.1,0,no_interval_samples,
effectiveness_v3_20260918T213230Z_86788851,G/core50_nc/tight/O11/0/quota_mid,O11,core50_nc,0,resource_transition,0,210063.039760661,210063.040235782,0.00047512102173641324,1395712,1395712,2097152,2097152,251658240,0,1573515264,0,1353280512,0,0,0,0.1,0,no_interval_samples,
effectiveness_v3_20260918T213230Z_86788851,G/core50_nc/tight/O11/0/quota_mid,O11,core50_nc,0,training,0,210063.067112912,210095.830053136,32.76294022399816,70712320,95452672,117440512,117440512,251658240,0,2068398080,0,1848163328,0,2064105472,0,0.1,201,,
effectiveness_v3_20260918T213230Z_86788851,G/core50_nc/tight/O11/0/quota_mid,O11,core50_nc,0,evaluation,0,210095.893501376,210099.377097949,3.483596573001705,70712320,114230272,159383552,159383552,251658240,0,2118348800,0,1898114048,0,2119790592,0,0.1,24,,
effectiveness_v3_20260918T213230Z_86788851,G/core50_nc/tight/O11/0/quota_mid,O11,core50_nc,0,controller,0,210099.408873098,210099.408999691,0.0001265929895453155,70712320,70712320,159383552,159383552,251658240,0,2118348800,0,1898114048,0,0,0,0.1,0,no_interval_samples,
effectiveness_v3_20260918T213230Z_86788851,G/core50_nc/tight/O11/0/quota_mid,O11,core50_nc,0,reconfiguration,0,210099.439308988,210099.439590654,0.0002816659980453551,70712320,70712320,159383552,159383552,251658240,0,2118348800,0,1898114048,0,0,0,0.1,0,no_interval_samples,
effectiveness_v3_20260918T213230Z_86788851,G/core50_nc/tight/O11/0/quota_mid,O11,core50_nc,0,resource_transition,1,210099.467495127,210099.468104285,0.0006091580144129694,70712320,70712320,159383552,159383552,251658240,0,2118348800,0,1898114048,0,2118348800,0,0.1,1,,
effectiveness_v3_20260918T213230Z_86788851,G/core50_nc/tight/O11/0/quota_mid,O11,core50_nc,0,training,1,210099.515499286,210136.342958597,36.827459310996346,72920064,121897984,161480704,161480704,251658240,0,2244993024,0,2024758272,0,2225741824,0,0.1,230,,
effectiveness_v3_20260918T213230Z_86788851,G/core50_nc/tight/O11/0/quota_mid,O11,core50_nc,0,evaluation,1,210136.416237876,210141.808861805,5.392623929015826,72920064,116438016,161480704,161480704,251658240,0,2254368768,0,2034134016,0,2259472384,0,0.1,30,,
effectiveness_v3_20260918T213230Z_86788851,G/core50_nc/tight/O11/0/quota_mid,O11,core50_nc,0,controller,1,210141.841995285,210141.842120434,0.00012514900299720466,72920064,72920064,161480704,161480704,251658240,0,2254368768,0,2034134016,0,0,0,0.1,0,no_interval_samples,
effectiveness_v3_20260918T213230Z_86788851,G/core50_nc/tight/O11/0/quota_mid,O11,core50_nc,0,reconfiguration,1,210141.87219334,210141.872918452,0.000725111982319504,72920064,72920064,161480704,161480704,251658240,0,2254368768,0,2034134016,0,0,0,0.1,0,no_interval_samples,
effectiveness_v3_20260918T213230Z_86788851,G/core50_nc/tight/O11/0/quota_mid,O11,core50_nc,0,resource_transition,2,210141.901202692,210141.901781368,0.0005786760011687875,72920064,72920064,161480704,161480704,251658240,0,2254368768,0,2034134016,0,0,0,0.1,0,no_interval_samples,
effectiveness_v3_20260918T213230Z_86788851,G/core50_nc/tight/O11/0/quota_mid,O11,core50_nc,0,training,2,210141.934839534,210196.466718859,54.53187932501896,76217344,155344896,184549376,184549376,251658240,0,2290987008,0,2070708224,0,2295848960,0,0.1,344,,
effectiveness_v3_20260918T213230Z_86788851,G/core50_nc/tight/O11/0/quota_mid,O11,core50_nc,0,evaluation,2,210196.565527857,210203.789334693,7.223806836002041,76217344,121267200,184549376,184549376,251658240,0,2292744192,0,2072465408,0,2295664640,0,0.1,42,,
effectiveness_v3_20260918T213230Z_86788851,G/core50_nc/tight/O11/0/quota_mid,O11,core50_nc,0,controller,2,210203.824023377,210203.824141322,0.00011794499005191028,76217344,76217344,184549376,184549376,251658240,0,2292748288,0,2072469504,0,0,0,0.1,0,no_interval_samples,
effectiveness_v3_20260918T213230Z_86788851,G/core50_nc/tight/O11/0/quota_mid,O11,core50_nc,0,reconfiguration,2,210203.854636404,210203.856635812,0.001999408006668091,76217344,76217344,184549376,184549376,251658240,0,2292748288,0,2072469504,0,0,0,0.1,0,no_interval_samples,
effectiveness_v3_20260918T213230Z_86788851,G/core50_nc/tight/O11/0/quota_mid,O11,core50_nc,0,resource_transition,3,210203.886756357,210203.887326644,0.0005702869966626167,76217344,76217344,184549376,184549376,251658240,0,2292748288,0,2072469504,0,0,0,0.1,0,no_interval_samples,
effectiveness_v3_20260918T213230Z_86788851,G/core50_nc/tight/O11/0/quota_mid,O11,core50_nc,0,training,3,210203.922893949,210289.326858014,85.40396406501532,79514624,160280576,186646528,186646528,251658240,0,2347712512,0,2127433728,0,2349187072,0,0.1,522,,
effectiveness_v3_20260918T213230Z_86788851,G/core50_nc/tight/O11/0/quota_mid,O11,core50_nc,0,evaluation,3,210289.398046875,210298.846293149,9.448246273997938,79514624,123032576,186646528,186646528,251658240,0,2352140288,0,2131861504,0,2353709056,0,0.1,52,,
effectiveness_v3_20260918T213230Z_86788851,G/core50_nc/tight/O11/0/quota_mid,O11,core50_nc,0,controller,3,210298.882546093,210298.882668537,0.00012244400568306446,79514624,79514624,186646528,186646528,251658240,0,2352144384,0,2131865600,0,0,0,0.1,0,no_interval_samples,
effectiveness_v3_20260918T213230Z_86788851,G/core50_nc/tight/O11/0/quota_mid,O11,core50_nc,0,reconfiguration,3,210298.910821407,210298.912922444,0.0021010370110161602,79514624,79514624,186646528,186646528,251658240,0,2352144384,0,2131865600,0,0,0,0.1,0,no_interval_samples,
effectiveness_v3_20260918T213230Z_86788851,G/core50_nc/tight/O11/0/quota_mid,O11,core50_nc,0,resource_transition,4,210298.941976694,210298.942544796,0.000568101997487247,79514624,79514624,186646528,186646528,251658240,0,2352144384,0,2131865600,0,0,0,0.1,0,no_interval_samples,
effectiveness_v3_20260918T213230Z_86788851,G/core50_nc/tight/O11/0/quota_mid,O11,core50_nc,0,training,4,210298.974342221,210400.216357739,101.24201551801525,82811904,163373568,207618048,207618048,251658240,0,2351292416,0,2131013632,0,2352594944,0,0.1,628,,
effectiveness_v3_20260918T213230Z_86788851,G/core50_nc/tight/O11/0/quota_mid,O11,core50_nc,0,evaluation,4,210400.29037059,210411.587786491,11.29741590100457,82811904,126329856,207618048,207618048,251658240,0,2353127424,0,2132848640,0,2358702080,0,0.1,64,,
effectiveness_v3_20260918T213230Z_86788851,G/core50_nc/tight/O11/0/quota_mid,O11,core50_nc,0,controller,4,210411.628596797,210411.628719621,0.00012282398529350758,82811904,82811904,207618048,207618048,251658240,0,2353131520,0,2132852736,0,0,0,0.1,0,no_interval_samples,
effectiveness_v3_20260918T213230Z_86788851,G/core50_nc/tight/O11/0/quota_mid,O11,core50_nc,0,reconfiguration,4,210411.662095252,210411.664866391,0.0027711389993783087,82811904,82811904,207618048,207618048,251658240,0,2353131520,0,2132852736,0,0,0,0.1,0,no_interval_samples,
effectiveness_v3_20260918T213230Z_86788851,G/core50_nc/tight/O11/0/quota_mid,O11,core50_nc,0,resource_transition,5,210411.694646845,210411.695201289,0.0005544440064113587,82811904,82811904,207618048,207618048,251658240,0,2353131520,0,2132852736,0,0,0,0.1,0,no_interval_samples,
effectiveness_v3_20260918T213230Z_86788851,G/core50_nc/tight/O11/0/quota_mid,O11,core50_nc,0,training,5,210411.730028911,210532.162290795,120.43226188400877,86108672,168704000,207618048,207618048,251658240,0,2353463296,0,2133184512,0,2353750016,0,0.1,756,,
effectiveness_v3_20260918T213230Z_86788851,G/core50_nc/tight/O11/0/quota_mid,O11,core50_nc,0,evaluation,5,210532.234946201,210545.431007911,13.196061709983042,86108672,129626624,207618048,207618048,251658240,0,2355298304,0,2135019520,0,2358108160,0,0.1,74,,
effectiveness_v3_20260918T213230Z_86788851,G/core50_nc/tight/O11/0/quota_mid,O11,core50_nc,0,controller,5,210545.481552558,210545.481682623,0.00013006501831114292,86108672,86108672,207618048,207618048,251658240,0,2355302400,0,2135023616,0,0,0,0.1,0,no_interval_samples,
effectiveness_v3_20260918T213230Z_86788851,G/core50_nc/tight/O11/0/quota_mid,O11,core50_nc,0,reconfiguration,5,210545.512576133,210545.515519476,0.002943342988146469,86108672,86108672,207618048,207618048,251658240,0,2355302400,0,2135023616,0,0,0,0.1,0,no_interval_samples,
effectiveness_v3_20260918T213230Z_86788851,G/core50_nc/tight/O11/0/quota_mid,O11,core50_nc,0,resource_transition,6,210545.544554069,210545.545127976,0.0005739069893024862,86108672,86108672,207618048,207618048,251658240,0,2355302400,0,2135023616,0,0,0,0.1,0,no_interval_samples,
effectiveness_v3_20260918T213230Z_86788851,G/core50_nc/tight/O11/0/quota_mid,O11,core50_nc,0,training,6,210545.577842366,210684.178951823,138.60110945699853,89405440,172729856,207618048,207618048,251658240,0,2355490816,0,2135212032,0,2355929088,0,0.1,834,,
effectiveness_v3_20260918T213230Z_86788851,G/core50_nc/tight/O11/0/quota_mid,O11,core50_nc,0,evaluation,6,210684.254706036,210699.641621413,15.386915376991965,89405440,132923392,207618048,207618048,251658240,0,2359828480,0,2139549696,0,2361352192,0,0.1,86,,
effectiveness_v3_20260918T213230Z_86788851,G/core50_nc/tight/O11/0/quota_mid,O11,core50_nc,0,controller,6,210699.682585968,210699.682703782,0.00011781399371102452,89405440,89405440,207618048,207618048,251658240,0,2359828480,0,2139549696,0,0,0,0.1,0,no_interval_samples,
effectiveness_v3_20260918T213230Z_86788851,G/core50_nc/tight/O11/0/quota_mid,O11,core50_nc,0,reconfiguration,6,210699.716262328,210699.720282587,0.004020258988020942,89405440,89405440,207618048,207618048,251658240,0,2359828480,0,2139549696,0,0,0,0.1,0,no_interval_samples,
effectiveness_v3_20260918T213230Z_86788851,G/core50_nc/tight/O11/0/quota_mid,O11,core50_nc,0,resource_transition,7,210699.75384231,210699.754429079,0.0005867690197192132,89405440,89405440,207618048,207618048,251658240,0,2359828480,0,2139549696,0,0,0,0.1,0,no_interval_samples,
effectiveness_v3_20260918T213230Z_86788851,G/core50_nc/tight/O11/0/quota_mid,O11,core50_nc,0,training,7,210699.790137061,210848.518401803,148.728264742007,92702720,177353728,207618048,207618048,251658240,0,2358841344,0,2138562560,0,2359828480,0,0.1,927,,
effectiveness_v3_20260918T213230Z_86788851,G/core50_nc/tight/O11/0/quota_mid,O11,core50_nc,0,evaluation,7,210848.587974348,210864.949421886,16.361447538016364,92702720,136819712,207618048,207618048,251658240,0,2363248640,0,2142969856,0,2363453440,0,0.1,107,,
effectiveness_v3_20260918T213230Z_86788851,G/core50_nc/tight/O11/0/quota_mid,O11,core50_nc,0,controller,7,210864.983736061,210864.98386533,0.0001292689994443208,92702720,92702720,207618048,207618048,251658240,0,2363252736,0,2142973952,0,0,0,0.1,0,no_interval_samples,
effectiveness_v3_20260918T213230Z_86788851,G/core50_nc/tight/O11/0/quota_mid,O11,core50_nc,0,reconfiguration,7,210865.0131002,210865.016650885,0.003550684981746599,92702720,92702720,207618048,207618048,251658240,0,2363252736,0,2142973952,0,0,0,0.1,0,no_interval_samples,
effectiveness_v3_20260918T213230Z_86788851,G/core50_nc/tight/O11/0/quota_mid,O11,core50_nc,0,resource_transition,8,210865.046630199,210865.047161671,0.0005314720037858933,92702720,92702720,207618048,207618048,251658240,0,2363252736,0,2142973952,0,0,0,0.1,0,no_interval_samples,
effectiveness_v3_20260918T213230Z_86788851,G/core50_nc/tight/O11/0/quota_mid,O11,core50_nc,0,training,8,210865.079759078,211028.975899695,163.8961406169983,95999488,181199872,216006656,216006656,251658240,0,2362101760,0,2141822976,0,2361950208,0,0.1,1025,,
effectiveness_v3_20260918T213230Z_86788851,G/core50_nc/tight/O11/0/quota_mid,O11,core50_nc,0,evaluation,8,211029.051092037,211046.514901229,17.46380919200601,95999488,139517440,216006656,216006656,251658240,0,2363092992,0,2142814208,0,2366771200,0,0.1,115,,
effectiveness_v3_20260918T213230Z_86788851,G/core50_nc/tight/O11/0/quota_mid,O11,core50_nc,0,controller,8,211046.553644045,211046.553735341,9.129600948654115e-05,95999488,95999488,216006656,216006656,251658240,0,2363092992,0,2142814208,0,0,0,0.1,0,no_interval_samples,
effectiveness_v3_20260918T214903Z_6a27b720,G/core50_nc/tight/O11/1/quota_mid,O11,core50_nc,1,setup,,211054.00309448,211055.546388634,1.5432941539911553,1395712,1395712,2097152,2097152,251658240,0,1574658048,0,1354427392,0,0,0,0.1,0,no_interval_samples,
effectiveness_v3_20260918T214903Z_6a27b720,G/core50_nc/tight/O11/1/quota_mid,O11,core50_nc,1,resource_transition,0,211055.576679069,211055.577167245,0.00048817601054906845,1395712,1395712,2097152,2097152,251658240,0,1574662144,0,1354427392,0,0,0,0.1,0,no_interval_samples,
effectiveness_v3_20260918T214903Z_6a27b720,G/core50_nc/tight/O11/1/quota_mid,O11,core50_nc,1,training,0,211055.603832994,211088.528726319,32.92489332499099,70712320,95452672,117440512,117440512,251658240,0,2069352448,0,1849117696,0,2065059840,0,0.1,200,,
effectiveness_v3_20260918T214903Z_6a27b720,G/core50_nc/tight/O11/1/quota_mid,O11,core50_nc,1,evaluation,0,211088.601628783,211092.324319008,3.722690224996768,70712320,114230272,159383552,159383552,251658240,0,2119315456,0,1899080704,0,2120753152,0,0.1,21,,
effectiveness_v3_20260918T214903Z_6a27b720,G/core50_nc/tight/O11/1/quota_mid,O11,core50_nc,1,controller,0,211092.360250832,211092.360394203,0.000143370998557657,70712320,70712320,159383552,159383552,251658240,0,2119315456,0,1899080704,0,0,0,0.1,0,no_interval_samples,
effectiveness_v3_20260918T214903Z_6a27b720,G/core50_nc/tight/O11/1/quota_mid,O11,core50_nc,1,reconfiguration,0,211092.414508202,211092.414857896,0.0003496939898468554,70712320,70712320,159383552,159383552,251658240,0,2119315456,0,1899080704,0,0,0,0.1,0,no_interval_samples,
effectiveness_v3_20260918T214903Z_6a27b720,G/core50_nc/tight/O11/1/quota_mid,O11,core50_nc,1,resource_transition,1,211092.446690136,211092.447255127,0.0005649909726344049,70712320,70712320,159383552,159383552,251658240,0,2119315456,0,1899080704,0,0,0,0.1,0,no_interval_samples,
effectiveness_v3_20260918T214903Z_6a27b720,G/core50_nc/tight/O11/1/quota_mid,O11,core50_nc,1,training,1,211092.477803803,211128.289216912,35.81141310901148,72920064,121897984,161480704,161480704,251658240,0,2245914624,0,2025679872,0,2226798592,0,0.1,216,,
effectiveness_v3_20260918T214903Z_6a27b720,G/core50_nc/tight/O11/1/quota_mid,O11,core50_nc,1,evaluation,1,211128.36504217,211133.738681618,5.373639448022004,72920064,116438016,161480704,161480704,251658240,0,2255298560,0,2035063808,0,2259275776,0,0.1,31,,
effectiveness_v3_20260918T214903Z_6a27b720,G/core50_nc/tight/O11/1/quota_mid,O11,core50_nc,1,controller,1,211133.7706957,211133.770827663,0.00013196299551054835,72920064,72920064,161480704,161480704,251658240,0,2255298560,0,2035063808,0,0,0,0.1,0,no_interval_samples,
effectiveness_v3_20260918T214903Z_6a27b720,G/core50_nc/tight/O11/1/quota_mid,O11,core50_nc,1,reconfiguration,1,211133.819792144,211133.820592162,0.0008000179950613528,72920064,72920064,161480704,161480704,251658240,0,2255298560,0,2035063808,0,0,0,0.1,0,no_interval_samples,
effectiveness_v3_20260918T214903Z_6a27b720,G/core50_nc/tight/O11/1/quota_mid,O11,core50_nc,1,resource_transition,2,211133.847551375,211133.848128616,0.0005772410077042878,72920064,72920064,161480704,161480704,251658240,0,2255298560,0,2035063808,0,0,0,0.1,0,no_interval_samples,
effectiveness_v3_20260918T214903Z_6a27b720,G/core50_nc/tight/O11/1/quota_mid,O11,core50_nc,1,training,2,211133.87621457,211187.10143491,53.22522034001304,76217344,155344896,184549376,184549376,251658240,0,2291793920,0,2071515136,0,2297167872,0,0.1,332,,
effectiveness_v3_20260918T214903Z_6a27b720,G/core50_nc/tight/O11/1/quota_mid,O11,core50_nc,1,evaluation,2,211187.206118301,211194.701728194,7.495609892997891,76217344,121267200,184549376,184549376,251658240,0,2293669888,0,2073391104,0,2296483840,0,0.1,42,,
effectiveness_v3_20260918T214903Z_6a27b720,G/core50_nc/tight/O11/1/quota_mid,O11,core50_nc,1,controller,2,211194.737793878,211194.737914351,0.00012047297786921263,76217344,76217344,184549376,184549376,251658240,0,2293673984,0,2073395200,0,0,0,0.1,0,no_interval_samples,
effectiveness_v3_20260918T214903Z_6a27b720,G/core50_nc/tight/O11/1/quota_mid,O11,core50_nc,1,reconfiguration,2,211194.766871776,211194.768797748,0.0019259719992987812,76217344,76217344,184549376,184549376,251658240,0,2293673984,0,2073395200,0,0,0,0.1,0,no_interval_samples,
effectiveness_v3_20260918T214903Z_6a27b720,G/core50_nc/tight/O11/1/quota_mid,O11,core50_nc,1,resource_transition,3,211194.796817109,211194.797411248,0.0005941390118096024,76217344,76217344,184549376,184549376,251658240,0,2293673984,0,2073395200,0,0,0,0.1,0,no_interval_samples,
effectiveness_v3_20260918T214903Z_6a27b720,G/core50_nc/tight/O11/1/quota_mid,O11,core50_nc,1,training,3,211194.829666423,211277.699683306,82.87001688301098,79514624,160280576,186646528,186646528,251658240,0,2348924928,0,2128646144,0,2358820864,0,0.1,508,,
effectiveness_v3_20260918T214903Z_6a27b720,G/core50_nc/tight/O11/1/quota_mid,O11,core50_nc,1,evaluation,3,211277.807933398,211287.223558765,9.415625366993481,79514624,123032576,186646528,186646528,251658240,0,2350899200,0,2130620416,0,2354335744,0,0.1,54,,
effectiveness_v3_20260918T214903Z_6a27b720,G/core50_nc/tight/O11/1/quota_mid,O11,core50_nc,1,controller,3,211287.260917775,211287.261034868,0.0001170929754152894,79514624,79514624,186646528,186646528,251658240,0,2350903296,0,2130624512,0,0,0,0.1,0,no_interval_samples,
effectiveness_v3_20260918T214903Z_6a27b720,G/core50_nc/tight/O11/1/quota_mid,O11,core50_nc,1,reconfiguration,3,211287.291531822,211287.293557971,0.0020261489844415337,79514624,79514624,186646528,186646528,251658240,0,2350903296,0,2130624512,0,0,0,0.1,0,no_interval_samples,
effectiveness_v3_20260918T214903Z_6a27b720,G/core50_nc/tight/O11/1/quota_mid,O11,core50_nc,1,resource_transition,4,211287.323133934,211287.323682795,0.000548860989511013,79514624,79514624,186646528,186646528,251658240,0,2350903296,0,2130624512,0,0,0,0.1,0,no_interval_samples,
effectiveness_v3_20260918T214903Z_6a27b720,G/core50_nc/tight/O11/1/quota_mid,O11,core50_nc,1,training,4,211287.355251518,211388.049749045,100.69449752700166,82811904,163373568,207618048,207618048,251658240,0,2353397760,0,2133118976,0,2352865280,0,0.1,624,,
effectiveness_v3_20260918T214903Z_6a27b720,G/core50_nc/tight/O11/1/quota_mid,O11,core50_nc,1,evaluation,4,211388.148570451,211399.125013244,10.97644279297674,82811904,126329856,207618048,207618048,251658240,0,2354966528,0,2134687744,0,2358906880,0,0.1,62,,
effectiveness_v3_20260918T214903Z_6a27b720,G/core50_nc/tight/O11/1/quota_mid,O11,core50_nc,1,controller,4,211399.189614486,211399.189753783,0.0001392969861626625,82811904,82811904,207618048,207618048,251658240,0,2354970624,0,2134691840,0,0,0,0.1,0,no_interval_samples,
effectiveness_v3_20260918T214903Z_6a27b720,G/core50_nc/tight/O11/1/quota_mid,O11,core50_nc,1,reconfiguration,4,211399.224902283,211399.227679006,0.00277672300580889,82811904,82811904,207618048,207618048,251658240,0,2354970624,0,2134691840,0,0,0,0.1,0,no_interval_samples,
effectiveness_v3_20260918T214903Z_6a27b720,G/core50_nc/tight/O11/1/quota_mid,O11,core50_nc,1,resource_transition,5,211399.261171803,211399.261754007,0.0005822039966005832,82811904,82811904,207618048,207618048,251658240,0,2354970624,0,2134691840,0,0,0,0.1,0,no_interval_samples,
effectiveness_v3_20260918T214903Z_6a27b720,G/core50_nc/tight/O11/1/quota_mid,O11,core50_nc,1,training,5,211399.30020285,211520.111348881,120.81114603101742,86108672,168704000,207618048,207618048,251658240,0,2355314688,0,2135035904,0,2355650560,0,0.1,760,,
effectiveness_v3_20260918T214903Z_6a27b720,G/core50_nc/tight/O11/1/quota_mid,O11,core50_nc,1,evaluation,5,211520.193501592,211533.047859915,12.854358323005727,86108672,129626624,207618048,207618048,251658240,0,2357121024,0,2136842240,0,2361044992,0,0.1,73,,
effectiveness_v3_20260918T214903Z_6a27b720,G/core50_nc/tight/O11/1/quota_mid,O11,core50_nc,1,controller,5,211533.082512748,211533.082636517,0.00012376901577226818,86108672,86108672,207618048,207618048,251658240,0,2357125120,0,2136846336,0,0,0,0.1,0,no_interval_samples,
effectiveness_v3_20260918T214903Z_6a27b720,G/core50_nc/tight/O11/1/quota_mid,O11,core50_nc,1,reconfiguration,5,211533.112912266,211533.116048757,0.003136490995530039,86108672,86108672,207618048,207618048,251658240,0,2357125120,0,2136846336,0,0,0,0.1,0,no_interval_samples,
effectiveness_v3_20260918T214903Z_6a27b720,G/core50_nc/tight/O11/1/quota_mid,O11,core50_nc,1,resource_transition,6,211533.143175006,211533.14377996,0.0006049539952073246,86108672,86108672,207618048,207618048,251658240,0,2357125120,0,2136846336,0,0,0,0.1,0,no_interval_samples,
effectiveness_v3_20260918T214903Z_6a27b720,G/core50_nc/tight/O11/1/quota_mid,O11,core50_nc,1,training,6,211533.175596357,211674.365114805,141.1895184479945,89405440,172729856,207618048,207618048,251658240,0,2356953088,0,2136674304,0,2357710848,0,0.1,812,,
effectiveness_v3_20260918T214903Z_6a27b720,G/core50_nc/tight/O11/1/quota_mid,O11,core50_nc,1,evaluation,6,211674.467926812,211689.448062274,14.9801354619849,89405440,132923392,207618048,207618048,251658240,0,2361806848,0,2141528064,0,2363461632,0,0.1,84,,
effectiveness_v3_20260918T214903Z_6a27b720,G/core50_nc/tight/O11/1/quota_mid,O11,core50_nc,1,controller,6,211689.508218756,211689.508338321,0.00011956499656662345,89405440,89405440,207618048,207618048,251658240,0,2361806848,0,2141528064,0,0,0,0.1,0,no_interval_samples,
effectiveness_v3_20260918T214903Z_6a27b720,G/core50_nc/tight/O11/1/quota_mid,O11,core50_nc,1,reconfiguration,6,211689.541759803,211689.545077313,0.003317510010674596,89405440,89405440,207618048,207618048,251658240,0,2361806848,0,2141528064,0,0,0,0.1,0,no_interval_samples,
effectiveness_v3_20260918T214903Z_6a27b720,G/core50_nc/tight/O11/1/quota_mid,O11,core50_nc,1,resource_transition,7,211689.577108249,211689.577711564,0.0006033149838913232,89405440,89405440,207618048,207618048,251658240,0,2361806848,0,2141528064,0,0,0,0.1,0,no_interval_samples,
effectiveness_v3_20260918T214903Z_6a27b720,G/core50_nc/tight/O11/1/quota_mid,O11,core50_nc,1,training,7,211689.617187129,211837.886139784,148.2689526549948,92702720,177353728,207618048,207618048,251658240,0,2359545856,0,2139267072,0,2360246272,0,0.1,922,,
effectiveness_v3_20260918T214903Z_6a27b720,G/core50_nc/tight/O11/1/quota_mid,O11,core50_nc,1,evaluation,7,211837.958817366,211854.70236391,16.74354654402123,92702720,136819712,207618048,207618048,251658240,0,2364641280,0,2144362496,0,2365427712,0,0.1,95,,
effectiveness_v3_20260918T214903Z_6a27b720,G/core50_nc/tight/O11/1/quota_mid,O11,core50_nc,1,controller,7,211854.740538401,211854.740649021,0.00011061999248340726,92702720,92702720,207618048,207618048,251658240,0,2364645376,0,2144366592,0,0,0,0.1,0,no_interval_samples,
effectiveness_v3_20260918T214903Z_6a27b720,G/core50_nc/tight/O11/1/quota_mid,O11,core50_nc,1,reconfiguration,7,211854.772548318,211854.775840633,0.003292314999271184,92702720,92702720,207618048,207618048,251658240,0,2364645376,0,2144366592,0,0,0,0.1,0,no_interval_samples,
effectiveness_v3_20260918T214903Z_6a27b720,G/core50_nc/tight/O11/1/quota_mid,O11,core50_nc,1,resource_transition,8,211854.807223662,211854.807765115,0.0005414529878180474,92702720,92702720,207618048,207618048,251658240,0,2364645376,0,2144366592,0,0,0,0.1,0,no_interval_samples,
effectiveness_v3_20260918T214903Z_6a27b720,G/core50_nc/tight/O11/1/quota_mid,O11,core50_nc,1,training,8,211854.840356005,212020.628599652,165.7882436469954,95999488,181199872,216006656,216006656,251658240,0,2361565184,0,2141286400,0,2365100032,0,0.1,1037,,
effectiveness_v3_20260918T214903Z_6a27b720,G/core50_nc/tight/O11/1/quota_mid,O11,core50_nc,1,evaluation,8,212020.701572034,212038.965158176,18.26358614198398,95999488,139517440,216006656,216006656,251658240,0,2363297792,0,2143019008,0,2367840256,0,0.1,106,,
effectiveness_v3_20260918T214903Z_6a27b720,G/core50_nc/tight/O11/1/quota_mid,O11,core50_nc,1,controller,8,212039.000811555,212039.000909666,9.811102063395083e-05,95999488,95999488,216006656,216006656,251658240,0,2363297792,0,2143019008,0,0,0,0.1,0,no_interval_samples,
effectiveness_v3_20260918T220535Z_5119b35b,G/core50_nc/tight/O11/2/quota_mid,O11,core50_nc,2,setup,,212046.477474589,212048.014371175,1.5368965860106982,1395712,1395712,2097152,2097152,251658240,0,1575378944,0,1355147264,0,0,0,0.1,0,no_interval_samples,
effectiveness_v3_20260918T220535Z_5119b35b,G/core50_nc/tight/O11/2/quota_mid,O11,core50_nc,2,resource_transition,0,212048.040578462,212048.041013795,0.00043533300049602985,1395712,1395712,2097152,2097152,251658240,0,1575383040,0,1355147264,0,0,0,0.1,0,no_interval_samples,
effectiveness_v3_20260918T220535Z_5119b35b,G/core50_nc/tight/O11/2/quota_mid,O11,core50_nc,2,training,0,212048.066594933,212081.263101516,33.19650658298633,70712320,95452672,117440512,117440512,251658240,0,2070138880,0,1849903104,0,2065858560,0,0.1,201,,
effectiveness_v3_20260918T220535Z_5119b35b,G/core50_nc/tight/O11/2/quota_mid,O11,core50_nc,2,evaluation,0,212081.340350268,212085.02749907,3.6871488020115066,70712320,114230272,159383552,159383552,251658240,0,2115866624,0,1895630848,0,2121539584,0,0.1,21,,
effectiveness_v3_20260918T220535Z_5119b35b,G/core50_nc/tight/O11/2/quota_mid,O11,core50_nc,2,controller,0,212085.062072636,212085.062205006,0.00013236998347565532,70712320,70712320,159383552,159383552,251658240,0,2115866624,0,1895630848,0,0,0,0.1,0,no_interval_samples,
effectiveness_v3_20260918T220535Z_5119b35b,G/core50_nc/tight/O11/2/quota_mid,O11,core50_nc,2,reconfiguration,0,212085.090832155,212085.091131887,0.00029973199707455933,70712320,70712320,159383552,159383552,251658240,0,2115866624,0,1895630848,0,0,0,0.1,0,no_interval_samples,
effectiveness_v3_20260918T220535Z_5119b35b,G/core50_nc/tight/O11/2/quota_mid,O11,core50_nc,2,resource_transition,1,212085.117984572,212085.1185271,0.0005425280251074582,70712320,70712320,159383552,159383552,251658240,0,2115866624,0,1895630848,0,0,0,0.1,0,no_interval_samples,
effectiveness_v3_20260918T220535Z_5119b35b,G/core50_nc/tight/O11/2/quota_mid,O11,core50_nc,2,training,1,212085.14699811,212122.538170804,37.39117269401322,72920064,121897984,161480704,161480704,251658240,0,2246705152,0,2026469376,0,2227580928,0,0.1,224,,
effectiveness_v3_20260918T220535Z_5119b35b,G/core50_nc/tight/O11/2/quota_mid,O11,core50_nc,2,evaluation,1,212122.616447694,212128.068264617,5.451816923014121,72920064,116438016,161480704,161480704,251658240,0,2256150528,0,2035914752,0,2261245952,0,0.1,31,,
effectiveness_v3_20260918T220535Z_5119b35b,G/core50_nc/tight/O11/2/quota_mid,O11,core50_nc,2,controller,1,212128.109897914,212128.110028942,0.00013102800585329533,72920064,72920064,161480704,161480704,251658240,0,2256150528,0,2035914752,0,0,0,0.1,0,no_interval_samples,
effectiveness_v3_20260918T220535Z_5119b35b,G/core50_nc/tight/O11/2/quota_mid,O11,core50_nc,2,reconfiguration,1,212128.140952517,212128.141684647,0.0007321300217881799,72920064,72920064,161480704,161480704,251658240,0,2256150528,0,2035914752,0,0,0,0.1,0,no_interval_samples,
effectiveness_v3_20260918T220535Z_5119b35b,G/core50_nc/tight/O11/2/quota_mid,O11,core50_nc,2,resource_transition,2,212128.171287703,212128.171847897,0.0005601939919870347,72920064,72920064,161480704,161480704,251658240,0,2256150528,0,2035914752,0,0,0,0.1,0,no_interval_samples,
effectiveness_v3_20260918T220535Z_5119b35b,G/core50_nc/tight/O11/2/quota_mid,O11,core50_nc,2,training,2,212128.202883222,212181.43055074,53.22766751801828,76217344,155344896,184549376,184549376,251658240,0,2292555776,0,2072276992,0,2297966592,0,0.1,339,,
effectiveness_v3_20260918T220535Z_5119b35b,G/core50_nc/tight/O11/2/quota_mid,O11,core50_nc,2,evaluation,2,212181.502123572,212188.342669201,6.840545629005646,76217344,121267200,184549376,184549376,251658240,0,2294435840,0,2074157056,0,2297249792,0,0.1,46,,
effectiveness_v3_20260918T220535Z_5119b35b,G/core50_nc/tight/O11/2/quota_mid,O11,core50_nc,2,controller,2,212188.375694275,212188.37581796,0.00012368502211757004,76217344,76217344,184549376,184549376,251658240,0,2294439936,0,2074161152,0,0,0,0.1,0,no_interval_samples,
effectiveness_v3_20260918T220535Z_5119b35b,G/core50_nc/tight/O11/2/quota_mid,O11,core50_nc,2,reconfiguration,2,212188.403836626,212188.405943876,0.002107249980326742,76217344,76217344,184549376,184549376,251658240,0,2294439936,0,2074161152,0,0,0,0.1,0,no_interval_samples,
effectiveness_v3_20260918T220535Z_5119b35b,G/core50_nc/tight/O11/2/quota_mid,O11,core50_nc,2,resource_transition,3,212188.433438218,212188.434039644,0.0006014259997755289,76217344,76217344,184549376,184549376,251658240,0,2294439936,0,2074161152,0,0,0,0.1,0,no_interval_samples,
effectiveness_v3_20260918T220535Z_5119b35b,G/core50_nc/tight/O11/2/quota_mid,O11,core50_nc,2,training,3,212188.464417347,212259.054926064,70.59050871702493,79514624,160280576,186646528,186646528,251658240,0,2350030848,0,2129752064,0,2360041472,0,0.1,440,,
effectiveness_v3_20260918T220535Z_5119b35b,G/core50_nc/tight/O11/2/quota_mid,O11,core50_nc,2,evaluation,3,212259.145819037,212268.691129102,9.545310065004742,79514624,123032576,186646528,186646528,251658240,0,2349936640,0,2129657856,0,2354753536,0,0.1,54,,
effectiveness_v3_20260918T220535Z_5119b35b,G/core50_nc/tight/O11/2/quota_mid,O11,core50_nc,2,controller,3,212268.748056852,212268.748187482,0.0001306300109717995,79514624,79514624,186646528,186646528,251658240,0,2349940736,0,2129661952,0,0,0,0.1,0,no_interval_samples,
effectiveness_v3_20260918T220535Z_5119b35b,G/core50_nc/tight/O11/2/quota_mid,O11,core50_nc,2,reconfiguration,3,212268.779898592,212268.782113796,0.0022152040037326515,79514624,79514624,186646528,186646528,251658240,0,2349940736,0,2129661952,0,0,0,0.1,0,no_interval_samples,
effectiveness_v3_20260918T220535Z_5119b35b,G/core50_nc/tight/O11/2/quota_mid,O11,core50_nc,2,resource_transition,4,212268.813236916,212268.813819953,0.0005830370064359158,79514624,79514624,186646528,186646528,251658240,0,2349940736,0,2129661952,0,0,0,0.1,0,no_interval_samples,
effectiveness_v3_20260918T220535Z_5119b35b,G/core50_nc/tight/O11/2/quota_mid,O11,core50_nc,2,training,4,212268.847347415,212348.666024934,79.81867751901154,82811904,163373568,207618048,207618048,251658240,0,2354348032,0,2134069248,0,2367340544,0,0.1,508,,
effectiveness_v3_20260918T220535Z_5119b35b,G/core50_nc/tight/O11/2/quota_mid,O11,core50_nc,2,evaluation,4,212348.76529549,212359.858159127,11.09286363699357,82811904,126329856,207618048,207618048,251658240,0,2358067200,0,2137788416,0,2358767616,0,0.1,63,,
effectiveness_v3_20260918T220535Z_5119b35b,G/core50_nc/tight/O11/2/quota_mid,O11,core50_nc,2,controller,4,212359.899095969,212359.899225552,0.0001295830006711185,82811904,82811904,207618048,207618048,251658240,0,2358071296,0,2137792512,0,0,0,0.1,0,no_interval_samples,
effectiveness_v3_20260918T220535Z_5119b35b,G/core50_nc/tight/O11/2/quota_mid,O11,core50_nc,2,reconfiguration,4,212359.933943709,212359.937072052,0.0031283429998438805,82811904,82811904,207618048,207618048,251658240,0,2358071296,0,2137792512,0,0,0,0.1,0,no_interval_samples,
effectiveness_v3_20260918T220535Z_5119b35b,G/core50_nc/tight/O11/2/quota_mid,O11,core50_nc,2,resource_transition,5,212359.969698181,212359.970198866,0.0005006850115023553,82811904,82811904,207618048,207618048,251658240,0,2358071296,0,2137792512,0,0,0,0.1,0,no_interval_samples,
effectiveness_v3_20260918T220535Z_5119b35b,G/core50_nc/tight/O11/2/quota_mid,O11,core50_nc,2,training,5,212360.005268319,212453.871526005,93.86625768602244,86108672,168704000,207618048,207618048,251658240,0,2356895744,0,2136616960,0,2373509120,0,0.1,615,,
effectiveness_v3_20260918T220535Z_5119b35b,G/core50_nc/tight/O11/2/quota_mid,O11,core50_nc,2,evaluation,5,212453.965816266,212466.783062182,12.817245915997773,86108672,129626624,207618048,207618048,251658240,0,2361495552,0,2141216768,0,2362486784,0,0.1,72,,
effectiveness_v3_20260918T220535Z_5119b35b,G/core50_nc/tight/O11/2/quota_mid,O11,core50_nc,2,controller,5,212466.820599265,212466.820716413,0.00011714801075868309,86108672,86108672,207618048,207618048,251658240,0,2361499648,0,2141220864,0,0,0,0.1,0,no_interval_samples,
effectiveness_v3_20260918T220535Z_5119b35b,G/core50_nc/tight/O11/2/quota_mid,O11,core50_nc,2,reconfiguration,5,212466.847286681,212466.85046682,0.003180138999596238,86108672,86108672,207618048,207618048,251658240,0,2361499648,0,2141220864,0,0,0,0.1,0,no_interval_samples,
effectiveness_v3_20260918T220535Z_5119b35b,G/core50_nc/tight/O11/2/quota_mid,O11,core50_nc,2,resource_transition,6,212466.88239344,212466.882954393,0.0005609529907815158,86108672,86108672,207618048,207618048,251658240,0,2361499648,0,2141220864,0,0,0,0.1,0,no_interval_samples,
effectiveness_v3_20260918T220535Z_5119b35b,G/core50_nc/tight/O11/2/quota_mid,O11,core50_nc,2,training,6,212466.917424633,212606.184273332,139.2668486990151,89405440,172729856,207618048,207618048,251658240,0,2358222848,0,2137944064,0,2375086080,0,0.1,819,,
effectiveness_v3_20260918T220535Z_5119b35b,G/core50_nc/tight/O11/2/quota_mid,O11,core50_nc,2,evaluation,6,212606.258051268,212621.148609644,14.890558376006084,89405440,132923392,207618048,207618048,251658240,0,2360135680,0,2139856896,0,2364133376,0,0.1,84,,
effectiveness_v3_20260918T220535Z_5119b35b,G/core50_nc/tight/O11/2/quota_mid,O11,core50_nc,2,controller,6,212621.188827449,212621.18895244,0.00012499099830165505,89405440,89405440,207618048,207618048,251658240,0,2360135680,0,2139856896,0,0,0,0.1,0,no_interval_samples,
effectiveness_v3_20260918T220535Z_5119b35b,G/core50_nc/tight/O11/2/quota_mid,O11,core50_nc,2,reconfiguration,6,212621.221447652,212621.227456245,0.006008592987200245,89405440,89405440,207618048,207618048,251658240,0,2360135680,0,2139856896,0,0,0,0.1,0,no_interval_samples,
effectiveness_v3_20260918T220535Z_5119b35b,G/core50_nc/tight/O11/2/quota_mid,O11,core50_nc,2,resource_transition,7,212621.269523959,212621.270173449,0.0006494900153484195,89405440,89405440,207618048,207618048,251658240,0,2360135680,0,2139856896,0,0,0,0.1,0,no_interval_samples,
effectiveness_v3_20260918T220535Z_5119b35b,G/core50_nc/tight/O11/2/quota_mid,O11,core50_nc,2,training,7,212621.308200441,212768.673763444,147.36556300299708,92702720,177353728,207618048,207618048,251658240,0,2360918016,0,2140639232,0,2361548800,0,0.1,916,,
effectiveness_v3_20260918T220535Z_5119b35b,G/core50_nc/tight/O11/2/quota_mid,O11,core50_nc,2,evaluation,7,212768.751998537,212785.355662145,16.603663608024362,92702720,136819712,207618048,207618048,251658240,0,2365153280,0,2144874496,0,2366853120,0,0.1,92,,
effectiveness_v3_20260918T220535Z_5119b35b,G/core50_nc/tight/O11/2/quota_mid,O11,core50_nc,2,controller,7,212785.39386195,212785.393983348,0.00012139801401644945,92702720,92702720,207618048,207618048,251658240,0,2365157376,0,2144878592,0,0,0,0.1,0,no_interval_samples,
effectiveness_v3_20260918T220535Z_5119b35b,G/core50_nc/tight/O11/2/quota_mid,O11,core50_nc,2,reconfiguration,7,212785.426140023,212785.429595042,0.003455019003013149,92702720,92702720,207618048,207618048,251658240,0,2365157376,0,2144878592,0,0,0,0.1,0,no_interval_samples,
effectiveness_v3_20260918T220535Z_5119b35b,G/core50_nc/tight/O11/2/quota_mid,O11,core50_nc,2,resource_transition,8,212785.461655846,212785.462241856,0.0005860099918209016,92702720,92702720,207618048,207618048,251658240,0,2365157376,0,2144878592,0,0,0,0.1,0,no_interval_samples,
effectiveness_v3_20260918T220535Z_5119b35b,G/core50_nc/tight/O11/2/quota_mid,O11,core50_nc,2,training,8,212785.51557331,212949.188474313,163.67290100301034,95999488,181199872,213909504,213909504,251658240,0,2362773504,0,2142494720,0,2363617280,0,0.1,1025,,
effectiveness_v3_20260918T220535Z_5119b35b,G/core50_nc/tight/O11/2/quota_mid,O11,core50_nc,2,evaluation,8,212949.287327867,212968.029457939,18.7421300720016,95999488,139517440,213909504,213909504,251658240,0,2364633088,0,2144354304,0,2368765952,0,0.1,106,,
effectiveness_v3_20260918T220535Z_5119b35b,G/core50_nc/tight/O11/2/quota_mid,O11,core50_nc,2,controller,8,212968.068383577,212968.068476448,9.287102147936821e-05,95999488,95999488,213909504,213909504,251658240,0,2364633088,0,2144354304,0,0,0,0.1,0,no_interval_samples,
