run_id,cell_id,method,dataset,seed,experience,phase,optional_plugins,plugin_state_bytes
effectiveness_v3_20260918T124042Z_48203b04,A/core50_nc/tight/S0/0/default,S0,core50_nc,0,0,training,[],"{'ReplayPlugin': 0, 'PrefetchWrapPlugin': 0, 'EvaluationPlugin': 0, 'PeriodicEval': 0, 'Clock': 0}"
effectiveness_v3_20260918T124042Z_48203b04,A/core50_nc/tight/S0/0/default,S0,core50_nc,0,1,training,[],"{'ReplayPlugin': 0, 'PrefetchWrapPlugin': 0, 'EvaluationPlugin': 0, 'PeriodicEval': 0, 'Clock': 0}"
effectiveness_v3_20260918T124042Z_48203b04,A/core50_nc/tight/S0/0/default,S0,core50_nc,0,2,training,[],"{'ReplayPlugin': 0, 'PrefetchWrapPlugin': 0, 'EvaluationPlugin': 0, 'PeriodicEval': 0, 'Clock': 0}"
effectiveness_v3_20260918T124042Z_48203b04,A/core50_nc/tight/S0/0/default,S0,core50_nc,0,3,training,[],"{'ReplayPlugin': 0, 'PrefetchWrapPlugin': 0, 'EvaluationPlugin': 0, 'PeriodicEval': 0, 'Clock': 0}"
effectiveness_v3_20260918T124042Z_48203b04,A/core50_nc/tight/S0/0/default,S0,core50_nc,0,4,training,[],"{'ReplayPlugin': 0, 'PrefetchWrapPlugin': 0, 'EvaluationPlugin': 0, 'PeriodicEval': 0, 'Clock': 0}"
effectiveness_v3_20260918T124042Z_48203b04,A/core50_nc/tight/S0/0/default,S0,core50_nc,0,5,training,[],"{'ReplayPlugin': 0, 'PrefetchWrapPlugin': 0, 'EvaluationPlugin': 0, 'PeriodicEval': 0, 'Clock': 0}"
effectiveness_v3_20260918T124042Z_48203b04,A/core50_nc/tight/S0/0/default,S0,core50_nc,0,6,training,[],"{'ReplayPlugin': 0, 'PrefetchWrapPlugin': 0, 'EvaluationPlugin': 0, 'PeriodicEval': 0, 'Clock': 0}"
effectiveness_v3_20260918T124042Z_48203b04,A/core50_nc/tight/S0/0/default,S0,core50_nc,0,7,training,[],"{'ReplayPlugin': 0, 'PrefetchWrapPlugin': 0, 'EvaluationPlugin': 0, 'PeriodicEval': 0, 'Clock': 0}"
effectiveness_v3_20260918T124042Z_48203b04,A/core50_nc/tight/S0/0/default,S0,core50_nc,0,8,training,[],"{'ReplayPlugin': 0, 'PrefetchWrapPlugin': 0, 'EvaluationPlugin': 0, 'PeriodicEval': 0, 'Clock': 0}"
effectiveness_v3_20260918T124542Z_e661f745,A/core50_nc/tight/S_star/0/default,S_star,core50_nc,0,0,training,[],"{'ReplayPlugin': 0, 'PrefetchWrapPlugin': 0, 'EvaluationPlugin': 0, 'PeriodicEval': 0, 'Clock': 0}"
effectiveness_v3_20260918T124542Z_e661f745,A/core50_nc/tight/S_star/0/default,S_star,core50_nc,0,1,training,[],"{'ReplayPlugin': 0, 'PrefetchWrapPlugin': 0, 'EvaluationPlugin': 0, 'PeriodicEval': 0, 'Clock': 0}"
effectiveness_v3_20260918T124542Z_e661f745,A/core50_nc/tight/S_star/0/default,S_star,core50_nc,0,2,training,[],"{'ReplayPlugin': 0, 'PrefetchWrapPlugin': 0, 'EvaluationPlugin': 0, 'PeriodicEval': 0, 'Clock': 0}"
effectiveness_v3_20260918T124542Z_e661f745,A/core50_nc/tight/S_star/0/default,S_star,core50_nc,0,3,training,[],"{'ReplayPlugin': 0, 'PrefetchWrapPlugin': 0, 'EvaluationPlugin': 0, 'PeriodicEval': 0, 'Clock': 0}"
effectiveness_v3_20260918T124542Z_e661f745,A/core50_nc/tight/S_star/0/default,S_star,core50_nc,0,4,training,[],"{'ReplayPlugin': 0, 'PrefetchWrapPlugin': 0, 'EvaluationPlugin': 0, 'PeriodicEval': 0, 'Clock': 0}"
effectiveness_v3_20260918T124542Z_e661f745,A/core50_nc/tight/S_star/0/default,S_star,core50_nc,0,5,training,[],"{'ReplayPlugin': 0, 'PrefetchWrapPlugin': 0, 'EvaluationPlugin': 0, 'PeriodicEval': 0, 'Clock': 0}"
effectiveness_v3_20260918T124542Z_e661f745,A/core50_nc/tight/S_star/0/default,S_star,core50_nc,0,6,training,[],"{'ReplayPlugin': 0, 'PrefetchWrapPlugin': 0, 'EvaluationPlugin': 0, 'PeriodicEval': 0, 'Clock': 0}"
effectiveness_v3_20260918T124542Z_e661f745,A/core50_nc/tight/S_star/0/default,S_star,core50_nc,0,7,training,[],"{'ReplayPlugin': 0, 'PrefetchWrapPlugin': 0, 'EvaluationPlugin': 0, 'PeriodicEval': 0, 'Clock': 0}"
effectiveness_v3_20260918T124542Z_e661f745,A/core50_nc/tight/S_star/0/default,S_star,core50_nc,0,8,training,[],"{'ReplayPlugin': 0, 'PrefetchWrapPlugin': 0, 'EvaluationPlugin': 0, 'PeriodicEval': 0, 'Clock': 0}"
effectiveness_v3_20260918T125033Z_0169998d,A/core50_nc/tight/O00/0/default,O00,core50_nc,0,0,training,"[{""name"": ""gem"", ""enabled"": false, ""inner"": ""SparseGEMPlugin"", ""before_backward"": 0, ""after_training_exp"": 0, ""gem_reference_samples"": 0, ""ewc_extra_forward_visits"": 0, ""enabled_history"": [false]}, {""name"": ""ewc"", ""enabled"": false, ""inner"": ""EWCPlugin"", ""before_backward"": 0, ""after_training_exp"": 0, ""gem_reference_samples"": null, ""ewc_extra_forward_visits"": null, ""enabled_history"": [false]}]","{'SparseGEMPlugin': 0, 'EWCPlugin': 0, 'ReplayPlugin': 0, 'PrefetchWrapPlugin': 0, 'EvaluationPlugin': 0, 'PeriodicEval': 0, 'Clock': 0}"
effectiveness_v3_20260918T125033Z_0169998d,A/core50_nc/tight/O00/0/default,O00,core50_nc,0,1,training,"[{""name"": ""gem"", ""enabled"": true, ""inner"": ""SparseGEMPlugin"", ""before_backward"": 750, ""after_training_exp"": 1, ""gem_reference_samples"": 50, ""ewc_extra_forward_visits"": 0, ""enabled_history"": [true]}, {""name"": ""ewc"", ""enabled"": true, ""inner"": ""EWCPlugin"", ""before_backward"": 750, ""after_training_exp"": 1, ""gem_reference_samples"": null, ""ewc_extra_forward_visits"": null, ""enabled_history"": [true]}]","{'SparseGEMPlugin': 615200, 'EWCPlugin': 2178576, 'ReplayPlugin': 0, 'PrefetchWrapPlugin': 0, 'EvaluationPlugin': 0, 'PeriodicEval': 0, 'Clock': 0}"
effectiveness_v3_20260918T125201Z_602c23ec,A/core50_nc/tight/O10/0/default,O10,core50_nc,0,0,training,"[{""name"": ""gem"", ""enabled"": false, ""inner"": ""SparseGEMPlugin"", ""before_backward"": 0, ""after_training_exp"": 0, ""gem_reference_samples"": 0, ""ewc_extra_forward_visits"": 0, ""enabled_history"": [false]}, {""name"": ""ewc"", ""enabled"": false, ""inner"": ""EWCPlugin"", ""before_backward"": 0, ""after_training_exp"": 0, ""gem_reference_samples"": null, ""ewc_extra_forward_visits"": null, ""enabled_history"": [false]}]","{'SparseGEMPlugin': 0, 'EWCPlugin': 0, 'ReplayPlugin': 0, 'PrefetchWrapPlugin': 0, 'EvaluationPlugin': 0, 'PeriodicEval': 0, 'Clock': 0}"
effectiveness_v3_20260918T125201Z_602c23ec,A/core50_nc/tight/O10/0/default,O10,core50_nc,0,1,training,"[{""name"": ""gem"", ""enabled"": true, ""inner"": ""SparseGEMPlugin"", ""before_backward"": 750, ""after_training_exp"": 1, ""gem_reference_samples"": 50, ""ewc_extra_forward_visits"": 0, ""enabled_history"": [true]}, {""name"": ""ewc"", ""enabled"": true, ""inner"": ""EWCPlugin"", ""before_backward"": 750, ""after_training_exp"": 1, ""gem_reference_samples"": null, ""ewc_extra_forward_visits"": null, ""enabled_history"": [true]}]","{'SparseGEMPlugin': 615200, 'EWCPlugin': 2178576, 'ReplayPlugin': 0, 'PrefetchWrapPlugin': 0, 'EvaluationPlugin': 0, 'PeriodicEval': 0, 'Clock': 0}"
effectiveness_v3_20260918T125327Z_307ffa7d,A/core50_nc/tight/O01/0/default,O01,core50_nc,0,0,training,"[{""name"": ""gem"", ""enabled"": false, ""inner"": ""SparseGEMPlugin"", ""before_backward"": 0, ""after_training_exp"": 0, ""gem_reference_samples"": 0, ""ewc_extra_forward_visits"": 0, ""enabled_history"": [false]}, {""name"": ""ewc"", ""enabled"": false, ""inner"": ""EWCPlugin"", ""before_backward"": 0, ""after_training_exp"": 0, ""gem_reference_samples"": null, ""ewc_extra_forward_visits"": null, ""enabled_history"": [false]}]","{'SparseGEMPlugin': 0, 'EWCPlugin': 0, 'ReplayPlugin': 0, 'PrefetchWrapPlugin': 0, 'EvaluationPlugin': 0, 'PeriodicEval': 0, 'Clock': 0}"
effectiveness_v3_20260918T125327Z_307ffa7d,A/core50_nc/tight/O01/0/default,O01,core50_nc,0,1,training,"[{""name"": ""gem"", ""enabled"": true, ""inner"": ""SparseGEMPlugin"", ""before_backward"": 750, ""after_training_exp"": 1, ""gem_reference_samples"": 50, ""ewc_extra_forward_visits"": 0, ""enabled_history"": [true]}, {""name"": ""ewc"", ""enabled"": true, ""inner"": ""EWCPlugin"", ""before_backward"": 750, ""after_training_exp"": 1, ""gem_reference_samples"": null, ""ewc_extra_forward_visits"": null, ""enabled_history"": [true]}]","{'SparseGEMPlugin': 615200, 'EWCPlugin': 2178576, 'ReplayPlugin': 0, 'PrefetchWrapPlugin': 0, 'EvaluationPlugin': 0, 'PeriodicEval': 0, 'Clock': 0}"
effectiveness_v3_20260918T125453Z_e468c444,A/core50_nc/tight/O11/0/default,O11,core50_nc,0,0,training,"[{""name"": ""gem"", ""enabled"": false, ""inner"": ""SparseGEMPlugin"", ""before_backward"": 0, ""after_training_exp"": 0, ""gem_reference_samples"": 0, ""ewc_extra_forward_visits"": 0, ""enabled_history"": [false]}, {""name"": ""ewc"", ""enabled"": false, ""inner"": ""EWCPlugin"", ""before_backward"": 0, ""after_training_exp"": 0, ""gem_reference_samples"": null, ""ewc_extra_forward_visits"": null, ""enabled_history"": [false]}]","{'SparseGEMPlugin': 0, 'EWCPlugin': 0, 'ReplayPlugin': 0, 'PrefetchWrapPlugin': 0, 'EvaluationPlugin': 0, 'PeriodicEval': 0, 'Clock': 0}"
effectiveness_v3_20260918T125453Z_e468c444,A/core50_nc/tight/O11/0/default,O11,core50_nc,0,1,training,"[{""name"": ""gem"", ""enabled"": true, ""inner"": ""SparseGEMPlugin"", ""before_backward"": 750, ""after_training_exp"": 1, ""gem_reference_samples"": 50, ""ewc_extra_forward_visits"": 0, ""enabled_history"": [true]}, {""name"": ""ewc"", ""enabled"": true, ""inner"": ""EWCPlugin"", ""before_backward"": 750, ""after_training_exp"": 1, ""gem_reference_samples"": null, ""ewc_extra_forward_visits"": null, ""enabled_history"": [true]}]","{'SparseGEMPlugin': 615200, 'EWCPlugin': 2178576, 'ReplayPlugin': 0, 'PrefetchWrapPlugin': 0, 'EvaluationPlugin': 0, 'PeriodicEval': 0, 'Clock': 0}"
effectiveness_v3_20260918T125622Z_5cc2c4e7,A/core50_nc/tight/R11/0/default,R11,core50_nc,0,0,training,"[{""name"": ""gem"", ""enabled"": false, ""inner"": ""SparseGEMPlugin"", ""before_backward"": 0, ""after_training_exp"": 0, ""gem_reference_samples"": 0, ""ewc_extra_forward_visits"": 0, ""enabled_history"": [false]}, {""name"": ""ewc"", ""enabled"": false, ""inner"": ""EWCPlugin"", ""before_backward"": 0, ""after_training_exp"": 0, ""gem_reference_samples"": null, ""ewc_extra_forward_visits"": null, ""enabled_history"": [false]}]","{'SparseGEMPlugin': 0, 'EWCPlugin': 0, 'ReplayPlugin': 0, 'PrefetchWrapPlugin': 0, 'EvaluationPlugin': 0, 'PeriodicEval': 0, 'Clock': 0}"
effectiveness_v3_20260918T125622Z_5cc2c4e7,A/core50_nc/tight/R11/0/default,R11,core50_nc,0,1,training,"[{""name"": ""gem"", ""enabled"": false, ""inner"": ""SparseGEMPlugin"", ""before_backward"": 0, ""after_training_exp"": 0, ""gem_reference_samples"": 0, ""ewc_extra_forward_visits"": 0, ""enabled_history"": [false]}, {""name"": ""ewc"", ""enabled"": false, ""inner"": ""EWCPlugin"", ""before_backward"": 0, ""after_training_exp"": 0, ""gem_reference_samples"": null, ""ewc_extra_forward_visits"": null, ""enabled_history"": [false]}]","{'SparseGEMPlugin': 0, 'EWCPlugin': 0, 'ReplayPlugin': 0, 'PrefetchWrapPlugin': 0, 'EvaluationPlugin': 0, 'PeriodicEval': 0, 'Clock': 0}"
effectiveness_v3_20260918T125622Z_5cc2c4e7,A/core50_nc/tight/R11/0/default,R11,core50_nc,0,2,training,"[{""name"": ""gem"", ""enabled"": false, ""inner"": ""SparseGEMPlugin"", ""before_backward"": 0, ""after_training_exp"": 0, ""gem_reference_samples"": 0, ""ewc_extra_forward_visits"": 0, ""enabled_history"": [false]}, {""name"": ""ewc"", ""enabled"": false, ""inner"": ""EWCPlugin"", ""before_backward"": 0, ""after_training_exp"": 0, ""gem_reference_samples"": null, ""ewc_extra_forward_visits"": null, ""enabled_history"": [false]}]","{'SparseGEMPlugin': 0, 'EWCPlugin': 0, 'ReplayPlugin': 0, 'PrefetchWrapPlugin': 0, 'EvaluationPlugin': 0, 'PeriodicEval': 0, 'Clock': 0}"
effectiveness_v3_20260918T125622Z_5cc2c4e7,A/core50_nc/tight/R11/0/default,R11,core50_nc,0,3,training,"[{""name"": ""gem"", ""enabled"": false, ""inner"": ""SparseGEMPlugin"", ""before_backward"": 0, ""after_training_exp"": 0, ""gem_reference_samples"": 0, ""ewc_extra_forward_visits"": 0, ""enabled_history"": [false]}, {""name"": ""ewc"", ""enabled"": false, ""inner"": ""EWCPlugin"", ""before_backward"": 0, ""after_training_exp"": 0, ""gem_reference_samples"": null, ""ewc_extra_forward_visits"": null, ""enabled_history"": [false]}]","{'SparseGEMPlugin': 0, 'EWCPlugin': 0, 'ReplayPlugin': 0, 'PrefetchWrapPlugin': 0, 'EvaluationPlugin': 0, 'PeriodicEval': 0, 'Clock': 0}"
effectiveness_v3_20260918T125622Z_5cc2c4e7,A/core50_nc/tight/R11/0/default,R11,core50_nc,0,4,training,"[{""name"": ""gem"", ""enabled"": false, ""inner"": ""SparseGEMPlugin"", ""before_backward"": 0, ""after_training_exp"": 0, ""gem_reference_samples"": 0, ""ewc_extra_forward_visits"": 0, ""enabled_history"": [false]}, {""name"": ""ewc"", ""enabled"": false, ""inner"": ""EWCPlugin"", ""before_backward"": 0, ""after_training_exp"": 0, ""gem_reference_samples"": null, ""ewc_extra_forward_visits"": null, ""enabled_history"": [false]}]","{'SparseGEMPlugin': 0, 'EWCPlugin': 0, 'ReplayPlugin': 0, 'PrefetchWrapPlugin': 0, 'EvaluationPlugin': 0, 'PeriodicEval': 0, 'Clock': 0}"
effectiveness_v3_20260918T125622Z_5cc2c4e7,A/core50_nc/tight/R11/0/default,R11,core50_nc,0,5,training,"[{""name"": ""gem"", ""enabled"": false, ""inner"": ""SparseGEMPlugin"", ""before_backward"": 0, ""after_training_exp"": 0, ""gem_reference_samples"": 0, ""ewc_extra_forward_visits"": 0, ""enabled_history"": [false]}, {""name"": ""ewc"", ""enabled"": false, ""inner"": ""EWCPlugin"", ""before_backward"": 0, ""after_training_exp"": 0, ""gem_reference_samples"": null, ""ewc_extra_forward_visits"": null, ""enabled_history"": [false]}]","{'SparseGEMPlugin': 0, 'EWCPlugin': 0, 'ReplayPlugin': 0, 'PrefetchWrapPlugin': 0, 'EvaluationPlugin': 0, 'PeriodicEval': 0, 'Clock': 0}"
effectiveness_v3_20260918T125622Z_5cc2c4e7,A/core50_nc/tight/R11/0/default,R11,core50_nc,0,6,training,"[{""name"": ""gem"", ""enabled"": false, ""inner"": ""SparseGEMPlugin"", ""before_backward"": 0, ""after_training_exp"": 0, ""gem_reference_samples"": 0, ""ewc_extra_forward_visits"": 0, ""enabled_history"": [false]}, {""name"": ""ewc"", ""enabled"": false, ""inner"": ""EWCPlugin"", ""before_backward"": 0, ""after_training_exp"": 0, ""gem_reference_samples"": null, ""ewc_extra_forward_visits"": null, ""enabled_history"": [false]}]","{'SparseGEMPlugin': 0, 'EWCPlugin': 0, 'ReplayPlugin': 0, 'PrefetchWrapPlugin': 0, 'EvaluationPlugin': 0, 'PeriodicEval': 0, 'Clock': 0}"
effectiveness_v3_20260918T125622Z_5cc2c4e7,A/core50_nc/tight/R11/0/default,R11,core50_nc,0,7,training,"[{""name"": ""gem"", ""enabled"": false, ""inner"": ""SparseGEMPlugin"", ""before_backward"": 0, ""after_training_exp"": 0, ""gem_reference_samples"": 0, ""ewc_extra_forward_visits"": 0, ""enabled_history"": [false]}, {""name"": ""ewc"", ""enabled"": false, ""inner"": ""EWCPlugin"", ""before_backward"": 0, ""after_training_exp"": 0, ""gem_reference_samples"": null, ""ewc_extra_forward_visits"": null, ""enabled_history"": [false]}]","{'SparseGEMPlugin': 0, 'EWCPlugin': 0, 'ReplayPlugin': 0, 'PrefetchWrapPlugin': 0, 'EvaluationPlugin': 0, 'PeriodicEval': 0, 'Clock': 0}"
effectiveness_v3_20260918T125622Z_5cc2c4e7,A/core50_nc/tight/R11/0/default,R11,core50_nc,0,8,training,"[{""name"": ""gem"", ""enabled"": false, ""inner"": ""SparseGEMPlugin"", ""before_backward"": 0, ""after_training_exp"": 0, ""gem_reference_samples"": 0, ""ewc_extra_forward_visits"": 0, ""enabled_history"": [false]}, {""name"": ""ewc"", ""enabled"": false, ""inner"": ""EWCPlugin"", ""before_backward"": 0, ""after_training_exp"": 0, ""gem_reference_samples"": null, ""ewc_extra_forward_visits"": null, ""enabled_history"": [false]}]","{'SparseGEMPlugin': 0, 'EWCPlugin': 0, 'ReplayPlugin': 0, 'PrefetchWrapPlugin': 0, 'EvaluationPlugin': 0, 'PeriodicEval': 0, 'Clock': 0}"
effectiveness_v3_20260918T130106Z_37d309d9,A/core50_nc/tight/F11/0/default,F11,core50_nc,0,0,training,"[{""name"": ""gem"", ""enabled"": true, ""inner"": ""SparseGEMPlugin"", ""before_backward"": 1499, ""after_training_exp"": 1, ""gem_reference_samples"": 50, ""ewc_extra_forward_visits"": 0, ""enabled_history"": [true]}, {""name"": ""ewc"", ""enabled"": true, ""inner"": ""EWCPlugin"", ""before_backward"": 1499, ""after_training_exp"": 1, ""gem_reference_samples"": null, ""ewc_extra_forward_visits"": null, ""enabled_history"": [true]}]","{'SparseGEMPlugin': 615200, 'EWCPlugin': 2178576, 'ReplayPlugin': 0, 'PrefetchWrapPlugin': 0, 'EvaluationPlugin': 0, 'PeriodicEval': 0, 'Clock': 0}"
effectiveness_v3_20260918T130221Z_60c895a2,A/core50_nc/tight/S_star/1/default,S_star,core50_nc,1,0,training,[],"{'ReplayPlugin': 0, 'PrefetchWrapPlugin': 0, 'EvaluationPlugin': 0, 'PeriodicEval': 0, 'Clock': 0}"
effectiveness_v3_20260918T130221Z_60c895a2,A/core50_nc/tight/S_star/1/default,S_star,core50_nc,1,1,training,[],"{'ReplayPlugin': 0, 'PrefetchWrapPlugin': 0, 'EvaluationPlugin': 0, 'PeriodicEval': 0, 'Clock': 0}"
effectiveness_v3_20260918T130221Z_60c895a2,A/core50_nc/tight/S_star/1/default,S_star,core50_nc,1,2,training,[],"{'ReplayPlugin': 0, 'PrefetchWrapPlugin': 0, 'EvaluationPlugin': 0, 'PeriodicEval': 0, 'Clock': 0}"
effectiveness_v3_20260918T130221Z_60c895a2,A/core50_nc/tight/S_star/1/default,S_star,core50_nc,1,3,training,[],"{'ReplayPlugin': 0, 'PrefetchWrapPlugin': 0, 'EvaluationPlugin': 0, 'PeriodicEval': 0, 'Clock': 0}"
effectiveness_v3_20260918T130221Z_60c895a2,A/core50_nc/tight/S_star/1/default,S_star,core50_nc,1,4,training,[],"{'ReplayPlugin': 0, 'PrefetchWrapPlugin': 0, 'EvaluationPlugin': 0, 'PeriodicEval': 0, 'Clock': 0}"
effectiveness_v3_20260918T130221Z_60c895a2,A/core50_nc/tight/S_star/1/default,S_star,core50_nc,1,5,training,[],"{'ReplayPlugin': 0, 'PrefetchWrapPlugin': 0, 'EvaluationPlugin': 0, 'PeriodicEval': 0, 'Clock': 0}"
effectiveness_v3_20260918T130221Z_60c895a2,A/core50_nc/tight/S_star/1/default,S_star,core50_nc,1,6,training,[],"{'ReplayPlugin': 0, 'PrefetchWrapPlugin': 0, 'EvaluationPlugin': 0, 'PeriodicEval': 0, 'Clock': 0}"
effectiveness_v3_20260918T130221Z_60c895a2,A/core50_nc/tight/S_star/1/default,S_star,core50_nc,1,7,training,[],"{'ReplayPlugin': 0, 'PrefetchWrapPlugin': 0, 'EvaluationPlugin': 0, 'PeriodicEval': 0, 'Clock': 0}"
effectiveness_v3_20260918T130221Z_60c895a2,A/core50_nc/tight/S_star/1/default,S_star,core50_nc,1,8,training,[],"{'ReplayPlugin': 0, 'PrefetchWrapPlugin': 0, 'EvaluationPlugin': 0, 'PeriodicEval': 0, 'Clock': 0}"
effectiveness_v3_20260918T130717Z_c1ab5a21,A/core50_nc/tight/O00/1/default,O00,core50_nc,1,0,training,"[{""name"": ""gem"", ""enabled"": false, ""inner"": ""SparseGEMPlugin"", ""before_backward"": 0, ""after_training_exp"": 0, ""gem_reference_samples"": 0, ""ewc_extra_forward_visits"": 0, ""enabled_history"": [false]}, {""name"": ""ewc"", ""enabled"": false, ""inner"": ""EWCPlugin"", ""before_backward"": 0, ""after_training_exp"": 0, ""gem_reference_samples"": null, ""ewc_extra_forward_visits"": null, ""enabled_history"": [false]}]","{'SparseGEMPlugin': 0, 'EWCPlugin': 0, 'ReplayPlugin': 0, 'PrefetchWrapPlugin': 0, 'EvaluationPlugin': 0, 'PeriodicEval': 0, 'Clock': 0}"
effectiveness_v3_20260918T130717Z_c1ab5a21,A/core50_nc/tight/O00/1/default,O00,core50_nc,1,1,training,"[{""name"": ""gem"", ""enabled"": true, ""inner"": ""SparseGEMPlugin"", ""before_backward"": 750, ""after_training_exp"": 1, ""gem_reference_samples"": 50, ""ewc_extra_forward_visits"": 0, ""enabled_history"": [true]}, {""name"": ""ewc"", ""enabled"": true, ""inner"": ""EWCPlugin"", ""before_backward"": 750, ""after_training_exp"": 1, ""gem_reference_samples"": null, ""ewc_extra_forward_visits"": null, ""enabled_history"": [true]}]","{'SparseGEMPlugin': 615200, 'EWCPlugin': 2178576, 'ReplayPlugin': 0, 'PrefetchWrapPlugin': 0, 'EvaluationPlugin': 0, 'PeriodicEval': 0, 'Clock': 0}"
effectiveness_v3_20260918T130845Z_09b114c7,A/core50_nc/tight/O10/1/default,O10,core50_nc,1,0,training,"[{""name"": ""gem"", ""enabled"": false, ""inner"": ""SparseGEMPlugin"", ""before_backward"": 0, ""after_training_exp"": 0, ""gem_reference_samples"": 0, ""ewc_extra_forward_visits"": 0, ""enabled_history"": [false]}, {""name"": ""ewc"", ""enabled"": false, ""inner"": ""EWCPlugin"", ""before_backward"": 0, ""after_training_exp"": 0, ""gem_reference_samples"": null, ""ewc_extra_forward_visits"": null, ""enabled_history"": [false]}]","{'SparseGEMPlugin': 0, 'EWCPlugin': 0, 'ReplayPlugin': 0, 'PrefetchWrapPlugin': 0, 'EvaluationPlugin': 0, 'PeriodicEval': 0, 'Clock': 0}"
effectiveness_v3_20260918T130845Z_09b114c7,A/core50_nc/tight/O10/1/default,O10,core50_nc,1,1,training,"[{""name"": ""gem"", ""enabled"": true, ""inner"": ""SparseGEMPlugin"", ""before_backward"": 750, ""after_training_exp"": 1, ""gem_reference_samples"": 50, ""ewc_extra_forward_visits"": 0, ""enabled_history"": [true]}, {""name"": ""ewc"", ""enabled"": true, ""inner"": ""EWCPlugin"", ""before_backward"": 750, ""after_training_exp"": 1, ""gem_reference_samples"": null, ""ewc_extra_forward_visits"": null, ""enabled_history"": [true]}]","{'SparseGEMPlugin': 615200, 'EWCPlugin': 2178576, 'ReplayPlugin': 0, 'PrefetchWrapPlugin': 0, 'EvaluationPlugin': 0, 'PeriodicEval': 0, 'Clock': 0}"
effectiveness_v3_20260918T131014Z_b09fde4a,A/core50_nc/tight/O01/1/default,O01,core50_nc,1,0,training,"[{""name"": ""gem"", ""enabled"": false, ""inner"": ""SparseGEMPlugin"", ""before_backward"": 0, ""after_training_exp"": 0, ""gem_reference_samples"": 0, ""ewc_extra_forward_visits"": 0, ""enabled_history"": [false]}, {""name"": ""ewc"", ""enabled"": false, ""inner"": ""EWCPlugin"", ""before_backward"": 0, ""after_training_exp"": 0, ""gem_reference_samples"": null, ""ewc_extra_forward_visits"": null, ""enabled_history"": [false]}]","{'SparseGEMPlugin': 0, 'EWCPlugin': 0, 'ReplayPlugin': 0, 'PrefetchWrapPlugin': 0, 'EvaluationPlugin': 0, 'PeriodicEval': 0, 'Clock': 0}"
effectiveness_v3_20260918T131014Z_b09fde4a,A/core50_nc/tight/O01/1/default,O01,core50_nc,1,1,training,"[{""name"": ""gem"", ""enabled"": true, ""inner"": ""SparseGEMPlugin"", ""before_backward"": 750, ""after_training_exp"": 1, ""gem_reference_samples"": 50, ""ewc_extra_forward_visits"": 0, ""enabled_history"": [true]}, {""name"": ""ewc"", ""enabled"": true, ""inner"": ""EWCPlugin"", ""before_backward"": 750, ""after_training_exp"": 1, ""gem_reference_samples"": null, ""ewc_extra_forward_visits"": null, ""enabled_history"": [true]}]","{'SparseGEMPlugin': 615200, 'EWCPlugin': 2178576, 'ReplayPlugin': 0, 'PrefetchWrapPlugin': 0, 'EvaluationPlugin': 0, 'PeriodicEval': 0, 'Clock': 0}"
effectiveness_v3_20260918T131141Z_97cbc12a,A/core50_nc/tight/O11/1/default,O11,core50_nc,1,0,training,"[{""name"": ""gem"", ""enabled"": false, ""inner"": ""SparseGEMPlugin"", ""before_backward"": 0, ""after_training_exp"": 0, ""gem_reference_samples"": 0, ""ewc_extra_forward_visits"": 0, ""enabled_history"": [false]}, {""name"": ""ewc"", ""enabled"": false, ""inner"": ""EWCPlugin"", ""before_backward"": 0, ""after_training_exp"": 0, ""gem_reference_samples"": null, ""ewc_extra_forward_visits"": null, ""enabled_history"": [false]}]","{'SparseGEMPlugin': 0, 'EWCPlugin': 0, 'ReplayPlugin': 0, 'PrefetchWrapPlugin': 0, 'EvaluationPlugin': 0, 'PeriodicEval': 0, 'Clock': 0}"
effectiveness_v3_20260918T131141Z_97cbc12a,A/core50_nc/tight/O11/1/default,O11,core50_nc,1,1,training,"[{""name"": ""gem"", ""enabled"": true, ""inner"": ""SparseGEMPlugin"", ""before_backward"": 750, ""after_training_exp"": 1, ""gem_reference_samples"": 50, ""ewc_extra_forward_visits"": 0, ""enabled_history"": [true]}, {""name"": ""ewc"", ""enabled"": true, ""inner"": ""EWCPlugin"", ""before_backward"": 750, ""after_training_exp"": 1, ""gem_reference_samples"": null, ""ewc_extra_forward_visits"": null, ""enabled_history"": [true]}]","{'SparseGEMPlugin': 615200, 'EWCPlugin': 2178576, 'ReplayPlugin': 0, 'PrefetchWrapPlugin': 0, 'EvaluationPlugin': 0, 'PeriodicEval': 0, 'Clock': 0}"
effectiveness_v3_20260918T131308Z_e7f97314,A/core50_nc/tight/R11/1/default,R11,core50_nc,1,0,training,"[{""name"": ""gem"", ""enabled"": false, ""inner"": ""SparseGEMPlugin"", ""before_backward"": 0, ""after_training_exp"": 0, ""gem_reference_samples"": 0, ""ewc_extra_forward_visits"": 0, ""enabled_history"": [false]}, {""name"": ""ewc"", ""enabled"": false, ""inner"": ""EWCPlugin"", ""before_backward"": 0, ""after_training_exp"": 0, ""gem_reference_samples"": null, ""ewc_extra_forward_visits"": null, ""enabled_history"": [false]}]","{'SparseGEMPlugin': 0, 'EWCPlugin': 0, 'ReplayPlugin': 0, 'PrefetchWrapPlugin': 0, 'EvaluationPlugin': 0, 'PeriodicEval': 0, 'Clock': 0}"
effectiveness_v3_20260918T131308Z_e7f97314,A/core50_nc/tight/R11/1/default,R11,core50_nc,1,1,training,"[{""name"": ""gem"", ""enabled"": false, ""inner"": ""SparseGEMPlugin"", ""before_backward"": 0, ""after_training_exp"": 0, ""gem_reference_samples"": 0, ""ewc_extra_forward_visits"": 0, ""enabled_history"": [false]}, {""name"": ""ewc"", ""enabled"": false, ""inner"": ""EWCPlugin"", ""before_backward"": 0, ""after_training_exp"": 0, ""gem_reference_samples"": null, ""ewc_extra_forward_visits"": null, ""enabled_history"": [false]}]","{'SparseGEMPlugin': 0, 'EWCPlugin': 0, 'ReplayPlugin': 0, 'PrefetchWrapPlugin': 0, 'EvaluationPlugin': 0, 'PeriodicEval': 0, 'Clock': 0}"
effectiveness_v3_20260918T131308Z_e7f97314,A/core50_nc/tight/R11/1/default,R11,core50_nc,1,2,training,"[{""name"": ""gem"", ""enabled"": false, ""inner"": ""SparseGEMPlugin"", ""before_backward"": 0, ""after_training_exp"": 0, ""gem_reference_samples"": 0, ""ewc_extra_forward_visits"": 0, ""enabled_history"": [false]}, {""name"": ""ewc"", ""enabled"": false, ""inner"": ""EWCPlugin"", ""before_backward"": 0, ""after_training_exp"": 0, ""gem_reference_samples"": null, ""ewc_extra_forward_visits"": null, ""enabled_history"": [false]}]","{'SparseGEMPlugin': 0, 'EWCPlugin': 0, 'ReplayPlugin': 0, 'PrefetchWrapPlugin': 0, 'EvaluationPlugin': 0, 'PeriodicEval': 0, 'Clock': 0}"
effectiveness_v3_20260918T131308Z_e7f97314,A/core50_nc/tight/R11/1/default,R11,core50_nc,1,3,training,"[{""name"": ""gem"", ""enabled"": false, ""inner"": ""SparseGEMPlugin"", ""before_backward"": 0, ""after_training_exp"": 0, ""gem_reference_samples"": 0, ""ewc_extra_forward_visits"": 0, ""enabled_history"": [false]}, {""name"": ""ewc"", ""enabled"": false, ""inner"": ""EWCPlugin"", ""before_backward"": 0, ""after_training_exp"": 0, ""gem_reference_samples"": null, ""ewc_extra_forward_visits"": null, ""enabled_history"": [false]}]","{'SparseGEMPlugin': 0, 'EWCPlugin': 0, 'ReplayPlugin': 0, 'PrefetchWrapPlugin': 0, 'EvaluationPlugin': 0, 'PeriodicEval': 0, 'Clock': 0}"
effectiveness_v3_20260918T131308Z_e7f97314,A/core50_nc/tight/R11/1/default,R11,core50_nc,1,4,training,"[{""name"": ""gem"", ""enabled"": false, ""inner"": ""SparseGEMPlugin"", ""before_backward"": 0, ""after_training_exp"": 0, ""gem_reference_samples"": 0, ""ewc_extra_forward_visits"": 0, ""enabled_history"": [false]}, {""name"": ""ewc"", ""enabled"": false, ""inner"": ""EWCPlugin"", ""before_backward"": 0, ""after_training_exp"": 0, ""gem_reference_samples"": null, ""ewc_extra_forward_visits"": null, ""enabled_history"": [false]}]","{'SparseGEMPlugin': 0, 'EWCPlugin': 0, 'ReplayPlugin': 0, 'PrefetchWrapPlugin': 0, 'EvaluationPlugin': 0, 'PeriodicEval': 0, 'Clock': 0}"
effectiveness_v3_20260918T131308Z_e7f97314,A/core50_nc/tight/R11/1/default,R11,core50_nc,1,5,training,"[{""name"": ""gem"", ""enabled"": false, ""inner"": ""SparseGEMPlugin"", ""before_backward"": 0, ""after_training_exp"": 0, ""gem_reference_samples"": 0, ""ewc_extra_forward_visits"": 0, ""enabled_history"": [false]}, {""name"": ""ewc"", ""enabled"": false, ""inner"": ""EWCPlugin"", ""before_backward"": 0, ""after_training_exp"": 0, ""gem_reference_samples"": null, ""ewc_extra_forward_visits"": null, ""enabled_history"": [false]}]","{'SparseGEMPlugin': 0, 'EWCPlugin': 0, 'ReplayPlugin': 0, 'PrefetchWrapPlugin': 0, 'EvaluationPlugin': 0, 'PeriodicEval': 0, 'Clock': 0}"
effectiveness_v3_20260918T131308Z_e7f97314,A/core50_nc/tight/R11/1/default,R11,core50_nc,1,6,training,"[{""name"": ""gem"", ""enabled"": false, ""inner"": ""SparseGEMPlugin"", ""before_backward"": 0, ""after_training_exp"": 0, ""gem_reference_samples"": 0, ""ewc_extra_forward_visits"": 0, ""enabled_history"": [false]}, {""name"": ""ewc"", ""enabled"": false, ""inner"": ""EWCPlugin"", ""before_backward"": 0, ""after_training_exp"": 0, ""gem_reference_samples"": null, ""ewc_extra_forward_visits"": null, ""enabled_history"": [false]}]","{'SparseGEMPlugin': 0, 'EWCPlugin': 0, 'ReplayPlugin': 0, 'PrefetchWrapPlugin': 0, 'EvaluationPlugin': 0, 'PeriodicEval': 0, 'Clock': 0}"
effectiveness_v3_20260918T131308Z_e7f97314,A/core50_nc/tight/R11/1/default,R11,core50_nc,1,7,training,"[{""name"": ""gem"", ""enabled"": false, ""inner"": ""SparseGEMPlugin"", ""before_backward"": 0, ""after_training_exp"": 0, ""gem_reference_samples"": 0, ""ewc_extra_forward_visits"": 0, ""enabled_history"": [false]}, {""name"": ""ewc"", ""enabled"": false, ""inner"": ""EWCPlugin"", ""before_backward"": 0, ""after_training_exp"": 0, ""gem_reference_samples"": null, ""ewc_extra_forward_visits"": null, ""enabled_history"": [false]}]","{'SparseGEMPlugin': 0, 'EWCPlugin': 0, 'ReplayPlugin': 0, 'PrefetchWrapPlugin': 0, 'EvaluationPlugin': 0, 'PeriodicEval': 0, 'Clock': 0}"
effectiveness_v3_20260918T131308Z_e7f97314,A/core50_nc/tight/R11/1/default,R11,core50_nc,1,8,training,"[{""name"": ""gem"", ""enabled"": false, ""inner"": ""SparseGEMPlugin"", ""before_backward"": 0, ""after_training_exp"": 0, ""gem_reference_samples"": 0, ""ewc_extra_forward_visits"": 0, ""enabled_history"": [false]}, {""name"": ""ewc"", ""enabled"": false, ""inner"": ""EWCPlugin"", ""before_backward"": 0, ""after_training_exp"": 0, ""gem_reference_samples"": null, ""ewc_extra_forward_visits"": null, ""enabled_history"": [false]}]","{'SparseGEMPlugin': 0, 'EWCPlugin': 0, 'ReplayPlugin': 0, 'PrefetchWrapPlugin': 0, 'EvaluationPlugin': 0, 'PeriodicEval': 0, 'Clock': 0}"
effectiveness_v3_20260918T131757Z_e471a404,A/core50_nc/tight/F11/1/default,F11,core50_nc,1,0,training,"[{""name"": ""gem"", ""enabled"": true, ""inner"": ""SparseGEMPlugin"", ""before_backward"": 1499, ""after_training_exp"": 1, ""gem_reference_samples"": 50, ""ewc_extra_forward_visits"": 0, ""enabled_history"": [true]}, {""name"": ""ewc"", ""enabled"": true, ""inner"": ""EWCPlugin"", ""before_backward"": 1499, ""after_training_exp"": 1, ""gem_reference_samples"": null, ""ewc_extra_forward_visits"": null, ""enabled_history"": [true]}]","{'SparseGEMPlugin': 615200, 'EWCPlugin': 2178576, 'ReplayPlugin': 0, 'PrefetchWrapPlugin': 0, 'EvaluationPlugin': 0, 'PeriodicEval': 0, 'Clock': 0}"
effectiveness_v3_20260918T131917Z_45192821,A/core50_nc/tight/S0/1/default,S0,core50_nc,1,0,training,[],"{'ReplayPlugin': 0, 'PrefetchWrapPlugin': 0, 'EvaluationPlugin': 0, 'PeriodicEval': 0, 'Clock': 0}"
effectiveness_v3_20260918T131917Z_45192821,A/core50_nc/tight/S0/1/default,S0,core50_nc,1,1,training,[],"{'ReplayPlugin': 0, 'PrefetchWrapPlugin': 0, 'EvaluationPlugin': 0, 'PeriodicEval': 0, 'Clock': 0}"
effectiveness_v3_20260918T131917Z_45192821,A/core50_nc/tight/S0/1/default,S0,core50_nc,1,2,training,[],"{'ReplayPlugin': 0, 'PrefetchWrapPlugin': 0, 'EvaluationPlugin': 0, 'PeriodicEval': 0, 'Clock': 0}"
effectiveness_v3_20260918T131917Z_45192821,A/core50_nc/tight/S0/1/default,S0,core50_nc,1,3,training,[],"{'ReplayPlugin': 0, 'PrefetchWrapPlugin': 0, 'EvaluationPlugin': 0, 'PeriodicEval': 0, 'Clock': 0}"
effectiveness_v3_20260918T131917Z_45192821,A/core50_nc/tight/S0/1/default,S0,core50_nc,1,4,training,[],"{'ReplayPlugin': 0, 'PrefetchWrapPlugin': 0, 'EvaluationPlugin': 0, 'PeriodicEval': 0, 'Clock': 0}"
effectiveness_v3_20260918T131917Z_45192821,A/core50_nc/tight/S0/1/default,S0,core50_nc,1,5,training,[],"{'ReplayPlugin': 0, 'PrefetchWrapPlugin': 0, 'EvaluationPlugin': 0, 'PeriodicEval': 0, 'Clock': 0}"
effectiveness_v3_20260918T131917Z_45192821,A/core50_nc/tight/S0/1/default,S0,core50_nc,1,6,training,[],"{'ReplayPlugin': 0, 'PrefetchWrapPlugin': 0, 'EvaluationPlugin': 0, 'PeriodicEval': 0, 'Clock': 0}"
effectiveness_v3_20260918T131917Z_45192821,A/core50_nc/tight/S0/1/default,S0,core50_nc,1,7,training,[],"{'ReplayPlugin': 0, 'PrefetchWrapPlugin': 0, 'EvaluationPlugin': 0, 'PeriodicEval': 0, 'Clock': 0}"
effectiveness_v3_20260918T131917Z_45192821,A/core50_nc/tight/S0/1/default,S0,core50_nc,1,8,training,[],"{'ReplayPlugin': 0, 'PrefetchWrapPlugin': 0, 'EvaluationPlugin': 0, 'PeriodicEval': 0, 'Clock': 0}"
effectiveness_v3_20260918T132403Z_30b2b6d9,A/core50_nc/tight/O00/2/default,O00,core50_nc,2,0,training,"[{""name"": ""gem"", ""enabled"": false, ""inner"": ""SparseGEMPlugin"", ""before_backward"": 0, ""after_training_exp"": 0, ""gem_reference_samples"": 0, ""ewc_extra_forward_visits"": 0, ""enabled_history"": [false]}, {""name"": ""ewc"", ""enabled"": false, ""inner"": ""EWCPlugin"", ""before_backward"": 0, ""after_training_exp"": 0, ""gem_reference_samples"": null, ""ewc_extra_forward_visits"": null, ""enabled_history"": [false]}]","{'SparseGEMPlugin': 0, 'EWCPlugin': 0, 'ReplayPlugin': 0, 'PrefetchWrapPlugin': 0, 'EvaluationPlugin': 0, 'PeriodicEval': 0, 'Clock': 0}"
effectiveness_v3_20260918T132403Z_30b2b6d9,A/core50_nc/tight/O00/2/default,O00,core50_nc,2,1,training,"[{""name"": ""gem"", ""enabled"": true, ""inner"": ""SparseGEMPlugin"", ""before_backward"": 750, ""after_training_exp"": 1, ""gem_reference_samples"": 50, ""ewc_extra_forward_visits"": 0, ""enabled_history"": [true]}, {""name"": ""ewc"", ""enabled"": true, ""inner"": ""EWCPlugin"", ""before_backward"": 750, ""after_training_exp"": 1, ""gem_reference_samples"": null, ""ewc_extra_forward_visits"": null, ""enabled_history"": [true]}]","{'SparseGEMPlugin': 615200, 'EWCPlugin': 2178576, 'ReplayPlugin': 0, 'PrefetchWrapPlugin': 0, 'EvaluationPlugin': 0, 'PeriodicEval': 0, 'Clock': 0}"
effectiveness_v3_20260918T132532Z_ffb79b97,A/core50_nc/tight/O10/2/default,O10,core50_nc,2,0,training,"[{""name"": ""gem"", ""enabled"": false, ""inner"": ""SparseGEMPlugin"", ""before_backward"": 0, ""after_training_exp"": 0, ""gem_reference_samples"": 0, ""ewc_extra_forward_visits"": 0, ""enabled_history"": [false]}, {""name"": ""ewc"", ""enabled"": false, ""inner"": ""EWCPlugin"", ""before_backward"": 0, ""after_training_exp"": 0, ""gem_reference_samples"": null, ""ewc_extra_forward_visits"": null, ""enabled_history"": [false]}]","{'SparseGEMPlugin': 0, 'EWCPlugin': 0, 'ReplayPlugin': 0, 'PrefetchWrapPlugin': 0, 'EvaluationPlugin': 0, 'PeriodicEval': 0, 'Clock': 0}"
effectiveness_v3_20260918T132532Z_ffb79b97,A/core50_nc/tight/O10/2/default,O10,core50_nc,2,1,training,"[{""name"": ""gem"", ""enabled"": true, ""inner"": ""SparseGEMPlugin"", ""before_backward"": 750, ""after_training_exp"": 1, ""gem_reference_samples"": 50, ""ewc_extra_forward_visits"": 0, ""enabled_history"": [true]}, {""name"": ""ewc"", ""enabled"": true, ""inner"": ""EWCPlugin"", ""before_backward"": 750, ""after_training_exp"": 1, ""gem_reference_samples"": null, ""ewc_extra_forward_visits"": null, ""enabled_history"": [true]}]","{'SparseGEMPlugin': 615200, 'EWCPlugin': 2178576, 'ReplayPlugin': 0, 'PrefetchWrapPlugin': 0, 'EvaluationPlugin': 0, 'PeriodicEval': 0, 'Clock': 0}"
effectiveness_v3_20260918T132658Z_2cba89e4,A/core50_nc/tight/O01/2/default,O01,core50_nc,2,0,training,"[{""name"": ""gem"", ""enabled"": false, ""inner"": ""SparseGEMPlugin"", ""before_backward"": 0, ""after_training_exp"": 0, ""gem_reference_samples"": 0, ""ewc_extra_forward_visits"": 0, ""enabled_history"": [false]}, {""name"": ""ewc"", ""enabled"": false, ""inner"": ""EWCPlugin"", ""before_backward"": 0, ""after_training_exp"": 0, ""gem_reference_samples"": null, ""ewc_extra_forward_visits"": null, ""enabled_history"": [false]}]","{'SparseGEMPlugin': 0, 'EWCPlugin': 0, 'ReplayPlugin': 0, 'PrefetchWrapPlugin': 0, 'EvaluationPlugin': 0, 'PeriodicEval': 0, 'Clock': 0}"
effectiveness_v3_20260918T132658Z_2cba89e4,A/core50_nc/tight/O01/2/default,O01,core50_nc,2,1,training,"[{""name"": ""gem"", ""enabled"": true, ""inner"": ""SparseGEMPlugin"", ""before_backward"": 750, ""after_training_exp"": 1, ""gem_reference_samples"": 50, ""ewc_extra_forward_visits"": 0, ""enabled_history"": [true]}, {""name"": ""ewc"", ""enabled"": true, ""inner"": ""EWCPlugin"", ""before_backward"": 750, ""after_training_exp"": 1, ""gem_reference_samples"": null, ""ewc_extra_forward_visits"": null, ""enabled_history"": [true]}]","{'SparseGEMPlugin': 615200, 'EWCPlugin': 2178576, 'ReplayPlugin': 0, 'PrefetchWrapPlugin': 0, 'EvaluationPlugin': 0, 'PeriodicEval': 0, 'Clock': 0}"
effectiveness_v3_20260918T132826Z_dafb140a,A/core50_nc/tight/O11/2/default,O11,core50_nc,2,0,training,"[{""name"": ""gem"", ""enabled"": false, ""inner"": ""SparseGEMPlugin"", ""before_backward"": 0, ""after_training_exp"": 0, ""gem_reference_samples"": 0, ""ewc_extra_forward_visits"": 0, ""enabled_history"": [false]}, {""name"": ""ewc"", ""enabled"": false, ""inner"": ""EWCPlugin"", ""before_backward"": 0, ""after_training_exp"": 0, ""gem_reference_samples"": null, ""ewc_extra_forward_visits"": null, ""enabled_history"": [false]}]","{'SparseGEMPlugin': 0, 'EWCPlugin': 0, 'ReplayPlugin': 0, 'PrefetchWrapPlugin': 0, 'EvaluationPlugin': 0, 'PeriodicEval': 0, 'Clock': 0}"
effectiveness_v3_20260918T132826Z_dafb140a,A/core50_nc/tight/O11/2/default,O11,core50_nc,2,1,training,"[{""name"": ""gem"", ""enabled"": true, ""inner"": ""SparseGEMPlugin"", ""before_backward"": 750, ""after_training_exp"": 1, ""gem_reference_samples"": 50, ""ewc_extra_forward_visits"": 0, ""enabled_history"": [true]}, {""name"": ""ewc"", ""enabled"": true, ""inner"": ""EWCPlugin"", ""before_backward"": 750, ""after_training_exp"": 1, ""gem_reference_samples"": null, ""ewc_extra_forward_visits"": null, ""enabled_history"": [true]}]","{'SparseGEMPlugin': 615200, 'EWCPlugin': 2178576, 'ReplayPlugin': 0, 'PrefetchWrapPlugin': 0, 'EvaluationPlugin': 0, 'PeriodicEval': 0, 'Clock': 0}"
effectiveness_v3_20260918T132954Z_7351c595,A/core50_nc/tight/R11/2/default,R11,core50_nc,2,0,training,"[{""name"": ""gem"", ""enabled"": false, ""inner"": ""SparseGEMPlugin"", ""before_backward"": 0, ""after_training_exp"": 0, ""gem_reference_samples"": 0, ""ewc_extra_forward_visits"": 0, ""enabled_history"": [false]}, {""name"": ""ewc"", ""enabled"": false, ""inner"": ""EWCPlugin"", ""before_backward"": 0, ""after_training_exp"": 0, ""gem_reference_samples"": null, ""ewc_extra_forward_visits"": null, ""enabled_history"": [false]}]","{'SparseGEMPlugin': 0, 'EWCPlugin': 0, 'ReplayPlugin': 0, 'PrefetchWrapPlugin': 0, 'EvaluationPlugin': 0, 'PeriodicEval': 0, 'Clock': 0}"
effectiveness_v3_20260918T132954Z_7351c595,A/core50_nc/tight/R11/2/default,R11,core50_nc,2,1,training,"[{""name"": ""gem"", ""enabled"": false, ""inner"": ""SparseGEMPlugin"", ""before_backward"": 0, ""after_training_exp"": 0, ""gem_reference_samples"": 0, ""ewc_extra_forward_visits"": 0, ""enabled_history"": [false]}, {""name"": ""ewc"", ""enabled"": false, ""inner"": ""EWCPlugin"", ""before_backward"": 0, ""after_training_exp"": 0, ""gem_reference_samples"": null, ""ewc_extra_forward_visits"": null, ""enabled_history"": [false]}]","{'SparseGEMPlugin': 0, 'EWCPlugin': 0, 'ReplayPlugin': 0, 'PrefetchWrapPlugin': 0, 'EvaluationPlugin': 0, 'PeriodicEval': 0, 'Clock': 0}"
effectiveness_v3_20260918T132954Z_7351c595,A/core50_nc/tight/R11/2/default,R11,core50_nc,2,2,training,"[{""name"": ""gem"", ""enabled"": false, ""inner"": ""SparseGEMPlugin"", ""before_backward"": 0, ""after_training_exp"": 0, ""gem_reference_samples"": 0, ""ewc_extra_forward_visits"": 0, ""enabled_history"": [false]}, {""name"": ""ewc"", ""enabled"": false, ""inner"": ""EWCPlugin"", ""before_backward"": 0, ""after_training_exp"": 0, ""gem_reference_samples"": null, ""ewc_extra_forward_visits"": null, ""enabled_history"": [false]}]","{'SparseGEMPlugin': 0, 'EWCPlugin': 0, 'ReplayPlugin': 0, 'PrefetchWrapPlugin': 0, 'EvaluationPlugin': 0, 'PeriodicEval': 0, 'Clock': 0}"
effectiveness_v3_20260918T132954Z_7351c595,A/core50_nc/tight/R11/2/default,R11,core50_nc,2,3,training,"[{""name"": ""gem"", ""enabled"": false, ""inner"": ""SparseGEMPlugin"", ""before_backward"": 0, ""after_training_exp"": 0, ""gem_reference_samples"": 0, ""ewc_extra_forward_visits"": 0, ""enabled_history"": [false]}, {""name"": ""ewc"", ""enabled"": false, ""inner"": ""EWCPlugin"", ""before_backward"": 0, ""after_training_exp"": 0, ""gem_reference_samples"": null, ""ewc_extra_forward_visits"": null, ""enabled_history"": [false]}]","{'SparseGEMPlugin': 0, 'EWCPlugin': 0, 'ReplayPlugin': 0, 'PrefetchWrapPlugin': 0, 'EvaluationPlugin': 0, 'PeriodicEval': 0, 'Clock': 0}"
effectiveness_v3_20260918T132954Z_7351c595,A/core50_nc/tight/R11/2/default,R11,core50_nc,2,4,training,"[{""name"": ""gem"", ""enabled"": false, ""inner"": ""SparseGEMPlugin"", ""before_backward"": 0, ""after_training_exp"": 0, ""gem_reference_samples"": 0, ""ewc_extra_forward_visits"": 0, ""enabled_history"": [false]}, {""name"": ""ewc"", ""enabled"": false, ""inner"": ""EWCPlugin"", ""before_backward"": 0, ""after_training_exp"": 0, ""gem_reference_samples"": null, ""ewc_extra_forward_visits"": null, ""enabled_history"": [false]}]","{'SparseGEMPlugin': 0, 'EWCPlugin': 0, 'ReplayPlugin': 0, 'PrefetchWrapPlugin': 0, 'EvaluationPlugin': 0, 'PeriodicEval': 0, 'Clock': 0}"
effectiveness_v3_20260918T132954Z_7351c595,A/core50_nc/tight/R11/2/default,R11,core50_nc,2,5,training,"[{""name"": ""gem"", ""enabled"": false, ""inner"": ""SparseGEMPlugin"", ""before_backward"": 0, ""after_training_exp"": 0, ""gem_reference_samples"": 0, ""ewc_extra_forward_visits"": 0, ""enabled_history"": [false]}, {""name"": ""ewc"", ""enabled"": false, ""inner"": ""EWCPlugin"", ""before_backward"": 0, ""after_training_exp"": 0, ""gem_reference_samples"": null, ""ewc_extra_forward_visits"": null, ""enabled_history"": [false]}]","{'SparseGEMPlugin': 0, 'EWCPlugin': 0, 'ReplayPlugin': 0, 'PrefetchWrapPlugin': 0, 'EvaluationPlugin': 0, 'PeriodicEval': 0, 'Clock': 0}"
effectiveness_v3_20260918T132954Z_7351c595,A/core50_nc/tight/R11/2/default,R11,core50_nc,2,6,training,"[{""name"": ""gem"", ""enabled"": false, ""inner"": ""SparseGEMPlugin"", ""before_backward"": 0, ""after_training_exp"": 0, ""gem_reference_samples"": 0, ""ewc_extra_forward_visits"": 0, ""enabled_history"": [false]}, {""name"": ""ewc"", ""enabled"": false, ""inner"": ""EWCPlugin"", ""before_backward"": 0, ""after_training_exp"": 0, ""gem_reference_samples"": null, ""ewc_extra_forward_visits"": null, ""enabled_history"": [false]}]","{'SparseGEMPlugin': 0, 'EWCPlugin': 0, 'ReplayPlugin': 0, 'PrefetchWrapPlugin': 0, 'EvaluationPlugin': 0, 'PeriodicEval': 0, 'Clock': 0}"
effectiveness_v3_20260918T132954Z_7351c595,A/core50_nc/tight/R11/2/default,R11,core50_nc,2,7,training,"[{""name"": ""gem"", ""enabled"": false, ""inner"": ""SparseGEMPlugin"", ""before_backward"": 0, ""after_training_exp"": 0, ""gem_reference_samples"": 0, ""ewc_extra_forward_visits"": 0, ""enabled_history"": [false]}, {""name"": ""ewc"", ""enabled"": false, ""inner"": ""EWCPlugin"", ""before_backward"": 0, ""after_training_exp"": 0, ""gem_reference_samples"": null, ""ewc_extra_forward_visits"": null, ""enabled_history"": [false]}]","{'SparseGEMPlugin': 0, 'EWCPlugin': 0, 'ReplayPlugin': 0, 'PrefetchWrapPlugin': 0, 'EvaluationPlugin': 0, 'PeriodicEval': 0, 'Clock': 0}"
effectiveness_v3_20260918T132954Z_7351c595,A/core50_nc/tight/R11/2/default,R11,core50_nc,2,8,training,"[{""name"": ""gem"", ""enabled"": false, ""inner"": ""SparseGEMPlugin"", ""before_backward"": 0, ""after_training_exp"": 0, ""gem_reference_samples"": 0, ""ewc_extra_forward_visits"": 0, ""enabled_history"": [false]}, {""name"": ""ewc"", ""enabled"": false, ""inner"": ""EWCPlugin"", ""before_backward"": 0, ""after_training_exp"": 0, ""gem_reference_samples"": null, ""ewc_extra_forward_visits"": null, ""enabled_history"": [false]}]","{'SparseGEMPlugin': 0, 'EWCPlugin': 0, 'ReplayPlugin': 0, 'PrefetchWrapPlugin': 0, 'EvaluationPlugin': 0, 'PeriodicEval': 0, 'Clock': 0}"
effectiveness_v3_20260918T133452Z_f09920d9,A/core50_nc/tight/F11/2/default,F11,core50_nc,2,0,training,"[{""name"": ""gem"", ""enabled"": true, ""inner"": ""SparseGEMPlugin"", ""before_backward"": 1499, ""after_training_exp"": 1, ""gem_reference_samples"": 50, ""ewc_extra_forward_visits"": 0, ""enabled_history"": [true]}, {""name"": ""ewc"", ""enabled"": true, ""inner"": ""EWCPlugin"", ""before_backward"": 1499, ""after_training_exp"": 1, ""gem_reference_samples"": null, ""ewc_extra_forward_visits"": null, ""enabled_history"": [true]}]","{'SparseGEMPlugin': 615200, 'EWCPlugin': 2178576, 'ReplayPlugin': 0, 'PrefetchWrapPlugin': 0, 'EvaluationPlugin': 0, 'PeriodicEval': 0, 'Clock': 0}"
effectiveness_v3_20260918T133610Z_461128c7,A/core50_nc/tight/S0/2/default,S0,core50_nc,2,0,training,[],"{'ReplayPlugin': 0, 'PrefetchWrapPlugin': 0, 'EvaluationPlugin': 0, 'PeriodicEval': 0, 'Clock': 0}"
effectiveness_v3_20260918T133610Z_461128c7,A/core50_nc/tight/S0/2/default,S0,core50_nc,2,1,training,[],"{'ReplayPlugin': 0, 'PrefetchWrapPlugin': 0, 'EvaluationPlugin': 0, 'PeriodicEval': 0, 'Clock': 0}"
effectiveness_v3_20260918T133610Z_461128c7,A/core50_nc/tight/S0/2/default,S0,core50_nc,2,2,training,[],"{'ReplayPlugin': 0, 'PrefetchWrapPlugin': 0, 'EvaluationPlugin': 0, 'PeriodicEval': 0, 'Clock': 0}"
effectiveness_v3_20260918T133610Z_461128c7,A/core50_nc/tight/S0/2/default,S0,core50_nc,2,3,training,[],"{'ReplayPlugin': 0, 'PrefetchWrapPlugin': 0, 'EvaluationPlugin': 0, 'PeriodicEval': 0, 'Clock': 0}"
effectiveness_v3_20260918T133610Z_461128c7,A/core50_nc/tight/S0/2/default,S0,core50_nc,2,4,training,[],"{'ReplayPlugin': 0, 'PrefetchWrapPlugin': 0, 'EvaluationPlugin': 0, 'PeriodicEval': 0, 'Clock': 0}"
effectiveness_v3_20260918T133610Z_461128c7,A/core50_nc/tight/S0/2/default,S0,core50_nc,2,5,training,[],"{'ReplayPlugin': 0, 'PrefetchWrapPlugin': 0, 'EvaluationPlugin': 0, 'PeriodicEval': 0, 'Clock': 0}"
effectiveness_v3_20260918T133610Z_461128c7,A/core50_nc/tight/S0/2/default,S0,core50_nc,2,6,training,[],"{'ReplayPlugin': 0, 'PrefetchWrapPlugin': 0, 'EvaluationPlugin': 0, 'PeriodicEval': 0, 'Clock': 0}"
effectiveness_v3_20260918T133610Z_461128c7,A/core50_nc/tight/S0/2/default,S0,core50_nc,2,7,training,[],"{'ReplayPlugin': 0, 'PrefetchWrapPlugin': 0, 'EvaluationPlugin': 0, 'PeriodicEval': 0, 'Clock': 0}"
effectiveness_v3_20260918T133610Z_461128c7,A/core50_nc/tight/S0/2/default,S0,core50_nc,2,8,training,[],"{'ReplayPlugin': 0, 'PrefetchWrapPlugin': 0, 'EvaluationPlugin': 0, 'PeriodicEval': 0, 'Clock': 0}"
effectiveness_v3_20260918T134105Z_8816285b,A/core50_nc/tight/S_star/2/default,S_star,core50_nc,2,0,training,[],"{'ReplayPlugin': 0, 'PrefetchWrapPlugin': 0, 'EvaluationPlugin': 0, 'PeriodicEval': 0, 'Clock': 0}"
effectiveness_v3_20260918T134105Z_8816285b,A/core50_nc/tight/S_star/2/default,S_star,core50_nc,2,1,training,[],"{'ReplayPlugin': 0, 'PrefetchWrapPlugin': 0, 'EvaluationPlugin': 0, 'PeriodicEval': 0, 'Clock': 0}"
effectiveness_v3_20260918T134105Z_8816285b,A/core50_nc/tight/S_star/2/default,S_star,core50_nc,2,2,training,[],"{'ReplayPlugin': 0, 'PrefetchWrapPlugin': 0, 'EvaluationPlugin': 0, 'PeriodicEval': 0, 'Clock': 0}"
effectiveness_v3_20260918T134105Z_8816285b,A/core50_nc/tight/S_star/2/default,S_star,core50_nc,2,3,training,[],"{'ReplayPlugin': 0, 'PrefetchWrapPlugin': 0, 'EvaluationPlugin': 0, 'PeriodicEval': 0, 'Clock': 0}"
effectiveness_v3_20260918T134105Z_8816285b,A/core50_nc/tight/S_star/2/default,S_star,core50_nc,2,4,training,[],"{'ReplayPlugin': 0, 'PrefetchWrapPlugin': 0, 'EvaluationPlugin': 0, 'PeriodicEval': 0, 'Clock': 0}"
effectiveness_v3_20260918T134105Z_8816285b,A/core50_nc/tight/S_star/2/default,S_star,core50_nc,2,5,training,[],"{'ReplayPlugin': 0, 'PrefetchWrapPlugin': 0, 'EvaluationPlugin': 0, 'PeriodicEval': 0, 'Clock': 0}"
effectiveness_v3_20260918T134105Z_8816285b,A/core50_nc/tight/S_star/2/default,S_star,core50_nc,2,6,training,[],"{'ReplayPlugin': 0, 'PrefetchWrapPlugin': 0, 'EvaluationPlugin': 0, 'PeriodicEval': 0, 'Clock': 0}"
effectiveness_v3_20260918T134105Z_8816285b,A/core50_nc/tight/S_star/2/default,S_star,core50_nc,2,7,training,[],"{'ReplayPlugin': 0, 'PrefetchWrapPlugin': 0, 'EvaluationPlugin': 0, 'PeriodicEval': 0, 'Clock': 0}"
effectiveness_v3_20260918T134105Z_8816285b,A/core50_nc/tight/S_star/2/default,S_star,core50_nc,2,8,training,[],"{'ReplayPlugin': 0, 'PrefetchWrapPlugin': 0, 'EvaluationPlugin': 0, 'PeriodicEval': 0, 'Clock': 0}"
effectiveness_v3_20260918T134607Z_d44ef855,A/splitcifar100/tight/S0/0/default,S0,splitcifar100,0,0,training,[],"{'ReplayPlugin': 0, 'PrefetchWrapPlugin': 0, 'EvaluationPlugin': 0, 'PeriodicEval': 0, 'Clock': 0}"
effectiveness_v3_20260918T134607Z_d44ef855,A/splitcifar100/tight/S0/0/default,S0,splitcifar100,0,1,training,[],"{'ReplayPlugin': 0, 'PrefetchWrapPlugin': 0, 'EvaluationPlugin': 0, 'PeriodicEval': 0, 'Clock': 0}"
effectiveness_v3_20260918T134607Z_d44ef855,A/splitcifar100/tight/S0/0/default,S0,splitcifar100,0,2,training,[],"{'ReplayPlugin': 0, 'PrefetchWrapPlugin': 0, 'EvaluationPlugin': 0, 'PeriodicEval': 0, 'Clock': 0}"
effectiveness_v3_20260918T134607Z_d44ef855,A/splitcifar100/tight/S0/0/default,S0,splitcifar100,0,3,training,[],"{'ReplayPlugin': 0, 'PrefetchWrapPlugin': 0, 'EvaluationPlugin': 0, 'PeriodicEval': 0, 'Clock': 0}"
effectiveness_v3_20260918T134607Z_d44ef855,A/splitcifar100/tight/S0/0/default,S0,splitcifar100,0,4,training,[],"{'ReplayPlugin': 0, 'PrefetchWrapPlugin': 0, 'EvaluationPlugin': 0, 'PeriodicEval': 0, 'Clock': 0}"
effectiveness_v3_20260918T134607Z_d44ef855,A/splitcifar100/tight/S0/0/default,S0,splitcifar100,0,5,training,[],"{'ReplayPlugin': 0, 'PrefetchWrapPlugin': 0, 'EvaluationPlugin': 0, 'PeriodicEval': 0, 'Clock': 0}"
effectiveness_v3_20260918T134607Z_d44ef855,A/splitcifar100/tight/S0/0/default,S0,splitcifar100,0,6,training,[],"{'ReplayPlugin': 0, 'PrefetchWrapPlugin': 0, 'EvaluationPlugin': 0, 'PeriodicEval': 0, 'Clock': 0}"
effectiveness_v3_20260918T134607Z_d44ef855,A/splitcifar100/tight/S0/0/default,S0,splitcifar100,0,7,training,[],"{'ReplayPlugin': 0, 'PrefetchWrapPlugin': 0, 'EvaluationPlugin': 0, 'PeriodicEval': 0, 'Clock': 0}"
effectiveness_v3_20260918T134607Z_d44ef855,A/splitcifar100/tight/S0/0/default,S0,splitcifar100,0,8,training,[],"{'ReplayPlugin': 0, 'PrefetchWrapPlugin': 0, 'EvaluationPlugin': 0, 'PeriodicEval': 0, 'Clock': 0}"
effectiveness_v3_20260918T134607Z_d44ef855,A/splitcifar100/tight/S0/0/default,S0,splitcifar100,0,9,training,[],"{'ReplayPlugin': 0, 'PrefetchWrapPlugin': 0, 'EvaluationPlugin': 0, 'PeriodicEval': 0, 'Clock': 0}"
effectiveness_v3_20260918T134746Z_6c651fb4,A/splitcifar100/tight/S_star/0/default,S_star,splitcifar100,0,0,training,[],"{'ReplayPlugin': 0, 'PrefetchWrapPlugin': 0, 'EvaluationPlugin': 0, 'PeriodicEval': 0, 'Clock': 0}"
effectiveness_v3_20260918T134746Z_6c651fb4,A/splitcifar100/tight/S_star/0/default,S_star,splitcifar100,0,1,training,[],"{'ReplayPlugin': 0, 'PrefetchWrapPlugin': 0, 'EvaluationPlugin': 0, 'PeriodicEval': 0, 'Clock': 0}"
effectiveness_v3_20260918T134746Z_6c651fb4,A/splitcifar100/tight/S_star/0/default,S_star,splitcifar100,0,2,training,[],"{'ReplayPlugin': 0, 'PrefetchWrapPlugin': 0, 'EvaluationPlugin': 0, 'PeriodicEval': 0, 'Clock': 0}"
effectiveness_v3_20260918T134746Z_6c651fb4,A/splitcifar100/tight/S_star/0/default,S_star,splitcifar100,0,3,training,[],"{'ReplayPlugin': 0, 'PrefetchWrapPlugin': 0, 'EvaluationPlugin': 0, 'PeriodicEval': 0, 'Clock': 0}"
effectiveness_v3_20260918T134746Z_6c651fb4,A/splitcifar100/tight/S_star/0/default,S_star,splitcifar100,0,4,training,[],"{'ReplayPlugin': 0, 'PrefetchWrapPlugin': 0, 'EvaluationPlugin': 0, 'PeriodicEval': 0, 'Clock': 0}"
effectiveness_v3_20260918T134746Z_6c651fb4,A/splitcifar100/tight/S_star/0/default,S_star,splitcifar100,0,5,training,[],"{'ReplayPlugin': 0, 'PrefetchWrapPlugin': 0, 'EvaluationPlugin': 0, 'PeriodicEval': 0, 'Clock': 0}"
effectiveness_v3_20260918T134746Z_6c651fb4,A/splitcifar100/tight/S_star/0/default,S_star,splitcifar100,0,6,training,[],"{'ReplayPlugin': 0, 'PrefetchWrapPlugin': 0, 'EvaluationPlugin': 0, 'PeriodicEval': 0, 'Clock': 0}"
effectiveness_v3_20260918T134746Z_6c651fb4,A/splitcifar100/tight/S_star/0/default,S_star,splitcifar100,0,7,training,[],"{'ReplayPlugin': 0, 'PrefetchWrapPlugin': 0, 'EvaluationPlugin': 0, 'PeriodicEval': 0, 'Clock': 0}"
effectiveness_v3_20260918T134746Z_6c651fb4,A/splitcifar100/tight/S_star/0/default,S_star,splitcifar100,0,8,training,[],"{'ReplayPlugin': 0, 'PrefetchWrapPlugin': 0, 'EvaluationPlugin': 0, 'PeriodicEval': 0, 'Clock': 0}"
effectiveness_v3_20260918T134746Z_6c651fb4,A/splitcifar100/tight/S_star/0/default,S_star,splitcifar100,0,9,training,[],"{'ReplayPlugin': 0, 'PrefetchWrapPlugin': 0, 'EvaluationPlugin': 0, 'PeriodicEval': 0, 'Clock': 0}"
effectiveness_v3_20260918T134924Z_a57461cc,A/splitcifar100/tight/O00/0/default,O00,splitcifar100,0,0,training,"[{""name"": ""gem"", ""enabled"": false, ""inner"": ""SparseGEMPlugin"", ""before_backward"": 0, ""after_training_exp"": 0, ""gem_reference_samples"": 0, ""ewc_extra_forward_visits"": 0, ""enabled_history"": [false]}, {""name"": ""ewc"", ""enabled"": false, ""inner"": ""EWCPlugin"", ""before_backward"": 0, ""after_training_exp"": 0, ""gem_reference_samples"": null, ""ewc_extra_forward_visits"": null, ""enabled_history"": [false]}]","{'SparseGEMPlugin': 0, 'EWCPlugin': 0, 'ReplayPlugin': 0, 'PrefetchWrapPlugin': 0, 'EvaluationPlugin': 0, 'PeriodicEval': 0, 'Clock': 0}"
effectiveness_v3_20260918T134924Z_a57461cc,A/splitcifar100/tight/O00/0/default,O00,splitcifar100,0,1,training,"[{""name"": ""gem"", ""enabled"": false, ""inner"": ""SparseGEMPlugin"", ""before_backward"": 0, ""after_training_exp"": 0, ""gem_reference_samples"": 0, ""ewc_extra_forward_visits"": 0, ""enabled_history"": [false]}, {""name"": ""ewc"", ""enabled"": false, ""inner"": ""EWCPlugin"", ""before_backward"": 0, ""after_training_exp"": 0, ""gem_reference_samples"": null, ""ewc_extra_forward_visits"": null, ""enabled_history"": [false]}]","{'SparseGEMPlugin': 0, 'EWCPlugin': 0, 'ReplayPlugin': 0, 'PrefetchWrapPlugin': 0, 'EvaluationPlugin': 0, 'PeriodicEval': 0, 'Clock': 0}"
effectiveness_v3_20260918T134924Z_a57461cc,A/splitcifar100/tight/O00/0/default,O00,splitcifar100,0,2,training,"[{""name"": ""gem"", ""enabled"": false, ""inner"": ""SparseGEMPlugin"", ""before_backward"": 0, ""after_training_exp"": 0, ""gem_reference_samples"": 0, ""ewc_extra_forward_visits"": 0, ""enabled_history"": [false]}, {""name"": ""ewc"", ""enabled"": false, ""inner"": ""EWCPlugin"", ""before_backward"": 0, ""after_training_exp"": 0, ""gem_reference_samples"": null, ""ewc_extra_forward_visits"": null, ""enabled_history"": [false]}]","{'SparseGEMPlugin': 0, 'EWCPlugin': 0, 'ReplayPlugin': 0, 'PrefetchWrapPlugin': 0, 'EvaluationPlugin': 0, 'PeriodicEval': 0, 'Clock': 0}"
effectiveness_v3_20260918T134924Z_a57461cc,A/splitcifar100/tight/O00/0/default,O00,splitcifar100,0,3,training,"[{""name"": ""gem"", ""enabled"": false, ""inner"": ""SparseGEMPlugin"", ""before_backward"": 0, ""after_training_exp"": 0, ""gem_reference_samples"": 0, ""ewc_extra_forward_visits"": 0, ""enabled_history"": [false]}, {""name"": ""ewc"", ""enabled"": false, ""inner"": ""EWCPlugin"", ""before_backward"": 0, ""after_training_exp"": 0, ""gem_reference_samples"": null, ""ewc_extra_forward_visits"": null, ""enabled_history"": [false]}]","{'SparseGEMPlugin': 0, 'EWCPlugin': 0, 'ReplayPlugin': 0, 'PrefetchWrapPlugin': 0, 'EvaluationPlugin': 0, 'PeriodicEval': 0, 'Clock': 0}"
effectiveness_v3_20260918T134924Z_a57461cc,A/splitcifar100/tight/O00/0/default,O00,splitcifar100,0,4,training,"[{""name"": ""gem"", ""enabled"": false, ""inner"": ""SparseGEMPlugin"", ""before_backward"": 0, ""after_training_exp"": 0, ""gem_reference_samples"": 0, ""ewc_extra_forward_visits"": 0, ""enabled_history"": [false]}, {""name"": ""ewc"", ""enabled"": false, ""inner"": ""EWCPlugin"", ""before_backward"": 0, ""after_training_exp"": 0, ""gem_reference_samples"": null, ""ewc_extra_forward_visits"": null, ""enabled_history"": [false]}]","{'SparseGEMPlugin': 0, 'EWCPlugin': 0, 'ReplayPlugin': 0, 'PrefetchWrapPlugin': 0, 'EvaluationPlugin': 0, 'PeriodicEval': 0, 'Clock': 0}"
effectiveness_v3_20260918T134924Z_a57461cc,A/splitcifar100/tight/O00/0/default,O00,splitcifar100,0,5,training,"[{""name"": ""gem"", ""enabled"": false, ""inner"": ""SparseGEMPlugin"", ""before_backward"": 0, ""after_training_exp"": 0, ""gem_reference_samples"": 0, ""ewc_extra_forward_visits"": 0, ""enabled_history"": [false]}, {""name"": ""ewc"", ""enabled"": false, ""inner"": ""EWCPlugin"", ""before_backward"": 0, ""after_training_exp"": 0, ""gem_reference_samples"": null, ""ewc_extra_forward_visits"": null, ""enabled_history"": [false]}]","{'SparseGEMPlugin': 0, 'EWCPlugin': 0, 'ReplayPlugin': 0, 'PrefetchWrapPlugin': 0, 'EvaluationPlugin': 0, 'PeriodicEval': 0, 'Clock': 0}"
effectiveness_v3_20260918T134924Z_a57461cc,A/splitcifar100/tight/O00/0/default,O00,splitcifar100,0,6,training,"[{""name"": ""gem"", ""enabled"": false, ""inner"": ""SparseGEMPlugin"", ""before_backward"": 0, ""after_training_exp"": 0, ""gem_reference_samples"": 0, ""ewc_extra_forward_visits"": 0, ""enabled_history"": [false]}, {""name"": ""ewc"", ""enabled"": false, ""inner"": ""EWCPlugin"", ""before_backward"": 0, ""after_training_exp"": 0, ""gem_reference_samples"": null, ""ewc_extra_forward_visits"": null, ""enabled_history"": [false]}]","{'SparseGEMPlugin': 0, 'EWCPlugin': 0, 'ReplayPlugin': 0, 'PrefetchWrapPlugin': 0, 'EvaluationPlugin': 0, 'PeriodicEval': 0, 'Clock': 0}"
effectiveness_v3_20260918T134924Z_a57461cc,A/splitcifar100/tight/O00/0/default,O00,splitcifar100,0,7,training,"[{""name"": ""gem"", ""enabled"": false, ""inner"": ""SparseGEMPlugin"", ""before_backward"": 0, ""after_training_exp"": 0, ""gem_reference_samples"": 0, ""ewc_extra_forward_visits"": 0, ""enabled_history"": [false]}, {""name"": ""ewc"", ""enabled"": false, ""inner"": ""EWCPlugin"", ""before_backward"": 0, ""after_training_exp"": 0, ""gem_reference_samples"": null, ""ewc_extra_forward_visits"": null, ""enabled_history"": [false]}]","{'SparseGEMPlugin': 0, 'EWCPlugin': 0, 'ReplayPlugin': 0, 'PrefetchWrapPlugin': 0, 'EvaluationPlugin': 0, 'PeriodicEval': 0, 'Clock': 0}"
effectiveness_v3_20260918T134924Z_a57461cc,A/splitcifar100/tight/O00/0/default,O00,splitcifar100,0,8,training,"[{""name"": ""gem"", ""enabled"": false, ""inner"": ""SparseGEMPlugin"", ""before_backward"": 0, ""after_training_exp"": 0, ""gem_reference_samples"": 0, ""ewc_extra_forward_visits"": 0, ""enabled_history"": [false]}, {""name"": ""ewc"", ""enabled"": false, ""inner"": ""EWCPlugin"", ""before_backward"": 0, ""after_training_exp"": 0, ""gem_reference_samples"": null, ""ewc_extra_forward_visits"": null, ""enabled_history"": [false]}]","{'SparseGEMPlugin': 0, 'EWCPlugin': 0, 'ReplayPlugin': 0, 'PrefetchWrapPlugin': 0, 'EvaluationPlugin': 0, 'PeriodicEval': 0, 'Clock': 0}"
effectiveness_v3_20260918T134924Z_a57461cc,A/splitcifar100/tight/O00/0/default,O00,splitcifar100,0,9,training,"[{""name"": ""gem"", ""enabled"": false, ""inner"": ""SparseGEMPlugin"", ""before_backward"": 0, ""after_training_exp"": 0, ""gem_reference_samples"": 0, ""ewc_extra_forward_visits"": 0, ""enabled_history"": [false]}, {""name"": ""ewc"", ""enabled"": false, ""inner"": ""EWCPlugin"", ""before_backward"": 0, ""after_training_exp"": 0, ""gem_reference_samples"": null, ""ewc_extra_forward_visits"": null, ""enabled_history"": [false]}]","{'SparseGEMPlugin': 0, 'EWCPlugin': 0, 'ReplayPlugin': 0, 'PrefetchWrapPlugin': 0, 'EvaluationPlugin': 0, 'PeriodicEval': 0, 'Clock': 0}"
effectiveness_v3_20260918T135107Z_986b52f6,A/splitcifar100/tight/O10/0/default,O10,splitcifar100,0,0,training,"[{""name"": ""gem"", ""enabled"": false, ""inner"": ""SparseGEMPlugin"", ""before_backward"": 0, ""after_training_exp"": 0, ""gem_reference_samples"": 0, ""ewc_extra_forward_visits"": 0, ""enabled_history"": [false]}, {""name"": ""ewc"", ""enabled"": false, ""inner"": ""EWCPlugin"", ""before_backward"": 0, ""after_training_exp"": 0, ""gem_reference_samples"": null, ""ewc_extra_forward_visits"": null, ""enabled_history"": [false]}]","{'SparseGEMPlugin': 0, 'EWCPlugin': 0, 'ReplayPlugin': 0, 'PrefetchWrapPlugin': 0, 'EvaluationPlugin': 0, 'PeriodicEval': 0, 'Clock': 0}"
effectiveness_v3_20260918T135107Z_986b52f6,A/splitcifar100/tight/O10/0/default,O10,splitcifar100,0,1,training,"[{""name"": ""gem"", ""enabled"": true, ""inner"": ""SparseGEMPlugin"", ""before_backward"": 313, ""after_training_exp"": 1, ""gem_reference_samples"": 50, ""ewc_extra_forward_visits"": 0, ""enabled_history"": [true]}, {""name"": ""ewc"", ""enabled"": true, ""inner"": ""EWCPlugin"", ""before_backward"": 313, ""after_training_exp"": 1, ""gem_reference_samples"": null, ""ewc_extra_forward_visits"": null, ""enabled_history"": [true]}]","{'SparseGEMPlugin': 615200, 'EWCPlugin': 2204576, 'ReplayPlugin': 0, 'PrefetchWrapPlugin': 0, 'EvaluationPlugin': 0, 'PeriodicEval': 0, 'Clock': 0}"
effectiveness_v3_20260918T135137Z_c1fc1ed7,A/splitcifar100/tight/O01/0/default,O01,splitcifar100,0,0,training,"[{""name"": ""gem"", ""enabled"": false, ""inner"": ""SparseGEMPlugin"", ""before_backward"": 0, ""after_training_exp"": 0, ""gem_reference_samples"": 0, ""ewc_extra_forward_visits"": 0, ""enabled_history"": [false]}, {""name"": ""ewc"", ""enabled"": false, ""inner"": ""EWCPlugin"", ""before_backward"": 0, ""after_training_exp"": 0, ""gem_reference_samples"": null, ""ewc_extra_forward_visits"": null, ""enabled_history"": [false]}]","{'SparseGEMPlugin': 0, 'EWCPlugin': 0, 'ReplayPlugin': 0, 'PrefetchWrapPlugin': 0, 'EvaluationPlugin': 0, 'PeriodicEval': 0, 'Clock': 0}"
effectiveness_v3_20260918T135137Z_c1fc1ed7,A/splitcifar100/tight/O01/0/default,O01,splitcifar100,0,1,training,"[{""name"": ""gem"", ""enabled"": false, ""inner"": ""SparseGEMPlugin"", ""before_backward"": 0, ""after_training_exp"": 0, ""gem_reference_samples"": 0, ""ewc_extra_forward_visits"": 0, ""enabled_history"": [false]}, {""name"": ""ewc"", ""enabled"": false, ""inner"": ""EWCPlugin"", ""before_backward"": 0, ""after_training_exp"": 0, ""gem_reference_samples"": null, ""ewc_extra_forward_visits"": null, ""enabled_history"": [false]}]","{'SparseGEMPlugin': 0, 'EWCPlugin': 0, 'ReplayPlugin': 0, 'PrefetchWrapPlugin': 0, 'EvaluationPlugin': 0, 'PeriodicEval': 0, 'Clock': 0}"
effectiveness_v3_20260918T135137Z_c1fc1ed7,A/splitcifar100/tight/O01/0/default,O01,splitcifar100,0,2,training,"[{""name"": ""gem"", ""enabled"": false, ""inner"": ""SparseGEMPlugin"", ""before_backward"": 0, ""after_training_exp"": 0, ""gem_reference_samples"": 0, ""ewc_extra_forward_visits"": 0, ""enabled_history"": [false]}, {""name"": ""ewc"", ""enabled"": false, ""inner"": ""EWCPlugin"", ""before_backward"": 0, ""after_training_exp"": 0, ""gem_reference_samples"": null, ""ewc_extra_forward_visits"": null, ""enabled_history"": [false]}]","{'SparseGEMPlugin': 0, 'EWCPlugin': 0, 'ReplayPlugin': 0, 'PrefetchWrapPlugin': 0, 'EvaluationPlugin': 0, 'PeriodicEval': 0, 'Clock': 0}"
effectiveness_v3_20260918T135137Z_c1fc1ed7,A/splitcifar100/tight/O01/0/default,O01,splitcifar100,0,3,training,"[{""name"": ""gem"", ""enabled"": false, ""inner"": ""SparseGEMPlugin"", ""before_backward"": 0, ""after_training_exp"": 0, ""gem_reference_samples"": 0, ""ewc_extra_forward_visits"": 0, ""enabled_history"": [false]}, {""name"": ""ewc"", ""enabled"": false, ""inner"": ""EWCPlugin"", ""before_backward"": 0, ""after_training_exp"": 0, ""gem_reference_samples"": null, ""ewc_extra_forward_visits"": null, ""enabled_history"": [false]}]","{'SparseGEMPlugin': 0, 'EWCPlugin': 0, 'ReplayPlugin': 0, 'PrefetchWrapPlugin': 0, 'EvaluationPlugin': 0, 'PeriodicEval': 0, 'Clock': 0}"
effectiveness_v3_20260918T135137Z_c1fc1ed7,A/splitcifar100/tight/O01/0/default,O01,splitcifar100,0,4,training,"[{""name"": ""gem"", ""enabled"": false, ""inner"": ""SparseGEMPlugin"", ""before_backward"": 0, ""after_training_exp"": 0, ""gem_reference_samples"": 0, ""ewc_extra_forward_visits"": 0, ""enabled_history"": [false]}, {""name"": ""ewc"", ""enabled"": false, ""inner"": ""EWCPlugin"", ""before_backward"": 0, ""after_training_exp"": 0, ""gem_reference_samples"": null, ""ewc_extra_forward_visits"": null, ""enabled_history"": [false]}]","{'SparseGEMPlugin': 0, 'EWCPlugin': 0, 'ReplayPlugin': 0, 'PrefetchWrapPlugin': 0, 'EvaluationPlugin': 0, 'PeriodicEval': 0, 'Clock': 0}"
effectiveness_v3_20260918T135137Z_c1fc1ed7,A/splitcifar100/tight/O01/0/default,O01,splitcifar100,0,5,training,"[{""name"": ""gem"", ""enabled"": false, ""inner"": ""SparseGEMPlugin"", ""before_backward"": 0, ""after_training_exp"": 0, ""gem_reference_samples"": 0, ""ewc_extra_forward_visits"": 0, ""enabled_history"": [false]}, {""name"": ""ewc"", ""enabled"": false, ""inner"": ""EWCPlugin"", ""before_backward"": 0, ""after_training_exp"": 0, ""gem_reference_samples"": null, ""ewc_extra_forward_visits"": null, ""enabled_history"": [false]}]","{'SparseGEMPlugin': 0, 'EWCPlugin': 0, 'ReplayPlugin': 0, 'PrefetchWrapPlugin': 0, 'EvaluationPlugin': 0, 'PeriodicEval': 0, 'Clock': 0}"
effectiveness_v3_20260918T135137Z_c1fc1ed7,A/splitcifar100/tight/O01/0/default,O01,splitcifar100,0,6,training,"[{""name"": ""gem"", ""enabled"": false, ""inner"": ""SparseGEMPlugin"", ""before_backward"": 0, ""after_training_exp"": 0, ""gem_reference_samples"": 0, ""ewc_extra_forward_visits"": 0, ""enabled_history"": [false]}, {""name"": ""ewc"", ""enabled"": false, ""inner"": ""EWCPlugin"", ""before_backward"": 0, ""after_training_exp"": 0, ""gem_reference_samples"": null, ""ewc_extra_forward_visits"": null, ""enabled_history"": [false]}]","{'SparseGEMPlugin': 0, 'EWCPlugin': 0, 'ReplayPlugin': 0, 'PrefetchWrapPlugin': 0, 'EvaluationPlugin': 0, 'PeriodicEval': 0, 'Clock': 0}"
effectiveness_v3_20260918T135137Z_c1fc1ed7,A/splitcifar100/tight/O01/0/default,O01,splitcifar100,0,7,training,"[{""name"": ""gem"", ""enabled"": false, ""inner"": ""SparseGEMPlugin"", ""before_backward"": 0, ""after_training_exp"": 0, ""gem_reference_samples"": 0, ""ewc_extra_forward_visits"": 0, ""enabled_history"": [false]}, {""name"": ""ewc"", ""enabled"": false, ""inner"": ""EWCPlugin"", ""before_backward"": 0, ""after_training_exp"": 0, ""gem_reference_samples"": null, ""ewc_extra_forward_visits"": null, ""enabled_history"": [false]}]","{'SparseGEMPlugin': 0, 'EWCPlugin': 0, 'ReplayPlugin': 0, 'PrefetchWrapPlugin': 0, 'EvaluationPlugin': 0, 'PeriodicEval': 0, 'Clock': 0}"
effectiveness_v3_20260918T135137Z_c1fc1ed7,A/splitcifar100/tight/O01/0/default,O01,splitcifar100,0,8,training,"[{""name"": ""gem"", ""enabled"": false, ""inner"": ""SparseGEMPlugin"", ""before_backward"": 0, ""after_training_exp"": 0, ""gem_reference_samples"": 0, ""ewc_extra_forward_visits"": 0, ""enabled_history"": [false]}, {""name"": ""ewc"", ""enabled"": false, ""inner"": ""EWCPlugin"", ""before_backward"": 0, ""after_training_exp"": 0, ""gem_reference_samples"": null, ""ewc_extra_forward_visits"": null, ""enabled_history"": [false]}]","{'SparseGEMPlugin': 0, 'EWCPlugin': 0, 'ReplayPlugin': 0, 'PrefetchWrapPlugin': 0, 'EvaluationPlugin': 0, 'PeriodicEval': 0, 'Clock': 0}"
effectiveness_v3_20260918T135137Z_c1fc1ed7,A/splitcifar100/tight/O01/0/default,O01,splitcifar100,0,9,training,"[{""name"": ""gem"", ""enabled"": false, ""inner"": ""SparseGEMPlugin"", ""before_backward"": 0, ""after_training_exp"": 0, ""gem_reference_samples"": 0, ""ewc_extra_forward_visits"": 0, ""enabled_history"": [false]}, {""name"": ""ewc"", ""enabled"": false, ""inner"": ""EWCPlugin"", ""before_backward"": 0, ""after_training_exp"": 0, ""gem_reference_samples"": null, ""ewc_extra_forward_visits"": null, ""enabled_history"": [false]}]","{'SparseGEMPlugin': 0, 'EWCPlugin': 0, 'ReplayPlugin': 0, 'PrefetchWrapPlugin': 0, 'EvaluationPlugin': 0, 'PeriodicEval': 0, 'Clock': 0}"
effectiveness_v3_20260918T135320Z_a44d2b26,A/splitcifar100/tight/O11/0/default,O11,splitcifar100,0,0,training,"[{""name"": ""gem"", ""enabled"": false, ""inner"": ""SparseGEMPlugin"", ""before_backward"": 0, ""after_training_exp"": 0, ""gem_reference_samples"": 0, ""ewc_extra_forward_visits"": 0, ""enabled_history"": [false]}, {""name"": ""ewc"", ""enabled"": false, ""inner"": ""EWCPlugin"", ""before_backward"": 0, ""after_training_exp"": 0, ""gem_reference_samples"": null, ""ewc_extra_forward_visits"": null, ""enabled_history"": [false]}]","{'SparseGEMPlugin': 0, 'EWCPlugin': 0, 'ReplayPlugin': 0, 'PrefetchWrapPlugin': 0, 'EvaluationPlugin': 0, 'PeriodicEval': 0, 'Clock': 0}"
effectiveness_v3_20260918T135320Z_a44d2b26,A/splitcifar100/tight/O11/0/default,O11,splitcifar100,0,1,training,"[{""name"": ""gem"", ""enabled"": true, ""inner"": ""SparseGEMPlugin"", ""before_backward"": 313, ""after_training_exp"": 1, ""gem_reference_samples"": 50, ""ewc_extra_forward_visits"": 0, ""enabled_history"": [true]}, {""name"": ""ewc"", ""enabled"": true, ""inner"": ""EWCPlugin"", ""before_backward"": 313, ""after_training_exp"": 1, ""gem_reference_samples"": null, ""ewc_extra_forward_visits"": null, ""enabled_history"": [true]}]","{'SparseGEMPlugin': 615200, 'EWCPlugin': 2204576, 'ReplayPlugin': 0, 'PrefetchWrapPlugin': 0, 'EvaluationPlugin': 0, 'PeriodicEval': 0, 'Clock': 0}"
effectiveness_v3_20260918T135350Z_94fffae9,A/splitcifar100/tight/R11/0/default,R11,splitcifar100,0,0,training,"[{""name"": ""gem"", ""enabled"": false, ""inner"": ""SparseGEMPlugin"", ""before_backward"": 0, ""after_training_exp"": 0, ""gem_reference_samples"": 0, ""ewc_extra_forward_visits"": 0, ""enabled_history"": [false]}, {""name"": ""ewc"", ""enabled"": false, ""inner"": ""EWCPlugin"", ""before_backward"": 0, ""after_training_exp"": 0, ""gem_reference_samples"": null, ""ewc_extra_forward_visits"": null, ""enabled_history"": [false]}]","{'SparseGEMPlugin': 0, 'EWCPlugin': 0, 'ReplayPlugin': 0, 'PrefetchWrapPlugin': 0, 'EvaluationPlugin': 0, 'PeriodicEval': 0, 'Clock': 0}"
effectiveness_v3_20260918T135350Z_94fffae9,A/splitcifar100/tight/R11/0/default,R11,splitcifar100,0,1,training,"[{""name"": ""gem"", ""enabled"": false, ""inner"": ""SparseGEMPlugin"", ""before_backward"": 0, ""after_training_exp"": 0, ""gem_reference_samples"": 0, ""ewc_extra_forward_visits"": 0, ""enabled_history"": [false]}, {""name"": ""ewc"", ""enabled"": false, ""inner"": ""EWCPlugin"", ""before_backward"": 0, ""after_training_exp"": 0, ""gem_reference_samples"": null, ""ewc_extra_forward_visits"": null, ""enabled_history"": [false]}]","{'SparseGEMPlugin': 0, 'EWCPlugin': 0, 'ReplayPlugin': 0, 'PrefetchWrapPlugin': 0, 'EvaluationPlugin': 0, 'PeriodicEval': 0, 'Clock': 0}"
effectiveness_v3_20260918T135350Z_94fffae9,A/splitcifar100/tight/R11/0/default,R11,splitcifar100,0,2,training,"[{""name"": ""gem"", ""enabled"": false, ""inner"": ""SparseGEMPlugin"", ""before_backward"": 0, ""after_training_exp"": 0, ""gem_reference_samples"": 0, ""ewc_extra_forward_visits"": 0, ""enabled_history"": [false]}, {""name"": ""ewc"", ""enabled"": false, ""inner"": ""EWCPlugin"", ""before_backward"": 0, ""after_training_exp"": 0, ""gem_reference_samples"": null, ""ewc_extra_forward_visits"": null, ""enabled_history"": [false]}]","{'SparseGEMPlugin': 0, 'EWCPlugin': 0, 'ReplayPlugin': 0, 'PrefetchWrapPlugin': 0, 'EvaluationPlugin': 0, 'PeriodicEval': 0, 'Clock': 0}"
effectiveness_v3_20260918T135350Z_94fffae9,A/splitcifar100/tight/R11/0/default,R11,splitcifar100,0,3,training,"[{""name"": ""gem"", ""enabled"": false, ""inner"": ""SparseGEMPlugin"", ""before_backward"": 0, ""after_training_exp"": 0, ""gem_reference_samples"": 0, ""ewc_extra_forward_visits"": 0, ""enabled_history"": [false]}, {""name"": ""ewc"", ""enabled"": false, ""inner"": ""EWCPlugin"", ""before_backward"": 0, ""after_training_exp"": 0, ""gem_reference_samples"": null, ""ewc_extra_forward_visits"": null, ""enabled_history"": [false]}]","{'SparseGEMPlugin': 0, 'EWCPlugin': 0, 'ReplayPlugin': 0, 'PrefetchWrapPlugin': 0, 'EvaluationPlugin': 0, 'PeriodicEval': 0, 'Clock': 0}"
effectiveness_v3_20260918T135350Z_94fffae9,A/splitcifar100/tight/R11/0/default,R11,splitcifar100,0,4,training,"[{""name"": ""gem"", ""enabled"": false, ""inner"": ""SparseGEMPlugin"", ""before_backward"": 0, ""after_training_exp"": 0, ""gem_reference_samples"": 0, ""ewc_extra_forward_visits"": 0, ""enabled_history"": [false]}, {""name"": ""ewc"", ""enabled"": false, ""inner"": ""EWCPlugin"", ""before_backward"": 0, ""after_training_exp"": 0, ""gem_reference_samples"": null, ""ewc_extra_forward_visits"": null, ""enabled_history"": [false]}]","{'SparseGEMPlugin': 0, 'EWCPlugin': 0, 'ReplayPlugin': 0, 'PrefetchWrapPlugin': 0, 'EvaluationPlugin': 0, 'PeriodicEval': 0, 'Clock': 0}"
effectiveness_v3_20260918T135350Z_94fffae9,A/splitcifar100/tight/R11/0/default,R11,splitcifar100,0,5,training,"[{""name"": ""gem"", ""enabled"": false, ""inner"": ""SparseGEMPlugin"", ""before_backward"": 0, ""after_training_exp"": 0, ""gem_reference_samples"": 0, ""ewc_extra_forward_visits"": 0, ""enabled_history"": [false]}, {""name"": ""ewc"", ""enabled"": false, ""inner"": ""EWCPlugin"", ""before_backward"": 0, ""after_training_exp"": 0, ""gem_reference_samples"": null, ""ewc_extra_forward_visits"": null, ""enabled_history"": [false]}]","{'SparseGEMPlugin': 0, 'EWCPlugin': 0, 'ReplayPlugin': 0, 'PrefetchWrapPlugin': 0, 'EvaluationPlugin': 0, 'PeriodicEval': 0, 'Clock': 0}"
effectiveness_v3_20260918T135350Z_94fffae9,A/splitcifar100/tight/R11/0/default,R11,splitcifar100,0,6,training,"[{""name"": ""gem"", ""enabled"": false, ""inner"": ""SparseGEMPlugin"", ""before_backward"": 0, ""after_training_exp"": 0, ""gem_reference_samples"": 0, ""ewc_extra_forward_visits"": 0, ""enabled_history"": [false]}, {""name"": ""ewc"", ""enabled"": false, ""inner"": ""EWCPlugin"", ""before_backward"": 0, ""after_training_exp"": 0, ""gem_reference_samples"": null, ""ewc_extra_forward_visits"": null, ""enabled_history"": [false]}]","{'SparseGEMPlugin': 0, 'EWCPlugin': 0, 'ReplayPlugin': 0, 'PrefetchWrapPlugin': 0, 'EvaluationPlugin': 0, 'PeriodicEval': 0, 'Clock': 0}"
effectiveness_v3_20260918T135350Z_94fffae9,A/splitcifar100/tight/R11/0/default,R11,splitcifar100,0,7,training,"[{""name"": ""gem"", ""enabled"": false, ""inner"": ""SparseGEMPlugin"", ""before_backward"": 0, ""after_training_exp"": 0, ""gem_reference_samples"": 0, ""ewc_extra_forward_visits"": 0, ""enabled_history"": [false]}, {""name"": ""ewc"", ""enabled"": false, ""inner"": ""EWCPlugin"", ""before_backward"": 0, ""after_training_exp"": 0, ""gem_reference_samples"": null, ""ewc_extra_forward_visits"": null, ""enabled_history"": [false]}]","{'SparseGEMPlugin': 0, 'EWCPlugin': 0, 'ReplayPlugin': 0, 'PrefetchWrapPlugin': 0, 'EvaluationPlugin': 0, 'PeriodicEval': 0, 'Clock': 0}"
effectiveness_v3_20260918T135350Z_94fffae9,A/splitcifar100/tight/R11/0/default,R11,splitcifar100,0,8,training,"[{""name"": ""gem"", ""enabled"": false, ""inner"": ""SparseGEMPlugin"", ""before_backward"": 0, ""after_training_exp"": 0, ""gem_reference_samples"": 0, ""ewc_extra_forward_visits"": 0, ""enabled_history"": [false]}, {""name"": ""ewc"", ""enabled"": false, ""inner"": ""EWCPlugin"", ""before_backward"": 0, ""after_training_exp"": 0, ""gem_reference_samples"": null, ""ewc_extra_forward_visits"": null, ""enabled_history"": [false]}]","{'SparseGEMPlugin': 0, 'EWCPlugin': 0, 'ReplayPlugin': 0, 'PrefetchWrapPlugin': 0, 'EvaluationPlugin': 0, 'PeriodicEval': 0, 'Clock': 0}"
effectiveness_v3_20260918T135350Z_94fffae9,A/splitcifar100/tight/R11/0/default,R11,splitcifar100,0,9,training,"[{""name"": ""gem"", ""enabled"": false, ""inner"": ""SparseGEMPlugin"", ""before_backward"": 0, ""after_training_exp"": 0, ""gem_reference_samples"": 0, ""ewc_extra_forward_visits"": 0, ""enabled_history"": [false]}, {""name"": ""ewc"", ""enabled"": false, ""inner"": ""EWCPlugin"", ""before_backward"": 0, ""after_training_exp"": 0, ""gem_reference_samples"": null, ""ewc_extra_forward_visits"": null, ""enabled_history"": [false]}]","{'SparseGEMPlugin': 0, 'EWCPlugin': 0, 'ReplayPlugin': 0, 'PrefetchWrapPlugin': 0, 'EvaluationPlugin': 0, 'PeriodicEval': 0, 'Clock': 0}"
effectiveness_v3_20260918T135529Z_f109dbc3,A/splitcifar100/tight/F11/0/default,F11,splitcifar100,0,0,training,"[{""name"": ""gem"", ""enabled"": true, ""inner"": ""SparseGEMPlugin"", ""before_backward"": 313, ""after_training_exp"": 1, ""gem_reference_samples"": 50, ""ewc_extra_forward_visits"": 0, ""enabled_history"": [true]}, {""name"": ""ewc"", ""enabled"": true, ""inner"": ""EWCPlugin"", ""before_backward"": 313, ""after_training_exp"": 1, ""gem_reference_samples"": null, ""ewc_extra_forward_visits"": null, ""enabled_history"": [true]}]","{'SparseGEMPlugin': 615200, 'EWCPlugin': 2204576, 'ReplayPlugin': 0, 'PrefetchWrapPlugin': 0, 'EvaluationPlugin': 0, 'PeriodicEval': 0, 'Clock': 0}"
effectiveness_v3_20260918T135551Z_aa5dd7bf,A/splitcifar100/tight/S_star/1/default,S_star,splitcifar100,1,0,training,[],"{'ReplayPlugin': 0, 'PrefetchWrapPlugin': 0, 'EvaluationPlugin': 0, 'PeriodicEval': 0, 'Clock': 0}"
effectiveness_v3_20260918T135551Z_aa5dd7bf,A/splitcifar100/tight/S_star/1/default,S_star,splitcifar100,1,1,training,[],"{'ReplayPlugin': 0, 'PrefetchWrapPlugin': 0, 'EvaluationPlugin': 0, 'PeriodicEval': 0, 'Clock': 0}"
effectiveness_v3_20260918T135551Z_aa5dd7bf,A/splitcifar100/tight/S_star/1/default,S_star,splitcifar100,1,2,training,[],"{'ReplayPlugin': 0, 'PrefetchWrapPlugin': 0, 'EvaluationPlugin': 0, 'PeriodicEval': 0, 'Clock': 0}"
effectiveness_v3_20260918T135551Z_aa5dd7bf,A/splitcifar100/tight/S_star/1/default,S_star,splitcifar100,1,3,training,[],"{'ReplayPlugin': 0, 'PrefetchWrapPlugin': 0, 'EvaluationPlugin': 0, 'PeriodicEval': 0, 'Clock': 0}"
effectiveness_v3_20260918T135551Z_aa5dd7bf,A/splitcifar100/tight/S_star/1/default,S_star,splitcifar100,1,4,training,[],"{'ReplayPlugin': 0, 'PrefetchWrapPlugin': 0, 'EvaluationPlugin': 0, 'PeriodicEval': 0, 'Clock': 0}"
effectiveness_v3_20260918T135551Z_aa5dd7bf,A/splitcifar100/tight/S_star/1/default,S_star,splitcifar100,1,5,training,[],"{'ReplayPlugin': 0, 'PrefetchWrapPlugin': 0, 'EvaluationPlugin': 0, 'PeriodicEval': 0, 'Clock': 0}"
effectiveness_v3_20260918T135551Z_aa5dd7bf,A/splitcifar100/tight/S_star/1/default,S_star,splitcifar100,1,6,training,[],"{'ReplayPlugin': 0, 'PrefetchWrapPlugin': 0, 'EvaluationPlugin': 0, 'PeriodicEval': 0, 'Clock': 0}"
effectiveness_v3_20260918T135551Z_aa5dd7bf,A/splitcifar100/tight/S_star/1/default,S_star,splitcifar100,1,7,training,[],"{'ReplayPlugin': 0, 'PrefetchWrapPlugin': 0, 'EvaluationPlugin': 0, 'PeriodicEval': 0, 'Clock': 0}"
effectiveness_v3_20260918T135551Z_aa5dd7bf,A/splitcifar100/tight/S_star/1/default,S_star,splitcifar100,1,8,training,[],"{'ReplayPlugin': 0, 'PrefetchWrapPlugin': 0, 'EvaluationPlugin': 0, 'PeriodicEval': 0, 'Clock': 0}"
effectiveness_v3_20260918T135551Z_aa5dd7bf,A/splitcifar100/tight/S_star/1/default,S_star,splitcifar100,1,9,training,[],"{'ReplayPlugin': 0, 'PrefetchWrapPlugin': 0, 'EvaluationPlugin': 0, 'PeriodicEval': 0, 'Clock': 0}"
effectiveness_v3_20260918T135730Z_5faec831,A/splitcifar100/tight/O00/1/default,O00,splitcifar100,1,0,training,"[{""name"": ""gem"", ""enabled"": false, ""inner"": ""SparseGEMPlugin"", ""before_backward"": 0, ""after_training_exp"": 0, ""gem_reference_samples"": 0, ""ewc_extra_forward_visits"": 0, ""enabled_history"": [false]}, {""name"": ""ewc"", ""enabled"": false, ""inner"": ""EWCPlugin"", ""before_backward"": 0, ""after_training_exp"": 0, ""gem_reference_samples"": null, ""ewc_extra_forward_visits"": null, ""enabled_history"": [false]}]","{'SparseGEMPlugin': 0, 'EWCPlugin': 0, 'ReplayPlugin': 0, 'PrefetchWrapPlugin': 0, 'EvaluationPlugin': 0, 'PeriodicEval': 0, 'Clock': 0}"
effectiveness_v3_20260918T135730Z_5faec831,A/splitcifar100/tight/O00/1/default,O00,splitcifar100,1,1,training,"[{""name"": ""gem"", ""enabled"": false, ""inner"": ""SparseGEMPlugin"", ""before_backward"": 0, ""after_training_exp"": 0, ""gem_reference_samples"": 0, ""ewc_extra_forward_visits"": 0, ""enabled_history"": [false]}, {""name"": ""ewc"", ""enabled"": false, ""inner"": ""EWCPlugin"", ""before_backward"": 0, ""after_training_exp"": 0, ""gem_reference_samples"": null, ""ewc_extra_forward_visits"": null, ""enabled_history"": [false]}]","{'SparseGEMPlugin': 0, 'EWCPlugin': 0, 'ReplayPlugin': 0, 'PrefetchWrapPlugin': 0, 'EvaluationPlugin': 0, 'PeriodicEval': 0, 'Clock': 0}"
effectiveness_v3_20260918T135730Z_5faec831,A/splitcifar100/tight/O00/1/default,O00,splitcifar100,1,2,training,"[{""name"": ""gem"", ""enabled"": false, ""inner"": ""SparseGEMPlugin"", ""before_backward"": 0, ""after_training_exp"": 0, ""gem_reference_samples"": 0, ""ewc_extra_forward_visits"": 0, ""enabled_history"": [false]}, {""name"": ""ewc"", ""enabled"": false, ""inner"": ""EWCPlugin"", ""before_backward"": 0, ""after_training_exp"": 0, ""gem_reference_samples"": null, ""ewc_extra_forward_visits"": null, ""enabled_history"": [false]}]","{'SparseGEMPlugin': 0, 'EWCPlugin': 0, 'ReplayPlugin': 0, 'PrefetchWrapPlugin': 0, 'EvaluationPlugin': 0, 'PeriodicEval': 0, 'Clock': 0}"
effectiveness_v3_20260918T135730Z_5faec831,A/splitcifar100/tight/O00/1/default,O00,splitcifar100,1,3,training,"[{""name"": ""gem"", ""enabled"": false, ""inner"": ""SparseGEMPlugin"", ""before_backward"": 0, ""after_training_exp"": 0, ""gem_reference_samples"": 0, ""ewc_extra_forward_visits"": 0, ""enabled_history"": [false]}, {""name"": ""ewc"", ""enabled"": false, ""inner"": ""EWCPlugin"", ""before_backward"": 0, ""after_training_exp"": 0, ""gem_reference_samples"": null, ""ewc_extra_forward_visits"": null, ""enabled_history"": [false]}]","{'SparseGEMPlugin': 0, 'EWCPlugin': 0, 'ReplayPlugin': 0, 'PrefetchWrapPlugin': 0, 'EvaluationPlugin': 0, 'PeriodicEval': 0, 'Clock': 0}"
effectiveness_v3_20260918T135730Z_5faec831,A/splitcifar100/tight/O00/1/default,O00,splitcifar100,1,4,training,"[{""name"": ""gem"", ""enabled"": false, ""inner"": ""SparseGEMPlugin"", ""before_backward"": 0, ""after_training_exp"": 0, ""gem_reference_samples"": 0, ""ewc_extra_forward_visits"": 0, ""enabled_history"": [false]}, {""name"": ""ewc"", ""enabled"": false, ""inner"": ""EWCPlugin"", ""before_backward"": 0, ""after_training_exp"": 0, ""gem_reference_samples"": null, ""ewc_extra_forward_visits"": null, ""enabled_history"": [false]}]","{'SparseGEMPlugin': 0, 'EWCPlugin': 0, 'ReplayPlugin': 0, 'PrefetchWrapPlugin': 0, 'EvaluationPlugin': 0, 'PeriodicEval': 0, 'Clock': 0}"
effectiveness_v3_20260918T135730Z_5faec831,A/splitcifar100/tight/O00/1/default,O00,splitcifar100,1,5,training,"[{""name"": ""gem"", ""enabled"": false, ""inner"": ""SparseGEMPlugin"", ""before_backward"": 0, ""after_training_exp"": 0, ""gem_reference_samples"": 0, ""ewc_extra_forward_visits"": 0, ""enabled_history"": [false]}, {""name"": ""ewc"", ""enabled"": false, ""inner"": ""EWCPlugin"", ""before_backward"": 0, ""after_training_exp"": 0, ""gem_reference_samples"": null, ""ewc_extra_forward_visits"": null, ""enabled_history"": [false]}]","{'SparseGEMPlugin': 0, 'EWCPlugin': 0, 'ReplayPlugin': 0, 'PrefetchWrapPlugin': 0, 'EvaluationPlugin': 0, 'PeriodicEval': 0, 'Clock': 0}"
effectiveness_v3_20260918T135730Z_5faec831,A/splitcifar100/tight/O00/1/default,O00,splitcifar100,1,6,training,"[{""name"": ""gem"", ""enabled"": false, ""inner"": ""SparseGEMPlugin"", ""before_backward"": 0, ""after_training_exp"": 0, ""gem_reference_samples"": 0, ""ewc_extra_forward_visits"": 0, ""enabled_history"": [false]}, {""name"": ""ewc"", ""enabled"": false, ""inner"": ""EWCPlugin"", ""before_backward"": 0, ""after_training_exp"": 0, ""gem_reference_samples"": null, ""ewc_extra_forward_visits"": null, ""enabled_history"": [false]}]","{'SparseGEMPlugin': 0, 'EWCPlugin': 0, 'ReplayPlugin': 0, 'PrefetchWrapPlugin': 0, 'EvaluationPlugin': 0, 'PeriodicEval': 0, 'Clock': 0}"
effectiveness_v3_20260918T135730Z_5faec831,A/splitcifar100/tight/O00/1/default,O00,splitcifar100,1,7,training,"[{""name"": ""gem"", ""enabled"": false, ""inner"": ""SparseGEMPlugin"", ""before_backward"": 0, ""after_training_exp"": 0, ""gem_reference_samples"": 0, ""ewc_extra_forward_visits"": 0, ""enabled_history"": [false]}, {""name"": ""ewc"", ""enabled"": false, ""inner"": ""EWCPlugin"", ""before_backward"": 0, ""after_training_exp"": 0, ""gem_reference_samples"": null, ""ewc_extra_forward_visits"": null, ""enabled_history"": [false]}]","{'SparseGEMPlugin': 0, 'EWCPlugin': 0, 'ReplayPlugin': 0, 'PrefetchWrapPlugin': 0, 'EvaluationPlugin': 0, 'PeriodicEval': 0, 'Clock': 0}"
effectiveness_v3_20260918T135730Z_5faec831,A/splitcifar100/tight/O00/1/default,O00,splitcifar100,1,8,training,"[{""name"": ""gem"", ""enabled"": false, ""inner"": ""SparseGEMPlugin"", ""before_backward"": 0, ""after_training_exp"": 0, ""gem_reference_samples"": 0, ""ewc_extra_forward_visits"": 0, ""enabled_history"": [false]}, {""name"": ""ewc"", ""enabled"": false, ""inner"": ""EWCPlugin"", ""before_backward"": 0, ""after_training_exp"": 0, ""gem_reference_samples"": null, ""ewc_extra_forward_visits"": null, ""enabled_history"": [false]}]","{'SparseGEMPlugin': 0, 'EWCPlugin': 0, 'ReplayPlugin': 0, 'PrefetchWrapPlugin': 0, 'EvaluationPlugin': 0, 'PeriodicEval': 0, 'Clock': 0}"
effectiveness_v3_20260918T135730Z_5faec831,A/splitcifar100/tight/O00/1/default,O00,splitcifar100,1,9,training,"[{""name"": ""gem"", ""enabled"": false, ""inner"": ""SparseGEMPlugin"", ""before_backward"": 0, ""after_training_exp"": 0, ""gem_reference_samples"": 0, ""ewc_extra_forward_visits"": 0, ""enabled_history"": [false]}, {""name"": ""ewc"", ""enabled"": false, ""inner"": ""EWCPlugin"", ""before_backward"": 0, ""after_training_exp"": 0, ""gem_reference_samples"": null, ""ewc_extra_forward_visits"": null, ""enabled_history"": [false]}]","{'SparseGEMPlugin': 0, 'EWCPlugin': 0, 'ReplayPlugin': 0, 'PrefetchWrapPlugin': 0, 'EvaluationPlugin': 0, 'PeriodicEval': 0, 'Clock': 0}"
effectiveness_v3_20260918T135911Z_c0a10258,A/splitcifar100/tight/O10/1/default,O10,splitcifar100,1,0,training,"[{""name"": ""gem"", ""enabled"": false, ""inner"": ""SparseGEMPlugin"", ""before_backward"": 0, ""after_training_exp"": 0, ""gem_reference_samples"": 0, ""ewc_extra_forward_visits"": 0, ""enabled_history"": [false]}, {""name"": ""ewc"", ""enabled"": false, ""inner"": ""EWCPlugin"", ""before_backward"": 0, ""after_training_exp"": 0, ""gem_reference_samples"": null, ""ewc_extra_forward_visits"": null, ""enabled_history"": [false]}]","{'SparseGEMPlugin': 0, 'EWCPlugin': 0, 'ReplayPlugin': 0, 'PrefetchWrapPlugin': 0, 'EvaluationPlugin': 0, 'PeriodicEval': 0, 'Clock': 0}"
effectiveness_v3_20260918T135911Z_c0a10258,A/splitcifar100/tight/O10/1/default,O10,splitcifar100,1,1,training,"[{""name"": ""gem"", ""enabled"": true, ""inner"": ""SparseGEMPlugin"", ""before_backward"": 313, ""after_training_exp"": 1, ""gem_reference_samples"": 50, ""ewc_extra_forward_visits"": 0, ""enabled_history"": [true]}, {""name"": ""ewc"", ""enabled"": true, ""inner"": ""EWCPlugin"", ""before_backward"": 313, ""after_training_exp"": 1, ""gem_reference_samples"": null, ""ewc_extra_forward_visits"": null, ""enabled_history"": [true]}]","{'SparseGEMPlugin': 615200, 'EWCPlugin': 2204576, 'ReplayPlugin': 0, 'PrefetchWrapPlugin': 0, 'EvaluationPlugin': 0, 'PeriodicEval': 0, 'Clock': 0}"
effectiveness_v3_20260918T135941Z_a26de010,A/splitcifar100/tight/O01/1/default,O01,splitcifar100,1,0,training,"[{""name"": ""gem"", ""enabled"": false, ""inner"": ""SparseGEMPlugin"", ""before_backward"": 0, ""after_training_exp"": 0, ""gem_reference_samples"": 0, ""ewc_extra_forward_visits"": 0, ""enabled_history"": [false]}, {""name"": ""ewc"", ""enabled"": false, ""inner"": ""EWCPlugin"", ""before_backward"": 0, ""after_training_exp"": 0, ""gem_reference_samples"": null, ""ewc_extra_forward_visits"": null, ""enabled_history"": [false]}]","{'SparseGEMPlugin': 0, 'EWCPlugin': 0, 'ReplayPlugin': 0, 'PrefetchWrapPlugin': 0, 'EvaluationPlugin': 0, 'PeriodicEval': 0, 'Clock': 0}"
effectiveness_v3_20260918T135941Z_a26de010,A/splitcifar100/tight/O01/1/default,O01,splitcifar100,1,1,training,"[{""name"": ""gem"", ""enabled"": false, ""inner"": ""SparseGEMPlugin"", ""before_backward"": 0, ""after_training_exp"": 0, ""gem_reference_samples"": 0, ""ewc_extra_forward_visits"": 0, ""enabled_history"": [false]}, {""name"": ""ewc"", ""enabled"": false, ""inner"": ""EWCPlugin"", ""before_backward"": 0, ""after_training_exp"": 0, ""gem_reference_samples"": null, ""ewc_extra_forward_visits"": null, ""enabled_history"": [false]}]","{'SparseGEMPlugin': 0, 'EWCPlugin': 0, 'ReplayPlugin': 0, 'PrefetchWrapPlugin': 0, 'EvaluationPlugin': 0, 'PeriodicEval': 0, 'Clock': 0}"
effectiveness_v3_20260918T135941Z_a26de010,A/splitcifar100/tight/O01/1/default,O01,splitcifar100,1,2,training,"[{""name"": ""gem"", ""enabled"": false, ""inner"": ""SparseGEMPlugin"", ""before_backward"": 0, ""after_training_exp"": 0, ""gem_reference_samples"": 0, ""ewc_extra_forward_visits"": 0, ""enabled_history"": [false]}, {""name"": ""ewc"", ""enabled"": false, ""inner"": ""EWCPlugin"", ""before_backward"": 0, ""after_training_exp"": 0, ""gem_reference_samples"": null, ""ewc_extra_forward_visits"": null, ""enabled_history"": [false]}]","{'SparseGEMPlugin': 0, 'EWCPlugin': 0, 'ReplayPlugin': 0, 'PrefetchWrapPlugin': 0, 'EvaluationPlugin': 0, 'PeriodicEval': 0, 'Clock': 0}"
effectiveness_v3_20260918T135941Z_a26de010,A/splitcifar100/tight/O01/1/default,O01,splitcifar100,1,3,training,"[{""name"": ""gem"", ""enabled"": false, ""inner"": ""SparseGEMPlugin"", ""before_backward"": 0, ""after_training_exp"": 0, ""gem_reference_samples"": 0, ""ewc_extra_forward_visits"": 0, ""enabled_history"": [false]}, {""name"": ""ewc"", ""enabled"": false, ""inner"": ""EWCPlugin"", ""before_backward"": 0, ""after_training_exp"": 0, ""gem_reference_samples"": null, ""ewc_extra_forward_visits"": null, ""enabled_history"": [false]}]","{'SparseGEMPlugin': 0, 'EWCPlugin': 0, 'ReplayPlugin': 0, 'PrefetchWrapPlugin': 0, 'EvaluationPlugin': 0, 'PeriodicEval': 0, 'Clock': 0}"
effectiveness_v3_20260918T135941Z_a26de010,A/splitcifar100/tight/O01/1/default,O01,splitcifar100,1,4,training,"[{""name"": ""gem"", ""enabled"": false, ""inner"": ""SparseGEMPlugin"", ""before_backward"": 0, ""after_training_exp"": 0, ""gem_reference_samples"": 0, ""ewc_extra_forward_visits"": 0, ""enabled_history"": [false]}, {""name"": ""ewc"", ""enabled"": false, ""inner"": ""EWCPlugin"", ""before_backward"": 0, ""after_training_exp"": 0, ""gem_reference_samples"": null, ""ewc_extra_forward_visits"": null, ""enabled_history"": [false]}]","{'SparseGEMPlugin': 0, 'EWCPlugin': 0, 'ReplayPlugin': 0, 'PrefetchWrapPlugin': 0, 'EvaluationPlugin': 0, 'PeriodicEval': 0, 'Clock': 0}"
effectiveness_v3_20260918T135941Z_a26de010,A/splitcifar100/tight/O01/1/default,O01,splitcifar100,1,5,training,"[{""name"": ""gem"", ""enabled"": false, ""inner"": ""SparseGEMPlugin"", ""before_backward"": 0, ""after_training_exp"": 0, ""gem_reference_samples"": 0, ""ewc_extra_forward_visits"": 0, ""enabled_history"": [false]}, {""name"": ""ewc"", ""enabled"": false, ""inner"": ""EWCPlugin"", ""before_backward"": 0, ""after_training_exp"": 0, ""gem_reference_samples"": null, ""ewc_extra_forward_visits"": null, ""enabled_history"": [false]}]","{'SparseGEMPlugin': 0, 'EWCPlugin': 0, 'ReplayPlugin': 0, 'PrefetchWrapPlugin': 0, 'EvaluationPlugin': 0, 'PeriodicEval': 0, 'Clock': 0}"
effectiveness_v3_20260918T135941Z_a26de010,A/splitcifar100/tight/O01/1/default,O01,splitcifar100,1,6,training,"[{""name"": ""gem"", ""enabled"": false, ""inner"": ""SparseGEMPlugin"", ""before_backward"": 0, ""after_training_exp"": 0, ""gem_reference_samples"": 0, ""ewc_extra_forward_visits"": 0, ""enabled_history"": [false]}, {""name"": ""ewc"", ""enabled"": false, ""inner"": ""EWCPlugin"", ""before_backward"": 0, ""after_training_exp"": 0, ""gem_reference_samples"": null, ""ewc_extra_forward_visits"": null, ""enabled_history"": [false]}]","{'SparseGEMPlugin': 0, 'EWCPlugin': 0, 'ReplayPlugin': 0, 'PrefetchWrapPlugin': 0, 'EvaluationPlugin': 0, 'PeriodicEval': 0, 'Clock': 0}"
effectiveness_v3_20260918T135941Z_a26de010,A/splitcifar100/tight/O01/1/default,O01,splitcifar100,1,7,training,"[{""name"": ""gem"", ""enabled"": false, ""inner"": ""SparseGEMPlugin"", ""before_backward"": 0, ""after_training_exp"": 0, ""gem_reference_samples"": 0, ""ewc_extra_forward_visits"": 0, ""enabled_history"": [false]}, {""name"": ""ewc"", ""enabled"": false, ""inner"": ""EWCPlugin"", ""before_backward"": 0, ""after_training_exp"": 0, ""gem_reference_samples"": null, ""ewc_extra_forward_visits"": null, ""enabled_history"": [false]}]","{'SparseGEMPlugin': 0, 'EWCPlugin': 0, 'ReplayPlugin': 0, 'PrefetchWrapPlugin': 0, 'EvaluationPlugin': 0, 'PeriodicEval': 0, 'Clock': 0}"
effectiveness_v3_20260918T135941Z_a26de010,A/splitcifar100/tight/O01/1/default,O01,splitcifar100,1,8,training,"[{""name"": ""gem"", ""enabled"": false, ""inner"": ""SparseGEMPlugin"", ""before_backward"": 0, ""after_training_exp"": 0, ""gem_reference_samples"": 0, ""ewc_extra_forward_visits"": 0, ""enabled_history"": [false]}, {""name"": ""ewc"", ""enabled"": false, ""inner"": ""EWCPlugin"", ""before_backward"": 0, ""after_training_exp"": 0, ""gem_reference_samples"": null, ""ewc_extra_forward_visits"": null, ""enabled_history"": [false]}]","{'SparseGEMPlugin': 0, 'EWCPlugin': 0, 'ReplayPlugin': 0, 'PrefetchWrapPlugin': 0, 'EvaluationPlugin': 0, 'PeriodicEval': 0, 'Clock': 0}"
effectiveness_v3_20260918T135941Z_a26de010,A/splitcifar100/tight/O01/1/default,O01,splitcifar100,1,9,training,"[{""name"": ""gem"", ""enabled"": false, ""inner"": ""SparseGEMPlugin"", ""before_backward"": 0, ""after_training_exp"": 0, ""gem_reference_samples"": 0, ""ewc_extra_forward_visits"": 0, ""enabled_history"": [false]}, {""name"": ""ewc"", ""enabled"": false, ""inner"": ""EWCPlugin"", ""before_backward"": 0, ""after_training_exp"": 0, ""gem_reference_samples"": null, ""ewc_extra_forward_visits"": null, ""enabled_history"": [false]}]","{'SparseGEMPlugin': 0, 'EWCPlugin': 0, 'ReplayPlugin': 0, 'PrefetchWrapPlugin': 0, 'EvaluationPlugin': 0, 'PeriodicEval': 0, 'Clock': 0}"
effectiveness_v3_20260918T140124Z_09059880,A/splitcifar100/tight/O11/1/default,O11,splitcifar100,1,0,training,"[{""name"": ""gem"", ""enabled"": false, ""inner"": ""SparseGEMPlugin"", ""before_backward"": 0, ""after_training_exp"": 0, ""gem_reference_samples"": 0, ""ewc_extra_forward_visits"": 0, ""enabled_history"": [false]}, {""name"": ""ewc"", ""enabled"": false, ""inner"": ""EWCPlugin"", ""before_backward"": 0, ""after_training_exp"": 0, ""gem_reference_samples"": null, ""ewc_extra_forward_visits"": null, ""enabled_history"": [false]}]","{'SparseGEMPlugin': 0, 'EWCPlugin': 0, 'ReplayPlugin': 0, 'PrefetchWrapPlugin': 0, 'EvaluationPlugin': 0, 'PeriodicEval': 0, 'Clock': 0}"
effectiveness_v3_20260918T140124Z_09059880,A/splitcifar100/tight/O11/1/default,O11,splitcifar100,1,1,training,"[{""name"": ""gem"", ""enabled"": true, ""inner"": ""SparseGEMPlugin"", ""before_backward"": 313, ""after_training_exp"": 1, ""gem_reference_samples"": 50, ""ewc_extra_forward_visits"": 0, ""enabled_history"": [true]}, {""name"": ""ewc"", ""enabled"": true, ""inner"": ""EWCPlugin"", ""before_backward"": 313, ""after_training_exp"": 1, ""gem_reference_samples"": null, ""ewc_extra_forward_visits"": null, ""enabled_history"": [true]}]","{'SparseGEMPlugin': 615200, 'EWCPlugin': 2204576, 'ReplayPlugin': 0, 'PrefetchWrapPlugin': 0, 'EvaluationPlugin': 0, 'PeriodicEval': 0, 'Clock': 0}"
effectiveness_v3_20260918T140154Z_8551117e,A/splitcifar100/tight/R11/1/default,R11,splitcifar100,1,0,training,"[{""name"": ""gem"", ""enabled"": false, ""inner"": ""SparseGEMPlugin"", ""before_backward"": 0, ""after_training_exp"": 0, ""gem_reference_samples"": 0, ""ewc_extra_forward_visits"": 0, ""enabled_history"": [false]}, {""name"": ""ewc"", ""enabled"": false, ""inner"": ""EWCPlugin"", ""before_backward"": 0, ""after_training_exp"": 0, ""gem_reference_samples"": null, ""ewc_extra_forward_visits"": null, ""enabled_history"": [false]}]","{'SparseGEMPlugin': 0, 'EWCPlugin': 0, 'ReplayPlugin': 0, 'PrefetchWrapPlugin': 0, 'EvaluationPlugin': 0, 'PeriodicEval': 0, 'Clock': 0}"
effectiveness_v3_20260918T140154Z_8551117e,A/splitcifar100/tight/R11/1/default,R11,splitcifar100,1,1,training,"[{""name"": ""gem"", ""enabled"": false, ""inner"": ""SparseGEMPlugin"", ""before_backward"": 0, ""after_training_exp"": 0, ""gem_reference_samples"": 0, ""ewc_extra_forward_visits"": 0, ""enabled_history"": [false]}, {""name"": ""ewc"", ""enabled"": false, ""inner"": ""EWCPlugin"", ""before_backward"": 0, ""after_training_exp"": 0, ""gem_reference_samples"": null, ""ewc_extra_forward_visits"": null, ""enabled_history"": [false]}]","{'SparseGEMPlugin': 0, 'EWCPlugin': 0, 'ReplayPlugin': 0, 'PrefetchWrapPlugin': 0, 'EvaluationPlugin': 0, 'PeriodicEval': 0, 'Clock': 0}"
effectiveness_v3_20260918T140154Z_8551117e,A/splitcifar100/tight/R11/1/default,R11,splitcifar100,1,2,training,"[{""name"": ""gem"", ""enabled"": false, ""inner"": ""SparseGEMPlugin"", ""before_backward"": 0, ""after_training_exp"": 0, ""gem_reference_samples"": 0, ""ewc_extra_forward_visits"": 0, ""enabled_history"": [false]}, {""name"": ""ewc"", ""enabled"": false, ""inner"": ""EWCPlugin"", ""before_backward"": 0, ""after_training_exp"": 0, ""gem_reference_samples"": null, ""ewc_extra_forward_visits"": null, ""enabled_history"": [false]}]","{'SparseGEMPlugin': 0, 'EWCPlugin': 0, 'ReplayPlugin': 0, 'PrefetchWrapPlugin': 0, 'EvaluationPlugin': 0, 'PeriodicEval': 0, 'Clock': 0}"
effectiveness_v3_20260918T140154Z_8551117e,A/splitcifar100/tight/R11/1/default,R11,splitcifar100,1,3,training,"[{""name"": ""gem"", ""enabled"": false, ""inner"": ""SparseGEMPlugin"", ""before_backward"": 0, ""after_training_exp"": 0, ""gem_reference_samples"": 0, ""ewc_extra_forward_visits"": 0, ""enabled_history"": [false]}, {""name"": ""ewc"", ""enabled"": false, ""inner"": ""EWCPlugin"", ""before_backward"": 0, ""after_training_exp"": 0, ""gem_reference_samples"": null, ""ewc_extra_forward_visits"": null, ""enabled_history"": [false]}]","{'SparseGEMPlugin': 0, 'EWCPlugin': 0, 'ReplayPlugin': 0, 'PrefetchWrapPlugin': 0, 'EvaluationPlugin': 0, 'PeriodicEval': 0, 'Clock': 0}"
effectiveness_v3_20260918T140154Z_8551117e,A/splitcifar100/tight/R11/1/default,R11,splitcifar100,1,4,training,"[{""name"": ""gem"", ""enabled"": false, ""inner"": ""SparseGEMPlugin"", ""before_backward"": 0, ""after_training_exp"": 0, ""gem_reference_samples"": 0, ""ewc_extra_forward_visits"": 0, ""enabled_history"": [false]}, {""name"": ""ewc"", ""enabled"": false, ""inner"": ""EWCPlugin"", ""before_backward"": 0, ""after_training_exp"": 0, ""gem_reference_samples"": null, ""ewc_extra_forward_visits"": null, ""enabled_history"": [false]}]","{'SparseGEMPlugin': 0, 'EWCPlugin': 0, 'ReplayPlugin': 0, 'PrefetchWrapPlugin': 0, 'EvaluationPlugin': 0, 'PeriodicEval': 0, 'Clock': 0}"
effectiveness_v3_20260918T140154Z_8551117e,A/splitcifar100/tight/R11/1/default,R11,splitcifar100,1,5,training,"[{""name"": ""gem"", ""enabled"": false, ""inner"": ""SparseGEMPlugin"", ""before_backward"": 0, ""after_training_exp"": 0, ""gem_reference_samples"": 0, ""ewc_extra_forward_visits"": 0, ""enabled_history"": [false]}, {""name"": ""ewc"", ""enabled"": false, ""inner"": ""EWCPlugin"", ""before_backward"": 0, ""after_training_exp"": 0, ""gem_reference_samples"": null, ""ewc_extra_forward_visits"": null, ""enabled_history"": [false]}]","{'SparseGEMPlugin': 0, 'EWCPlugin': 0, 'ReplayPlugin': 0, 'PrefetchWrapPlugin': 0, 'EvaluationPlugin': 0, 'PeriodicEval': 0, 'Clock': 0}"
effectiveness_v3_20260918T140154Z_8551117e,A/splitcifar100/tight/R11/1/default,R11,splitcifar100,1,6,training,"[{""name"": ""gem"", ""enabled"": false, ""inner"": ""SparseGEMPlugin"", ""before_backward"": 0, ""after_training_exp"": 0, ""gem_reference_samples"": 0, ""ewc_extra_forward_visits"": 0, ""enabled_history"": [false]}, {""name"": ""ewc"", ""enabled"": false, ""inner"": ""EWCPlugin"", ""before_backward"": 0, ""after_training_exp"": 0, ""gem_reference_samples"": null, ""ewc_extra_forward_visits"": null, ""enabled_history"": [false]}]","{'SparseGEMPlugin': 0, 'EWCPlugin': 0, 'ReplayPlugin': 0, 'PrefetchWrapPlugin': 0, 'EvaluationPlugin': 0, 'PeriodicEval': 0, 'Clock': 0}"
effectiveness_v3_20260918T140154Z_8551117e,A/splitcifar100/tight/R11/1/default,R11,splitcifar100,1,7,training,"[{""name"": ""gem"", ""enabled"": false, ""inner"": ""SparseGEMPlugin"", ""before_backward"": 0, ""after_training_exp"": 0, ""gem_reference_samples"": 0, ""ewc_extra_forward_visits"": 0, ""enabled_history"": [false]}, {""name"": ""ewc"", ""enabled"": false, ""inner"": ""EWCPlugin"", ""before_backward"": 0, ""after_training_exp"": 0, ""gem_reference_samples"": null, ""ewc_extra_forward_visits"": null, ""enabled_history"": [false]}]","{'SparseGEMPlugin': 0, 'EWCPlugin': 0, 'ReplayPlugin': 0, 'PrefetchWrapPlugin': 0, 'EvaluationPlugin': 0, 'PeriodicEval': 0, 'Clock': 0}"
effectiveness_v3_20260918T140154Z_8551117e,A/splitcifar100/tight/R11/1/default,R11,splitcifar100,1,8,training,"[{""name"": ""gem"", ""enabled"": false, ""inner"": ""SparseGEMPlugin"", ""before_backward"": 0, ""after_training_exp"": 0, ""gem_reference_samples"": 0, ""ewc_extra_forward_visits"": 0, ""enabled_history"": [false]}, {""name"": ""ewc"", ""enabled"": false, ""inner"": ""EWCPlugin"", ""before_backward"": 0, ""after_training_exp"": 0, ""gem_reference_samples"": null, ""ewc_extra_forward_visits"": null, ""enabled_history"": [false]}]","{'SparseGEMPlugin': 0, 'EWCPlugin': 0, 'ReplayPlugin': 0, 'PrefetchWrapPlugin': 0, 'EvaluationPlugin': 0, 'PeriodicEval': 0, 'Clock': 0}"
effectiveness_v3_20260918T140154Z_8551117e,A/splitcifar100/tight/R11/1/default,R11,splitcifar100,1,9,training,"[{""name"": ""gem"", ""enabled"": false, ""inner"": ""SparseGEMPlugin"", ""before_backward"": 0, ""after_training_exp"": 0, ""gem_reference_samples"": 0, ""ewc_extra_forward_visits"": 0, ""enabled_history"": [false]}, {""name"": ""ewc"", ""enabled"": false, ""inner"": ""EWCPlugin"", ""before_backward"": 0, ""after_training_exp"": 0, ""gem_reference_samples"": null, ""ewc_extra_forward_visits"": null, ""enabled_history"": [false]}]","{'SparseGEMPlugin': 0, 'EWCPlugin': 0, 'ReplayPlugin': 0, 'PrefetchWrapPlugin': 0, 'EvaluationPlugin': 0, 'PeriodicEval': 0, 'Clock': 0}"
effectiveness_v3_20260918T140331Z_47023b0d,A/splitcifar100/tight/F11/1/default,F11,splitcifar100,1,0,training,"[{""name"": ""gem"", ""enabled"": true, ""inner"": ""SparseGEMPlugin"", ""before_backward"": 313, ""after_training_exp"": 1, ""gem_reference_samples"": 50, ""ewc_extra_forward_visits"": 0, ""enabled_history"": [true]}, {""name"": ""ewc"", ""enabled"": true, ""inner"": ""EWCPlugin"", ""before_backward"": 313, ""after_training_exp"": 1, ""gem_reference_samples"": null, ""ewc_extra_forward_visits"": null, ""enabled_history"": [true]}]","{'SparseGEMPlugin': 615200, 'EWCPlugin': 2204576, 'ReplayPlugin': 0, 'PrefetchWrapPlugin': 0, 'EvaluationPlugin': 0, 'PeriodicEval': 0, 'Clock': 0}"
effectiveness_v3_20260918T140353Z_21d26ae7,A/splitcifar100/tight/S0/1/default,S0,splitcifar100,1,0,training,[],"{'ReplayPlugin': 0, 'PrefetchWrapPlugin': 0, 'EvaluationPlugin': 0, 'PeriodicEval': 0, 'Clock': 0}"
effectiveness_v3_20260918T140353Z_21d26ae7,A/splitcifar100/tight/S0/1/default,S0,splitcifar100,1,1,training,[],"{'ReplayPlugin': 0, 'PrefetchWrapPlugin': 0, 'EvaluationPlugin': 0, 'PeriodicEval': 0, 'Clock': 0}"
effectiveness_v3_20260918T140353Z_21d26ae7,A/splitcifar100/tight/S0/1/default,S0,splitcifar100,1,2,training,[],"{'ReplayPlugin': 0, 'PrefetchWrapPlugin': 0, 'EvaluationPlugin': 0, 'PeriodicEval': 0, 'Clock': 0}"
effectiveness_v3_20260918T140353Z_21d26ae7,A/splitcifar100/tight/S0/1/default,S0,splitcifar100,1,3,training,[],"{'ReplayPlugin': 0, 'PrefetchWrapPlugin': 0, 'EvaluationPlugin': 0, 'PeriodicEval': 0, 'Clock': 0}"
effectiveness_v3_20260918T140353Z_21d26ae7,A/splitcifar100/tight/S0/1/default,S0,splitcifar100,1,4,training,[],"{'ReplayPlugin': 0, 'PrefetchWrapPlugin': 0, 'EvaluationPlugin': 0, 'PeriodicEval': 0, 'Clock': 0}"
effectiveness_v3_20260918T140353Z_21d26ae7,A/splitcifar100/tight/S0/1/default,S0,splitcifar100,1,5,training,[],"{'ReplayPlugin': 0, 'PrefetchWrapPlugin': 0, 'EvaluationPlugin': 0, 'PeriodicEval': 0, 'Clock': 0}"
effectiveness_v3_20260918T140353Z_21d26ae7,A/splitcifar100/tight/S0/1/default,S0,splitcifar100,1,6,training,[],"{'ReplayPlugin': 0, 'PrefetchWrapPlugin': 0, 'EvaluationPlugin': 0, 'PeriodicEval': 0, 'Clock': 0}"
effectiveness_v3_20260918T140353Z_21d26ae7,A/splitcifar100/tight/S0/1/default,S0,splitcifar100,1,7,training,[],"{'ReplayPlugin': 0, 'PrefetchWrapPlugin': 0, 'EvaluationPlugin': 0, 'PeriodicEval': 0, 'Clock': 0}"
effectiveness_v3_20260918T140353Z_21d26ae7,A/splitcifar100/tight/S0/1/default,S0,splitcifar100,1,8,training,[],"{'ReplayPlugin': 0, 'PrefetchWrapPlugin': 0, 'EvaluationPlugin': 0, 'PeriodicEval': 0, 'Clock': 0}"
effectiveness_v3_20260918T140353Z_21d26ae7,A/splitcifar100/tight/S0/1/default,S0,splitcifar100,1,9,training,[],"{'ReplayPlugin': 0, 'PrefetchWrapPlugin': 0, 'EvaluationPlugin': 0, 'PeriodicEval': 0, 'Clock': 0}"
effectiveness_v3_20260918T140531Z_c2ff5b17,A/splitcifar100/tight/O00/2/default,O00,splitcifar100,2,0,training,"[{""name"": ""gem"", ""enabled"": false, ""inner"": ""SparseGEMPlugin"", ""before_backward"": 0, ""after_training_exp"": 0, ""gem_reference_samples"": 0, ""ewc_extra_forward_visits"": 0, ""enabled_history"": [false]}, {""name"": ""ewc"", ""enabled"": false, ""inner"": ""EWCPlugin"", ""before_backward"": 0, ""after_training_exp"": 0, ""gem_reference_samples"": null, ""ewc_extra_forward_visits"": null, ""enabled_history"": [false]}]","{'SparseGEMPlugin': 0, 'EWCPlugin': 0, 'ReplayPlugin': 0, 'PrefetchWrapPlugin': 0, 'EvaluationPlugin': 0, 'PeriodicEval': 0, 'Clock': 0}"
effectiveness_v3_20260918T140531Z_c2ff5b17,A/splitcifar100/tight/O00/2/default,O00,splitcifar100,2,1,training,"[{""name"": ""gem"", ""enabled"": false, ""inner"": ""SparseGEMPlugin"", ""before_backward"": 0, ""after_training_exp"": 0, ""gem_reference_samples"": 0, ""ewc_extra_forward_visits"": 0, ""enabled_history"": [false]}, {""name"": ""ewc"", ""enabled"": false, ""inner"": ""EWCPlugin"", ""before_backward"": 0, ""after_training_exp"": 0, ""gem_reference_samples"": null, ""ewc_extra_forward_visits"": null, ""enabled_history"": [false]}]","{'SparseGEMPlugin': 0, 'EWCPlugin': 0, 'ReplayPlugin': 0, 'PrefetchWrapPlugin': 0, 'EvaluationPlugin': 0, 'PeriodicEval': 0, 'Clock': 0}"
effectiveness_v3_20260918T140531Z_c2ff5b17,A/splitcifar100/tight/O00/2/default,O00,splitcifar100,2,2,training,"[{""name"": ""gem"", ""enabled"": false, ""inner"": ""SparseGEMPlugin"", ""before_backward"": 0, ""after_training_exp"": 0, ""gem_reference_samples"": 0, ""ewc_extra_forward_visits"": 0, ""enabled_history"": [false]}, {""name"": ""ewc"", ""enabled"": false, ""inner"": ""EWCPlugin"", ""before_backward"": 0, ""after_training_exp"": 0, ""gem_reference_samples"": null, ""ewc_extra_forward_visits"": null, ""enabled_history"": [false]}]","{'SparseGEMPlugin': 0, 'EWCPlugin': 0, 'ReplayPlugin': 0, 'PrefetchWrapPlugin': 0, 'EvaluationPlugin': 0, 'PeriodicEval': 0, 'Clock': 0}"
effectiveness_v3_20260918T140531Z_c2ff5b17,A/splitcifar100/tight/O00/2/default,O00,splitcifar100,2,3,training,"[{""name"": ""gem"", ""enabled"": false, ""inner"": ""SparseGEMPlugin"", ""before_backward"": 0, ""after_training_exp"": 0, ""gem_reference_samples"": 0, ""ewc_extra_forward_visits"": 0, ""enabled_history"": [false]}, {""name"": ""ewc"", ""enabled"": false, ""inner"": ""EWCPlugin"", ""before_backward"": 0, ""after_training_exp"": 0, ""gem_reference_samples"": null, ""ewc_extra_forward_visits"": null, ""enabled_history"": [false]}]","{'SparseGEMPlugin': 0, 'EWCPlugin': 0, 'ReplayPlugin': 0, 'PrefetchWrapPlugin': 0, 'EvaluationPlugin': 0, 'PeriodicEval': 0, 'Clock': 0}"
effectiveness_v3_20260918T140531Z_c2ff5b17,A/splitcifar100/tight/O00/2/default,O00,splitcifar100,2,4,training,"[{""name"": ""gem"", ""enabled"": false, ""inner"": ""SparseGEMPlugin"", ""before_backward"": 0, ""after_training_exp"": 0, ""gem_reference_samples"": 0, ""ewc_extra_forward_visits"": 0, ""enabled_history"": [false]}, {""name"": ""ewc"", ""enabled"": false, ""inner"": ""EWCPlugin"", ""before_backward"": 0, ""after_training_exp"": 0, ""gem_reference_samples"": null, ""ewc_extra_forward_visits"": null, ""enabled_history"": [false]}]","{'SparseGEMPlugin': 0, 'EWCPlugin': 0, 'ReplayPlugin': 0, 'PrefetchWrapPlugin': 0, 'EvaluationPlugin': 0, 'PeriodicEval': 0, 'Clock': 0}"
effectiveness_v3_20260918T140531Z_c2ff5b17,A/splitcifar100/tight/O00/2/default,O00,splitcifar100,2,5,training,"[{""name"": ""gem"", ""enabled"": false, ""inner"": ""SparseGEMPlugin"", ""before_backward"": 0, ""after_training_exp"": 0, ""gem_reference_samples"": 0, ""ewc_extra_forward_visits"": 0, ""enabled_history"": [false]}, {""name"": ""ewc"", ""enabled"": false, ""inner"": ""EWCPlugin"", ""before_backward"": 0, ""after_training_exp"": 0, ""gem_reference_samples"": null, ""ewc_extra_forward_visits"": null, ""enabled_history"": [false]}]","{'SparseGEMPlugin': 0, 'EWCPlugin': 0, 'ReplayPlugin': 0, 'PrefetchWrapPlugin': 0, 'EvaluationPlugin': 0, 'PeriodicEval': 0, 'Clock': 0}"
effectiveness_v3_20260918T140531Z_c2ff5b17,A/splitcifar100/tight/O00/2/default,O00,splitcifar100,2,6,training,"[{""name"": ""gem"", ""enabled"": false, ""inner"": ""SparseGEMPlugin"", ""before_backward"": 0, ""after_training_exp"": 0, ""gem_reference_samples"": 0, ""ewc_extra_forward_visits"": 0, ""enabled_history"": [false]}, {""name"": ""ewc"", ""enabled"": false, ""inner"": ""EWCPlugin"", ""before_backward"": 0, ""after_training_exp"": 0, ""gem_reference_samples"": null, ""ewc_extra_forward_visits"": null, ""enabled_history"": [false]}]","{'SparseGEMPlugin': 0, 'EWCPlugin': 0, 'ReplayPlugin': 0, 'PrefetchWrapPlugin': 0, 'EvaluationPlugin': 0, 'PeriodicEval': 0, 'Clock': 0}"
effectiveness_v3_20260918T140531Z_c2ff5b17,A/splitcifar100/tight/O00/2/default,O00,splitcifar100,2,7,training,"[{""name"": ""gem"", ""enabled"": false, ""inner"": ""SparseGEMPlugin"", ""before_backward"": 0, ""after_training_exp"": 0, ""gem_reference_samples"": 0, ""ewc_extra_forward_visits"": 0, ""enabled_history"": [false]}, {""name"": ""ewc"", ""enabled"": false, ""inner"": ""EWCPlugin"", ""before_backward"": 0, ""after_training_exp"": 0, ""gem_reference_samples"": null, ""ewc_extra_forward_visits"": null, ""enabled_history"": [false]}]","{'SparseGEMPlugin': 0, 'EWCPlugin': 0, 'ReplayPlugin': 0, 'PrefetchWrapPlugin': 0, 'EvaluationPlugin': 0, 'PeriodicEval': 0, 'Clock': 0}"
effectiveness_v3_20260918T140531Z_c2ff5b17,A/splitcifar100/tight/O00/2/default,O00,splitcifar100,2,8,training,"[{""name"": ""gem"", ""enabled"": false, ""inner"": ""SparseGEMPlugin"", ""before_backward"": 0, ""after_training_exp"": 0, ""gem_reference_samples"": 0, ""ewc_extra_forward_visits"": 0, ""enabled_history"": [false]}, {""name"": ""ewc"", ""enabled"": false, ""inner"": ""EWCPlugin"", ""before_backward"": 0, ""after_training_exp"": 0, ""gem_reference_samples"": null, ""ewc_extra_forward_visits"": null, ""enabled_history"": [false]}]","{'SparseGEMPlugin': 0, 'EWCPlugin': 0, 'ReplayPlugin': 0, 'PrefetchWrapPlugin': 0, 'EvaluationPlugin': 0, 'PeriodicEval': 0, 'Clock': 0}"
effectiveness_v3_20260918T140531Z_c2ff5b17,A/splitcifar100/tight/O00/2/default,O00,splitcifar100,2,9,training,"[{""name"": ""gem"", ""enabled"": false, ""inner"": ""SparseGEMPlugin"", ""before_backward"": 0, ""after_training_exp"": 0, ""gem_reference_samples"": 0, ""ewc_extra_forward_visits"": 0, ""enabled_history"": [false]}, {""name"": ""ewc"", ""enabled"": false, ""inner"": ""EWCPlugin"", ""before_backward"": 0, ""after_training_exp"": 0, ""gem_reference_samples"": null, ""ewc_extra_forward_visits"": null, ""enabled_history"": [false]}]","{'SparseGEMPlugin': 0, 'EWCPlugin': 0, 'ReplayPlugin': 0, 'PrefetchWrapPlugin': 0, 'EvaluationPlugin': 0, 'PeriodicEval': 0, 'Clock': 0}"
effectiveness_v3_20260918T140711Z_a8920eca,A/splitcifar100/tight/O10/2/default,O10,splitcifar100,2,0,training,"[{""name"": ""gem"", ""enabled"": false, ""inner"": ""SparseGEMPlugin"", ""before_backward"": 0, ""after_training_exp"": 0, ""gem_reference_samples"": 0, ""ewc_extra_forward_visits"": 0, ""enabled_history"": [false]}, {""name"": ""ewc"", ""enabled"": false, ""inner"": ""EWCPlugin"", ""before_backward"": 0, ""after_training_exp"": 0, ""gem_reference_samples"": null, ""ewc_extra_forward_visits"": null, ""enabled_history"": [false]}]","{'SparseGEMPlugin': 0, 'EWCPlugin': 0, 'ReplayPlugin': 0, 'PrefetchWrapPlugin': 0, 'EvaluationPlugin': 0, 'PeriodicEval': 0, 'Clock': 0}"
effectiveness_v3_20260918T140711Z_a8920eca,A/splitcifar100/tight/O10/2/default,O10,splitcifar100,2,1,training,"[{""name"": ""gem"", ""enabled"": true, ""inner"": ""SparseGEMPlugin"", ""before_backward"": 313, ""after_training_exp"": 1, ""gem_reference_samples"": 50, ""ewc_extra_forward_visits"": 0, ""enabled_history"": [true]}, {""name"": ""ewc"", ""enabled"": true, ""inner"": ""EWCPlugin"", ""before_backward"": 313, ""after_training_exp"": 1, ""gem_reference_samples"": null, ""ewc_extra_forward_visits"": null, ""enabled_history"": [true]}]","{'SparseGEMPlugin': 615200, 'EWCPlugin': 2204576, 'ReplayPlugin': 0, 'PrefetchWrapPlugin': 0, 'EvaluationPlugin': 0, 'PeriodicEval': 0, 'Clock': 0}"
effectiveness_v3_20260918T140741Z_abeddeaf,A/splitcifar100/tight/O01/2/default,O01,splitcifar100,2,0,training,"[{""name"": ""gem"", ""enabled"": false, ""inner"": ""SparseGEMPlugin"", ""before_backward"": 0, ""after_training_exp"": 0, ""gem_reference_samples"": 0, ""ewc_extra_forward_visits"": 0, ""enabled_history"": [false]}, {""name"": ""ewc"", ""enabled"": false, ""inner"": ""EWCPlugin"", ""before_backward"": 0, ""after_training_exp"": 0, ""gem_reference_samples"": null, ""ewc_extra_forward_visits"": null, ""enabled_history"": [false]}]","{'SparseGEMPlugin': 0, 'EWCPlugin': 0, 'ReplayPlugin': 0, 'PrefetchWrapPlugin': 0, 'EvaluationPlugin': 0, 'PeriodicEval': 0, 'Clock': 0}"
effectiveness_v3_20260918T140741Z_abeddeaf,A/splitcifar100/tight/O01/2/default,O01,splitcifar100,2,1,training,"[{""name"": ""gem"", ""enabled"": false, ""inner"": ""SparseGEMPlugin"", ""before_backward"": 0, ""after_training_exp"": 0, ""gem_reference_samples"": 0, ""ewc_extra_forward_visits"": 0, ""enabled_history"": [false]}, {""name"": ""ewc"", ""enabled"": false, ""inner"": ""EWCPlugin"", ""before_backward"": 0, ""after_training_exp"": 0, ""gem_reference_samples"": null, ""ewc_extra_forward_visits"": null, ""enabled_history"": [false]}]","{'SparseGEMPlugin': 0, 'EWCPlugin': 0, 'ReplayPlugin': 0, 'PrefetchWrapPlugin': 0, 'EvaluationPlugin': 0, 'PeriodicEval': 0, 'Clock': 0}"
effectiveness_v3_20260918T140741Z_abeddeaf,A/splitcifar100/tight/O01/2/default,O01,splitcifar100,2,2,training,"[{""name"": ""gem"", ""enabled"": false, ""inner"": ""SparseGEMPlugin"", ""before_backward"": 0, ""after_training_exp"": 0, ""gem_reference_samples"": 0, ""ewc_extra_forward_visits"": 0, ""enabled_history"": [false]}, {""name"": ""ewc"", ""enabled"": false, ""inner"": ""EWCPlugin"", ""before_backward"": 0, ""after_training_exp"": 0, ""gem_reference_samples"": null, ""ewc_extra_forward_visits"": null, ""enabled_history"": [false]}]","{'SparseGEMPlugin': 0, 'EWCPlugin': 0, 'ReplayPlugin': 0, 'PrefetchWrapPlugin': 0, 'EvaluationPlugin': 0, 'PeriodicEval': 0, 'Clock': 0}"
effectiveness_v3_20260918T140741Z_abeddeaf,A/splitcifar100/tight/O01/2/default,O01,splitcifar100,2,3,training,"[{""name"": ""gem"", ""enabled"": false, ""inner"": ""SparseGEMPlugin"", ""before_backward"": 0, ""after_training_exp"": 0, ""gem_reference_samples"": 0, ""ewc_extra_forward_visits"": 0, ""enabled_history"": [false]}, {""name"": ""ewc"", ""enabled"": false, ""inner"": ""EWCPlugin"", ""before_backward"": 0, ""after_training_exp"": 0, ""gem_reference_samples"": null, ""ewc_extra_forward_visits"": null, ""enabled_history"": [false]}]","{'SparseGEMPlugin': 0, 'EWCPlugin': 0, 'ReplayPlugin': 0, 'PrefetchWrapPlugin': 0, 'EvaluationPlugin': 0, 'PeriodicEval': 0, 'Clock': 0}"
effectiveness_v3_20260918T140741Z_abeddeaf,A/splitcifar100/tight/O01/2/default,O01,splitcifar100,2,4,training,"[{""name"": ""gem"", ""enabled"": false, ""inner"": ""SparseGEMPlugin"", ""before_backward"": 0, ""after_training_exp"": 0, ""gem_reference_samples"": 0, ""ewc_extra_forward_visits"": 0, ""enabled_history"": [false]}, {""name"": ""ewc"", ""enabled"": false, ""inner"": ""EWCPlugin"", ""before_backward"": 0, ""after_training_exp"": 0, ""gem_reference_samples"": null, ""ewc_extra_forward_visits"": null, ""enabled_history"": [false]}]","{'SparseGEMPlugin': 0, 'EWCPlugin': 0, 'ReplayPlugin': 0, 'PrefetchWrapPlugin': 0, 'EvaluationPlugin': 0, 'PeriodicEval': 0, 'Clock': 0}"
effectiveness_v3_20260918T140741Z_abeddeaf,A/splitcifar100/tight/O01/2/default,O01,splitcifar100,2,5,training,"[{""name"": ""gem"", ""enabled"": false, ""inner"": ""SparseGEMPlugin"", ""before_backward"": 0, ""after_training_exp"": 0, ""gem_reference_samples"": 0, ""ewc_extra_forward_visits"": 0, ""enabled_history"": [false]}, {""name"": ""ewc"", ""enabled"": false, ""inner"": ""EWCPlugin"", ""before_backward"": 0, ""after_training_exp"": 0, ""gem_reference_samples"": null, ""ewc_extra_forward_visits"": null, ""enabled_history"": [false]}]","{'SparseGEMPlugin': 0, 'EWCPlugin': 0, 'ReplayPlugin': 0, 'PrefetchWrapPlugin': 0, 'EvaluationPlugin': 0, 'PeriodicEval': 0, 'Clock': 0}"
effectiveness_v3_20260918T140741Z_abeddeaf,A/splitcifar100/tight/O01/2/default,O01,splitcifar100,2,6,training,"[{""name"": ""gem"", ""enabled"": false, ""inner"": ""SparseGEMPlugin"", ""before_backward"": 0, ""after_training_exp"": 0, ""gem_reference_samples"": 0, ""ewc_extra_forward_visits"": 0, ""enabled_history"": [false]}, {""name"": ""ewc"", ""enabled"": false, ""inner"": ""EWCPlugin"", ""before_backward"": 0, ""after_training_exp"": 0, ""gem_reference_samples"": null, ""ewc_extra_forward_visits"": null, ""enabled_history"": [false]}]","{'SparseGEMPlugin': 0, 'EWCPlugin': 0, 'ReplayPlugin': 0, 'PrefetchWrapPlugin': 0, 'EvaluationPlugin': 0, 'PeriodicEval': 0, 'Clock': 0}"
effectiveness_v3_20260918T140741Z_abeddeaf,A/splitcifar100/tight/O01/2/default,O01,splitcifar100,2,7,training,"[{""name"": ""gem"", ""enabled"": false, ""inner"": ""SparseGEMPlugin"", ""before_backward"": 0, ""after_training_exp"": 0, ""gem_reference_samples"": 0, ""ewc_extra_forward_visits"": 0, ""enabled_history"": [false]}, {""name"": ""ewc"", ""enabled"": false, ""inner"": ""EWCPlugin"", ""before_backward"": 0, ""after_training_exp"": 0, ""gem_reference_samples"": null, ""ewc_extra_forward_visits"": null, ""enabled_history"": [false]}]","{'SparseGEMPlugin': 0, 'EWCPlugin': 0, 'ReplayPlugin': 0, 'PrefetchWrapPlugin': 0, 'EvaluationPlugin': 0, 'PeriodicEval': 0, 'Clock': 0}"
effectiveness_v3_20260918T140741Z_abeddeaf,A/splitcifar100/tight/O01/2/default,O01,splitcifar100,2,8,training,"[{""name"": ""gem"", ""enabled"": false, ""inner"": ""SparseGEMPlugin"", ""before_backward"": 0, ""after_training_exp"": 0, ""gem_reference_samples"": 0, ""ewc_extra_forward_visits"": 0, ""enabled_history"": [false]}, {""name"": ""ewc"", ""enabled"": false, ""inner"": ""EWCPlugin"", ""before_backward"": 0, ""after_training_exp"": 0, ""gem_reference_samples"": null, ""ewc_extra_forward_visits"": null, ""enabled_history"": [false]}]","{'SparseGEMPlugin': 0, 'EWCPlugin': 0, 'ReplayPlugin': 0, 'PrefetchWrapPlugin': 0, 'EvaluationPlugin': 0, 'PeriodicEval': 0, 'Clock': 0}"
effectiveness_v3_20260918T140741Z_abeddeaf,A/splitcifar100/tight/O01/2/default,O01,splitcifar100,2,9,training,"[{""name"": ""gem"", ""enabled"": false, ""inner"": ""SparseGEMPlugin"", ""before_backward"": 0, ""after_training_exp"": 0, ""gem_reference_samples"": 0, ""ewc_extra_forward_visits"": 0, ""enabled_history"": [false]}, {""name"": ""ewc"", ""enabled"": false, ""inner"": ""EWCPlugin"", ""before_backward"": 0, ""after_training_exp"": 0, ""gem_reference_samples"": null, ""ewc_extra_forward_visits"": null, ""enabled_history"": [false]}]","{'SparseGEMPlugin': 0, 'EWCPlugin': 0, 'ReplayPlugin': 0, 'PrefetchWrapPlugin': 0, 'EvaluationPlugin': 0, 'PeriodicEval': 0, 'Clock': 0}"
effectiveness_v3_20260918T140924Z_0b422fc2,A/splitcifar100/tight/O11/2/default,O11,splitcifar100,2,0,training,"[{""name"": ""gem"", ""enabled"": false, ""inner"": ""SparseGEMPlugin"", ""before_backward"": 0, ""after_training_exp"": 0, ""gem_reference_samples"": 0, ""ewc_extra_forward_visits"": 0, ""enabled_history"": [false]}, {""name"": ""ewc"", ""enabled"": false, ""inner"": ""EWCPlugin"", ""before_backward"": 0, ""after_training_exp"": 0, ""gem_reference_samples"": null, ""ewc_extra_forward_visits"": null, ""enabled_history"": [false]}]","{'SparseGEMPlugin': 0, 'EWCPlugin': 0, 'ReplayPlugin': 0, 'PrefetchWrapPlugin': 0, 'EvaluationPlugin': 0, 'PeriodicEval': 0, 'Clock': 0}"
effectiveness_v3_20260918T140924Z_0b422fc2,A/splitcifar100/tight/O11/2/default,O11,splitcifar100,2,1,training,"[{""name"": ""gem"", ""enabled"": true, ""inner"": ""SparseGEMPlugin"", ""before_backward"": 313, ""after_training_exp"": 1, ""gem_reference_samples"": 50, ""ewc_extra_forward_visits"": 0, ""enabled_history"": [true]}, {""name"": ""ewc"", ""enabled"": true, ""inner"": ""EWCPlugin"", ""before_backward"": 313, ""after_training_exp"": 1, ""gem_reference_samples"": null, ""ewc_extra_forward_visits"": null, ""enabled_history"": [true]}]","{'SparseGEMPlugin': 615200, 'EWCPlugin': 2204576, 'ReplayPlugin': 0, 'PrefetchWrapPlugin': 0, 'EvaluationPlugin': 0, 'PeriodicEval': 0, 'Clock': 0}"
effectiveness_v3_20260918T140955Z_ccb483a4,A/splitcifar100/tight/R11/2/default,R11,splitcifar100,2,0,training,"[{""name"": ""gem"", ""enabled"": false, ""inner"": ""SparseGEMPlugin"", ""before_backward"": 0, ""after_training_exp"": 0, ""gem_reference_samples"": 0, ""ewc_extra_forward_visits"": 0, ""enabled_history"": [false]}, {""name"": ""ewc"", ""enabled"": false, ""inner"": ""EWCPlugin"", ""before_backward"": 0, ""after_training_exp"": 0, ""gem_reference_samples"": null, ""ewc_extra_forward_visits"": null, ""enabled_history"": [false]}]","{'SparseGEMPlugin': 0, 'EWCPlugin': 0, 'ReplayPlugin': 0, 'PrefetchWrapPlugin': 0, 'EvaluationPlugin': 0, 'PeriodicEval': 0, 'Clock': 0}"
effectiveness_v3_20260918T140955Z_ccb483a4,A/splitcifar100/tight/R11/2/default,R11,splitcifar100,2,1,training,"[{""name"": ""gem"", ""enabled"": false, ""inner"": ""SparseGEMPlugin"", ""before_backward"": 0, ""after_training_exp"": 0, ""gem_reference_samples"": 0, ""ewc_extra_forward_visits"": 0, ""enabled_history"": [false]}, {""name"": ""ewc"", ""enabled"": false, ""inner"": ""EWCPlugin"", ""before_backward"": 0, ""after_training_exp"": 0, ""gem_reference_samples"": null, ""ewc_extra_forward_visits"": null, ""enabled_history"": [false]}]","{'SparseGEMPlugin': 0, 'EWCPlugin': 0, 'ReplayPlugin': 0, 'PrefetchWrapPlugin': 0, 'EvaluationPlugin': 0, 'PeriodicEval': 0, 'Clock': 0}"
effectiveness_v3_20260918T140955Z_ccb483a4,A/splitcifar100/tight/R11/2/default,R11,splitcifar100,2,2,training,"[{""name"": ""gem"", ""enabled"": false, ""inner"": ""SparseGEMPlugin"", ""before_backward"": 0, ""after_training_exp"": 0, ""gem_reference_samples"": 0, ""ewc_extra_forward_visits"": 0, ""enabled_history"": [false]}, {""name"": ""ewc"", ""enabled"": false, ""inner"": ""EWCPlugin"", ""before_backward"": 0, ""after_training_exp"": 0, ""gem_reference_samples"": null, ""ewc_extra_forward_visits"": null, ""enabled_history"": [false]}]","{'SparseGEMPlugin': 0, 'EWCPlugin': 0, 'ReplayPlugin': 0, 'PrefetchWrapPlugin': 0, 'EvaluationPlugin': 0, 'PeriodicEval': 0, 'Clock': 0}"
effectiveness_v3_20260918T140955Z_ccb483a4,A/splitcifar100/tight/R11/2/default,R11,splitcifar100,2,3,training,"[{""name"": ""gem"", ""enabled"": false, ""inner"": ""SparseGEMPlugin"", ""before_backward"": 0, ""after_training_exp"": 0, ""gem_reference_samples"": 0, ""ewc_extra_forward_visits"": 0, ""enabled_history"": [false]}, {""name"": ""ewc"", ""enabled"": false, ""inner"": ""EWCPlugin"", ""before_backward"": 0, ""after_training_exp"": 0, ""gem_reference_samples"": null, ""ewc_extra_forward_visits"": null, ""enabled_history"": [false]}]","{'SparseGEMPlugin': 0, 'EWCPlugin': 0, 'ReplayPlugin': 0, 'PrefetchWrapPlugin': 0, 'EvaluationPlugin': 0, 'PeriodicEval': 0, 'Clock': 0}"
effectiveness_v3_20260918T140955Z_ccb483a4,A/splitcifar100/tight/R11/2/default,R11,splitcifar100,2,4,training,"[{""name"": ""gem"", ""enabled"": false, ""inner"": ""SparseGEMPlugin"", ""before_backward"": 0, ""after_training_exp"": 0, ""gem_reference_samples"": 0, ""ewc_extra_forward_visits"": 0, ""enabled_history"": [false]}, {""name"": ""ewc"", ""enabled"": false, ""inner"": ""EWCPlugin"", ""before_backward"": 0, ""after_training_exp"": 0, ""gem_reference_samples"": null, ""ewc_extra_forward_visits"": null, ""enabled_history"": [false]}]","{'SparseGEMPlugin': 0, 'EWCPlugin': 0, 'ReplayPlugin': 0, 'PrefetchWrapPlugin': 0, 'EvaluationPlugin': 0, 'PeriodicEval': 0, 'Clock': 0}"
effectiveness_v3_20260918T140955Z_ccb483a4,A/splitcifar100/tight/R11/2/default,R11,splitcifar100,2,5,training,"[{""name"": ""gem"", ""enabled"": false, ""inner"": ""SparseGEMPlugin"", ""before_backward"": 0, ""after_training_exp"": 0, ""gem_reference_samples"": 0, ""ewc_extra_forward_visits"": 0, ""enabled_history"": [false]}, {""name"": ""ewc"", ""enabled"": false, ""inner"": ""EWCPlugin"", ""before_backward"": 0, ""after_training_exp"": 0, ""gem_reference_samples"": null, ""ewc_extra_forward_visits"": null, ""enabled_history"": [false]}]","{'SparseGEMPlugin': 0, 'EWCPlugin': 0, 'ReplayPlugin': 0, 'PrefetchWrapPlugin': 0, 'EvaluationPlugin': 0, 'PeriodicEval': 0, 'Clock': 0}"
effectiveness_v3_20260918T140955Z_ccb483a4,A/splitcifar100/tight/R11/2/default,R11,splitcifar100,2,6,training,"[{""name"": ""gem"", ""enabled"": false, ""inner"": ""SparseGEMPlugin"", ""before_backward"": 0, ""after_training_exp"": 0, ""gem_reference_samples"": 0, ""ewc_extra_forward_visits"": 0, ""enabled_history"": [false]}, {""name"": ""ewc"", ""enabled"": false, ""inner"": ""EWCPlugin"", ""before_backward"": 0, ""after_training_exp"": 0, ""gem_reference_samples"": null, ""ewc_extra_forward_visits"": null, ""enabled_history"": [false]}]","{'SparseGEMPlugin': 0, 'EWCPlugin': 0, 'ReplayPlugin': 0, 'PrefetchWrapPlugin': 0, 'EvaluationPlugin': 0, 'PeriodicEval': 0, 'Clock': 0}"
effectiveness_v3_20260918T140955Z_ccb483a4,A/splitcifar100/tight/R11/2/default,R11,splitcifar100,2,7,training,"[{""name"": ""gem"", ""enabled"": false, ""inner"": ""SparseGEMPlugin"", ""before_backward"": 0, ""after_training_exp"": 0, ""gem_reference_samples"": 0, ""ewc_extra_forward_visits"": 0, ""enabled_history"": [false]}, {""name"": ""ewc"", ""enabled"": false, ""inner"": ""EWCPlugin"", ""before_backward"": 0, ""after_training_exp"": 0, ""gem_reference_samples"": null, ""ewc_extra_forward_visits"": null, ""enabled_history"": [false]}]","{'SparseGEMPlugin': 0, 'EWCPlugin': 0, 'ReplayPlugin': 0, 'PrefetchWrapPlugin': 0, 'EvaluationPlugin': 0, 'PeriodicEval': 0, 'Clock': 0}"
effectiveness_v3_20260918T140955Z_ccb483a4,A/splitcifar100/tight/R11/2/default,R11,splitcifar100,2,8,training,"[{""name"": ""gem"", ""enabled"": false, ""inner"": ""SparseGEMPlugin"", ""before_backward"": 0, ""after_training_exp"": 0, ""gem_reference_samples"": 0, ""ewc_extra_forward_visits"": 0, ""enabled_history"": [false]}, {""name"": ""ewc"", ""enabled"": false, ""inner"": ""EWCPlugin"", ""before_backward"": 0, ""after_training_exp"": 0, ""gem_reference_samples"": null, ""ewc_extra_forward_visits"": null, ""enabled_history"": [false]}]","{'SparseGEMPlugin': 0, 'EWCPlugin': 0, 'ReplayPlugin': 0, 'PrefetchWrapPlugin': 0, 'EvaluationPlugin': 0, 'PeriodicEval': 0, 'Clock': 0}"
effectiveness_v3_20260918T140955Z_ccb483a4,A/splitcifar100/tight/R11/2/default,R11,splitcifar100,2,9,training,"[{""name"": ""gem"", ""enabled"": false, ""inner"": ""SparseGEMPlugin"", ""before_backward"": 0, ""after_training_exp"": 0, ""gem_reference_samples"": 0, ""ewc_extra_forward_visits"": 0, ""enabled_history"": [false]}, {""name"": ""ewc"", ""enabled"": false, ""inner"": ""EWCPlugin"", ""before_backward"": 0, ""after_training_exp"": 0, ""gem_reference_samples"": null, ""ewc_extra_forward_visits"": null, ""enabled_history"": [false]}]","{'SparseGEMPlugin': 0, 'EWCPlugin': 0, 'ReplayPlugin': 0, 'PrefetchWrapPlugin': 0, 'EvaluationPlugin': 0, 'PeriodicEval': 0, 'Clock': 0}"
effectiveness_v3_20260918T141131Z_aba3f441,A/splitcifar100/tight/F11/2/default,F11,splitcifar100,2,0,training,"[{""name"": ""gem"", ""enabled"": true, ""inner"": ""SparseGEMPlugin"", ""before_backward"": 313, ""after_training_exp"": 1, ""gem_reference_samples"": 50, ""ewc_extra_forward_visits"": 0, ""enabled_history"": [true]}, {""name"": ""ewc"", ""enabled"": true, ""inner"": ""EWCPlugin"", ""before_backward"": 313, ""after_training_exp"": 1, ""gem_reference_samples"": null, ""ewc_extra_forward_visits"": null, ""enabled_history"": [true]}]","{'SparseGEMPlugin': 615200, 'EWCPlugin': 2204576, 'ReplayPlugin': 0, 'PrefetchWrapPlugin': 0, 'EvaluationPlugin': 0, 'PeriodicEval': 0, 'Clock': 0}"
effectiveness_v3_20260918T141153Z_eb488ab7,A/splitcifar100/tight/S0/2/default,S0,splitcifar100,2,0,training,[],"{'ReplayPlugin': 0, 'PrefetchWrapPlugin': 0, 'EvaluationPlugin': 0, 'PeriodicEval': 0, 'Clock': 0}"
effectiveness_v3_20260918T141153Z_eb488ab7,A/splitcifar100/tight/S0/2/default,S0,splitcifar100,2,1,training,[],"{'ReplayPlugin': 0, 'PrefetchWrapPlugin': 0, 'EvaluationPlugin': 0, 'PeriodicEval': 0, 'Clock': 0}"
effectiveness_v3_20260918T141153Z_eb488ab7,A/splitcifar100/tight/S0/2/default,S0,splitcifar100,2,2,training,[],"{'ReplayPlugin': 0, 'PrefetchWrapPlugin': 0, 'EvaluationPlugin': 0, 'PeriodicEval': 0, 'Clock': 0}"
effectiveness_v3_20260918T141153Z_eb488ab7,A/splitcifar100/tight/S0/2/default,S0,splitcifar100,2,3,training,[],"{'ReplayPlugin': 0, 'PrefetchWrapPlugin': 0, 'EvaluationPlugin': 0, 'PeriodicEval': 0, 'Clock': 0}"
effectiveness_v3_20260918T141153Z_eb488ab7,A/splitcifar100/tight/S0/2/default,S0,splitcifar100,2,4,training,[],"{'ReplayPlugin': 0, 'PrefetchWrapPlugin': 0, 'EvaluationPlugin': 0, 'PeriodicEval': 0, 'Clock': 0}"
effectiveness_v3_20260918T141153Z_eb488ab7,A/splitcifar100/tight/S0/2/default,S0,splitcifar100,2,5,training,[],"{'ReplayPlugin': 0, 'PrefetchWrapPlugin': 0, 'EvaluationPlugin': 0, 'PeriodicEval': 0, 'Clock': 0}"
effectiveness_v3_20260918T141153Z_eb488ab7,A/splitcifar100/tight/S0/2/default,S0,splitcifar100,2,6,training,[],"{'ReplayPlugin': 0, 'PrefetchWrapPlugin': 0, 'EvaluationPlugin': 0, 'PeriodicEval': 0, 'Clock': 0}"
effectiveness_v3_20260918T141153Z_eb488ab7,A/splitcifar100/tight/S0/2/default,S0,splitcifar100,2,7,training,[],"{'ReplayPlugin': 0, 'PrefetchWrapPlugin': 0, 'EvaluationPlugin': 0, 'PeriodicEval': 0, 'Clock': 0}"
effectiveness_v3_20260918T141153Z_eb488ab7,A/splitcifar100/tight/S0/2/default,S0,splitcifar100,2,8,training,[],"{'ReplayPlugin': 0, 'PrefetchWrapPlugin': 0, 'EvaluationPlugin': 0, 'PeriodicEval': 0, 'Clock': 0}"
effectiveness_v3_20260918T141153Z_eb488ab7,A/splitcifar100/tight/S0/2/default,S0,splitcifar100,2,9,training,[],"{'ReplayPlugin': 0, 'PrefetchWrapPlugin': 0, 'EvaluationPlugin': 0, 'PeriodicEval': 0, 'Clock': 0}"
effectiveness_v3_20260918T141330Z_a81aaf78,A/splitcifar100/tight/S_star/2/default,S_star,splitcifar100,2,0,training,[],"{'ReplayPlugin': 0, 'PrefetchWrapPlugin': 0, 'EvaluationPlugin': 0, 'PeriodicEval': 0, 'Clock': 0}"
effectiveness_v3_20260918T141330Z_a81aaf78,A/splitcifar100/tight/S_star/2/default,S_star,splitcifar100,2,1,training,[],"{'ReplayPlugin': 0, 'PrefetchWrapPlugin': 0, 'EvaluationPlugin': 0, 'PeriodicEval': 0, 'Clock': 0}"
effectiveness_v3_20260918T141330Z_a81aaf78,A/splitcifar100/tight/S_star/2/default,S_star,splitcifar100,2,2,training,[],"{'ReplayPlugin': 0, 'PrefetchWrapPlugin': 0, 'EvaluationPlugin': 0, 'PeriodicEval': 0, 'Clock': 0}"
effectiveness_v3_20260918T141330Z_a81aaf78,A/splitcifar100/tight/S_star/2/default,S_star,splitcifar100,2,3,training,[],"{'ReplayPlugin': 0, 'PrefetchWrapPlugin': 0, 'EvaluationPlugin': 0, 'PeriodicEval': 0, 'Clock': 0}"
effectiveness_v3_20260918T141330Z_a81aaf78,A/splitcifar100/tight/S_star/2/default,S_star,splitcifar100,2,4,training,[],"{'ReplayPlugin': 0, 'PrefetchWrapPlugin': 0, 'EvaluationPlugin': 0, 'PeriodicEval': 0, 'Clock': 0}"
effectiveness_v3_20260918T141330Z_a81aaf78,A/splitcifar100/tight/S_star/2/default,S_star,splitcifar100,2,5,training,[],"{'ReplayPlugin': 0, 'PrefetchWrapPlugin': 0, 'EvaluationPlugin': 0, 'PeriodicEval': 0, 'Clock': 0}"
effectiveness_v3_20260918T141330Z_a81aaf78,A/splitcifar100/tight/S_star/2/default,S_star,splitcifar100,2,6,training,[],"{'ReplayPlugin': 0, 'PrefetchWrapPlugin': 0, 'EvaluationPlugin': 0, 'PeriodicEval': 0, 'Clock': 0}"
effectiveness_v3_20260918T141330Z_a81aaf78,A/splitcifar100/tight/S_star/2/default,S_star,splitcifar100,2,7,training,[],"{'ReplayPlugin': 0, 'PrefetchWrapPlugin': 0, 'EvaluationPlugin': 0, 'PeriodicEval': 0, 'Clock': 0}"
effectiveness_v3_20260918T141330Z_a81aaf78,A/splitcifar100/tight/S_star/2/default,S_star,splitcifar100,2,8,training,[],"{'ReplayPlugin': 0, 'PrefetchWrapPlugin': 0, 'EvaluationPlugin': 0, 'PeriodicEval': 0, 'Clock': 0}"
effectiveness_v3_20260918T141330Z_a81aaf78,A/splitcifar100/tight/S_star/2/default,S_star,splitcifar100,2,9,training,[],"{'ReplayPlugin': 0, 'PrefetchWrapPlugin': 0, 'EvaluationPlugin': 0, 'PeriodicEval': 0, 'Clock': 0}"
effectiveness_v3_20260918T141508Z_c5bb9561,B/core50_nc/loose/S0/0/default,S0,core50_nc,0,0,training,[],"{'ReplayPlugin': 0, 'PrefetchWrapPlugin': 0, 'EvaluationPlugin': 0, 'PeriodicEval': 0, 'Clock': 0}"
effectiveness_v3_20260918T141508Z_c5bb9561,B/core50_nc/loose/S0/0/default,S0,core50_nc,0,1,training,[],"{'ReplayPlugin': 0, 'PrefetchWrapPlugin': 0, 'EvaluationPlugin': 0, 'PeriodicEval': 0, 'Clock': 0}"
effectiveness_v3_20260918T141508Z_c5bb9561,B/core50_nc/loose/S0/0/default,S0,core50_nc,0,2,training,[],"{'ReplayPlugin': 0, 'PrefetchWrapPlugin': 0, 'EvaluationPlugin': 0, 'PeriodicEval': 0, 'Clock': 0}"
effectiveness_v3_20260918T141508Z_c5bb9561,B/core50_nc/loose/S0/0/default,S0,core50_nc,0,3,training,[],"{'ReplayPlugin': 0, 'PrefetchWrapPlugin': 0, 'EvaluationPlugin': 0, 'PeriodicEval': 0, 'Clock': 0}"
effectiveness_v3_20260918T141508Z_c5bb9561,B/core50_nc/loose/S0/0/default,S0,core50_nc,0,4,training,[],"{'ReplayPlugin': 0, 'PrefetchWrapPlugin': 0, 'EvaluationPlugin': 0, 'PeriodicEval': 0, 'Clock': 0}"
effectiveness_v3_20260918T141508Z_c5bb9561,B/core50_nc/loose/S0/0/default,S0,core50_nc,0,5,training,[],"{'ReplayPlugin': 0, 'PrefetchWrapPlugin': 0, 'EvaluationPlugin': 0, 'PeriodicEval': 0, 'Clock': 0}"
effectiveness_v3_20260918T141508Z_c5bb9561,B/core50_nc/loose/S0/0/default,S0,core50_nc,0,6,training,[],"{'ReplayPlugin': 0, 'PrefetchWrapPlugin': 0, 'EvaluationPlugin': 0, 'PeriodicEval': 0, 'Clock': 0}"
effectiveness_v3_20260918T141508Z_c5bb9561,B/core50_nc/loose/S0/0/default,S0,core50_nc,0,7,training,[],"{'ReplayPlugin': 0, 'PrefetchWrapPlugin': 0, 'EvaluationPlugin': 0, 'PeriodicEval': 0, 'Clock': 0}"
effectiveness_v3_20260918T141508Z_c5bb9561,B/core50_nc/loose/S0/0/default,S0,core50_nc,0,8,training,[],"{'ReplayPlugin': 0, 'PrefetchWrapPlugin': 0, 'EvaluationPlugin': 0, 'PeriodicEval': 0, 'Clock': 0}"
effectiveness_v3_20260918T141959Z_1d7322eb,B/core50_nc/loose/S_star/0/default,S_star,core50_nc,0,0,training,[],"{'ReplayPlugin': 0, 'PrefetchWrapPlugin': 0, 'EvaluationPlugin': 0, 'PeriodicEval': 0, 'Clock': 0}"
effectiveness_v3_20260918T141959Z_1d7322eb,B/core50_nc/loose/S_star/0/default,S_star,core50_nc,0,1,training,[],"{'ReplayPlugin': 0, 'PrefetchWrapPlugin': 0, 'EvaluationPlugin': 0, 'PeriodicEval': 0, 'Clock': 0}"
effectiveness_v3_20260918T141959Z_1d7322eb,B/core50_nc/loose/S_star/0/default,S_star,core50_nc,0,2,training,[],"{'ReplayPlugin': 0, 'PrefetchWrapPlugin': 0, 'EvaluationPlugin': 0, 'PeriodicEval': 0, 'Clock': 0}"
effectiveness_v3_20260918T141959Z_1d7322eb,B/core50_nc/loose/S_star/0/default,S_star,core50_nc,0,3,training,[],"{'ReplayPlugin': 0, 'PrefetchWrapPlugin': 0, 'EvaluationPlugin': 0, 'PeriodicEval': 0, 'Clock': 0}"
effectiveness_v3_20260918T141959Z_1d7322eb,B/core50_nc/loose/S_star/0/default,S_star,core50_nc,0,4,training,[],"{'ReplayPlugin': 0, 'PrefetchWrapPlugin': 0, 'EvaluationPlugin': 0, 'PeriodicEval': 0, 'Clock': 0}"
effectiveness_v3_20260918T141959Z_1d7322eb,B/core50_nc/loose/S_star/0/default,S_star,core50_nc,0,5,training,[],"{'ReplayPlugin': 0, 'PrefetchWrapPlugin': 0, 'EvaluationPlugin': 0, 'PeriodicEval': 0, 'Clock': 0}"
effectiveness_v3_20260918T141959Z_1d7322eb,B/core50_nc/loose/S_star/0/default,S_star,core50_nc,0,6,training,[],"{'ReplayPlugin': 0, 'PrefetchWrapPlugin': 0, 'EvaluationPlugin': 0, 'PeriodicEval': 0, 'Clock': 0}"
effectiveness_v3_20260918T141959Z_1d7322eb,B/core50_nc/loose/S_star/0/default,S_star,core50_nc,0,7,training,[],"{'ReplayPlugin': 0, 'PrefetchWrapPlugin': 0, 'EvaluationPlugin': 0, 'PeriodicEval': 0, 'Clock': 0}"
effectiveness_v3_20260918T141959Z_1d7322eb,B/core50_nc/loose/S_star/0/default,S_star,core50_nc,0,8,training,[],"{'ReplayPlugin': 0, 'PrefetchWrapPlugin': 0, 'EvaluationPlugin': 0, 'PeriodicEval': 0, 'Clock': 0}"
effectiveness_v3_20260918T142454Z_e358987c,B/core50_nc/loose/O11/0/default,O11,core50_nc,0,0,training,"[{""name"": ""gem"", ""enabled"": false, ""inner"": ""SparseGEMPlugin"", ""before_backward"": 0, ""after_training_exp"": 0, ""gem_reference_samples"": 0, ""ewc_extra_forward_visits"": 0, ""enabled_history"": [false]}, {""name"": ""ewc"", ""enabled"": false, ""inner"": ""EWCPlugin"", ""before_backward"": 0, ""after_training_exp"": 0, ""gem_reference_samples"": null, ""ewc_extra_forward_visits"": null, ""enabled_history"": [false]}]","{'SparseGEMPlugin': 0, 'EWCPlugin': 0, 'ReplayPlugin': 0, 'PrefetchWrapPlugin': 0, 'EvaluationPlugin': 0, 'PeriodicEval': 0, 'Clock': 0}"
effectiveness_v3_20260918T142454Z_e358987c,B/core50_nc/loose/O11/0/default,O11,core50_nc,0,1,training,"[{""name"": ""gem"", ""enabled"": true, ""inner"": ""SparseGEMPlugin"", ""before_backward"": 750, ""after_training_exp"": 1, ""gem_reference_samples"": 50, ""ewc_extra_forward_visits"": 0, ""enabled_history"": [true]}, {""name"": ""ewc"", ""enabled"": true, ""inner"": ""EWCPlugin"", ""before_backward"": 750, ""after_training_exp"": 1, ""gem_reference_samples"": null, ""ewc_extra_forward_visits"": null, ""enabled_history"": [true]}]","{'SparseGEMPlugin': 615200, 'EWCPlugin': 2178576, 'ReplayPlugin': 0, 'PrefetchWrapPlugin': 0, 'EvaluationPlugin': 0, 'PeriodicEval': 0, 'Clock': 0}"
effectiveness_v3_20260918T142454Z_e358987c,B/core50_nc/loose/O11/0/default,O11,core50_nc,0,2,training,"[{""name"": ""gem"", ""enabled"": true, ""inner"": ""SparseGEMPlugin"", ""before_backward"": 750, ""after_training_exp"": 1, ""gem_reference_samples"": 100, ""ewc_extra_forward_visits"": 37500, ""enabled_history"": [true]}, {""name"": ""ewc"", ""enabled"": true, ""inner"": ""EWCPlugin"", ""before_backward"": 750, ""after_training_exp"": 1, ""gem_reference_samples"": null, ""ewc_extra_forward_visits"": null, ""enabled_history"": [true]}]","{'SparseGEMPlugin': 1230400, 'EWCPlugin': 4357152, 'ReplayPlugin': 0, 'PrefetchWrapPlugin': 0, 'EvaluationPlugin': 0, 'PeriodicEval': 0, 'Clock': 0}"
effectiveness_v3_20260918T142454Z_e358987c,B/core50_nc/loose/O11/0/default,O11,core50_nc,0,3,training,"[{""name"": ""gem"", ""enabled"": true, ""inner"": ""SparseGEMPlugin"", ""before_backward"": 750, ""after_training_exp"": 1, ""gem_reference_samples"": 150, ""ewc_extra_forward_visits"": 75000, ""enabled_history"": [true]}, {""name"": ""ewc"", ""enabled"": true, ""inner"": ""EWCPlugin"", ""before_backward"": 750, ""after_training_exp"": 1, ""gem_reference_samples"": null, ""ewc_extra_forward_visits"": null, ""enabled_history"": [true]}]","{'SparseGEMPlugin': 1845600, 'EWCPlugin': 6535728, 'ReplayPlugin': 0, 'PrefetchWrapPlugin': 0, 'EvaluationPlugin': 0, 'PeriodicEval': 0, 'Clock': 0}"
effectiveness_v3_20260918T142454Z_e358987c,B/core50_nc/loose/O11/0/default,O11,core50_nc,0,4,training,"[{""name"": ""gem"", ""enabled"": true, ""inner"": ""SparseGEMPlugin"", ""before_backward"": 706, ""after_training_exp"": 1, ""gem_reference_samples"": 200, ""ewc_extra_forward_visits"": 105900, ""enabled_history"": [true]}, {""name"": ""ewc"", ""enabled"": true, ""inner"": ""EWCPlugin"", ""before_backward"": 706, ""after_training_exp"": 1, ""gem_reference_samples"": null, ""ewc_extra_forward_visits"": null, ""enabled_history"": [true]}]","{'SparseGEMPlugin': 2460800, 'EWCPlugin': 8714304, 'ReplayPlugin': 0, 'PrefetchWrapPlugin': 0, 'EvaluationPlugin': 0, 'PeriodicEval': 0, 'Clock': 0}"
effectiveness_v3_20260918T142454Z_e358987c,B/core50_nc/loose/O11/0/default,O11,core50_nc,0,5,training,"[{""name"": ""gem"", ""enabled"": true, ""inner"": ""SparseGEMPlugin"", ""before_backward"": 705, ""after_training_exp"": 1, ""gem_reference_samples"": 250, ""ewc_extra_forward_visits"": 141000, ""enabled_history"": [true]}, {""name"": ""ewc"", ""enabled"": true, ""inner"": ""EWCPlugin"", ""before_backward"": 705, ""after_training_exp"": 1, ""gem_reference_samples"": null, ""ewc_extra_forward_visits"": null, ""enabled_history"": [true]}]","{'SparseGEMPlugin': 3076000, 'EWCPlugin': 10892880, 'ReplayPlugin': 0, 'PrefetchWrapPlugin': 0, 'EvaluationPlugin': 0, 'PeriodicEval': 0, 'Clock': 0}"
effectiveness_v3_20260918T142454Z_e358987c,B/core50_nc/loose/O11/0/default,O11,core50_nc,0,6,training,"[{""name"": ""gem"", ""enabled"": true, ""inner"": ""SparseGEMPlugin"", ""before_backward"": 706, ""after_training_exp"": 1, ""gem_reference_samples"": 300, ""ewc_extra_forward_visits"": 176500, ""enabled_history"": [true]}, {""name"": ""ewc"", ""enabled"": true, ""inner"": ""EWCPlugin"", ""before_backward"": 706, ""after_training_exp"": 1, ""gem_reference_samples"": null, ""ewc_extra_forward_visits"": null, ""enabled_history"": [true]}]","{'SparseGEMPlugin': 3691200, 'EWCPlugin': 13071456, 'ReplayPlugin': 0, 'PrefetchWrapPlugin': 0, 'EvaluationPlugin': 0, 'PeriodicEval': 0, 'Clock': 0}"
effectiveness_v3_20260918T142454Z_e358987c,B/core50_nc/loose/O11/0/default,O11,core50_nc,0,7,training,"[{""name"": ""gem"", ""enabled"": true, ""inner"": ""SparseGEMPlugin"", ""before_backward"": 666, ""after_training_exp"": 1, ""gem_reference_samples"": 350, ""ewc_extra_forward_visits"": 199800, ""enabled_history"": [true]}, {""name"": ""ewc"", ""enabled"": true, ""inner"": ""EWCPlugin"", ""before_backward"": 666, ""after_training_exp"": 1, ""gem_reference_samples"": null, ""ewc_extra_forward_visits"": null, ""enabled_history"": [true]}]","{'SparseGEMPlugin': 4306400, 'EWCPlugin': 15250032, 'ReplayPlugin': 0, 'PrefetchWrapPlugin': 0, 'EvaluationPlugin': 0, 'PeriodicEval': 0, 'Clock': 0}"
effectiveness_v3_20260918T142454Z_e358987c,B/core50_nc/loose/O11/0/default,O11,core50_nc,0,8,training,"[{""name"": ""gem"", ""enabled"": true, ""inner"": ""SparseGEMPlugin"", ""before_backward"": 667, ""after_training_exp"": 1, ""gem_reference_samples"": 400, ""ewc_extra_forward_visits"": 233450, ""enabled_history"": [true]}, {""name"": ""ewc"", ""enabled"": true, ""inner"": ""EWCPlugin"", ""before_backward"": 667, ""after_training_exp"": 1, ""gem_reference_samples"": null, ""ewc_extra_forward_visits"": null, ""enabled_history"": [true]}]","{'SparseGEMPlugin': 4921600, 'EWCPlugin': 17428608, 'ReplayPlugin': 0, 'PrefetchWrapPlugin': 0, 'EvaluationPlugin': 0, 'PeriodicEval': 0, 'Clock': 0}"
effectiveness_v3_20260918T144127Z_d92f4f45,B/core50_nc/loose/R11/0/default,R11,core50_nc,0,0,training,"[{""name"": ""gem"", ""enabled"": false, ""inner"": ""SparseGEMPlugin"", ""before_backward"": 0, ""after_training_exp"": 0, ""gem_reference_samples"": 0, ""ewc_extra_forward_visits"": 0, ""enabled_history"": [false]}, {""name"": ""ewc"", ""enabled"": false, ""inner"": ""EWCPlugin"", ""before_backward"": 0, ""after_training_exp"": 0, ""gem_reference_samples"": null, ""ewc_extra_forward_visits"": null, ""enabled_history"": [false]}]","{'SparseGEMPlugin': 0, 'EWCPlugin': 0, 'ReplayPlugin': 0, 'PrefetchWrapPlugin': 0, 'EvaluationPlugin': 0, 'PeriodicEval': 0, 'Clock': 0}"
effectiveness_v3_20260918T144127Z_d92f4f45,B/core50_nc/loose/R11/0/default,R11,core50_nc,0,1,training,"[{""name"": ""gem"", ""enabled"": false, ""inner"": ""SparseGEMPlugin"", ""before_backward"": 0, ""after_training_exp"": 0, ""gem_reference_samples"": 0, ""ewc_extra_forward_visits"": 0, ""enabled_history"": [false]}, {""name"": ""ewc"", ""enabled"": false, ""inner"": ""EWCPlugin"", ""before_backward"": 0, ""after_training_exp"": 0, ""gem_reference_samples"": null, ""ewc_extra_forward_visits"": null, ""enabled_history"": [false]}]","{'SparseGEMPlugin': 0, 'EWCPlugin': 0, 'ReplayPlugin': 0, 'PrefetchWrapPlugin': 0, 'EvaluationPlugin': 0, 'PeriodicEval': 0, 'Clock': 0}"
effectiveness_v3_20260918T144127Z_d92f4f45,B/core50_nc/loose/R11/0/default,R11,core50_nc,0,2,training,"[{""name"": ""gem"", ""enabled"": false, ""inner"": ""SparseGEMPlugin"", ""before_backward"": 0, ""after_training_exp"": 0, ""gem_reference_samples"": 0, ""ewc_extra_forward_visits"": 0, ""enabled_history"": [false]}, {""name"": ""ewc"", ""enabled"": false, ""inner"": ""EWCPlugin"", ""before_backward"": 0, ""after_training_exp"": 0, ""gem_reference_samples"": null, ""ewc_extra_forward_visits"": null, ""enabled_history"": [false]}]","{'SparseGEMPlugin': 0, 'EWCPlugin': 0, 'ReplayPlugin': 0, 'PrefetchWrapPlugin': 0, 'EvaluationPlugin': 0, 'PeriodicEval': 0, 'Clock': 0}"
effectiveness_v3_20260918T144127Z_d92f4f45,B/core50_nc/loose/R11/0/default,R11,core50_nc,0,3,training,"[{""name"": ""gem"", ""enabled"": false, ""inner"": ""SparseGEMPlugin"", ""before_backward"": 0, ""after_training_exp"": 0, ""gem_reference_samples"": 0, ""ewc_extra_forward_visits"": 0, ""enabled_history"": [false]}, {""name"": ""ewc"", ""enabled"": false, ""inner"": ""EWCPlugin"", ""before_backward"": 0, ""after_training_exp"": 0, ""gem_reference_samples"": null, ""ewc_extra_forward_visits"": null, ""enabled_history"": [false]}]","{'SparseGEMPlugin': 0, 'EWCPlugin': 0, 'ReplayPlugin': 0, 'PrefetchWrapPlugin': 0, 'EvaluationPlugin': 0, 'PeriodicEval': 0, 'Clock': 0}"
effectiveness_v3_20260918T144127Z_d92f4f45,B/core50_nc/loose/R11/0/default,R11,core50_nc,0,4,training,"[{""name"": ""gem"", ""enabled"": false, ""inner"": ""SparseGEMPlugin"", ""before_backward"": 0, ""after_training_exp"": 0, ""gem_reference_samples"": 0, ""ewc_extra_forward_visits"": 0, ""enabled_history"": [false]}, {""name"": ""ewc"", ""enabled"": false, ""inner"": ""EWCPlugin"", ""before_backward"": 0, ""after_training_exp"": 0, ""gem_reference_samples"": null, ""ewc_extra_forward_visits"": null, ""enabled_history"": [false]}]","{'SparseGEMPlugin': 0, 'EWCPlugin': 0, 'ReplayPlugin': 0, 'PrefetchWrapPlugin': 0, 'EvaluationPlugin': 0, 'PeriodicEval': 0, 'Clock': 0}"
effectiveness_v3_20260918T144127Z_d92f4f45,B/core50_nc/loose/R11/0/default,R11,core50_nc,0,5,training,"[{""name"": ""gem"", ""enabled"": false, ""inner"": ""SparseGEMPlugin"", ""before_backward"": 0, ""after_training_exp"": 0, ""gem_reference_samples"": 0, ""ewc_extra_forward_visits"": 0, ""enabled_history"": [false]}, {""name"": ""ewc"", ""enabled"": false, ""inner"": ""EWCPlugin"", ""before_backward"": 0, ""after_training_exp"": 0, ""gem_reference_samples"": null, ""ewc_extra_forward_visits"": null, ""enabled_history"": [false]}]","{'SparseGEMPlugin': 0, 'EWCPlugin': 0, 'ReplayPlugin': 0, 'PrefetchWrapPlugin': 0, 'EvaluationPlugin': 0, 'PeriodicEval': 0, 'Clock': 0}"
effectiveness_v3_20260918T144127Z_d92f4f45,B/core50_nc/loose/R11/0/default,R11,core50_nc,0,6,training,"[{""name"": ""gem"", ""enabled"": false, ""inner"": ""SparseGEMPlugin"", ""before_backward"": 0, ""after_training_exp"": 0, ""gem_reference_samples"": 0, ""ewc_extra_forward_visits"": 0, ""enabled_history"": [false]}, {""name"": ""ewc"", ""enabled"": false, ""inner"": ""EWCPlugin"", ""before_backward"": 0, ""after_training_exp"": 0, ""gem_reference_samples"": null, ""ewc_extra_forward_visits"": null, ""enabled_history"": [false]}]","{'SparseGEMPlugin': 0, 'EWCPlugin': 0, 'ReplayPlugin': 0, 'PrefetchWrapPlugin': 0, 'EvaluationPlugin': 0, 'PeriodicEval': 0, 'Clock': 0}"
effectiveness_v3_20260918T144127Z_d92f4f45,B/core50_nc/loose/R11/0/default,R11,core50_nc,0,7,training,"[{""name"": ""gem"", ""enabled"": false, ""inner"": ""SparseGEMPlugin"", ""before_backward"": 0, ""after_training_exp"": 0, ""gem_reference_samples"": 0, ""ewc_extra_forward_visits"": 0, ""enabled_history"": [false]}, {""name"": ""ewc"", ""enabled"": false, ""inner"": ""EWCPlugin"", ""before_backward"": 0, ""after_training_exp"": 0, ""gem_reference_samples"": null, ""ewc_extra_forward_visits"": null, ""enabled_history"": [false]}]","{'SparseGEMPlugin': 0, 'EWCPlugin': 0, 'ReplayPlugin': 0, 'PrefetchWrapPlugin': 0, 'EvaluationPlugin': 0, 'PeriodicEval': 0, 'Clock': 0}"
effectiveness_v3_20260918T144127Z_d92f4f45,B/core50_nc/loose/R11/0/default,R11,core50_nc,0,8,training,"[{""name"": ""gem"", ""enabled"": false, ""inner"": ""SparseGEMPlugin"", ""before_backward"": 0, ""after_training_exp"": 0, ""gem_reference_samples"": 0, ""ewc_extra_forward_visits"": 0, ""enabled_history"": [false]}, {""name"": ""ewc"", ""enabled"": false, ""inner"": ""EWCPlugin"", ""before_backward"": 0, ""after_training_exp"": 0, ""gem_reference_samples"": null, ""ewc_extra_forward_visits"": null, ""enabled_history"": [false]}]","{'SparseGEMPlugin': 0, 'EWCPlugin': 0, 'ReplayPlugin': 0, 'PrefetchWrapPlugin': 0, 'EvaluationPlugin': 0, 'PeriodicEval': 0, 'Clock': 0}"
effectiveness_v3_20260918T144620Z_be1c54a2,B/core50_nc/loose/F11/0/default,F11,core50_nc,0,0,training,"[{""name"": ""gem"", ""enabled"": true, ""inner"": ""SparseGEMPlugin"", ""before_backward"": 1499, ""after_training_exp"": 1, ""gem_reference_samples"": 50, ""ewc_extra_forward_visits"": 0, ""enabled_history"": [true]}, {""name"": ""ewc"", ""enabled"": true, ""inner"": ""EWCPlugin"", ""before_backward"": 1499, ""after_training_exp"": 1, ""gem_reference_samples"": null, ""ewc_extra_forward_visits"": null, ""enabled_history"": [true]}]","{'SparseGEMPlugin': 615200, 'EWCPlugin': 2178576, 'ReplayPlugin': 0, 'PrefetchWrapPlugin': 0, 'EvaluationPlugin': 0, 'PeriodicEval': 0, 'Clock': 0}"
effectiveness_v3_20260918T144620Z_be1c54a2,B/core50_nc/loose/F11/0/default,F11,core50_nc,0,1,training,"[{""name"": ""gem"", ""enabled"": true, ""inner"": ""SparseGEMPlugin"", ""before_backward"": 750, ""after_training_exp"": 1, ""gem_reference_samples"": 100, ""ewc_extra_forward_visits"": 37500, ""enabled_history"": [true]}, {""name"": ""ewc"", ""enabled"": true, ""inner"": ""EWCPlugin"", ""before_backward"": 750, ""after_training_exp"": 1, ""gem_reference_samples"": null, ""ewc_extra_forward_visits"": null, ""enabled_history"": [true]}]","{'SparseGEMPlugin': 1230400, 'EWCPlugin': 4357152, 'ReplayPlugin': 0, 'PrefetchWrapPlugin': 0, 'EvaluationPlugin': 0, 'PeriodicEval': 0, 'Clock': 0}"
effectiveness_v3_20260918T144620Z_be1c54a2,B/core50_nc/loose/F11/0/default,F11,core50_nc,0,2,training,"[{""name"": ""gem"", ""enabled"": true, ""inner"": ""SparseGEMPlugin"", ""before_backward"": 750, ""after_training_exp"": 1, ""gem_reference_samples"": 150, ""ewc_extra_forward_visits"": 75000, ""enabled_history"": [true]}, {""name"": ""ewc"", ""enabled"": true, ""inner"": ""EWCPlugin"", ""before_backward"": 750, ""after_training_exp"": 1, ""gem_reference_samples"": null, ""ewc_extra_forward_visits"": null, ""enabled_history"": [true]}]","{'SparseGEMPlugin': 1845600, 'EWCPlugin': 6535728, 'ReplayPlugin': 0, 'PrefetchWrapPlugin': 0, 'EvaluationPlugin': 0, 'PeriodicEval': 0, 'Clock': 0}"
effectiveness_v3_20260918T144620Z_be1c54a2,B/core50_nc/loose/F11/0/default,F11,core50_nc,0,3,training,"[{""name"": ""gem"", ""enabled"": true, ""inner"": ""SparseGEMPlugin"", ""before_backward"": 750, ""after_training_exp"": 1, ""gem_reference_samples"": 200, ""ewc_extra_forward_visits"": 112500, ""enabled_history"": [true]}, {""name"": ""ewc"", ""enabled"": true, ""inner"": ""EWCPlugin"", ""before_backward"": 750, ""after_training_exp"": 1, ""gem_reference_samples"": null, ""ewc_extra_forward_visits"": null, ""enabled_history"": [true]}]","{'SparseGEMPlugin': 2460800, 'EWCPlugin': 8714304, 'ReplayPlugin': 0, 'PrefetchWrapPlugin': 0, 'EvaluationPlugin': 0, 'PeriodicEval': 0, 'Clock': 0}"
effectiveness_v3_20260918T144620Z_be1c54a2,B/core50_nc/loose/F11/0/default,F11,core50_nc,0,4,training,"[{""name"": ""gem"", ""enabled"": true, ""inner"": ""SparseGEMPlugin"", ""before_backward"": 706, ""after_training_exp"": 1, ""gem_reference_samples"": 250, ""ewc_extra_forward_visits"": 141200, ""enabled_history"": [true]}, {""name"": ""ewc"", ""enabled"": true, ""inner"": ""EWCPlugin"", ""before_backward"": 706, ""after_training_exp"": 1, ""gem_reference_samples"": null, ""ewc_extra_forward_visits"": null, ""enabled_history"": [true]}]","{'SparseGEMPlugin': 3076000, 'EWCPlugin': 10892880, 'ReplayPlugin': 0, 'PrefetchWrapPlugin': 0, 'EvaluationPlugin': 0, 'PeriodicEval': 0, 'Clock': 0}"
effectiveness_v3_20260918T144620Z_be1c54a2,B/core50_nc/loose/F11/0/default,F11,core50_nc,0,5,training,"[{""name"": ""gem"", ""enabled"": true, ""inner"": ""SparseGEMPlugin"", ""before_backward"": 705, ""after_training_exp"": 1, ""gem_reference_samples"": 300, ""ewc_extra_forward_visits"": 176250, ""enabled_history"": [true]}, {""name"": ""ewc"", ""enabled"": true, ""inner"": ""EWCPlugin"", ""before_backward"": 705, ""after_training_exp"": 1, ""gem_reference_samples"": null, ""ewc_extra_forward_visits"": null, ""enabled_history"": [true]}]","{'SparseGEMPlugin': 3691200, 'EWCPlugin': 13071456, 'ReplayPlugin': 0, 'PrefetchWrapPlugin': 0, 'EvaluationPlugin': 0, 'PeriodicEval': 0, 'Clock': 0}"
effectiveness_v3_20260918T144620Z_be1c54a2,B/core50_nc/loose/F11/0/default,F11,core50_nc,0,6,training,"[{""name"": ""gem"", ""enabled"": true, ""inner"": ""SparseGEMPlugin"", ""before_backward"": 706, ""after_training_exp"": 1, ""gem_reference_samples"": 350, ""ewc_extra_forward_visits"": 211800, ""enabled_history"": [true]}, {""name"": ""ewc"", ""enabled"": true, ""inner"": ""EWCPlugin"", ""before_backward"": 706, ""after_training_exp"": 1, ""gem_reference_samples"": null, ""ewc_extra_forward_visits"": null, ""enabled_history"": [true]}]","{'SparseGEMPlugin': 4306400, 'EWCPlugin': 15250032, 'ReplayPlugin': 0, 'PrefetchWrapPlugin': 0, 'EvaluationPlugin': 0, 'PeriodicEval': 0, 'Clock': 0}"
effectiveness_v3_20260918T144620Z_be1c54a2,B/core50_nc/loose/F11/0/default,F11,core50_nc,0,7,training,"[{""name"": ""gem"", ""enabled"": true, ""inner"": ""SparseGEMPlugin"", ""before_backward"": 666, ""after_training_exp"": 1, ""gem_reference_samples"": 400, ""ewc_extra_forward_visits"": 233100, ""enabled_history"": [true]}, {""name"": ""ewc"", ""enabled"": true, ""inner"": ""EWCPlugin"", ""before_backward"": 666, ""after_training_exp"": 1, ""gem_reference_samples"": null, ""ewc_extra_forward_visits"": null, ""enabled_history"": [true]}]","{'SparseGEMPlugin': 4921600, 'EWCPlugin': 17428608, 'ReplayPlugin': 0, 'PrefetchWrapPlugin': 0, 'EvaluationPlugin': 0, 'PeriodicEval': 0, 'Clock': 0}"
effectiveness_v3_20260918T144620Z_be1c54a2,B/core50_nc/loose/F11/0/default,F11,core50_nc,0,8,training,"[{""name"": ""gem"", ""enabled"": true, ""inner"": ""SparseGEMPlugin"", ""before_backward"": 667, ""after_training_exp"": 1, ""gem_reference_samples"": 450, ""ewc_extra_forward_visits"": 266800, ""enabled_history"": [true]}, {""name"": ""ewc"", ""enabled"": true, ""inner"": ""EWCPlugin"", ""before_backward"": 667, ""after_training_exp"": 1, ""gem_reference_samples"": null, ""ewc_extra_forward_visits"": null, ""enabled_history"": [true]}]","{'SparseGEMPlugin': 5536800, 'EWCPlugin': 19607184, 'ReplayPlugin': 0, 'PrefetchWrapPlugin': 0, 'EvaluationPlugin': 0, 'PeriodicEval': 0, 'Clock': 0}"
effectiveness_v3_20260918T150530Z_e016f976,B/core50_nc/loose/S_star/1/default,S_star,core50_nc,1,0,training,[],"{'ReplayPlugin': 0, 'PrefetchWrapPlugin': 0, 'EvaluationPlugin': 0, 'PeriodicEval': 0, 'Clock': 0}"
effectiveness_v3_20260918T150530Z_e016f976,B/core50_nc/loose/S_star/1/default,S_star,core50_nc,1,1,training,[],"{'ReplayPlugin': 0, 'PrefetchWrapPlugin': 0, 'EvaluationPlugin': 0, 'PeriodicEval': 0, 'Clock': 0}"
effectiveness_v3_20260918T150530Z_e016f976,B/core50_nc/loose/S_star/1/default,S_star,core50_nc,1,2,training,[],"{'ReplayPlugin': 0, 'PrefetchWrapPlugin': 0, 'EvaluationPlugin': 0, 'PeriodicEval': 0, 'Clock': 0}"
effectiveness_v3_20260918T150530Z_e016f976,B/core50_nc/loose/S_star/1/default,S_star,core50_nc,1,3,training,[],"{'ReplayPlugin': 0, 'PrefetchWrapPlugin': 0, 'EvaluationPlugin': 0, 'PeriodicEval': 0, 'Clock': 0}"
effectiveness_v3_20260918T150530Z_e016f976,B/core50_nc/loose/S_star/1/default,S_star,core50_nc,1,4,training,[],"{'ReplayPlugin': 0, 'PrefetchWrapPlugin': 0, 'EvaluationPlugin': 0, 'PeriodicEval': 0, 'Clock': 0}"
effectiveness_v3_20260918T150530Z_e016f976,B/core50_nc/loose/S_star/1/default,S_star,core50_nc,1,5,training,[],"{'ReplayPlugin': 0, 'PrefetchWrapPlugin': 0, 'EvaluationPlugin': 0, 'PeriodicEval': 0, 'Clock': 0}"
effectiveness_v3_20260918T150530Z_e016f976,B/core50_nc/loose/S_star/1/default,S_star,core50_nc,1,6,training,[],"{'ReplayPlugin': 0, 'PrefetchWrapPlugin': 0, 'EvaluationPlugin': 0, 'PeriodicEval': 0, 'Clock': 0}"
effectiveness_v3_20260918T150530Z_e016f976,B/core50_nc/loose/S_star/1/default,S_star,core50_nc,1,7,training,[],"{'ReplayPlugin': 0, 'PrefetchWrapPlugin': 0, 'EvaluationPlugin': 0, 'PeriodicEval': 0, 'Clock': 0}"
effectiveness_v3_20260918T150530Z_e016f976,B/core50_nc/loose/S_star/1/default,S_star,core50_nc,1,8,training,[],"{'ReplayPlugin': 0, 'PrefetchWrapPlugin': 0, 'EvaluationPlugin': 0, 'PeriodicEval': 0, 'Clock': 0}"
effectiveness_v3_20260918T151027Z_6f26f3e9,B/core50_nc/loose/O11/1/default,O11,core50_nc,1,0,training,"[{""name"": ""gem"", ""enabled"": false, ""inner"": ""SparseGEMPlugin"", ""before_backward"": 0, ""after_training_exp"": 0, ""gem_reference_samples"": 0, ""ewc_extra_forward_visits"": 0, ""enabled_history"": [false]}, {""name"": ""ewc"", ""enabled"": false, ""inner"": ""EWCPlugin"", ""before_backward"": 0, ""after_training_exp"": 0, ""gem_reference_samples"": null, ""ewc_extra_forward_visits"": null, ""enabled_history"": [false]}]","{'SparseGEMPlugin': 0, 'EWCPlugin': 0, 'ReplayPlugin': 0, 'PrefetchWrapPlugin': 0, 'EvaluationPlugin': 0, 'PeriodicEval': 0, 'Clock': 0}"
effectiveness_v3_20260918T151027Z_6f26f3e9,B/core50_nc/loose/O11/1/default,O11,core50_nc,1,1,training,"[{""name"": ""gem"", ""enabled"": true, ""inner"": ""SparseGEMPlugin"", ""before_backward"": 750, ""after_training_exp"": 1, ""gem_reference_samples"": 50, ""ewc_extra_forward_visits"": 0, ""enabled_history"": [true]}, {""name"": ""ewc"", ""enabled"": true, ""inner"": ""EWCPlugin"", ""before_backward"": 750, ""after_training_exp"": 1, ""gem_reference_samples"": null, ""ewc_extra_forward_visits"": null, ""enabled_history"": [true]}]","{'SparseGEMPlugin': 615200, 'EWCPlugin': 2178576, 'ReplayPlugin': 0, 'PrefetchWrapPlugin': 0, 'EvaluationPlugin': 0, 'PeriodicEval': 0, 'Clock': 0}"
effectiveness_v3_20260918T151027Z_6f26f3e9,B/core50_nc/loose/O11/1/default,O11,core50_nc,1,2,training,"[{""name"": ""gem"", ""enabled"": true, ""inner"": ""SparseGEMPlugin"", ""before_backward"": 750, ""after_training_exp"": 1, ""gem_reference_samples"": 100, ""ewc_extra_forward_visits"": 37500, ""enabled_history"": [true]}, {""name"": ""ewc"", ""enabled"": true, ""inner"": ""EWCPlugin"", ""before_backward"": 750, ""after_training_exp"": 1, ""gem_reference_samples"": null, ""ewc_extra_forward_visits"": null, ""enabled_history"": [true]}]","{'SparseGEMPlugin': 1230400, 'EWCPlugin': 4357152, 'ReplayPlugin': 0, 'PrefetchWrapPlugin': 0, 'EvaluationPlugin': 0, 'PeriodicEval': 0, 'Clock': 0}"
effectiveness_v3_20260918T151027Z_6f26f3e9,B/core50_nc/loose/O11/1/default,O11,core50_nc,1,3,training,"[{""name"": ""gem"", ""enabled"": true, ""inner"": ""SparseGEMPlugin"", ""before_backward"": 750, ""after_training_exp"": 1, ""gem_reference_samples"": 150, ""ewc_extra_forward_visits"": 75000, ""enabled_history"": [true]}, {""name"": ""ewc"", ""enabled"": true, ""inner"": ""EWCPlugin"", ""before_backward"": 750, ""after_training_exp"": 1, ""gem_reference_samples"": null, ""ewc_extra_forward_visits"": null, ""enabled_history"": [true]}]","{'SparseGEMPlugin': 1845600, 'EWCPlugin': 6535728, 'ReplayPlugin': 0, 'PrefetchWrapPlugin': 0, 'EvaluationPlugin': 0, 'PeriodicEval': 0, 'Clock': 0}"
effectiveness_v3_20260918T151027Z_6f26f3e9,B/core50_nc/loose/O11/1/default,O11,core50_nc,1,4,training,"[{""name"": ""gem"", ""enabled"": true, ""inner"": ""SparseGEMPlugin"", ""before_backward"": 706, ""after_training_exp"": 1, ""gem_reference_samples"": 200, ""ewc_extra_forward_visits"": 105900, ""enabled_history"": [true]}, {""name"": ""ewc"", ""enabled"": true, ""inner"": ""EWCPlugin"", ""before_backward"": 706, ""after_training_exp"": 1, ""gem_reference_samples"": null, ""ewc_extra_forward_visits"": null, ""enabled_history"": [true]}]","{'SparseGEMPlugin': 2460800, 'EWCPlugin': 8714304, 'ReplayPlugin': 0, 'PrefetchWrapPlugin': 0, 'EvaluationPlugin': 0, 'PeriodicEval': 0, 'Clock': 0}"
effectiveness_v3_20260918T151027Z_6f26f3e9,B/core50_nc/loose/O11/1/default,O11,core50_nc,1,5,training,"[{""name"": ""gem"", ""enabled"": true, ""inner"": ""SparseGEMPlugin"", ""before_backward"": 705, ""after_training_exp"": 1, ""gem_reference_samples"": 250, ""ewc_extra_forward_visits"": 141000, ""enabled_history"": [true]}, {""name"": ""ewc"", ""enabled"": true, ""inner"": ""EWCPlugin"", ""before_backward"": 705, ""after_training_exp"": 1, ""gem_reference_samples"": null, ""ewc_extra_forward_visits"": null, ""enabled_history"": [true]}]","{'SparseGEMPlugin': 3076000, 'EWCPlugin': 10892880, 'ReplayPlugin': 0, 'PrefetchWrapPlugin': 0, 'EvaluationPlugin': 0, 'PeriodicEval': 0, 'Clock': 0}"
effectiveness_v3_20260918T151027Z_6f26f3e9,B/core50_nc/loose/O11/1/default,O11,core50_nc,1,6,training,"[{""name"": ""gem"", ""enabled"": true, ""inner"": ""SparseGEMPlugin"", ""before_backward"": 706, ""after_training_exp"": 1, ""gem_reference_samples"": 300, ""ewc_extra_forward_visits"": 176500, ""enabled_history"": [true]}, {""name"": ""ewc"", ""enabled"": true, ""inner"": ""EWCPlugin"", ""before_backward"": 706, ""after_training_exp"": 1, ""gem_reference_samples"": null, ""ewc_extra_forward_visits"": null, ""enabled_history"": [true]}]","{'SparseGEMPlugin': 3691200, 'EWCPlugin': 13071456, 'ReplayPlugin': 0, 'PrefetchWrapPlugin': 0, 'EvaluationPlugin': 0, 'PeriodicEval': 0, 'Clock': 0}"
effectiveness_v3_20260918T151027Z_6f26f3e9,B/core50_nc/loose/O11/1/default,O11,core50_nc,1,7,training,"[{""name"": ""gem"", ""enabled"": true, ""inner"": ""SparseGEMPlugin"", ""before_backward"": 666, ""after_training_exp"": 1, ""gem_reference_samples"": 350, ""ewc_extra_forward_visits"": 199800, ""enabled_history"": [true]}, {""name"": ""ewc"", ""enabled"": true, ""inner"": ""EWCPlugin"", ""before_backward"": 666, ""after_training_exp"": 1, ""gem_reference_samples"": null, ""ewc_extra_forward_visits"": null, ""enabled_history"": [true]}]","{'SparseGEMPlugin': 4306400, 'EWCPlugin': 15250032, 'ReplayPlugin': 0, 'PrefetchWrapPlugin': 0, 'EvaluationPlugin': 0, 'PeriodicEval': 0, 'Clock': 0}"
effectiveness_v3_20260918T151027Z_6f26f3e9,B/core50_nc/loose/O11/1/default,O11,core50_nc,1,8,training,"[{""name"": ""gem"", ""enabled"": true, ""inner"": ""SparseGEMPlugin"", ""before_backward"": 667, ""after_training_exp"": 1, ""gem_reference_samples"": 400, ""ewc_extra_forward_visits"": 233450, ""enabled_history"": [true]}, {""name"": ""ewc"", ""enabled"": true, ""inner"": ""EWCPlugin"", ""before_backward"": 667, ""after_training_exp"": 1, ""gem_reference_samples"": null, ""ewc_extra_forward_visits"": null, ""enabled_history"": [true]}]","{'SparseGEMPlugin': 4921600, 'EWCPlugin': 17428608, 'ReplayPlugin': 0, 'PrefetchWrapPlugin': 0, 'EvaluationPlugin': 0, 'PeriodicEval': 0, 'Clock': 0}"
effectiveness_v3_20260918T152559Z_d84362b8,B/core50_nc/loose/R11/1/default,R11,core50_nc,1,0,training,"[{""name"": ""gem"", ""enabled"": false, ""inner"": ""SparseGEMPlugin"", ""before_backward"": 0, ""after_training_exp"": 0, ""gem_reference_samples"": 0, ""ewc_extra_forward_visits"": 0, ""enabled_history"": [false]}, {""name"": ""ewc"", ""enabled"": false, ""inner"": ""EWCPlugin"", ""before_backward"": 0, ""after_training_exp"": 0, ""gem_reference_samples"": null, ""ewc_extra_forward_visits"": null, ""enabled_history"": [false]}]","{'SparseGEMPlugin': 0, 'EWCPlugin': 0, 'ReplayPlugin': 0, 'PrefetchWrapPlugin': 0, 'EvaluationPlugin': 0, 'PeriodicEval': 0, 'Clock': 0}"
effectiveness_v3_20260918T152559Z_d84362b8,B/core50_nc/loose/R11/1/default,R11,core50_nc,1,1,training,"[{""name"": ""gem"", ""enabled"": false, ""inner"": ""SparseGEMPlugin"", ""before_backward"": 0, ""after_training_exp"": 0, ""gem_reference_samples"": 0, ""ewc_extra_forward_visits"": 0, ""enabled_history"": [false]}, {""name"": ""ewc"", ""enabled"": false, ""inner"": ""EWCPlugin"", ""before_backward"": 0, ""after_training_exp"": 0, ""gem_reference_samples"": null, ""ewc_extra_forward_visits"": null, ""enabled_history"": [false]}]","{'SparseGEMPlugin': 0, 'EWCPlugin': 0, 'ReplayPlugin': 0, 'PrefetchWrapPlugin': 0, 'EvaluationPlugin': 0, 'PeriodicEval': 0, 'Clock': 0}"
effectiveness_v3_20260918T152559Z_d84362b8,B/core50_nc/loose/R11/1/default,R11,core50_nc,1,2,training,"[{""name"": ""gem"", ""enabled"": false, ""inner"": ""SparseGEMPlugin"", ""before_backward"": 0, ""after_training_exp"": 0, ""gem_reference_samples"": 0, ""ewc_extra_forward_visits"": 0, ""enabled_history"": [false]}, {""name"": ""ewc"", ""enabled"": false, ""inner"": ""EWCPlugin"", ""before_backward"": 0, ""after_training_exp"": 0, ""gem_reference_samples"": null, ""ewc_extra_forward_visits"": null, ""enabled_history"": [false]}]","{'SparseGEMPlugin': 0, 'EWCPlugin': 0, 'ReplayPlugin': 0, 'PrefetchWrapPlugin': 0, 'EvaluationPlugin': 0, 'PeriodicEval': 0, 'Clock': 0}"
effectiveness_v3_20260918T152559Z_d84362b8,B/core50_nc/loose/R11/1/default,R11,core50_nc,1,3,training,"[{""name"": ""gem"", ""enabled"": false, ""inner"": ""SparseGEMPlugin"", ""before_backward"": 0, ""after_training_exp"": 0, ""gem_reference_samples"": 0, ""ewc_extra_forward_visits"": 0, ""enabled_history"": [false]}, {""name"": ""ewc"", ""enabled"": false, ""inner"": ""EWCPlugin"", ""before_backward"": 0, ""after_training_exp"": 0, ""gem_reference_samples"": null, ""ewc_extra_forward_visits"": null, ""enabled_history"": [false]}]","{'SparseGEMPlugin': 0, 'EWCPlugin': 0, 'ReplayPlugin': 0, 'PrefetchWrapPlugin': 0, 'EvaluationPlugin': 0, 'PeriodicEval': 0, 'Clock': 0}"
effectiveness_v3_20260918T152559Z_d84362b8,B/core50_nc/loose/R11/1/default,R11,core50_nc,1,4,training,"[{""name"": ""gem"", ""enabled"": false, ""inner"": ""SparseGEMPlugin"", ""before_backward"": 0, ""after_training_exp"": 0, ""gem_reference_samples"": 0, ""ewc_extra_forward_visits"": 0, ""enabled_history"": [false]}, {""name"": ""ewc"", ""enabled"": false, ""inner"": ""EWCPlugin"", ""before_backward"": 0, ""after_training_exp"": 0, ""gem_reference_samples"": null, ""ewc_extra_forward_visits"": null, ""enabled_history"": [false]}]","{'SparseGEMPlugin': 0, 'EWCPlugin': 0, 'ReplayPlugin': 0, 'PrefetchWrapPlugin': 0, 'EvaluationPlugin': 0, 'PeriodicEval': 0, 'Clock': 0}"
effectiveness_v3_20260918T152559Z_d84362b8,B/core50_nc/loose/R11/1/default,R11,core50_nc,1,5,training,"[{""name"": ""gem"", ""enabled"": false, ""inner"": ""SparseGEMPlugin"", ""before_backward"": 0, ""after_training_exp"": 0, ""gem_reference_samples"": 0, ""ewc_extra_forward_visits"": 0, ""enabled_history"": [false]}, {""name"": ""ewc"", ""enabled"": false, ""inner"": ""EWCPlugin"", ""before_backward"": 0, ""after_training_exp"": 0, ""gem_reference_samples"": null, ""ewc_extra_forward_visits"": null, ""enabled_history"": [false]}]","{'SparseGEMPlugin': 0, 'EWCPlugin': 0, 'ReplayPlugin': 0, 'PrefetchWrapPlugin': 0, 'EvaluationPlugin': 0, 'PeriodicEval': 0, 'Clock': 0}"
effectiveness_v3_20260918T152559Z_d84362b8,B/core50_nc/loose/R11/1/default,R11,core50_nc,1,6,training,"[{""name"": ""gem"", ""enabled"": false, ""inner"": ""SparseGEMPlugin"", ""before_backward"": 0, ""after_training_exp"": 0, ""gem_reference_samples"": 0, ""ewc_extra_forward_visits"": 0, ""enabled_history"": [false]}, {""name"": ""ewc"", ""enabled"": false, ""inner"": ""EWCPlugin"", ""before_backward"": 0, ""after_training_exp"": 0, ""gem_reference_samples"": null, ""ewc_extra_forward_visits"": null, ""enabled_history"": [false]}]","{'SparseGEMPlugin': 0, 'EWCPlugin': 0, 'ReplayPlugin': 0, 'PrefetchWrapPlugin': 0, 'EvaluationPlugin': 0, 'PeriodicEval': 0, 'Clock': 0}"
effectiveness_v3_20260918T152559Z_d84362b8,B/core50_nc/loose/R11/1/default,R11,core50_nc,1,7,training,"[{""name"": ""gem"", ""enabled"": false, ""inner"": ""SparseGEMPlugin"", ""before_backward"": 0, ""after_training_exp"": 0, ""gem_reference_samples"": 0, ""ewc_extra_forward_visits"": 0, ""enabled_history"": [false]}, {""name"": ""ewc"", ""enabled"": false, ""inner"": ""EWCPlugin"", ""before_backward"": 0, ""after_training_exp"": 0, ""gem_reference_samples"": null, ""ewc_extra_forward_visits"": null, ""enabled_history"": [false]}]","{'SparseGEMPlugin': 0, 'EWCPlugin': 0, 'ReplayPlugin': 0, 'PrefetchWrapPlugin': 0, 'EvaluationPlugin': 0, 'PeriodicEval': 0, 'Clock': 0}"
effectiveness_v3_20260918T152559Z_d84362b8,B/core50_nc/loose/R11/1/default,R11,core50_nc,1,8,training,"[{""name"": ""gem"", ""enabled"": false, ""inner"": ""SparseGEMPlugin"", ""before_backward"": 0, ""after_training_exp"": 0, ""gem_reference_samples"": 0, ""ewc_extra_forward_visits"": 0, ""enabled_history"": [false]}, {""name"": ""ewc"", ""enabled"": false, ""inner"": ""EWCPlugin"", ""before_backward"": 0, ""after_training_exp"": 0, ""gem_reference_samples"": null, ""ewc_extra_forward_visits"": null, ""enabled_history"": [false]}]","{'SparseGEMPlugin': 0, 'EWCPlugin': 0, 'ReplayPlugin': 0, 'PrefetchWrapPlugin': 0, 'EvaluationPlugin': 0, 'PeriodicEval': 0, 'Clock': 0}"
effectiveness_v3_20260918T153047Z_64a88b5a,B/core50_nc/loose/F11/1/default,F11,core50_nc,1,0,training,"[{""name"": ""gem"", ""enabled"": true, ""inner"": ""SparseGEMPlugin"", ""before_backward"": 1499, ""after_training_exp"": 1, ""gem_reference_samples"": 50, ""ewc_extra_forward_visits"": 0, ""enabled_history"": [true]}, {""name"": ""ewc"", ""enabled"": true, ""inner"": ""EWCPlugin"", ""before_backward"": 1499, ""after_training_exp"": 1, ""gem_reference_samples"": null, ""ewc_extra_forward_visits"": null, ""enabled_history"": [true]}]","{'SparseGEMPlugin': 615200, 'EWCPlugin': 2178576, 'ReplayPlugin': 0, 'PrefetchWrapPlugin': 0, 'EvaluationPlugin': 0, 'PeriodicEval': 0, 'Clock': 0}"
effectiveness_v3_20260918T153047Z_64a88b5a,B/core50_nc/loose/F11/1/default,F11,core50_nc,1,1,training,"[{""name"": ""gem"", ""enabled"": true, ""inner"": ""SparseGEMPlugin"", ""before_backward"": 750, ""after_training_exp"": 1, ""gem_reference_samples"": 100, ""ewc_extra_forward_visits"": 37500, ""enabled_history"": [true]}, {""name"": ""ewc"", ""enabled"": true, ""inner"": ""EWCPlugin"", ""before_backward"": 750, ""after_training_exp"": 1, ""gem_reference_samples"": null, ""ewc_extra_forward_visits"": null, ""enabled_history"": [true]}]","{'SparseGEMPlugin': 1230400, 'EWCPlugin': 4357152, 'ReplayPlugin': 0, 'PrefetchWrapPlugin': 0, 'EvaluationPlugin': 0, 'PeriodicEval': 0, 'Clock': 0}"
effectiveness_v3_20260918T153047Z_64a88b5a,B/core50_nc/loose/F11/1/default,F11,core50_nc,1,2,training,"[{""name"": ""gem"", ""enabled"": true, ""inner"": ""SparseGEMPlugin"", ""before_backward"": 750, ""after_training_exp"": 1, ""gem_reference_samples"": 150, ""ewc_extra_forward_visits"": 75000, ""enabled_history"": [true]}, {""name"": ""ewc"", ""enabled"": true, ""inner"": ""EWCPlugin"", ""before_backward"": 750, ""after_training_exp"": 1, ""gem_reference_samples"": null, ""ewc_extra_forward_visits"": null, ""enabled_history"": [true]}]","{'SparseGEMPlugin': 1845600, 'EWCPlugin': 6535728, 'ReplayPlugin': 0, 'PrefetchWrapPlugin': 0, 'EvaluationPlugin': 0, 'PeriodicEval': 0, 'Clock': 0}"
effectiveness_v3_20260918T153047Z_64a88b5a,B/core50_nc/loose/F11/1/default,F11,core50_nc,1,3,training,"[{""name"": ""gem"", ""enabled"": true, ""inner"": ""SparseGEMPlugin"", ""before_backward"": 750, ""after_training_exp"": 1, ""gem_reference_samples"": 200, ""ewc_extra_forward_visits"": 112500, ""enabled_history"": [true]}, {""name"": ""ewc"", ""enabled"": true, ""inner"": ""EWCPlugin"", ""before_backward"": 750, ""after_training_exp"": 1, ""gem_reference_samples"": null, ""ewc_extra_forward_visits"": null, ""enabled_history"": [true]}]","{'SparseGEMPlugin': 2460800, 'EWCPlugin': 8714304, 'ReplayPlugin': 0, 'PrefetchWrapPlugin': 0, 'EvaluationPlugin': 0, 'PeriodicEval': 0, 'Clock': 0}"
effectiveness_v3_20260918T153047Z_64a88b5a,B/core50_nc/loose/F11/1/default,F11,core50_nc,1,4,training,"[{""name"": ""gem"", ""enabled"": true, ""inner"": ""SparseGEMPlugin"", ""before_backward"": 706, ""after_training_exp"": 1, ""gem_reference_samples"": 250, ""ewc_extra_forward_visits"": 141200, ""enabled_history"": [true]}, {""name"": ""ewc"", ""enabled"": true, ""inner"": ""EWCPlugin"", ""before_backward"": 706, ""after_training_exp"": 1, ""gem_reference_samples"": null, ""ewc_extra_forward_visits"": null, ""enabled_history"": [true]}]","{'SparseGEMPlugin': 3076000, 'EWCPlugin': 10892880, 'ReplayPlugin': 0, 'PrefetchWrapPlugin': 0, 'EvaluationPlugin': 0, 'PeriodicEval': 0, 'Clock': 0}"
effectiveness_v3_20260918T153047Z_64a88b5a,B/core50_nc/loose/F11/1/default,F11,core50_nc,1,5,training,"[{""name"": ""gem"", ""enabled"": true, ""inner"": ""SparseGEMPlugin"", ""before_backward"": 705, ""after_training_exp"": 1, ""gem_reference_samples"": 300, ""ewc_extra_forward_visits"": 176250, ""enabled_history"": [true]}, {""name"": ""ewc"", ""enabled"": true, ""inner"": ""EWCPlugin"", ""before_backward"": 705, ""after_training_exp"": 1, ""gem_reference_samples"": null, ""ewc_extra_forward_visits"": null, ""enabled_history"": [true]}]","{'SparseGEMPlugin': 3691200, 'EWCPlugin': 13071456, 'ReplayPlugin': 0, 'PrefetchWrapPlugin': 0, 'EvaluationPlugin': 0, 'PeriodicEval': 0, 'Clock': 0}"
effectiveness_v3_20260918T153047Z_64a88b5a,B/core50_nc/loose/F11/1/default,F11,core50_nc,1,6,training,"[{""name"": ""gem"", ""enabled"": true, ""inner"": ""SparseGEMPlugin"", ""before_backward"": 706, ""after_training_exp"": 1, ""gem_reference_samples"": 350, ""ewc_extra_forward_visits"": 211800, ""enabled_history"": [true]}, {""name"": ""ewc"", ""enabled"": true, ""inner"": ""EWCPlugin"", ""before_backward"": 706, ""after_training_exp"": 1, ""gem_reference_samples"": null, ""ewc_extra_forward_visits"": null, ""enabled_history"": [true]}]","{'SparseGEMPlugin': 4306400, 'EWCPlugin': 15250032, 'ReplayPlugin': 0, 'PrefetchWrapPlugin': 0, 'EvaluationPlugin': 0, 'PeriodicEval': 0, 'Clock': 0}"
effectiveness_v3_20260918T153047Z_64a88b5a,B/core50_nc/loose/F11/1/default,F11,core50_nc,1,7,training,"[{""name"": ""gem"", ""enabled"": true, ""inner"": ""SparseGEMPlugin"", ""before_backward"": 666, ""after_training_exp"": 1, ""gem_reference_samples"": 400, ""ewc_extra_forward_visits"": 233100, ""enabled_history"": [true]}, {""name"": ""ewc"", ""enabled"": true, ""inner"": ""EWCPlugin"", ""before_backward"": 666, ""after_training_exp"": 1, ""gem_reference_samples"": null, ""ewc_extra_forward_visits"": null, ""enabled_history"": [true]}]","{'SparseGEMPlugin': 4921600, 'EWCPlugin': 17428608, 'ReplayPlugin': 0, 'PrefetchWrapPlugin': 0, 'EvaluationPlugin': 0, 'PeriodicEval': 0, 'Clock': 0}"
effectiveness_v3_20260918T153047Z_64a88b5a,B/core50_nc/loose/F11/1/default,F11,core50_nc,1,8,training,"[{""name"": ""gem"", ""enabled"": true, ""inner"": ""SparseGEMPlugin"", ""before_backward"": 667, ""after_training_exp"": 1, ""gem_reference_samples"": 450, ""ewc_extra_forward_visits"": 266800, ""enabled_history"": [true]}, {""name"": ""ewc"", ""enabled"": true, ""inner"": ""EWCPlugin"", ""before_backward"": 667, ""after_training_exp"": 1, ""gem_reference_samples"": null, ""ewc_extra_forward_visits"": null, ""enabled_history"": [true]}]","{'SparseGEMPlugin': 5536800, 'EWCPlugin': 19607184, 'ReplayPlugin': 0, 'PrefetchWrapPlugin': 0, 'EvaluationPlugin': 0, 'PeriodicEval': 0, 'Clock': 0}"
effectiveness_v3_20260918T155041Z_f5333308,B/core50_nc/loose/S0/1/default,S0,core50_nc,1,0,training,[],"{'ReplayPlugin': 0, 'PrefetchWrapPlugin': 0, 'EvaluationPlugin': 0, 'PeriodicEval': 0, 'Clock': 0}"
effectiveness_v3_20260918T155041Z_f5333308,B/core50_nc/loose/S0/1/default,S0,core50_nc,1,1,training,[],"{'ReplayPlugin': 0, 'PrefetchWrapPlugin': 0, 'EvaluationPlugin': 0, 'PeriodicEval': 0, 'Clock': 0}"
effectiveness_v3_20260918T155041Z_f5333308,B/core50_nc/loose/S0/1/default,S0,core50_nc,1,2,training,[],"{'ReplayPlugin': 0, 'PrefetchWrapPlugin': 0, 'EvaluationPlugin': 0, 'PeriodicEval': 0, 'Clock': 0}"
effectiveness_v3_20260918T155041Z_f5333308,B/core50_nc/loose/S0/1/default,S0,core50_nc,1,3,training,[],"{'ReplayPlugin': 0, 'PrefetchWrapPlugin': 0, 'EvaluationPlugin': 0, 'PeriodicEval': 0, 'Clock': 0}"
effectiveness_v3_20260918T155041Z_f5333308,B/core50_nc/loose/S0/1/default,S0,core50_nc,1,4,training,[],"{'ReplayPlugin': 0, 'PrefetchWrapPlugin': 0, 'EvaluationPlugin': 0, 'PeriodicEval': 0, 'Clock': 0}"
effectiveness_v3_20260918T155041Z_f5333308,B/core50_nc/loose/S0/1/default,S0,core50_nc,1,5,training,[],"{'ReplayPlugin': 0, 'PrefetchWrapPlugin': 0, 'EvaluationPlugin': 0, 'PeriodicEval': 0, 'Clock': 0}"
effectiveness_v3_20260918T155041Z_f5333308,B/core50_nc/loose/S0/1/default,S0,core50_nc,1,6,training,[],"{'ReplayPlugin': 0, 'PrefetchWrapPlugin': 0, 'EvaluationPlugin': 0, 'PeriodicEval': 0, 'Clock': 0}"
effectiveness_v3_20260918T155041Z_f5333308,B/core50_nc/loose/S0/1/default,S0,core50_nc,1,7,training,[],"{'ReplayPlugin': 0, 'PrefetchWrapPlugin': 0, 'EvaluationPlugin': 0, 'PeriodicEval': 0, 'Clock': 0}"
effectiveness_v3_20260918T155041Z_f5333308,B/core50_nc/loose/S0/1/default,S0,core50_nc,1,8,training,[],"{'ReplayPlugin': 0, 'PrefetchWrapPlugin': 0, 'EvaluationPlugin': 0, 'PeriodicEval': 0, 'Clock': 0}"
effectiveness_v3_20260918T155534Z_4df370ae,B/core50_nc/loose/O11/2/default,O11,core50_nc,2,0,training,"[{""name"": ""gem"", ""enabled"": false, ""inner"": ""SparseGEMPlugin"", ""before_backward"": 0, ""after_training_exp"": 0, ""gem_reference_samples"": 0, ""ewc_extra_forward_visits"": 0, ""enabled_history"": [false]}, {""name"": ""ewc"", ""enabled"": false, ""inner"": ""EWCPlugin"", ""before_backward"": 0, ""after_training_exp"": 0, ""gem_reference_samples"": null, ""ewc_extra_forward_visits"": null, ""enabled_history"": [false]}]","{'SparseGEMPlugin': 0, 'EWCPlugin': 0, 'ReplayPlugin': 0, 'PrefetchWrapPlugin': 0, 'EvaluationPlugin': 0, 'PeriodicEval': 0, 'Clock': 0}"
effectiveness_v3_20260918T155534Z_4df370ae,B/core50_nc/loose/O11/2/default,O11,core50_nc,2,1,training,"[{""name"": ""gem"", ""enabled"": true, ""inner"": ""SparseGEMPlugin"", ""before_backward"": 750, ""after_training_exp"": 1, ""gem_reference_samples"": 50, ""ewc_extra_forward_visits"": 0, ""enabled_history"": [true]}, {""name"": ""ewc"", ""enabled"": true, ""inner"": ""EWCPlugin"", ""before_backward"": 750, ""after_training_exp"": 1, ""gem_reference_samples"": null, ""ewc_extra_forward_visits"": null, ""enabled_history"": [true]}]","{'SparseGEMPlugin': 615200, 'EWCPlugin': 2178576, 'ReplayPlugin': 0, 'PrefetchWrapPlugin': 0, 'EvaluationPlugin': 0, 'PeriodicEval': 0, 'Clock': 0}"
effectiveness_v3_20260918T155534Z_4df370ae,B/core50_nc/loose/O11/2/default,O11,core50_nc,2,2,training,"[{""name"": ""gem"", ""enabled"": true, ""inner"": ""SparseGEMPlugin"", ""before_backward"": 750, ""after_training_exp"": 1, ""gem_reference_samples"": 100, ""ewc_extra_forward_visits"": 37500, ""enabled_history"": [true]}, {""name"": ""ewc"", ""enabled"": true, ""inner"": ""EWCPlugin"", ""before_backward"": 750, ""after_training_exp"": 1, ""gem_reference_samples"": null, ""ewc_extra_forward_visits"": null, ""enabled_history"": [true]}]","{'SparseGEMPlugin': 1230400, 'EWCPlugin': 4357152, 'ReplayPlugin': 0, 'PrefetchWrapPlugin': 0, 'EvaluationPlugin': 0, 'PeriodicEval': 0, 'Clock': 0}"
effectiveness_v3_20260918T155534Z_4df370ae,B/core50_nc/loose/O11/2/default,O11,core50_nc,2,3,training,"[{""name"": ""gem"", ""enabled"": true, ""inner"": ""SparseGEMPlugin"", ""before_backward"": 750, ""after_training_exp"": 1, ""gem_reference_samples"": 150, ""ewc_extra_forward_visits"": 75000, ""enabled_history"": [true]}, {""name"": ""ewc"", ""enabled"": true, ""inner"": ""EWCPlugin"", ""before_backward"": 750, ""after_training_exp"": 1, ""gem_reference_samples"": null, ""ewc_extra_forward_visits"": null, ""enabled_history"": [true]}]","{'SparseGEMPlugin': 1845600, 'EWCPlugin': 6535728, 'ReplayPlugin': 0, 'PrefetchWrapPlugin': 0, 'EvaluationPlugin': 0, 'PeriodicEval': 0, 'Clock': 0}"
effectiveness_v3_20260918T155534Z_4df370ae,B/core50_nc/loose/O11/2/default,O11,core50_nc,2,4,training,"[{""name"": ""gem"", ""enabled"": true, ""inner"": ""SparseGEMPlugin"", ""before_backward"": 706, ""after_training_exp"": 1, ""gem_reference_samples"": 200, ""ewc_extra_forward_visits"": 105900, ""enabled_history"": [true]}, {""name"": ""ewc"", ""enabled"": true, ""inner"": ""EWCPlugin"", ""before_backward"": 706, ""after_training_exp"": 1, ""gem_reference_samples"": null, ""ewc_extra_forward_visits"": null, ""enabled_history"": [true]}]","{'SparseGEMPlugin': 2460800, 'EWCPlugin': 8714304, 'ReplayPlugin': 0, 'PrefetchWrapPlugin': 0, 'EvaluationPlugin': 0, 'PeriodicEval': 0, 'Clock': 0}"
effectiveness_v3_20260918T155534Z_4df370ae,B/core50_nc/loose/O11/2/default,O11,core50_nc,2,5,training,"[{""name"": ""gem"", ""enabled"": true, ""inner"": ""SparseGEMPlugin"", ""before_backward"": 705, ""after_training_exp"": 1, ""gem_reference_samples"": 250, ""ewc_extra_forward_visits"": 141000, ""enabled_history"": [true]}, {""name"": ""ewc"", ""enabled"": true, ""inner"": ""EWCPlugin"", ""before_backward"": 705, ""after_training_exp"": 1, ""gem_reference_samples"": null, ""ewc_extra_forward_visits"": null, ""enabled_history"": [true]}]","{'SparseGEMPlugin': 3076000, 'EWCPlugin': 10892880, 'ReplayPlugin': 0, 'PrefetchWrapPlugin': 0, 'EvaluationPlugin': 0, 'PeriodicEval': 0, 'Clock': 0}"
effectiveness_v3_20260918T155534Z_4df370ae,B/core50_nc/loose/O11/2/default,O11,core50_nc,2,6,training,"[{""name"": ""gem"", ""enabled"": true, ""inner"": ""SparseGEMPlugin"", ""before_backward"": 706, ""after_training_exp"": 1, ""gem_reference_samples"": 300, ""ewc_extra_forward_visits"": 176500, ""enabled_history"": [true]}, {""name"": ""ewc"", ""enabled"": true, ""inner"": ""EWCPlugin"", ""before_backward"": 706, ""after_training_exp"": 1, ""gem_reference_samples"": null, ""ewc_extra_forward_visits"": null, ""enabled_history"": [true]}]","{'SparseGEMPlugin': 3691200, 'EWCPlugin': 13071456, 'ReplayPlugin': 0, 'PrefetchWrapPlugin': 0, 'EvaluationPlugin': 0, 'PeriodicEval': 0, 'Clock': 0}"
effectiveness_v3_20260918T155534Z_4df370ae,B/core50_nc/loose/O11/2/default,O11,core50_nc,2,7,training,"[{""name"": ""gem"", ""enabled"": true, ""inner"": ""SparseGEMPlugin"", ""before_backward"": 666, ""after_training_exp"": 1, ""gem_reference_samples"": 350, ""ewc_extra_forward_visits"": 199800, ""enabled_history"": [true]}, {""name"": ""ewc"", ""enabled"": true, ""inner"": ""EWCPlugin"", ""before_backward"": 666, ""after_training_exp"": 1, ""gem_reference_samples"": null, ""ewc_extra_forward_visits"": null, ""enabled_history"": [true]}]","{'SparseGEMPlugin': 4306400, 'EWCPlugin': 15250032, 'ReplayPlugin': 0, 'PrefetchWrapPlugin': 0, 'EvaluationPlugin': 0, 'PeriodicEval': 0, 'Clock': 0}"
effectiveness_v3_20260918T155534Z_4df370ae,B/core50_nc/loose/O11/2/default,O11,core50_nc,2,8,training,"[{""name"": ""gem"", ""enabled"": true, ""inner"": ""SparseGEMPlugin"", ""before_backward"": 667, ""after_training_exp"": 1, ""gem_reference_samples"": 400, ""ewc_extra_forward_visits"": 233450, ""enabled_history"": [true]}, {""name"": ""ewc"", ""enabled"": true, ""inner"": ""EWCPlugin"", ""before_backward"": 667, ""after_training_exp"": 1, ""gem_reference_samples"": null, ""ewc_extra_forward_visits"": null, ""enabled_history"": [true]}]","{'SparseGEMPlugin': 4921600, 'EWCPlugin': 17428608, 'ReplayPlugin': 0, 'PrefetchWrapPlugin': 0, 'EvaluationPlugin': 0, 'PeriodicEval': 0, 'Clock': 0}"
effectiveness_v3_20260918T161132Z_0b332220,B/core50_nc/loose/R11/2/default,R11,core50_nc,2,0,training,"[{""name"": ""gem"", ""enabled"": false, ""inner"": ""SparseGEMPlugin"", ""before_backward"": 0, ""after_training_exp"": 0, ""gem_reference_samples"": 0, ""ewc_extra_forward_visits"": 0, ""enabled_history"": [false]}, {""name"": ""ewc"", ""enabled"": false, ""inner"": ""EWCPlugin"", ""before_backward"": 0, ""after_training_exp"": 0, ""gem_reference_samples"": null, ""ewc_extra_forward_visits"": null, ""enabled_history"": [false]}]","{'SparseGEMPlugin': 0, 'EWCPlugin': 0, 'ReplayPlugin': 0, 'PrefetchWrapPlugin': 0, 'EvaluationPlugin': 0, 'PeriodicEval': 0, 'Clock': 0}"
effectiveness_v3_20260918T161132Z_0b332220,B/core50_nc/loose/R11/2/default,R11,core50_nc,2,1,training,"[{""name"": ""gem"", ""enabled"": false, ""inner"": ""SparseGEMPlugin"", ""before_backward"": 0, ""after_training_exp"": 0, ""gem_reference_samples"": 0, ""ewc_extra_forward_visits"": 0, ""enabled_history"": [false]}, {""name"": ""ewc"", ""enabled"": false, ""inner"": ""EWCPlugin"", ""before_backward"": 0, ""after_training_exp"": 0, ""gem_reference_samples"": null, ""ewc_extra_forward_visits"": null, ""enabled_history"": [false]}]","{'SparseGEMPlugin': 0, 'EWCPlugin': 0, 'ReplayPlugin': 0, 'PrefetchWrapPlugin': 0, 'EvaluationPlugin': 0, 'PeriodicEval': 0, 'Clock': 0}"
effectiveness_v3_20260918T161132Z_0b332220,B/core50_nc/loose/R11/2/default,R11,core50_nc,2,2,training,"[{""name"": ""gem"", ""enabled"": false, ""inner"": ""SparseGEMPlugin"", ""before_backward"": 0, ""after_training_exp"": 0, ""gem_reference_samples"": 0, ""ewc_extra_forward_visits"": 0, ""enabled_history"": [false]}, {""name"": ""ewc"", ""enabled"": false, ""inner"": ""EWCPlugin"", ""before_backward"": 0, ""after_training_exp"": 0, ""gem_reference_samples"": null, ""ewc_extra_forward_visits"": null, ""enabled_history"": [false]}]","{'SparseGEMPlugin': 0, 'EWCPlugin': 0, 'ReplayPlugin': 0, 'PrefetchWrapPlugin': 0, 'EvaluationPlugin': 0, 'PeriodicEval': 0, 'Clock': 0}"
effectiveness_v3_20260918T161132Z_0b332220,B/core50_nc/loose/R11/2/default,R11,core50_nc,2,3,training,"[{""name"": ""gem"", ""enabled"": false, ""inner"": ""SparseGEMPlugin"", ""before_backward"": 0, ""after_training_exp"": 0, ""gem_reference_samples"": 0, ""ewc_extra_forward_visits"": 0, ""enabled_history"": [false]}, {""name"": ""ewc"", ""enabled"": false, ""inner"": ""EWCPlugin"", ""before_backward"": 0, ""after_training_exp"": 0, ""gem_reference_samples"": null, ""ewc_extra_forward_visits"": null, ""enabled_history"": [false]}]","{'SparseGEMPlugin': 0, 'EWCPlugin': 0, 'ReplayPlugin': 0, 'PrefetchWrapPlugin': 0, 'EvaluationPlugin': 0, 'PeriodicEval': 0, 'Clock': 0}"
effectiveness_v3_20260918T161132Z_0b332220,B/core50_nc/loose/R11/2/default,R11,core50_nc,2,4,training,"[{""name"": ""gem"", ""enabled"": false, ""inner"": ""SparseGEMPlugin"", ""before_backward"": 0, ""after_training_exp"": 0, ""gem_reference_samples"": 0, ""ewc_extra_forward_visits"": 0, ""enabled_history"": [false]}, {""name"": ""ewc"", ""enabled"": false, ""inner"": ""EWCPlugin"", ""before_backward"": 0, ""after_training_exp"": 0, ""gem_reference_samples"": null, ""ewc_extra_forward_visits"": null, ""enabled_history"": [false]}]","{'SparseGEMPlugin': 0, 'EWCPlugin': 0, 'ReplayPlugin': 0, 'PrefetchWrapPlugin': 0, 'EvaluationPlugin': 0, 'PeriodicEval': 0, 'Clock': 0}"
effectiveness_v3_20260918T161132Z_0b332220,B/core50_nc/loose/R11/2/default,R11,core50_nc,2,5,training,"[{""name"": ""gem"", ""enabled"": false, ""inner"": ""SparseGEMPlugin"", ""before_backward"": 0, ""after_training_exp"": 0, ""gem_reference_samples"": 0, ""ewc_extra_forward_visits"": 0, ""enabled_history"": [false]}, {""name"": ""ewc"", ""enabled"": false, ""inner"": ""EWCPlugin"", ""before_backward"": 0, ""after_training_exp"": 0, ""gem_reference_samples"": null, ""ewc_extra_forward_visits"": null, ""enabled_history"": [false]}]","{'SparseGEMPlugin': 0, 'EWCPlugin': 0, 'ReplayPlugin': 0, 'PrefetchWrapPlugin': 0, 'EvaluationPlugin': 0, 'PeriodicEval': 0, 'Clock': 0}"
effectiveness_v3_20260918T161132Z_0b332220,B/core50_nc/loose/R11/2/default,R11,core50_nc,2,6,training,"[{""name"": ""gem"", ""enabled"": false, ""inner"": ""SparseGEMPlugin"", ""before_backward"": 0, ""after_training_exp"": 0, ""gem_reference_samples"": 0, ""ewc_extra_forward_visits"": 0, ""enabled_history"": [false]}, {""name"": ""ewc"", ""enabled"": false, ""inner"": ""EWCPlugin"", ""before_backward"": 0, ""after_training_exp"": 0, ""gem_reference_samples"": null, ""ewc_extra_forward_visits"": null, ""enabled_history"": [false]}]","{'SparseGEMPlugin': 0, 'EWCPlugin': 0, 'ReplayPlugin': 0, 'PrefetchWrapPlugin': 0, 'EvaluationPlugin': 0, 'PeriodicEval': 0, 'Clock': 0}"
effectiveness_v3_20260918T161132Z_0b332220,B/core50_nc/loose/R11/2/default,R11,core50_nc,2,7,training,"[{""name"": ""gem"", ""enabled"": false, ""inner"": ""SparseGEMPlugin"", ""before_backward"": 0, ""after_training_exp"": 0, ""gem_reference_samples"": 0, ""ewc_extra_forward_visits"": 0, ""enabled_history"": [false]}, {""name"": ""ewc"", ""enabled"": false, ""inner"": ""EWCPlugin"", ""before_backward"": 0, ""after_training_exp"": 0, ""gem_reference_samples"": null, ""ewc_extra_forward_visits"": null, ""enabled_history"": [false]}]","{'SparseGEMPlugin': 0, 'EWCPlugin': 0, 'ReplayPlugin': 0, 'PrefetchWrapPlugin': 0, 'EvaluationPlugin': 0, 'PeriodicEval': 0, 'Clock': 0}"
effectiveness_v3_20260918T161132Z_0b332220,B/core50_nc/loose/R11/2/default,R11,core50_nc,2,8,training,"[{""name"": ""gem"", ""enabled"": false, ""inner"": ""SparseGEMPlugin"", ""before_backward"": 0, ""after_training_exp"": 0, ""gem_reference_samples"": 0, ""ewc_extra_forward_visits"": 0, ""enabled_history"": [false]}, {""name"": ""ewc"", ""enabled"": false, ""inner"": ""EWCPlugin"", ""before_backward"": 0, ""after_training_exp"": 0, ""gem_reference_samples"": null, ""ewc_extra_forward_visits"": null, ""enabled_history"": [false]}]","{'SparseGEMPlugin': 0, 'EWCPlugin': 0, 'ReplayPlugin': 0, 'PrefetchWrapPlugin': 0, 'EvaluationPlugin': 0, 'PeriodicEval': 0, 'Clock': 0}"
effectiveness_v3_20260918T161611Z_22479fed,B/core50_nc/loose/F11/2/default,F11,core50_nc,2,0,training,"[{""name"": ""gem"", ""enabled"": true, ""inner"": ""SparseGEMPlugin"", ""before_backward"": 1499, ""after_training_exp"": 1, ""gem_reference_samples"": 50, ""ewc_extra_forward_visits"": 0, ""enabled_history"": [true]}, {""name"": ""ewc"", ""enabled"": true, ""inner"": ""EWCPlugin"", ""before_backward"": 1499, ""after_training_exp"": 1, ""gem_reference_samples"": null, ""ewc_extra_forward_visits"": null, ""enabled_history"": [true]}]","{'SparseGEMPlugin': 615200, 'EWCPlugin': 2178576, 'ReplayPlugin': 0, 'PrefetchWrapPlugin': 0, 'EvaluationPlugin': 0, 'PeriodicEval': 0, 'Clock': 0}"
effectiveness_v3_20260918T161611Z_22479fed,B/core50_nc/loose/F11/2/default,F11,core50_nc,2,1,training,"[{""name"": ""gem"", ""enabled"": true, ""inner"": ""SparseGEMPlugin"", ""before_backward"": 750, ""after_training_exp"": 1, ""gem_reference_samples"": 100, ""ewc_extra_forward_visits"": 37500, ""enabled_history"": [true]}, {""name"": ""ewc"", ""enabled"": true, ""inner"": ""EWCPlugin"", ""before_backward"": 750, ""after_training_exp"": 1, ""gem_reference_samples"": null, ""ewc_extra_forward_visits"": null, ""enabled_history"": [true]}]","{'SparseGEMPlugin': 1230400, 'EWCPlugin': 4357152, 'ReplayPlugin': 0, 'PrefetchWrapPlugin': 0, 'EvaluationPlugin': 0, 'PeriodicEval': 0, 'Clock': 0}"
effectiveness_v3_20260918T161611Z_22479fed,B/core50_nc/loose/F11/2/default,F11,core50_nc,2,2,training,"[{""name"": ""gem"", ""enabled"": true, ""inner"": ""SparseGEMPlugin"", ""before_backward"": 750, ""after_training_exp"": 1, ""gem_reference_samples"": 150, ""ewc_extra_forward_visits"": 75000, ""enabled_history"": [true]}, {""name"": ""ewc"", ""enabled"": true, ""inner"": ""EWCPlugin"", ""before_backward"": 750, ""after_training_exp"": 1, ""gem_reference_samples"": null, ""ewc_extra_forward_visits"": null, ""enabled_history"": [true]}]","{'SparseGEMPlugin': 1845600, 'EWCPlugin': 6535728, 'ReplayPlugin': 0, 'PrefetchWrapPlugin': 0, 'EvaluationPlugin': 0, 'PeriodicEval': 0, 'Clock': 0}"
effectiveness_v3_20260918T161611Z_22479fed,B/core50_nc/loose/F11/2/default,F11,core50_nc,2,3,training,"[{""name"": ""gem"", ""enabled"": true, ""inner"": ""SparseGEMPlugin"", ""before_backward"": 750, ""after_training_exp"": 1, ""gem_reference_samples"": 200, ""ewc_extra_forward_visits"": 112500, ""enabled_history"": [true]}, {""name"": ""ewc"", ""enabled"": true, ""inner"": ""EWCPlugin"", ""before_backward"": 750, ""after_training_exp"": 1, ""gem_reference_samples"": null, ""ewc_extra_forward_visits"": null, ""enabled_history"": [true]}]","{'SparseGEMPlugin': 2460800, 'EWCPlugin': 8714304, 'ReplayPlugin': 0, 'PrefetchWrapPlugin': 0, 'EvaluationPlugin': 0, 'PeriodicEval': 0, 'Clock': 0}"
effectiveness_v3_20260918T161611Z_22479fed,B/core50_nc/loose/F11/2/default,F11,core50_nc,2,4,training,"[{""name"": ""gem"", ""enabled"": true, ""inner"": ""SparseGEMPlugin"", ""before_backward"": 706, ""after_training_exp"": 1, ""gem_reference_samples"": 250, ""ewc_extra_forward_visits"": 141200, ""enabled_history"": [true]}, {""name"": ""ewc"", ""enabled"": true, ""inner"": ""EWCPlugin"", ""before_backward"": 706, ""after_training_exp"": 1, ""gem_reference_samples"": null, ""ewc_extra_forward_visits"": null, ""enabled_history"": [true]}]","{'SparseGEMPlugin': 3076000, 'EWCPlugin': 10892880, 'ReplayPlugin': 0, 'PrefetchWrapPlugin': 0, 'EvaluationPlugin': 0, 'PeriodicEval': 0, 'Clock': 0}"
effectiveness_v3_20260918T161611Z_22479fed,B/core50_nc/loose/F11/2/default,F11,core50_nc,2,5,training,"[{""name"": ""gem"", ""enabled"": true, ""inner"": ""SparseGEMPlugin"", ""before_backward"": 705, ""after_training_exp"": 1, ""gem_reference_samples"": 300, ""ewc_extra_forward_visits"": 176250, ""enabled_history"": [true]}, {""name"": ""ewc"", ""enabled"": true, ""inner"": ""EWCPlugin"", ""before_backward"": 705, ""after_training_exp"": 1, ""gem_reference_samples"": null, ""ewc_extra_forward_visits"": null, ""enabled_history"": [true]}]","{'SparseGEMPlugin': 3691200, 'EWCPlugin': 13071456, 'ReplayPlugin': 0, 'PrefetchWrapPlugin': 0, 'EvaluationPlugin': 0, 'PeriodicEval': 0, 'Clock': 0}"
effectiveness_v3_20260918T161611Z_22479fed,B/core50_nc/loose/F11/2/default,F11,core50_nc,2,6,training,"[{""name"": ""gem"", ""enabled"": true, ""inner"": ""SparseGEMPlugin"", ""before_backward"": 706, ""after_training_exp"": 1, ""gem_reference_samples"": 350, ""ewc_extra_forward_visits"": 211800, ""enabled_history"": [true]}, {""name"": ""ewc"", ""enabled"": true, ""inner"": ""EWCPlugin"", ""before_backward"": 706, ""after_training_exp"": 1, ""gem_reference_samples"": null, ""ewc_extra_forward_visits"": null, ""enabled_history"": [true]}]","{'SparseGEMPlugin': 4306400, 'EWCPlugin': 15250032, 'ReplayPlugin': 0, 'PrefetchWrapPlugin': 0, 'EvaluationPlugin': 0, 'PeriodicEval': 0, 'Clock': 0}"
effectiveness_v3_20260918T161611Z_22479fed,B/core50_nc/loose/F11/2/default,F11,core50_nc,2,7,training,"[{""name"": ""gem"", ""enabled"": true, ""inner"": ""SparseGEMPlugin"", ""before_backward"": 666, ""after_training_exp"": 1, ""gem_reference_samples"": 400, ""ewc_extra_forward_visits"": 233100, ""enabled_history"": [true]}, {""name"": ""ewc"", ""enabled"": true, ""inner"": ""EWCPlugin"", ""before_backward"": 666, ""after_training_exp"": 1, ""gem_reference_samples"": null, ""ewc_extra_forward_visits"": null, ""enabled_history"": [true]}]","{'SparseGEMPlugin': 4921600, 'EWCPlugin': 17428608, 'ReplayPlugin': 0, 'PrefetchWrapPlugin': 0, 'EvaluationPlugin': 0, 'PeriodicEval': 0, 'Clock': 0}"
effectiveness_v3_20260918T161611Z_22479fed,B/core50_nc/loose/F11/2/default,F11,core50_nc,2,8,training,"[{""name"": ""gem"", ""enabled"": true, ""inner"": ""SparseGEMPlugin"", ""before_backward"": 667, ""after_training_exp"": 1, ""gem_reference_samples"": 450, ""ewc_extra_forward_visits"": 266800, ""enabled_history"": [true]}, {""name"": ""ewc"", ""enabled"": true, ""inner"": ""EWCPlugin"", ""before_backward"": 667, ""after_training_exp"": 1, ""gem_reference_samples"": null, ""ewc_extra_forward_visits"": null, ""enabled_history"": [true]}]","{'SparseGEMPlugin': 5536800, 'EWCPlugin': 19607184, 'ReplayPlugin': 0, 'PrefetchWrapPlugin': 0, 'EvaluationPlugin': 0, 'PeriodicEval': 0, 'Clock': 0}"
effectiveness_v3_20260918T163536Z_1458e8d5,B/core50_nc/loose/S0/2/default,S0,core50_nc,2,0,training,[],"{'ReplayPlugin': 0, 'PrefetchWrapPlugin': 0, 'EvaluationPlugin': 0, 'PeriodicEval': 0, 'Clock': 0}"
effectiveness_v3_20260918T163536Z_1458e8d5,B/core50_nc/loose/S0/2/default,S0,core50_nc,2,1,training,[],"{'ReplayPlugin': 0, 'PrefetchWrapPlugin': 0, 'EvaluationPlugin': 0, 'PeriodicEval': 0, 'Clock': 0}"
effectiveness_v3_20260918T163536Z_1458e8d5,B/core50_nc/loose/S0/2/default,S0,core50_nc,2,2,training,[],"{'ReplayPlugin': 0, 'PrefetchWrapPlugin': 0, 'EvaluationPlugin': 0, 'PeriodicEval': 0, 'Clock': 0}"
effectiveness_v3_20260918T163536Z_1458e8d5,B/core50_nc/loose/S0/2/default,S0,core50_nc,2,3,training,[],"{'ReplayPlugin': 0, 'PrefetchWrapPlugin': 0, 'EvaluationPlugin': 0, 'PeriodicEval': 0, 'Clock': 0}"
effectiveness_v3_20260918T163536Z_1458e8d5,B/core50_nc/loose/S0/2/default,S0,core50_nc,2,4,training,[],"{'ReplayPlugin': 0, 'PrefetchWrapPlugin': 0, 'EvaluationPlugin': 0, 'PeriodicEval': 0, 'Clock': 0}"
effectiveness_v3_20260918T163536Z_1458e8d5,B/core50_nc/loose/S0/2/default,S0,core50_nc,2,5,training,[],"{'ReplayPlugin': 0, 'PrefetchWrapPlugin': 0, 'EvaluationPlugin': 0, 'PeriodicEval': 0, 'Clock': 0}"
effectiveness_v3_20260918T163536Z_1458e8d5,B/core50_nc/loose/S0/2/default,S0,core50_nc,2,6,training,[],"{'ReplayPlugin': 0, 'PrefetchWrapPlugin': 0, 'EvaluationPlugin': 0, 'PeriodicEval': 0, 'Clock': 0}"
effectiveness_v3_20260918T163536Z_1458e8d5,B/core50_nc/loose/S0/2/default,S0,core50_nc,2,7,training,[],"{'ReplayPlugin': 0, 'PrefetchWrapPlugin': 0, 'EvaluationPlugin': 0, 'PeriodicEval': 0, 'Clock': 0}"
effectiveness_v3_20260918T163536Z_1458e8d5,B/core50_nc/loose/S0/2/default,S0,core50_nc,2,8,training,[],"{'ReplayPlugin': 0, 'PrefetchWrapPlugin': 0, 'EvaluationPlugin': 0, 'PeriodicEval': 0, 'Clock': 0}"
effectiveness_v3_20260918T164020Z_d3a2f0de,B/core50_nc/loose/S_star/2/default,S_star,core50_nc,2,0,training,[],"{'ReplayPlugin': 0, 'PrefetchWrapPlugin': 0, 'EvaluationPlugin': 0, 'PeriodicEval': 0, 'Clock': 0}"
effectiveness_v3_20260918T164020Z_d3a2f0de,B/core50_nc/loose/S_star/2/default,S_star,core50_nc,2,1,training,[],"{'ReplayPlugin': 0, 'PrefetchWrapPlugin': 0, 'EvaluationPlugin': 0, 'PeriodicEval': 0, 'Clock': 0}"
effectiveness_v3_20260918T164020Z_d3a2f0de,B/core50_nc/loose/S_star/2/default,S_star,core50_nc,2,2,training,[],"{'ReplayPlugin': 0, 'PrefetchWrapPlugin': 0, 'EvaluationPlugin': 0, 'PeriodicEval': 0, 'Clock': 0}"
effectiveness_v3_20260918T164020Z_d3a2f0de,B/core50_nc/loose/S_star/2/default,S_star,core50_nc,2,3,training,[],"{'ReplayPlugin': 0, 'PrefetchWrapPlugin': 0, 'EvaluationPlugin': 0, 'PeriodicEval': 0, 'Clock': 0}"
effectiveness_v3_20260918T164020Z_d3a2f0de,B/core50_nc/loose/S_star/2/default,S_star,core50_nc,2,4,training,[],"{'ReplayPlugin': 0, 'PrefetchWrapPlugin': 0, 'EvaluationPlugin': 0, 'PeriodicEval': 0, 'Clock': 0}"
effectiveness_v3_20260918T164020Z_d3a2f0de,B/core50_nc/loose/S_star/2/default,S_star,core50_nc,2,5,training,[],"{'ReplayPlugin': 0, 'PrefetchWrapPlugin': 0, 'EvaluationPlugin': 0, 'PeriodicEval': 0, 'Clock': 0}"
effectiveness_v3_20260918T164020Z_d3a2f0de,B/core50_nc/loose/S_star/2/default,S_star,core50_nc,2,6,training,[],"{'ReplayPlugin': 0, 'PrefetchWrapPlugin': 0, 'EvaluationPlugin': 0, 'PeriodicEval': 0, 'Clock': 0}"
effectiveness_v3_20260918T164020Z_d3a2f0de,B/core50_nc/loose/S_star/2/default,S_star,core50_nc,2,7,training,[],"{'ReplayPlugin': 0, 'PrefetchWrapPlugin': 0, 'EvaluationPlugin': 0, 'PeriodicEval': 0, 'Clock': 0}"
effectiveness_v3_20260918T164020Z_d3a2f0de,B/core50_nc/loose/S_star/2/default,S_star,core50_nc,2,8,training,[],"{'ReplayPlugin': 0, 'PrefetchWrapPlugin': 0, 'EvaluationPlugin': 0, 'PeriodicEval': 0, 'Clock': 0}"
effectiveness_v3_20260918T164505Z_c55b5565,B/splitcifar100/loose/S0/0/default,S0,splitcifar100,0,0,training,[],"{'ReplayPlugin': 0, 'PrefetchWrapPlugin': 0, 'EvaluationPlugin': 0, 'PeriodicEval': 0, 'Clock': 0}"
effectiveness_v3_20260918T164505Z_c55b5565,B/splitcifar100/loose/S0/0/default,S0,splitcifar100,0,1,training,[],"{'ReplayPlugin': 0, 'PrefetchWrapPlugin': 0, 'EvaluationPlugin': 0, 'PeriodicEval': 0, 'Clock': 0}"
effectiveness_v3_20260918T164505Z_c55b5565,B/splitcifar100/loose/S0/0/default,S0,splitcifar100,0,2,training,[],"{'ReplayPlugin': 0, 'PrefetchWrapPlugin': 0, 'EvaluationPlugin': 0, 'PeriodicEval': 0, 'Clock': 0}"
effectiveness_v3_20260918T164505Z_c55b5565,B/splitcifar100/loose/S0/0/default,S0,splitcifar100,0,3,training,[],"{'ReplayPlugin': 0, 'PrefetchWrapPlugin': 0, 'EvaluationPlugin': 0, 'PeriodicEval': 0, 'Clock': 0}"
effectiveness_v3_20260918T164505Z_c55b5565,B/splitcifar100/loose/S0/0/default,S0,splitcifar100,0,4,training,[],"{'ReplayPlugin': 0, 'PrefetchWrapPlugin': 0, 'EvaluationPlugin': 0, 'PeriodicEval': 0, 'Clock': 0}"
effectiveness_v3_20260918T164505Z_c55b5565,B/splitcifar100/loose/S0/0/default,S0,splitcifar100,0,5,training,[],"{'ReplayPlugin': 0, 'PrefetchWrapPlugin': 0, 'EvaluationPlugin': 0, 'PeriodicEval': 0, 'Clock': 0}"
effectiveness_v3_20260918T164505Z_c55b5565,B/splitcifar100/loose/S0/0/default,S0,splitcifar100,0,6,training,[],"{'ReplayPlugin': 0, 'PrefetchWrapPlugin': 0, 'EvaluationPlugin': 0, 'PeriodicEval': 0, 'Clock': 0}"
effectiveness_v3_20260918T164505Z_c55b5565,B/splitcifar100/loose/S0/0/default,S0,splitcifar100,0,7,training,[],"{'ReplayPlugin': 0, 'PrefetchWrapPlugin': 0, 'EvaluationPlugin': 0, 'PeriodicEval': 0, 'Clock': 0}"
effectiveness_v3_20260918T164505Z_c55b5565,B/splitcifar100/loose/S0/0/default,S0,splitcifar100,0,8,training,[],"{'ReplayPlugin': 0, 'PrefetchWrapPlugin': 0, 'EvaluationPlugin': 0, 'PeriodicEval': 0, 'Clock': 0}"
effectiveness_v3_20260918T164505Z_c55b5565,B/splitcifar100/loose/S0/0/default,S0,splitcifar100,0,9,training,[],"{'ReplayPlugin': 0, 'PrefetchWrapPlugin': 0, 'EvaluationPlugin': 0, 'PeriodicEval': 0, 'Clock': 0}"
effectiveness_v3_20260918T164641Z_656a2787,B/splitcifar100/loose/S_star/0/default,S_star,splitcifar100,0,0,training,[],"{'ReplayPlugin': 0, 'PrefetchWrapPlugin': 0, 'EvaluationPlugin': 0, 'PeriodicEval': 0, 'Clock': 0}"
effectiveness_v3_20260918T164641Z_656a2787,B/splitcifar100/loose/S_star/0/default,S_star,splitcifar100,0,1,training,[],"{'ReplayPlugin': 0, 'PrefetchWrapPlugin': 0, 'EvaluationPlugin': 0, 'PeriodicEval': 0, 'Clock': 0}"
effectiveness_v3_20260918T164641Z_656a2787,B/splitcifar100/loose/S_star/0/default,S_star,splitcifar100,0,2,training,[],"{'ReplayPlugin': 0, 'PrefetchWrapPlugin': 0, 'EvaluationPlugin': 0, 'PeriodicEval': 0, 'Clock': 0}"
effectiveness_v3_20260918T164641Z_656a2787,B/splitcifar100/loose/S_star/0/default,S_star,splitcifar100,0,3,training,[],"{'ReplayPlugin': 0, 'PrefetchWrapPlugin': 0, 'EvaluationPlugin': 0, 'PeriodicEval': 0, 'Clock': 0}"
effectiveness_v3_20260918T164641Z_656a2787,B/splitcifar100/loose/S_star/0/default,S_star,splitcifar100,0,4,training,[],"{'ReplayPlugin': 0, 'PrefetchWrapPlugin': 0, 'EvaluationPlugin': 0, 'PeriodicEval': 0, 'Clock': 0}"
effectiveness_v3_20260918T164641Z_656a2787,B/splitcifar100/loose/S_star/0/default,S_star,splitcifar100,0,5,training,[],"{'ReplayPlugin': 0, 'PrefetchWrapPlugin': 0, 'EvaluationPlugin': 0, 'PeriodicEval': 0, 'Clock': 0}"
effectiveness_v3_20260918T164641Z_656a2787,B/splitcifar100/loose/S_star/0/default,S_star,splitcifar100,0,6,training,[],"{'ReplayPlugin': 0, 'PrefetchWrapPlugin': 0, 'EvaluationPlugin': 0, 'PeriodicEval': 0, 'Clock': 0}"
effectiveness_v3_20260918T164641Z_656a2787,B/splitcifar100/loose/S_star/0/default,S_star,splitcifar100,0,7,training,[],"{'ReplayPlugin': 0, 'PrefetchWrapPlugin': 0, 'EvaluationPlugin': 0, 'PeriodicEval': 0, 'Clock': 0}"
effectiveness_v3_20260918T164641Z_656a2787,B/splitcifar100/loose/S_star/0/default,S_star,splitcifar100,0,8,training,[],"{'ReplayPlugin': 0, 'PrefetchWrapPlugin': 0, 'EvaluationPlugin': 0, 'PeriodicEval': 0, 'Clock': 0}"
effectiveness_v3_20260918T164641Z_656a2787,B/splitcifar100/loose/S_star/0/default,S_star,splitcifar100,0,9,training,[],"{'ReplayPlugin': 0, 'PrefetchWrapPlugin': 0, 'EvaluationPlugin': 0, 'PeriodicEval': 0, 'Clock': 0}"
effectiveness_v3_20260918T164819Z_1eaa0e7b,B/splitcifar100/loose/O11/0/default,O11,splitcifar100,0,0,training,"[{""name"": ""gem"", ""enabled"": false, ""inner"": ""SparseGEMPlugin"", ""before_backward"": 0, ""after_training_exp"": 0, ""gem_reference_samples"": 0, ""ewc_extra_forward_visits"": 0, ""enabled_history"": [false]}, {""name"": ""ewc"", ""enabled"": false, ""inner"": ""EWCPlugin"", ""before_backward"": 0, ""after_training_exp"": 0, ""gem_reference_samples"": null, ""ewc_extra_forward_visits"": null, ""enabled_history"": [false]}]","{'SparseGEMPlugin': 0, 'EWCPlugin': 0, 'ReplayPlugin': 0, 'PrefetchWrapPlugin': 0, 'EvaluationPlugin': 0, 'PeriodicEval': 0, 'Clock': 0}"
effectiveness_v3_20260918T164819Z_1eaa0e7b,B/splitcifar100/loose/O11/0/default,O11,splitcifar100,0,1,training,"[{""name"": ""gem"", ""enabled"": true, ""inner"": ""SparseGEMPlugin"", ""before_backward"": 313, ""after_training_exp"": 1, ""gem_reference_samples"": 50, ""ewc_extra_forward_visits"": 0, ""enabled_history"": [true]}, {""name"": ""ewc"", ""enabled"": true, ""inner"": ""EWCPlugin"", ""before_backward"": 313, ""after_training_exp"": 1, ""gem_reference_samples"": null, ""ewc_extra_forward_visits"": null, ""enabled_history"": [true]}]","{'SparseGEMPlugin': 615200, 'EWCPlugin': 2204576, 'ReplayPlugin': 0, 'PrefetchWrapPlugin': 0, 'EvaluationPlugin': 0, 'PeriodicEval': 0, 'Clock': 0}"
effectiveness_v3_20260918T164819Z_1eaa0e7b,B/splitcifar100/loose/O11/0/default,O11,splitcifar100,0,2,training,"[{""name"": ""gem"", ""enabled"": true, ""inner"": ""SparseGEMPlugin"", ""before_backward"": 313, ""after_training_exp"": 1, ""gem_reference_samples"": 100, ""ewc_extra_forward_visits"": 15650, ""enabled_history"": [true]}, {""name"": ""ewc"", ""enabled"": true, ""inner"": ""EWCPlugin"", ""before_backward"": 313, ""after_training_exp"": 1, ""gem_reference_samples"": null, ""ewc_extra_forward_visits"": null, ""enabled_history"": [true]}]","{'SparseGEMPlugin': 1230400, 'EWCPlugin': 4409152, 'ReplayPlugin': 0, 'PrefetchWrapPlugin': 0, 'EvaluationPlugin': 0, 'PeriodicEval': 0, 'Clock': 0}"
effectiveness_v3_20260918T164819Z_1eaa0e7b,B/splitcifar100/loose/O11/0/default,O11,splitcifar100,0,3,training,"[{""name"": ""gem"", ""enabled"": true, ""inner"": ""SparseGEMPlugin"", ""before_backward"": 313, ""after_training_exp"": 1, ""gem_reference_samples"": 150, ""ewc_extra_forward_visits"": 31300, ""enabled_history"": [true]}, {""name"": ""ewc"", ""enabled"": true, ""inner"": ""EWCPlugin"", ""before_backward"": 313, ""after_training_exp"": 1, ""gem_reference_samples"": null, ""ewc_extra_forward_visits"": null, ""enabled_history"": [true]}]","{'SparseGEMPlugin': 1845600, 'EWCPlugin': 6613728, 'ReplayPlugin': 0, 'PrefetchWrapPlugin': 0, 'EvaluationPlugin': 0, 'PeriodicEval': 0, 'Clock': 0}"
effectiveness_v3_20260918T164819Z_1eaa0e7b,B/splitcifar100/loose/O11/0/default,O11,splitcifar100,0,4,training,"[{""name"": ""gem"", ""enabled"": true, ""inner"": ""SparseGEMPlugin"", ""before_backward"": 295, ""after_training_exp"": 1, ""gem_reference_samples"": 200, ""ewc_extra_forward_visits"": 44250, ""enabled_history"": [true]}, {""name"": ""ewc"", ""enabled"": true, ""inner"": ""EWCPlugin"", ""before_backward"": 295, ""after_training_exp"": 1, ""gem_reference_samples"": null, ""ewc_extra_forward_visits"": null, ""enabled_history"": [true]}]","{'SparseGEMPlugin': 2460800, 'EWCPlugin': 8818304, 'ReplayPlugin': 0, 'PrefetchWrapPlugin': 0, 'EvaluationPlugin': 0, 'PeriodicEval': 0, 'Clock': 0}"
effectiveness_v3_20260918T164819Z_1eaa0e7b,B/splitcifar100/loose/O11/0/default,O11,splitcifar100,0,5,training,"[{""name"": ""gem"", ""enabled"": true, ""inner"": ""SparseGEMPlugin"", ""before_backward"": 295, ""after_training_exp"": 1, ""gem_reference_samples"": 250, ""ewc_extra_forward_visits"": 59000, ""enabled_history"": [true]}, {""name"": ""ewc"", ""enabled"": true, ""inner"": ""EWCPlugin"", ""before_backward"": 295, ""after_training_exp"": 1, ""gem_reference_samples"": null, ""ewc_extra_forward_visits"": null, ""enabled_history"": [true]}]","{'SparseGEMPlugin': 3076000, 'EWCPlugin': 11022880, 'ReplayPlugin': 0, 'PrefetchWrapPlugin': 0, 'EvaluationPlugin': 0, 'PeriodicEval': 0, 'Clock': 0}"
effectiveness_v3_20260918T164819Z_1eaa0e7b,B/splitcifar100/loose/O11/0/default,O11,splitcifar100,0,6,training,"[{""name"": ""gem"", ""enabled"": true, ""inner"": ""SparseGEMPlugin"", ""before_backward"": 295, ""after_training_exp"": 1, ""gem_reference_samples"": 300, ""ewc_extra_forward_visits"": 73750, ""enabled_history"": [true]}, {""name"": ""ewc"", ""enabled"": true, ""inner"": ""EWCPlugin"", ""before_backward"": 295, ""after_training_exp"": 1, ""gem_reference_samples"": null, ""ewc_extra_forward_visits"": null, ""enabled_history"": [true]}]","{'SparseGEMPlugin': 3691200, 'EWCPlugin': 13227456, 'ReplayPlugin': 0, 'PrefetchWrapPlugin': 0, 'EvaluationPlugin': 0, 'PeriodicEval': 0, 'Clock': 0}"
effectiveness_v3_20260918T164819Z_1eaa0e7b,B/splitcifar100/loose/O11/0/default,O11,splitcifar100,0,7,training,"[{""name"": ""gem"", ""enabled"": true, ""inner"": ""SparseGEMPlugin"", ""before_backward"": 278, ""after_training_exp"": 1, ""gem_reference_samples"": 350, ""ewc_extra_forward_visits"": 83400, ""enabled_history"": [true]}, {""name"": ""ewc"", ""enabled"": true, ""inner"": ""EWCPlugin"", ""before_backward"": 278, ""after_training_exp"": 1, ""gem_reference_samples"": null, ""ewc_extra_forward_visits"": null, ""enabled_history"": [true]}]","{'SparseGEMPlugin': 4306400, 'EWCPlugin': 15432032, 'ReplayPlugin': 0, 'PrefetchWrapPlugin': 0, 'EvaluationPlugin': 0, 'PeriodicEval': 0, 'Clock': 0}"
effectiveness_v3_20260918T164819Z_1eaa0e7b,B/splitcifar100/loose/O11/0/default,O11,splitcifar100,0,8,training,"[{""name"": ""gem"", ""enabled"": true, ""inner"": ""SparseGEMPlugin"", ""before_backward"": 278, ""after_training_exp"": 1, ""gem_reference_samples"": 400, ""ewc_extra_forward_visits"": 97300, ""enabled_history"": [true]}, {""name"": ""ewc"", ""enabled"": true, ""inner"": ""EWCPlugin"", ""before_backward"": 278, ""after_training_exp"": 1, ""gem_reference_samples"": null, ""ewc_extra_forward_visits"": null, ""enabled_history"": [true]}]","{'SparseGEMPlugin': 4921600, 'EWCPlugin': 17636608, 'ReplayPlugin': 0, 'PrefetchWrapPlugin': 0, 'EvaluationPlugin': 0, 'PeriodicEval': 0, 'Clock': 0}"
effectiveness_v3_20260918T164819Z_1eaa0e7b,B/splitcifar100/loose/O11/0/default,O11,splitcifar100,0,9,training,"[{""name"": ""gem"", ""enabled"": true, ""inner"": ""SparseGEMPlugin"", ""before_backward"": 278, ""after_training_exp"": 1, ""gem_reference_samples"": 450, ""ewc_extra_forward_visits"": 111200, ""enabled_history"": [true]}, {""name"": ""ewc"", ""enabled"": true, ""inner"": ""EWCPlugin"", ""before_backward"": 278, ""after_training_exp"": 1, ""gem_reference_samples"": null, ""ewc_extra_forward_visits"": null, ""enabled_history"": [true]}]","{'SparseGEMPlugin': 5536800, 'EWCPlugin': 19841184, 'ReplayPlugin': 0, 'PrefetchWrapPlugin': 0, 'EvaluationPlugin': 0, 'PeriodicEval': 0, 'Clock': 0}"
effectiveness_v3_20260918T165443Z_1c14c05b,B/splitcifar100/loose/R11/0/default,R11,splitcifar100,0,0,training,"[{""name"": ""gem"", ""enabled"": false, ""inner"": ""SparseGEMPlugin"", ""before_backward"": 0, ""after_training_exp"": 0, ""gem_reference_samples"": 0, ""ewc_extra_forward_visits"": 0, ""enabled_history"": [false]}, {""name"": ""ewc"", ""enabled"": false, ""inner"": ""EWCPlugin"", ""before_backward"": 0, ""after_training_exp"": 0, ""gem_reference_samples"": null, ""ewc_extra_forward_visits"": null, ""enabled_history"": [false]}]","{'SparseGEMPlugin': 0, 'EWCPlugin': 0, 'ReplayPlugin': 0, 'PrefetchWrapPlugin': 0, 'EvaluationPlugin': 0, 'PeriodicEval': 0, 'Clock': 0}"
effectiveness_v3_20260918T165443Z_1c14c05b,B/splitcifar100/loose/R11/0/default,R11,splitcifar100,0,1,training,"[{""name"": ""gem"", ""enabled"": false, ""inner"": ""SparseGEMPlugin"", ""before_backward"": 0, ""after_training_exp"": 0, ""gem_reference_samples"": 0, ""ewc_extra_forward_visits"": 0, ""enabled_history"": [false]}, {""name"": ""ewc"", ""enabled"": false, ""inner"": ""EWCPlugin"", ""before_backward"": 0, ""after_training_exp"": 0, ""gem_reference_samples"": null, ""ewc_extra_forward_visits"": null, ""enabled_history"": [false]}]","{'SparseGEMPlugin': 0, 'EWCPlugin': 0, 'ReplayPlugin': 0, 'PrefetchWrapPlugin': 0, 'EvaluationPlugin': 0, 'PeriodicEval': 0, 'Clock': 0}"
effectiveness_v3_20260918T165443Z_1c14c05b,B/splitcifar100/loose/R11/0/default,R11,splitcifar100,0,2,training,"[{""name"": ""gem"", ""enabled"": false, ""inner"": ""SparseGEMPlugin"", ""before_backward"": 0, ""after_training_exp"": 0, ""gem_reference_samples"": 0, ""ewc_extra_forward_visits"": 0, ""enabled_history"": [false]}, {""name"": ""ewc"", ""enabled"": false, ""inner"": ""EWCPlugin"", ""before_backward"": 0, ""after_training_exp"": 0, ""gem_reference_samples"": null, ""ewc_extra_forward_visits"": null, ""enabled_history"": [false]}]","{'SparseGEMPlugin': 0, 'EWCPlugin': 0, 'ReplayPlugin': 0, 'PrefetchWrapPlugin': 0, 'EvaluationPlugin': 0, 'PeriodicEval': 0, 'Clock': 0}"
effectiveness_v3_20260918T165443Z_1c14c05b,B/splitcifar100/loose/R11/0/default,R11,splitcifar100,0,3,training,"[{""name"": ""gem"", ""enabled"": false, ""inner"": ""SparseGEMPlugin"", ""before_backward"": 0, ""after_training_exp"": 0, ""gem_reference_samples"": 0, ""ewc_extra_forward_visits"": 0, ""enabled_history"": [false]}, {""name"": ""ewc"", ""enabled"": false, ""inner"": ""EWCPlugin"", ""before_backward"": 0, ""after_training_exp"": 0, ""gem_reference_samples"": null, ""ewc_extra_forward_visits"": null, ""enabled_history"": [false]}]","{'SparseGEMPlugin': 0, 'EWCPlugin': 0, 'ReplayPlugin': 0, 'PrefetchWrapPlugin': 0, 'EvaluationPlugin': 0, 'PeriodicEval': 0, 'Clock': 0}"
effectiveness_v3_20260918T165443Z_1c14c05b,B/splitcifar100/loose/R11/0/default,R11,splitcifar100,0,4,training,"[{""name"": ""gem"", ""enabled"": false, ""inner"": ""SparseGEMPlugin"", ""before_backward"": 0, ""after_training_exp"": 0, ""gem_reference_samples"": 0, ""ewc_extra_forward_visits"": 0, ""enabled_history"": [false]}, {""name"": ""ewc"", ""enabled"": false, ""inner"": ""EWCPlugin"", ""before_backward"": 0, ""after_training_exp"": 0, ""gem_reference_samples"": null, ""ewc_extra_forward_visits"": null, ""enabled_history"": [false]}]","{'SparseGEMPlugin': 0, 'EWCPlugin': 0, 'ReplayPlugin': 0, 'PrefetchWrapPlugin': 0, 'EvaluationPlugin': 0, 'PeriodicEval': 0, 'Clock': 0}"
effectiveness_v3_20260918T165443Z_1c14c05b,B/splitcifar100/loose/R11/0/default,R11,splitcifar100,0,5,training,"[{""name"": ""gem"", ""enabled"": false, ""inner"": ""SparseGEMPlugin"", ""before_backward"": 0, ""after_training_exp"": 0, ""gem_reference_samples"": 0, ""ewc_extra_forward_visits"": 0, ""enabled_history"": [false]}, {""name"": ""ewc"", ""enabled"": false, ""inner"": ""EWCPlugin"", ""before_backward"": 0, ""after_training_exp"": 0, ""gem_reference_samples"": null, ""ewc_extra_forward_visits"": null, ""enabled_history"": [false]}]","{'SparseGEMPlugin': 0, 'EWCPlugin': 0, 'ReplayPlugin': 0, 'PrefetchWrapPlugin': 0, 'EvaluationPlugin': 0, 'PeriodicEval': 0, 'Clock': 0}"
effectiveness_v3_20260918T165443Z_1c14c05b,B/splitcifar100/loose/R11/0/default,R11,splitcifar100,0,6,training,"[{""name"": ""gem"", ""enabled"": false, ""inner"": ""SparseGEMPlugin"", ""before_backward"": 0, ""after_training_exp"": 0, ""gem_reference_samples"": 0, ""ewc_extra_forward_visits"": 0, ""enabled_history"": [false]}, {""name"": ""ewc"", ""enabled"": false, ""inner"": ""EWCPlugin"", ""before_backward"": 0, ""after_training_exp"": 0, ""gem_reference_samples"": null, ""ewc_extra_forward_visits"": null, ""enabled_history"": [false]}]","{'SparseGEMPlugin': 0, 'EWCPlugin': 0, 'ReplayPlugin': 0, 'PrefetchWrapPlugin': 0, 'EvaluationPlugin': 0, 'PeriodicEval': 0, 'Clock': 0}"
effectiveness_v3_20260918T165443Z_1c14c05b,B/splitcifar100/loose/R11/0/default,R11,splitcifar100,0,7,training,"[{""name"": ""gem"", ""enabled"": false, ""inner"": ""SparseGEMPlugin"", ""before_backward"": 0, ""after_training_exp"": 0, ""gem_reference_samples"": 0, ""ewc_extra_forward_visits"": 0, ""enabled_history"": [false]}, {""name"": ""ewc"", ""enabled"": false, ""inner"": ""EWCPlugin"", ""before_backward"": 0, ""after_training_exp"": 0, ""gem_reference_samples"": null, ""ewc_extra_forward_visits"": null, ""enabled_history"": [false]}]","{'SparseGEMPlugin': 0, 'EWCPlugin': 0, 'ReplayPlugin': 0, 'PrefetchWrapPlugin': 0, 'EvaluationPlugin': 0, 'PeriodicEval': 0, 'Clock': 0}"
effectiveness_v3_20260918T165443Z_1c14c05b,B/splitcifar100/loose/R11/0/default,R11,splitcifar100,0,8,training,"[{""name"": ""gem"", ""enabled"": false, ""inner"": ""SparseGEMPlugin"", ""before_backward"": 0, ""after_training_exp"": 0, ""gem_reference_samples"": 0, ""ewc_extra_forward_visits"": 0, ""enabled_history"": [false]}, {""name"": ""ewc"", ""enabled"": false, ""inner"": ""EWCPlugin"", ""before_backward"": 0, ""after_training_exp"": 0, ""gem_reference_samples"": null, ""ewc_extra_forward_visits"": null, ""enabled_history"": [false]}]","{'SparseGEMPlugin': 0, 'EWCPlugin': 0, 'ReplayPlugin': 0, 'PrefetchWrapPlugin': 0, 'EvaluationPlugin': 0, 'PeriodicEval': 0, 'Clock': 0}"
effectiveness_v3_20260918T165443Z_1c14c05b,B/splitcifar100/loose/R11/0/default,R11,splitcifar100,0,9,training,"[{""name"": ""gem"", ""enabled"": false, ""inner"": ""SparseGEMPlugin"", ""before_backward"": 0, ""after_training_exp"": 0, ""gem_reference_samples"": 0, ""ewc_extra_forward_visits"": 0, ""enabled_history"": [false]}, {""name"": ""ewc"", ""enabled"": false, ""inner"": ""EWCPlugin"", ""before_backward"": 0, ""after_training_exp"": 0, ""gem_reference_samples"": null, ""ewc_extra_forward_visits"": null, ""enabled_history"": [false]}]","{'SparseGEMPlugin': 0, 'EWCPlugin': 0, 'ReplayPlugin': 0, 'PrefetchWrapPlugin': 0, 'EvaluationPlugin': 0, 'PeriodicEval': 0, 'Clock': 0}"
effectiveness_v3_20260918T165619Z_636a0335,B/splitcifar100/loose/F11/0/default,F11,splitcifar100,0,0,training,"[{""name"": ""gem"", ""enabled"": true, ""inner"": ""SparseGEMPlugin"", ""before_backward"": 313, ""after_training_exp"": 1, ""gem_reference_samples"": 50, ""ewc_extra_forward_visits"": 0, ""enabled_history"": [true]}, {""name"": ""ewc"", ""enabled"": true, ""inner"": ""EWCPlugin"", ""before_backward"": 313, ""after_training_exp"": 1, ""gem_reference_samples"": null, ""ewc_extra_forward_visits"": null, ""enabled_history"": [true]}]","{'SparseGEMPlugin': 615200, 'EWCPlugin': 2204576, 'ReplayPlugin': 0, 'PrefetchWrapPlugin': 0, 'EvaluationPlugin': 0, 'PeriodicEval': 0, 'Clock': 0}"
effectiveness_v3_20260918T165619Z_636a0335,B/splitcifar100/loose/F11/0/default,F11,splitcifar100,0,1,training,"[{""name"": ""gem"", ""enabled"": true, ""inner"": ""SparseGEMPlugin"", ""before_backward"": 313, ""after_training_exp"": 1, ""gem_reference_samples"": 100, ""ewc_extra_forward_visits"": 15650, ""enabled_history"": [true]}, {""name"": ""ewc"", ""enabled"": true, ""inner"": ""EWCPlugin"", ""before_backward"": 313, ""after_training_exp"": 1, ""gem_reference_samples"": null, ""ewc_extra_forward_visits"": null, ""enabled_history"": [true]}]","{'SparseGEMPlugin': 1230400, 'EWCPlugin': 4409152, 'ReplayPlugin': 0, 'PrefetchWrapPlugin': 0, 'EvaluationPlugin': 0, 'PeriodicEval': 0, 'Clock': 0}"
effectiveness_v3_20260918T165619Z_636a0335,B/splitcifar100/loose/F11/0/default,F11,splitcifar100,0,2,training,"[{""name"": ""gem"", ""enabled"": true, ""inner"": ""SparseGEMPlugin"", ""before_backward"": 313, ""after_training_exp"": 1, ""gem_reference_samples"": 150, ""ewc_extra_forward_visits"": 31300, ""enabled_history"": [true]}, {""name"": ""ewc"", ""enabled"": true, ""inner"": ""EWCPlugin"", ""before_backward"": 313, ""after_training_exp"": 1, ""gem_reference_samples"": null, ""ewc_extra_forward_visits"": null, ""enabled_history"": [true]}]","{'SparseGEMPlugin': 1845600, 'EWCPlugin': 6613728, 'ReplayPlugin': 0, 'PrefetchWrapPlugin': 0, 'EvaluationPlugin': 0, 'PeriodicEval': 0, 'Clock': 0}"
effectiveness_v3_20260918T165619Z_636a0335,B/splitcifar100/loose/F11/0/default,F11,splitcifar100,0,3,training,"[{""name"": ""gem"", ""enabled"": true, ""inner"": ""SparseGEMPlugin"", ""before_backward"": 313, ""after_training_exp"": 1, ""gem_reference_samples"": 200, ""ewc_extra_forward_visits"": 46950, ""enabled_history"": [true]}, {""name"": ""ewc"", ""enabled"": true, ""inner"": ""EWCPlugin"", ""before_backward"": 313, ""after_training_exp"": 1, ""gem_reference_samples"": null, ""ewc_extra_forward_visits"": null, ""enabled_history"": [true]}]","{'SparseGEMPlugin': 2460800, 'EWCPlugin': 8818304, 'ReplayPlugin': 0, 'PrefetchWrapPlugin': 0, 'EvaluationPlugin': 0, 'PeriodicEval': 0, 'Clock': 0}"
effectiveness_v3_20260918T165619Z_636a0335,B/splitcifar100/loose/F11/0/default,F11,splitcifar100,0,4,training,"[{""name"": ""gem"", ""enabled"": true, ""inner"": ""SparseGEMPlugin"", ""before_backward"": 295, ""after_training_exp"": 1, ""gem_reference_samples"": 250, ""ewc_extra_forward_visits"": 59000, ""enabled_history"": [true]}, {""name"": ""ewc"", ""enabled"": true, ""inner"": ""EWCPlugin"", ""before_backward"": 295, ""after_training_exp"": 1, ""gem_reference_samples"": null, ""ewc_extra_forward_visits"": null, ""enabled_history"": [true]}]","{'SparseGEMPlugin': 3076000, 'EWCPlugin': 11022880, 'ReplayPlugin': 0, 'PrefetchWrapPlugin': 0, 'EvaluationPlugin': 0, 'PeriodicEval': 0, 'Clock': 0}"
effectiveness_v3_20260918T165619Z_636a0335,B/splitcifar100/loose/F11/0/default,F11,splitcifar100,0,5,training,"[{""name"": ""gem"", ""enabled"": true, ""inner"": ""SparseGEMPlugin"", ""before_backward"": 295, ""after_training_exp"": 1, ""gem_reference_samples"": 300, ""ewc_extra_forward_visits"": 73750, ""enabled_history"": [true]}, {""name"": ""ewc"", ""enabled"": true, ""inner"": ""EWCPlugin"", ""before_backward"": 295, ""after_training_exp"": 1, ""gem_reference_samples"": null, ""ewc_extra_forward_visits"": null, ""enabled_history"": [true]}]","{'SparseGEMPlugin': 3691200, 'EWCPlugin': 13227456, 'ReplayPlugin': 0, 'PrefetchWrapPlugin': 0, 'EvaluationPlugin': 0, 'PeriodicEval': 0, 'Clock': 0}"
effectiveness_v3_20260918T165619Z_636a0335,B/splitcifar100/loose/F11/0/default,F11,splitcifar100,0,6,training,"[{""name"": ""gem"", ""enabled"": true, ""inner"": ""SparseGEMPlugin"", ""before_backward"": 295, ""after_training_exp"": 1, ""gem_reference_samples"": 350, ""ewc_extra_forward_visits"": 88500, ""enabled_history"": [true]}, {""name"": ""ewc"", ""enabled"": true, ""inner"": ""EWCPlugin"", ""before_backward"": 295, ""after_training_exp"": 1, ""gem_reference_samples"": null, ""ewc_extra_forward_visits"": null, ""enabled_history"": [true]}]","{'SparseGEMPlugin': 4306400, 'EWCPlugin': 15432032, 'ReplayPlugin': 0, 'PrefetchWrapPlugin': 0, 'EvaluationPlugin': 0, 'PeriodicEval': 0, 'Clock': 0}"
effectiveness_v3_20260918T165619Z_636a0335,B/splitcifar100/loose/F11/0/default,F11,splitcifar100,0,7,training,"[{""name"": ""gem"", ""enabled"": true, ""inner"": ""SparseGEMPlugin"", ""before_backward"": 278, ""after_training_exp"": 1, ""gem_reference_samples"": 400, ""ewc_extra_forward_visits"": 97300, ""enabled_history"": [true]}, {""name"": ""ewc"", ""enabled"": true, ""inner"": ""EWCPlugin"", ""before_backward"": 278, ""after_training_exp"": 1, ""gem_reference_samples"": null, ""ewc_extra_forward_visits"": null, ""enabled_history"": [true]}]","{'SparseGEMPlugin': 4921600, 'EWCPlugin': 17636608, 'ReplayPlugin': 0, 'PrefetchWrapPlugin': 0, 'EvaluationPlugin': 0, 'PeriodicEval': 0, 'Clock': 0}"
effectiveness_v3_20260918T165619Z_636a0335,B/splitcifar100/loose/F11/0/default,F11,splitcifar100,0,8,training,"[{""name"": ""gem"", ""enabled"": true, ""inner"": ""SparseGEMPlugin"", ""before_backward"": 278, ""after_training_exp"": 1, ""gem_reference_samples"": 450, ""ewc_extra_forward_visits"": 111200, ""enabled_history"": [true]}, {""name"": ""ewc"", ""enabled"": true, ""inner"": ""EWCPlugin"", ""before_backward"": 278, ""after_training_exp"": 1, ""gem_reference_samples"": null, ""ewc_extra_forward_visits"": null, ""enabled_history"": [true]}]","{'SparseGEMPlugin': 5536800, 'EWCPlugin': 19841184, 'ReplayPlugin': 0, 'PrefetchWrapPlugin': 0, 'EvaluationPlugin': 0, 'PeriodicEval': 0, 'Clock': 0}"
effectiveness_v3_20260918T165619Z_636a0335,B/splitcifar100/loose/F11/0/default,F11,splitcifar100,0,9,training,"[{""name"": ""gem"", ""enabled"": true, ""inner"": ""SparseGEMPlugin"", ""before_backward"": 278, ""after_training_exp"": 1, ""gem_reference_samples"": 500, ""ewc_extra_forward_visits"": 125100, ""enabled_history"": [true]}, {""name"": ""ewc"", ""enabled"": true, ""inner"": ""EWCPlugin"", ""before_backward"": 278, ""after_training_exp"": 1, ""gem_reference_samples"": null, ""ewc_extra_forward_visits"": null, ""enabled_history"": [true]}]","{'SparseGEMPlugin': 6152000, 'EWCPlugin': 22045760, 'ReplayPlugin': 0, 'PrefetchWrapPlugin': 0, 'EvaluationPlugin': 0, 'PeriodicEval': 0, 'Clock': 0}"
effectiveness_v3_20260918T170342Z_a5939b94,B/splitcifar100/loose/S_star/1/default,S_star,splitcifar100,1,0,training,[],"{'ReplayPlugin': 0, 'PrefetchWrapPlugin': 0, 'EvaluationPlugin': 0, 'PeriodicEval': 0, 'Clock': 0}"
effectiveness_v3_20260918T170342Z_a5939b94,B/splitcifar100/loose/S_star/1/default,S_star,splitcifar100,1,1,training,[],"{'ReplayPlugin': 0, 'PrefetchWrapPlugin': 0, 'EvaluationPlugin': 0, 'PeriodicEval': 0, 'Clock': 0}"
effectiveness_v3_20260918T170342Z_a5939b94,B/splitcifar100/loose/S_star/1/default,S_star,splitcifar100,1,2,training,[],"{'ReplayPlugin': 0, 'PrefetchWrapPlugin': 0, 'EvaluationPlugin': 0, 'PeriodicEval': 0, 'Clock': 0}"
effectiveness_v3_20260918T170342Z_a5939b94,B/splitcifar100/loose/S_star/1/default,S_star,splitcifar100,1,3,training,[],"{'ReplayPlugin': 0, 'PrefetchWrapPlugin': 0, 'EvaluationPlugin': 0, 'PeriodicEval': 0, 'Clock': 0}"
effectiveness_v3_20260918T170342Z_a5939b94,B/splitcifar100/loose/S_star/1/default,S_star,splitcifar100,1,4,training,[],"{'ReplayPlugin': 0, 'PrefetchWrapPlugin': 0, 'EvaluationPlugin': 0, 'PeriodicEval': 0, 'Clock': 0}"
effectiveness_v3_20260918T170342Z_a5939b94,B/splitcifar100/loose/S_star/1/default,S_star,splitcifar100,1,5,training,[],"{'ReplayPlugin': 0, 'PrefetchWrapPlugin': 0, 'EvaluationPlugin': 0, 'PeriodicEval': 0, 'Clock': 0}"
effectiveness_v3_20260918T170342Z_a5939b94,B/splitcifar100/loose/S_star/1/default,S_star,splitcifar100,1,6,training,[],"{'ReplayPlugin': 0, 'PrefetchWrapPlugin': 0, 'EvaluationPlugin': 0, 'PeriodicEval': 0, 'Clock': 0}"
effectiveness_v3_20260918T170342Z_a5939b94,B/splitcifar100/loose/S_star/1/default,S_star,splitcifar100,1,7,training,[],"{'ReplayPlugin': 0, 'PrefetchWrapPlugin': 0, 'EvaluationPlugin': 0, 'PeriodicEval': 0, 'Clock': 0}"
effectiveness_v3_20260918T170342Z_a5939b94,B/splitcifar100/loose/S_star/1/default,S_star,splitcifar100,1,8,training,[],"{'ReplayPlugin': 0, 'PrefetchWrapPlugin': 0, 'EvaluationPlugin': 0, 'PeriodicEval': 0, 'Clock': 0}"
effectiveness_v3_20260918T170342Z_a5939b94,B/splitcifar100/loose/S_star/1/default,S_star,splitcifar100,1,9,training,[],"{'ReplayPlugin': 0, 'PrefetchWrapPlugin': 0, 'EvaluationPlugin': 0, 'PeriodicEval': 0, 'Clock': 0}"
effectiveness_v3_20260918T170519Z_efdcf21c,B/splitcifar100/loose/O11/1/default,O11,splitcifar100,1,0,training,"[{""name"": ""gem"", ""enabled"": false, ""inner"": ""SparseGEMPlugin"", ""before_backward"": 0, ""after_training_exp"": 0, ""gem_reference_samples"": 0, ""ewc_extra_forward_visits"": 0, ""enabled_history"": [false]}, {""name"": ""ewc"", ""enabled"": false, ""inner"": ""EWCPlugin"", ""before_backward"": 0, ""after_training_exp"": 0, ""gem_reference_samples"": null, ""ewc_extra_forward_visits"": null, ""enabled_history"": [false]}]","{'SparseGEMPlugin': 0, 'EWCPlugin': 0, 'ReplayPlugin': 0, 'PrefetchWrapPlugin': 0, 'EvaluationPlugin': 0, 'PeriodicEval': 0, 'Clock': 0}"
effectiveness_v3_20260918T170519Z_efdcf21c,B/splitcifar100/loose/O11/1/default,O11,splitcifar100,1,1,training,"[{""name"": ""gem"", ""enabled"": true, ""inner"": ""SparseGEMPlugin"", ""before_backward"": 313, ""after_training_exp"": 1, ""gem_reference_samples"": 50, ""ewc_extra_forward_visits"": 0, ""enabled_history"": [true]}, {""name"": ""ewc"", ""enabled"": true, ""inner"": ""EWCPlugin"", ""before_backward"": 313, ""after_training_exp"": 1, ""gem_reference_samples"": null, ""ewc_extra_forward_visits"": null, ""enabled_history"": [true]}]","{'SparseGEMPlugin': 615200, 'EWCPlugin': 2204576, 'ReplayPlugin': 0, 'PrefetchWrapPlugin': 0, 'EvaluationPlugin': 0, 'PeriodicEval': 0, 'Clock': 0}"
effectiveness_v3_20260918T170519Z_efdcf21c,B/splitcifar100/loose/O11/1/default,O11,splitcifar100,1,2,training,"[{""name"": ""gem"", ""enabled"": true, ""inner"": ""SparseGEMPlugin"", ""before_backward"": 313, ""after_training_exp"": 1, ""gem_reference_samples"": 100, ""ewc_extra_forward_visits"": 15650, ""enabled_history"": [true]}, {""name"": ""ewc"", ""enabled"": true, ""inner"": ""EWCPlugin"", ""before_backward"": 313, ""after_training_exp"": 1, ""gem_reference_samples"": null, ""ewc_extra_forward_visits"": null, ""enabled_history"": [true]}]","{'SparseGEMPlugin': 1230400, 'EWCPlugin': 4409152, 'ReplayPlugin': 0, 'PrefetchWrapPlugin': 0, 'EvaluationPlugin': 0, 'PeriodicEval': 0, 'Clock': 0}"
effectiveness_v3_20260918T170519Z_efdcf21c,B/splitcifar100/loose/O11/1/default,O11,splitcifar100,1,3,training,"[{""name"": ""gem"", ""enabled"": true, ""inner"": ""SparseGEMPlugin"", ""before_backward"": 313, ""after_training_exp"": 1, ""gem_reference_samples"": 150, ""ewc_extra_forward_visits"": 31300, ""enabled_history"": [true]}, {""name"": ""ewc"", ""enabled"": true, ""inner"": ""EWCPlugin"", ""before_backward"": 313, ""after_training_exp"": 1, ""gem_reference_samples"": null, ""ewc_extra_forward_visits"": null, ""enabled_history"": [true]}]","{'SparseGEMPlugin': 1845600, 'EWCPlugin': 6613728, 'ReplayPlugin': 0, 'PrefetchWrapPlugin': 0, 'EvaluationPlugin': 0, 'PeriodicEval': 0, 'Clock': 0}"
effectiveness_v3_20260918T170519Z_efdcf21c,B/splitcifar100/loose/O11/1/default,O11,splitcifar100,1,4,training,"[{""name"": ""gem"", ""enabled"": true, ""inner"": ""SparseGEMPlugin"", ""before_backward"": 295, ""after_training_exp"": 1, ""gem_reference_samples"": 200, ""ewc_extra_forward_visits"": 44250, ""enabled_history"": [true]}, {""name"": ""ewc"", ""enabled"": true, ""inner"": ""EWCPlugin"", ""before_backward"": 295, ""after_training_exp"": 1, ""gem_reference_samples"": null, ""ewc_extra_forward_visits"": null, ""enabled_history"": [true]}]","{'SparseGEMPlugin': 2460800, 'EWCPlugin': 8818304, 'ReplayPlugin': 0, 'PrefetchWrapPlugin': 0, 'EvaluationPlugin': 0, 'PeriodicEval': 0, 'Clock': 0}"
effectiveness_v3_20260918T170519Z_efdcf21c,B/splitcifar100/loose/O11/1/default,O11,splitcifar100,1,5,training,"[{""name"": ""gem"", ""enabled"": true, ""inner"": ""SparseGEMPlugin"", ""before_backward"": 295, ""after_training_exp"": 1, ""gem_reference_samples"": 250, ""ewc_extra_forward_visits"": 59000, ""enabled_history"": [true]}, {""name"": ""ewc"", ""enabled"": true, ""inner"": ""EWCPlugin"", ""before_backward"": 295, ""after_training_exp"": 1, ""gem_reference_samples"": null, ""ewc_extra_forward_visits"": null, ""enabled_history"": [true]}]","{'SparseGEMPlugin': 3076000, 'EWCPlugin': 11022880, 'ReplayPlugin': 0, 'PrefetchWrapPlugin': 0, 'EvaluationPlugin': 0, 'PeriodicEval': 0, 'Clock': 0}"
effectiveness_v3_20260918T170519Z_efdcf21c,B/splitcifar100/loose/O11/1/default,O11,splitcifar100,1,6,training,"[{""name"": ""gem"", ""enabled"": true, ""inner"": ""SparseGEMPlugin"", ""before_backward"": 295, ""after_training_exp"": 1, ""gem_reference_samples"": 300, ""ewc_extra_forward_visits"": 73750, ""enabled_history"": [true]}, {""name"": ""ewc"", ""enabled"": true, ""inner"": ""EWCPlugin"", ""before_backward"": 295, ""after_training_exp"": 1, ""gem_reference_samples"": null, ""ewc_extra_forward_visits"": null, ""enabled_history"": [true]}]","{'SparseGEMPlugin': 3691200, 'EWCPlugin': 13227456, 'ReplayPlugin': 0, 'PrefetchWrapPlugin': 0, 'EvaluationPlugin': 0, 'PeriodicEval': 0, 'Clock': 0}"
effectiveness_v3_20260918T170519Z_efdcf21c,B/splitcifar100/loose/O11/1/default,O11,splitcifar100,1,7,training,"[{""name"": ""gem"", ""enabled"": true, ""inner"": ""SparseGEMPlugin"", ""before_backward"": 278, ""after_training_exp"": 1, ""gem_reference_samples"": 350, ""ewc_extra_forward_visits"": 83400, ""enabled_history"": [true]}, {""name"": ""ewc"", ""enabled"": true, ""inner"": ""EWCPlugin"", ""before_backward"": 278, ""after_training_exp"": 1, ""gem_reference_samples"": null, ""ewc_extra_forward_visits"": null, ""enabled_history"": [true]}]","{'SparseGEMPlugin': 4306400, 'EWCPlugin': 15432032, 'ReplayPlugin': 0, 'PrefetchWrapPlugin': 0, 'EvaluationPlugin': 0, 'PeriodicEval': 0, 'Clock': 0}"
effectiveness_v3_20260918T170519Z_efdcf21c,B/splitcifar100/loose/O11/1/default,O11,splitcifar100,1,8,training,"[{""name"": ""gem"", ""enabled"": true, ""inner"": ""SparseGEMPlugin"", ""before_backward"": 278, ""after_training_exp"": 1, ""gem_reference_samples"": 400, ""ewc_extra_forward_visits"": 97300, ""enabled_history"": [true]}, {""name"": ""ewc"", ""enabled"": true, ""inner"": ""EWCPlugin"", ""before_backward"": 278, ""after_training_exp"": 1, ""gem_reference_samples"": null, ""ewc_extra_forward_visits"": null, ""enabled_history"": [true]}]","{'SparseGEMPlugin': 4921600, 'EWCPlugin': 17636608, 'ReplayPlugin': 0, 'PrefetchWrapPlugin': 0, 'EvaluationPlugin': 0, 'PeriodicEval': 0, 'Clock': 0}"
effectiveness_v3_20260918T170519Z_efdcf21c,B/splitcifar100/loose/O11/1/default,O11,splitcifar100,1,9,training,"[{""name"": ""gem"", ""enabled"": true, ""inner"": ""SparseGEMPlugin"", ""before_backward"": 278, ""after_training_exp"": 1, ""gem_reference_samples"": 450, ""ewc_extra_forward_visits"": 111200, ""enabled_history"": [true]}, {""name"": ""ewc"", ""enabled"": true, ""inner"": ""EWCPlugin"", ""before_backward"": 278, ""after_training_exp"": 1, ""gem_reference_samples"": null, ""ewc_extra_forward_visits"": null, ""enabled_history"": [true]}]","{'SparseGEMPlugin': 5536800, 'EWCPlugin': 19841184, 'ReplayPlugin': 0, 'PrefetchWrapPlugin': 0, 'EvaluationPlugin': 0, 'PeriodicEval': 0, 'Clock': 0}"
effectiveness_v3_20260918T171142Z_552f5e4f,B/splitcifar100/loose/R11/1/default,R11,splitcifar100,1,0,training,"[{""name"": ""gem"", ""enabled"": false, ""inner"": ""SparseGEMPlugin"", ""before_backward"": 0, ""after_training_exp"": 0, ""gem_reference_samples"": 0, ""ewc_extra_forward_visits"": 0, ""enabled_history"": [false]}, {""name"": ""ewc"", ""enabled"": false, ""inner"": ""EWCPlugin"", ""before_backward"": 0, ""after_training_exp"": 0, ""gem_reference_samples"": null, ""ewc_extra_forward_visits"": null, ""enabled_history"": [false]}]","{'SparseGEMPlugin': 0, 'EWCPlugin': 0, 'ReplayPlugin': 0, 'PrefetchWrapPlugin': 0, 'EvaluationPlugin': 0, 'PeriodicEval': 0, 'Clock': 0}"
effectiveness_v3_20260918T171142Z_552f5e4f,B/splitcifar100/loose/R11/1/default,R11,splitcifar100,1,1,training,"[{""name"": ""gem"", ""enabled"": false, ""inner"": ""SparseGEMPlugin"", ""before_backward"": 0, ""after_training_exp"": 0, ""gem_reference_samples"": 0, ""ewc_extra_forward_visits"": 0, ""enabled_history"": [false]}, {""name"": ""ewc"", ""enabled"": false, ""inner"": ""EWCPlugin"", ""before_backward"": 0, ""after_training_exp"": 0, ""gem_reference_samples"": null, ""ewc_extra_forward_visits"": null, ""enabled_history"": [false]}]","{'SparseGEMPlugin': 0, 'EWCPlugin': 0, 'ReplayPlugin': 0, 'PrefetchWrapPlugin': 0, 'EvaluationPlugin': 0, 'PeriodicEval': 0, 'Clock': 0}"
effectiveness_v3_20260918T171142Z_552f5e4f,B/splitcifar100/loose/R11/1/default,R11,splitcifar100,1,2,training,"[{""name"": ""gem"", ""enabled"": false, ""inner"": ""SparseGEMPlugin"", ""before_backward"": 0, ""after_training_exp"": 0, ""gem_reference_samples"": 0, ""ewc_extra_forward_visits"": 0, ""enabled_history"": [false]}, {""name"": ""ewc"", ""enabled"": false, ""inner"": ""EWCPlugin"", ""before_backward"": 0, ""after_training_exp"": 0, ""gem_reference_samples"": null, ""ewc_extra_forward_visits"": null, ""enabled_history"": [false]}]","{'SparseGEMPlugin': 0, 'EWCPlugin': 0, 'ReplayPlugin': 0, 'PrefetchWrapPlugin': 0, 'EvaluationPlugin': 0, 'PeriodicEval': 0, 'Clock': 0}"
effectiveness_v3_20260918T171142Z_552f5e4f,B/splitcifar100/loose/R11/1/default,R11,splitcifar100,1,3,training,"[{""name"": ""gem"", ""enabled"": false, ""inner"": ""SparseGEMPlugin"", ""before_backward"": 0, ""after_training_exp"": 0, ""gem_reference_samples"": 0, ""ewc_extra_forward_visits"": 0, ""enabled_history"": [false]}, {""name"": ""ewc"", ""enabled"": false, ""inner"": ""EWCPlugin"", ""before_backward"": 0, ""after_training_exp"": 0, ""gem_reference_samples"": null, ""ewc_extra_forward_visits"": null, ""enabled_history"": [false]}]","{'SparseGEMPlugin': 0, 'EWCPlugin': 0, 'ReplayPlugin': 0, 'PrefetchWrapPlugin': 0, 'EvaluationPlugin': 0, 'PeriodicEval': 0, 'Clock': 0}"
effectiveness_v3_20260918T171142Z_552f5e4f,B/splitcifar100/loose/R11/1/default,R11,splitcifar100,1,4,training,"[{""name"": ""gem"", ""enabled"": false, ""inner"": ""SparseGEMPlugin"", ""before_backward"": 0, ""after_training_exp"": 0, ""gem_reference_samples"": 0, ""ewc_extra_forward_visits"": 0, ""enabled_history"": [false]}, {""name"": ""ewc"", ""enabled"": false, ""inner"": ""EWCPlugin"", ""before_backward"": 0, ""after_training_exp"": 0, ""gem_reference_samples"": null, ""ewc_extra_forward_visits"": null, ""enabled_history"": [false]}]","{'SparseGEMPlugin': 0, 'EWCPlugin': 0, 'ReplayPlugin': 0, 'PrefetchWrapPlugin': 0, 'EvaluationPlugin': 0, 'PeriodicEval': 0, 'Clock': 0}"
effectiveness_v3_20260918T171142Z_552f5e4f,B/splitcifar100/loose/R11/1/default,R11,splitcifar100,1,5,training,"[{""name"": ""gem"", ""enabled"": false, ""inner"": ""SparseGEMPlugin"", ""before_backward"": 0, ""after_training_exp"": 0, ""gem_reference_samples"": 0, ""ewc_extra_forward_visits"": 0, ""enabled_history"": [false]}, {""name"": ""ewc"", ""enabled"": false, ""inner"": ""EWCPlugin"", ""before_backward"": 0, ""after_training_exp"": 0, ""gem_reference_samples"": null, ""ewc_extra_forward_visits"": null, ""enabled_history"": [false]}]","{'SparseGEMPlugin': 0, 'EWCPlugin': 0, 'ReplayPlugin': 0, 'PrefetchWrapPlugin': 0, 'EvaluationPlugin': 0, 'PeriodicEval': 0, 'Clock': 0}"
effectiveness_v3_20260918T171142Z_552f5e4f,B/splitcifar100/loose/R11/1/default,R11,splitcifar100,1,6,training,"[{""name"": ""gem"", ""enabled"": false, ""inner"": ""SparseGEMPlugin"", ""before_backward"": 0, ""after_training_exp"": 0, ""gem_reference_samples"": 0, ""ewc_extra_forward_visits"": 0, ""enabled_history"": [false]}, {""name"": ""ewc"", ""enabled"": false, ""inner"": ""EWCPlugin"", ""before_backward"": 0, ""after_training_exp"": 0, ""gem_reference_samples"": null, ""ewc_extra_forward_visits"": null, ""enabled_history"": [false]}]","{'SparseGEMPlugin': 0, 'EWCPlugin': 0, 'ReplayPlugin': 0, 'PrefetchWrapPlugin': 0, 'EvaluationPlugin': 0, 'PeriodicEval': 0, 'Clock': 0}"
effectiveness_v3_20260918T171142Z_552f5e4f,B/splitcifar100/loose/R11/1/default,R11,splitcifar100,1,7,training,"[{""name"": ""gem"", ""enabled"": false, ""inner"": ""SparseGEMPlugin"", ""before_backward"": 0, ""after_training_exp"": 0, ""gem_reference_samples"": 0, ""ewc_extra_forward_visits"": 0, ""enabled_history"": [false]}, {""name"": ""ewc"", ""enabled"": false, ""inner"": ""EWCPlugin"", ""before_backward"": 0, ""after_training_exp"": 0, ""gem_reference_samples"": null, ""ewc_extra_forward_visits"": null, ""enabled_history"": [false]}]","{'SparseGEMPlugin': 0, 'EWCPlugin': 0, 'ReplayPlugin': 0, 'PrefetchWrapPlugin': 0, 'EvaluationPlugin': 0, 'PeriodicEval': 0, 'Clock': 0}"
effectiveness_v3_20260918T171142Z_552f5e4f,B/splitcifar100/loose/R11/1/default,R11,splitcifar100,1,8,training,"[{""name"": ""gem"", ""enabled"": false, ""inner"": ""SparseGEMPlugin"", ""before_backward"": 0, ""after_training_exp"": 0, ""gem_reference_samples"": 0, ""ewc_extra_forward_visits"": 0, ""enabled_history"": [false]}, {""name"": ""ewc"", ""enabled"": false, ""inner"": ""EWCPlugin"", ""before_backward"": 0, ""after_training_exp"": 0, ""gem_reference_samples"": null, ""ewc_extra_forward_visits"": null, ""enabled_history"": [false]}]","{'SparseGEMPlugin': 0, 'EWCPlugin': 0, 'ReplayPlugin': 0, 'PrefetchWrapPlugin': 0, 'EvaluationPlugin': 0, 'PeriodicEval': 0, 'Clock': 0}"
effectiveness_v3_20260918T171142Z_552f5e4f,B/splitcifar100/loose/R11/1/default,R11,splitcifar100,1,9,training,"[{""name"": ""gem"", ""enabled"": false, ""inner"": ""SparseGEMPlugin"", ""before_backward"": 0, ""after_training_exp"": 0, ""gem_reference_samples"": 0, ""ewc_extra_forward_visits"": 0, ""enabled_history"": [false]}, {""name"": ""ewc"", ""enabled"": false, ""inner"": ""EWCPlugin"", ""before_backward"": 0, ""after_training_exp"": 0, ""gem_reference_samples"": null, ""ewc_extra_forward_visits"": null, ""enabled_history"": [false]}]","{'SparseGEMPlugin': 0, 'EWCPlugin': 0, 'ReplayPlugin': 0, 'PrefetchWrapPlugin': 0, 'EvaluationPlugin': 0, 'PeriodicEval': 0, 'Clock': 0}"
effectiveness_v3_20260918T171321Z_0b9d1439,B/splitcifar100/loose/F11/1/default,F11,splitcifar100,1,0,training,"[{""name"": ""gem"", ""enabled"": true, ""inner"": ""SparseGEMPlugin"", ""before_backward"": 313, ""after_training_exp"": 1, ""gem_reference_samples"": 50, ""ewc_extra_forward_visits"": 0, ""enabled_history"": [true]}, {""name"": ""ewc"", ""enabled"": true, ""inner"": ""EWCPlugin"", ""before_backward"": 313, ""after_training_exp"": 1, ""gem_reference_samples"": null, ""ewc_extra_forward_visits"": null, ""enabled_history"": [true]}]","{'SparseGEMPlugin': 615200, 'EWCPlugin': 2204576, 'ReplayPlugin': 0, 'PrefetchWrapPlugin': 0, 'EvaluationPlugin': 0, 'PeriodicEval': 0, 'Clock': 0}"
effectiveness_v3_20260918T171321Z_0b9d1439,B/splitcifar100/loose/F11/1/default,F11,splitcifar100,1,1,training,"[{""name"": ""gem"", ""enabled"": true, ""inner"": ""SparseGEMPlugin"", ""before_backward"": 313, ""after_training_exp"": 1, ""gem_reference_samples"": 100, ""ewc_extra_forward_visits"": 15650, ""enabled_history"": [true]}, {""name"": ""ewc"", ""enabled"": true, ""inner"": ""EWCPlugin"", ""before_backward"": 313, ""after_training_exp"": 1, ""gem_reference_samples"": null, ""ewc_extra_forward_visits"": null, ""enabled_history"": [true]}]","{'SparseGEMPlugin': 1230400, 'EWCPlugin': 4409152, 'ReplayPlugin': 0, 'PrefetchWrapPlugin': 0, 'EvaluationPlugin': 0, 'PeriodicEval': 0, 'Clock': 0}"
effectiveness_v3_20260918T171321Z_0b9d1439,B/splitcifar100/loose/F11/1/default,F11,splitcifar100,1,2,training,"[{""name"": ""gem"", ""enabled"": true, ""inner"": ""SparseGEMPlugin"", ""before_backward"": 313, ""after_training_exp"": 1, ""gem_reference_samples"": 150, ""ewc_extra_forward_visits"": 31300, ""enabled_history"": [true]}, {""name"": ""ewc"", ""enabled"": true, ""inner"": ""EWCPlugin"", ""before_backward"": 313, ""after_training_exp"": 1, ""gem_reference_samples"": null, ""ewc_extra_forward_visits"": null, ""enabled_history"": [true]}]","{'SparseGEMPlugin': 1845600, 'EWCPlugin': 6613728, 'ReplayPlugin': 0, 'PrefetchWrapPlugin': 0, 'EvaluationPlugin': 0, 'PeriodicEval': 0, 'Clock': 0}"
effectiveness_v3_20260918T171321Z_0b9d1439,B/splitcifar100/loose/F11/1/default,F11,splitcifar100,1,3,training,"[{""name"": ""gem"", ""enabled"": true, ""inner"": ""SparseGEMPlugin"", ""before_backward"": 313, ""after_training_exp"": 1, ""gem_reference_samples"": 200, ""ewc_extra_forward_visits"": 46950, ""enabled_history"": [true]}, {""name"": ""ewc"", ""enabled"": true, ""inner"": ""EWCPlugin"", ""before_backward"": 313, ""after_training_exp"": 1, ""gem_reference_samples"": null, ""ewc_extra_forward_visits"": null, ""enabled_history"": [true]}]","{'SparseGEMPlugin': 2460800, 'EWCPlugin': 8818304, 'ReplayPlugin': 0, 'PrefetchWrapPlugin': 0, 'EvaluationPlugin': 0, 'PeriodicEval': 0, 'Clock': 0}"
effectiveness_v3_20260918T171321Z_0b9d1439,B/splitcifar100/loose/F11/1/default,F11,splitcifar100,1,4,training,"[{""name"": ""gem"", ""enabled"": true, ""inner"": ""SparseGEMPlugin"", ""before_backward"": 295, ""after_training_exp"": 1, ""gem_reference_samples"": 250, ""ewc_extra_forward_visits"": 59000, ""enabled_history"": [true]}, {""name"": ""ewc"", ""enabled"": true, ""inner"": ""EWCPlugin"", ""before_backward"": 295, ""after_training_exp"": 1, ""gem_reference_samples"": null, ""ewc_extra_forward_visits"": null, ""enabled_history"": [true]}]","{'SparseGEMPlugin': 3076000, 'EWCPlugin': 11022880, 'ReplayPlugin': 0, 'PrefetchWrapPlugin': 0, 'EvaluationPlugin': 0, 'PeriodicEval': 0, 'Clock': 0}"
effectiveness_v3_20260918T171321Z_0b9d1439,B/splitcifar100/loose/F11/1/default,F11,splitcifar100,1,5,training,"[{""name"": ""gem"", ""enabled"": true, ""inner"": ""SparseGEMPlugin"", ""before_backward"": 295, ""after_training_exp"": 1, ""gem_reference_samples"": 300, ""ewc_extra_forward_visits"": 73750, ""enabled_history"": [true]}, {""name"": ""ewc"", ""enabled"": true, ""inner"": ""EWCPlugin"", ""before_backward"": 295, ""after_training_exp"": 1, ""gem_reference_samples"": null, ""ewc_extra_forward_visits"": null, ""enabled_history"": [true]}]","{'SparseGEMPlugin': 3691200, 'EWCPlugin': 13227456, 'ReplayPlugin': 0, 'PrefetchWrapPlugin': 0, 'EvaluationPlugin': 0, 'PeriodicEval': 0, 'Clock': 0}"
effectiveness_v3_20260918T171321Z_0b9d1439,B/splitcifar100/loose/F11/1/default,F11,splitcifar100,1,6,training,"[{""name"": ""gem"", ""enabled"": true, ""inner"": ""SparseGEMPlugin"", ""before_backward"": 295, ""after_training_exp"": 1, ""gem_reference_samples"": 350, ""ewc_extra_forward_visits"": 88500, ""enabled_history"": [true]}, {""name"": ""ewc"", ""enabled"": true, ""inner"": ""EWCPlugin"", ""before_backward"": 295, ""after_training_exp"": 1, ""gem_reference_samples"": null, ""ewc_extra_forward_visits"": null, ""enabled_history"": [true]}]","{'SparseGEMPlugin': 4306400, 'EWCPlugin': 15432032, 'ReplayPlugin': 0, 'PrefetchWrapPlugin': 0, 'EvaluationPlugin': 0, 'PeriodicEval': 0, 'Clock': 0}"
effectiveness_v3_20260918T171321Z_0b9d1439,B/splitcifar100/loose/F11/1/default,F11,splitcifar100,1,7,training,"[{""name"": ""gem"", ""enabled"": true, ""inner"": ""SparseGEMPlugin"", ""before_backward"": 278, ""after_training_exp"": 1, ""gem_reference_samples"": 400, ""ewc_extra_forward_visits"": 97300, ""enabled_history"": [true]}, {""name"": ""ewc"", ""enabled"": true, ""inner"": ""EWCPlugin"", ""before_backward"": 278, ""after_training_exp"": 1, ""gem_reference_samples"": null, ""ewc_extra_forward_visits"": null, ""enabled_history"": [true]}]","{'SparseGEMPlugin': 4921600, 'EWCPlugin': 17636608, 'ReplayPlugin': 0, 'PrefetchWrapPlugin': 0, 'EvaluationPlugin': 0, 'PeriodicEval': 0, 'Clock': 0}"
effectiveness_v3_20260918T171321Z_0b9d1439,B/splitcifar100/loose/F11/1/default,F11,splitcifar100,1,8,training,"[{""name"": ""gem"", ""enabled"": true, ""inner"": ""SparseGEMPlugin"", ""before_backward"": 278, ""after_training_exp"": 1, ""gem_reference_samples"": 450, ""ewc_extra_forward_visits"": 111200, ""enabled_history"": [true]}, {""name"": ""ewc"", ""enabled"": true, ""inner"": ""EWCPlugin"", ""before_backward"": 278, ""after_training_exp"": 1, ""gem_reference_samples"": null, ""ewc_extra_forward_visits"": null, ""enabled_history"": [true]}]","{'SparseGEMPlugin': 5536800, 'EWCPlugin': 19841184, 'ReplayPlugin': 0, 'PrefetchWrapPlugin': 0, 'EvaluationPlugin': 0, 'PeriodicEval': 0, 'Clock': 0}"
effectiveness_v3_20260918T171321Z_0b9d1439,B/splitcifar100/loose/F11/1/default,F11,splitcifar100,1,9,training,"[{""name"": ""gem"", ""enabled"": true, ""inner"": ""SparseGEMPlugin"", ""before_backward"": 278, ""after_training_exp"": 1, ""gem_reference_samples"": 500, ""ewc_extra_forward_visits"": 125100, ""enabled_history"": [true]}, {""name"": ""ewc"", ""enabled"": true, ""inner"": ""EWCPlugin"", ""before_backward"": 278, ""after_training_exp"": 1, ""gem_reference_samples"": null, ""ewc_extra_forward_visits"": null, ""enabled_history"": [true]}]","{'SparseGEMPlugin': 6152000, 'EWCPlugin': 22045760, 'ReplayPlugin': 0, 'PrefetchWrapPlugin': 0, 'EvaluationPlugin': 0, 'PeriodicEval': 0, 'Clock': 0}"
effectiveness_v3_20260918T172038Z_15039b60,B/splitcifar100/loose/S0/1/default,S0,splitcifar100,1,0,training,[],"{'ReplayPlugin': 0, 'PrefetchWrapPlugin': 0, 'EvaluationPlugin': 0, 'PeriodicEval': 0, 'Clock': 0}"
effectiveness_v3_20260918T172038Z_15039b60,B/splitcifar100/loose/S0/1/default,S0,splitcifar100,1,1,training,[],"{'ReplayPlugin': 0, 'PrefetchWrapPlugin': 0, 'EvaluationPlugin': 0, 'PeriodicEval': 0, 'Clock': 0}"
effectiveness_v3_20260918T172038Z_15039b60,B/splitcifar100/loose/S0/1/default,S0,splitcifar100,1,2,training,[],"{'ReplayPlugin': 0, 'PrefetchWrapPlugin': 0, 'EvaluationPlugin': 0, 'PeriodicEval': 0, 'Clock': 0}"
effectiveness_v3_20260918T172038Z_15039b60,B/splitcifar100/loose/S0/1/default,S0,splitcifar100,1,3,training,[],"{'ReplayPlugin': 0, 'PrefetchWrapPlugin': 0, 'EvaluationPlugin': 0, 'PeriodicEval': 0, 'Clock': 0}"
effectiveness_v3_20260918T172038Z_15039b60,B/splitcifar100/loose/S0/1/default,S0,splitcifar100,1,4,training,[],"{'ReplayPlugin': 0, 'PrefetchWrapPlugin': 0, 'EvaluationPlugin': 0, 'PeriodicEval': 0, 'Clock': 0}"
effectiveness_v3_20260918T172038Z_15039b60,B/splitcifar100/loose/S0/1/default,S0,splitcifar100,1,5,training,[],"{'ReplayPlugin': 0, 'PrefetchWrapPlugin': 0, 'EvaluationPlugin': 0, 'PeriodicEval': 0, 'Clock': 0}"
effectiveness_v3_20260918T172038Z_15039b60,B/splitcifar100/loose/S0/1/default,S0,splitcifar100,1,6,training,[],"{'ReplayPlugin': 0, 'PrefetchWrapPlugin': 0, 'EvaluationPlugin': 0, 'PeriodicEval': 0, 'Clock': 0}"
effectiveness_v3_20260918T172038Z_15039b60,B/splitcifar100/loose/S0/1/default,S0,splitcifar100,1,7,training,[],"{'ReplayPlugin': 0, 'PrefetchWrapPlugin': 0, 'EvaluationPlugin': 0, 'PeriodicEval': 0, 'Clock': 0}"
effectiveness_v3_20260918T172038Z_15039b60,B/splitcifar100/loose/S0/1/default,S0,splitcifar100,1,8,training,[],"{'ReplayPlugin': 0, 'PrefetchWrapPlugin': 0, 'EvaluationPlugin': 0, 'PeriodicEval': 0, 'Clock': 0}"
effectiveness_v3_20260918T172038Z_15039b60,B/splitcifar100/loose/S0/1/default,S0,splitcifar100,1,9,training,[],"{'ReplayPlugin': 0, 'PrefetchWrapPlugin': 0, 'EvaluationPlugin': 0, 'PeriodicEval': 0, 'Clock': 0}"
effectiveness_v3_20260918T172216Z_c03835a6,B/splitcifar100/loose/O11/2/default,O11,splitcifar100,2,0,training,"[{""name"": ""gem"", ""enabled"": false, ""inner"": ""SparseGEMPlugin"", ""before_backward"": 0, ""after_training_exp"": 0, ""gem_reference_samples"": 0, ""ewc_extra_forward_visits"": 0, ""enabled_history"": [false]}, {""name"": ""ewc"", ""enabled"": false, ""inner"": ""EWCPlugin"", ""before_backward"": 0, ""after_training_exp"": 0, ""gem_reference_samples"": null, ""ewc_extra_forward_visits"": null, ""enabled_history"": [false]}]","{'SparseGEMPlugin': 0, 'EWCPlugin': 0, 'ReplayPlugin': 0, 'PrefetchWrapPlugin': 0, 'EvaluationPlugin': 0, 'PeriodicEval': 0, 'Clock': 0}"
effectiveness_v3_20260918T172216Z_c03835a6,B/splitcifar100/loose/O11/2/default,O11,splitcifar100,2,1,training,"[{""name"": ""gem"", ""enabled"": true, ""inner"": ""SparseGEMPlugin"", ""before_backward"": 313, ""after_training_exp"": 1, ""gem_reference_samples"": 50, ""ewc_extra_forward_visits"": 0, ""enabled_history"": [true]}, {""name"": ""ewc"", ""enabled"": true, ""inner"": ""EWCPlugin"", ""before_backward"": 313, ""after_training_exp"": 1, ""gem_reference_samples"": null, ""ewc_extra_forward_visits"": null, ""enabled_history"": [true]}]","{'SparseGEMPlugin': 615200, 'EWCPlugin': 2204576, 'ReplayPlugin': 0, 'PrefetchWrapPlugin': 0, 'EvaluationPlugin': 0, 'PeriodicEval': 0, 'Clock': 0}"
effectiveness_v3_20260918T172216Z_c03835a6,B/splitcifar100/loose/O11/2/default,O11,splitcifar100,2,2,training,"[{""name"": ""gem"", ""enabled"": true, ""inner"": ""SparseGEMPlugin"", ""before_backward"": 313, ""after_training_exp"": 1, ""gem_reference_samples"": 100, ""ewc_extra_forward_visits"": 15650, ""enabled_history"": [true]}, {""name"": ""ewc"", ""enabled"": true, ""inner"": ""EWCPlugin"", ""before_backward"": 313, ""after_training_exp"": 1, ""gem_reference_samples"": null, ""ewc_extra_forward_visits"": null, ""enabled_history"": [true]}]","{'SparseGEMPlugin': 1230400, 'EWCPlugin': 4409152, 'ReplayPlugin': 0, 'PrefetchWrapPlugin': 0, 'EvaluationPlugin': 0, 'PeriodicEval': 0, 'Clock': 0}"
effectiveness_v3_20260918T172216Z_c03835a6,B/splitcifar100/loose/O11/2/default,O11,splitcifar100,2,3,training,"[{""name"": ""gem"", ""enabled"": true, ""inner"": ""SparseGEMPlugin"", ""before_backward"": 313, ""after_training_exp"": 1, ""gem_reference_samples"": 150, ""ewc_extra_forward_visits"": 31300, ""enabled_history"": [true]}, {""name"": ""ewc"", ""enabled"": true, ""inner"": ""EWCPlugin"", ""before_backward"": 313, ""after_training_exp"": 1, ""gem_reference_samples"": null, ""ewc_extra_forward_visits"": null, ""enabled_history"": [true]}]","{'SparseGEMPlugin': 1845600, 'EWCPlugin': 6613728, 'ReplayPlugin': 0, 'PrefetchWrapPlugin': 0, 'EvaluationPlugin': 0, 'PeriodicEval': 0, 'Clock': 0}"
effectiveness_v3_20260918T172216Z_c03835a6,B/splitcifar100/loose/O11/2/default,O11,splitcifar100,2,4,training,"[{""name"": ""gem"", ""enabled"": true, ""inner"": ""SparseGEMPlugin"", ""before_backward"": 295, ""after_training_exp"": 1, ""gem_reference_samples"": 200, ""ewc_extra_forward_visits"": 44250, ""enabled_history"": [true]}, {""name"": ""ewc"", ""enabled"": true, ""inner"": ""EWCPlugin"", ""before_backward"": 295, ""after_training_exp"": 1, ""gem_reference_samples"": null, ""ewc_extra_forward_visits"": null, ""enabled_history"": [true]}]","{'SparseGEMPlugin': 2460800, 'EWCPlugin': 8818304, 'ReplayPlugin': 0, 'PrefetchWrapPlugin': 0, 'EvaluationPlugin': 0, 'PeriodicEval': 0, 'Clock': 0}"
effectiveness_v3_20260918T172216Z_c03835a6,B/splitcifar100/loose/O11/2/default,O11,splitcifar100,2,5,training,"[{""name"": ""gem"", ""enabled"": true, ""inner"": ""SparseGEMPlugin"", ""before_backward"": 295, ""after_training_exp"": 1, ""gem_reference_samples"": 250, ""ewc_extra_forward_visits"": 59000, ""enabled_history"": [true]}, {""name"": ""ewc"", ""enabled"": true, ""inner"": ""EWCPlugin"", ""before_backward"": 295, ""after_training_exp"": 1, ""gem_reference_samples"": null, ""ewc_extra_forward_visits"": null, ""enabled_history"": [true]}]","{'SparseGEMPlugin': 3076000, 'EWCPlugin': 11022880, 'ReplayPlugin': 0, 'PrefetchWrapPlugin': 0, 'EvaluationPlugin': 0, 'PeriodicEval': 0, 'Clock': 0}"
effectiveness_v3_20260918T172216Z_c03835a6,B/splitcifar100/loose/O11/2/default,O11,splitcifar100,2,6,training,"[{""name"": ""gem"", ""enabled"": true, ""inner"": ""SparseGEMPlugin"", ""before_backward"": 295, ""after_training_exp"": 1, ""gem_reference_samples"": 300, ""ewc_extra_forward_visits"": 73750, ""enabled_history"": [true]}, {""name"": ""ewc"", ""enabled"": true, ""inner"": ""EWCPlugin"", ""before_backward"": 295, ""after_training_exp"": 1, ""gem_reference_samples"": null, ""ewc_extra_forward_visits"": null, ""enabled_history"": [true]}]","{'SparseGEMPlugin': 3691200, 'EWCPlugin': 13227456, 'ReplayPlugin': 0, 'PrefetchWrapPlugin': 0, 'EvaluationPlugin': 0, 'PeriodicEval': 0, 'Clock': 0}"
effectiveness_v3_20260918T172216Z_c03835a6,B/splitcifar100/loose/O11/2/default,O11,splitcifar100,2,7,training,"[{""name"": ""gem"", ""enabled"": true, ""inner"": ""SparseGEMPlugin"", ""before_backward"": 278, ""after_training_exp"": 1, ""gem_reference_samples"": 350, ""ewc_extra_forward_visits"": 83400, ""enabled_history"": [true]}, {""name"": ""ewc"", ""enabled"": true, ""inner"": ""EWCPlugin"", ""before_backward"": 278, ""after_training_exp"": 1, ""gem_reference_samples"": null, ""ewc_extra_forward_visits"": null, ""enabled_history"": [true]}]","{'SparseGEMPlugin': 4306400, 'EWCPlugin': 15432032, 'ReplayPlugin': 0, 'PrefetchWrapPlugin': 0, 'EvaluationPlugin': 0, 'PeriodicEval': 0, 'Clock': 0}"
effectiveness_v3_20260918T172216Z_c03835a6,B/splitcifar100/loose/O11/2/default,O11,splitcifar100,2,8,training,"[{""name"": ""gem"", ""enabled"": true, ""inner"": ""SparseGEMPlugin"", ""before_backward"": 278, ""after_training_exp"": 1, ""gem_reference_samples"": 400, ""ewc_extra_forward_visits"": 97300, ""enabled_history"": [true]}, {""name"": ""ewc"", ""enabled"": true, ""inner"": ""EWCPlugin"", ""before_backward"": 278, ""after_training_exp"": 1, ""gem_reference_samples"": null, ""ewc_extra_forward_visits"": null, ""enabled_history"": [true]}]","{'SparseGEMPlugin': 4921600, 'EWCPlugin': 17636608, 'ReplayPlugin': 0, 'PrefetchWrapPlugin': 0, 'EvaluationPlugin': 0, 'PeriodicEval': 0, 'Clock': 0}"
effectiveness_v3_20260918T172216Z_c03835a6,B/splitcifar100/loose/O11/2/default,O11,splitcifar100,2,9,training,"[{""name"": ""gem"", ""enabled"": true, ""inner"": ""SparseGEMPlugin"", ""before_backward"": 278, ""after_training_exp"": 1, ""gem_reference_samples"": 450, ""ewc_extra_forward_visits"": 111200, ""enabled_history"": [true]}, {""name"": ""ewc"", ""enabled"": true, ""inner"": ""EWCPlugin"", ""before_backward"": 278, ""after_training_exp"": 1, ""gem_reference_samples"": null, ""ewc_extra_forward_visits"": null, ""enabled_history"": [true]}]","{'SparseGEMPlugin': 5536800, 'EWCPlugin': 19841184, 'ReplayPlugin': 0, 'PrefetchWrapPlugin': 0, 'EvaluationPlugin': 0, 'PeriodicEval': 0, 'Clock': 0}"
effectiveness_v3_20260918T172828Z_112e26f9,B/splitcifar100/loose/R11/2/default,R11,splitcifar100,2,0,training,"[{""name"": ""gem"", ""enabled"": false, ""inner"": ""SparseGEMPlugin"", ""before_backward"": 0, ""after_training_exp"": 0, ""gem_reference_samples"": 0, ""ewc_extra_forward_visits"": 0, ""enabled_history"": [false]}, {""name"": ""ewc"", ""enabled"": false, ""inner"": ""EWCPlugin"", ""before_backward"": 0, ""after_training_exp"": 0, ""gem_reference_samples"": null, ""ewc_extra_forward_visits"": null, ""enabled_history"": [false]}]","{'SparseGEMPlugin': 0, 'EWCPlugin': 0, 'ReplayPlugin': 0, 'PrefetchWrapPlugin': 0, 'EvaluationPlugin': 0, 'PeriodicEval': 0, 'Clock': 0}"
effectiveness_v3_20260918T172828Z_112e26f9,B/splitcifar100/loose/R11/2/default,R11,splitcifar100,2,1,training,"[{""name"": ""gem"", ""enabled"": false, ""inner"": ""SparseGEMPlugin"", ""before_backward"": 0, ""after_training_exp"": 0, ""gem_reference_samples"": 0, ""ewc_extra_forward_visits"": 0, ""enabled_history"": [false]}, {""name"": ""ewc"", ""enabled"": false, ""inner"": ""EWCPlugin"", ""before_backward"": 0, ""after_training_exp"": 0, ""gem_reference_samples"": null, ""ewc_extra_forward_visits"": null, ""enabled_history"": [false]}]","{'SparseGEMPlugin': 0, 'EWCPlugin': 0, 'ReplayPlugin': 0, 'PrefetchWrapPlugin': 0, 'EvaluationPlugin': 0, 'PeriodicEval': 0, 'Clock': 0}"
effectiveness_v3_20260918T172828Z_112e26f9,B/splitcifar100/loose/R11/2/default,R11,splitcifar100,2,2,training,"[{""name"": ""gem"", ""enabled"": false, ""inner"": ""SparseGEMPlugin"", ""before_backward"": 0, ""after_training_exp"": 0, ""gem_reference_samples"": 0, ""ewc_extra_forward_visits"": 0, ""enabled_history"": [false]}, {""name"": ""ewc"", ""enabled"": false, ""inner"": ""EWCPlugin"", ""before_backward"": 0, ""after_training_exp"": 0, ""gem_reference_samples"": null, ""ewc_extra_forward_visits"": null, ""enabled_history"": [false]}]","{'SparseGEMPlugin': 0, 'EWCPlugin': 0, 'ReplayPlugin': 0, 'PrefetchWrapPlugin': 0, 'EvaluationPlugin': 0, 'PeriodicEval': 0, 'Clock': 0}"
effectiveness_v3_20260918T172828Z_112e26f9,B/splitcifar100/loose/R11/2/default,R11,splitcifar100,2,3,training,"[{""name"": ""gem"", ""enabled"": false, ""inner"": ""SparseGEMPlugin"", ""before_backward"": 0, ""after_training_exp"": 0, ""gem_reference_samples"": 0, ""ewc_extra_forward_visits"": 0, ""enabled_history"": [false]}, {""name"": ""ewc"", ""enabled"": false, ""inner"": ""EWCPlugin"", ""before_backward"": 0, ""after_training_exp"": 0, ""gem_reference_samples"": null, ""ewc_extra_forward_visits"": null, ""enabled_history"": [false]}]","{'SparseGEMPlugin': 0, 'EWCPlugin': 0, 'ReplayPlugin': 0, 'PrefetchWrapPlugin': 0, 'EvaluationPlugin': 0, 'PeriodicEval': 0, 'Clock': 0}"
effectiveness_v3_20260918T172828Z_112e26f9,B/splitcifar100/loose/R11/2/default,R11,splitcifar100,2,4,training,"[{""name"": ""gem"", ""enabled"": false, ""inner"": ""SparseGEMPlugin"", ""before_backward"": 0, ""after_training_exp"": 0, ""gem_reference_samples"": 0, ""ewc_extra_forward_visits"": 0, ""enabled_history"": [false]}, {""name"": ""ewc"", ""enabled"": false, ""inner"": ""EWCPlugin"", ""before_backward"": 0, ""after_training_exp"": 0, ""gem_reference_samples"": null, ""ewc_extra_forward_visits"": null, ""enabled_history"": [false]}]","{'SparseGEMPlugin': 0, 'EWCPlugin': 0, 'ReplayPlugin': 0, 'PrefetchWrapPlugin': 0, 'EvaluationPlugin': 0, 'PeriodicEval': 0, 'Clock': 0}"
effectiveness_v3_20260918T172828Z_112e26f9,B/splitcifar100/loose/R11/2/default,R11,splitcifar100,2,5,training,"[{""name"": ""gem"", ""enabled"": false, ""inner"": ""SparseGEMPlugin"", ""before_backward"": 0, ""after_training_exp"": 0, ""gem_reference_samples"": 0, ""ewc_extra_forward_visits"": 0, ""enabled_history"": [false]}, {""name"": ""ewc"", ""enabled"": false, ""inner"": ""EWCPlugin"", ""before_backward"": 0, ""after_training_exp"": 0, ""gem_reference_samples"": null, ""ewc_extra_forward_visits"": null, ""enabled_history"": [false]}]","{'SparseGEMPlugin': 0, 'EWCPlugin': 0, 'ReplayPlugin': 0, 'PrefetchWrapPlugin': 0, 'EvaluationPlugin': 0, 'PeriodicEval': 0, 'Clock': 0}"
effectiveness_v3_20260918T172828Z_112e26f9,B/splitcifar100/loose/R11/2/default,R11,splitcifar100,2,6,training,"[{""name"": ""gem"", ""enabled"": false, ""inner"": ""SparseGEMPlugin"", ""before_backward"": 0, ""after_training_exp"": 0, ""gem_reference_samples"": 0, ""ewc_extra_forward_visits"": 0, ""enabled_history"": [false]}, {""name"": ""ewc"", ""enabled"": false, ""inner"": ""EWCPlugin"", ""before_backward"": 0, ""after_training_exp"": 0, ""gem_reference_samples"": null, ""ewc_extra_forward_visits"": null, ""enabled_history"": [false]}]","{'SparseGEMPlugin': 0, 'EWCPlugin': 0, 'ReplayPlugin': 0, 'PrefetchWrapPlugin': 0, 'EvaluationPlugin': 0, 'PeriodicEval': 0, 'Clock': 0}"
effectiveness_v3_20260918T172828Z_112e26f9,B/splitcifar100/loose/R11/2/default,R11,splitcifar100,2,7,training,"[{""name"": ""gem"", ""enabled"": false, ""inner"": ""SparseGEMPlugin"", ""before_backward"": 0, ""after_training_exp"": 0, ""gem_reference_samples"": 0, ""ewc_extra_forward_visits"": 0, ""enabled_history"": [false]}, {""name"": ""ewc"", ""enabled"": false, ""inner"": ""EWCPlugin"", ""before_backward"": 0, ""after_training_exp"": 0, ""gem_reference_samples"": null, ""ewc_extra_forward_visits"": null, ""enabled_history"": [false]}]","{'SparseGEMPlugin': 0, 'EWCPlugin': 0, 'ReplayPlugin': 0, 'PrefetchWrapPlugin': 0, 'EvaluationPlugin': 0, 'PeriodicEval': 0, 'Clock': 0}"
effectiveness_v3_20260918T172828Z_112e26f9,B/splitcifar100/loose/R11/2/default,R11,splitcifar100,2,8,training,"[{""name"": ""gem"", ""enabled"": false, ""inner"": ""SparseGEMPlugin"", ""before_backward"": 0, ""after_training_exp"": 0, ""gem_reference_samples"": 0, ""ewc_extra_forward_visits"": 0, ""enabled_history"": [false]}, {""name"": ""ewc"", ""enabled"": false, ""inner"": ""EWCPlugin"", ""before_backward"": 0, ""after_training_exp"": 0, ""gem_reference_samples"": null, ""ewc_extra_forward_visits"": null, ""enabled_history"": [false]}]","{'SparseGEMPlugin': 0, 'EWCPlugin': 0, 'ReplayPlugin': 0, 'PrefetchWrapPlugin': 0, 'EvaluationPlugin': 0, 'PeriodicEval': 0, 'Clock': 0}"
effectiveness_v3_20260918T172828Z_112e26f9,B/splitcifar100/loose/R11/2/default,R11,splitcifar100,2,9,training,"[{""name"": ""gem"", ""enabled"": false, ""inner"": ""SparseGEMPlugin"", ""before_backward"": 0, ""after_training_exp"": 0, ""gem_reference_samples"": 0, ""ewc_extra_forward_visits"": 0, ""enabled_history"": [false]}, {""name"": ""ewc"", ""enabled"": false, ""inner"": ""EWCPlugin"", ""before_backward"": 0, ""after_training_exp"": 0, ""gem_reference_samples"": null, ""ewc_extra_forward_visits"": null, ""enabled_history"": [false]}]","{'SparseGEMPlugin': 0, 'EWCPlugin': 0, 'ReplayPlugin': 0, 'PrefetchWrapPlugin': 0, 'EvaluationPlugin': 0, 'PeriodicEval': 0, 'Clock': 0}"
effectiveness_v3_20260918T173006Z_a240ced0,B/splitcifar100/loose/F11/2/default,F11,splitcifar100,2,0,training,"[{""name"": ""gem"", ""enabled"": true, ""inner"": ""SparseGEMPlugin"", ""before_backward"": 313, ""after_training_exp"": 1, ""gem_reference_samples"": 50, ""ewc_extra_forward_visits"": 0, ""enabled_history"": [true]}, {""name"": ""ewc"", ""enabled"": true, ""inner"": ""EWCPlugin"", ""before_backward"": 313, ""after_training_exp"": 1, ""gem_reference_samples"": null, ""ewc_extra_forward_visits"": null, ""enabled_history"": [true]}]","{'SparseGEMPlugin': 615200, 'EWCPlugin': 2204576, 'ReplayPlugin': 0, 'PrefetchWrapPlugin': 0, 'EvaluationPlugin': 0, 'PeriodicEval': 0, 'Clock': 0}"
effectiveness_v3_20260918T173006Z_a240ced0,B/splitcifar100/loose/F11/2/default,F11,splitcifar100,2,1,training,"[{""name"": ""gem"", ""enabled"": true, ""inner"": ""SparseGEMPlugin"", ""before_backward"": 313, ""after_training_exp"": 1, ""gem_reference_samples"": 100, ""ewc_extra_forward_visits"": 15650, ""enabled_history"": [true]}, {""name"": ""ewc"", ""enabled"": true, ""inner"": ""EWCPlugin"", ""before_backward"": 313, ""after_training_exp"": 1, ""gem_reference_samples"": null, ""ewc_extra_forward_visits"": null, ""enabled_history"": [true]}]","{'SparseGEMPlugin': 1230400, 'EWCPlugin': 4409152, 'ReplayPlugin': 0, 'PrefetchWrapPlugin': 0, 'EvaluationPlugin': 0, 'PeriodicEval': 0, 'Clock': 0}"
effectiveness_v3_20260918T173006Z_a240ced0,B/splitcifar100/loose/F11/2/default,F11,splitcifar100,2,2,training,"[{""name"": ""gem"", ""enabled"": true, ""inner"": ""SparseGEMPlugin"", ""before_backward"": 313, ""after_training_exp"": 1, ""gem_reference_samples"": 150, ""ewc_extra_forward_visits"": 31300, ""enabled_history"": [true]}, {""name"": ""ewc"", ""enabled"": true, ""inner"": ""EWCPlugin"", ""before_backward"": 313, ""after_training_exp"": 1, ""gem_reference_samples"": null, ""ewc_extra_forward_visits"": null, ""enabled_history"": [true]}]","{'SparseGEMPlugin': 1845600, 'EWCPlugin': 6613728, 'ReplayPlugin': 0, 'PrefetchWrapPlugin': 0, 'EvaluationPlugin': 0, 'PeriodicEval': 0, 'Clock': 0}"
effectiveness_v3_20260918T173006Z_a240ced0,B/splitcifar100/loose/F11/2/default,F11,splitcifar100,2,3,training,"[{""name"": ""gem"", ""enabled"": true, ""inner"": ""SparseGEMPlugin"", ""before_backward"": 313, ""after_training_exp"": 1, ""gem_reference_samples"": 200, ""ewc_extra_forward_visits"": 46950, ""enabled_history"": [true]}, {""name"": ""ewc"", ""enabled"": true, ""inner"": ""EWCPlugin"", ""before_backward"": 313, ""after_training_exp"": 1, ""gem_reference_samples"": null, ""ewc_extra_forward_visits"": null, ""enabled_history"": [true]}]","{'SparseGEMPlugin': 2460800, 'EWCPlugin': 8818304, 'ReplayPlugin': 0, 'PrefetchWrapPlugin': 0, 'EvaluationPlugin': 0, 'PeriodicEval': 0, 'Clock': 0}"
effectiveness_v3_20260918T173006Z_a240ced0,B/splitcifar100/loose/F11/2/default,F11,splitcifar100,2,4,training,"[{""name"": ""gem"", ""enabled"": true, ""inner"": ""SparseGEMPlugin"", ""before_backward"": 295, ""after_training_exp"": 1, ""gem_reference_samples"": 250, ""ewc_extra_forward_visits"": 59000, ""enabled_history"": [true]}, {""name"": ""ewc"", ""enabled"": true, ""inner"": ""EWCPlugin"", ""before_backward"": 295, ""after_training_exp"": 1, ""gem_reference_samples"": null, ""ewc_extra_forward_visits"": null, ""enabled_history"": [true]}]","{'SparseGEMPlugin': 3076000, 'EWCPlugin': 11022880, 'ReplayPlugin': 0, 'PrefetchWrapPlugin': 0, 'EvaluationPlugin': 0, 'PeriodicEval': 0, 'Clock': 0}"
effectiveness_v3_20260918T173006Z_a240ced0,B/splitcifar100/loose/F11/2/default,F11,splitcifar100,2,5,training,"[{""name"": ""gem"", ""enabled"": true, ""inner"": ""SparseGEMPlugin"", ""before_backward"": 295, ""after_training_exp"": 1, ""gem_reference_samples"": 300, ""ewc_extra_forward_visits"": 73750, ""enabled_history"": [true]}, {""name"": ""ewc"", ""enabled"": true, ""inner"": ""EWCPlugin"", ""before_backward"": 295, ""after_training_exp"": 1, ""gem_reference_samples"": null, ""ewc_extra_forward_visits"": null, ""enabled_history"": [true]}]","{'SparseGEMPlugin': 3691200, 'EWCPlugin': 13227456, 'ReplayPlugin': 0, 'PrefetchWrapPlugin': 0, 'EvaluationPlugin': 0, 'PeriodicEval': 0, 'Clock': 0}"
effectiveness_v3_20260918T173006Z_a240ced0,B/splitcifar100/loose/F11/2/default,F11,splitcifar100,2,6,training,"[{""name"": ""gem"", ""enabled"": true, ""inner"": ""SparseGEMPlugin"", ""before_backward"": 295, ""after_training_exp"": 1, ""gem_reference_samples"": 350, ""ewc_extra_forward_visits"": 88500, ""enabled_history"": [true]}, {""name"": ""ewc"", ""enabled"": true, ""inner"": ""EWCPlugin"", ""before_backward"": 295, ""after_training_exp"": 1, ""gem_reference_samples"": null, ""ewc_extra_forward_visits"": null, ""enabled_history"": [true]}]","{'SparseGEMPlugin': 4306400, 'EWCPlugin': 15432032, 'ReplayPlugin': 0, 'PrefetchWrapPlugin': 0, 'EvaluationPlugin': 0, 'PeriodicEval': 0, 'Clock': 0}"
effectiveness_v3_20260918T173006Z_a240ced0,B/splitcifar100/loose/F11/2/default,F11,splitcifar100,2,7,training,"[{""name"": ""gem"", ""enabled"": true, ""inner"": ""SparseGEMPlugin"", ""before_backward"": 278, ""after_training_exp"": 1, ""gem_reference_samples"": 400, ""ewc_extra_forward_visits"": 97300, ""enabled_history"": [true]}, {""name"": ""ewc"", ""enabled"": true, ""inner"": ""EWCPlugin"", ""before_backward"": 278, ""after_training_exp"": 1, ""gem_reference_samples"": null, ""ewc_extra_forward_visits"": null, ""enabled_history"": [true]}]","{'SparseGEMPlugin': 4921600, 'EWCPlugin': 17636608, 'ReplayPlugin': 0, 'PrefetchWrapPlugin': 0, 'EvaluationPlugin': 0, 'PeriodicEval': 0, 'Clock': 0}"
effectiveness_v3_20260918T173006Z_a240ced0,B/splitcifar100/loose/F11/2/default,F11,splitcifar100,2,8,training,"[{""name"": ""gem"", ""enabled"": true, ""inner"": ""SparseGEMPlugin"", ""before_backward"": 278, ""after_training_exp"": 1, ""gem_reference_samples"": 450, ""ewc_extra_forward_visits"": 111200, ""enabled_history"": [true]}, {""name"": ""ewc"", ""enabled"": true, ""inner"": ""EWCPlugin"", ""before_backward"": 278, ""after_training_exp"": 1, ""gem_reference_samples"": null, ""ewc_extra_forward_visits"": null, ""enabled_history"": [true]}]","{'SparseGEMPlugin': 5536800, 'EWCPlugin': 19841184, 'ReplayPlugin': 0, 'PrefetchWrapPlugin': 0, 'EvaluationPlugin': 0, 'PeriodicEval': 0, 'Clock': 0}"
effectiveness_v3_20260918T173006Z_a240ced0,B/splitcifar100/loose/F11/2/default,F11,splitcifar100,2,9,training,"[{""name"": ""gem"", ""enabled"": true, ""inner"": ""SparseGEMPlugin"", ""before_backward"": 278, ""after_training_exp"": 1, ""gem_reference_samples"": 500, ""ewc_extra_forward_visits"": 125100, ""enabled_history"": [true]}, {""name"": ""ewc"", ""enabled"": true, ""inner"": ""EWCPlugin"", ""before_backward"": 278, ""after_training_exp"": 1, ""gem_reference_samples"": null, ""ewc_extra_forward_visits"": null, ""enabled_history"": [true]}]","{'SparseGEMPlugin': 6152000, 'EWCPlugin': 22045760, 'ReplayPlugin': 0, 'PrefetchWrapPlugin': 0, 'EvaluationPlugin': 0, 'PeriodicEval': 0, 'Clock': 0}"
effectiveness_v3_20260918T173720Z_d27c9c53,B/splitcifar100/loose/S0/2/default,S0,splitcifar100,2,0,training,[],"{'ReplayPlugin': 0, 'PrefetchWrapPlugin': 0, 'EvaluationPlugin': 0, 'PeriodicEval': 0, 'Clock': 0}"
effectiveness_v3_20260918T173720Z_d27c9c53,B/splitcifar100/loose/S0/2/default,S0,splitcifar100,2,1,training,[],"{'ReplayPlugin': 0, 'PrefetchWrapPlugin': 0, 'EvaluationPlugin': 0, 'PeriodicEval': 0, 'Clock': 0}"
effectiveness_v3_20260918T173720Z_d27c9c53,B/splitcifar100/loose/S0/2/default,S0,splitcifar100,2,2,training,[],"{'ReplayPlugin': 0, 'PrefetchWrapPlugin': 0, 'EvaluationPlugin': 0, 'PeriodicEval': 0, 'Clock': 0}"
effectiveness_v3_20260918T173720Z_d27c9c53,B/splitcifar100/loose/S0/2/default,S0,splitcifar100,2,3,training,[],"{'ReplayPlugin': 0, 'PrefetchWrapPlugin': 0, 'EvaluationPlugin': 0, 'PeriodicEval': 0, 'Clock': 0}"
effectiveness_v3_20260918T173720Z_d27c9c53,B/splitcifar100/loose/S0/2/default,S0,splitcifar100,2,4,training,[],"{'ReplayPlugin': 0, 'PrefetchWrapPlugin': 0, 'EvaluationPlugin': 0, 'PeriodicEval': 0, 'Clock': 0}"
effectiveness_v3_20260918T173720Z_d27c9c53,B/splitcifar100/loose/S0/2/default,S0,splitcifar100,2,5,training,[],"{'ReplayPlugin': 0, 'PrefetchWrapPlugin': 0, 'EvaluationPlugin': 0, 'PeriodicEval': 0, 'Clock': 0}"
effectiveness_v3_20260918T173720Z_d27c9c53,B/splitcifar100/loose/S0/2/default,S0,splitcifar100,2,6,training,[],"{'ReplayPlugin': 0, 'PrefetchWrapPlugin': 0, 'EvaluationPlugin': 0, 'PeriodicEval': 0, 'Clock': 0}"
effectiveness_v3_20260918T173720Z_d27c9c53,B/splitcifar100/loose/S0/2/default,S0,splitcifar100,2,7,training,[],"{'ReplayPlugin': 0, 'PrefetchWrapPlugin': 0, 'EvaluationPlugin': 0, 'PeriodicEval': 0, 'Clock': 0}"
effectiveness_v3_20260918T173720Z_d27c9c53,B/splitcifar100/loose/S0/2/default,S0,splitcifar100,2,8,training,[],"{'ReplayPlugin': 0, 'PrefetchWrapPlugin': 0, 'EvaluationPlugin': 0, 'PeriodicEval': 0, 'Clock': 0}"
effectiveness_v3_20260918T173720Z_d27c9c53,B/splitcifar100/loose/S0/2/default,S0,splitcifar100,2,9,training,[],"{'ReplayPlugin': 0, 'PrefetchWrapPlugin': 0, 'EvaluationPlugin': 0, 'PeriodicEval': 0, 'Clock': 0}"
effectiveness_v3_20260918T173859Z_b898a972,B/splitcifar100/loose/S_star/2/default,S_star,splitcifar100,2,0,training,[],"{'ReplayPlugin': 0, 'PrefetchWrapPlugin': 0, 'EvaluationPlugin': 0, 'PeriodicEval': 0, 'Clock': 0}"
effectiveness_v3_20260918T173859Z_b898a972,B/splitcifar100/loose/S_star/2/default,S_star,splitcifar100,2,1,training,[],"{'ReplayPlugin': 0, 'PrefetchWrapPlugin': 0, 'EvaluationPlugin': 0, 'PeriodicEval': 0, 'Clock': 0}"
effectiveness_v3_20260918T173859Z_b898a972,B/splitcifar100/loose/S_star/2/default,S_star,splitcifar100,2,2,training,[],"{'ReplayPlugin': 0, 'PrefetchWrapPlugin': 0, 'EvaluationPlugin': 0, 'PeriodicEval': 0, 'Clock': 0}"
effectiveness_v3_20260918T173859Z_b898a972,B/splitcifar100/loose/S_star/2/default,S_star,splitcifar100,2,3,training,[],"{'ReplayPlugin': 0, 'PrefetchWrapPlugin': 0, 'EvaluationPlugin': 0, 'PeriodicEval': 0, 'Clock': 0}"
effectiveness_v3_20260918T173859Z_b898a972,B/splitcifar100/loose/S_star/2/default,S_star,splitcifar100,2,4,training,[],"{'ReplayPlugin': 0, 'PrefetchWrapPlugin': 0, 'EvaluationPlugin': 0, 'PeriodicEval': 0, 'Clock': 0}"
effectiveness_v3_20260918T173859Z_b898a972,B/splitcifar100/loose/S_star/2/default,S_star,splitcifar100,2,5,training,[],"{'ReplayPlugin': 0, 'PrefetchWrapPlugin': 0, 'EvaluationPlugin': 0, 'PeriodicEval': 0, 'Clock': 0}"
effectiveness_v3_20260918T173859Z_b898a972,B/splitcifar100/loose/S_star/2/default,S_star,splitcifar100,2,6,training,[],"{'ReplayPlugin': 0, 'PrefetchWrapPlugin': 0, 'EvaluationPlugin': 0, 'PeriodicEval': 0, 'Clock': 0}"
effectiveness_v3_20260918T173859Z_b898a972,B/splitcifar100/loose/S_star/2/default,S_star,splitcifar100,2,7,training,[],"{'ReplayPlugin': 0, 'PrefetchWrapPlugin': 0, 'EvaluationPlugin': 0, 'PeriodicEval': 0, 'Clock': 0}"
effectiveness_v3_20260918T173859Z_b898a972,B/splitcifar100/loose/S_star/2/default,S_star,splitcifar100,2,8,training,[],"{'ReplayPlugin': 0, 'PrefetchWrapPlugin': 0, 'EvaluationPlugin': 0, 'PeriodicEval': 0, 'Clock': 0}"
effectiveness_v3_20260918T173859Z_b898a972,B/splitcifar100/loose/S_star/2/default,S_star,splitcifar100,2,9,training,[],"{'ReplayPlugin': 0, 'PrefetchWrapPlugin': 0, 'EvaluationPlugin': 0, 'PeriodicEval': 0, 'Clock': 0}"
effectiveness_v3_20260918T174034Z_368f9cd7,D/core50_nc/tight/O11/0/latency,O11,core50_nc,0,0,training,"[{""name"": ""gem"", ""enabled"": false, ""inner"": ""SparseGEMPlugin"", ""before_backward"": 0, ""after_training_exp"": 0, ""gem_reference_samples"": 0, ""ewc_extra_forward_visits"": 0, ""enabled_history"": [false]}, {""name"": ""ewc"", ""enabled"": false, ""inner"": ""EWCPlugin"", ""before_backward"": 0, ""after_training_exp"": 0, ""gem_reference_samples"": null, ""ewc_extra_forward_visits"": null, ""enabled_history"": [false]}]","{'SparseGEMPlugin': 0, 'EWCPlugin': 0, 'ReplayPlugin': 0, 'PrefetchWrapPlugin': 0, 'EvaluationPlugin': 0, 'PeriodicEval': 0, 'Clock': 0}"
effectiveness_v3_20260918T174034Z_368f9cd7,D/core50_nc/tight/O11/0/latency,O11,core50_nc,0,1,training,"[{""name"": ""gem"", ""enabled"": true, ""inner"": ""SparseGEMPlugin"", ""before_backward"": 750, ""after_training_exp"": 1, ""gem_reference_samples"": 50, ""ewc_extra_forward_visits"": 0, ""enabled_history"": [true]}, {""name"": ""ewc"", ""enabled"": true, ""inner"": ""EWCPlugin"", ""before_backward"": 750, ""after_training_exp"": 1, ""gem_reference_samples"": null, ""ewc_extra_forward_visits"": null, ""enabled_history"": [true]}]","{'SparseGEMPlugin': 615200, 'EWCPlugin': 2178576, 'ReplayPlugin': 0, 'PrefetchWrapPlugin': 0, 'EvaluationPlugin': 0, 'PeriodicEval': 0, 'Clock': 0}"
effectiveness_v3_20260918T174203Z_034c0a94,D/core50_nc/tight/O11/1/latency,O11,core50_nc,1,0,training,"[{""name"": ""gem"", ""enabled"": false, ""inner"": ""SparseGEMPlugin"", ""before_backward"": 0, ""after_training_exp"": 0, ""gem_reference_samples"": 0, ""ewc_extra_forward_visits"": 0, ""enabled_history"": [false]}, {""name"": ""ewc"", ""enabled"": false, ""inner"": ""EWCPlugin"", ""before_backward"": 0, ""after_training_exp"": 0, ""gem_reference_samples"": null, ""ewc_extra_forward_visits"": null, ""enabled_history"": [false]}]","{'SparseGEMPlugin': 0, 'EWCPlugin': 0, 'ReplayPlugin': 0, 'PrefetchWrapPlugin': 0, 'EvaluationPlugin': 0, 'PeriodicEval': 0, 'Clock': 0}"
effectiveness_v3_20260918T174203Z_034c0a94,D/core50_nc/tight/O11/1/latency,O11,core50_nc,1,1,training,"[{""name"": ""gem"", ""enabled"": true, ""inner"": ""SparseGEMPlugin"", ""before_backward"": 750, ""after_training_exp"": 1, ""gem_reference_samples"": 50, ""ewc_extra_forward_visits"": 0, ""enabled_history"": [true]}, {""name"": ""ewc"", ""enabled"": true, ""inner"": ""EWCPlugin"", ""before_backward"": 750, ""after_training_exp"": 1, ""gem_reference_samples"": null, ""ewc_extra_forward_visits"": null, ""enabled_history"": [true]}]","{'SparseGEMPlugin': 615200, 'EWCPlugin': 2178576, 'ReplayPlugin': 0, 'PrefetchWrapPlugin': 0, 'EvaluationPlugin': 0, 'PeriodicEval': 0, 'Clock': 0}"
effectiveness_v3_20260918T174329Z_f90e0766,D/core50_nc/tight/O11/2/latency,O11,core50_nc,2,0,training,"[{""name"": ""gem"", ""enabled"": false, ""inner"": ""SparseGEMPlugin"", ""before_backward"": 0, ""after_training_exp"": 0, ""gem_reference_samples"": 0, ""ewc_extra_forward_visits"": 0, ""enabled_history"": [false]}, {""name"": ""ewc"", ""enabled"": false, ""inner"": ""EWCPlugin"", ""before_backward"": 0, ""after_training_exp"": 0, ""gem_reference_samples"": null, ""ewc_extra_forward_visits"": null, ""enabled_history"": [false]}]","{'SparseGEMPlugin': 0, 'EWCPlugin': 0, 'ReplayPlugin': 0, 'PrefetchWrapPlugin': 0, 'EvaluationPlugin': 0, 'PeriodicEval': 0, 'Clock': 0}"
effectiveness_v3_20260918T174329Z_f90e0766,D/core50_nc/tight/O11/2/latency,O11,core50_nc,2,1,training,"[{""name"": ""gem"", ""enabled"": true, ""inner"": ""SparseGEMPlugin"", ""before_backward"": 750, ""after_training_exp"": 1, ""gem_reference_samples"": 50, ""ewc_extra_forward_visits"": 0, ""enabled_history"": [true]}, {""name"": ""ewc"", ""enabled"": true, ""inner"": ""EWCPlugin"", ""before_backward"": 750, ""after_training_exp"": 1, ""gem_reference_samples"": null, ""ewc_extra_forward_visits"": null, ""enabled_history"": [true]}]","{'SparseGEMPlugin': 615200, 'EWCPlugin': 2178576, 'ReplayPlugin': 0, 'PrefetchWrapPlugin': 0, 'EvaluationPlugin': 0, 'PeriodicEval': 0, 'Clock': 0}"
effectiveness_v3_20260918T174454Z_1ef05ebd,D/core50_nc/tight/O11/0/plasticity_stability,O11,core50_nc,0,0,training,"[{""name"": ""gem"", ""enabled"": false, ""inner"": ""SparseGEMPlugin"", ""before_backward"": 0, ""after_training_exp"": 0, ""gem_reference_samples"": 0, ""ewc_extra_forward_visits"": 0, ""enabled_history"": [false]}, {""name"": ""ewc"", ""enabled"": false, ""inner"": ""EWCPlugin"", ""before_backward"": 0, ""after_training_exp"": 0, ""gem_reference_samples"": null, ""ewc_extra_forward_visits"": null, ""enabled_history"": [false]}]","{'SparseGEMPlugin': 0, 'EWCPlugin': 0, 'ReplayPlugin': 0, 'PrefetchWrapPlugin': 0, 'EvaluationPlugin': 0, 'PeriodicEval': 0, 'Clock': 0}"
effectiveness_v3_20260918T174454Z_1ef05ebd,D/core50_nc/tight/O11/0/plasticity_stability,O11,core50_nc,0,1,training,"[{""name"": ""gem"", ""enabled"": true, ""inner"": ""SparseGEMPlugin"", ""before_backward"": 750, ""after_training_exp"": 1, ""gem_reference_samples"": 50, ""ewc_extra_forward_visits"": 0, ""enabled_history"": [true]}, {""name"": ""ewc"", ""enabled"": true, ""inner"": ""EWCPlugin"", ""before_backward"": 750, ""after_training_exp"": 1, ""gem_reference_samples"": null, ""ewc_extra_forward_visits"": null, ""enabled_history"": [true]}]","{'SparseGEMPlugin': 615200, 'EWCPlugin': 2178576, 'ReplayPlugin': 0, 'PrefetchWrapPlugin': 0, 'EvaluationPlugin': 0, 'PeriodicEval': 0, 'Clock': 0}"
effectiveness_v3_20260918T174622Z_9a630c92,D/core50_nc/tight/O11/1/plasticity_stability,O11,core50_nc,1,0,training,"[{""name"": ""gem"", ""enabled"": false, ""inner"": ""SparseGEMPlugin"", ""before_backward"": 0, ""after_training_exp"": 0, ""gem_reference_samples"": 0, ""ewc_extra_forward_visits"": 0, ""enabled_history"": [false]}, {""name"": ""ewc"", ""enabled"": false, ""inner"": ""EWCPlugin"", ""before_backward"": 0, ""after_training_exp"": 0, ""gem_reference_samples"": null, ""ewc_extra_forward_visits"": null, ""enabled_history"": [false]}]","{'SparseGEMPlugin': 0, 'EWCPlugin': 0, 'ReplayPlugin': 0, 'PrefetchWrapPlugin': 0, 'EvaluationPlugin': 0, 'PeriodicEval': 0, 'Clock': 0}"
effectiveness_v3_20260918T174622Z_9a630c92,D/core50_nc/tight/O11/1/plasticity_stability,O11,core50_nc,1,1,training,"[{""name"": ""gem"", ""enabled"": true, ""inner"": ""SparseGEMPlugin"", ""before_backward"": 750, ""after_training_exp"": 1, ""gem_reference_samples"": 50, ""ewc_extra_forward_visits"": 0, ""enabled_history"": [true]}, {""name"": ""ewc"", ""enabled"": true, ""inner"": ""EWCPlugin"", ""before_backward"": 750, ""after_training_exp"": 1, ""gem_reference_samples"": null, ""ewc_extra_forward_visits"": null, ""enabled_history"": [true]}]","{'SparseGEMPlugin': 615200, 'EWCPlugin': 2178576, 'ReplayPlugin': 0, 'PrefetchWrapPlugin': 0, 'EvaluationPlugin': 0, 'PeriodicEval': 0, 'Clock': 0}"
effectiveness_v3_20260918T174753Z_645fa73d,D/core50_nc/tight/O11/2/plasticity_stability,O11,core50_nc,2,0,training,"[{""name"": ""gem"", ""enabled"": false, ""inner"": ""SparseGEMPlugin"", ""before_backward"": 0, ""after_training_exp"": 0, ""gem_reference_samples"": 0, ""ewc_extra_forward_visits"": 0, ""enabled_history"": [false]}, {""name"": ""ewc"", ""enabled"": false, ""inner"": ""EWCPlugin"", ""before_backward"": 0, ""after_training_exp"": 0, ""gem_reference_samples"": null, ""ewc_extra_forward_visits"": null, ""enabled_history"": [false]}]","{'SparseGEMPlugin': 0, 'EWCPlugin': 0, 'ReplayPlugin': 0, 'PrefetchWrapPlugin': 0, 'EvaluationPlugin': 0, 'PeriodicEval': 0, 'Clock': 0}"
effectiveness_v3_20260918T174753Z_645fa73d,D/core50_nc/tight/O11/2/plasticity_stability,O11,core50_nc,2,1,training,"[{""name"": ""gem"", ""enabled"": true, ""inner"": ""SparseGEMPlugin"", ""before_backward"": 750, ""after_training_exp"": 1, ""gem_reference_samples"": 50, ""ewc_extra_forward_visits"": 0, ""enabled_history"": [true]}, {""name"": ""ewc"", ""enabled"": true, ""inner"": ""EWCPlugin"", ""before_backward"": 750, ""after_training_exp"": 1, ""gem_reference_samples"": null, ""ewc_extra_forward_visits"": null, ""enabled_history"": [true]}]","{'SparseGEMPlugin': 615200, 'EWCPlugin': 2178576, 'ReplayPlugin': 0, 'PrefetchWrapPlugin': 0, 'EvaluationPlugin': 0, 'PeriodicEval': 0, 'Clock': 0}"
effectiveness_v3_20260918T174918Z_0de3e1e6,D/core50_nc/tight/O11/0/memory,O11,core50_nc,0,0,training,"[{""name"": ""gem"", ""enabled"": false, ""inner"": ""SparseGEMPlugin"", ""before_backward"": 0, ""after_training_exp"": 0, ""gem_reference_samples"": 0, ""ewc_extra_forward_visits"": 0, ""enabled_history"": [false]}, {""name"": ""ewc"", ""enabled"": false, ""inner"": ""EWCPlugin"", ""before_backward"": 0, ""after_training_exp"": 0, ""gem_reference_samples"": null, ""ewc_extra_forward_visits"": null, ""enabled_history"": [false]}]","{'SparseGEMPlugin': 0, 'EWCPlugin': 0, 'ReplayPlugin': 0, 'PrefetchWrapPlugin': 0, 'EvaluationPlugin': 0, 'PeriodicEval': 0, 'Clock': 0}"
effectiveness_v3_20260918T174918Z_0de3e1e6,D/core50_nc/tight/O11/0/memory,O11,core50_nc,0,1,training,"[{""name"": ""gem"", ""enabled"": true, ""inner"": ""SparseGEMPlugin"", ""before_backward"": 750, ""after_training_exp"": 1, ""gem_reference_samples"": 50, ""ewc_extra_forward_visits"": 0, ""enabled_history"": [true]}, {""name"": ""ewc"", ""enabled"": true, ""inner"": ""EWCPlugin"", ""before_backward"": 750, ""after_training_exp"": 1, ""gem_reference_samples"": null, ""ewc_extra_forward_visits"": null, ""enabled_history"": [true]}]","{'SparseGEMPlugin': 615200, 'EWCPlugin': 2178576, 'ReplayPlugin': 0, 'PrefetchWrapPlugin': 0, 'EvaluationPlugin': 0, 'PeriodicEval': 0, 'Clock': 0}"
effectiveness_v3_20260918T175044Z_0788d99f,D/core50_nc/tight/O11/1/memory,O11,core50_nc,1,0,training,"[{""name"": ""gem"", ""enabled"": false, ""inner"": ""SparseGEMPlugin"", ""before_backward"": 0, ""after_training_exp"": 0, ""gem_reference_samples"": 0, ""ewc_extra_forward_visits"": 0, ""enabled_history"": [false]}, {""name"": ""ewc"", ""enabled"": false, ""inner"": ""EWCPlugin"", ""before_backward"": 0, ""after_training_exp"": 0, ""gem_reference_samples"": null, ""ewc_extra_forward_visits"": null, ""enabled_history"": [false]}]","{'SparseGEMPlugin': 0, 'EWCPlugin': 0, 'ReplayPlugin': 0, 'PrefetchWrapPlugin': 0, 'EvaluationPlugin': 0, 'PeriodicEval': 0, 'Clock': 0}"
effectiveness_v3_20260918T175044Z_0788d99f,D/core50_nc/tight/O11/1/memory,O11,core50_nc,1,1,training,"[{""name"": ""gem"", ""enabled"": true, ""inner"": ""SparseGEMPlugin"", ""before_backward"": 750, ""after_training_exp"": 1, ""gem_reference_samples"": 50, ""ewc_extra_forward_visits"": 0, ""enabled_history"": [true]}, {""name"": ""ewc"", ""enabled"": true, ""inner"": ""EWCPlugin"", ""before_backward"": 750, ""after_training_exp"": 1, ""gem_reference_samples"": null, ""ewc_extra_forward_visits"": null, ""enabled_history"": [true]}]","{'SparseGEMPlugin': 615200, 'EWCPlugin': 2178576, 'ReplayPlugin': 0, 'PrefetchWrapPlugin': 0, 'EvaluationPlugin': 0, 'PeriodicEval': 0, 'Clock': 0}"
effectiveness_v3_20260918T175213Z_3943b81b,D/core50_nc/tight/O11/2/memory,O11,core50_nc,2,0,training,"[{""name"": ""gem"", ""enabled"": false, ""inner"": ""SparseGEMPlugin"", ""before_backward"": 0, ""after_training_exp"": 0, ""gem_reference_samples"": 0, ""ewc_extra_forward_visits"": 0, ""enabled_history"": [false]}, {""name"": ""ewc"", ""enabled"": false, ""inner"": ""EWCPlugin"", ""before_backward"": 0, ""after_training_exp"": 0, ""gem_reference_samples"": null, ""ewc_extra_forward_visits"": null, ""enabled_history"": [false]}]","{'SparseGEMPlugin': 0, 'EWCPlugin': 0, 'ReplayPlugin': 0, 'PrefetchWrapPlugin': 0, 'EvaluationPlugin': 0, 'PeriodicEval': 0, 'Clock': 0}"
effectiveness_v3_20260918T175213Z_3943b81b,D/core50_nc/tight/O11/2/memory,O11,core50_nc,2,1,training,"[{""name"": ""gem"", ""enabled"": true, ""inner"": ""SparseGEMPlugin"", ""before_backward"": 750, ""after_training_exp"": 1, ""gem_reference_samples"": 50, ""ewc_extra_forward_visits"": 0, ""enabled_history"": [true]}, {""name"": ""ewc"", ""enabled"": true, ""inner"": ""EWCPlugin"", ""before_backward"": 750, ""after_training_exp"": 1, ""gem_reference_samples"": null, ""ewc_extra_forward_visits"": null, ""enabled_history"": [true]}]","{'SparseGEMPlugin': 615200, 'EWCPlugin': 2178576, 'ReplayPlugin': 0, 'PrefetchWrapPlugin': 0, 'EvaluationPlugin': 0, 'PeriodicEval': 0, 'Clock': 0}"
effectiveness_v3_20260918T175340Z_168b5058,E/core50_nc/io/static_off/0/default,static_off,core50_nc,0,0,training,[],"{'ReplayPlugin': 0, 'PrefetchWrapPlugin': 0, 'EvaluationPlugin': 0, 'PeriodicEval': 0, 'Clock': 0}"
effectiveness_v3_20260918T175340Z_168b5058,E/core50_nc/io/static_off/0/default,static_off,core50_nc,0,1,training,[],"{'ReplayPlugin': 0, 'PrefetchWrapPlugin': 0, 'EvaluationPlugin': 0, 'PeriodicEval': 0, 'Clock': 0}"
effectiveness_v3_20260918T175340Z_168b5058,E/core50_nc/io/static_off/0/default,static_off,core50_nc,0,2,training,[],"{'ReplayPlugin': 0, 'PrefetchWrapPlugin': 0, 'EvaluationPlugin': 0, 'PeriodicEval': 0, 'Clock': 0}"
effectiveness_v3_20260918T175340Z_168b5058,E/core50_nc/io/static_off/0/default,static_off,core50_nc,0,3,training,[],"{'ReplayPlugin': 0, 'PrefetchWrapPlugin': 0, 'EvaluationPlugin': 0, 'PeriodicEval': 0, 'Clock': 0}"
effectiveness_v3_20260918T175340Z_168b5058,E/core50_nc/io/static_off/0/default,static_off,core50_nc,0,4,training,[],"{'ReplayPlugin': 0, 'PrefetchWrapPlugin': 0, 'EvaluationPlugin': 0, 'PeriodicEval': 0, 'Clock': 0}"
effectiveness_v3_20260918T175340Z_168b5058,E/core50_nc/io/static_off/0/default,static_off,core50_nc,0,5,training,[],"{'ReplayPlugin': 0, 'PrefetchWrapPlugin': 0, 'EvaluationPlugin': 0, 'PeriodicEval': 0, 'Clock': 0}"
effectiveness_v3_20260918T175340Z_168b5058,E/core50_nc/io/static_off/0/default,static_off,core50_nc,0,6,training,[],"{'ReplayPlugin': 0, 'PrefetchWrapPlugin': 0, 'EvaluationPlugin': 0, 'PeriodicEval': 0, 'Clock': 0}"
effectiveness_v3_20260918T175340Z_168b5058,E/core50_nc/io/static_off/0/default,static_off,core50_nc,0,7,training,[],"{'ReplayPlugin': 0, 'PrefetchWrapPlugin': 0, 'EvaluationPlugin': 0, 'PeriodicEval': 0, 'Clock': 0}"
effectiveness_v3_20260918T175340Z_168b5058,E/core50_nc/io/static_off/0/default,static_off,core50_nc,0,8,training,[],"{'ReplayPlugin': 0, 'PrefetchWrapPlugin': 0, 'EvaluationPlugin': 0, 'PeriodicEval': 0, 'Clock': 0}"
effectiveness_v3_20260918T175908Z_5a9860d1,E/core50_nc/io/static_on/0/default,static_on,core50_nc,0,0,training,[],"{'ReplayPlugin': 0, 'PrefetchWrapPlugin': 0, 'EvaluationPlugin': 0, 'PeriodicEval': 0, 'Clock': 0}"
effectiveness_v3_20260918T175908Z_5a9860d1,E/core50_nc/io/static_on/0/default,static_on,core50_nc,0,1,training,[],"{'ReplayPlugin': 0, 'PrefetchWrapPlugin': 0, 'EvaluationPlugin': 0, 'PeriodicEval': 0, 'Clock': 0}"
effectiveness_v3_20260918T175908Z_5a9860d1,E/core50_nc/io/static_on/0/default,static_on,core50_nc,0,2,training,[],"{'ReplayPlugin': 0, 'PrefetchWrapPlugin': 0, 'EvaluationPlugin': 0, 'PeriodicEval': 0, 'Clock': 0}"
effectiveness_v3_20260918T175908Z_5a9860d1,E/core50_nc/io/static_on/0/default,static_on,core50_nc,0,3,training,[],"{'ReplayPlugin': 0, 'PrefetchWrapPlugin': 0, 'EvaluationPlugin': 0, 'PeriodicEval': 0, 'Clock': 0}"
effectiveness_v3_20260918T175908Z_5a9860d1,E/core50_nc/io/static_on/0/default,static_on,core50_nc,0,4,training,[],"{'ReplayPlugin': 0, 'PrefetchWrapPlugin': 0, 'EvaluationPlugin': 0, 'PeriodicEval': 0, 'Clock': 0}"
effectiveness_v3_20260918T175908Z_5a9860d1,E/core50_nc/io/static_on/0/default,static_on,core50_nc,0,5,training,[],"{'ReplayPlugin': 0, 'PrefetchWrapPlugin': 0, 'EvaluationPlugin': 0, 'PeriodicEval': 0, 'Clock': 0}"
effectiveness_v3_20260918T175908Z_5a9860d1,E/core50_nc/io/static_on/0/default,static_on,core50_nc,0,6,training,[],"{'ReplayPlugin': 0, 'PrefetchWrapPlugin': 0, 'EvaluationPlugin': 0, 'PeriodicEval': 0, 'Clock': 0}"
effectiveness_v3_20260918T175908Z_5a9860d1,E/core50_nc/io/static_on/0/default,static_on,core50_nc,0,7,training,[],"{'ReplayPlugin': 0, 'PrefetchWrapPlugin': 0, 'EvaluationPlugin': 0, 'PeriodicEval': 0, 'Clock': 0}"
effectiveness_v3_20260918T175908Z_5a9860d1,E/core50_nc/io/static_on/0/default,static_on,core50_nc,0,8,training,[],"{'ReplayPlugin': 0, 'PrefetchWrapPlugin': 0, 'EvaluationPlugin': 0, 'PeriodicEval': 0, 'Clock': 0}"
effectiveness_v3_20260918T180420Z_b082c5fa,E/core50_nc/io/orion_off/0/default,orion_off,core50_nc,0,0,training,"[{""name"": ""gem"", ""enabled"": false, ""inner"": ""SparseGEMPlugin"", ""before_backward"": 0, ""after_training_exp"": 0, ""gem_reference_samples"": 0, ""ewc_extra_forward_visits"": 0, ""enabled_history"": [false]}, {""name"": ""ewc"", ""enabled"": false, ""inner"": ""EWCPlugin"", ""before_backward"": 0, ""after_training_exp"": 0, ""gem_reference_samples"": null, ""ewc_extra_forward_visits"": null, ""enabled_history"": [false]}]","{'SparseGEMPlugin': 0, 'EWCPlugin': 0, 'ReplayPlugin': 0, 'PrefetchWrapPlugin': 0, 'EvaluationPlugin': 0, 'PeriodicEval': 0, 'Clock': 0}"
effectiveness_v3_20260918T180420Z_b082c5fa,E/core50_nc/io/orion_off/0/default,orion_off,core50_nc,0,1,training,"[{""name"": ""gem"", ""enabled"": true, ""inner"": ""SparseGEMPlugin"", ""before_backward"": 750, ""after_training_exp"": 1, ""gem_reference_samples"": 50, ""ewc_extra_forward_visits"": 0, ""enabled_history"": [true]}, {""name"": ""ewc"", ""enabled"": true, ""inner"": ""EWCPlugin"", ""before_backward"": 750, ""after_training_exp"": 1, ""gem_reference_samples"": null, ""ewc_extra_forward_visits"": null, ""enabled_history"": [true]}]","{'SparseGEMPlugin': 615200, 'EWCPlugin': 2178576, 'ReplayPlugin': 0, 'PrefetchWrapPlugin': 0, 'EvaluationPlugin': 0, 'PeriodicEval': 0, 'Clock': 0}"
effectiveness_v3_20260918T180420Z_b082c5fa,E/core50_nc/io/orion_off/0/default,orion_off,core50_nc,0,2,training,"[{""name"": ""gem"", ""enabled"": true, ""inner"": ""SparseGEMPlugin"", ""before_backward"": 750, ""after_training_exp"": 1, ""gem_reference_samples"": 100, ""ewc_extra_forward_visits"": 37500, ""enabled_history"": [true]}, {""name"": ""ewc"", ""enabled"": true, ""inner"": ""EWCPlugin"", ""before_backward"": 750, ""after_training_exp"": 1, ""gem_reference_samples"": null, ""ewc_extra_forward_visits"": null, ""enabled_history"": [true]}]","{'SparseGEMPlugin': 1230400, 'EWCPlugin': 4357152, 'ReplayPlugin': 0, 'PrefetchWrapPlugin': 0, 'EvaluationPlugin': 0, 'PeriodicEval': 0, 'Clock': 0}"
effectiveness_v3_20260918T180420Z_b082c5fa,E/core50_nc/io/orion_off/0/default,orion_off,core50_nc,0,3,training,"[{""name"": ""gem"", ""enabled"": true, ""inner"": ""SparseGEMPlugin"", ""before_backward"": 750, ""after_training_exp"": 1, ""gem_reference_samples"": 150, ""ewc_extra_forward_visits"": 75000, ""enabled_history"": [true]}, {""name"": ""ewc"", ""enabled"": true, ""inner"": ""EWCPlugin"", ""before_backward"": 750, ""after_training_exp"": 1, ""gem_reference_samples"": null, ""ewc_extra_forward_visits"": null, ""enabled_history"": [true]}]","{'SparseGEMPlugin': 1845600, 'EWCPlugin': 6535728, 'ReplayPlugin': 0, 'PrefetchWrapPlugin': 0, 'EvaluationPlugin': 0, 'PeriodicEval': 0, 'Clock': 0}"
effectiveness_v3_20260918T180420Z_b082c5fa,E/core50_nc/io/orion_off/0/default,orion_off,core50_nc,0,4,training,"[{""name"": ""gem"", ""enabled"": true, ""inner"": ""SparseGEMPlugin"", ""before_backward"": 706, ""after_training_exp"": 1, ""gem_reference_samples"": 200, ""ewc_extra_forward_visits"": 105900, ""enabled_history"": [true]}, {""name"": ""ewc"", ""enabled"": true, ""inner"": ""EWCPlugin"", ""before_backward"": 706, ""after_training_exp"": 1, ""gem_reference_samples"": null, ""ewc_extra_forward_visits"": null, ""enabled_history"": [true]}]","{'SparseGEMPlugin': 2460800, 'EWCPlugin': 8714304, 'ReplayPlugin': 0, 'PrefetchWrapPlugin': 0, 'EvaluationPlugin': 0, 'PeriodicEval': 0, 'Clock': 0}"
effectiveness_v3_20260918T180420Z_b082c5fa,E/core50_nc/io/orion_off/0/default,orion_off,core50_nc,0,5,training,"[{""name"": ""gem"", ""enabled"": true, ""inner"": ""SparseGEMPlugin"", ""before_backward"": 705, ""after_training_exp"": 1, ""gem_reference_samples"": 250, ""ewc_extra_forward_visits"": 141000, ""enabled_history"": [true]}, {""name"": ""ewc"", ""enabled"": true, ""inner"": ""EWCPlugin"", ""before_backward"": 705, ""after_training_exp"": 1, ""gem_reference_samples"": null, ""ewc_extra_forward_visits"": null, ""enabled_history"": [true]}]","{'SparseGEMPlugin': 3076000, 'EWCPlugin': 10892880, 'ReplayPlugin': 0, 'PrefetchWrapPlugin': 0, 'EvaluationPlugin': 0, 'PeriodicEval': 0, 'Clock': 0}"
effectiveness_v3_20260918T180420Z_b082c5fa,E/core50_nc/io/orion_off/0/default,orion_off,core50_nc,0,6,training,"[{""name"": ""gem"", ""enabled"": true, ""inner"": ""SparseGEMPlugin"", ""before_backward"": 706, ""after_training_exp"": 1, ""gem_reference_samples"": 300, ""ewc_extra_forward_visits"": 176500, ""enabled_history"": [true]}, {""name"": ""ewc"", ""enabled"": true, ""inner"": ""EWCPlugin"", ""before_backward"": 706, ""after_training_exp"": 1, ""gem_reference_samples"": null, ""ewc_extra_forward_visits"": null, ""enabled_history"": [true]}]","{'SparseGEMPlugin': 3691200, 'EWCPlugin': 13071456, 'ReplayPlugin': 0, 'PrefetchWrapPlugin': 0, 'EvaluationPlugin': 0, 'PeriodicEval': 0, 'Clock': 0}"
effectiveness_v3_20260918T180420Z_b082c5fa,E/core50_nc/io/orion_off/0/default,orion_off,core50_nc,0,7,training,"[{""name"": ""gem"", ""enabled"": true, ""inner"": ""SparseGEMPlugin"", ""before_backward"": 666, ""after_training_exp"": 1, ""gem_reference_samples"": 350, ""ewc_extra_forward_visits"": 199800, ""enabled_history"": [true]}, {""name"": ""ewc"", ""enabled"": true, ""inner"": ""EWCPlugin"", ""before_backward"": 666, ""after_training_exp"": 1, ""gem_reference_samples"": null, ""ewc_extra_forward_visits"": null, ""enabled_history"": [true]}]","{'SparseGEMPlugin': 4306400, 'EWCPlugin': 15250032, 'ReplayPlugin': 0, 'PrefetchWrapPlugin': 0, 'EvaluationPlugin': 0, 'PeriodicEval': 0, 'Clock': 0}"
effectiveness_v3_20260918T180420Z_b082c5fa,E/core50_nc/io/orion_off/0/default,orion_off,core50_nc,0,8,training,"[{""name"": ""gem"", ""enabled"": true, ""inner"": ""SparseGEMPlugin"", ""before_backward"": 667, ""after_training_exp"": 1, ""gem_reference_samples"": 400, ""ewc_extra_forward_visits"": 233450, ""enabled_history"": [true]}, {""name"": ""ewc"", ""enabled"": true, ""inner"": ""EWCPlugin"", ""before_backward"": 667, ""after_training_exp"": 1, ""gem_reference_samples"": null, ""ewc_extra_forward_visits"": null, ""enabled_history"": [true]}]","{'SparseGEMPlugin': 4921600, 'EWCPlugin': 17428608, 'ReplayPlugin': 0, 'PrefetchWrapPlugin': 0, 'EvaluationPlugin': 0, 'PeriodicEval': 0, 'Clock': 0}"
effectiveness_v3_20260918T182042Z_f77f5488,E/core50_nc/io/orion_on/0/default,orion_on,core50_nc,0,0,training,"[{""name"": ""gem"", ""enabled"": false, ""inner"": ""SparseGEMPlugin"", ""before_backward"": 0, ""after_training_exp"": 0, ""gem_reference_samples"": 0, ""ewc_extra_forward_visits"": 0, ""enabled_history"": [false]}, {""name"": ""ewc"", ""enabled"": false, ""inner"": ""EWCPlugin"", ""before_backward"": 0, ""after_training_exp"": 0, ""gem_reference_samples"": null, ""ewc_extra_forward_visits"": null, ""enabled_history"": [false]}]","{'SparseGEMPlugin': 0, 'EWCPlugin': 0, 'ReplayPlugin': 0, 'PrefetchWrapPlugin': 0, 'EvaluationPlugin': 0, 'PeriodicEval': 0, 'Clock': 0}"
effectiveness_v3_20260918T182042Z_f77f5488,E/core50_nc/io/orion_on/0/default,orion_on,core50_nc,0,1,training,"[{""name"": ""gem"", ""enabled"": true, ""inner"": ""SparseGEMPlugin"", ""before_backward"": 750, ""after_training_exp"": 1, ""gem_reference_samples"": 50, ""ewc_extra_forward_visits"": 0, ""enabled_history"": [true]}, {""name"": ""ewc"", ""enabled"": true, ""inner"": ""EWCPlugin"", ""before_backward"": 750, ""after_training_exp"": 1, ""gem_reference_samples"": null, ""ewc_extra_forward_visits"": null, ""enabled_history"": [true]}]","{'SparseGEMPlugin': 615200, 'EWCPlugin': 2178576, 'ReplayPlugin': 0, 'PrefetchWrapPlugin': 0, 'EvaluationPlugin': 0, 'PeriodicEval': 0, 'Clock': 0}"
effectiveness_v3_20260918T182042Z_f77f5488,E/core50_nc/io/orion_on/0/default,orion_on,core50_nc,0,2,training,"[{""name"": ""gem"", ""enabled"": true, ""inner"": ""SparseGEMPlugin"", ""before_backward"": 750, ""after_training_exp"": 1, ""gem_reference_samples"": 100, ""ewc_extra_forward_visits"": 37500, ""enabled_history"": [true]}, {""name"": ""ewc"", ""enabled"": true, ""inner"": ""EWCPlugin"", ""before_backward"": 750, ""after_training_exp"": 1, ""gem_reference_samples"": null, ""ewc_extra_forward_visits"": null, ""enabled_history"": [true]}]","{'SparseGEMPlugin': 1230400, 'EWCPlugin': 4357152, 'ReplayPlugin': 0, 'PrefetchWrapPlugin': 0, 'EvaluationPlugin': 0, 'PeriodicEval': 0, 'Clock': 0}"
effectiveness_v3_20260918T182042Z_f77f5488,E/core50_nc/io/orion_on/0/default,orion_on,core50_nc,0,3,training,"[{""name"": ""gem"", ""enabled"": true, ""inner"": ""SparseGEMPlugin"", ""before_backward"": 750, ""after_training_exp"": 1, ""gem_reference_samples"": 150, ""ewc_extra_forward_visits"": 75000, ""enabled_history"": [true]}, {""name"": ""ewc"", ""enabled"": true, ""inner"": ""EWCPlugin"", ""before_backward"": 750, ""after_training_exp"": 1, ""gem_reference_samples"": null, ""ewc_extra_forward_visits"": null, ""enabled_history"": [true]}]","{'SparseGEMPlugin': 1845600, 'EWCPlugin': 6535728, 'ReplayPlugin': 0, 'PrefetchWrapPlugin': 0, 'EvaluationPlugin': 0, 'PeriodicEval': 0, 'Clock': 0}"
effectiveness_v3_20260918T182042Z_f77f5488,E/core50_nc/io/orion_on/0/default,orion_on,core50_nc,0,4,training,"[{""name"": ""gem"", ""enabled"": true, ""inner"": ""SparseGEMPlugin"", ""before_backward"": 706, ""after_training_exp"": 1, ""gem_reference_samples"": 200, ""ewc_extra_forward_visits"": 105900, ""enabled_history"": [true]}, {""name"": ""ewc"", ""enabled"": true, ""inner"": ""EWCPlugin"", ""before_backward"": 706, ""after_training_exp"": 1, ""gem_reference_samples"": null, ""ewc_extra_forward_visits"": null, ""enabled_history"": [true]}]","{'SparseGEMPlugin': 2460800, 'EWCPlugin': 8714304, 'ReplayPlugin': 0, 'PrefetchWrapPlugin': 0, 'EvaluationPlugin': 0, 'PeriodicEval': 0, 'Clock': 0}"
effectiveness_v3_20260918T182042Z_f77f5488,E/core50_nc/io/orion_on/0/default,orion_on,core50_nc,0,5,training,"[{""name"": ""gem"", ""enabled"": true, ""inner"": ""SparseGEMPlugin"", ""before_backward"": 705, ""after_training_exp"": 1, ""gem_reference_samples"": 250, ""ewc_extra_forward_visits"": 141000, ""enabled_history"": [true]}, {""name"": ""ewc"", ""enabled"": true, ""inner"": ""EWCPlugin"", ""before_backward"": 705, ""after_training_exp"": 1, ""gem_reference_samples"": null, ""ewc_extra_forward_visits"": null, ""enabled_history"": [true]}]","{'SparseGEMPlugin': 3076000, 'EWCPlugin': 10892880, 'ReplayPlugin': 0, 'PrefetchWrapPlugin': 0, 'EvaluationPlugin': 0, 'PeriodicEval': 0, 'Clock': 0}"
effectiveness_v3_20260918T182042Z_f77f5488,E/core50_nc/io/orion_on/0/default,orion_on,core50_nc,0,6,training,"[{""name"": ""gem"", ""enabled"": true, ""inner"": ""SparseGEMPlugin"", ""before_backward"": 706, ""after_training_exp"": 1, ""gem_reference_samples"": 300, ""ewc_extra_forward_visits"": 176500, ""enabled_history"": [true]}, {""name"": ""ewc"", ""enabled"": true, ""inner"": ""EWCPlugin"", ""before_backward"": 706, ""after_training_exp"": 1, ""gem_reference_samples"": null, ""ewc_extra_forward_visits"": null, ""enabled_history"": [true]}]","{'SparseGEMPlugin': 3691200, 'EWCPlugin': 13071456, 'ReplayPlugin': 0, 'PrefetchWrapPlugin': 0, 'EvaluationPlugin': 0, 'PeriodicEval': 0, 'Clock': 0}"
effectiveness_v3_20260918T182042Z_f77f5488,E/core50_nc/io/orion_on/0/default,orion_on,core50_nc,0,7,training,"[{""name"": ""gem"", ""enabled"": true, ""inner"": ""SparseGEMPlugin"", ""before_backward"": 666, ""after_training_exp"": 1, ""gem_reference_samples"": 350, ""ewc_extra_forward_visits"": 199800, ""enabled_history"": [true]}, {""name"": ""ewc"", ""enabled"": true, ""inner"": ""EWCPlugin"", ""before_backward"": 666, ""after_training_exp"": 1, ""gem_reference_samples"": null, ""ewc_extra_forward_visits"": null, ""enabled_history"": [true]}]","{'SparseGEMPlugin': 4306400, 'EWCPlugin': 15250032, 'ReplayPlugin': 0, 'PrefetchWrapPlugin': 0, 'EvaluationPlugin': 0, 'PeriodicEval': 0, 'Clock': 0}"
effectiveness_v3_20260918T182042Z_f77f5488,E/core50_nc/io/orion_on/0/default,orion_on,core50_nc,0,8,training,"[{""name"": ""gem"", ""enabled"": true, ""inner"": ""SparseGEMPlugin"", ""before_backward"": 667, ""after_training_exp"": 1, ""gem_reference_samples"": 400, ""ewc_extra_forward_visits"": 233450, ""enabled_history"": [true]}, {""name"": ""ewc"", ""enabled"": true, ""inner"": ""EWCPlugin"", ""before_backward"": 667, ""after_training_exp"": 1, ""gem_reference_samples"": null, ""ewc_extra_forward_visits"": null, ""enabled_history"": [true]}]","{'SparseGEMPlugin': 4921600, 'EWCPlugin': 17428608, 'ReplayPlugin': 0, 'PrefetchWrapPlugin': 0, 'EvaluationPlugin': 0, 'PeriodicEval': 0, 'Clock': 0}"
effectiveness_v3_20260918T183629Z_4b1778de,E/core50_nc/io/static_on/1/default,static_on,core50_nc,1,0,training,[],"{'ReplayPlugin': 0, 'PrefetchWrapPlugin': 0, 'EvaluationPlugin': 0, 'PeriodicEval': 0, 'Clock': 0}"
effectiveness_v3_20260918T183629Z_4b1778de,E/core50_nc/io/static_on/1/default,static_on,core50_nc,1,1,training,[],"{'ReplayPlugin': 0, 'PrefetchWrapPlugin': 0, 'EvaluationPlugin': 0, 'PeriodicEval': 0, 'Clock': 0}"
effectiveness_v3_20260918T183629Z_4b1778de,E/core50_nc/io/static_on/1/default,static_on,core50_nc,1,2,training,[],"{'ReplayPlugin': 0, 'PrefetchWrapPlugin': 0, 'EvaluationPlugin': 0, 'PeriodicEval': 0, 'Clock': 0}"
effectiveness_v3_20260918T183629Z_4b1778de,E/core50_nc/io/static_on/1/default,static_on,core50_nc,1,3,training,[],"{'ReplayPlugin': 0, 'PrefetchWrapPlugin': 0, 'EvaluationPlugin': 0, 'PeriodicEval': 0, 'Clock': 0}"
effectiveness_v3_20260918T183629Z_4b1778de,E/core50_nc/io/static_on/1/default,static_on,core50_nc,1,4,training,[],"{'ReplayPlugin': 0, 'PrefetchWrapPlugin': 0, 'EvaluationPlugin': 0, 'PeriodicEval': 0, 'Clock': 0}"
effectiveness_v3_20260918T183629Z_4b1778de,E/core50_nc/io/static_on/1/default,static_on,core50_nc,1,5,training,[],"{'ReplayPlugin': 0, 'PrefetchWrapPlugin': 0, 'EvaluationPlugin': 0, 'PeriodicEval': 0, 'Clock': 0}"
effectiveness_v3_20260918T183629Z_4b1778de,E/core50_nc/io/static_on/1/default,static_on,core50_nc,1,6,training,[],"{'ReplayPlugin': 0, 'PrefetchWrapPlugin': 0, 'EvaluationPlugin': 0, 'PeriodicEval': 0, 'Clock': 0}"
effectiveness_v3_20260918T183629Z_4b1778de,E/core50_nc/io/static_on/1/default,static_on,core50_nc,1,7,training,[],"{'ReplayPlugin': 0, 'PrefetchWrapPlugin': 0, 'EvaluationPlugin': 0, 'PeriodicEval': 0, 'Clock': 0}"
effectiveness_v3_20260918T183629Z_4b1778de,E/core50_nc/io/static_on/1/default,static_on,core50_nc,1,8,training,[],"{'ReplayPlugin': 0, 'PrefetchWrapPlugin': 0, 'EvaluationPlugin': 0, 'PeriodicEval': 0, 'Clock': 0}"
effectiveness_v3_20260918T184139Z_7fd5ed3e,E/core50_nc/io/orion_off/1/default,orion_off,core50_nc,1,0,training,"[{""name"": ""gem"", ""enabled"": false, ""inner"": ""SparseGEMPlugin"", ""before_backward"": 0, ""after_training_exp"": 0, ""gem_reference_samples"": 0, ""ewc_extra_forward_visits"": 0, ""enabled_history"": [false]}, {""name"": ""ewc"", ""enabled"": false, ""inner"": ""EWCPlugin"", ""before_backward"": 0, ""after_training_exp"": 0, ""gem_reference_samples"": null, ""ewc_extra_forward_visits"": null, ""enabled_history"": [false]}]","{'SparseGEMPlugin': 0, 'EWCPlugin': 0, 'ReplayPlugin': 0, 'PrefetchWrapPlugin': 0, 'EvaluationPlugin': 0, 'PeriodicEval': 0, 'Clock': 0}"
effectiveness_v3_20260918T184139Z_7fd5ed3e,E/core50_nc/io/orion_off/1/default,orion_off,core50_nc,1,1,training,"[{""name"": ""gem"", ""enabled"": true, ""inner"": ""SparseGEMPlugin"", ""before_backward"": 750, ""after_training_exp"": 1, ""gem_reference_samples"": 50, ""ewc_extra_forward_visits"": 0, ""enabled_history"": [true]}, {""name"": ""ewc"", ""enabled"": true, ""inner"": ""EWCPlugin"", ""before_backward"": 750, ""after_training_exp"": 1, ""gem_reference_samples"": null, ""ewc_extra_forward_visits"": null, ""enabled_history"": [true]}]","{'SparseGEMPlugin': 615200, 'EWCPlugin': 2178576, 'ReplayPlugin': 0, 'PrefetchWrapPlugin': 0, 'EvaluationPlugin': 0, 'PeriodicEval': 0, 'Clock': 0}"
effectiveness_v3_20260918T184139Z_7fd5ed3e,E/core50_nc/io/orion_off/1/default,orion_off,core50_nc,1,2,training,"[{""name"": ""gem"", ""enabled"": true, ""inner"": ""SparseGEMPlugin"", ""before_backward"": 750, ""after_training_exp"": 1, ""gem_reference_samples"": 100, ""ewc_extra_forward_visits"": 37500, ""enabled_history"": [true]}, {""name"": ""ewc"", ""enabled"": true, ""inner"": ""EWCPlugin"", ""before_backward"": 750, ""after_training_exp"": 1, ""gem_reference_samples"": null, ""ewc_extra_forward_visits"": null, ""enabled_history"": [true]}]","{'SparseGEMPlugin': 1230400, 'EWCPlugin': 4357152, 'ReplayPlugin': 0, 'PrefetchWrapPlugin': 0, 'EvaluationPlugin': 0, 'PeriodicEval': 0, 'Clock': 0}"
effectiveness_v3_20260918T184139Z_7fd5ed3e,E/core50_nc/io/orion_off/1/default,orion_off,core50_nc,1,3,training,"[{""name"": ""gem"", ""enabled"": true, ""inner"": ""SparseGEMPlugin"", ""before_backward"": 750, ""after_training_exp"": 1, ""gem_reference_samples"": 150, ""ewc_extra_forward_visits"": 75000, ""enabled_history"": [true]}, {""name"": ""ewc"", ""enabled"": true, ""inner"": ""EWCPlugin"", ""before_backward"": 750, ""after_training_exp"": 1, ""gem_reference_samples"": null, ""ewc_extra_forward_visits"": null, ""enabled_history"": [true]}]","{'SparseGEMPlugin': 1845600, 'EWCPlugin': 6535728, 'ReplayPlugin': 0, 'PrefetchWrapPlugin': 0, 'EvaluationPlugin': 0, 'PeriodicEval': 0, 'Clock': 0}"
effectiveness_v3_20260918T184139Z_7fd5ed3e,E/core50_nc/io/orion_off/1/default,orion_off,core50_nc,1,4,training,"[{""name"": ""gem"", ""enabled"": true, ""inner"": ""SparseGEMPlugin"", ""before_backward"": 706, ""after_training_exp"": 1, ""gem_reference_samples"": 200, ""ewc_extra_forward_visits"": 105900, ""enabled_history"": [true]}, {""name"": ""ewc"", ""enabled"": true, ""inner"": ""EWCPlugin"", ""before_backward"": 706, ""after_training_exp"": 1, ""gem_reference_samples"": null, ""ewc_extra_forward_visits"": null, ""enabled_history"": [true]}]","{'SparseGEMPlugin': 2460800, 'EWCPlugin': 8714304, 'ReplayPlugin': 0, 'PrefetchWrapPlugin': 0, 'EvaluationPlugin': 0, 'PeriodicEval': 0, 'Clock': 0}"
effectiveness_v3_20260918T184139Z_7fd5ed3e,E/core50_nc/io/orion_off/1/default,orion_off,core50_nc,1,5,training,"[{""name"": ""gem"", ""enabled"": true, ""inner"": ""SparseGEMPlugin"", ""before_backward"": 705, ""after_training_exp"": 1, ""gem_reference_samples"": 250, ""ewc_extra_forward_visits"": 141000, ""enabled_history"": [true]}, {""name"": ""ewc"", ""enabled"": true, ""inner"": ""EWCPlugin"", ""before_backward"": 705, ""after_training_exp"": 1, ""gem_reference_samples"": null, ""ewc_extra_forward_visits"": null, ""enabled_history"": [true]}]","{'SparseGEMPlugin': 3076000, 'EWCPlugin': 10892880, 'ReplayPlugin': 0, 'PrefetchWrapPlugin': 0, 'EvaluationPlugin': 0, 'PeriodicEval': 0, 'Clock': 0}"
effectiveness_v3_20260918T184139Z_7fd5ed3e,E/core50_nc/io/orion_off/1/default,orion_off,core50_nc,1,6,training,"[{""name"": ""gem"", ""enabled"": true, ""inner"": ""SparseGEMPlugin"", ""before_backward"": 706, ""after_training_exp"": 1, ""gem_reference_samples"": 300, ""ewc_extra_forward_visits"": 176500, ""enabled_history"": [true]}, {""name"": ""ewc"", ""enabled"": true, ""inner"": ""EWCPlugin"", ""before_backward"": 706, ""after_training_exp"": 1, ""gem_reference_samples"": null, ""ewc_extra_forward_visits"": null, ""enabled_history"": [true]}]","{'SparseGEMPlugin': 3691200, 'EWCPlugin': 13071456, 'ReplayPlugin': 0, 'PrefetchWrapPlugin': 0, 'EvaluationPlugin': 0, 'PeriodicEval': 0, 'Clock': 0}"
effectiveness_v3_20260918T184139Z_7fd5ed3e,E/core50_nc/io/orion_off/1/default,orion_off,core50_nc,1,7,training,"[{""name"": ""gem"", ""enabled"": true, ""inner"": ""SparseGEMPlugin"", ""before_backward"": 666, ""after_training_exp"": 1, ""gem_reference_samples"": 350, ""ewc_extra_forward_visits"": 199800, ""enabled_history"": [true]}, {""name"": ""ewc"", ""enabled"": true, ""inner"": ""EWCPlugin"", ""before_backward"": 666, ""after_training_exp"": 1, ""gem_reference_samples"": null, ""ewc_extra_forward_visits"": null, ""enabled_history"": [true]}]","{'SparseGEMPlugin': 4306400, 'EWCPlugin': 15250032, 'ReplayPlugin': 0, 'PrefetchWrapPlugin': 0, 'EvaluationPlugin': 0, 'PeriodicEval': 0, 'Clock': 0}"
effectiveness_v3_20260918T184139Z_7fd5ed3e,E/core50_nc/io/orion_off/1/default,orion_off,core50_nc,1,8,training,"[{""name"": ""gem"", ""enabled"": true, ""inner"": ""SparseGEMPlugin"", ""before_backward"": 667, ""after_training_exp"": 1, ""gem_reference_samples"": 400, ""ewc_extra_forward_visits"": 233450, ""enabled_history"": [true]}, {""name"": ""ewc"", ""enabled"": true, ""inner"": ""EWCPlugin"", ""before_backward"": 667, ""after_training_exp"": 1, ""gem_reference_samples"": null, ""ewc_extra_forward_visits"": null, ""enabled_history"": [true]}]","{'SparseGEMPlugin': 4921600, 'EWCPlugin': 17428608, 'ReplayPlugin': 0, 'PrefetchWrapPlugin': 0, 'EvaluationPlugin': 0, 'PeriodicEval': 0, 'Clock': 0}"
effectiveness_v3_20260918T185806Z_ae220d7f,E/core50_nc/io/orion_on/1/default,orion_on,core50_nc,1,0,training,"[{""name"": ""gem"", ""enabled"": false, ""inner"": ""SparseGEMPlugin"", ""before_backward"": 0, ""after_training_exp"": 0, ""gem_reference_samples"": 0, ""ewc_extra_forward_visits"": 0, ""enabled_history"": [false]}, {""name"": ""ewc"", ""enabled"": false, ""inner"": ""EWCPlugin"", ""before_backward"": 0, ""after_training_exp"": 0, ""gem_reference_samples"": null, ""ewc_extra_forward_visits"": null, ""enabled_history"": [false]}]","{'SparseGEMPlugin': 0, 'EWCPlugin': 0, 'ReplayPlugin': 0, 'PrefetchWrapPlugin': 0, 'EvaluationPlugin': 0, 'PeriodicEval': 0, 'Clock': 0}"
effectiveness_v3_20260918T185806Z_ae220d7f,E/core50_nc/io/orion_on/1/default,orion_on,core50_nc,1,1,training,"[{""name"": ""gem"", ""enabled"": true, ""inner"": ""SparseGEMPlugin"", ""before_backward"": 750, ""after_training_exp"": 1, ""gem_reference_samples"": 50, ""ewc_extra_forward_visits"": 0, ""enabled_history"": [true]}, {""name"": ""ewc"", ""enabled"": true, ""inner"": ""EWCPlugin"", ""before_backward"": 750, ""after_training_exp"": 1, ""gem_reference_samples"": null, ""ewc_extra_forward_visits"": null, ""enabled_history"": [true]}]","{'SparseGEMPlugin': 615200, 'EWCPlugin': 2178576, 'ReplayPlugin': 0, 'PrefetchWrapPlugin': 0, 'EvaluationPlugin': 0, 'PeriodicEval': 0, 'Clock': 0}"
effectiveness_v3_20260918T185806Z_ae220d7f,E/core50_nc/io/orion_on/1/default,orion_on,core50_nc,1,2,training,"[{""name"": ""gem"", ""enabled"": true, ""inner"": ""SparseGEMPlugin"", ""before_backward"": 750, ""after_training_exp"": 1, ""gem_reference_samples"": 100, ""ewc_extra_forward_visits"": 37500, ""enabled_history"": [true]}, {""name"": ""ewc"", ""enabled"": true, ""inner"": ""EWCPlugin"", ""before_backward"": 750, ""after_training_exp"": 1, ""gem_reference_samples"": null, ""ewc_extra_forward_visits"": null, ""enabled_history"": [true]}]","{'SparseGEMPlugin': 1230400, 'EWCPlugin': 4357152, 'ReplayPlugin': 0, 'PrefetchWrapPlugin': 0, 'EvaluationPlugin': 0, 'PeriodicEval': 0, 'Clock': 0}"
effectiveness_v3_20260918T185806Z_ae220d7f,E/core50_nc/io/orion_on/1/default,orion_on,core50_nc,1,3,training,"[{""name"": ""gem"", ""enabled"": true, ""inner"": ""SparseGEMPlugin"", ""before_backward"": 750, ""after_training_exp"": 1, ""gem_reference_samples"": 150, ""ewc_extra_forward_visits"": 75000, ""enabled_history"": [true]}, {""name"": ""ewc"", ""enabled"": true, ""inner"": ""EWCPlugin"", ""before_backward"": 750, ""after_training_exp"": 1, ""gem_reference_samples"": null, ""ewc_extra_forward_visits"": null, ""enabled_history"": [true]}]","{'SparseGEMPlugin': 1845600, 'EWCPlugin': 6535728, 'ReplayPlugin': 0, 'PrefetchWrapPlugin': 0, 'EvaluationPlugin': 0, 'PeriodicEval': 0, 'Clock': 0}"
effectiveness_v3_20260918T185806Z_ae220d7f,E/core50_nc/io/orion_on/1/default,orion_on,core50_nc,1,4,training,"[{""name"": ""gem"", ""enabled"": true, ""inner"": ""SparseGEMPlugin"", ""before_backward"": 706, ""after_training_exp"": 1, ""gem_reference_samples"": 200, ""ewc_extra_forward_visits"": 105900, ""enabled_history"": [true]}, {""name"": ""ewc"", ""enabled"": true, ""inner"": ""EWCPlugin"", ""before_backward"": 706, ""after_training_exp"": 1, ""gem_reference_samples"": null, ""ewc_extra_forward_visits"": null, ""enabled_history"": [true]}]","{'SparseGEMPlugin': 2460800, 'EWCPlugin': 8714304, 'ReplayPlugin': 0, 'PrefetchWrapPlugin': 0, 'EvaluationPlugin': 0, 'PeriodicEval': 0, 'Clock': 0}"
effectiveness_v3_20260918T185806Z_ae220d7f,E/core50_nc/io/orion_on/1/default,orion_on,core50_nc,1,5,training,"[{""name"": ""gem"", ""enabled"": true, ""inner"": ""SparseGEMPlugin"", ""before_backward"": 705, ""after_training_exp"": 1, ""gem_reference_samples"": 250, ""ewc_extra_forward_visits"": 141000, ""enabled_history"": [true]}, {""name"": ""ewc"", ""enabled"": true, ""inner"": ""EWCPlugin"", ""before_backward"": 705, ""after_training_exp"": 1, ""gem_reference_samples"": null, ""ewc_extra_forward_visits"": null, ""enabled_history"": [true]}]","{'SparseGEMPlugin': 3076000, 'EWCPlugin': 10892880, 'ReplayPlugin': 0, 'PrefetchWrapPlugin': 0, 'EvaluationPlugin': 0, 'PeriodicEval': 0, 'Clock': 0}"
effectiveness_v3_20260918T185806Z_ae220d7f,E/core50_nc/io/orion_on/1/default,orion_on,core50_nc,1,6,training,"[{""name"": ""gem"", ""enabled"": true, ""inner"": ""SparseGEMPlugin"", ""before_backward"": 706, ""after_training_exp"": 1, ""gem_reference_samples"": 300, ""ewc_extra_forward_visits"": 176500, ""enabled_history"": [true]}, {""name"": ""ewc"", ""enabled"": true, ""inner"": ""EWCPlugin"", ""before_backward"": 706, ""after_training_exp"": 1, ""gem_reference_samples"": null, ""ewc_extra_forward_visits"": null, ""enabled_history"": [true]}]","{'SparseGEMPlugin': 3691200, 'EWCPlugin': 13071456, 'ReplayPlugin': 0, 'PrefetchWrapPlugin': 0, 'EvaluationPlugin': 0, 'PeriodicEval': 0, 'Clock': 0}"
effectiveness_v3_20260918T185806Z_ae220d7f,E/core50_nc/io/orion_on/1/default,orion_on,core50_nc,1,7,training,"[{""name"": ""gem"", ""enabled"": true, ""inner"": ""SparseGEMPlugin"", ""before_backward"": 666, ""after_training_exp"": 1, ""gem_reference_samples"": 350, ""ewc_extra_forward_visits"": 199800, ""enabled_history"": [true]}, {""name"": ""ewc"", ""enabled"": true, ""inner"": ""EWCPlugin"", ""before_backward"": 666, ""after_training_exp"": 1, ""gem_reference_samples"": null, ""ewc_extra_forward_visits"": null, ""enabled_history"": [true]}]","{'SparseGEMPlugin': 4306400, 'EWCPlugin': 15250032, 'ReplayPlugin': 0, 'PrefetchWrapPlugin': 0, 'EvaluationPlugin': 0, 'PeriodicEval': 0, 'Clock': 0}"
effectiveness_v3_20260918T185806Z_ae220d7f,E/core50_nc/io/orion_on/1/default,orion_on,core50_nc,1,8,training,"[{""name"": ""gem"", ""enabled"": true, ""inner"": ""SparseGEMPlugin"", ""before_backward"": 667, ""after_training_exp"": 1, ""gem_reference_samples"": 400, ""ewc_extra_forward_visits"": 233450, ""enabled_history"": [true]}, {""name"": ""ewc"", ""enabled"": true, ""inner"": ""EWCPlugin"", ""before_backward"": 667, ""after_training_exp"": 1, ""gem_reference_samples"": null, ""ewc_extra_forward_visits"": null, ""enabled_history"": [true]}]","{'SparseGEMPlugin': 4921600, 'EWCPlugin': 17428608, 'ReplayPlugin': 0, 'PrefetchWrapPlugin': 0, 'EvaluationPlugin': 0, 'PeriodicEval': 0, 'Clock': 0}"
effectiveness_v3_20260918T191333Z_a15e235f,E/core50_nc/io/static_off/1/default,static_off,core50_nc,1,0,training,[],"{'ReplayPlugin': 0, 'PrefetchWrapPlugin': 0, 'EvaluationPlugin': 0, 'PeriodicEval': 0, 'Clock': 0}"
effectiveness_v3_20260918T191333Z_a15e235f,E/core50_nc/io/static_off/1/default,static_off,core50_nc,1,1,training,[],"{'ReplayPlugin': 0, 'PrefetchWrapPlugin': 0, 'EvaluationPlugin': 0, 'PeriodicEval': 0, 'Clock': 0}"
effectiveness_v3_20260918T191333Z_a15e235f,E/core50_nc/io/static_off/1/default,static_off,core50_nc,1,2,training,[],"{'ReplayPlugin': 0, 'PrefetchWrapPlugin': 0, 'EvaluationPlugin': 0, 'PeriodicEval': 0, 'Clock': 0}"
effectiveness_v3_20260918T191333Z_a15e235f,E/core50_nc/io/static_off/1/default,static_off,core50_nc,1,3,training,[],"{'ReplayPlugin': 0, 'PrefetchWrapPlugin': 0, 'EvaluationPlugin': 0, 'PeriodicEval': 0, 'Clock': 0}"
effectiveness_v3_20260918T191333Z_a15e235f,E/core50_nc/io/static_off/1/default,static_off,core50_nc,1,4,training,[],"{'ReplayPlugin': 0, 'PrefetchWrapPlugin': 0, 'EvaluationPlugin': 0, 'PeriodicEval': 0, 'Clock': 0}"
effectiveness_v3_20260918T191333Z_a15e235f,E/core50_nc/io/static_off/1/default,static_off,core50_nc,1,5,training,[],"{'ReplayPlugin': 0, 'PrefetchWrapPlugin': 0, 'EvaluationPlugin': 0, 'PeriodicEval': 0, 'Clock': 0}"
effectiveness_v3_20260918T191333Z_a15e235f,E/core50_nc/io/static_off/1/default,static_off,core50_nc,1,6,training,[],"{'ReplayPlugin': 0, 'PrefetchWrapPlugin': 0, 'EvaluationPlugin': 0, 'PeriodicEval': 0, 'Clock': 0}"
effectiveness_v3_20260918T191333Z_a15e235f,E/core50_nc/io/static_off/1/default,static_off,core50_nc,1,7,training,[],"{'ReplayPlugin': 0, 'PrefetchWrapPlugin': 0, 'EvaluationPlugin': 0, 'PeriodicEval': 0, 'Clock': 0}"
effectiveness_v3_20260918T191333Z_a15e235f,E/core50_nc/io/static_off/1/default,static_off,core50_nc,1,8,training,[],"{'ReplayPlugin': 0, 'PrefetchWrapPlugin': 0, 'EvaluationPlugin': 0, 'PeriodicEval': 0, 'Clock': 0}"
effectiveness_v3_20260918T191852Z_4739dab6,E/core50_nc/io/orion_off/2/default,orion_off,core50_nc,2,0,training,"[{""name"": ""gem"", ""enabled"": false, ""inner"": ""SparseGEMPlugin"", ""before_backward"": 0, ""after_training_exp"": 0, ""gem_reference_samples"": 0, ""ewc_extra_forward_visits"": 0, ""enabled_history"": [false]}, {""name"": ""ewc"", ""enabled"": false, ""inner"": ""EWCPlugin"", ""before_backward"": 0, ""after_training_exp"": 0, ""gem_reference_samples"": null, ""ewc_extra_forward_visits"": null, ""enabled_history"": [false]}]","{'SparseGEMPlugin': 0, 'EWCPlugin': 0, 'ReplayPlugin': 0, 'PrefetchWrapPlugin': 0, 'EvaluationPlugin': 0, 'PeriodicEval': 0, 'Clock': 0}"
effectiveness_v3_20260918T191852Z_4739dab6,E/core50_nc/io/orion_off/2/default,orion_off,core50_nc,2,1,training,"[{""name"": ""gem"", ""enabled"": true, ""inner"": ""SparseGEMPlugin"", ""before_backward"": 750, ""after_training_exp"": 1, ""gem_reference_samples"": 50, ""ewc_extra_forward_visits"": 0, ""enabled_history"": [true]}, {""name"": ""ewc"", ""enabled"": true, ""inner"": ""EWCPlugin"", ""before_backward"": 750, ""after_training_exp"": 1, ""gem_reference_samples"": null, ""ewc_extra_forward_visits"": null, ""enabled_history"": [true]}]","{'SparseGEMPlugin': 615200, 'EWCPlugin': 2178576, 'ReplayPlugin': 0, 'PrefetchWrapPlugin': 0, 'EvaluationPlugin': 0, 'PeriodicEval': 0, 'Clock': 0}"
effectiveness_v3_20260918T191852Z_4739dab6,E/core50_nc/io/orion_off/2/default,orion_off,core50_nc,2,2,training,"[{""name"": ""gem"", ""enabled"": true, ""inner"": ""SparseGEMPlugin"", ""before_backward"": 750, ""after_training_exp"": 1, ""gem_reference_samples"": 100, ""ewc_extra_forward_visits"": 37500, ""enabled_history"": [true]}, {""name"": ""ewc"", ""enabled"": true, ""inner"": ""EWCPlugin"", ""before_backward"": 750, ""after_training_exp"": 1, ""gem_reference_samples"": null, ""ewc_extra_forward_visits"": null, ""enabled_history"": [true]}]","{'SparseGEMPlugin': 1230400, 'EWCPlugin': 4357152, 'ReplayPlugin': 0, 'PrefetchWrapPlugin': 0, 'EvaluationPlugin': 0, 'PeriodicEval': 0, 'Clock': 0}"
effectiveness_v3_20260918T191852Z_4739dab6,E/core50_nc/io/orion_off/2/default,orion_off,core50_nc,2,3,training,"[{""name"": ""gem"", ""enabled"": true, ""inner"": ""SparseGEMPlugin"", ""before_backward"": 750, ""after_training_exp"": 1, ""gem_reference_samples"": 150, ""ewc_extra_forward_visits"": 75000, ""enabled_history"": [true]}, {""name"": ""ewc"", ""enabled"": true, ""inner"": ""EWCPlugin"", ""before_backward"": 750, ""after_training_exp"": 1, ""gem_reference_samples"": null, ""ewc_extra_forward_visits"": null, ""enabled_history"": [true]}]","{'SparseGEMPlugin': 1845600, 'EWCPlugin': 6535728, 'ReplayPlugin': 0, 'PrefetchWrapPlugin': 0, 'EvaluationPlugin': 0, 'PeriodicEval': 0, 'Clock': 0}"
effectiveness_v3_20260918T191852Z_4739dab6,E/core50_nc/io/orion_off/2/default,orion_off,core50_nc,2,4,training,"[{""name"": ""gem"", ""enabled"": true, ""inner"": ""SparseGEMPlugin"", ""before_backward"": 706, ""after_training_exp"": 1, ""gem_reference_samples"": 200, ""ewc_extra_forward_visits"": 105900, ""enabled_history"": [true]}, {""name"": ""ewc"", ""enabled"": true, ""inner"": ""EWCPlugin"", ""before_backward"": 706, ""after_training_exp"": 1, ""gem_reference_samples"": null, ""ewc_extra_forward_visits"": null, ""enabled_history"": [true]}]","{'SparseGEMPlugin': 2460800, 'EWCPlugin': 8714304, 'ReplayPlugin': 0, 'PrefetchWrapPlugin': 0, 'EvaluationPlugin': 0, 'PeriodicEval': 0, 'Clock': 0}"
effectiveness_v3_20260918T191852Z_4739dab6,E/core50_nc/io/orion_off/2/default,orion_off,core50_nc,2,5,training,"[{""name"": ""gem"", ""enabled"": true, ""inner"": ""SparseGEMPlugin"", ""before_backward"": 705, ""after_training_exp"": 1, ""gem_reference_samples"": 250, ""ewc_extra_forward_visits"": 141000, ""enabled_history"": [true]}, {""name"": ""ewc"", ""enabled"": true, ""inner"": ""EWCPlugin"", ""before_backward"": 705, ""after_training_exp"": 1, ""gem_reference_samples"": null, ""ewc_extra_forward_visits"": null, ""enabled_history"": [true]}]","{'SparseGEMPlugin': 3076000, 'EWCPlugin': 10892880, 'ReplayPlugin': 0, 'PrefetchWrapPlugin': 0, 'EvaluationPlugin': 0, 'PeriodicEval': 0, 'Clock': 0}"
effectiveness_v3_20260918T191852Z_4739dab6,E/core50_nc/io/orion_off/2/default,orion_off,core50_nc,2,6,training,"[{""name"": ""gem"", ""enabled"": true, ""inner"": ""SparseGEMPlugin"", ""before_backward"": 706, ""after_training_exp"": 1, ""gem_reference_samples"": 300, ""ewc_extra_forward_visits"": 176500, ""enabled_history"": [true]}, {""name"": ""ewc"", ""enabled"": true, ""inner"": ""EWCPlugin"", ""before_backward"": 706, ""after_training_exp"": 1, ""gem_reference_samples"": null, ""ewc_extra_forward_visits"": null, ""enabled_history"": [true]}]","{'SparseGEMPlugin': 3691200, 'EWCPlugin': 13071456, 'ReplayPlugin': 0, 'PrefetchWrapPlugin': 0, 'EvaluationPlugin': 0, 'PeriodicEval': 0, 'Clock': 0}"
effectiveness_v3_20260918T191852Z_4739dab6,E/core50_nc/io/orion_off/2/default,orion_off,core50_nc,2,7,training,"[{""name"": ""gem"", ""enabled"": true, ""inner"": ""SparseGEMPlugin"", ""before_backward"": 666, ""after_training_exp"": 1, ""gem_reference_samples"": 350, ""ewc_extra_forward_visits"": 199800, ""enabled_history"": [true]}, {""name"": ""ewc"", ""enabled"": true, ""inner"": ""EWCPlugin"", ""before_backward"": 666, ""after_training_exp"": 1, ""gem_reference_samples"": null, ""ewc_extra_forward_visits"": null, ""enabled_history"": [true]}]","{'SparseGEMPlugin': 4306400, 'EWCPlugin': 15250032, 'ReplayPlugin': 0, 'PrefetchWrapPlugin': 0, 'EvaluationPlugin': 0, 'PeriodicEval': 0, 'Clock': 0}"
effectiveness_v3_20260918T191852Z_4739dab6,E/core50_nc/io/orion_off/2/default,orion_off,core50_nc,2,8,training,"[{""name"": ""gem"", ""enabled"": true, ""inner"": ""SparseGEMPlugin"", ""before_backward"": 667, ""after_training_exp"": 1, ""gem_reference_samples"": 400, ""ewc_extra_forward_visits"": 233450, ""enabled_history"": [true]}, {""name"": ""ewc"", ""enabled"": true, ""inner"": ""EWCPlugin"", ""before_backward"": 667, ""after_training_exp"": 1, ""gem_reference_samples"": null, ""ewc_extra_forward_visits"": null, ""enabled_history"": [true]}]","{'SparseGEMPlugin': 4921600, 'EWCPlugin': 17428608, 'ReplayPlugin': 0, 'PrefetchWrapPlugin': 0, 'EvaluationPlugin': 0, 'PeriodicEval': 0, 'Clock': 0}"
effectiveness_v3_20260918T193516Z_4583bff6,E/core50_nc/io/orion_on/2/default,orion_on,core50_nc,2,0,training,"[{""name"": ""gem"", ""enabled"": false, ""inner"": ""SparseGEMPlugin"", ""before_backward"": 0, ""after_training_exp"": 0, ""gem_reference_samples"": 0, ""ewc_extra_forward_visits"": 0, ""enabled_history"": [false]}, {""name"": ""ewc"", ""enabled"": false, ""inner"": ""EWCPlugin"", ""before_backward"": 0, ""after_training_exp"": 0, ""gem_reference_samples"": null, ""ewc_extra_forward_visits"": null, ""enabled_history"": [false]}]","{'SparseGEMPlugin': 0, 'EWCPlugin': 0, 'ReplayPlugin': 0, 'PrefetchWrapPlugin': 0, 'EvaluationPlugin': 0, 'PeriodicEval': 0, 'Clock': 0}"
effectiveness_v3_20260918T193516Z_4583bff6,E/core50_nc/io/orion_on/2/default,orion_on,core50_nc,2,1,training,"[{""name"": ""gem"", ""enabled"": true, ""inner"": ""SparseGEMPlugin"", ""before_backward"": 750, ""after_training_exp"": 1, ""gem_reference_samples"": 50, ""ewc_extra_forward_visits"": 0, ""enabled_history"": [true]}, {""name"": ""ewc"", ""enabled"": true, ""inner"": ""EWCPlugin"", ""before_backward"": 750, ""after_training_exp"": 1, ""gem_reference_samples"": null, ""ewc_extra_forward_visits"": null, ""enabled_history"": [true]}]","{'SparseGEMPlugin': 615200, 'EWCPlugin': 2178576, 'ReplayPlugin': 0, 'PrefetchWrapPlugin': 0, 'EvaluationPlugin': 0, 'PeriodicEval': 0, 'Clock': 0}"
effectiveness_v3_20260918T193516Z_4583bff6,E/core50_nc/io/orion_on/2/default,orion_on,core50_nc,2,2,training,"[{""name"": ""gem"", ""enabled"": true, ""inner"": ""SparseGEMPlugin"", ""before_backward"": 750, ""after_training_exp"": 1, ""gem_reference_samples"": 100, ""ewc_extra_forward_visits"": 37500, ""enabled_history"": [true]}, {""name"": ""ewc"", ""enabled"": true, ""inner"": ""EWCPlugin"", ""before_backward"": 750, ""after_training_exp"": 1, ""gem_reference_samples"": null, ""ewc_extra_forward_visits"": null, ""enabled_history"": [true]}]","{'SparseGEMPlugin': 1230400, 'EWCPlugin': 4357152, 'ReplayPlugin': 0, 'PrefetchWrapPlugin': 0, 'EvaluationPlugin': 0, 'PeriodicEval': 0, 'Clock': 0}"
effectiveness_v3_20260918T193516Z_4583bff6,E/core50_nc/io/orion_on/2/default,orion_on,core50_nc,2,3,training,"[{""name"": ""gem"", ""enabled"": true, ""inner"": ""SparseGEMPlugin"", ""before_backward"": 750, ""after_training_exp"": 1, ""gem_reference_samples"": 150, ""ewc_extra_forward_visits"": 75000, ""enabled_history"": [true]}, {""name"": ""ewc"", ""enabled"": true, ""inner"": ""EWCPlugin"", ""before_backward"": 750, ""after_training_exp"": 1, ""gem_reference_samples"": null, ""ewc_extra_forward_visits"": null, ""enabled_history"": [true]}]","{'SparseGEMPlugin': 1845600, 'EWCPlugin': 6535728, 'ReplayPlugin': 0, 'PrefetchWrapPlugin': 0, 'EvaluationPlugin': 0, 'PeriodicEval': 0, 'Clock': 0}"
effectiveness_v3_20260918T193516Z_4583bff6,E/core50_nc/io/orion_on/2/default,orion_on,core50_nc,2,4,training,"[{""name"": ""gem"", ""enabled"": true, ""inner"": ""SparseGEMPlugin"", ""before_backward"": 706, ""after_training_exp"": 1, ""gem_reference_samples"": 200, ""ewc_extra_forward_visits"": 105900, ""enabled_history"": [true]}, {""name"": ""ewc"", ""enabled"": true, ""inner"": ""EWCPlugin"", ""before_backward"": 706, ""after_training_exp"": 1, ""gem_reference_samples"": null, ""ewc_extra_forward_visits"": null, ""enabled_history"": [true]}]","{'SparseGEMPlugin': 2460800, 'EWCPlugin': 8714304, 'ReplayPlugin': 0, 'PrefetchWrapPlugin': 0, 'EvaluationPlugin': 0, 'PeriodicEval': 0, 'Clock': 0}"
effectiveness_v3_20260918T193516Z_4583bff6,E/core50_nc/io/orion_on/2/default,orion_on,core50_nc,2,5,training,"[{""name"": ""gem"", ""enabled"": true, ""inner"": ""SparseGEMPlugin"", ""before_backward"": 705, ""after_training_exp"": 1, ""gem_reference_samples"": 250, ""ewc_extra_forward_visits"": 141000, ""enabled_history"": [true]}, {""name"": ""ewc"", ""enabled"": true, ""inner"": ""EWCPlugin"", ""before_backward"": 705, ""after_training_exp"": 1, ""gem_reference_samples"": null, ""ewc_extra_forward_visits"": null, ""enabled_history"": [true]}]","{'SparseGEMPlugin': 3076000, 'EWCPlugin': 10892880, 'ReplayPlugin': 0, 'PrefetchWrapPlugin': 0, 'EvaluationPlugin': 0, 'PeriodicEval': 0, 'Clock': 0}"
effectiveness_v3_20260918T193516Z_4583bff6,E/core50_nc/io/orion_on/2/default,orion_on,core50_nc,2,6,training,"[{""name"": ""gem"", ""enabled"": true, ""inner"": ""SparseGEMPlugin"", ""before_backward"": 706, ""after_training_exp"": 1, ""gem_reference_samples"": 300, ""ewc_extra_forward_visits"": 176500, ""enabled_history"": [true]}, {""name"": ""ewc"", ""enabled"": true, ""inner"": ""EWCPlugin"", ""before_backward"": 706, ""after_training_exp"": 1, ""gem_reference_samples"": null, ""ewc_extra_forward_visits"": null, ""enabled_history"": [true]}]","{'SparseGEMPlugin': 3691200, 'EWCPlugin': 13071456, 'ReplayPlugin': 0, 'PrefetchWrapPlugin': 0, 'EvaluationPlugin': 0, 'PeriodicEval': 0, 'Clock': 0}"
effectiveness_v3_20260918T193516Z_4583bff6,E/core50_nc/io/orion_on/2/default,orion_on,core50_nc,2,7,training,"[{""name"": ""gem"", ""enabled"": true, ""inner"": ""SparseGEMPlugin"", ""before_backward"": 666, ""after_training_exp"": 1, ""gem_reference_samples"": 350, ""ewc_extra_forward_visits"": 199800, ""enabled_history"": [true]}, {""name"": ""ewc"", ""enabled"": true, ""inner"": ""EWCPlugin"", ""before_backward"": 666, ""after_training_exp"": 1, ""gem_reference_samples"": null, ""ewc_extra_forward_visits"": null, ""enabled_history"": [true]}]","{'SparseGEMPlugin': 4306400, 'EWCPlugin': 15250032, 'ReplayPlugin': 0, 'PrefetchWrapPlugin': 0, 'EvaluationPlugin': 0, 'PeriodicEval': 0, 'Clock': 0}"
effectiveness_v3_20260918T193516Z_4583bff6,E/core50_nc/io/orion_on/2/default,orion_on,core50_nc,2,8,training,"[{""name"": ""gem"", ""enabled"": true, ""inner"": ""SparseGEMPlugin"", ""before_backward"": 667, ""after_training_exp"": 1, ""gem_reference_samples"": 400, ""ewc_extra_forward_visits"": 233450, ""enabled_history"": [true]}, {""name"": ""ewc"", ""enabled"": true, ""inner"": ""EWCPlugin"", ""before_backward"": 667, ""after_training_exp"": 1, ""gem_reference_samples"": null, ""ewc_extra_forward_visits"": null, ""enabled_history"": [true]}]","{'SparseGEMPlugin': 4921600, 'EWCPlugin': 17428608, 'ReplayPlugin': 0, 'PrefetchWrapPlugin': 0, 'EvaluationPlugin': 0, 'PeriodicEval': 0, 'Clock': 0}"
effectiveness_v3_20260918T195035Z_c7ac5492,E/core50_nc/io/static_off/2/default,static_off,core50_nc,2,0,training,[],"{'ReplayPlugin': 0, 'PrefetchWrapPlugin': 0, 'EvaluationPlugin': 0, 'PeriodicEval': 0, 'Clock': 0}"
effectiveness_v3_20260918T195035Z_c7ac5492,E/core50_nc/io/static_off/2/default,static_off,core50_nc,2,1,training,[],"{'ReplayPlugin': 0, 'PrefetchWrapPlugin': 0, 'EvaluationPlugin': 0, 'PeriodicEval': 0, 'Clock': 0}"
effectiveness_v3_20260918T195035Z_c7ac5492,E/core50_nc/io/static_off/2/default,static_off,core50_nc,2,2,training,[],"{'ReplayPlugin': 0, 'PrefetchWrapPlugin': 0, 'EvaluationPlugin': 0, 'PeriodicEval': 0, 'Clock': 0}"
effectiveness_v3_20260918T195035Z_c7ac5492,E/core50_nc/io/static_off/2/default,static_off,core50_nc,2,3,training,[],"{'ReplayPlugin': 0, 'PrefetchWrapPlugin': 0, 'EvaluationPlugin': 0, 'PeriodicEval': 0, 'Clock': 0}"
effectiveness_v3_20260918T195035Z_c7ac5492,E/core50_nc/io/static_off/2/default,static_off,core50_nc,2,4,training,[],"{'ReplayPlugin': 0, 'PrefetchWrapPlugin': 0, 'EvaluationPlugin': 0, 'PeriodicEval': 0, 'Clock': 0}"
effectiveness_v3_20260918T195035Z_c7ac5492,E/core50_nc/io/static_off/2/default,static_off,core50_nc,2,5,training,[],"{'ReplayPlugin': 0, 'PrefetchWrapPlugin': 0, 'EvaluationPlugin': 0, 'PeriodicEval': 0, 'Clock': 0}"
effectiveness_v3_20260918T195035Z_c7ac5492,E/core50_nc/io/static_off/2/default,static_off,core50_nc,2,6,training,[],"{'ReplayPlugin': 0, 'PrefetchWrapPlugin': 0, 'EvaluationPlugin': 0, 'PeriodicEval': 0, 'Clock': 0}"
effectiveness_v3_20260918T195035Z_c7ac5492,E/core50_nc/io/static_off/2/default,static_off,core50_nc,2,7,training,[],"{'ReplayPlugin': 0, 'PrefetchWrapPlugin': 0, 'EvaluationPlugin': 0, 'PeriodicEval': 0, 'Clock': 0}"
effectiveness_v3_20260918T195035Z_c7ac5492,E/core50_nc/io/static_off/2/default,static_off,core50_nc,2,8,training,[],"{'ReplayPlugin': 0, 'PrefetchWrapPlugin': 0, 'EvaluationPlugin': 0, 'PeriodicEval': 0, 'Clock': 0}"
effectiveness_v3_20260918T195602Z_f026e1f7,E/core50_nc/io/static_on/2/default,static_on,core50_nc,2,0,training,[],"{'ReplayPlugin': 0, 'PrefetchWrapPlugin': 0, 'EvaluationPlugin': 0, 'PeriodicEval': 0, 'Clock': 0}"
effectiveness_v3_20260918T195602Z_f026e1f7,E/core50_nc/io/static_on/2/default,static_on,core50_nc,2,1,training,[],"{'ReplayPlugin': 0, 'PrefetchWrapPlugin': 0, 'EvaluationPlugin': 0, 'PeriodicEval': 0, 'Clock': 0}"
effectiveness_v3_20260918T195602Z_f026e1f7,E/core50_nc/io/static_on/2/default,static_on,core50_nc,2,2,training,[],"{'ReplayPlugin': 0, 'PrefetchWrapPlugin': 0, 'EvaluationPlugin': 0, 'PeriodicEval': 0, 'Clock': 0}"
effectiveness_v3_20260918T195602Z_f026e1f7,E/core50_nc/io/static_on/2/default,static_on,core50_nc,2,3,training,[],"{'ReplayPlugin': 0, 'PrefetchWrapPlugin': 0, 'EvaluationPlugin': 0, 'PeriodicEval': 0, 'Clock': 0}"
effectiveness_v3_20260918T195602Z_f026e1f7,E/core50_nc/io/static_on/2/default,static_on,core50_nc,2,4,training,[],"{'ReplayPlugin': 0, 'PrefetchWrapPlugin': 0, 'EvaluationPlugin': 0, 'PeriodicEval': 0, 'Clock': 0}"
effectiveness_v3_20260918T195602Z_f026e1f7,E/core50_nc/io/static_on/2/default,static_on,core50_nc,2,5,training,[],"{'ReplayPlugin': 0, 'PrefetchWrapPlugin': 0, 'EvaluationPlugin': 0, 'PeriodicEval': 0, 'Clock': 0}"
effectiveness_v3_20260918T195602Z_f026e1f7,E/core50_nc/io/static_on/2/default,static_on,core50_nc,2,6,training,[],"{'ReplayPlugin': 0, 'PrefetchWrapPlugin': 0, 'EvaluationPlugin': 0, 'PeriodicEval': 0, 'Clock': 0}"
effectiveness_v3_20260918T195602Z_f026e1f7,E/core50_nc/io/static_on/2/default,static_on,core50_nc,2,7,training,[],"{'ReplayPlugin': 0, 'PrefetchWrapPlugin': 0, 'EvaluationPlugin': 0, 'PeriodicEval': 0, 'Clock': 0}"
effectiveness_v3_20260918T195602Z_f026e1f7,E/core50_nc/io/static_on/2/default,static_on,core50_nc,2,8,training,[],"{'ReplayPlugin': 0, 'PrefetchWrapPlugin': 0, 'EvaluationPlugin': 0, 'PeriodicEval': 0, 'Clock': 0}"
effectiveness_v3_20260918T200116Z_50105d6d,F/core50_nc/loose/agem_static/0/default,agem_static,core50_nc,0,0,training,[],"{'AdaptiveAGEMPlugin': 200, 'PrefetchWrapPlugin': 0, 'EvaluationPlugin': 0, 'PeriodicEval': 0, 'Clock': 0}"
effectiveness_v3_20260918T200116Z_50105d6d,F/core50_nc/loose/agem_static/0/default,agem_static,core50_nc,0,1,training,[],"{'AdaptiveAGEMPlugin': 400, 'PrefetchWrapPlugin': 0, 'EvaluationPlugin': 0, 'PeriodicEval': 0, 'Clock': 0}"
effectiveness_v3_20260918T200116Z_50105d6d,F/core50_nc/loose/agem_static/0/default,agem_static,core50_nc,0,2,training,[],"{'AdaptiveAGEMPlugin': 600, 'PrefetchWrapPlugin': 0, 'EvaluationPlugin': 0, 'PeriodicEval': 0, 'Clock': 0}"
effectiveness_v3_20260918T200116Z_50105d6d,F/core50_nc/loose/agem_static/0/default,agem_static,core50_nc,0,3,training,[],"{'AdaptiveAGEMPlugin': 800, 'PrefetchWrapPlugin': 0, 'EvaluationPlugin': 0, 'PeriodicEval': 0, 'Clock': 0}"
effectiveness_v3_20260918T200116Z_50105d6d,F/core50_nc/loose/agem_static/0/default,agem_static,core50_nc,0,4,training,[],"{'AdaptiveAGEMPlugin': 1000, 'PrefetchWrapPlugin': 0, 'EvaluationPlugin': 0, 'PeriodicEval': 0, 'Clock': 0}"
effectiveness_v3_20260918T200116Z_50105d6d,F/core50_nc/loose/agem_static/0/default,agem_static,core50_nc,0,5,training,[],"{'AdaptiveAGEMPlugin': 1200, 'PrefetchWrapPlugin': 0, 'EvaluationPlugin': 0, 'PeriodicEval': 0, 'Clock': 0}"
effectiveness_v3_20260918T200116Z_50105d6d,F/core50_nc/loose/agem_static/0/default,agem_static,core50_nc,0,6,training,[],"{'AdaptiveAGEMPlugin': 1400, 'PrefetchWrapPlugin': 0, 'EvaluationPlugin': 0, 'PeriodicEval': 0, 'Clock': 0}"
effectiveness_v3_20260918T200116Z_50105d6d,F/core50_nc/loose/agem_static/0/default,agem_static,core50_nc,0,7,training,[],"{'AdaptiveAGEMPlugin': 1600, 'PrefetchWrapPlugin': 0, 'EvaluationPlugin': 0, 'PeriodicEval': 0, 'Clock': 0}"
effectiveness_v3_20260918T200116Z_50105d6d,F/core50_nc/loose/agem_static/0/default,agem_static,core50_nc,0,8,training,[],"{'AdaptiveAGEMPlugin': 1800, 'PrefetchWrapPlugin': 0, 'EvaluationPlugin': 0, 'PeriodicEval': 0, 'Clock': 0}"
effectiveness_v3_20260918T200827Z_d913a753,F/core50_nc/loose/agem_adaptive_ewc/0/default,agem_adaptive_ewc,core50_nc,0,0,training,"[{""name"": ""ewc"", ""enabled"": false, ""inner"": ""EWCPlugin"", ""before_backward"": 0, ""after_training_exp"": 0, ""gem_reference_samples"": null, ""ewc_extra_forward_visits"": null, ""enabled_history"": [false]}]","{'EWCPlugin': 0, 'AdaptiveAGEMPlugin': 200, 'PrefetchWrapPlugin': 0, 'EvaluationPlugin': 0, 'PeriodicEval': 0, 'Clock': 0}"
effectiveness_v3_20260918T200827Z_d913a753,F/core50_nc/loose/agem_adaptive_ewc/0/default,agem_adaptive_ewc,core50_nc,0,1,training,"[{""name"": ""ewc"", ""enabled"": true, ""inner"": ""EWCPlugin"", ""before_backward"": 750, ""after_training_exp"": 1, ""gem_reference_samples"": null, ""ewc_extra_forward_visits"": null, ""enabled_history"": [true]}]","{'EWCPlugin': 2178576, 'AdaptiveAGEMPlugin': 184, 'PrefetchWrapPlugin': 0, 'EvaluationPlugin': 0, 'PeriodicEval': 0, 'Clock': 0}"
effectiveness_v3_20260918T200827Z_d913a753,F/core50_nc/loose/agem_adaptive_ewc/0/default,agem_adaptive_ewc,core50_nc,0,2,training,"[{""name"": ""ewc"", ""enabled"": true, ""inner"": ""EWCPlugin"", ""before_backward"": 750, ""after_training_exp"": 1, ""gem_reference_samples"": null, ""ewc_extra_forward_visits"": null, ""enabled_history"": [true]}]","{'EWCPlugin': 4357152, 'AdaptiveAGEMPlugin': 276, 'PrefetchWrapPlugin': 0, 'EvaluationPlugin': 0, 'PeriodicEval': 0, 'Clock': 0}"
effectiveness_v3_20260918T200827Z_d913a753,F/core50_nc/loose/agem_adaptive_ewc/0/default,agem_adaptive_ewc,core50_nc,0,3,training,"[{""name"": ""ewc"", ""enabled"": true, ""inner"": ""EWCPlugin"", ""before_backward"": 750, ""after_training_exp"": 1, ""gem_reference_samples"": null, ""ewc_extra_forward_visits"": null, ""enabled_history"": [true]}]","{'EWCPlugin': 6535728, 'AdaptiveAGEMPlugin': 372, 'PrefetchWrapPlugin': 0, 'EvaluationPlugin': 0, 'PeriodicEval': 0, 'Clock': 0}"
effectiveness_v3_20260918T200827Z_d913a753,F/core50_nc/loose/agem_adaptive_ewc/0/default,agem_adaptive_ewc,core50_nc,0,4,training,"[{""name"": ""ewc"", ""enabled"": true, ""inner"": ""EWCPlugin"", ""before_backward"": 706, ""after_training_exp"": 1, ""gem_reference_samples"": null, ""ewc_extra_forward_visits"": null, ""enabled_history"": [true]}]","{'EWCPlugin': 8714304, 'AdaptiveAGEMPlugin': 472, 'PrefetchWrapPlugin': 0, 'EvaluationPlugin': 0, 'PeriodicEval': 0, 'Clock': 0}"
effectiveness_v3_20260918T200827Z_d913a753,F/core50_nc/loose/agem_adaptive_ewc/0/default,agem_adaptive_ewc,core50_nc,0,5,training,"[{""name"": ""ewc"", ""enabled"": true, ""inner"": ""EWCPlugin"", ""before_backward"": 705, ""after_training_exp"": 1, ""gem_reference_samples"": null, ""ewc_extra_forward_visits"": null, ""enabled_history"": [true]}]","{'EWCPlugin': 10892880, 'AdaptiveAGEMPlugin': 576, 'PrefetchWrapPlugin': 0, 'EvaluationPlugin': 0, 'PeriodicEval': 0, 'Clock': 0}"
effectiveness_v3_20260918T200827Z_d913a753,F/core50_nc/loose/agem_adaptive_ewc/0/default,agem_adaptive_ewc,core50_nc,0,6,training,"[{""name"": ""ewc"", ""enabled"": true, ""inner"": ""EWCPlugin"", ""before_backward"": 706, ""after_training_exp"": 1, ""gem_reference_samples"": null, ""ewc_extra_forward_visits"": null, ""enabled_history"": [true]}]","{'EWCPlugin': 13071456, 'AdaptiveAGEMPlugin': 684, 'PrefetchWrapPlugin': 0, 'EvaluationPlugin': 0, 'PeriodicEval': 0, 'Clock': 0}"
effectiveness_v3_20260918T200827Z_d913a753,F/core50_nc/loose/agem_adaptive_ewc/0/default,agem_adaptive_ewc,core50_nc,0,7,training,"[{""name"": ""ewc"", ""enabled"": true, ""inner"": ""EWCPlugin"", ""before_backward"": 666, ""after_training_exp"": 1, ""gem_reference_samples"": null, ""ewc_extra_forward_visits"": null, ""enabled_history"": [true]}]","{'EWCPlugin': 15250032, 'AdaptiveAGEMPlugin': 800, 'PrefetchWrapPlugin': 0, 'EvaluationPlugin': 0, 'PeriodicEval': 0, 'Clock': 0}"
effectiveness_v3_20260918T200827Z_d913a753,F/core50_nc/loose/agem_adaptive_ewc/0/default,agem_adaptive_ewc,core50_nc,0,8,training,"[{""name"": ""ewc"", ""enabled"": true, ""inner"": ""EWCPlugin"", ""before_backward"": 667, ""after_training_exp"": 1, ""gem_reference_samples"": null, ""ewc_extra_forward_visits"": null, ""enabled_history"": [true]}]","{'EWCPlugin': 17428608, 'AdaptiveAGEMPlugin': 920, 'PrefetchWrapPlugin': 0, 'EvaluationPlugin': 0, 'PeriodicEval': 0, 'Clock': 0}"
effectiveness_v3_20260918T202219Z_9d416150,F/core50_nc/loose/agem_adaptive_ewc/1/default,agem_adaptive_ewc,core50_nc,1,0,training,"[{""name"": ""ewc"", ""enabled"": false, ""inner"": ""EWCPlugin"", ""before_backward"": 0, ""after_training_exp"": 0, ""gem_reference_samples"": null, ""ewc_extra_forward_visits"": null, ""enabled_history"": [false]}]","{'EWCPlugin': 0, 'AdaptiveAGEMPlugin': 200, 'PrefetchWrapPlugin': 0, 'EvaluationPlugin': 0, 'PeriodicEval': 0, 'Clock': 0}"
effectiveness_v3_20260918T202219Z_9d416150,F/core50_nc/loose/agem_adaptive_ewc/1/default,agem_adaptive_ewc,core50_nc,1,1,training,"[{""name"": ""ewc"", ""enabled"": true, ""inner"": ""EWCPlugin"", ""before_backward"": 750, ""after_training_exp"": 1, ""gem_reference_samples"": null, ""ewc_extra_forward_visits"": null, ""enabled_history"": [true]}]","{'EWCPlugin': 2178576, 'AdaptiveAGEMPlugin': 184, 'PrefetchWrapPlugin': 0, 'EvaluationPlugin': 0, 'PeriodicEval': 0, 'Clock': 0}"
effectiveness_v3_20260918T202219Z_9d416150,F/core50_nc/loose/agem_adaptive_ewc/1/default,agem_adaptive_ewc,core50_nc,1,2,training,"[{""name"": ""ewc"", ""enabled"": true, ""inner"": ""EWCPlugin"", ""before_backward"": 750, ""after_training_exp"": 1, ""gem_reference_samples"": null, ""ewc_extra_forward_visits"": null, ""enabled_history"": [true]}]","{'EWCPlugin': 4357152, 'AdaptiveAGEMPlugin': 276, 'PrefetchWrapPlugin': 0, 'EvaluationPlugin': 0, 'PeriodicEval': 0, 'Clock': 0}"
effectiveness_v3_20260918T202219Z_9d416150,F/core50_nc/loose/agem_adaptive_ewc/1/default,agem_adaptive_ewc,core50_nc,1,3,training,"[{""name"": ""ewc"", ""enabled"": true, ""inner"": ""EWCPlugin"", ""before_backward"": 750, ""after_training_exp"": 1, ""gem_reference_samples"": null, ""ewc_extra_forward_visits"": null, ""enabled_history"": [true]}]","{'EWCPlugin': 6535728, 'AdaptiveAGEMPlugin': 372, 'PrefetchWrapPlugin': 0, 'EvaluationPlugin': 0, 'PeriodicEval': 0, 'Clock': 0}"
effectiveness_v3_20260918T202219Z_9d416150,F/core50_nc/loose/agem_adaptive_ewc/1/default,agem_adaptive_ewc,core50_nc,1,4,training,"[{""name"": ""ewc"", ""enabled"": true, ""inner"": ""EWCPlugin"", ""before_backward"": 706, ""after_training_exp"": 1, ""gem_reference_samples"": null, ""ewc_extra_forward_visits"": null, ""enabled_history"": [true]}]","{'EWCPlugin': 8714304, 'AdaptiveAGEMPlugin': 472, 'PrefetchWrapPlugin': 0, 'EvaluationPlugin': 0, 'PeriodicEval': 0, 'Clock': 0}"
effectiveness_v3_20260918T202219Z_9d416150,F/core50_nc/loose/agem_adaptive_ewc/1/default,agem_adaptive_ewc,core50_nc,1,5,training,"[{""name"": ""ewc"", ""enabled"": true, ""inner"": ""EWCPlugin"", ""before_backward"": 705, ""after_training_exp"": 1, ""gem_reference_samples"": null, ""ewc_extra_forward_visits"": null, ""enabled_history"": [true]}]","{'EWCPlugin': 10892880, 'AdaptiveAGEMPlugin': 576, 'PrefetchWrapPlugin': 0, 'EvaluationPlugin': 0, 'PeriodicEval': 0, 'Clock': 0}"
effectiveness_v3_20260918T202219Z_9d416150,F/core50_nc/loose/agem_adaptive_ewc/1/default,agem_adaptive_ewc,core50_nc,1,6,training,"[{""name"": ""ewc"", ""enabled"": true, ""inner"": ""EWCPlugin"", ""before_backward"": 706, ""after_training_exp"": 1, ""gem_reference_samples"": null, ""ewc_extra_forward_visits"": null, ""enabled_history"": [true]}]","{'EWCPlugin': 13071456, 'AdaptiveAGEMPlugin': 688, 'PrefetchWrapPlugin': 0, 'EvaluationPlugin': 0, 'PeriodicEval': 0, 'Clock': 0}"
effectiveness_v3_20260918T202219Z_9d416150,F/core50_nc/loose/agem_adaptive_ewc/1/default,agem_adaptive_ewc,core50_nc,1,7,training,"[{""name"": ""ewc"", ""enabled"": true, ""inner"": ""EWCPlugin"", ""before_backward"": 666, ""after_training_exp"": 1, ""gem_reference_samples"": null, ""ewc_extra_forward_visits"": null, ""enabled_history"": [true]}]","{'EWCPlugin': 15250032, 'AdaptiveAGEMPlugin': 804, 'PrefetchWrapPlugin': 0, 'EvaluationPlugin': 0, 'PeriodicEval': 0, 'Clock': 0}"
effectiveness_v3_20260918T202219Z_9d416150,F/core50_nc/loose/agem_adaptive_ewc/1/default,agem_adaptive_ewc,core50_nc,1,8,training,"[{""name"": ""ewc"", ""enabled"": true, ""inner"": ""EWCPlugin"", ""before_backward"": 667, ""after_training_exp"": 1, ""gem_reference_samples"": null, ""ewc_extra_forward_visits"": null, ""enabled_history"": [true]}]","{'EWCPlugin': 17428608, 'AdaptiveAGEMPlugin': 924, 'PrefetchWrapPlugin': 0, 'EvaluationPlugin': 0, 'PeriodicEval': 0, 'Clock': 0}"
effectiveness_v3_20260918T203615Z_3b1672b7,F/core50_nc/loose/agem_static/1/default,agem_static,core50_nc,1,0,training,[],"{'AdaptiveAGEMPlugin': 200, 'PrefetchWrapPlugin': 0, 'EvaluationPlugin': 0, 'PeriodicEval': 0, 'Clock': 0}"
effectiveness_v3_20260918T203615Z_3b1672b7,F/core50_nc/loose/agem_static/1/default,agem_static,core50_nc,1,1,training,[],"{'AdaptiveAGEMPlugin': 400, 'PrefetchWrapPlugin': 0, 'EvaluationPlugin': 0, 'PeriodicEval': 0, 'Clock': 0}"
effectiveness_v3_20260918T203615Z_3b1672b7,F/core50_nc/loose/agem_static/1/default,agem_static,core50_nc,1,2,training,[],"{'AdaptiveAGEMPlugin': 600, 'PrefetchWrapPlugin': 0, 'EvaluationPlugin': 0, 'PeriodicEval': 0, 'Clock': 0}"
effectiveness_v3_20260918T203615Z_3b1672b7,F/core50_nc/loose/agem_static/1/default,agem_static,core50_nc,1,3,training,[],"{'AdaptiveAGEMPlugin': 800, 'PrefetchWrapPlugin': 0, 'EvaluationPlugin': 0, 'PeriodicEval': 0, 'Clock': 0}"
effectiveness_v3_20260918T203615Z_3b1672b7,F/core50_nc/loose/agem_static/1/default,agem_static,core50_nc,1,4,training,[],"{'AdaptiveAGEMPlugin': 1000, 'PrefetchWrapPlugin': 0, 'EvaluationPlugin': 0, 'PeriodicEval': 0, 'Clock': 0}"
effectiveness_v3_20260918T203615Z_3b1672b7,F/core50_nc/loose/agem_static/1/default,agem_static,core50_nc,1,5,training,[],"{'AdaptiveAGEMPlugin': 1200, 'PrefetchWrapPlugin': 0, 'EvaluationPlugin': 0, 'PeriodicEval': 0, 'Clock': 0}"
effectiveness_v3_20260918T203615Z_3b1672b7,F/core50_nc/loose/agem_static/1/default,agem_static,core50_nc,1,6,training,[],"{'AdaptiveAGEMPlugin': 1400, 'PrefetchWrapPlugin': 0, 'EvaluationPlugin': 0, 'PeriodicEval': 0, 'Clock': 0}"
effectiveness_v3_20260918T203615Z_3b1672b7,F/core50_nc/loose/agem_static/1/default,agem_static,core50_nc,1,7,training,[],"{'AdaptiveAGEMPlugin': 1600, 'PrefetchWrapPlugin': 0, 'EvaluationPlugin': 0, 'PeriodicEval': 0, 'Clock': 0}"
effectiveness_v3_20260918T203615Z_3b1672b7,F/core50_nc/loose/agem_static/1/default,agem_static,core50_nc,1,8,training,[],"{'AdaptiveAGEMPlugin': 1800, 'PrefetchWrapPlugin': 0, 'EvaluationPlugin': 0, 'PeriodicEval': 0, 'Clock': 0}"
effectiveness_v3_20260918T204329Z_8162adb1,F/core50_nc/loose/agem_static/2/default,agem_static,core50_nc,2,0,training,[],"{'AdaptiveAGEMPlugin': 200, 'PrefetchWrapPlugin': 0, 'EvaluationPlugin': 0, 'PeriodicEval': 0, 'Clock': 0}"
effectiveness_v3_20260918T204329Z_8162adb1,F/core50_nc/loose/agem_static/2/default,agem_static,core50_nc,2,1,training,[],"{'AdaptiveAGEMPlugin': 400, 'PrefetchWrapPlugin': 0, 'EvaluationPlugin': 0, 'PeriodicEval': 0, 'Clock': 0}"
effectiveness_v3_20260918T204329Z_8162adb1,F/core50_nc/loose/agem_static/2/default,agem_static,core50_nc,2,2,training,[],"{'AdaptiveAGEMPlugin': 600, 'PrefetchWrapPlugin': 0, 'EvaluationPlugin': 0, 'PeriodicEval': 0, 'Clock': 0}"
effectiveness_v3_20260918T204329Z_8162adb1,F/core50_nc/loose/agem_static/2/default,agem_static,core50_nc,2,3,training,[],"{'AdaptiveAGEMPlugin': 800, 'PrefetchWrapPlugin': 0, 'EvaluationPlugin': 0, 'PeriodicEval': 0, 'Clock': 0}"
effectiveness_v3_20260918T204329Z_8162adb1,F/core50_nc/loose/agem_static/2/default,agem_static,core50_nc,2,4,training,[],"{'AdaptiveAGEMPlugin': 1000, 'PrefetchWrapPlugin': 0, 'EvaluationPlugin': 0, 'PeriodicEval': 0, 'Clock': 0}"
effectiveness_v3_20260918T204329Z_8162adb1,F/core50_nc/loose/agem_static/2/default,agem_static,core50_nc,2,5,training,[],"{'AdaptiveAGEMPlugin': 1200, 'PrefetchWrapPlugin': 0, 'EvaluationPlugin': 0, 'PeriodicEval': 0, 'Clock': 0}"
effectiveness_v3_20260918T204329Z_8162adb1,F/core50_nc/loose/agem_static/2/default,agem_static,core50_nc,2,6,training,[],"{'AdaptiveAGEMPlugin': 1400, 'PrefetchWrapPlugin': 0, 'EvaluationPlugin': 0, 'PeriodicEval': 0, 'Clock': 0}"
effectiveness_v3_20260918T204329Z_8162adb1,F/core50_nc/loose/agem_static/2/default,agem_static,core50_nc,2,7,training,[],"{'AdaptiveAGEMPlugin': 1600, 'PrefetchWrapPlugin': 0, 'EvaluationPlugin': 0, 'PeriodicEval': 0, 'Clock': 0}"
effectiveness_v3_20260918T204329Z_8162adb1,F/core50_nc/loose/agem_static/2/default,agem_static,core50_nc,2,8,training,[],"{'AdaptiveAGEMPlugin': 1800, 'PrefetchWrapPlugin': 0, 'EvaluationPlugin': 0, 'PeriodicEval': 0, 'Clock': 0}"
effectiveness_v3_20260918T205037Z_c7fe7b8c,F/core50_nc/loose/agem_adaptive_ewc/2/default,agem_adaptive_ewc,core50_nc,2,0,training,"[{""name"": ""ewc"", ""enabled"": false, ""inner"": ""EWCPlugin"", ""before_backward"": 0, ""after_training_exp"": 0, ""gem_reference_samples"": null, ""ewc_extra_forward_visits"": null, ""enabled_history"": [false]}]","{'EWCPlugin': 0, 'AdaptiveAGEMPlugin': 200, 'PrefetchWrapPlugin': 0, 'EvaluationPlugin': 0, 'PeriodicEval': 0, 'Clock': 0}"
effectiveness_v3_20260918T205037Z_c7fe7b8c,F/core50_nc/loose/agem_adaptive_ewc/2/default,agem_adaptive_ewc,core50_nc,2,1,training,"[{""name"": ""ewc"", ""enabled"": true, ""inner"": ""EWCPlugin"", ""before_backward"": 750, ""after_training_exp"": 1, ""gem_reference_samples"": null, ""ewc_extra_forward_visits"": null, ""enabled_history"": [true]}]","{'EWCPlugin': 2178576, 'AdaptiveAGEMPlugin': 184, 'PrefetchWrapPlugin': 0, 'EvaluationPlugin': 0, 'PeriodicEval': 0, 'Clock': 0}"
effectiveness_v3_20260918T205037Z_c7fe7b8c,F/core50_nc/loose/agem_adaptive_ewc/2/default,agem_adaptive_ewc,core50_nc,2,2,training,"[{""name"": ""ewc"", ""enabled"": true, ""inner"": ""EWCPlugin"", ""before_backward"": 750, ""after_training_exp"": 1, ""gem_reference_samples"": null, ""ewc_extra_forward_visits"": null, ""enabled_history"": [true]}]","{'EWCPlugin': 4357152, 'AdaptiveAGEMPlugin': 276, 'PrefetchWrapPlugin': 0, 'EvaluationPlugin': 0, 'PeriodicEval': 0, 'Clock': 0}"
effectiveness_v3_20260918T205037Z_c7fe7b8c,F/core50_nc/loose/agem_adaptive_ewc/2/default,agem_adaptive_ewc,core50_nc,2,3,training,"[{""name"": ""ewc"", ""enabled"": true, ""inner"": ""EWCPlugin"", ""before_backward"": 750, ""after_training_exp"": 1, ""gem_reference_samples"": null, ""ewc_extra_forward_visits"": null, ""enabled_history"": [true]}]","{'EWCPlugin': 6535728, 'AdaptiveAGEMPlugin': 372, 'PrefetchWrapPlugin': 0, 'EvaluationPlugin': 0, 'PeriodicEval': 0, 'Clock': 0}"
effectiveness_v3_20260918T205037Z_c7fe7b8c,F/core50_nc/loose/agem_adaptive_ewc/2/default,agem_adaptive_ewc,core50_nc,2,4,training,"[{""name"": ""ewc"", ""enabled"": true, ""inner"": ""EWCPlugin"", ""before_backward"": 706, ""after_training_exp"": 1, ""gem_reference_samples"": null, ""ewc_extra_forward_visits"": null, ""enabled_history"": [true]}]","{'EWCPlugin': 8714304, 'AdaptiveAGEMPlugin': 472, 'PrefetchWrapPlugin': 0, 'EvaluationPlugin': 0, 'PeriodicEval': 0, 'Clock': 0}"
effectiveness_v3_20260918T205037Z_c7fe7b8c,F/core50_nc/loose/agem_adaptive_ewc/2/default,agem_adaptive_ewc,core50_nc,2,5,training,"[{""name"": ""ewc"", ""enabled"": true, ""inner"": ""EWCPlugin"", ""before_backward"": 705, ""after_training_exp"": 1, ""gem_reference_samples"": null, ""ewc_extra_forward_visits"": null, ""enabled_history"": [true]}]","{'EWCPlugin': 10892880, 'AdaptiveAGEMPlugin': 576, 'PrefetchWrapPlugin': 0, 'EvaluationPlugin': 0, 'PeriodicEval': 0, 'Clock': 0}"
effectiveness_v3_20260918T205037Z_c7fe7b8c,F/core50_nc/loose/agem_adaptive_ewc/2/default,agem_adaptive_ewc,core50_nc,2,6,training,"[{""name"": ""ewc"", ""enabled"": true, ""inner"": ""EWCPlugin"", ""before_backward"": 706, ""after_training_exp"": 1, ""gem_reference_samples"": null, ""ewc_extra_forward_visits"": null, ""enabled_history"": [true]}]","{'EWCPlugin': 13071456, 'AdaptiveAGEMPlugin': 688, 'PrefetchWrapPlugin': 0, 'EvaluationPlugin': 0, 'PeriodicEval': 0, 'Clock': 0}"
effectiveness_v3_20260918T205037Z_c7fe7b8c,F/core50_nc/loose/agem_adaptive_ewc/2/default,agem_adaptive_ewc,core50_nc,2,7,training,"[{""name"": ""ewc"", ""enabled"": true, ""inner"": ""EWCPlugin"", ""before_backward"": 666, ""after_training_exp"": 1, ""gem_reference_samples"": null, ""ewc_extra_forward_visits"": null, ""enabled_history"": [true]}]","{'EWCPlugin': 15250032, 'AdaptiveAGEMPlugin': 804, 'PrefetchWrapPlugin': 0, 'EvaluationPlugin': 0, 'PeriodicEval': 0, 'Clock': 0}"
effectiveness_v3_20260918T205037Z_c7fe7b8c,F/core50_nc/loose/agem_adaptive_ewc/2/default,agem_adaptive_ewc,core50_nc,2,8,training,"[{""name"": ""ewc"", ""enabled"": true, ""inner"": ""EWCPlugin"", ""before_backward"": 667, ""after_training_exp"": 1, ""gem_reference_samples"": null, ""ewc_extra_forward_visits"": null, ""enabled_history"": [true]}]","{'EWCPlugin': 17428608, 'AdaptiveAGEMPlugin': 924, 'PrefetchWrapPlugin': 0, 'EvaluationPlugin': 0, 'PeriodicEval': 0, 'Clock': 0}"
effectiveness_v3_20260918T210433Z_552578ab,G/core50_nc/tight/O11/0/thr_half,O11,core50_nc,0,0,training,"[{""name"": ""gem"", ""enabled"": false, ""inner"": ""SparseGEMPlugin"", ""before_backward"": 0, ""after_training_exp"": 0, ""gem_reference_samples"": 0, ""ewc_extra_forward_visits"": 0, ""enabled_history"": [false]}, {""name"": ""ewc"", ""enabled"": false, ""inner"": ""EWCPlugin"", ""before_backward"": 0, ""after_training_exp"": 0, ""gem_reference_samples"": null, ""ewc_extra_forward_visits"": null, ""enabled_history"": [false]}]","{'SparseGEMPlugin': 0, 'EWCPlugin': 0, 'ReplayPlugin': 0, 'PrefetchWrapPlugin': 0, 'EvaluationPlugin': 0, 'PeriodicEval': 0, 'Clock': 0}"
effectiveness_v3_20260918T210433Z_552578ab,G/core50_nc/tight/O11/0/thr_half,O11,core50_nc,0,1,training,"[{""name"": ""gem"", ""enabled"": true, ""inner"": ""SparseGEMPlugin"", ""before_backward"": 750, ""after_training_exp"": 1, ""gem_reference_samples"": 50, ""ewc_extra_forward_visits"": 0, ""enabled_history"": [true]}, {""name"": ""ewc"", ""enabled"": true, ""inner"": ""EWCPlugin"", ""before_backward"": 750, ""after_training_exp"": 1, ""gem_reference_samples"": null, ""ewc_extra_forward_visits"": null, ""enabled_history"": [true]}]","{'SparseGEMPlugin': 615200, 'EWCPlugin': 2178576, 'ReplayPlugin': 0, 'PrefetchWrapPlugin': 0, 'EvaluationPlugin': 0, 'PeriodicEval': 0, 'Clock': 0}"
effectiveness_v3_20260918T210602Z_fc717bb2,G/core50_nc/tight/O11/1/thr_half,O11,core50_nc,1,0,training,"[{""name"": ""gem"", ""enabled"": false, ""inner"": ""SparseGEMPlugin"", ""before_backward"": 0, ""after_training_exp"": 0, ""gem_reference_samples"": 0, ""ewc_extra_forward_visits"": 0, ""enabled_history"": [false]}, {""name"": ""ewc"", ""enabled"": false, ""inner"": ""EWCPlugin"", ""before_backward"": 0, ""after_training_exp"": 0, ""gem_reference_samples"": null, ""ewc_extra_forward_visits"": null, ""enabled_history"": [false]}]","{'SparseGEMPlugin': 0, 'EWCPlugin': 0, 'ReplayPlugin': 0, 'PrefetchWrapPlugin': 0, 'EvaluationPlugin': 0, 'PeriodicEval': 0, 'Clock': 0}"
effectiveness_v3_20260918T210602Z_fc717bb2,G/core50_nc/tight/O11/1/thr_half,O11,core50_nc,1,1,training,"[{""name"": ""gem"", ""enabled"": true, ""inner"": ""SparseGEMPlugin"", ""before_backward"": 750, ""after_training_exp"": 1, ""gem_reference_samples"": 50, ""ewc_extra_forward_visits"": 0, ""enabled_history"": [true]}, {""name"": ""ewc"", ""enabled"": true, ""inner"": ""EWCPlugin"", ""before_backward"": 750, ""after_training_exp"": 1, ""gem_reference_samples"": null, ""ewc_extra_forward_visits"": null, ""enabled_history"": [true]}]","{'SparseGEMPlugin': 615200, 'EWCPlugin': 2178576, 'ReplayPlugin': 0, 'PrefetchWrapPlugin': 0, 'EvaluationPlugin': 0, 'PeriodicEval': 0, 'Clock': 0}"
effectiveness_v3_20260918T210731Z_d856d9be,G/core50_nc/tight/O11/2/thr_half,O11,core50_nc,2,0,training,"[{""name"": ""gem"", ""enabled"": false, ""inner"": ""SparseGEMPlugin"", ""before_backward"": 0, ""after_training_exp"": 0, ""gem_reference_samples"": 0, ""ewc_extra_forward_visits"": 0, ""enabled_history"": [false]}, {""name"": ""ewc"", ""enabled"": false, ""inner"": ""EWCPlugin"", ""before_backward"": 0, ""after_training_exp"": 0, ""gem_reference_samples"": null, ""ewc_extra_forward_visits"": null, ""enabled_history"": [false]}]","{'SparseGEMPlugin': 0, 'EWCPlugin': 0, 'ReplayPlugin': 0, 'PrefetchWrapPlugin': 0, 'EvaluationPlugin': 0, 'PeriodicEval': 0, 'Clock': 0}"
effectiveness_v3_20260918T210731Z_d856d9be,G/core50_nc/tight/O11/2/thr_half,O11,core50_nc,2,1,training,"[{""name"": ""gem"", ""enabled"": true, ""inner"": ""SparseGEMPlugin"", ""before_backward"": 750, ""after_training_exp"": 1, ""gem_reference_samples"": 50, ""ewc_extra_forward_visits"": 0, ""enabled_history"": [true]}, {""name"": ""ewc"", ""enabled"": true, ""inner"": ""EWCPlugin"", ""before_backward"": 750, ""after_training_exp"": 1, ""gem_reference_samples"": null, ""ewc_extra_forward_visits"": null, ""enabled_history"": [true]}]","{'SparseGEMPlugin': 615200, 'EWCPlugin': 2178576, 'ReplayPlugin': 0, 'PrefetchWrapPlugin': 0, 'EvaluationPlugin': 0, 'PeriodicEval': 0, 'Clock': 0}"
effectiveness_v3_20260918T210859Z_0e7b29e8,G/core50_nc/tight/O11/0/thr_double,O11,core50_nc,0,0,training,"[{""name"": ""gem"", ""enabled"": false, ""inner"": ""SparseGEMPlugin"", ""before_backward"": 0, ""after_training_exp"": 0, ""gem_reference_samples"": 0, ""ewc_extra_forward_visits"": 0, ""enabled_history"": [false]}, {""name"": ""ewc"", ""enabled"": false, ""inner"": ""EWCPlugin"", ""before_backward"": 0, ""after_training_exp"": 0, ""gem_reference_samples"": null, ""ewc_extra_forward_visits"": null, ""enabled_history"": [false]}]","{'SparseGEMPlugin': 0, 'EWCPlugin': 0, 'ReplayPlugin': 0, 'PrefetchWrapPlugin': 0, 'EvaluationPlugin': 0, 'PeriodicEval': 0, 'Clock': 0}"
effectiveness_v3_20260918T210859Z_0e7b29e8,G/core50_nc/tight/O11/0/thr_double,O11,core50_nc,0,1,training,"[{""name"": ""gem"", ""enabled"": true, ""inner"": ""SparseGEMPlugin"", ""before_backward"": 750, ""after_training_exp"": 1, ""gem_reference_samples"": 50, ""ewc_extra_forward_visits"": 0, ""enabled_history"": [true]}, {""name"": ""ewc"", ""enabled"": true, ""inner"": ""EWCPlugin"", ""before_backward"": 750, ""after_training_exp"": 1, ""gem_reference_samples"": null, ""ewc_extra_forward_visits"": null, ""enabled_history"": [true]}]","{'SparseGEMPlugin': 615200, 'EWCPlugin': 2178576, 'ReplayPlugin': 0, 'PrefetchWrapPlugin': 0, 'EvaluationPlugin': 0, 'PeriodicEval': 0, 'Clock': 0}"
effectiveness_v3_20260918T211026Z_3c3348ef,G/core50_nc/tight/O11/1/thr_double,O11,core50_nc,1,0,training,"[{""name"": ""gem"", ""enabled"": false, ""inner"": ""SparseGEMPlugin"", ""before_backward"": 0, ""after_training_exp"": 0, ""gem_reference_samples"": 0, ""ewc_extra_forward_visits"": 0, ""enabled_history"": [false]}, {""name"": ""ewc"", ""enabled"": false, ""inner"": ""EWCPlugin"", ""before_backward"": 0, ""after_training_exp"": 0, ""gem_reference_samples"": null, ""ewc_extra_forward_visits"": null, ""enabled_history"": [false]}]","{'SparseGEMPlugin': 0, 'EWCPlugin': 0, 'ReplayPlugin': 0, 'PrefetchWrapPlugin': 0, 'EvaluationPlugin': 0, 'PeriodicEval': 0, 'Clock': 0}"
effectiveness_v3_20260918T211026Z_3c3348ef,G/core50_nc/tight/O11/1/thr_double,O11,core50_nc,1,1,training,"[{""name"": ""gem"", ""enabled"": true, ""inner"": ""SparseGEMPlugin"", ""before_backward"": 750, ""after_training_exp"": 1, ""gem_reference_samples"": 50, ""ewc_extra_forward_visits"": 0, ""enabled_history"": [true]}, {""name"": ""ewc"", ""enabled"": true, ""inner"": ""EWCPlugin"", ""before_backward"": 750, ""after_training_exp"": 1, ""gem_reference_samples"": null, ""ewc_extra_forward_visits"": null, ""enabled_history"": [true]}]","{'SparseGEMPlugin': 615200, 'EWCPlugin': 2178576, 'ReplayPlugin': 0, 'PrefetchWrapPlugin': 0, 'EvaluationPlugin': 0, 'PeriodicEval': 0, 'Clock': 0}"
effectiveness_v3_20260918T211153Z_27de471a,G/core50_nc/tight/O11/2/thr_double,O11,core50_nc,2,0,training,"[{""name"": ""gem"", ""enabled"": false, ""inner"": ""SparseGEMPlugin"", ""before_backward"": 0, ""after_training_exp"": 0, ""gem_reference_samples"": 0, ""ewc_extra_forward_visits"": 0, ""enabled_history"": [false]}, {""name"": ""ewc"", ""enabled"": false, ""inner"": ""EWCPlugin"", ""before_backward"": 0, ""after_training_exp"": 0, ""gem_reference_samples"": null, ""ewc_extra_forward_visits"": null, ""enabled_history"": [false]}]","{'SparseGEMPlugin': 0, 'EWCPlugin': 0, 'ReplayPlugin': 0, 'PrefetchWrapPlugin': 0, 'EvaluationPlugin': 0, 'PeriodicEval': 0, 'Clock': 0}"
effectiveness_v3_20260918T211153Z_27de471a,G/core50_nc/tight/O11/2/thr_double,O11,core50_nc,2,1,training,"[{""name"": ""gem"", ""enabled"": true, ""inner"": ""SparseGEMPlugin"", ""before_backward"": 750, ""after_training_exp"": 1, ""gem_reference_samples"": 50, ""ewc_extra_forward_visits"": 0, ""enabled_history"": [true]}, {""name"": ""ewc"", ""enabled"": true, ""inner"": ""EWCPlugin"", ""before_backward"": 750, ""after_training_exp"": 1, ""gem_reference_samples"": null, ""ewc_extra_forward_visits"": null, ""enabled_history"": [true]}]","{'SparseGEMPlugin': 615200, 'EWCPlugin': 2178576, 'ReplayPlugin': 0, 'PrefetchWrapPlugin': 0, 'EvaluationPlugin': 0, 'PeriodicEval': 0, 'Clock': 0}"
effectiveness_v3_20260918T211318Z_814274ae,G/core50_nc/tight/O11/0/alpha_double,O11,core50_nc,0,0,training,"[{""name"": ""gem"", ""enabled"": false, ""inner"": ""SparseGEMPlugin"", ""before_backward"": 0, ""after_training_exp"": 0, ""gem_reference_samples"": 0, ""ewc_extra_forward_visits"": 0, ""enabled_history"": [false]}, {""name"": ""ewc"", ""enabled"": false, ""inner"": ""EWCPlugin"", ""before_backward"": 0, ""after_training_exp"": 0, ""gem_reference_samples"": null, ""ewc_extra_forward_visits"": null, ""enabled_history"": [false]}]","{'SparseGEMPlugin': 0, 'EWCPlugin': 0, 'ReplayPlugin': 0, 'PrefetchWrapPlugin': 0, 'EvaluationPlugin': 0, 'PeriodicEval': 0, 'Clock': 0}"
effectiveness_v3_20260918T211318Z_814274ae,G/core50_nc/tight/O11/0/alpha_double,O11,core50_nc,0,1,training,"[{""name"": ""gem"", ""enabled"": true, ""inner"": ""SparseGEMPlugin"", ""before_backward"": 750, ""after_training_exp"": 1, ""gem_reference_samples"": 50, ""ewc_extra_forward_visits"": 0, ""enabled_history"": [true]}, {""name"": ""ewc"", ""enabled"": true, ""inner"": ""EWCPlugin"", ""before_backward"": 750, ""after_training_exp"": 1, ""gem_reference_samples"": null, ""ewc_extra_forward_visits"": null, ""enabled_history"": [true]}]","{'SparseGEMPlugin': 615200, 'EWCPlugin': 2178576, 'ReplayPlugin': 0, 'PrefetchWrapPlugin': 0, 'EvaluationPlugin': 0, 'PeriodicEval': 0, 'Clock': 0}"
effectiveness_v3_20260918T211445Z_7b05951c,G/core50_nc/tight/O11/1/alpha_double,O11,core50_nc,1,0,training,"[{""name"": ""gem"", ""enabled"": false, ""inner"": ""SparseGEMPlugin"", ""before_backward"": 0, ""after_training_exp"": 0, ""gem_reference_samples"": 0, ""ewc_extra_forward_visits"": 0, ""enabled_history"": [false]}, {""name"": ""ewc"", ""enabled"": false, ""inner"": ""EWCPlugin"", ""before_backward"": 0, ""after_training_exp"": 0, ""gem_reference_samples"": null, ""ewc_extra_forward_visits"": null, ""enabled_history"": [false]}]","{'SparseGEMPlugin': 0, 'EWCPlugin': 0, 'ReplayPlugin': 0, 'PrefetchWrapPlugin': 0, 'EvaluationPlugin': 0, 'PeriodicEval': 0, 'Clock': 0}"
effectiveness_v3_20260918T211445Z_7b05951c,G/core50_nc/tight/O11/1/alpha_double,O11,core50_nc,1,1,training,"[{""name"": ""gem"", ""enabled"": true, ""inner"": ""SparseGEMPlugin"", ""before_backward"": 750, ""after_training_exp"": 1, ""gem_reference_samples"": 50, ""ewc_extra_forward_visits"": 0, ""enabled_history"": [true]}, {""name"": ""ewc"", ""enabled"": true, ""inner"": ""EWCPlugin"", ""before_backward"": 750, ""after_training_exp"": 1, ""gem_reference_samples"": null, ""ewc_extra_forward_visits"": null, ""enabled_history"": [true]}]","{'SparseGEMPlugin': 615200, 'EWCPlugin': 2178576, 'ReplayPlugin': 0, 'PrefetchWrapPlugin': 0, 'EvaluationPlugin': 0, 'PeriodicEval': 0, 'Clock': 0}"
effectiveness_v3_20260918T211615Z_0b43da14,G/core50_nc/tight/O11/2/alpha_double,O11,core50_nc,2,0,training,"[{""name"": ""gem"", ""enabled"": false, ""inner"": ""SparseGEMPlugin"", ""before_backward"": 0, ""after_training_exp"": 0, ""gem_reference_samples"": 0, ""ewc_extra_forward_visits"": 0, ""enabled_history"": [false]}, {""name"": ""ewc"", ""enabled"": false, ""inner"": ""EWCPlugin"", ""before_backward"": 0, ""after_training_exp"": 0, ""gem_reference_samples"": null, ""ewc_extra_forward_visits"": null, ""enabled_history"": [false]}]","{'SparseGEMPlugin': 0, 'EWCPlugin': 0, 'ReplayPlugin': 0, 'PrefetchWrapPlugin': 0, 'EvaluationPlugin': 0, 'PeriodicEval': 0, 'Clock': 0}"
effectiveness_v3_20260918T211615Z_0b43da14,G/core50_nc/tight/O11/2/alpha_double,O11,core50_nc,2,1,training,"[{""name"": ""gem"", ""enabled"": true, ""inner"": ""SparseGEMPlugin"", ""before_backward"": 750, ""after_training_exp"": 1, ""gem_reference_samples"": 50, ""ewc_extra_forward_visits"": 0, ""enabled_history"": [true]}, {""name"": ""ewc"", ""enabled"": true, ""inner"": ""EWCPlugin"", ""before_backward"": 750, ""after_training_exp"": 1, ""gem_reference_samples"": null, ""ewc_extra_forward_visits"": null, ""enabled_history"": [true]}]","{'SparseGEMPlugin': 615200, 'EWCPlugin': 2178576, 'ReplayPlugin': 0, 'PrefetchWrapPlugin': 0, 'EvaluationPlugin': 0, 'PeriodicEval': 0, 'Clock': 0}"
effectiveness_v3_20260918T211744Z_a3a01ee6,G/core50_nc/tight/O11/0/beta_double,O11,core50_nc,0,0,training,"[{""name"": ""gem"", ""enabled"": false, ""inner"": ""SparseGEMPlugin"", ""before_backward"": 0, ""after_training_exp"": 0, ""gem_reference_samples"": 0, ""ewc_extra_forward_visits"": 0, ""enabled_history"": [false]}, {""name"": ""ewc"", ""enabled"": false, ""inner"": ""EWCPlugin"", ""before_backward"": 0, ""after_training_exp"": 0, ""gem_reference_samples"": null, ""ewc_extra_forward_visits"": null, ""enabled_history"": [false]}]","{'SparseGEMPlugin': 0, 'EWCPlugin': 0, 'ReplayPlugin': 0, 'PrefetchWrapPlugin': 0, 'EvaluationPlugin': 0, 'PeriodicEval': 0, 'Clock': 0}"
effectiveness_v3_20260918T211744Z_a3a01ee6,G/core50_nc/tight/O11/0/beta_double,O11,core50_nc,0,1,training,"[{""name"": ""gem"", ""enabled"": true, ""inner"": ""SparseGEMPlugin"", ""before_backward"": 750, ""after_training_exp"": 1, ""gem_reference_samples"": 50, ""ewc_extra_forward_visits"": 0, ""enabled_history"": [true]}, {""name"": ""ewc"", ""enabled"": true, ""inner"": ""EWCPlugin"", ""before_backward"": 750, ""after_training_exp"": 1, ""gem_reference_samples"": null, ""ewc_extra_forward_visits"": null, ""enabled_history"": [true]}]","{'SparseGEMPlugin': 615200, 'EWCPlugin': 2178576, 'ReplayPlugin': 0, 'PrefetchWrapPlugin': 0, 'EvaluationPlugin': 0, 'PeriodicEval': 0, 'Clock': 0}"
effectiveness_v3_20260918T211912Z_c7d51640,G/core50_nc/tight/O11/1/beta_double,O11,core50_nc,1,0,training,"[{""name"": ""gem"", ""enabled"": false, ""inner"": ""SparseGEMPlugin"", ""before_backward"": 0, ""after_training_exp"": 0, ""gem_reference_samples"": 0, ""ewc_extra_forward_visits"": 0, ""enabled_history"": [false]}, {""name"": ""ewc"", ""enabled"": false, ""inner"": ""EWCPlugin"", ""before_backward"": 0, ""after_training_exp"": 0, ""gem_reference_samples"": null, ""ewc_extra_forward_visits"": null, ""enabled_history"": [false]}]","{'SparseGEMPlugin': 0, 'EWCPlugin': 0, 'ReplayPlugin': 0, 'PrefetchWrapPlugin': 0, 'EvaluationPlugin': 0, 'PeriodicEval': 0, 'Clock': 0}"
effectiveness_v3_20260918T211912Z_c7d51640,G/core50_nc/tight/O11/1/beta_double,O11,core50_nc,1,1,training,"[{""name"": ""gem"", ""enabled"": true, ""inner"": ""SparseGEMPlugin"", ""before_backward"": 750, ""after_training_exp"": 1, ""gem_reference_samples"": 50, ""ewc_extra_forward_visits"": 0, ""enabled_history"": [true]}, {""name"": ""ewc"", ""enabled"": true, ""inner"": ""EWCPlugin"", ""before_backward"": 750, ""after_training_exp"": 1, ""gem_reference_samples"": null, ""ewc_extra_forward_visits"": null, ""enabled_history"": [true]}]","{'SparseGEMPlugin': 615200, 'EWCPlugin': 2178576, 'ReplayPlugin': 0, 'PrefetchWrapPlugin': 0, 'EvaluationPlugin': 0, 'PeriodicEval': 0, 'Clock': 0}"
effectiveness_v3_20260918T212037Z_f3306b0e,G/core50_nc/tight/O11/2/beta_double,O11,core50_nc,2,0,training,"[{""name"": ""gem"", ""enabled"": false, ""inner"": ""SparseGEMPlugin"", ""before_backward"": 0, ""after_training_exp"": 0, ""gem_reference_samples"": 0, ""ewc_extra_forward_visits"": 0, ""enabled_history"": [false]}, {""name"": ""ewc"", ""enabled"": false, ""inner"": ""EWCPlugin"", ""before_backward"": 0, ""after_training_exp"": 0, ""gem_reference_samples"": null, ""ewc_extra_forward_visits"": null, ""enabled_history"": [false]}]","{'SparseGEMPlugin': 0, 'EWCPlugin': 0, 'ReplayPlugin': 0, 'PrefetchWrapPlugin': 0, 'EvaluationPlugin': 0, 'PeriodicEval': 0, 'Clock': 0}"
effectiveness_v3_20260918T212037Z_f3306b0e,G/core50_nc/tight/O11/2/beta_double,O11,core50_nc,2,1,training,"[{""name"": ""gem"", ""enabled"": true, ""inner"": ""SparseGEMPlugin"", ""before_backward"": 750, ""after_training_exp"": 1, ""gem_reference_samples"": 50, ""ewc_extra_forward_visits"": 0, ""enabled_history"": [true]}, {""name"": ""ewc"", ""enabled"": true, ""inner"": ""EWCPlugin"", ""before_backward"": 750, ""after_training_exp"": 1, ""gem_reference_samples"": null, ""ewc_extra_forward_visits"": null, ""enabled_history"": [true]}]","{'SparseGEMPlugin': 615200, 'EWCPlugin': 2178576, 'ReplayPlugin': 0, 'PrefetchWrapPlugin': 0, 'EvaluationPlugin': 0, 'PeriodicEval': 0, 'Clock': 0}"
effectiveness_v3_20260918T212204Z_4a444ddd,G/core50_nc/tight/O11/0/lr_half,O11,core50_nc,0,0,training,"[{""name"": ""gem"", ""enabled"": false, ""inner"": ""SparseGEMPlugin"", ""before_backward"": 0, ""after_training_exp"": 0, ""gem_reference_samples"": 0, ""ewc_extra_forward_visits"": 0, ""enabled_history"": [false]}, {""name"": ""ewc"", ""enabled"": false, ""inner"": ""EWCPlugin"", ""before_backward"": 0, ""after_training_exp"": 0, ""gem_reference_samples"": null, ""ewc_extra_forward_visits"": null, ""enabled_history"": [false]}]","{'SparseGEMPlugin': 0, 'EWCPlugin': 0, 'ReplayPlugin': 0, 'PrefetchWrapPlugin': 0, 'EvaluationPlugin': 0, 'PeriodicEval': 0, 'Clock': 0}"
effectiveness_v3_20260918T212204Z_4a444ddd,G/core50_nc/tight/O11/0/lr_half,O11,core50_nc,0,1,training,"[{""name"": ""gem"", ""enabled"": true, ""inner"": ""SparseGEMPlugin"", ""before_backward"": 750, ""after_training_exp"": 1, ""gem_reference_samples"": 50, ""ewc_extra_forward_visits"": 0, ""enabled_history"": [true]}, {""name"": ""ewc"", ""enabled"": true, ""inner"": ""EWCPlugin"", ""before_backward"": 750, ""after_training_exp"": 1, ""gem_reference_samples"": null, ""ewc_extra_forward_visits"": null, ""enabled_history"": [true]}]","{'SparseGEMPlugin': 615200, 'EWCPlugin': 2178576, 'ReplayPlugin': 0, 'PrefetchWrapPlugin': 0, 'EvaluationPlugin': 0, 'PeriodicEval': 0, 'Clock': 0}"
effectiveness_v3_20260918T212332Z_e2c21f24,G/core50_nc/tight/O11/1/lr_half,O11,core50_nc,1,0,training,"[{""name"": ""gem"", ""enabled"": false, ""inner"": ""SparseGEMPlugin"", ""before_backward"": 0, ""after_training_exp"": 0, ""gem_reference_samples"": 0, ""ewc_extra_forward_visits"": 0, ""enabled_history"": [false]}, {""name"": ""ewc"", ""enabled"": false, ""inner"": ""EWCPlugin"", ""before_backward"": 0, ""after_training_exp"": 0, ""gem_reference_samples"": null, ""ewc_extra_forward_visits"": null, ""enabled_history"": [false]}]","{'SparseGEMPlugin': 0, 'EWCPlugin': 0, 'ReplayPlugin': 0, 'PrefetchWrapPlugin': 0, 'EvaluationPlugin': 0, 'PeriodicEval': 0, 'Clock': 0}"
effectiveness_v3_20260918T212332Z_e2c21f24,G/core50_nc/tight/O11/1/lr_half,O11,core50_nc,1,1,training,"[{""name"": ""gem"", ""enabled"": true, ""inner"": ""SparseGEMPlugin"", ""before_backward"": 750, ""after_training_exp"": 1, ""gem_reference_samples"": 50, ""ewc_extra_forward_visits"": 0, ""enabled_history"": [true]}, {""name"": ""ewc"", ""enabled"": true, ""inner"": ""EWCPlugin"", ""before_backward"": 750, ""after_training_exp"": 1, ""gem_reference_samples"": null, ""ewc_extra_forward_visits"": null, ""enabled_history"": [true]}]","{'SparseGEMPlugin': 615200, 'EWCPlugin': 2178576, 'ReplayPlugin': 0, 'PrefetchWrapPlugin': 0, 'EvaluationPlugin': 0, 'PeriodicEval': 0, 'Clock': 0}"
effectiveness_v3_20260918T212457Z_5925df96,G/core50_nc/tight/O11/2/lr_half,O11,core50_nc,2,0,training,"[{""name"": ""gem"", ""enabled"": false, ""inner"": ""SparseGEMPlugin"", ""before_backward"": 0, ""after_training_exp"": 0, ""gem_reference_samples"": 0, ""ewc_extra_forward_visits"": 0, ""enabled_history"": [false]}, {""name"": ""ewc"", ""enabled"": false, ""inner"": ""EWCPlugin"", ""before_backward"": 0, ""after_training_exp"": 0, ""gem_reference_samples"": null, ""ewc_extra_forward_visits"": null, ""enabled_history"": [false]}]","{'SparseGEMPlugin': 0, 'EWCPlugin': 0, 'ReplayPlugin': 0, 'PrefetchWrapPlugin': 0, 'EvaluationPlugin': 0, 'PeriodicEval': 0, 'Clock': 0}"
effectiveness_v3_20260918T212457Z_5925df96,G/core50_nc/tight/O11/2/lr_half,O11,core50_nc,2,1,training,"[{""name"": ""gem"", ""enabled"": true, ""inner"": ""SparseGEMPlugin"", ""before_backward"": 750, ""after_training_exp"": 1, ""gem_reference_samples"": 50, ""ewc_extra_forward_visits"": 0, ""enabled_history"": [true]}, {""name"": ""ewc"", ""enabled"": true, ""inner"": ""EWCPlugin"", ""before_backward"": 750, ""after_training_exp"": 1, ""gem_reference_samples"": null, ""ewc_extra_forward_visits"": null, ""enabled_history"": [true]}]","{'SparseGEMPlugin': 615200, 'EWCPlugin': 2178576, 'ReplayPlugin': 0, 'PrefetchWrapPlugin': 0, 'EvaluationPlugin': 0, 'PeriodicEval': 0, 'Clock': 0}"
effectiveness_v3_20260918T212625Z_b9468714,G/core50_nc/tight/O11/0/initial_batch32,O11,core50_nc,0,0,training,"[{""name"": ""gem"", ""enabled"": false, ""inner"": ""SparseGEMPlugin"", ""before_backward"": 0, ""after_training_exp"": 0, ""gem_reference_samples"": 0, ""ewc_extra_forward_visits"": 0, ""enabled_history"": [false]}, {""name"": ""ewc"", ""enabled"": false, ""inner"": ""EWCPlugin"", ""before_backward"": 0, ""after_training_exp"": 0, ""gem_reference_samples"": null, ""ewc_extra_forward_visits"": null, ""enabled_history"": [false]}]","{'SparseGEMPlugin': 0, 'EWCPlugin': 0, 'ReplayPlugin': 0, 'PrefetchWrapPlugin': 0, 'EvaluationPlugin': 0, 'PeriodicEval': 0, 'Clock': 0}"
effectiveness_v3_20260918T212658Z_b3ae2918,G/core50_nc/tight/O11/1/initial_batch32,O11,core50_nc,1,0,training,"[{""name"": ""gem"", ""enabled"": false, ""inner"": ""SparseGEMPlugin"", ""before_backward"": 0, ""after_training_exp"": 0, ""gem_reference_samples"": 0, ""ewc_extra_forward_visits"": 0, ""enabled_history"": [false]}, {""name"": ""ewc"", ""enabled"": false, ""inner"": ""EWCPlugin"", ""before_backward"": 0, ""after_training_exp"": 0, ""gem_reference_samples"": null, ""ewc_extra_forward_visits"": null, ""enabled_history"": [false]}]","{'SparseGEMPlugin': 0, 'EWCPlugin': 0, 'ReplayPlugin': 0, 'PrefetchWrapPlugin': 0, 'EvaluationPlugin': 0, 'PeriodicEval': 0, 'Clock': 0}"
effectiveness_v3_20260918T212731Z_9b5ab473,G/core50_nc/tight/O11/2/initial_batch32,O11,core50_nc,2,0,training,"[{""name"": ""gem"", ""enabled"": false, ""inner"": ""SparseGEMPlugin"", ""before_backward"": 0, ""after_training_exp"": 0, ""gem_reference_samples"": 0, ""ewc_extra_forward_visits"": 0, ""enabled_history"": [false]}, {""name"": ""ewc"", ""enabled"": false, ""inner"": ""EWCPlugin"", ""before_backward"": 0, ""after_training_exp"": 0, ""gem_reference_samples"": null, ""ewc_extra_forward_visits"": null, ""enabled_history"": [false]}]","{'SparseGEMPlugin': 0, 'EWCPlugin': 0, 'ReplayPlugin': 0, 'PrefetchWrapPlugin': 0, 'EvaluationPlugin': 0, 'PeriodicEval': 0, 'Clock': 0}"
effectiveness_v3_20260918T212803Z_193f70dc,G/core50_nc/tight/O11/0/initial_replay1000,O11,core50_nc,0,0,training,"[{""name"": ""gem"", ""enabled"": false, ""inner"": ""SparseGEMPlugin"", ""before_backward"": 0, ""after_training_exp"": 0, ""gem_reference_samples"": 0, ""ewc_extra_forward_visits"": 0, ""enabled_history"": [false]}, {""name"": ""ewc"", ""enabled"": false, ""inner"": ""EWCPlugin"", ""before_backward"": 0, ""after_training_exp"": 0, ""gem_reference_samples"": null, ""ewc_extra_forward_visits"": null, ""enabled_history"": [false]}]","{'SparseGEMPlugin': 0, 'EWCPlugin': 0, 'ReplayPlugin': 0, 'PrefetchWrapPlugin': 0, 'EvaluationPlugin': 0, 'PeriodicEval': 0, 'Clock': 0}"
effectiveness_v3_20260918T212803Z_193f70dc,G/core50_nc/tight/O11/0/initial_replay1000,O11,core50_nc,0,1,training,"[{""name"": ""gem"", ""enabled"": true, ""inner"": ""SparseGEMPlugin"", ""before_backward"": 750, ""after_training_exp"": 1, ""gem_reference_samples"": 50, ""ewc_extra_forward_visits"": 0, ""enabled_history"": [true]}, {""name"": ""ewc"", ""enabled"": true, ""inner"": ""EWCPlugin"", ""before_backward"": 750, ""after_training_exp"": 1, ""gem_reference_samples"": null, ""ewc_extra_forward_visits"": null, ""enabled_history"": [true]}]","{'SparseGEMPlugin': 615200, 'EWCPlugin': 2178576, 'ReplayPlugin': 0, 'PrefetchWrapPlugin': 0, 'EvaluationPlugin': 0, 'PeriodicEval': 0, 'Clock': 0}"
effectiveness_v3_20260918T212932Z_761cbed7,G/core50_nc/tight/O11/1/initial_replay1000,O11,core50_nc,1,0,training,"[{""name"": ""gem"", ""enabled"": false, ""inner"": ""SparseGEMPlugin"", ""before_backward"": 0, ""after_training_exp"": 0, ""gem_reference_samples"": 0, ""ewc_extra_forward_visits"": 0, ""enabled_history"": [false]}, {""name"": ""ewc"", ""enabled"": false, ""inner"": ""EWCPlugin"", ""before_backward"": 0, ""after_training_exp"": 0, ""gem_reference_samples"": null, ""ewc_extra_forward_visits"": null, ""enabled_history"": [false]}]","{'SparseGEMPlugin': 0, 'EWCPlugin': 0, 'ReplayPlugin': 0, 'PrefetchWrapPlugin': 0, 'EvaluationPlugin': 0, 'PeriodicEval': 0, 'Clock': 0}"
effectiveness_v3_20260918T212932Z_761cbed7,G/core50_nc/tight/O11/1/initial_replay1000,O11,core50_nc,1,1,training,"[{""name"": ""gem"", ""enabled"": true, ""inner"": ""SparseGEMPlugin"", ""before_backward"": 750, ""after_training_exp"": 1, ""gem_reference_samples"": 50, ""ewc_extra_forward_visits"": 0, ""enabled_history"": [true]}, {""name"": ""ewc"", ""enabled"": true, ""inner"": ""EWCPlugin"", ""before_backward"": 750, ""after_training_exp"": 1, ""gem_reference_samples"": null, ""ewc_extra_forward_visits"": null, ""enabled_history"": [true]}]","{'SparseGEMPlugin': 615200, 'EWCPlugin': 2178576, 'ReplayPlugin': 0, 'PrefetchWrapPlugin': 0, 'EvaluationPlugin': 0, 'PeriodicEval': 0, 'Clock': 0}"
effectiveness_v3_20260918T213102Z_e6e61120,G/core50_nc/tight/O11/2/initial_replay1000,O11,core50_nc,2,0,training,"[{""name"": ""gem"", ""enabled"": false, ""inner"": ""SparseGEMPlugin"", ""before_backward"": 0, ""after_training_exp"": 0, ""gem_reference_samples"": 0, ""ewc_extra_forward_visits"": 0, ""enabled_history"": [false]}, {""name"": ""ewc"", ""enabled"": false, ""inner"": ""EWCPlugin"", ""before_backward"": 0, ""after_training_exp"": 0, ""gem_reference_samples"": null, ""ewc_extra_forward_visits"": null, ""enabled_history"": [false]}]","{'SparseGEMPlugin': 0, 'EWCPlugin': 0, 'ReplayPlugin': 0, 'PrefetchWrapPlugin': 0, 'EvaluationPlugin': 0, 'PeriodicEval': 0, 'Clock': 0}"
effectiveness_v3_20260918T213102Z_e6e61120,G/core50_nc/tight/O11/2/initial_replay1000,O11,core50_nc,2,1,training,"[{""name"": ""gem"", ""enabled"": true, ""inner"": ""SparseGEMPlugin"", ""before_backward"": 750, ""after_training_exp"": 1, ""gem_reference_samples"": 50, ""ewc_extra_forward_visits"": 0, ""enabled_history"": [true]}, {""name"": ""ewc"", ""enabled"": true, ""inner"": ""EWCPlugin"", ""before_backward"": 750, ""after_training_exp"": 1, ""gem_reference_samples"": null, ""ewc_extra_forward_visits"": null, ""enabled_history"": [true]}]","{'SparseGEMPlugin': 615200, 'EWCPlugin': 2178576, 'ReplayPlugin': 0, 'PrefetchWrapPlugin': 0, 'EvaluationPlugin': 0, 'PeriodicEval': 0, 'Clock': 0}"
effectiveness_v3_20260918T213230Z_86788851,G/core50_nc/tight/O11/0/quota_mid,O11,core50_nc,0,0,training,"[{""name"": ""gem"", ""enabled"": false, ""inner"": ""SparseGEMPlugin"", ""before_backward"": 0, ""after_training_exp"": 0, ""gem_reference_samples"": 0, ""ewc_extra_forward_visits"": 0, ""enabled_history"": [false]}, {""name"": ""ewc"", ""enabled"": false, ""inner"": ""EWCPlugin"", ""before_backward"": 0, ""after_training_exp"": 0, ""gem_reference_samples"": null, ""ewc_extra_forward_visits"": null, ""enabled_history"": [false]}]","{'SparseGEMPlugin': 0, 'EWCPlugin': 0, 'ReplayPlugin': 0, 'PrefetchWrapPlugin': 0, 'EvaluationPlugin': 0, 'PeriodicEval': 0, 'Clock': 0}"
effectiveness_v3_20260918T213230Z_86788851,G/core50_nc/tight/O11/0/quota_mid,O11,core50_nc,0,1,training,"[{""name"": ""gem"", ""enabled"": true, ""inner"": ""SparseGEMPlugin"", ""before_backward"": 750, ""after_training_exp"": 1, ""gem_reference_samples"": 50, ""ewc_extra_forward_visits"": 0, ""enabled_history"": [true]}, {""name"": ""ewc"", ""enabled"": true, ""inner"": ""EWCPlugin"", ""before_backward"": 750, ""after_training_exp"": 1, ""gem_reference_samples"": null, ""ewc_extra_forward_visits"": null, ""enabled_history"": [true]}]","{'SparseGEMPlugin': 615200, 'EWCPlugin': 2178576, 'ReplayPlugin': 0, 'PrefetchWrapPlugin': 0, 'EvaluationPlugin': 0, 'PeriodicEval': 0, 'Clock': 0}"
effectiveness_v3_20260918T213230Z_86788851,G/core50_nc/tight/O11/0/quota_mid,O11,core50_nc,0,2,training,"[{""name"": ""gem"", ""enabled"": true, ""inner"": ""SparseGEMPlugin"", ""before_backward"": 750, ""after_training_exp"": 1, ""gem_reference_samples"": 100, ""ewc_extra_forward_visits"": 37500, ""enabled_history"": [true]}, {""name"": ""ewc"", ""enabled"": true, ""inner"": ""EWCPlugin"", ""before_backward"": 750, ""after_training_exp"": 1, ""gem_reference_samples"": null, ""ewc_extra_forward_visits"": null, ""enabled_history"": [true]}]","{'SparseGEMPlugin': 1230400, 'EWCPlugin': 4357152, 'ReplayPlugin': 0, 'PrefetchWrapPlugin': 0, 'EvaluationPlugin': 0, 'PeriodicEval': 0, 'Clock': 0}"
effectiveness_v3_20260918T213230Z_86788851,G/core50_nc/tight/O11/0/quota_mid,O11,core50_nc,0,3,training,"[{""name"": ""gem"", ""enabled"": true, ""inner"": ""SparseGEMPlugin"", ""before_backward"": 750, ""after_training_exp"": 1, ""gem_reference_samples"": 150, ""ewc_extra_forward_visits"": 75000, ""enabled_history"": [true]}, {""name"": ""ewc"", ""enabled"": true, ""inner"": ""EWCPlugin"", ""before_backward"": 750, ""after_training_exp"": 1, ""gem_reference_samples"": null, ""ewc_extra_forward_visits"": null, ""enabled_history"": [true]}]","{'SparseGEMPlugin': 1845600, 'EWCPlugin': 6535728, 'ReplayPlugin': 0, 'PrefetchWrapPlugin': 0, 'EvaluationPlugin': 0, 'PeriodicEval': 0, 'Clock': 0}"
effectiveness_v3_20260918T213230Z_86788851,G/core50_nc/tight/O11/0/quota_mid,O11,core50_nc,0,4,training,"[{""name"": ""gem"", ""enabled"": true, ""inner"": ""SparseGEMPlugin"", ""before_backward"": 706, ""after_training_exp"": 1, ""gem_reference_samples"": 200, ""ewc_extra_forward_visits"": 105900, ""enabled_history"": [true]}, {""name"": ""ewc"", ""enabled"": true, ""inner"": ""EWCPlugin"", ""before_backward"": 706, ""after_training_exp"": 1, ""gem_reference_samples"": null, ""ewc_extra_forward_visits"": null, ""enabled_history"": [true]}]","{'SparseGEMPlugin': 2460800, 'EWCPlugin': 8714304, 'ReplayPlugin': 0, 'PrefetchWrapPlugin': 0, 'EvaluationPlugin': 0, 'PeriodicEval': 0, 'Clock': 0}"
effectiveness_v3_20260918T213230Z_86788851,G/core50_nc/tight/O11/0/quota_mid,O11,core50_nc,0,5,training,"[{""name"": ""gem"", ""enabled"": true, ""inner"": ""SparseGEMPlugin"", ""before_backward"": 705, ""after_training_exp"": 1, ""gem_reference_samples"": 250, ""ewc_extra_forward_visits"": 141000, ""enabled_history"": [true]}, {""name"": ""ewc"", ""enabled"": true, ""inner"": ""EWCPlugin"", ""before_backward"": 705, ""after_training_exp"": 1, ""gem_reference_samples"": null, ""ewc_extra_forward_visits"": null, ""enabled_history"": [true]}]","{'SparseGEMPlugin': 3076000, 'EWCPlugin': 10892880, 'ReplayPlugin': 0, 'PrefetchWrapPlugin': 0, 'EvaluationPlugin': 0, 'PeriodicEval': 0, 'Clock': 0}"
effectiveness_v3_20260918T213230Z_86788851,G/core50_nc/tight/O11/0/quota_mid,O11,core50_nc,0,6,training,"[{""name"": ""gem"", ""enabled"": true, ""inner"": ""SparseGEMPlugin"", ""before_backward"": 706, ""after_training_exp"": 1, ""gem_reference_samples"": 300, ""ewc_extra_forward_visits"": 176500, ""enabled_history"": [true]}, {""name"": ""ewc"", ""enabled"": true, ""inner"": ""EWCPlugin"", ""before_backward"": 706, ""after_training_exp"": 1, ""gem_reference_samples"": null, ""ewc_extra_forward_visits"": null, ""enabled_history"": [true]}]","{'SparseGEMPlugin': 3691200, 'EWCPlugin': 13071456, 'ReplayPlugin': 0, 'PrefetchWrapPlugin': 0, 'EvaluationPlugin': 0, 'PeriodicEval': 0, 'Clock': 0}"
effectiveness_v3_20260918T213230Z_86788851,G/core50_nc/tight/O11/0/quota_mid,O11,core50_nc,0,7,training,"[{""name"": ""gem"", ""enabled"": true, ""inner"": ""SparseGEMPlugin"", ""before_backward"": 666, ""after_training_exp"": 1, ""gem_reference_samples"": 350, ""ewc_extra_forward_visits"": 199800, ""enabled_history"": [true]}, {""name"": ""ewc"", ""enabled"": true, ""inner"": ""EWCPlugin"", ""before_backward"": 666, ""after_training_exp"": 1, ""gem_reference_samples"": null, ""ewc_extra_forward_visits"": null, ""enabled_history"": [true]}]","{'SparseGEMPlugin': 4306400, 'EWCPlugin': 15250032, 'ReplayPlugin': 0, 'PrefetchWrapPlugin': 0, 'EvaluationPlugin': 0, 'PeriodicEval': 0, 'Clock': 0}"
effectiveness_v3_20260918T213230Z_86788851,G/core50_nc/tight/O11/0/quota_mid,O11,core50_nc,0,8,training,"[{""name"": ""gem"", ""enabled"": true, ""inner"": ""SparseGEMPlugin"", ""before_backward"": 667, ""after_training_exp"": 1, ""gem_reference_samples"": 400, ""ewc_extra_forward_visits"": 233450, ""enabled_history"": [true]}, {""name"": ""ewc"", ""enabled"": true, ""inner"": ""EWCPlugin"", ""before_backward"": 667, ""after_training_exp"": 1, ""gem_reference_samples"": null, ""ewc_extra_forward_visits"": null, ""enabled_history"": [true]}]","{'SparseGEMPlugin': 4921600, 'EWCPlugin': 17428608, 'ReplayPlugin': 0, 'PrefetchWrapPlugin': 0, 'EvaluationPlugin': 0, 'PeriodicEval': 0, 'Clock': 0}"
effectiveness_v3_20260918T214903Z_6a27b720,G/core50_nc/tight/O11/1/quota_mid,O11,core50_nc,1,0,training,"[{""name"": ""gem"", ""enabled"": false, ""inner"": ""SparseGEMPlugin"", ""before_backward"": 0, ""after_training_exp"": 0, ""gem_reference_samples"": 0, ""ewc_extra_forward_visits"": 0, ""enabled_history"": [false]}, {""name"": ""ewc"", ""enabled"": false, ""inner"": ""EWCPlugin"", ""before_backward"": 0, ""after_training_exp"": 0, ""gem_reference_samples"": null, ""ewc_extra_forward_visits"": null, ""enabled_history"": [false]}]","{'SparseGEMPlugin': 0, 'EWCPlugin': 0, 'ReplayPlugin': 0, 'PrefetchWrapPlugin': 0, 'EvaluationPlugin': 0, 'PeriodicEval': 0, 'Clock': 0}"
effectiveness_v3_20260918T214903Z_6a27b720,G/core50_nc/tight/O11/1/quota_mid,O11,core50_nc,1,1,training,"[{""name"": ""gem"", ""enabled"": true, ""inner"": ""SparseGEMPlugin"", ""before_backward"": 750, ""after_training_exp"": 1, ""gem_reference_samples"": 50, ""ewc_extra_forward_visits"": 0, ""enabled_history"": [true]}, {""name"": ""ewc"", ""enabled"": true, ""inner"": ""EWCPlugin"", ""before_backward"": 750, ""after_training_exp"": 1, ""gem_reference_samples"": null, ""ewc_extra_forward_visits"": null, ""enabled_history"": [true]}]","{'SparseGEMPlugin': 615200, 'EWCPlugin': 2178576, 'ReplayPlugin': 0, 'PrefetchWrapPlugin': 0, 'EvaluationPlugin': 0, 'PeriodicEval': 0, 'Clock': 0}"
effectiveness_v3_20260918T214903Z_6a27b720,G/core50_nc/tight/O11/1/quota_mid,O11,core50_nc,1,2,training,"[{""name"": ""gem"", ""enabled"": true, ""inner"": ""SparseGEMPlugin"", ""before_backward"": 750, ""after_training_exp"": 1, ""gem_reference_samples"": 100, ""ewc_extra_forward_visits"": 37500, ""enabled_history"": [true]}, {""name"": ""ewc"", ""enabled"": true, ""inner"": ""EWCPlugin"", ""before_backward"": 750, ""after_training_exp"": 1, ""gem_reference_samples"": null, ""ewc_extra_forward_visits"": null, ""enabled_history"": [true]}]","{'SparseGEMPlugin': 1230400, 'EWCPlugin': 4357152, 'ReplayPlugin': 0, 'PrefetchWrapPlugin': 0, 'EvaluationPlugin': 0, 'PeriodicEval': 0, 'Clock': 0}"
effectiveness_v3_20260918T214903Z_6a27b720,G/core50_nc/tight/O11/1/quota_mid,O11,core50_nc,1,3,training,"[{""name"": ""gem"", ""enabled"": true, ""inner"": ""SparseGEMPlugin"", ""before_backward"": 750, ""after_training_exp"": 1, ""gem_reference_samples"": 150, ""ewc_extra_forward_visits"": 75000, ""enabled_history"": [true]}, {""name"": ""ewc"", ""enabled"": true, ""inner"": ""EWCPlugin"", ""before_backward"": 750, ""after_training_exp"": 1, ""gem_reference_samples"": null, ""ewc_extra_forward_visits"": null, ""enabled_history"": [true]}]","{'SparseGEMPlugin': 1845600, 'EWCPlugin': 6535728, 'ReplayPlugin': 0, 'PrefetchWrapPlugin': 0, 'EvaluationPlugin': 0, 'PeriodicEval': 0, 'Clock': 0}"
effectiveness_v3_20260918T214903Z_6a27b720,G/core50_nc/tight/O11/1/quota_mid,O11,core50_nc,1,4,training,"[{""name"": ""gem"", ""enabled"": true, ""inner"": ""SparseGEMPlugin"", ""before_backward"": 706, ""after_training_exp"": 1, ""gem_reference_samples"": 200, ""ewc_extra_forward_visits"": 105900, ""enabled_history"": [true]}, {""name"": ""ewc"", ""enabled"": true, ""inner"": ""EWCPlugin"", ""before_backward"": 706, ""after_training_exp"": 1, ""gem_reference_samples"": null, ""ewc_extra_forward_visits"": null, ""enabled_history"": [true]}]","{'SparseGEMPlugin': 2460800, 'EWCPlugin': 8714304, 'ReplayPlugin': 0, 'PrefetchWrapPlugin': 0, 'EvaluationPlugin': 0, 'PeriodicEval': 0, 'Clock': 0}"
effectiveness_v3_20260918T214903Z_6a27b720,G/core50_nc/tight/O11/1/quota_mid,O11,core50_nc,1,5,training,"[{""name"": ""gem"", ""enabled"": true, ""inner"": ""SparseGEMPlugin"", ""before_backward"": 705, ""after_training_exp"": 1, ""gem_reference_samples"": 250, ""ewc_extra_forward_visits"": 141000, ""enabled_history"": [true]}, {""name"": ""ewc"", ""enabled"": true, ""inner"": ""EWCPlugin"", ""before_backward"": 705, ""after_training_exp"": 1, ""gem_reference_samples"": null, ""ewc_extra_forward_visits"": null, ""enabled_history"": [true]}]","{'SparseGEMPlugin': 3076000, 'EWCPlugin': 10892880, 'ReplayPlugin': 0, 'PrefetchWrapPlugin': 0, 'EvaluationPlugin': 0, 'PeriodicEval': 0, 'Clock': 0}"
effectiveness_v3_20260918T214903Z_6a27b720,G/core50_nc/tight/O11/1/quota_mid,O11,core50_nc,1,6,training,"[{""name"": ""gem"", ""enabled"": true, ""inner"": ""SparseGEMPlugin"", ""before_backward"": 706, ""after_training_exp"": 1, ""gem_reference_samples"": 300, ""ewc_extra_forward_visits"": 176500, ""enabled_history"": [true]}, {""name"": ""ewc"", ""enabled"": true, ""inner"": ""EWCPlugin"", ""before_backward"": 706, ""after_training_exp"": 1, ""gem_reference_samples"": null, ""ewc_extra_forward_visits"": null, ""enabled_history"": [true]}]","{'SparseGEMPlugin': 3691200, 'EWCPlugin': 13071456, 'ReplayPlugin': 0, 'PrefetchWrapPlugin': 0, 'EvaluationPlugin': 0, 'PeriodicEval': 0, 'Clock': 0}"
effectiveness_v3_20260918T214903Z_6a27b720,G/core50_nc/tight/O11/1/quota_mid,O11,core50_nc,1,7,training,"[{""name"": ""gem"", ""enabled"": true, ""inner"": ""SparseGEMPlugin"", ""before_backward"": 666, ""after_training_exp"": 1, ""gem_reference_samples"": 350, ""ewc_extra_forward_visits"": 199800, ""enabled_history"": [true]}, {""name"": ""ewc"", ""enabled"": true, ""inner"": ""EWCPlugin"", ""before_backward"": 666, ""after_training_exp"": 1, ""gem_reference_samples"": null, ""ewc_extra_forward_visits"": null, ""enabled_history"": [true]}]","{'SparseGEMPlugin': 4306400, 'EWCPlugin': 15250032, 'ReplayPlugin': 0, 'PrefetchWrapPlugin': 0, 'EvaluationPlugin': 0, 'PeriodicEval': 0, 'Clock': 0}"
effectiveness_v3_20260918T214903Z_6a27b720,G/core50_nc/tight/O11/1/quota_mid,O11,core50_nc,1,8,training,"[{""name"": ""gem"", ""enabled"": true, ""inner"": ""SparseGEMPlugin"", ""before_backward"": 667, ""after_training_exp"": 1, ""gem_reference_samples"": 400, ""ewc_extra_forward_visits"": 233450, ""enabled_history"": [true]}, {""name"": ""ewc"", ""enabled"": true, ""inner"": ""EWCPlugin"", ""before_backward"": 667, ""after_training_exp"": 1, ""gem_reference_samples"": null, ""ewc_extra_forward_visits"": null, ""enabled_history"": [true]}]","{'SparseGEMPlugin': 4921600, 'EWCPlugin': 17428608, 'ReplayPlugin': 0, 'PrefetchWrapPlugin': 0, 'EvaluationPlugin': 0, 'PeriodicEval': 0, 'Clock': 0}"
effectiveness_v3_20260918T220535Z_5119b35b,G/core50_nc/tight/O11/2/quota_mid,O11,core50_nc,2,0,training,"[{""name"": ""gem"", ""enabled"": false, ""inner"": ""SparseGEMPlugin"", ""before_backward"": 0, ""after_training_exp"": 0, ""gem_reference_samples"": 0, ""ewc_extra_forward_visits"": 0, ""enabled_history"": [false]}, {""name"": ""ewc"", ""enabled"": false, ""inner"": ""EWCPlugin"", ""before_backward"": 0, ""after_training_exp"": 0, ""gem_reference_samples"": null, ""ewc_extra_forward_visits"": null, ""enabled_history"": [false]}]","{'SparseGEMPlugin': 0, 'EWCPlugin': 0, 'ReplayPlugin': 0, 'PrefetchWrapPlugin': 0, 'EvaluationPlugin': 0, 'PeriodicEval': 0, 'Clock': 0}"
effectiveness_v3_20260918T220535Z_5119b35b,G/core50_nc/tight/O11/2/quota_mid,O11,core50_nc,2,1,training,"[{""name"": ""gem"", ""enabled"": true, ""inner"": ""SparseGEMPlugin"", ""before_backward"": 750, ""after_training_exp"": 1, ""gem_reference_samples"": 50, ""ewc_extra_forward_visits"": 0, ""enabled_history"": [true]}, {""name"": ""ewc"", ""enabled"": true, ""inner"": ""EWCPlugin"", ""before_backward"": 750, ""after_training_exp"": 1, ""gem_reference_samples"": null, ""ewc_extra_forward_visits"": null, ""enabled_history"": [true]}]","{'SparseGEMPlugin': 615200, 'EWCPlugin': 2178576, 'ReplayPlugin': 0, 'PrefetchWrapPlugin': 0, 'EvaluationPlugin': 0, 'PeriodicEval': 0, 'Clock': 0}"
effectiveness_v3_20260918T220535Z_5119b35b,G/core50_nc/tight/O11/2/quota_mid,O11,core50_nc,2,2,training,"[{""name"": ""gem"", ""enabled"": true, ""inner"": ""SparseGEMPlugin"", ""before_backward"": 750, ""after_training_exp"": 1, ""gem_reference_samples"": 100, ""ewc_extra_forward_visits"": 37500, ""enabled_history"": [true]}, {""name"": ""ewc"", ""enabled"": true, ""inner"": ""EWCPlugin"", ""before_backward"": 750, ""after_training_exp"": 1, ""gem_reference_samples"": null, ""ewc_extra_forward_visits"": null, ""enabled_history"": [true]}]","{'SparseGEMPlugin': 1230400, 'EWCPlugin': 4357152, 'ReplayPlugin': 0, 'PrefetchWrapPlugin': 0, 'EvaluationPlugin': 0, 'PeriodicEval': 0, 'Clock': 0}"
effectiveness_v3_20260918T220535Z_5119b35b,G/core50_nc/tight/O11/2/quota_mid,O11,core50_nc,2,3,training,"[{""name"": ""gem"", ""enabled"": true, ""inner"": ""SparseGEMPlugin"", ""before_backward"": 750, ""after_training_exp"": 1, ""gem_reference_samples"": 150, ""ewc_extra_forward_visits"": 75000, ""enabled_history"": [true]}, {""name"": ""ewc"", ""enabled"": true, ""inner"": ""EWCPlugin"", ""before_backward"": 750, ""after_training_exp"": 1, ""gem_reference_samples"": null, ""ewc_extra_forward_visits"": null, ""enabled_history"": [true]}]","{'SparseGEMPlugin': 1845600, 'EWCPlugin': 6535728, 'ReplayPlugin': 0, 'PrefetchWrapPlugin': 0, 'EvaluationPlugin': 0, 'PeriodicEval': 0, 'Clock': 0}"
effectiveness_v3_20260918T220535Z_5119b35b,G/core50_nc/tight/O11/2/quota_mid,O11,core50_nc,2,4,training,"[{""name"": ""gem"", ""enabled"": true, ""inner"": ""SparseGEMPlugin"", ""before_backward"": 706, ""after_training_exp"": 1, ""gem_reference_samples"": 200, ""ewc_extra_forward_visits"": 105900, ""enabled_history"": [true]}, {""name"": ""ewc"", ""enabled"": true, ""inner"": ""EWCPlugin"", ""before_backward"": 706, ""after_training_exp"": 1, ""gem_reference_samples"": null, ""ewc_extra_forward_visits"": null, ""enabled_history"": [true]}]","{'SparseGEMPlugin': 2460800, 'EWCPlugin': 8714304, 'ReplayPlugin': 0, 'PrefetchWrapPlugin': 0, 'EvaluationPlugin': 0, 'PeriodicEval': 0, 'Clock': 0}"
effectiveness_v3_20260918T220535Z_5119b35b,G/core50_nc/tight/O11/2/quota_mid,O11,core50_nc,2,5,training,"[{""name"": ""gem"", ""enabled"": true, ""inner"": ""SparseGEMPlugin"", ""before_backward"": 705, ""after_training_exp"": 1, ""gem_reference_samples"": 250, ""ewc_extra_forward_visits"": 141000, ""enabled_history"": [true]}, {""name"": ""ewc"", ""enabled"": true, ""inner"": ""EWCPlugin"", ""before_backward"": 705, ""after_training_exp"": 1, ""gem_reference_samples"": null, ""ewc_extra_forward_visits"": null, ""enabled_history"": [true]}]","{'SparseGEMPlugin': 3076000, 'EWCPlugin': 10892880, 'ReplayPlugin': 0, 'PrefetchWrapPlugin': 0, 'EvaluationPlugin': 0, 'PeriodicEval': 0, 'Clock': 0}"
effectiveness_v3_20260918T220535Z_5119b35b,G/core50_nc/tight/O11/2/quota_mid,O11,core50_nc,2,6,training,"[{""name"": ""gem"", ""enabled"": true, ""inner"": ""SparseGEMPlugin"", ""before_backward"": 706, ""after_training_exp"": 1, ""gem_reference_samples"": 300, ""ewc_extra_forward_visits"": 176500, ""enabled_history"": [true]}, {""name"": ""ewc"", ""enabled"": true, ""inner"": ""EWCPlugin"", ""before_backward"": 706, ""after_training_exp"": 1, ""gem_reference_samples"": null, ""ewc_extra_forward_visits"": null, ""enabled_history"": [true]}]","{'SparseGEMPlugin': 3691200, 'EWCPlugin': 13071456, 'ReplayPlugin': 0, 'PrefetchWrapPlugin': 0, 'EvaluationPlugin': 0, 'PeriodicEval': 0, 'Clock': 0}"
effectiveness_v3_20260918T220535Z_5119b35b,G/core50_nc/tight/O11/2/quota_mid,O11,core50_nc,2,7,training,"[{""name"": ""gem"", ""enabled"": true, ""inner"": ""SparseGEMPlugin"", ""before_backward"": 666, ""after_training_exp"": 1, ""gem_reference_samples"": 350, ""ewc_extra_forward_visits"": 199800, ""enabled_history"": [true]}, {""name"": ""ewc"", ""enabled"": true, ""inner"": ""EWCPlugin"", ""before_backward"": 666, ""after_training_exp"": 1, ""gem_reference_samples"": null, ""ewc_extra_forward_visits"": null, ""enabled_history"": [true]}]","{'SparseGEMPlugin': 4306400, 'EWCPlugin': 15250032, 'ReplayPlugin': 0, 'PrefetchWrapPlugin': 0, 'EvaluationPlugin': 0, 'PeriodicEval': 0, 'Clock': 0}"
effectiveness_v3_20260918T220535Z_5119b35b,G/core50_nc/tight/O11/2/quota_mid,O11,core50_nc,2,8,training,"[{""name"": ""gem"", ""enabled"": true, ""inner"": ""SparseGEMPlugin"", ""before_backward"": 667, ""after_training_exp"": 1, ""gem_reference_samples"": 400, ""ewc_extra_forward_visits"": 233450, ""enabled_history"": [true]}, {""name"": ""ewc"", ""enabled"": true, ""inner"": ""EWCPlugin"", ""before_backward"": 667, ""after_training_exp"": 1, ""gem_reference_samples"": null, ""ewc_extra_forward_visits"": null, ""enabled_history"": [true]}]","{'SparseGEMPlugin': 4921600, 'EWCPlugin': 17428608, 'ReplayPlugin': 0, 'PrefetchWrapPlugin': 0, 'EvaluationPlugin': 0, 'PeriodicEval': 0, 'Clock': 0}"
