run_id,cell_id,method,dataset,seed,experience_index,learning_s,prefetch_produce_s,prefetch_wait_s,blocked_s,prefetch_enabled,supply_wait_ratio
effectiveness_v3_20260918T124042Z_48203b04,A/core50_nc/tight/S0/0/default,S0,core50_nc,0,0,33.85912263600039,14.371928124804981,0.0,14.371928124804981,False,0.4244625083558475
effectiveness_v3_20260918T124042Z_48203b04,A/core50_nc/tight/S0/0/default,S0,core50_nc,0,1,19.416339757008245,10.86982099377201,0.0,10.86982099377201,False,0.5598285325558642
effectiveness_v3_20260918T124042Z_48203b04,A/core50_nc/tight/S0/0/default,S0,core50_nc,0,2,19.50966810801765,10.926745507662417,0.0,10.926745507662417,False,0.5600682414055002
effectiveness_v3_20260918T124042Z_48203b04,A/core50_nc/tight/S0/0/default,S0,core50_nc,0,3,19.692571204010164,11.092553105088882,0.0,11.092553105088882,False,0.5632861747799602
effectiveness_v3_20260918T124042Z_48203b04,A/core50_nc/tight/S0/0/default,S0,core50_nc,0,4,19.63820938198478,10.947685750259552,0.0,10.947685750259552,False,0.5574686335864446
effectiveness_v3_20260918T124042Z_48203b04,A/core50_nc/tight/S0/0/default,S0,core50_nc,0,5,19.50593480101088,10.836735251796199,0.0,10.836735251796199,False,0.5555609286274551
effectiveness_v3_20260918T124042Z_48203b04,A/core50_nc/tight/S0/0/default,S0,core50_nc,0,6,17.08015376102412,9.633365151035832,0.0,9.633365151035832,False,0.5640092756669784
effectiveness_v3_20260918T124042Z_48203b04,A/core50_nc/tight/S0/0/default,S0,core50_nc,0,7,19.571209365007235,10.943346543237567,0.0,10.943346543237567,False,0.5591553561735413
effectiveness_v3_20260918T124042Z_48203b04,A/core50_nc/tight/S0/0/default,S0,core50_nc,0,8,18.88644973700866,10.58514744308195,0.0,10.58514744308195,False,0.5604625321581739
effectiveness_v3_20260918T124542Z_e661f745,A/core50_nc/tight/S_star/0/default,S_star,core50_nc,0,0,31.36682839799323,13.3387678291474,0.0,13.3387678291474,False,0.4252507668260391
effectiveness_v3_20260918T124542Z_e661f745,A/core50_nc/tight/S_star/0/default,S_star,core50_nc,0,1,19.925567995989695,11.08621980168391,0.0,11.08621980168391,False,0.5563816200328728
effectiveness_v3_20260918T124542Z_e661f745,A/core50_nc/tight/S_star/0/default,S_star,core50_nc,0,2,18.73834034099127,10.528399525384884,0.0,10.528399525384884,False,0.5618640356506581
effectiveness_v3_20260918T124542Z_e661f745,A/core50_nc/tight/S_star/0/default,S_star,core50_nc,0,3,19.886929725005757,10.818940931814723,0.0,10.818940931814723,False,0.5440226863280471
effectiveness_v3_20260918T124542Z_e661f745,A/core50_nc/tight/S_star/0/default,S_star,core50_nc,0,4,18.793381052993936,10.485513049556175,0.0,10.485513049556175,False,0.5579364894474775
effectiveness_v3_20260918T124542Z_e661f745,A/core50_nc/tight/S_star/0/default,S_star,core50_nc,0,5,19.7809471040091,10.964954343362479,0.0,10.964954343362479,False,0.5543189760180977
effectiveness_v3_20260918T124542Z_e661f745,A/core50_nc/tight/S_star/0/default,S_star,core50_nc,0,6,17.97876187498332,10.125008668896044,0.0,10.125008668896044,False,0.5631649575928007
effectiveness_v3_20260918T124542Z_e661f745,A/core50_nc/tight/S_star/0/default,S_star,core50_nc,0,7,17.188934239995433,9.668928826082265,0.0,9.668928826082265,False,0.5625089194642724
effectiveness_v3_20260918T124542Z_e661f745,A/core50_nc/tight/S_star/0/default,S_star,core50_nc,0,8,16.628365362004843,9.478522514080396,0.0,9.478522514080396,False,0.570021304423491
effectiveness_v3_20260918T125033Z_0169998d,A/core50_nc/tight/O00/0/default,O00,core50_nc,0,0,32.605693340010475,13.88376407630858,0.0,13.88376407630858,False,0.4258079695324804
effectiveness_v3_20260918T125033Z_0169998d,A/core50_nc/tight/O00/0/default,O00,core50_nc,0,1,36.27120242599631,9.876019318355247,0.0,9.876019318355247,False,0.27228265559999476
effectiveness_v3_20260918T125201Z_602c23ec,A/core50_nc/tight/O10/0/default,O10,core50_nc,0,0,32.21909892998519,13.559869700868148,0.0,13.559869700868148,False,0.4208643367194993
effectiveness_v3_20260918T125201Z_602c23ec,A/core50_nc/tight/O10/0/default,O10,core50_nc,0,1,35.27996339299716,9.498767339886399,0.0,9.498767339886399,False,0.2692397164383635
effectiveness_v3_20260918T125327Z_307ffa7d,A/core50_nc/tight/O01/0/default,O01,core50_nc,0,0,32.17877930399845,13.778493311721832,0.0,13.778493311721832,False,0.42818570529211314
effectiveness_v3_20260918T125327Z_307ffa7d,A/core50_nc/tight/O01/0/default,O01,core50_nc,0,1,35.27253563099657,9.403379946073983,0.0,9.403379946073983,False,0.26659211700705016
effectiveness_v3_20260918T125453Z_e468c444,A/core50_nc/tight/O11/0/default,O11,core50_nc,0,0,33.2575379620248,14.055094587791245,0.0,14.055094587791245,False,0.4226138027366935
effectiveness_v3_20260918T125453Z_e468c444,A/core50_nc/tight/O11/0/default,O11,core50_nc,0,1,36.9327705730102,10.713393454614561,0.0,10.713393454614561,False,0.2900782499768299
effectiveness_v3_20260918T125622Z_5cc2c4e7,A/core50_nc/tight/R11/0/default,R11,core50_nc,0,0,32.54364337597508,13.776866258733207,0.0,13.776866258733207,False,0.4233350918816852
effectiveness_v3_20260918T125622Z_5cc2c4e7,A/core50_nc/tight/R11/0/default,R11,core50_nc,0,1,18.91970845099422,10.400833919993602,0.0,10.400833919993602,False,0.5497354225586412
effectiveness_v3_20260918T125622Z_5cc2c4e7,A/core50_nc/tight/R11/0/default,R11,core50_nc,0,2,19.68153787299525,10.94076675985707,0.0,10.94076675985707,False,0.5558898308891165
effectiveness_v3_20260918T125622Z_5cc2c4e7,A/core50_nc/tight/R11/0/default,R11,core50_nc,0,3,18.498134141002083,10.281009539001388,0.0,10.281009539001388,False,0.5557863004254571
effectiveness_v3_20260918T125622Z_5cc2c4e7,A/core50_nc/tight/R11/0/default,R11,core50_nc,0,4,14.202882465993753,8.168211861979216,0.0,8.168211861979216,False,0.5751094456731956
effectiveness_v3_20260918T125622Z_5cc2c4e7,A/core50_nc/tight/R11/0/default,R11,core50_nc,0,5,16.179064402007498,9.278412089101039,0.0,9.278412089101039,False,0.573482610524115
effectiveness_v3_20260918T125622Z_5cc2c4e7,A/core50_nc/tight/R11/0/default,R11,core50_nc,0,6,18.836878587986575,10.381705046980642,0.0,10.381705046980642,False,0.5511372278845439
effectiveness_v3_20260918T125622Z_5cc2c4e7,A/core50_nc/tight/R11/0/default,R11,core50_nc,0,7,19.059233742998913,10.414685166906565,0.0,10.414685166906565,False,0.5464377690804187
effectiveness_v3_20260918T125622Z_5cc2c4e7,A/core50_nc/tight/R11/0/default,R11,core50_nc,0,8,16.196635776985204,9.391959302243777,0.0,9.391959302243777,False,0.5798709949129923
effectiveness_v3_20260918T130106Z_37d309d9,A/core50_nc/tight/F11/0/default,F11,core50_nc,0,0,62.22289381700102,12.002778470196063,0.0,12.002778470196063,False,0.1928997147817733
effectiveness_v3_20260918T130221Z_60c895a2,A/core50_nc/tight/S_star/1/default,S_star,core50_nc,1,0,32.32569309300743,13.781437094381545,0.0,13.781437094381545,False,0.42633075351948735
effectiveness_v3_20260918T130221Z_60c895a2,A/core50_nc/tight/S_star/1/default,S_star,core50_nc,1,1,16.96011223999085,9.72520401206566,0.0,9.72520401206566,False,0.5734162530560534
effectiveness_v3_20260918T130221Z_60c895a2,A/core50_nc/tight/S_star/1/default,S_star,core50_nc,1,2,18.594875709008193,10.377831723046256,0.0,10.377831723046256,False,0.5581016988469985
effectiveness_v3_20260918T130221Z_60c895a2,A/core50_nc/tight/S_star/1/default,S_star,core50_nc,1,3,19.885411021008622,10.795685440767556,0.0,10.795685440767556,False,0.5428947598499264
effectiveness_v3_20260918T130221Z_60c895a2,A/core50_nc/tight/S_star/1/default,S_star,core50_nc,1,4,18.416630894993432,10.199779312708415,0.0,10.199779312708415,False,0.5538352465695139
effectiveness_v3_20260918T130221Z_60c895a2,A/core50_nc/tight/S_star/1/default,S_star,core50_nc,1,5,19.470248733006883,10.834768570959568,0.0,10.834768570959568,False,0.5564781795823676
effectiveness_v3_20260918T130221Z_60c895a2,A/core50_nc/tight/S_star/1/default,S_star,core50_nc,1,6,19.5411318000115,10.986005001730518,0.0,10.986005001730518,False,0.562199012532327
effectiveness_v3_20260918T130221Z_60c895a2,A/core50_nc/tight/S_star/1/default,S_star,core50_nc,1,7,19.043661659990903,10.301918931712862,0.0,10.301918931712862,False,0.5409631359580552
effectiveness_v3_20260918T130221Z_60c895a2,A/core50_nc/tight/S_star/1/default,S_star,core50_nc,1,8,19.262841443007346,10.69929446207243,0.0,10.69929446207243,False,0.5554369792082989
effectiveness_v3_20260918T130717Z_c1ab5a21,A/core50_nc/tight/O00/1/default,O00,core50_nc,1,0,32.26306085399119,13.843858788459329,0.0,13.843858788459329,False,0.42909316171552075
effectiveness_v3_20260918T130717Z_c1ab5a21,A/core50_nc/tight/O00/1/default,O00,core50_nc,1,1,37.28305354999611,10.779140625149012,0.0,10.779140625149012,False,0.2891163571324521
effectiveness_v3_20260918T130845Z_09b114c7,A/core50_nc/tight/O10/1/default,O10,core50_nc,1,0,33.24147175200051,14.198019081173697,0.0,14.198019081173697,False,0.42711764349962167
effectiveness_v3_20260918T130845Z_09b114c7,A/core50_nc/tight/O10/1/default,O10,core50_nc,1,1,36.957157066004584,10.770008370658616,0.0,10.770008370658616,False,0.291418746074641
effectiveness_v3_20260918T131014Z_b09fde4a,A/core50_nc/tight/O01/1/default,O01,core50_nc,1,0,30.653928601997904,13.017070329544367,0.0,13.017070329544367,False,0.4246460706082536
effectiveness_v3_20260918T131014Z_b09fde4a,A/core50_nc/tight/O01/1/default,O01,core50_nc,1,1,37.87267733400222,10.69045220661792,0.0,10.69045220661792,False,0.28227347415494164
effectiveness_v3_20260918T131141Z_97cbc12a,A/core50_nc/tight/O11/1/default,O11,core50_nc,1,0,32.18226421397412,13.819705568399513,0.0,13.819705568399513,False,0.42941992758852393
effectiveness_v3_20260918T131141Z_97cbc12a,A/core50_nc/tight/O11/1/default,O11,core50_nc,1,1,35.51783727001748,9.710612012655474,0.0,9.710612012655474,False,0.2734009939522057
effectiveness_v3_20260918T131308Z_e7f97314,A/core50_nc/tight/R11/1/default,R11,core50_nc,1,0,30.0982326779922,12.844100102345692,0.0,12.844100102345692,False,0.4267393451223229
effectiveness_v3_20260918T131308Z_e7f97314,A/core50_nc/tight/R11/1/default,R11,core50_nc,1,1,19.608868752984563,10.74095176300034,0.0,10.74095176300034,False,0.5477598885639701
effectiveness_v3_20260918T131308Z_e7f97314,A/core50_nc/tight/R11/1/default,R11,core50_nc,1,2,18.639281954005128,10.526842044026125,0.0,10.526842044026125,False,0.5647665006625517
effectiveness_v3_20260918T131308Z_e7f97314,A/core50_nc/tight/R11/1/default,R11,core50_nc,1,3,19.38794838899048,10.755661785660777,0.0,10.755661785660777,False,0.5547601824527457
effectiveness_v3_20260918T131308Z_e7f97314,A/core50_nc/tight/R11/1/default,R11,core50_nc,1,4,19.567954902013298,10.717282747646095,0.0,10.717282747646095,False,0.5476955972820349
effectiveness_v3_20260918T131308Z_e7f97314,A/core50_nc/tight/R11/1/default,R11,core50_nc,1,5,18.228949977987213,10.332717344834236,0.0,10.332717344834236,False,0.5668300893530207
effectiveness_v3_20260918T131308Z_e7f97314,A/core50_nc/tight/R11/1/default,R11,core50_nc,1,6,18.401745695009595,10.433098725305172,0.0,10.433098725305172,False,0.5669624446627661
effectiveness_v3_20260918T131308Z_e7f97314,A/core50_nc/tight/R11/1/default,R11,core50_nc,1,7,16.362103647988988,9.498384533217177,0.0,9.498384533217177,False,0.5805112067227732
effectiveness_v3_20260918T131308Z_e7f97314,A/core50_nc/tight/R11/1/default,R11,core50_nc,1,8,18.151873349997913,10.50605704204645,0.0,10.50605704204645,False,0.5787863786548322
effectiveness_v3_20260918T131757Z_e471a404,A/core50_nc/tight/F11/1/default,F11,core50_nc,1,0,66.84376235801028,13.671797405229881,0.0,13.671797405229881,False,0.2045336307074509
effectiveness_v3_20260918T131917Z_45192821,A/core50_nc/tight/S0/1/default,S0,core50_nc,1,0,32.05904016099521,13.802600533439545,0.0,13.802600533439545,False,0.43053692387935394
effectiveness_v3_20260918T131917Z_45192821,A/core50_nc/tight/S0/1/default,S0,core50_nc,1,1,19.930625074979616,11.117127610690659,0.0,11.117127610690659,False,0.5577912167264041
effectiveness_v3_20260918T131917Z_45192821,A/core50_nc/tight/S0/1/default,S0,core50_nc,1,2,16.96939904798637,9.689069495594595,0.0,9.689069495594595,False,0.5709730479079236
effectiveness_v3_20260918T131917Z_45192821,A/core50_nc/tight/S0/1/default,S0,core50_nc,1,3,19.616423247993225,11.083439662033925,0.0,11.083439662033925,False,0.5650081832919143
effectiveness_v3_20260918T131917Z_45192821,A/core50_nc/tight/S0/1/default,S0,core50_nc,1,4,19.767531569988932,11.011620210338151,0.0,11.011620210338151,False,0.557055906113032
effectiveness_v3_20260918T131917Z_45192821,A/core50_nc/tight/S0/1/default,S0,core50_nc,1,5,18.25544469099259,10.351895452593453,0.0,10.351895452593453,False,0.5670579724470463
effectiveness_v3_20260918T131917Z_45192821,A/core50_nc/tight/S0/1/default,S0,core50_nc,1,6,15.49489556698245,9.032319492660463,0.0,9.032319492660463,False,0.5829222567919159
effectiveness_v3_20260918T131917Z_45192821,A/core50_nc/tight/S0/1/default,S0,core50_nc,1,7,13.839910421986133,8.189072068373207,0.0,8.189072068373207,False,0.5916997884151054
effectiveness_v3_20260918T131917Z_45192821,A/core50_nc/tight/S0/1/default,S0,core50_nc,1,8,19.130907787999604,10.868537201720756,0.0,10.868537201720756,False,0.5681140342194503
effectiveness_v3_20260918T132403Z_30b2b6d9,A/core50_nc/tight/O00/2/default,O00,core50_nc,2,0,32.9003233720141,13.92010647454299,0.0,13.92010647454299,False,0.4230993816426682
effectiveness_v3_20260918T132403Z_30b2b6d9,A/core50_nc/tight/O00/2/default,O00,core50_nc,2,1,37.248747767007444,10.862392189446837,0.0,10.862392189446837,False,0.29161764732043016
effectiveness_v3_20260918T132532Z_ffb79b97,A/core50_nc/tight/O10/2/default,O10,core50_nc,2,0,31.843078195001,13.727232940698741,0.0,13.727232940698741,False,0.431090011356181
effectiveness_v3_20260918T132532Z_ffb79b97,A/core50_nc/tight/O10/2/default,O10,core50_nc,2,1,35.442507536994526,10.163603526132647,0.0,10.163603526132647,False,0.28676310544687
effectiveness_v3_20260918T132658Z_2cba89e4,A/core50_nc/tight/O01/2/default,O01,core50_nc,2,0,32.27772794701741,13.721027928142576,0.0,13.721027928142576,False,0.42509274353712534
effectiveness_v3_20260918T132658Z_2cba89e4,A/core50_nc/tight/O01/2/default,O01,core50_nc,2,1,36.91438544599805,10.435462283989182,0.0,10.435462283989182,False,0.2826936479615837
effectiveness_v3_20260918T132826Z_dafb140a,A/core50_nc/tight/O11/2/default,O11,core50_nc,2,0,32.20368368801428,13.715940280148061,0.0,13.715940280148061,False,0.4259121538090664
effectiveness_v3_20260918T132826Z_dafb140a,A/core50_nc/tight/O11/2/default,O11,core50_nc,2,1,37.564632204012014,10.87097600713605,0.0,10.87097600713605,False,0.2893939157475632
effectiveness_v3_20260918T132954Z_7351c595,A/core50_nc/tight/R11/2/default,R11,core50_nc,2,0,33.38258818601025,14.02875655060052,0.0,14.02875655060052,False,0.42024172818570116
effectiveness_v3_20260918T132954Z_7351c595,A/core50_nc/tight/R11/2/default,R11,core50_nc,2,1,19.591428975982126,10.843140536686406,0.0,10.843140536686406,False,0.5534634839541016
effectiveness_v3_20260918T132954Z_7351c595,A/core50_nc/tight/R11/2/default,R11,core50_nc,2,2,19.434821167000337,10.829093879670836,0.0,10.829093879670836,False,0.5572005930292926
effectiveness_v3_20260918T132954Z_7351c595,A/core50_nc/tight/R11/2/default,R11,core50_nc,2,3,19.691716425993945,10.86638858835795,0.0,10.86638858835795,False,0.5518253641929269
effectiveness_v3_20260918T132954Z_7351c595,A/core50_nc/tight/R11/2/default,R11,core50_nc,2,4,19.312184843991417,10.587132687069243,0.0,10.587132687069243,False,0.5482099913911712
effectiveness_v3_20260918T132954Z_7351c595,A/core50_nc/tight/R11/2/default,R11,core50_nc,2,5,19.057325244997628,10.672615592076909,0.0,10.672615592076909,False,0.5600269426517959
effectiveness_v3_20260918T132954Z_7351c595,A/core50_nc/tight/R11/2/default,R11,core50_nc,2,6,18.002691909990972,10.203549311350798,0.0,10.203549311350798,False,0.5667790885033213
effectiveness_v3_20260918T132954Z_7351c595,A/core50_nc/tight/R11/2/default,R11,core50_nc,2,7,19.11389880400384,10.805345419998048,0.0,10.805345419998048,False,0.5653135203234739
effectiveness_v3_20260918T132954Z_7351c595,A/core50_nc/tight/R11/2/default,R11,core50_nc,2,8,17.99832096902537,10.301954033930087,0.0,10.301954033930087,False,0.5723841713712893
effectiveness_v3_20260918T133452Z_f09920d9,A/core50_nc/tight/F11/2/default,F11,core50_nc,2,0,65.31103417300619,13.40120120201027,0.0,13.40120120201027,False,0.20519046087237036
effectiveness_v3_20260918T133610Z_461128c7,A/core50_nc/tight/S0/2/default,S0,core50_nc,2,0,32.23045935900882,13.644781189534115,0.0,13.644781189534115,False,0.4233505032474887
effectiveness_v3_20260918T133610Z_461128c7,A/core50_nc/tight/S0/2/default,S0,core50_nc,2,1,19.797976075002225,10.939502061082749,0.0,10.939502061082749,False,0.5525565855640887
effectiveness_v3_20260918T133610Z_461128c7,A/core50_nc/tight/S0/2/default,S0,core50_nc,2,2,19.607646130985813,10.843950997455977,0.0,10.843950997455977,False,0.5530470575108638
effectiveness_v3_20260918T133610Z_461128c7,A/core50_nc/tight/S0/2/default,S0,core50_nc,2,3,18.852596717013512,10.509130557853496,0.0,10.509130557853496,False,0.5574367667011908
effectiveness_v3_20260918T133610Z_461128c7,A/core50_nc/tight/S0/2/default,S0,core50_nc,2,4,19.600650284002768,10.748158172238618,0.0,10.748158172238618,False,0.5483572236891965
effectiveness_v3_20260918T133610Z_461128c7,A/core50_nc/tight/S0/2/default,S0,core50_nc,2,5,18.62495100099477,10.410846423124894,0.0,10.410846423124894,False,0.5589730905906193
effectiveness_v3_20260918T133610Z_461128c7,A/core50_nc/tight/S0/2/default,S0,core50_nc,2,6,19.191339999990305,10.654659543564776,0.0,10.654659543564776,False,0.5551805941414283
effectiveness_v3_20260918T133610Z_461128c7,A/core50_nc/tight/S0/2/default,S0,core50_nc,2,7,18.37769060698338,10.272846482257592,0.0,10.272846482257592,False,0.5589846244529761
effectiveness_v3_20260918T133610Z_461128c7,A/core50_nc/tight/S0/2/default,S0,core50_nc,2,8,17.186156451003626,9.707829230785137,0.0,9.707829230785137,False,0.5648633106803951
effectiveness_v3_20260918T134105Z_8816285b,A/core50_nc/tight/S_star/2/default,S_star,core50_nc,2,0,33.27405984100187,14.002901706990087,0.0,14.002901706990087,False,0.42083538269457127
effectiveness_v3_20260918T134105Z_8816285b,A/core50_nc/tight/S_star/2/default,S_star,core50_nc,2,1,20.16844331799075,11.054563537851209,0.0,11.054563537851209,False,0.5481118876433198
effectiveness_v3_20260918T134105Z_8816285b,A/core50_nc/tight/S_star/2/default,S_star,core50_nc,2,2,19.453542509989347,10.808473137847614,0.0,10.808473137847614,False,0.5556043652356628
effectiveness_v3_20260918T134105Z_8816285b,A/core50_nc/tight/S_star/2/default,S_star,core50_nc,2,3,20.736026291007875,11.3580236324633,0.0,11.3580236324633,False,0.5477435007588064
effectiveness_v3_20260918T134105Z_8816285b,A/core50_nc/tight/S_star/2/default,S_star,core50_nc,2,4,20.13600464197225,11.047927103587426,0.0,11.047927103587426,False,0.5486653037692845
effectiveness_v3_20260918T134105Z_8816285b,A/core50_nc/tight/S_star/2/default,S_star,core50_nc,2,5,19.60493877500994,10.88726673219935,0.0,10.88726673219935,False,0.5553328606196491
effectiveness_v3_20260918T134105Z_8816285b,A/core50_nc/tight/S_star/2/default,S_star,core50_nc,2,6,19.804197974008275,10.984900568088051,0.0,10.984900568088051,False,0.5546753563312697
effectiveness_v3_20260918T134105Z_8816285b,A/core50_nc/tight/S_star/2/default,S_star,core50_nc,2,7,18.602829139010282,10.296973680262454,0.0,10.296973680262454,False,0.553516543280485
effectiveness_v3_20260918T134105Z_8816285b,A/core50_nc/tight/S_star/2/default,S_star,core50_nc,2,8,19.89135423800326,11.193370344932191,0.0,11.193370344932191,False,0.562725403760936
effectiveness_v3_20260918T134607Z_d44ef855,A/splitcifar100/tight/S0/0/default,S0,splitcifar100,0,0,6.5075652680243365,1.9980779828911182,0.0,1.9980779828911182,False,0.3070392536374398
effectiveness_v3_20260918T134607Z_d44ef855,A/splitcifar100/tight/S0/0/default,S0,splitcifar100,0,1,7.290605712973047,3.3929186970344745,0.0,3.3929186970344745,False,0.4653822783197627
effectiveness_v3_20260918T134607Z_d44ef855,A/splitcifar100/tight/S0/0/default,S0,splitcifar100,0,2,7.432986164989416,3.4610218667949084,0.0,3.4610218667949084,False,0.4656300697957558
effectiveness_v3_20260918T134607Z_d44ef855,A/splitcifar100/tight/S0/0/default,S0,splitcifar100,0,3,7.460759770008735,3.4745203391066752,0.0,3.4745203391066752,False,0.4657059664451047
effectiveness_v3_20260918T134607Z_d44ef855,A/splitcifar100/tight/S0/0/default,S0,splitcifar100,0,4,7.738892451976426,3.5081425516400486,0.0,3.5081425516400486,False,0.45331325811926854
effectiveness_v3_20260918T134607Z_d44ef855,A/splitcifar100/tight/S0/0/default,S0,splitcifar100,0,5,7.458064929989632,3.431021559954388,0.0,3.431021559954388,False,0.4600417926314779
effectiveness_v3_20260918T134607Z_d44ef855,A/splitcifar100/tight/S0/0/default,S0,splitcifar100,0,6,7.531425283988938,3.4839917877980042,0.0,3.4839917877980042,False,0.4625939521971525
effectiveness_v3_20260918T134607Z_d44ef855,A/splitcifar100/tight/S0/0/default,S0,splitcifar100,0,7,7.605895790999057,3.5155209798831493,0.0,3.5155209798831493,False,0.4622099850544199
effectiveness_v3_20260918T134607Z_d44ef855,A/splitcifar100/tight/S0/0/default,S0,splitcifar100,0,8,7.658586587989703,3.5410133491677698,0.0,3.5410133491677698,False,0.46235859691406167
effectiveness_v3_20260918T134607Z_d44ef855,A/splitcifar100/tight/S0/0/default,S0,splitcifar100,0,9,7.603093317011371,3.495292075764155,0.0,3.495292075764155,False,0.45971973906248026
effectiveness_v3_20260918T134746Z_6c651fb4,A/splitcifar100/tight/S_star/0/default,S_star,splitcifar100,0,0,6.135009029996581,1.8196238719392568,0.0,1.8196238719392568,False,0.2965967715845841
effectiveness_v3_20260918T134746Z_6c651fb4,A/splitcifar100/tight/S_star/0/default,S_star,splitcifar100,0,1,6.443191053986084,2.9501912842388265,0.0,2.9501912842388265,False,0.4578773560367559
effectiveness_v3_20260918T134746Z_6c651fb4,A/splitcifar100/tight/S_star/0/default,S_star,splitcifar100,0,2,7.450223990977975,3.4361376682354603,0.0,3.4361376682354603,False,0.4612126658737419
effectiveness_v3_20260918T134746Z_6c651fb4,A/splitcifar100/tight/S_star/0/default,S_star,splitcifar100,0,3,7.66704456199659,3.4807710210734513,0.0,3.4807710210734513,False,0.45399123390082613
effectiveness_v3_20260918T134746Z_6c651fb4,A/splitcifar100/tight/S_star/0/default,S_star,splitcifar100,0,4,7.33897623399389,3.459289295860799,0.0,3.459289295860799,False,0.47135856358785955
effectiveness_v3_20260918T134746Z_6c651fb4,A/splitcifar100/tight/S_star/0/default,S_star,splitcifar100,0,5,7.564584753999952,3.5412296671420336,0.0,3.5412296671420336,False,0.46813272404272094
effectiveness_v3_20260918T134746Z_6c651fb4,A/splitcifar100/tight/S_star/0/default,S_star,splitcifar100,0,6,7.710009595000884,3.5915131248766556,0.0,3.5915131248766556,False,0.4658247283123185
effectiveness_v3_20260918T134746Z_6c651fb4,A/splitcifar100/tight/S_star/0/default,S_star,splitcifar100,0,7,7.821748205984477,3.6621117999893613,0.0,3.6621117999893613,False,0.4681960737610363
effectiveness_v3_20260918T134746Z_6c651fb4,A/splitcifar100/tight/S_star/0/default,S_star,splitcifar100,0,8,7.5039788220019545,3.5125964999897406,0.0,3.5125964999897406,False,0.4680978695849557
effectiveness_v3_20260918T134746Z_6c651fb4,A/splitcifar100/tight/S_star/0/default,S_star,splitcifar100,0,9,7.5836341209942475,3.570637973753037,0.0,3.570637973753037,False,0.4708346838448096
effectiveness_v3_20260918T134924Z_a57461cc,A/splitcifar100/tight/O00/0/default,O00,splitcifar100,0,0,6.629554346000077,1.9924356369301677,0.0,1.9924356369301677,False,0.30053839714464337
effectiveness_v3_20260918T134924Z_a57461cc,A/splitcifar100/tight/O00/0/default,O00,splitcifar100,0,1,8.01296212800662,3.544100002851337,0.0,3.544100002851337,False,0.44229586340663274
effectiveness_v3_20260918T134924Z_a57461cc,A/splitcifar100/tight/O00/0/default,O00,splitcifar100,0,2,7.880163245019503,3.519653602183098,0.0,3.519653602183098,False,0.4466472955884034
effectiveness_v3_20260918T134924Z_a57461cc,A/splitcifar100/tight/O00/0/default,O00,splitcifar100,0,3,7.883798343013041,3.6201137518510222,0.0,3.6201137518510222,False,0.4591839611244397
effectiveness_v3_20260918T134924Z_a57461cc,A/splitcifar100/tight/O00/0/default,O00,splitcifar100,0,4,8.367664677003631,3.6330387892085128,0.0,3.6330387892085128,False,0.4341759534405081
effectiveness_v3_20260918T134924Z_a57461cc,A/splitcifar100/tight/O00/0/default,O00,splitcifar100,0,5,7.643410696997307,3.5042825058626477,0.0,3.5042825058626477,False,0.4584710471255058
effectiveness_v3_20260918T134924Z_a57461cc,A/splitcifar100/tight/O00/0/default,O00,splitcifar100,0,6,7.956429820973426,3.607939636654919,0.0,3.607939636654919,False,0.4534621328707336
effectiveness_v3_20260918T134924Z_a57461cc,A/splitcifar100/tight/O00/0/default,O00,splitcifar100,0,7,8.001893183012726,3.581666849931935,0.0,3.581666849931935,False,0.4476024320763841
effectiveness_v3_20260918T134924Z_a57461cc,A/splitcifar100/tight/O00/0/default,O00,splitcifar100,0,8,7.869298389006872,3.5628264229453634,0.0,3.5628264229453634,False,0.4527502004400423
effectiveness_v3_20260918T134924Z_a57461cc,A/splitcifar100/tight/O00/0/default,O00,splitcifar100,0,9,7.979042316001141,3.599560789996758,0.0,3.599560789996758,False,0.45112692068046967
effectiveness_v3_20260918T135107Z_986b52f6,A/splitcifar100/tight/O10/0/default,O10,splitcifar100,0,0,6.514334634004626,1.9819433139637113,0.0,1.9819433139637113,False,0.30424339941304646
effectiveness_v3_20260918T135107Z_986b52f6,A/splitcifar100/tight/O10/0/default,O10,splitcifar100,0,1,13.507608093990711,3.1147428082185797,0.0,3.1147428082185797,False,0.23059173663798196
effectiveness_v3_20260918T135137Z_c1fc1ed7,A/splitcifar100/tight/O01/0/default,O01,splitcifar100,0,0,6.486479237995809,1.950210109935142,0.0,1.950210109935142,False,0.3006577279260232
effectiveness_v3_20260918T135137Z_c1fc1ed7,A/splitcifar100/tight/O01/0/default,O01,splitcifar100,0,1,7.875251448014751,3.5505404160066973,0.0,3.5505404160066973,False,0.4508478795177699
effectiveness_v3_20260918T135137Z_c1fc1ed7,A/splitcifar100/tight/O01/0/default,O01,splitcifar100,0,2,7.8651760010106955,3.499945163872326,0.0,3.499945163872326,False,0.4449926058135983
effectiveness_v3_20260918T135137Z_c1fc1ed7,A/splitcifar100/tight/O01/0/default,O01,splitcifar100,0,3,8.010148877976462,3.6655010305403266,0.0,3.6655010305403266,False,0.45760710398510246
effectiveness_v3_20260918T135137Z_c1fc1ed7,A/splitcifar100/tight/O01/0/default,O01,splitcifar100,0,4,8.079739731008885,3.571890867780894,0.0,3.571890867780894,False,0.4420799415199586
effectiveness_v3_20260918T135137Z_c1fc1ed7,A/splitcifar100/tight/O01/0/default,O01,splitcifar100,0,5,7.96468040702166,3.5932613981422037,0.0,3.5932613981422037,False,0.4511494767541941
effectiveness_v3_20260918T135137Z_c1fc1ed7,A/splitcifar100/tight/O01/0/default,O01,splitcifar100,0,6,7.830815529014217,3.546029436169192,0.0,3.546029436169192,False,0.45283015836992707
effectiveness_v3_20260918T135137Z_c1fc1ed7,A/splitcifar100/tight/O01/0/default,O01,splitcifar100,0,7,7.8207375049823895,3.5437656274007168,0.0,3.5437656274007168,False,0.45312422583459366
effectiveness_v3_20260918T135137Z_c1fc1ed7,A/splitcifar100/tight/O01/0/default,O01,splitcifar100,0,8,7.958853251009714,3.602198901498923,0.0,3.602198901498923,False,0.4526027541771704
effectiveness_v3_20260918T135137Z_c1fc1ed7,A/splitcifar100/tight/O01/0/default,O01,splitcifar100,0,9,7.837605344015174,3.5376993749523535,0.0,3.5376993749523535,False,0.45137503353033137
effectiveness_v3_20260918T135320Z_a44d2b26,A/splitcifar100/tight/O11/0/default,O11,splitcifar100,0,0,6.594133698003134,1.9639094770536758,0.0,1.9639094770536758,False,0.29782676042015893
effectiveness_v3_20260918T135320Z_a44d2b26,A/splitcifar100/tight/O11/0/default,O11,splitcifar100,0,1,14.108088926004712,3.407182354858378,0.0,3.407182354858378,False,0.24150559106400973
effectiveness_v3_20260918T135350Z_94fffae9,A/splitcifar100/tight/R11/0/default,R11,splitcifar100,0,0,6.4956471039913595,1.9438051733886823,0.0,1.9438051733886823,False,0.29924734861200797
effectiveness_v3_20260918T135350Z_94fffae9,A/splitcifar100/tight/R11/0/default,R11,splitcifar100,0,1,7.466721824981505,3.418120752205141,0.0,3.418120752205141,False,0.45778064756197173
effectiveness_v3_20260918T135350Z_94fffae9,A/splitcifar100/tight/R11/0/default,R11,splitcifar100,0,2,7.537001811986556,3.462514590821229,0.0,3.462514590821229,False,0.45940211733989234
effectiveness_v3_20260918T135350Z_94fffae9,A/splitcifar100/tight/R11/0/default,R11,splitcifar100,0,3,7.538428888015915,3.4653252370480914,0.0,3.4653252370480914,False,0.4596879918250647
effectiveness_v3_20260918T135350Z_94fffae9,A/splitcifar100/tight/R11/0/default,R11,splitcifar100,0,4,8.065607759985141,3.5144692101166584,0.0,3.5144692101166584,False,0.43573519996255466
effectiveness_v3_20260918T135350Z_94fffae9,A/splitcifar100/tight/R11/0/default,R11,splitcifar100,0,5,7.6433997710119,3.472010451107053,0.0,3.472010451107053,False,0.45424949042635226
effectiveness_v3_20260918T135350Z_94fffae9,A/splitcifar100/tight/R11/0/default,R11,splitcifar100,0,6,7.6376407740172,3.527110634051496,0.0,3.527110634051496,False,0.46180630097850595
effectiveness_v3_20260918T135350Z_94fffae9,A/splitcifar100/tight/R11/0/default,R11,splitcifar100,0,7,7.2335437379952054,3.3889372106350493,0.0,3.3889372106350493,False,0.46850303715372316
effectiveness_v3_20260918T135350Z_94fffae9,A/splitcifar100/tight/R11/0/default,R11,splitcifar100,0,8,7.271851102006622,3.4340163019660395,0.0,3.4340163019660395,False,0.4722341332069415
effectiveness_v3_20260918T135350Z_94fffae9,A/splitcifar100/tight/R11/0/default,R11,splitcifar100,0,9,7.400097342004301,3.474498255091021,0.0,3.474498255091021,False,0.46952061500179676
effectiveness_v3_20260918T135529Z_f109dbc3,A/splitcifar100/tight/F11/0/default,F11,splitcifar100,0,0,12.876192170981085,1.926400286873104,0.0,1.926400286873104,False,0.149609470043062
effectiveness_v3_20260918T135551Z_aa5dd7bf,A/splitcifar100/tight/S_star/1/default,S_star,splitcifar100,1,0,6.491647182003362,1.9863293559465092,0.0,1.9863293559465092,False,0.30598233395264646
effectiveness_v3_20260918T135551Z_aa5dd7bf,A/splitcifar100/tight/S_star/1/default,S_star,splitcifar100,1,1,7.541231141018216,3.566880701459013,0.0,3.566880701459013,False,0.4729838715668133
effectiveness_v3_20260918T135551Z_aa5dd7bf,A/splitcifar100/tight/S_star/1/default,S_star,splitcifar100,1,2,7.754828728997381,3.5720172298897523,0.0,3.5720172298897523,False,0.46061845525137435
effectiveness_v3_20260918T135551Z_aa5dd7bf,A/splitcifar100/tight/S_star/1/default,S_star,splitcifar100,1,3,7.5181509040121455,3.5839162486663554,0.0,3.5839162486663554,False,0.47670182394899235
effectiveness_v3_20260918T135551Z_aa5dd7bf,A/splitcifar100/tight/S_star/1/default,S_star,splitcifar100,1,4,7.499476025986951,3.551512799633201,0.0,3.551512799633201,False,0.47356812493654354
effectiveness_v3_20260918T135551Z_aa5dd7bf,A/splitcifar100/tight/S_star/1/default,S_star,splitcifar100,1,5,7.40135668500443,3.4564478508546017,0.0,3.4564478508546017,False,0.46700192923515793
effectiveness_v3_20260918T135551Z_aa5dd7bf,A/splitcifar100/tight/S_star/1/default,S_star,splitcifar100,1,6,7.416713101993082,3.4916964741714764,0.0,3.4916964741714764,False,0.47078758826914285
effectiveness_v3_20260918T135551Z_aa5dd7bf,A/splitcifar100/tight/S_star/1/default,S_star,splitcifar100,1,7,7.45240513299359,3.4853884161275346,0.0,3.4853884161275346,False,0.46768638498957626
effectiveness_v3_20260918T135551Z_aa5dd7bf,A/splitcifar100/tight/S_star/1/default,S_star,splitcifar100,1,8,7.70917768299114,3.6038169733656105,0.0,3.6038169733656105,False,0.4674709964613683
effectiveness_v3_20260918T135551Z_aa5dd7bf,A/splitcifar100/tight/S_star/1/default,S_star,splitcifar100,1,9,7.690013318991987,3.6291194208024535,0.0,3.6291194208024535,False,0.47192628546424437
effectiveness_v3_20260918T135730Z_5faec831,A/splitcifar100/tight/O00/1/default,O00,splitcifar100,1,0,6.510241344018141,1.9483005558140576,0.0,1.9483005558140576,False,0.2992670245019765
effectiveness_v3_20260918T135730Z_5faec831,A/splitcifar100/tight/O00/1/default,O00,splitcifar100,1,1,7.876005361002171,3.521472394146258,0.0,3.521472394146258,False,0.4471140169079536
effectiveness_v3_20260918T135730Z_5faec831,A/splitcifar100/tight/O00/1/default,O00,splitcifar100,1,2,7.250972267007455,3.2917543350777123,0.0,3.2917543350777123,False,0.45397420012975037
effectiveness_v3_20260918T135730Z_5faec831,A/splitcifar100/tight/O00/1/default,O00,splitcifar100,1,3,7.612001670000609,3.4920230620191433,0.0,3.4920230620191433,False,0.458752272188987
effectiveness_v3_20260918T135730Z_5faec831,A/splitcifar100/tight/O00/1/default,O00,splitcifar100,1,4,8.103873293002835,3.5380633258318994,0.0,3.5380633258318994,False,0.43658917136411624
effectiveness_v3_20260918T135730Z_5faec831,A/splitcifar100/tight/O00/1/default,O00,splitcifar100,1,5,7.870963620021939,3.535274134861538,0.0,3.535274134861538,False,0.4491539162839739
effectiveness_v3_20260918T135730Z_5faec831,A/splitcifar100/tight/O00/1/default,O00,splitcifar100,1,6,7.855996583006345,3.5281846220605075,0.0,3.5281846220605075,False,0.449107199167128
effectiveness_v3_20260918T135730Z_5faec831,A/splitcifar100/tight/O00/1/default,O00,splitcifar100,1,7,7.762305315001868,3.5003298108640593,0.0,3.5003298108640593,False,0.4509394656377565
effectiveness_v3_20260918T135730Z_5faec831,A/splitcifar100/tight/O00/1/default,O00,splitcifar100,1,8,7.901883704995271,3.5472090007096995,0.0,3.5472090007096995,False,0.4489067585830564
effectiveness_v3_20260918T135730Z_5faec831,A/splitcifar100/tight/O00/1/default,O00,splitcifar100,1,9,7.828011563979089,3.5007327349158004,0.0,3.5007327349158004,False,0.4472058716704716
effectiveness_v3_20260918T135911Z_c0a10258,A/splitcifar100/tight/O10/1/default,O10,splitcifar100,1,0,6.552848846011329,1.9382677141402382,0.0,1.9382677141402382,False,0.2957900845401077
effectiveness_v3_20260918T135911Z_c0a10258,A/splitcifar100/tight/O10/1/default,O10,splitcifar100,1,1,14.304883192002308,3.4778248540242203,0.0,3.4778248540242203,False,0.24312151363589124
effectiveness_v3_20260918T135941Z_a26de010,A/splitcifar100/tight/O01/1/default,O01,splitcifar100,1,0,6.5405808570212685,1.9797846499131992,0.0,1.9797846499131992,False,0.30269248147707156
effectiveness_v3_20260918T135941Z_a26de010,A/splitcifar100/tight/O01/1/default,O01,splitcifar100,1,1,8.112290401011705,3.588178342732135,0.0,3.588178342732135,False,0.4423138429912031
effectiveness_v3_20260918T135941Z_a26de010,A/splitcifar100/tight/O01/1/default,O01,splitcifar100,1,2,7.66507961897878,3.4152169805311132,0.0,3.4152169805311132,False,0.4455553171391745
effectiveness_v3_20260918T135941Z_a26de010,A/splitcifar100/tight/O01/1/default,O01,splitcifar100,1,3,8.15416839797399,3.700171163160121,0.0,3.700171163160121,False,0.4537766431313188
effectiveness_v3_20260918T135941Z_a26de010,A/splitcifar100/tight/O01/1/default,O01,splitcifar100,1,4,8.344463835004717,3.6354828153562266,0.0,3.6354828153562266,False,0.4356760227188607
effectiveness_v3_20260918T135941Z_a26de010,A/splitcifar100/tight/O01/1/default,O01,splitcifar100,1,5,7.993414901022334,3.6168394777923822,0.0,3.6168394777923822,False,0.45247738577035446
effectiveness_v3_20260918T135941Z_a26de010,A/splitcifar100/tight/O01/1/default,O01,splitcifar100,1,6,7.948967206000816,3.540370789822191,0.0,3.540370789822191,False,0.44538751992202236
effectiveness_v3_20260918T135941Z_a26de010,A/splitcifar100/tight/O01/1/default,O01,splitcifar100,1,7,7.853420140017988,3.5801531067409087,0.0,3.5801531067409087,False,0.45587184219240157
effectiveness_v3_20260918T135941Z_a26de010,A/splitcifar100/tight/O01/1/default,O01,splitcifar100,1,8,7.841843267000513,3.5612291587749496,0.0,3.5612291587749496,False,0.4541316419522258
effectiveness_v3_20260918T135941Z_a26de010,A/splitcifar100/tight/O01/1/default,O01,splitcifar100,1,9,7.896678497985704,3.555928625166416,0.0,3.555928625166416,False,0.4503068759952007
effectiveness_v3_20260918T140124Z_09059880,A/splitcifar100/tight/O11/1/default,O11,splitcifar100,1,0,6.529562056006398,1.9633381430176087,0.0,1.9633381430176087,False,0.300684506277351
effectiveness_v3_20260918T140124Z_09059880,A/splitcifar100/tight/O11/1/default,O11,splitcifar100,1,1,13.787589104002109,3.2465030099556316,0.0,3.2465030099556316,False,0.23546560500655422
effectiveness_v3_20260918T140154Z_8551117e,A/splitcifar100/tight/R11/1/default,R11,splitcifar100,1,0,6.466014504985651,1.965898080758052,0.0,1.965898080758052,False,0.3040355197536654
effectiveness_v3_20260918T140154Z_8551117e,A/splitcifar100/tight/R11/1/default,R11,splitcifar100,1,1,6.480379599001026,2.999359942623414,0.0,2.999359942623414,False,0.4628370756376334
effectiveness_v3_20260918T140154Z_8551117e,A/splitcifar100/tight/R11/1/default,R11,splitcifar100,1,2,7.526179223001236,3.435308853862807,0.0,3.435308853862807,False,0.45644792026264014
effectiveness_v3_20260918T140154Z_8551117e,A/splitcifar100/tight/R11/1/default,R11,splitcifar100,1,3,7.613507878995733,3.4724935067933984,0.0,3.4724935067933984,False,0.45609639629760795
effectiveness_v3_20260918T140154Z_8551117e,A/splitcifar100/tight/R11/1/default,R11,splitcifar100,1,4,7.717053651984315,3.4169924720481504,0.0,3.4169924720481504,False,0.44278459450253094
effectiveness_v3_20260918T140154Z_8551117e,A/splitcifar100/tight/R11/1/default,R11,splitcifar100,1,5,7.309438869007863,3.329612854111474,0.0,3.329612854111474,False,0.45552236139891467
effectiveness_v3_20260918T140154Z_8551117e,A/splitcifar100/tight/R11/1/default,R11,splitcifar100,1,6,7.637935910985107,3.4925219422148075,0.0,3.4925219422148075,False,0.4572599171972311
effectiveness_v3_20260918T140154Z_8551117e,A/splitcifar100/tight/R11/1/default,R11,splitcifar100,1,7,7.183344730990939,3.3193150679871906,0.0,3.3193150679871906,False,0.4620848911325035
effectiveness_v3_20260918T140154Z_8551117e,A/splitcifar100/tight/R11/1/default,R11,splitcifar100,1,8,6.937471268989611,3.226454519026447,0.0,3.226454519026447,False,0.46507645133589937
effectiveness_v3_20260918T140154Z_8551117e,A/splitcifar100/tight/R11/1/default,R11,splitcifar100,1,9,7.159446425997885,3.3556759978237096,0.0,3.3556759978237096,False,0.4687060700165788
effectiveness_v3_20260918T140331Z_47023b0d,A/splitcifar100/tight/F11/1/default,F11,splitcifar100,1,0,12.865025968989357,1.9246127902297303,0.0,1.9246127902297303,False,0.14960038128713726
effectiveness_v3_20260918T140353Z_21d26ae7,A/splitcifar100/tight/S0/1/default,S0,splitcifar100,1,0,6.5482197380042635,1.9381165820523165,0.0,1.9381165820523165,False,0.29597610642232464
effectiveness_v3_20260918T140353Z_21d26ae7,A/splitcifar100/tight/S0/1/default,S0,splitcifar100,1,1,7.477956835005898,3.394848837866448,0.0,3.394848837866448,False,0.4539808015438712
effectiveness_v3_20260918T140353Z_21d26ae7,A/splitcifar100/tight/S0/1/default,S0,splitcifar100,1,2,7.466753455984872,3.4163310093572363,0.0,3.4163310093572363,False,0.4575390133738679
effectiveness_v3_20260918T140353Z_21d26ae7,A/splitcifar100/tight/S0/1/default,S0,splitcifar100,1,3,7.634092068008613,3.51885169261368,0.0,3.51885169261368,False,0.4609391216749614
effectiveness_v3_20260918T140353Z_21d26ae7,A/splitcifar100/tight/S0/1/default,S0,splitcifar100,1,4,7.6601583560113795,3.4000484692805912,0.0,3.4000484692805912,False,0.4438613813528244
effectiveness_v3_20260918T140353Z_21d26ae7,A/splitcifar100/tight/S0/1/default,S0,splitcifar100,1,5,7.504687098989962,3.436540205788333,0.0,3.436540205788333,False,0.45791918576470014
effectiveness_v3_20260918T140353Z_21d26ae7,A/splitcifar100/tight/S0/1/default,S0,splitcifar100,1,6,7.446560351992957,3.4262134558230173,0.0,3.4262134558230173,False,0.4601068538853706
effectiveness_v3_20260918T140353Z_21d26ae7,A/splitcifar100/tight/S0/1/default,S0,splitcifar100,1,7,7.334651573008159,3.377825438423315,0.0,3.377825438423315,False,0.46052977497306913
effectiveness_v3_20260918T140353Z_21d26ae7,A/splitcifar100/tight/S0/1/default,S0,splitcifar100,1,8,7.39951303700218,3.4195132811146323,0.0,3.4195132811146323,False,0.46212679996844835
effectiveness_v3_20260918T140353Z_21d26ae7,A/splitcifar100/tight/S0/1/default,S0,splitcifar100,1,9,7.290073019976262,3.4014021380862687,0.0,3.4014021380862687,False,0.46657998195158606
effectiveness_v3_20260918T140531Z_c2ff5b17,A/splitcifar100/tight/O00/2/default,O00,splitcifar100,2,0,6.578581604000647,1.9377238878514618,0.0,1.9377238878514618,False,0.2945504068343653
effectiveness_v3_20260918T140531Z_c2ff5b17,A/splitcifar100/tight/O00/2/default,O00,splitcifar100,2,1,7.497894546017051,3.3643745226436295,0.0,3.3643745226436295,False,0.44870923457183265
effectiveness_v3_20260918T140531Z_c2ff5b17,A/splitcifar100/tight/O00/2/default,O00,splitcifar100,2,2,7.614928609022172,3.4008777823182754,0.0,3.4008777823182754,False,0.4466066534476651
effectiveness_v3_20260918T140531Z_c2ff5b17,A/splitcifar100/tight/O00/2/default,O00,splitcifar100,2,3,7.810498836974148,3.550517925119493,0.0,3.550517925119493,False,0.4545827352680323
effectiveness_v3_20260918T140531Z_c2ff5b17,A/splitcifar100/tight/O00/2/default,O00,splitcifar100,2,4,8.007474901009118,3.5278922270517796,0.0,3.5278922270517796,False,0.4405748716873515
effectiveness_v3_20260918T140531Z_c2ff5b17,A/splitcifar100/tight/O00/2/default,O00,splitcifar100,2,5,7.6839260100096,3.4802858612092678,0.0,3.4802858612092678,False,0.4529306836994022
effectiveness_v3_20260918T140531Z_c2ff5b17,A/splitcifar100/tight/O00/2/default,O00,splitcifar100,2,6,7.485345048015006,3.401489334879443,0.0,3.401489334879443,False,0.4544198447847723
effectiveness_v3_20260918T140531Z_c2ff5b17,A/splitcifar100/tight/O00/2/default,O00,splitcifar100,2,7,7.611778051010333,3.4490275646967348,0.0,3.4490275646967348,False,0.45311720094609637
effectiveness_v3_20260918T140531Z_c2ff5b17,A/splitcifar100/tight/O00/2/default,O00,splitcifar100,2,8,7.581314991984982,3.4897598628595006,0.0,3.4897598628595006,False,0.460310627714176
effectiveness_v3_20260918T140531Z_c2ff5b17,A/splitcifar100/tight/O00/2/default,O00,splitcifar100,2,9,7.456323028018232,3.405163821997121,0.0,3.405163821997121,False,0.45668137085822547
effectiveness_v3_20260918T140711Z_a8920eca,A/splitcifar100/tight/O10/2/default,O10,splitcifar100,2,0,6.452598692994798,1.9108693109301385,0.0,1.9108693109301385,False,0.2961394938452713
effectiveness_v3_20260918T140711Z_a8920eca,A/splitcifar100/tight/O10/2/default,O10,splitcifar100,2,1,14.05053230500198,3.4592676580068655,0.0,3.4592676580068655,False,0.2462018934880758
effectiveness_v3_20260918T140741Z_abeddeaf,A/splitcifar100/tight/O01/2/default,O01,splitcifar100,2,0,6.58054124400951,1.9646240869769827,0.0,1.9646240869769827,False,0.29855053165504386
effectiveness_v3_20260918T140741Z_abeddeaf,A/splitcifar100/tight/O01/2/default,O01,splitcifar100,2,1,7.936313278012676,3.5720708879234735,0.0,3.5720708879234735,False,0.45009197127081557
effectiveness_v3_20260918T140741Z_abeddeaf,A/splitcifar100/tight/O01/2/default,O01,splitcifar100,2,2,7.819321989984019,3.5236667832068633,0.0,3.5236667832068633,False,0.45063584639696685
effectiveness_v3_20260918T140741Z_abeddeaf,A/splitcifar100/tight/O01/2/default,O01,splitcifar100,2,3,7.971842202998232,3.61466624980676,0.0,3.61466624980676,False,0.4534292272427663
effectiveness_v3_20260918T140741Z_abeddeaf,A/splitcifar100/tight/O01/2/default,O01,splitcifar100,2,4,8.195510896010092,3.5515310278278776,0.0,3.5515310278278776,False,0.43335077860208904
effectiveness_v3_20260918T140741Z_abeddeaf,A/splitcifar100/tight/O01/2/default,O01,splitcifar100,2,5,8.144567806011764,3.620312878891127,0.0,3.620312878891127,False,0.4445064446782381
effectiveness_v3_20260918T140741Z_abeddeaf,A/splitcifar100/tight/O01/2/default,O01,splitcifar100,2,6,8.03788010001881,3.585234234080417,0.0,3.585234234080417,False,0.4460422635654924
effectiveness_v3_20260918T140741Z_abeddeaf,A/splitcifar100/tight/O01/2/default,O01,splitcifar100,2,7,7.815196879004361,3.533684474474285,0.0,3.533684474474285,False,0.4521555284125444
effectiveness_v3_20260918T140741Z_abeddeaf,A/splitcifar100/tight/O01/2/default,O01,splitcifar100,2,8,8.00989673199365,3.5849794169771485,0.0,3.5849794169771485,False,0.44756874363408344
effectiveness_v3_20260918T140741Z_abeddeaf,A/splitcifar100/tight/O01/2/default,O01,splitcifar100,2,9,7.804811604000861,3.5213089828321245,0.0,3.5213089828321245,False,0.45117155435591166
effectiveness_v3_20260918T140924Z_0b422fc2,A/splitcifar100/tight/O11/2/default,O11,splitcifar100,2,0,6.5488934040185995,1.9765306572953705,0.0,1.9765306572953705,False,0.30181139550729463
effectiveness_v3_20260918T140924Z_0b422fc2,A/splitcifar100/tight/O11/2/default,O11,splitcifar100,2,1,14.335434506007005,3.469205601431895,0.0,3.469205601431895,False,0.24200212417546096
effectiveness_v3_20260918T140955Z_ccb483a4,A/splitcifar100/tight/R11/2/default,R11,splitcifar100,2,0,6.367223062989069,1.920521890715463,0.0,1.920521890715463,False,0.3016262932390312
effectiveness_v3_20260918T140955Z_ccb483a4,A/splitcifar100/tight/R11/2/default,R11,splitcifar100,2,1,7.000150038016727,3.30695306987036,0.0,3.30695306987036,False,0.4724117414499421
effectiveness_v3_20260918T140955Z_ccb483a4,A/splitcifar100/tight/R11/2/default,R11,splitcifar100,2,2,7.38601607401506,3.4374287668033503,0.0,3.4374287668033503,False,0.4653968705668892
effectiveness_v3_20260918T140955Z_ccb483a4,A/splitcifar100/tight/R11/2/default,R11,splitcifar100,2,3,7.041183107008692,3.324549579061568,0.0,3.324549579061568,False,0.4721578076491661
effectiveness_v3_20260918T140955Z_ccb483a4,A/splitcifar100/tight/R11/2/default,R11,splitcifar100,2,4,7.730969828000525,3.4754225278738886,0.0,3.4754225278738886,False,0.44954547814769363
effectiveness_v3_20260918T140955Z_ccb483a4,A/splitcifar100/tight/R11/2/default,R11,splitcifar100,2,5,7.507857540011173,3.4757816032506526,0.0,3.4757816032506526,False,0.4629525247019378
effectiveness_v3_20260918T140955Z_ccb483a4,A/splitcifar100/tight/R11/2/default,R11,splitcifar100,2,6,7.543758824991528,3.5309465637838002,0.0,3.5309465637838002,False,0.46806196296814484
effectiveness_v3_20260918T140955Z_ccb483a4,A/splitcifar100/tight/R11/2/default,R11,splitcifar100,2,7,7.041610237996792,3.332455446739914,0.0,3.332455446739914,False,0.47325190320217664
effectiveness_v3_20260918T140955Z_ccb483a4,A/splitcifar100/tight/R11/2/default,R11,splitcifar100,2,8,7.081798472994706,3.360894011129858,0.0,3.360894011129858,False,0.4745819898640274
effectiveness_v3_20260918T140955Z_ccb483a4,A/splitcifar100/tight/R11/2/default,R11,splitcifar100,2,9,7.179089785000542,3.4142890748626087,0.0,3.4142890748626087,False,0.4755880170207888
effectiveness_v3_20260918T141131Z_aba3f441,A/splitcifar100/tight/F11/2/default,F11,splitcifar100,2,0,13.00565918997745,1.945548426359892,0.0,1.945548426359892,False,0.14959245032802257
effectiveness_v3_20260918T141153Z_eb488ab7,A/splitcifar100/tight/S0/2/default,S0,splitcifar100,2,0,6.509666633006418,1.9448629950347822,0.0,1.9448629950347822,False,0.29876537535326425
effectiveness_v3_20260918T141153Z_eb488ab7,A/splitcifar100/tight/S0/2/default,S0,splitcifar100,2,1,7.429968721990008,3.424479196924949,0.0,3.424479196924949,False,0.460900890038707
effectiveness_v3_20260918T141153Z_eb488ab7,A/splitcifar100/tight/S0/2/default,S0,splitcifar100,2,2,7.021533111023018,3.25186016203952,0.0,3.25186016203952,False,0.4631268001762272
effectiveness_v3_20260918T141153Z_eb488ab7,A/splitcifar100/tight/S0/2/default,S0,splitcifar100,2,3,7.204634442983661,3.340201142913429,0.0,3.340201142913429,False,0.4636184069222739
effectiveness_v3_20260918T141153Z_eb488ab7,A/splitcifar100/tight/S0/2/default,S0,splitcifar100,2,4,7.4981794049963355,3.4385401922045276,0.0,3.4385401922045276,False,0.4585833449001355
effectiveness_v3_20260918T141153Z_eb488ab7,A/splitcifar100/tight/S0/2/default,S0,splitcifar100,2,5,7.484863330988446,3.5172526410606224,0.0,3.5172526410606224,False,0.4699154126834453
effectiveness_v3_20260918T141153Z_eb488ab7,A/splitcifar100/tight/S0/2/default,S0,splitcifar100,2,6,7.346878221986117,3.4147337338654324,0.0,3.4147337338654324,False,0.46478703344320726
effectiveness_v3_20260918T141153Z_eb488ab7,A/splitcifar100/tight/S0/2/default,S0,splitcifar100,2,7,7.423141701001441,3.420772895740811,0.0,3.420772895740811,False,0.4608254878496151
effectiveness_v3_20260918T141153Z_eb488ab7,A/splitcifar100/tight/S0/2/default,S0,splitcifar100,2,8,7.311816676985472,3.3967470687639434,0.0,3.3967470687639434,False,0.4645558304894974
effectiveness_v3_20260918T141153Z_eb488ab7,A/splitcifar100/tight/S0/2/default,S0,splitcifar100,2,9,7.577494421013398,3.539269874978345,0.0,3.539269874978345,False,0.46707653986038966
effectiveness_v3_20260918T141330Z_a81aaf78,A/splitcifar100/tight/S_star/2/default,S_star,splitcifar100,2,0,6.488507672998821,1.9474402490595821,0.0,1.9474402490595821,False,0.30013684921166556
effectiveness_v3_20260918T141330Z_a81aaf78,A/splitcifar100/tight/S_star/2/default,S_star,splitcifar100,2,1,7.339499130001059,3.456200449872995,0.0,3.456200449872995,False,0.47090412964903455
effectiveness_v3_20260918T141330Z_a81aaf78,A/splitcifar100/tight/S_star/2/default,S_star,splitcifar100,2,2,7.4335349519969895,3.476855775952572,0.0,3.476855775952572,False,0.4677257587950842
effectiveness_v3_20260918T141330Z_a81aaf78,A/splitcifar100/tight/S_star/2/default,S_star,splitcifar100,2,3,7.115126605989644,3.2812771349272225,0.0,3.2812771349272225,False,0.46116918456025546
effectiveness_v3_20260918T141330Z_a81aaf78,A/splitcifar100/tight/S_star/2/default,S_star,splitcifar100,2,4,6.945638812001562,3.3187301535508595,0.0,3.3187301535508595,False,0.4778149632279084
effectiveness_v3_20260918T141330Z_a81aaf78,A/splitcifar100/tight/S_star/2/default,S_star,splitcifar100,2,5,7.4944605420168955,3.5461540854594205,0.0,3.5461540854594205,False,0.4731700254579079
effectiveness_v3_20260918T141330Z_a81aaf78,A/splitcifar100/tight/S_star/2/default,S_star,splitcifar100,2,6,7.481439594004769,3.5324635258002672,0.0,3.5324635258002672,False,0.47216360987944045
effectiveness_v3_20260918T141330Z_a81aaf78,A/splitcifar100/tight/S_star/2/default,S_star,splitcifar100,2,7,7.572169589984696,3.5821472468960565,0.0,3.5821472468960565,False,0.4730674880332806
effectiveness_v3_20260918T141330Z_a81aaf78,A/splitcifar100/tight/S_star/2/default,S_star,splitcifar100,2,8,7.5830149539979175,3.585757769236807,0.0,3.585757769236807,False,0.4728670312520383
effectiveness_v3_20260918T141330Z_a81aaf78,A/splitcifar100/tight/S_star/2/default,S_star,splitcifar100,2,9,7.603096070000902,3.559862282272661,0.0,3.559862282272661,False,0.4682121927037861
effectiveness_v3_20260918T141508Z_c5bb9561,B/core50_nc/loose/S0/0/default,S0,core50_nc,0,0,31.49044226697879,13.608796295826323,0.0,13.608796295826323,False,0.43215640417018375
effectiveness_v3_20260918T141508Z_c5bb9561,B/core50_nc/loose/S0/0/default,S0,core50_nc,0,1,17.017927148001036,9.753669819096103,0.0,9.753669819096103,False,0.573140884566649
effectiveness_v3_20260918T141508Z_c5bb9561,B/core50_nc/loose/S0/0/default,S0,core50_nc,0,2,17.897664669988444,10.136307924753055,0.0,10.136307924753055,False,0.5663480745479628
effectiveness_v3_20260918T141508Z_c5bb9561,B/core50_nc/loose/S0/0/default,S0,core50_nc,0,3,19.00444112002151,10.593391661328496,0.0,10.593391661328496,False,0.5574166372179276
effectiveness_v3_20260918T141508Z_c5bb9561,B/core50_nc/loose/S0/0/default,S0,core50_nc,0,4,19.606400279008085,10.81766208272893,0.0,10.81766208272893,False,0.5517413665327968
effectiveness_v3_20260918T141508Z_c5bb9561,B/core50_nc/loose/S0/0/default,S0,core50_nc,0,5,18.62477718599257,10.063690193957882,0.0,10.063690193957882,False,0.5403388235713574
effectiveness_v3_20260918T141508Z_c5bb9561,B/core50_nc/loose/S0/0/default,S0,core50_nc,0,6,19.032834493002156,10.665510268794606,0.0,10.665510268794606,False,0.5603742455027398
effectiveness_v3_20260918T141508Z_c5bb9561,B/core50_nc/loose/S0/0/default,S0,core50_nc,0,7,19.518320643983316,10.892313144693617,0.0,10.892313144693617,False,0.5580558565140318
effectiveness_v3_20260918T141508Z_c5bb9561,B/core50_nc/loose/S0/0/default,S0,core50_nc,0,8,19.701994403003482,11.013028074172325,0.0,11.013028074172325,False,0.5589803676166631
effectiveness_v3_20260918T141959Z_1d7322eb,B/core50_nc/loose/S_star/0/default,S_star,core50_nc,0,0,33.15506149400608,14.324059607402887,0.0,14.324059607402887,False,0.4320323643493304
effectiveness_v3_20260918T141959Z_1d7322eb,B/core50_nc/loose/S_star/0/default,S_star,core50_nc,0,1,19.45605052600149,11.034871824987931,0.0,11.034871824987931,False,0.5671691595496572
effectiveness_v3_20260918T141959Z_1d7322eb,B/core50_nc/loose/S_star/0/default,S_star,core50_nc,0,2,18.62931226901128,10.292848914250499,0.0,10.292848914250499,False,0.5525082604027215
effectiveness_v3_20260918T141959Z_1d7322eb,B/core50_nc/loose/S_star/0/default,S_star,core50_nc,0,3,17.9201455579896,9.814246202644426,0.0,9.814246202644426,False,0.5476655404882467
effectiveness_v3_20260918T141959Z_1d7322eb,B/core50_nc/loose/S_star/0/default,S_star,core50_nc,0,4,19.005702933005523,10.762840084673371,0.0,10.762840084673371,False,0.5662952916086308
effectiveness_v3_20260918T141959Z_1d7322eb,B/core50_nc/loose/S_star/0/default,S_star,core50_nc,0,5,19.267637056007516,10.900814701948548,0.0,10.900814701948548,False,0.5657577351214299
effectiveness_v3_20260918T141959Z_1d7322eb,B/core50_nc/loose/S_star/0/default,S_star,core50_nc,0,6,18.119594979012618,9.860544210969238,0.0,9.860544210969238,False,0.5441923079622039
effectiveness_v3_20260918T141959Z_1d7322eb,B/core50_nc/loose/S_star/0/default,S_star,core50_nc,0,7,19.950941296992823,11.115753085294273,0.0,11.115753085294273,False,0.5571543176747121
effectiveness_v3_20260918T141959Z_1d7322eb,B/core50_nc/loose/S_star/0/default,S_star,core50_nc,0,8,19.579680258990265,11.051114407950081,0.0,11.051114407950081,False,0.5644175115104761
effectiveness_v3_20260918T142454Z_e358987c,B/core50_nc/loose/O11/0/default,O11,core50_nc,0,0,33.43868348101387,14.214861881395336,0.0,14.214861881395336,False,0.4251023186802909
effectiveness_v3_20260918T142454Z_e358987c,B/core50_nc/loose/O11/0/default,O11,core50_nc,0,1,37.759472945006564,10.836894993379246,0.0,10.836894993379246,False,0.28699804706390514
effectiveness_v3_20260918T142454Z_e358987c,B/core50_nc/loose/O11/0/default,O11,core50_nc,0,2,55.789926815981744,10.223843276384287,0.0,10.223843276384287,False,0.1832560797239751
effectiveness_v3_20260918T142454Z_e358987c,B/core50_nc/loose/O11/0/default,O11,core50_nc,0,3,71.76681023201672,10.074449565756368,0.0,10.074449565756368,False,0.14037755799911444
effectiveness_v3_20260918T142454Z_e358987c,B/core50_nc/loose/O11/0/default,O11,core50_nc,0,4,102.32111380199785,15.759296108153649,0.0,15.759296108153649,False,0.1540180273902173
effectiveness_v3_20260918T142454Z_e358987c,B/core50_nc/loose/O11/0/default,O11,core50_nc,0,5,124.69019002499408,14.933366067096358,0.0,14.933366067096358,False,0.11976376059819119
effectiveness_v3_20260918T142454Z_e358987c,B/core50_nc/loose/O11/0/default,O11,core50_nc,0,6,140.3333239989879,16.366514782683225,0.0,16.366514782683225,False,0.11662600383356744
effectiveness_v3_20260918T142454Z_e358987c,B/core50_nc/loose/O11/0/default,O11,core50_nc,0,7,149.34347098498256,15.5141142529028,0.0,15.5141142529028,False,0.10388210579666281
effectiveness_v3_20260918T142454Z_e358987c,B/core50_nc/loose/O11/0/default,O11,core50_nc,0,8,165.37982644399744,14.588486388907768,0.0,14.588486388907768,False,0.08821200688493808
effectiveness_v3_20260918T144127Z_d92f4f45,B/core50_nc/loose/R11/0/default,R11,core50_nc,0,0,32.67630498899962,13.96219673557789,0.0,13.96219673557789,False,0.4272881141328012
effectiveness_v3_20260918T144127Z_d92f4f45,B/core50_nc/loose/R11/0/default,R11,core50_nc,0,1,19.72320139000658,11.025176491675666,0.0,11.025176491675666,False,0.5589952804143622
effectiveness_v3_20260918T144127Z_d92f4f45,B/core50_nc/loose/R11/0/default,R11,core50_nc,0,2,18.725429859012365,10.584265303623397,0.0,10.584265303623397,False,0.5652348375078446
effectiveness_v3_20260918T144127Z_d92f4f45,B/core50_nc/loose/R11/0/default,R11,core50_nc,0,3,19.991003320988966,11.061802083917428,0.0,11.061802083917428,False,0.5533390148709252
effectiveness_v3_20260918T144127Z_d92f4f45,B/core50_nc/loose/R11/0/default,R11,core50_nc,0,4,18.389121017011348,10.245082007953897,0.0,10.245082007953897,False,0.5571273362373552
effectiveness_v3_20260918T144127Z_d92f4f45,B/core50_nc/loose/R11/0/default,R11,core50_nc,0,5,16.58577332898858,9.57625695085153,0.0,9.57625695085153,False,0.5773777779848328
effectiveness_v3_20260918T144127Z_d92f4f45,B/core50_nc/loose/R11/0/default,R11,core50_nc,0,6,18.497755718999542,10.548770698980661,0.0,10.548770698980661,False,0.5702730028024824
effectiveness_v3_20260918T144127Z_d92f4f45,B/core50_nc/loose/R11/0/default,R11,core50_nc,0,7,18.89315667198389,10.631978018733207,0.0,10.631978018733207,False,0.5627422777104822
effectiveness_v3_20260918T144127Z_d92f4f45,B/core50_nc/loose/R11/0/default,R11,core50_nc,0,8,18.305361636012094,10.230063593800878,0.0,10.230063593800878,False,0.5588561317289301
effectiveness_v3_20260918T144620Z_be1c54a2,B/core50_nc/loose/F11/0/default,F11,core50_nc,0,0,66.60147194800084,13.408083648013417,0.0,13.408083648013417,False,0.20131812790086367
effectiveness_v3_20260918T144620Z_be1c54a2,B/core50_nc/loose/F11/0/default,F11,core50_nc,0,1,54.19249226801912,9.136099376977654,0.0,9.136099376977654,False,0.16858607151325247
effectiveness_v3_20260918T144620Z_be1c54a2,B/core50_nc/loose/F11/0/default,F11,core50_nc,0,2,69.82264051699894,9.706724966905313,0.0,9.706724966905313,False,0.1390197347884906
effectiveness_v3_20260918T144620Z_be1c54a2,B/core50_nc/loose/F11/0/default,F11,core50_nc,0,3,85.07701170200016,9.829755771788768,0.0,9.829755771788768,False,0.1155395044459192
effectiveness_v3_20260918T144620Z_be1c54a2,B/core50_nc/loose/F11/0/default,F11,core50_nc,0,4,120.32934657999431,14.621675019152462,0.0,14.621675019152462,False,0.12151379056506428
effectiveness_v3_20260918T144620Z_be1c54a2,B/core50_nc/loose/F11/0/default,F11,core50_nc,0,5,138.97800582501804,18.542137727781665,0.0,18.542137727781665,False,0.1334177851934886
effectiveness_v3_20260918T144620Z_be1c54a2,B/core50_nc/loose/F11/0/default,F11,core50_nc,0,6,156.5585244540125,14.982338513305876,0.0,14.982338513305876,False,0.0956980053660814
effectiveness_v3_20260918T144620Z_be1c54a2,B/core50_nc/loose/F11/0/default,F11,core50_nc,0,7,163.96055416497984,14.869549650553381,0.0,14.869549650553381,False,0.09068979869140593
effectiveness_v3_20260918T144620Z_be1c54a2,B/core50_nc/loose/F11/0/default,F11,core50_nc,0,8,182.4654941020126,14.77049766673008,0.0,14.77049766673008,False,0.08094953919600933
effectiveness_v3_20260918T150530Z_e016f976,B/core50_nc/loose/S_star/1/default,S_star,core50_nc,1,0,33.26808685300057,14.290461474272888,0.0,14.290461474272888,False,0.4295546521029952
effectiveness_v3_20260918T150530Z_e016f976,B/core50_nc/loose/S_star/1/default,S_star,core50_nc,1,1,19.95183909899788,11.133951823139796,0.0,11.133951823139796,False,0.5580413799397079
effectiveness_v3_20260918T150530Z_e016f976,B/core50_nc/loose/S_star/1/default,S_star,core50_nc,1,2,19.429888056998607,10.960010312963277,0.0,10.960010312963277,False,0.5640799515062314
effectiveness_v3_20260918T150530Z_e016f976,B/core50_nc/loose/S_star/1/default,S_star,core50_nc,1,3,19.989317322993884,11.000617834186414,0.0,11.000617834186414,False,0.5503248388344063
effectiveness_v3_20260918T150530Z_e016f976,B/core50_nc/loose/S_star/1/default,S_star,core50_nc,1,4,19.653531623014715,11.063547276717145,0.0,11.063547276717145,False,0.5629292225404156
effectiveness_v3_20260918T150530Z_e016f976,B/core50_nc/loose/S_star/1/default,S_star,core50_nc,1,5,19.297604285995476,10.83835821619141,0.0,10.83835821619141,False,0.5616426814211828
effectiveness_v3_20260918T150530Z_e016f976,B/core50_nc/loose/S_star/1/default,S_star,core50_nc,1,6,19.44438825600082,10.950383338611573,0.0,10.950383338611573,False,0.5631641990707589
effectiveness_v3_20260918T150530Z_e016f976,B/core50_nc/loose/S_star/1/default,S_star,core50_nc,1,7,17.91842864098726,9.880964251846308,0.0,9.880964251846308,False,0.5514414489027366
effectiveness_v3_20260918T150530Z_e016f976,B/core50_nc/loose/S_star/1/default,S_star,core50_nc,1,8,19.53051018700353,10.772710307763191,0.0,10.772710307763191,False,0.5515836608780365
effectiveness_v3_20260918T151027Z_6f26f3e9,B/core50_nc/loose/O11/1/default,O11,core50_nc,1,0,32.88993649100303,13.926875314296922,0.0,13.926875314296922,False,0.42343880226423025
effectiveness_v3_20260918T151027Z_6f26f3e9,B/core50_nc/loose/O11/1/default,O11,core50_nc,1,1,35.84970631098258,9.703610111871967,0.0,9.703610111871967,False,0.2706747449392426
effectiveness_v3_20260918T151027Z_6f26f3e9,B/core50_nc/loose/O11/1/default,O11,core50_nc,1,2,55.13099087000592,10.57357751071686,0.0,10.57357751071686,False,0.1917900865531047
effectiveness_v3_20260918T151027Z_6f26f3e9,B/core50_nc/loose/O11/1/default,O11,core50_nc,1,3,69.48115897201933,9.498038929450558,0.0,9.498038929450558,False,0.13669948904098594
effectiveness_v3_20260918T151027Z_6f26f3e9,B/core50_nc/loose/O11/1/default,O11,core50_nc,1,4,82.24404805098311,9.948608993639937,0.0,9.948608993639937,False,0.12096448593426228
effectiveness_v3_20260918T151027Z_6f26f3e9,B/core50_nc/loose/O11/1/default,O11,core50_nc,1,5,94.17449380399194,10.083521520136856,0.0,10.083521520136856,False,0.10707274457056257
effectiveness_v3_20260918T151027Z_6f26f3e9,B/core50_nc/loose/O11/1/default,O11,core50_nc,1,6,138.75540087599074,19.189549419796094,0.0,19.189549419796094,False,0.13829767561225445
effectiveness_v3_20260918T151027Z_6f26f3e9,B/core50_nc/loose/O11/1/default,O11,core50_nc,1,7,146.36002045901841,15.142089785280405,0.0,15.142089785280405,False,0.10345782774415689
effectiveness_v3_20260918T151027Z_6f26f3e9,B/core50_nc/loose/O11/1/default,O11,core50_nc,1,8,165.70352780699614,14.941011956951115,0.0,14.941011956951115,False,0.09016713255709148
effectiveness_v3_20260918T152559Z_d84362b8,B/core50_nc/loose/R11/1/default,R11,core50_nc,1,0,30.988926697988063,13.296843879768858,0.0,13.296843879768858,False,0.42908371785048455
effectiveness_v3_20260918T152559Z_d84362b8,B/core50_nc/loose/R11/1/default,R11,core50_nc,1,1,16.659193942003185,9.464014341356233,0.0,9.464014341356233,False,0.5680955737897023
effectiveness_v3_20260918T152559Z_d84362b8,B/core50_nc/loose/R11/1/default,R11,core50_nc,1,2,14.770154639001703,8.610901570384158,0.0,8.610901570384158,False,0.5829933254487685
effectiveness_v3_20260918T152559Z_d84362b8,B/core50_nc/loose/R11/1/default,R11,core50_nc,1,3,17.804998103005346,10.031114145560423,0.0,10.031114145560423,False,0.5633875436283955
effectiveness_v3_20260918T152559Z_d84362b8,B/core50_nc/loose/R11/1/default,R11,core50_nc,1,4,19.941686261008726,10.984256969531998,0.0,10.984256969531998,False,0.5508188638494994
effectiveness_v3_20260918T152559Z_d84362b8,B/core50_nc/loose/R11/1/default,R11,core50_nc,1,5,18.97712570099975,10.60072969776229,0.0,10.60072969776229,False,0.5586056531840238
effectiveness_v3_20260918T152559Z_d84362b8,B/core50_nc/loose/R11/1/default,R11,core50_nc,1,6,18.575172158976784,10.510920098080533,0.0,10.510920098080533,False,0.5658585561480755
effectiveness_v3_20260918T152559Z_d84362b8,B/core50_nc/loose/R11/1/default,R11,core50_nc,1,7,19.202818370016757,10.825339625676861,0.0,10.825339625676861,False,0.56373702115412
effectiveness_v3_20260918T152559Z_d84362b8,B/core50_nc/loose/R11/1/default,R11,core50_nc,1,8,18.865279057004955,10.751065992284566,0.0,10.751065992284566,False,0.5698864013512982
effectiveness_v3_20260918T153047Z_64a88b5a,B/core50_nc/loose/F11/1/default,F11,core50_nc,1,0,68.49287346599158,13.958968313148944,0.0,13.958968313148944,False,0.20380176223851842
effectiveness_v3_20260918T153047Z_64a88b5a,B/core50_nc/loose/F11/1/default,F11,core50_nc,1,1,65.65481466901838,15.873258563515265,0.0,15.873258563515265,False,0.24176838581505647
effectiveness_v3_20260918T153047Z_64a88b5a,B/core50_nc/loose/F11/1/default,F11,core50_nc,1,2,86.53507348100538,16.383581128233345,0.0,16.383581128233345,False,0.18932879431632507
effectiveness_v3_20260918T153047Z_64a88b5a,B/core50_nc/loose/F11/1/default,F11,core50_nc,1,3,105.66356056701625,14.969542915176135,0.0,14.969542915176135,False,0.14167176304532939
effectiveness_v3_20260918T153047Z_64a88b5a,B/core50_nc/loose/F11/1/default,F11,core50_nc,1,4,120.57012347597629,14.561885204602731,0.0,14.561885204602731,False,0.12077523672358352
effectiveness_v3_20260918T153047Z_64a88b5a,B/core50_nc/loose/F11/1/default,F11,core50_nc,1,5,137.01721176499268,17.987906621128786,0.0,17.987906621128786,False,0.1312820950697861
effectiveness_v3_20260918T153047Z_64a88b5a,B/core50_nc/loose/F11/1/default,F11,core50_nc,1,6,152.24993688098039,14.832624026981648,0.0,14.832624026981648,False,0.09742285830027554
effectiveness_v3_20260918T153047Z_64a88b5a,B/core50_nc/loose/F11/1/default,F11,core50_nc,1,7,163.95188559498638,14.815312130755046,0.0,14.815312130755046,False,0.09036378006260695
effectiveness_v3_20260918T153047Z_64a88b5a,B/core50_nc/loose/F11/1/default,F11,core50_nc,1,8,181.85924103698926,14.57818700018106,0.0,14.57818700018106,False,0.08016192587769531
effectiveness_v3_20260918T155041Z_f5333308,B/core50_nc/loose/S0/1/default,S0,core50_nc,1,0,31.800671139004407,13.585327480890555,0.0,13.585327480890555,False,0.427202539893184
effectiveness_v3_20260918T155041Z_f5333308,B/core50_nc/loose/S0/1/default,S0,core50_nc,1,1,19.420619268988958,10.82625866739545,0.0,10.82625866739545,False,0.5574620725242747
effectiveness_v3_20260918T155041Z_f5333308,B/core50_nc/loose/S0/1/default,S0,core50_nc,1,2,19.712829195981612,10.958584346575662,0.0,10.958584346575662,False,0.5559112919625727
effectiveness_v3_20260918T155041Z_f5333308,B/core50_nc/loose/S0/1/default,S0,core50_nc,1,3,19.71000056399498,11.002243256487418,0.0,11.002243256487418,False,0.5582061360559086
effectiveness_v3_20260918T155041Z_f5333308,B/core50_nc/loose/S0/1/default,S0,core50_nc,1,4,19.401699866983108,10.695042287232354,0.0,10.695042287232354,False,0.5512425385691421
effectiveness_v3_20260918T155041Z_f5333308,B/core50_nc/loose/S0/1/default,S0,core50_nc,1,5,19.742198343999917,10.967179899686016,0.0,10.967179899686016,False,0.5555196897826316
effectiveness_v3_20260918T155041Z_f5333308,B/core50_nc/loose/S0/1/default,S0,core50_nc,1,6,19.0981139659998,10.647956940287258,0.0,10.647956940287258,False,0.5575397109496634
effectiveness_v3_20260918T155041Z_f5333308,B/core50_nc/loose/S0/1/default,S0,core50_nc,1,7,16.23547677701572,9.33156546758255,0.0,9.33156546758255,False,0.5747638702420543
effectiveness_v3_20260918T155041Z_f5333308,B/core50_nc/loose/S0/1/default,S0,core50_nc,1,8,17.035814817005303,9.688959845690988,0.0,9.688959845690988,False,0.5687406179139364
effectiveness_v3_20260918T155534Z_4df370ae,B/core50_nc/loose/O11/2/default,O11,core50_nc,2,0,31.99926531399251,13.623360204685014,0.0,13.623360204685014,False,0.42573978092952797
effectiveness_v3_20260918T155534Z_4df370ae,B/core50_nc/loose/O11/2/default,O11,core50_nc,2,1,32.79944690698176,8.549140639835969,0.0,8.549140639835969,False,0.26064892691883107
effectiveness_v3_20260918T155534Z_4df370ae,B/core50_nc/loose/O11/2/default,O11,core50_nc,2,2,55.28916905299411,10.184395919990493,0.0,10.184395919990493,False,0.18420236900700845
effectiveness_v3_20260918T155534Z_4df370ae,B/core50_nc/loose/O11/2/default,O11,core50_nc,2,3,70.88837532899925,9.545578087389003,0.0,9.545578087389003,False,0.13465646578987214
effectiveness_v3_20260918T155534Z_4df370ae,B/core50_nc/loose/O11/2/default,O11,core50_nc,2,4,81.61679275499773,9.727662305987906,0.0,9.727662305987906,False,0.1191870199456256
effectiveness_v3_20260918T155534Z_4df370ae,B/core50_nc/loose/O11/2/default,O11,core50_nc,2,5,120.1687819439976,14.7787905173318,0.0,14.7787905173318,False,0.12298360920575176
effectiveness_v3_20260918T155534Z_4df370ae,B/core50_nc/loose/O11/2/default,O11,core50_nc,2,6,138.34223504501279,18.23924170481041,0.0,18.23924170481041,False,0.1318414560735979
effectiveness_v3_20260918T155534Z_4df370ae,B/core50_nc/loose/O11/2/default,O11,core50_nc,2,7,148.10600073300884,15.316392353153788,0.0,15.316392353153788,False,0.10341506945937118
effectiveness_v3_20260918T155534Z_4df370ae,B/core50_nc/loose/O11/2/default,O11,core50_nc,2,8,166.90458315200522,14.640952723158989,0.0,14.640952723158989,False,0.08772049542716881
effectiveness_v3_20260918T161132Z_0b332220,B/core50_nc/loose/R11/2/default,R11,core50_nc,2,0,31.700941216025967,13.564512898999965,0.0,13.564512898999965,False,0.4278899104781979
effectiveness_v3_20260918T161132Z_0b332220,B/core50_nc/loose/R11/2/default,R11,core50_nc,2,1,18.714836016006302,10.508520774397766,0.0,10.508520774397766,False,0.561507499473151
effectiveness_v3_20260918T161132Z_0b332220,B/core50_nc/loose/R11/2/default,R11,core50_nc,2,2,16.195500839006854,9.287897949427133,0.0,9.287897949427133,False,0.5734863059657431
effectiveness_v3_20260918T161132Z_0b332220,B/core50_nc/loose/R11/2/default,R11,core50_nc,2,3,15.221032092988025,8.780798431689618,0.0,8.780798431689618,False,0.5768858759410097
effectiveness_v3_20260918T161132Z_0b332220,B/core50_nc/loose/R11/2/default,R11,core50_nc,2,4,20.002202331001172,10.93644462429802,0.0,10.93644462429802,False,0.5467620236671517
effectiveness_v3_20260918T161132Z_0b332220,B/core50_nc/loose/R11/2/default,R11,core50_nc,2,5,19.804980320011964,11.067578041693196,0.0,11.067578041693196,False,0.5588280252169677
effectiveness_v3_20260918T161132Z_0b332220,B/core50_nc/loose/R11/2/default,R11,core50_nc,2,6,18.288953337003477,10.396555313753197,0.0,10.396555313753197,False,0.5684609240441423
effectiveness_v3_20260918T161132Z_0b332220,B/core50_nc/loose/R11/2/default,R11,core50_nc,2,7,15.21197637199657,8.971543107152684,0.0,8.971543107152684,False,0.5897684092954695
effectiveness_v3_20260918T161132Z_0b332220,B/core50_nc/loose/R11/2/default,R11,core50_nc,2,8,13.122896946995752,7.984266129147727,0.0,7.984266129147727,False,0.6084225275407332
effectiveness_v3_20260918T161611Z_22479fed,B/core50_nc/loose/F11/2/default,F11,core50_nc,2,0,68.68339447700419,14.234511994494824,0.0,14.234511994494824,False,0.2072482308552858
effectiveness_v3_20260918T161611Z_22479fed,B/core50_nc/loose/F11/2/default,F11,core50_nc,2,1,54.47110562102171,9.59691124476376,0.0,9.59691124476376,False,0.17618352216923025
effectiveness_v3_20260918T161611Z_22479fed,B/core50_nc/loose/F11/2/default,F11,core50_nc,2,2,70.18206747900695,9.403084003337426,0.0,9.403084003337426,False,0.1339812909636796
effectiveness_v3_20260918T161611Z_22479fed,B/core50_nc/loose/F11/2/default,F11,core50_nc,2,3,104.60690838700975,14.908338645036565,0.0,14.908338645036565,False,0.14251772540567603
effectiveness_v3_20260918T161611Z_22479fed,B/core50_nc/loose/F11/2/default,F11,core50_nc,2,4,118.47056769800838,14.525291773403296,0.0,14.525291773403296,False,0.12260675419762913
effectiveness_v3_20260918T161611Z_22479fed,B/core50_nc/loose/F11/2/default,F11,core50_nc,2,5,139.29424963198835,18.17608409532113,0.0,18.17608409532113,False,0.13048696657142597
effectiveness_v3_20260918T161611Z_22479fed,B/core50_nc/loose/F11/2/default,F11,core50_nc,2,6,154.76513855799567,14.886443250492448,0.0,14.886443250492448,False,0.09618731575595754
effectiveness_v3_20260918T161611Z_22479fed,B/core50_nc/loose/F11/2/default,F11,core50_nc,2,7,162.32162889800384,14.80592649881146,0.0,14.80592649881146,False,0.09121351602573485
effectiveness_v3_20260918T161611Z_22479fed,B/core50_nc/loose/F11/2/default,F11,core50_nc,2,8,181.6424367710133,14.797372056316817,0.0,14.797372056316817,False,0.08146428950945563
effectiveness_v3_20260918T163536Z_1458e8d5,B/core50_nc/loose/S0/2/default,S0,core50_nc,2,0,31.67309426801512,13.66947666721535,0.0,13.66947666721535,False,0.43158008344702165
effectiveness_v3_20260918T163536Z_1458e8d5,B/core50_nc/loose/S0/2/default,S0,core50_nc,2,1,18.24318617398967,10.370850360719487,0.0,10.370850360719487,False,0.5684780203309983
effectiveness_v3_20260918T163536Z_1458e8d5,B/core50_nc/loose/S0/2/default,S0,core50_nc,2,2,19.534278645995073,10.983637074445141,0.0,10.983637074445141,False,0.5622750280925788
effectiveness_v3_20260918T163536Z_1458e8d5,B/core50_nc/loose/S0/2/default,S0,core50_nc,2,3,19.339457285008393,10.848697966343025,0.0,10.848697966343025,False,0.5609618618797925
effectiveness_v3_20260918T163536Z_1458e8d5,B/core50_nc/loose/S0/2/default,S0,core50_nc,2,4,18.890497715008678,10.405971787055023,0.0,10.405971787055023,False,0.5508574704618492
effectiveness_v3_20260918T163536Z_1458e8d5,B/core50_nc/loose/S0/2/default,S0,core50_nc,2,5,15.983678150019841,9.306466939946404,0.0,9.306466939946404,False,0.5822481441754288
effectiveness_v3_20260918T163536Z_1458e8d5,B/core50_nc/loose/S0/2/default,S0,core50_nc,2,6,13.761329470027704,8.246669520216528,0.0,8.246669520216528,False,0.5992640128395913
effectiveness_v3_20260918T163536Z_1458e8d5,B/core50_nc/loose/S0/2/default,S0,core50_nc,2,7,18.502882398024667,9.987257409782615,0.0,9.987257409782615,False,0.5397676532197403
effectiveness_v3_20260918T163536Z_1458e8d5,B/core50_nc/loose/S0/2/default,S0,core50_nc,2,8,19.45627136802068,10.936802452022675,0.0,10.936802452022675,False,0.5621222198822207
effectiveness_v3_20260918T164020Z_d3a2f0de,B/core50_nc/loose/S_star/2/default,S_star,core50_nc,2,0,33.55413411397603,14.301076757983537,0.0,14.301076757983537,False,0.4262090837869908
effectiveness_v3_20260918T164020Z_d3a2f0de,B/core50_nc/loose/S_star/2/default,S_star,core50_nc,2,1,19.625528479984496,11.066216822975548,0.0,11.066216822975548,False,0.5638684754024158
effectiveness_v3_20260918T164020Z_d3a2f0de,B/core50_nc/loose/S_star/2/default,S_star,core50_nc,2,2,19.352928602020256,10.99739612848498,0.0,10.99739612848498,False,0.5682548804183032
effectiveness_v3_20260918T164020Z_d3a2f0de,B/core50_nc/loose/S_star/2/default,S_star,core50_nc,2,3,17.258718208002392,9.747507815074641,0.0,9.747507815074641,False,0.5647874713288378
effectiveness_v3_20260918T164020Z_d3a2f0de,B/core50_nc/loose/S_star/2/default,S_star,core50_nc,2,4,18.75369346200023,10.643943455594126,0.0,10.643943455594126,False,0.5675651826751607
effectiveness_v3_20260918T164020Z_d3a2f0de,B/core50_nc/loose/S_star/2/default,S_star,core50_nc,2,5,17.796876036009053,9.868118682061322,0.0,9.868118682061322,False,0.5544860042905736
effectiveness_v3_20260918T164020Z_d3a2f0de,B/core50_nc/loose/S_star/2/default,S_star,core50_nc,2,6,15.293694087013137,8.98874726361828,0.0,8.98874726361828,False,0.5877420597323968
effectiveness_v3_20260918T164020Z_d3a2f0de,B/core50_nc/loose/S_star/2/default,S_star,core50_nc,2,7,13.712592465017224,8.043305098079145,0.0,8.043305098079145,False,0.5865634174280875
effectiveness_v3_20260918T164020Z_d3a2f0de,B/core50_nc/loose/S_star/2/default,S_star,core50_nc,2,8,19.497388142015552,11.028427284094505,0.0,11.028427284094505,False,0.5656361356590625
effectiveness_v3_20260918T164505Z_c55b5565,B/splitcifar100/loose/S0/0/default,S0,splitcifar100,0,0,6.465946159994928,1.983528730692342,0.0,1.983528730692342,False,0.3067654263755728
effectiveness_v3_20260918T164505Z_c55b5565,B/splitcifar100/loose/S0/0/default,S0,splitcifar100,0,1,7.317896687978646,3.3808942607720383,0.0,3.3808942607720383,False,0.4620035516934732
effectiveness_v3_20260918T164505Z_c55b5565,B/splitcifar100/loose/S0/0/default,S0,splitcifar100,0,2,7.296578965004301,3.3829307380656246,0.0,3.3829307380656246,False,0.4636324439563755
effectiveness_v3_20260918T164505Z_c55b5565,B/splitcifar100/loose/S0/0/default,S0,splitcifar100,0,3,7.325688340992201,3.4300097852246836,0.0,3.4300097852246836,False,0.46821672252031926
effectiveness_v3_20260918T164505Z_c55b5565,B/splitcifar100/loose/S0/0/default,S0,splitcifar100,0,4,7.565263829979813,3.4656237449962646,0.0,3.4656237449962646,False,0.4580968784277696
effectiveness_v3_20260918T164505Z_c55b5565,B/splitcifar100/loose/S0/0/default,S0,splitcifar100,0,5,7.11374881901429,3.2805061967810616,0.0,3.2805061967810616,False,0.46115013057709026
effectiveness_v3_20260918T164505Z_c55b5565,B/splitcifar100/loose/S0/0/default,S0,splitcifar100,0,6,7.075089440011652,3.257244257023558,0.0,3.257244257023558,False,0.460382060840519
effectiveness_v3_20260918T164505Z_c55b5565,B/splitcifar100/loose/S0/0/default,S0,splitcifar100,0,7,7.062428880017251,3.2569236950657796,0.0,3.2569236950657796,False,0.4611619812952827
effectiveness_v3_20260918T164505Z_c55b5565,B/splitcifar100/loose/S0/0/default,S0,splitcifar100,0,8,7.285699674015632,3.352790230710525,0.0,3.352790230710525,False,0.46018781733046377
effectiveness_v3_20260918T164505Z_c55b5565,B/splitcifar100/loose/S0/0/default,S0,splitcifar100,0,9,7.507012998015853,3.5008566958422307,0.0,3.5008566958422307,False,0.46634482939719535
effectiveness_v3_20260918T164641Z_656a2787,B/splitcifar100/loose/S_star/0/default,S_star,splitcifar100,0,0,6.494304810999893,1.966539817804005,0.0,1.966539817804005,False,0.30280990422148474
effectiveness_v3_20260918T164641Z_656a2787,B/splitcifar100/loose/S_star/0/default,S_star,splitcifar100,0,1,7.674253386998316,3.5603172301489394,0.0,3.5603172301489394,False,0.46393011158333813
effectiveness_v3_20260918T164641Z_656a2787,B/splitcifar100/loose/S_star/0/default,S_star,splitcifar100,0,2,7.617598726996221,3.5629787513171323,0.0,3.5629787513171323,False,0.4677299079420123
effectiveness_v3_20260918T164641Z_656a2787,B/splitcifar100/loose/S_star/0/default,S_star,splitcifar100,0,3,7.746344164013863,3.517106293089455,0.0,3.517106293089455,False,0.4540343442818352
effectiveness_v3_20260918T164641Z_656a2787,B/splitcifar100/loose/S_star/0/default,S_star,splitcifar100,0,4,7.600437215005513,3.5354467952565756,0.0,3.5354467952565756,False,0.4651636077299023
effectiveness_v3_20260918T164641Z_656a2787,B/splitcifar100/loose/S_star/0/default,S_star,splitcifar100,0,5,7.646487435995368,3.5584935862279963,0.0,3.5584935862279963,False,0.46537624183839066
effectiveness_v3_20260918T164641Z_656a2787,B/splitcifar100/loose/S_star/0/default,S_star,splitcifar100,0,6,7.57427244601422,3.5892018090817146,0.0,3.5892018090817146,False,0.47386753442839863
effectiveness_v3_20260918T164641Z_656a2787,B/splitcifar100/loose/S_star/0/default,S_star,splitcifar100,0,7,7.244910507026361,3.4622657877625898,0.0,3.4622657877625898,False,0.4778893796417176
effectiveness_v3_20260918T164641Z_656a2787,B/splitcifar100/loose/S_star/0/default,S_star,splitcifar100,0,8,7.479234006983461,3.5399161902605556,0.0,3.5399161902605556,False,0.47329929601818693
effectiveness_v3_20260918T164641Z_656a2787,B/splitcifar100/loose/S_star/0/default,S_star,splitcifar100,0,9,7.524079619004624,3.582350469951052,0.0,3.582350469951052,False,0.4761180970098465
effectiveness_v3_20260918T164819Z_1eaa0e7b,B/splitcifar100/loose/O11/0/default,O11,splitcifar100,0,0,6.480835950002074,1.9422354160342366,0.0,1.9422354160342366,False,0.29968902638765527
effectiveness_v3_20260918T164819Z_1eaa0e7b,B/splitcifar100/loose/O11/0/default,O11,splitcifar100,0,1,14.19889428600436,3.4807566021336243,0.0,3.4807566021336243,False,0.24514279295427632
effectiveness_v3_20260918T164819Z_1eaa0e7b,B/splitcifar100/loose/O11/0/default,O11,splitcifar100,0,2,21.072932064998895,2.5704237201425713,0.0,2.5704237201425713,False,0.12197750707942151
effectiveness_v3_20260918T164819Z_1eaa0e7b,B/splitcifar100/loose/O11/0/default,O11,splitcifar100,0,3,27.773123971011955,2.4310981230810285,0.0,2.4310981230810285,False,0.08753419765160281
effectiveness_v3_20260918T164819Z_1eaa0e7b,B/splitcifar100/loose/O11/0/default,O11,splitcifar100,0,4,31.275275370979216,2.2296688083733898,0.0,2.2296688083733898,False,0.07129174026209636
effectiveness_v3_20260918T164819Z_1eaa0e7b,B/splitcifar100/loose/O11/0/default,O11,splitcifar100,0,5,36.91394385098829,2.191770237055607,0.0,2.191770237055607,False,0.059375130598431775
effectiveness_v3_20260918T164819Z_1eaa0e7b,B/splitcifar100/loose/O11/0/default,O11,splitcifar100,0,6,42.107752670010086,2.240211862081196,0.0,2.240211862081196,False,0.053201886114352434
effectiveness_v3_20260918T164819Z_1eaa0e7b,B/splitcifar100/loose/O11/0/default,O11,splitcifar100,0,7,44.809617199003696,2.0192958348197863,0.0,2.0192958348197863,False,0.0450638938925076
effectiveness_v3_20260918T164819Z_1eaa0e7b,B/splitcifar100/loose/O11/0/default,O11,splitcifar100,0,8,60.30607127500116,2.9249538798758294,0.0,2.9249538798758294,False,0.048501814461396
effectiveness_v3_20260918T164819Z_1eaa0e7b,B/splitcifar100/loose/O11/0/default,O11,splitcifar100,0,9,72.64818436201313,3.5464664556493517,0.0,3.5464664556493517,False,0.04881700054576666
effectiveness_v3_20260918T165443Z_1c14c05b,B/splitcifar100/loose/R11/0/default,R11,splitcifar100,0,0,6.56892217497807,1.975080408359645,0.0,1.975080408359645,False,0.30067039245540134
effectiveness_v3_20260918T165443Z_1c14c05b,B/splitcifar100/loose/R11/0/default,R11,splitcifar100,0,1,7.59448129197699,3.5026934888446704,0.0,3.5026934888446704,False,0.4612156320070217
effectiveness_v3_20260918T165443Z_1c14c05b,B/splitcifar100/loose/R11/0/default,R11,splitcifar100,0,2,7.580496785987634,3.504165169026237,0.0,3.504165169026237,False,0.46226062327519246
effectiveness_v3_20260918T165443Z_1c14c05b,B/splitcifar100/loose/R11/0/default,R11,splitcifar100,0,3,7.403520222986117,3.447462765034288,0.0,3.447462765034288,False,0.46565183334419225
effectiveness_v3_20260918T165443Z_1c14c05b,B/splitcifar100/loose/R11/0/default,R11,splitcifar100,0,4,7.750501394999446,3.463597809895873,0.0,3.463597809895873,False,0.44688693458342643
effectiveness_v3_20260918T165443Z_1c14c05b,B/splitcifar100/loose/R11/0/default,R11,splitcifar100,0,5,7.695400259020971,3.5354199648136273,0.0,3.5354199648136273,False,0.45941989315880144
effectiveness_v3_20260918T165443Z_1c14c05b,B/splitcifar100/loose/R11/0/default,R11,splitcifar100,0,6,6.982076709013199,3.2734418539330363,0.0,3.2734418539330363,False,0.4688349885510901
effectiveness_v3_20260918T165443Z_1c14c05b,B/splitcifar100/loose/R11/0/default,R11,splitcifar100,0,7,6.371082483994542,3.0520337968482636,0.0,3.0520337968482636,False,0.47904477842118587
effectiveness_v3_20260918T165443Z_1c14c05b,B/splitcifar100/loose/R11/0/default,R11,splitcifar100,0,8,6.408722544991178,3.0928651511494536,0.0,3.0928651511494536,False,0.48260244213048714
effectiveness_v3_20260918T165443Z_1c14c05b,B/splitcifar100/loose/R11/0/default,R11,splitcifar100,0,9,6.921335940016434,3.295238660182804,0.0,3.295238660182804,False,0.4760986446461924
effectiveness_v3_20260918T165619Z_636a0335,B/splitcifar100/loose/F11/0/default,F11,splitcifar100,0,0,13.105530840985011,1.9561133568931837,0.0,1.9561133568931837,False,0.14925861307165197
effectiveness_v3_20260918T165619Z_636a0335,B/splitcifar100/loose/F11/0/default,F11,splitcifar100,0,1,20.60258252400672,2.2718397166463546,0.0,2.2718397166463546,False,0.1102696574081983
effectiveness_v3_20260918T165619Z_636a0335,B/splitcifar100/loose/F11/0/default,F11,splitcifar100,0,2,28.381223898992175,2.7040774889755994,0.0,2.7040774889755994,False,0.09527698659505737
effectiveness_v3_20260918T165619Z_636a0335,B/splitcifar100/loose/F11/0/default,F11,splitcifar100,0,3,32.932019644998945,2.158935832994757,0.0,2.158935832994757,False,0.06555734680920527
effectiveness_v3_20260918T165619Z_636a0335,B/splitcifar100/loose/F11/0/default,F11,splitcifar100,0,4,39.181643707008334,2.51722629199503,0.0,2.51722629199503,False,0.0642450406322484
effectiveness_v3_20260918T165619Z_636a0335,B/splitcifar100/loose/F11/0/default,F11,splitcifar100,0,5,41.66435482000816,2.1259347162558697,0.0,2.1259347162558697,False,0.05102526429222296
effectiveness_v3_20260918T165619Z_636a0335,B/splitcifar100/loose/F11/0/default,F11,splitcifar100,0,6,46.93659464799566,1.9751782389648724,0.0,1.9751782389648724,False,0.042081839421412276
effectiveness_v3_20260918T165619Z_636a0335,B/splitcifar100/loose/F11/0/default,F11,splitcifar100,0,7,54.03836183800013,2.562319330871105,0.0,2.562319330871105,False,0.047416672965635044
effectiveness_v3_20260918T165619Z_636a0335,B/splitcifar100/loose/F11/0/default,F11,splitcifar100,0,8,60.07657383100013,2.4499913152540103,0.0,2.4499913152540103,False,0.04078114244906872
effectiveness_v3_20260918T165619Z_636a0335,B/splitcifar100/loose/F11/0/default,F11,splitcifar100,0,9,79.07569821999641,3.383181775774574,0.0,3.383181775774574,False,0.04278408982696843
effectiveness_v3_20260918T170342Z_a5939b94,B/splitcifar100/loose/S_star/1/default,S_star,splitcifar100,1,0,6.457881776004797,1.9583244337700307,0.0,1.9583244337700307,False,0.30324563095076645
effectiveness_v3_20260918T170342Z_a5939b94,B/splitcifar100/loose/S_star/1/default,S_star,splitcifar100,1,1,7.546168769011274,3.496932864858536,0.0,3.496932864858536,False,0.4634050697645233
effectiveness_v3_20260918T170342Z_a5939b94,B/splitcifar100/loose/S_star/1/default,S_star,splitcifar100,1,2,7.464085387997329,3.5108898740436416,0.0,3.5108898740436416,False,0.47037107583058346
effectiveness_v3_20260918T170342Z_a5939b94,B/splitcifar100/loose/S_star/1/default,S_star,splitcifar100,1,3,7.606150609994074,3.5027073930832557,0.0,3.5027073930832557,False,0.4605098653293673
effectiveness_v3_20260918T170342Z_a5939b94,B/splitcifar100/loose/S_star/1/default,S_star,splitcifar100,1,4,7.4654532599961385,3.5419437809614465,0.0,3.5419437809614465,False,0.4744445725674905
effectiveness_v3_20260918T170342Z_a5939b94,B/splitcifar100/loose/S_star/1/default,S_star,splitcifar100,1,5,7.54853066598298,3.5545884380990174,0.0,3.5545884380990174,False,0.47089805889211866
effectiveness_v3_20260918T170342Z_a5939b94,B/splitcifar100/loose/S_star/1/default,S_star,splitcifar100,1,6,7.508808409009362,3.5354202768357936,0.0,3.5354202768357936,False,0.47083639430643326
effectiveness_v3_20260918T170342Z_a5939b94,B/splitcifar100/loose/S_star/1/default,S_star,splitcifar100,1,7,7.486920185008785,3.551097864896292,0.0,3.551097864896292,False,0.47430689484398786
effectiveness_v3_20260918T170342Z_a5939b94,B/splitcifar100/loose/S_star/1/default,S_star,splitcifar100,1,8,7.547037354001077,3.565777936106315,0.0,3.565777936106315,False,0.4724738687315375
effectiveness_v3_20260918T170342Z_a5939b94,B/splitcifar100/loose/S_star/1/default,S_star,splitcifar100,1,9,7.530265155015513,3.568619106314145,0.0,3.568619106314145,False,0.47390351240650214
effectiveness_v3_20260918T170519Z_efdcf21c,B/splitcifar100/loose/O11/1/default,O11,splitcifar100,1,0,6.422214897000231,1.934615365928039,0.0,1.934615365928039,False,0.30123803032995417
effectiveness_v3_20260918T170519Z_efdcf21c,B/splitcifar100/loose/O11/1/default,O11,splitcifar100,1,1,14.070850807009265,3.43501784268301,0.0,3.43501784268301,False,0.24412296667745828
effectiveness_v3_20260918T170519Z_efdcf21c,B/splitcifar100/loose/O11/1/default,O11,splitcifar100,1,2,20.71349391998956,2.2054501448583324,0.0,2.2054501448583324,False,0.10647407691707493
effectiveness_v3_20260918T170519Z_efdcf21c,B/splitcifar100/loose/O11/1/default,O11,splitcifar100,1,3,26.712089066015324,2.0561143235245254,0.0,2.0561143235245254,False,0.07697317564504656
effectiveness_v3_20260918T170519Z_efdcf21c,B/splitcifar100/loose/O11/1/default,O11,splitcifar100,1,4,30.363349131977884,2.0835492959304247,0.0,2.0835492959304247,False,0.06862053612314081
effectiveness_v3_20260918T170519Z_efdcf21c,B/splitcifar100/loose/O11/1/default,O11,splitcifar100,1,5,35.77489206698374,2.1296630106517114,0.0,2.1296630106517114,False,0.059529543979173996
effectiveness_v3_20260918T170519Z_efdcf21c,B/splitcifar100/loose/O11/1/default,O11,splitcifar100,1,6,41.30464418101474,2.1183251597976778,0.0,2.1183251597976778,False,0.051285399058620736
effectiveness_v3_20260918T170519Z_efdcf21c,B/splitcifar100/loose/O11/1/default,O11,splitcifar100,1,7,44.271670137008186,1.9301564329653047,0.0,1.9301564329653047,False,0.04359800357637336
effectiveness_v3_20260918T170519Z_efdcf21c,B/splitcifar100/loose/O11/1/default,O11,splitcifar100,1,8,65.42832113199984,3.52783862160868,0.0,3.52783862160868,False,0.05391913716525544
effectiveness_v3_20260918T170519Z_efdcf21c,B/splitcifar100/loose/O11/1/default,O11,splitcifar100,1,9,71.26405085599981,3.7244879509089515,0.0,3.7244879509089515,False,0.05226320853462096
effectiveness_v3_20260918T171142Z_552f5e4f,B/splitcifar100/loose/R11/1/default,R11,splitcifar100,1,0,6.726473148009973,1.996184412157163,0.0,1.996184412157163,False,0.29676538777943895
effectiveness_v3_20260918T171142Z_552f5e4f,B/splitcifar100/loose/R11/1/default,R11,splitcifar100,1,1,7.684772801992949,3.485882795852376,0.0,3.485882795852376,False,0.45360908977664977
effectiveness_v3_20260918T171142Z_552f5e4f,B/splitcifar100/loose/R11/1/default,R11,splitcifar100,1,2,7.7403828499955125,3.5540047077520285,0.0,3.5540047077520285,False,0.45915102348640147
effectiveness_v3_20260918T171142Z_552f5e4f,B/splitcifar100/loose/R11/1/default,R11,splitcifar100,1,3,7.485299673979171,3.4012164668529294,0.0,3.4012164668529294,False,0.4543861455108382
effectiveness_v3_20260918T171142Z_552f5e4f,B/splitcifar100/loose/R11/1/default,R11,splitcifar100,1,4,7.7980337610060815,3.4607894420041703,0.0,3.4607894420041703,False,0.44380282877329685
effectiveness_v3_20260918T171142Z_552f5e4f,B/splitcifar100/loose/R11/1/default,R11,splitcifar100,1,5,7.742703813972184,3.4986260899167974,0.0,3.4986260899167974,False,0.45186102606731665
effectiveness_v3_20260918T171142Z_552f5e4f,B/splitcifar100/loose/R11/1/default,R11,splitcifar100,1,6,7.839770268998109,3.554651576880133,0.0,3.554651576880133,False,0.453412721918241
effectiveness_v3_20260918T171142Z_552f5e4f,B/splitcifar100/loose/R11/1/default,R11,splitcifar100,1,7,7.180709770007525,3.269785041222349,0.0,3.269785041222349,False,0.45535680259347433
effectiveness_v3_20260918T171142Z_552f5e4f,B/splitcifar100/loose/R11/1/default,R11,splitcifar100,1,8,6.93125034699915,3.2817928618751466,0.0,3.2817928618751466,False,0.47347775618809995
effectiveness_v3_20260918T171142Z_552f5e4f,B/splitcifar100/loose/R11/1/default,R11,splitcifar100,1,9,7.339932739996584,3.4650197172013577,0.0,3.4650197172013577,False,0.4720778568337358
effectiveness_v3_20260918T171321Z_0b9d1439,B/splitcifar100/loose/F11/1/default,F11,splitcifar100,1,0,13.15275427600136,1.9700499248865526,0.0,1.9700499248865526,False,0.14978231049911153
effectiveness_v3_20260918T171321Z_0b9d1439,B/splitcifar100/loose/F11/1/default,F11,splitcifar100,1,1,20.831182658002945,2.268643743940629,0.0,2.268643743940629,False,0.10890614235332717
effectiveness_v3_20260918T171321Z_0b9d1439,B/splitcifar100/loose/F11/1/default,F11,splitcifar100,1,2,27.069965539005352,2.209959544445155,0.0,2.209959544445155,False,0.0816388015441248
effectiveness_v3_20260918T171321Z_0b9d1439,B/splitcifar100/loose/F11/1/default,F11,splitcifar100,1,3,32.569708163006,2.186322169727646,0.0,2.186322169727646,False,0.06712747190688555
effectiveness_v3_20260918T171321Z_0b9d1439,B/splitcifar100/loose/F11/1/default,F11,splitcifar100,1,4,37.02565666200826,2.2505642345931847,0.0,2.2505642345931847,False,0.06078391141412142
effectiveness_v3_20260918T171321Z_0b9d1439,B/splitcifar100/loose/F11/1/default,F11,splitcifar100,1,5,41.52850960101932,2.2051706099591684,0.0,2.2051706099591684,False,0.05310016254243427
effectiveness_v3_20260918T171321Z_0b9d1439,B/splitcifar100/loose/F11/1/default,F11,splitcifar100,1,6,46.871564961998956,2.044029436947312,0.0,2.044029436947312,False,0.04360915703592371
effectiveness_v3_20260918T171321Z_0b9d1439,B/splitcifar100/loose/F11/1/default,F11,splitcifar100,1,7,53.11940740098362,2.508050494652707,0.0,2.508050494652707,False,0.04721533272613778
effectiveness_v3_20260918T171321Z_0b9d1439,B/splitcifar100/loose/F11/1/default,F11,splitcifar100,1,8,59.92797877101111,2.4706356639799196,0.0,2.4706356639799196,False,0.041226747750335226
effectiveness_v3_20260918T171321Z_0b9d1439,B/splitcifar100/loose/F11/1/default,F11,splitcifar100,1,9,77.53101672200137,3.4708529799827375,0.0,3.4708529799827375,False,0.044767283169108704
effectiveness_v3_20260918T172038Z_15039b60,B/splitcifar100/loose/S0/1/default,S0,splitcifar100,1,0,6.553475663997233,1.9763347559783142,0.0,1.9763347559783142,False,0.30157047302940115
effectiveness_v3_20260918T172038Z_15039b60,B/splitcifar100/loose/S0/1/default,S0,splitcifar100,1,1,7.522903889010195,3.4831000221020076,0.0,3.4831000221020076,False,0.4629994046833804
effectiveness_v3_20260918T172038Z_15039b60,B/splitcifar100/loose/S0/1/default,S0,splitcifar100,1,2,7.300395183992805,3.441139906295575,0.0,3.441139906295575,False,0.4713635110933149
effectiveness_v3_20260918T172038Z_15039b60,B/splitcifar100/loose/S0/1/default,S0,splitcifar100,1,3,7.362771500018425,3.4491851249476895,0.0,3.4491851249476895,False,0.4684628777273691
effectiveness_v3_20260918T172038Z_15039b60,B/splitcifar100/loose/S0/1/default,S0,splitcifar100,1,4,7.648421647987561,3.4802396633604076,0.0,3.4802396633604076,False,0.4550271707726942
effectiveness_v3_20260918T172038Z_15039b60,B/splitcifar100/loose/S0/1/default,S0,splitcifar100,1,5,7.485119420016417,3.5128485280438326,0.0,3.5128485280438326,False,0.46931095296220776
effectiveness_v3_20260918T172038Z_15039b60,B/splitcifar100/loose/S0/1/default,S0,splitcifar100,1,6,7.39555478800321,3.444652613979997,0.0,3.444652613979997,False,0.4657733885722519
effectiveness_v3_20260918T172038Z_15039b60,B/splitcifar100/loose/S0/1/default,S0,splitcifar100,1,7,7.459477721014991,3.4815737774188165,0.0,3.4815737774188165,False,0.46673157392915815
effectiveness_v3_20260918T172038Z_15039b60,B/splitcifar100/loose/S0/1/default,S0,splitcifar100,1,8,7.518025334982667,3.52371567877708,0.0,3.52371567877708,False,0.46870228840286343
effectiveness_v3_20260918T172038Z_15039b60,B/splitcifar100/loose/S0/1/default,S0,splitcifar100,1,9,7.516727461013943,3.540630135219544,0.0,3.540630135219544,False,0.4710334588533749
effectiveness_v3_20260918T172216Z_c03835a6,B/splitcifar100/loose/O11/2/default,O11,splitcifar100,2,0,6.426731874991674,1.943412064021686,0.0,1.943412064021686,False,0.30239507448320363
effectiveness_v3_20260918T172216Z_c03835a6,B/splitcifar100/loose/O11/2/default,O11,splitcifar100,2,1,14.022509390022606,3.4325347771227825,0.0,3.4325347771227825,False,0.24478748287129862
effectiveness_v3_20260918T172216Z_c03835a6,B/splitcifar100/loose/O11/2/default,O11,splitcifar100,2,2,21.09167844199692,2.3835424890567083,0.0,2.3835424890567083,False,0.11300866811579549
effectiveness_v3_20260918T172216Z_c03835a6,B/splitcifar100/loose/O11/2/default,O11,splitcifar100,2,3,27.57556485198438,2.319792166381376,0.0,2.319792166381376,False,0.08412491924764472
effectiveness_v3_20260918T172216Z_c03835a6,B/splitcifar100/loose/O11/2/default,O11,splitcifar100,2,4,31.04575578699587,2.194566688966006,0.0,2.194566688966006,False,0.07068813863069953
effectiveness_v3_20260918T172216Z_c03835a6,B/splitcifar100/loose/O11/2/default,O11,splitcifar100,2,5,35.26679798000259,2.050587665173225,0.0,2.050587665173225,False,0.05814499139774397
effectiveness_v3_20260918T172216Z_c03835a6,B/splitcifar100/loose/O11/2/default,O11,splitcifar100,2,6,41.03295556499506,2.1990387899859343,0.0,2.1990387899859343,False,0.05359201548381563
effectiveness_v3_20260918T172216Z_c03835a6,B/splitcifar100/loose/O11/2/default,O11,splitcifar100,2,7,44.45621175298584,2.0124324482749216,0.0,2.0124324482749216,False,0.045267744796985754
effectiveness_v3_20260918T172216Z_c03835a6,B/splitcifar100/loose/O11/2/default,O11,splitcifar100,2,8,52.423773754999274,2.423781475808937,0.0,2.423781475808937,False,0.04623439524091488
effectiveness_v3_20260918T172216Z_c03835a6,B/splitcifar100/loose/O11/2/default,O11,splitcifar100,2,9,71.53369197700522,3.4802444812085014,0.0,3.4802444812085014,False,0.04865182244930458
effectiveness_v3_20260918T172828Z_112e26f9,B/splitcifar100/loose/R11/2/default,R11,splitcifar100,2,0,6.253447777999099,1.8743238900206052,0.0,1.8743238900206052,False,0.29972647994516843
effectiveness_v3_20260918T172828Z_112e26f9,B/splitcifar100/loose/R11/2/default,R11,splitcifar100,2,1,7.353370130003896,3.393334830470849,0.0,3.393334830470849,False,0.46146661605201306
effectiveness_v3_20260918T172828Z_112e26f9,B/splitcifar100/loose/R11/2/default,R11,splitcifar100,2,2,7.483030436997069,3.487802983901929,0.0,3.487802983901929,False,0.4660949882894744
effectiveness_v3_20260918T172828Z_112e26f9,B/splitcifar100/loose/R11/2/default,R11,splitcifar100,2,3,7.367371130007086,3.4633859761233907,0.0,3.4633859761233907,False,0.4700979379221336
effectiveness_v3_20260918T172828Z_112e26f9,B/splitcifar100/loose/R11/2/default,R11,splitcifar100,2,4,7.825696701009292,3.490372914035106,0.0,3.490372914035106,False,0.44601433551404407
effectiveness_v3_20260918T172828Z_112e26f9,B/splitcifar100/loose/R11/2/default,R11,splitcifar100,2,5,7.670704222982749,3.5167291557299905,0.0,3.5167291557299905,False,0.4584623593220118
effectiveness_v3_20260918T172828Z_112e26f9,B/splitcifar100/loose/R11/2/default,R11,splitcifar100,2,6,7.689222270011669,3.538219020847464,0.0,3.538219020847464,False,0.46015304234950855
effectiveness_v3_20260918T172828Z_112e26f9,B/splitcifar100/loose/R11/2/default,R11,splitcifar100,2,7,7.154736627009697,3.3362315404228866,0.0,3.3362315404228866,False,0.46629690432326304
effectiveness_v3_20260918T172828Z_112e26f9,B/splitcifar100/loose/R11/2/default,R11,splitcifar100,2,8,7.133371967996936,3.3258078230719548,0.0,3.3258078230719548,False,0.4662322164038009
effectiveness_v3_20260918T172828Z_112e26f9,B/splitcifar100/loose/R11/2/default,R11,splitcifar100,2,9,7.191173226980027,3.357741590880323,0.0,3.357741590880323,False,0.4669254216102962
effectiveness_v3_20260918T173006Z_a240ced0,B/splitcifar100/loose/F11/2/default,F11,splitcifar100,2,0,12.961176659009652,1.9518527789914515,0.0,1.9518527789914515,False,0.150592251794876
effectiveness_v3_20260918T173006Z_a240ced0,B/splitcifar100/loose/F11/2/default,F11,splitcifar100,2,1,20.753549491986632,2.5110978606098797,0.0,2.5110978606098797,False,0.12099606679712623
effectiveness_v3_20260918T173006Z_a240ced0,B/splitcifar100/loose/F11/2/default,F11,splitcifar100,2,2,26.94225877901772,2.191903476807056,0.0,2.191903476807056,False,0.08135559437629936
effectiveness_v3_20260918T173006Z_a240ced0,B/splitcifar100/loose/F11/2/default,F11,splitcifar100,2,3,33.13281697098864,2.3876609039725736,0.0,2.3876609039725736,False,0.0720633233830745
effectiveness_v3_20260918T173006Z_a240ced0,B/splitcifar100/loose/F11/2/default,F11,splitcifar100,2,4,35.848144853982376,2.2282772730104625,0.0,2.2282772730104625,False,0.06215878902762587
effectiveness_v3_20260918T173006Z_a240ced0,B/splitcifar100/loose/F11/2/default,F11,splitcifar100,2,5,41.32252096000593,2.1423817559552845,0.0,2.1423817559552845,False,0.0518453788922702
effectiveness_v3_20260918T173006Z_a240ced0,B/splitcifar100/loose/F11/2/default,F11,splitcifar100,2,6,46.385078371997224,1.9518395841878373,0.0,1.9518395841878373,False,0.04207904034427949
effectiveness_v3_20260918T173006Z_a240ced0,B/splitcifar100/loose/F11/2/default,F11,splitcifar100,2,7,52.04567589901853,2.2814404972014017,0.0,2.2814404972014017,False,0.043835351502168204
effectiveness_v3_20260918T173006Z_a240ced0,B/splitcifar100/loose/F11/2/default,F11,splitcifar100,2,8,58.73076345099253,2.3981237118132412,0.0,2.3981237118132412,False,0.040832496819394125
effectiveness_v3_20260918T173006Z_a240ced0,B/splitcifar100/loose/F11/2/default,F11,splitcifar100,2,9,78.83022427698597,3.592670247046044,0.0,3.592670247046044,False,0.04557478150033506
effectiveness_v3_20260918T173720Z_d27c9c53,B/splitcifar100/loose/S0/2/default,S0,splitcifar100,2,0,6.450960287998896,1.9602629452710971,0.0,1.9602629452710971,False,0.30387149474751696
effectiveness_v3_20260918T173720Z_d27c9c53,B/splitcifar100/loose/S0/2/default,S0,splitcifar100,2,1,7.547556837002048,3.495699908147799,0.0,3.495699908147799,False,0.46315648674681853
effectiveness_v3_20260918T173720Z_d27c9c53,B/splitcifar100/loose/S0/2/default,S0,splitcifar100,2,2,7.4182291380129755,3.4808613192581106,0.0,3.4808613192581106,False,0.469230763096984
effectiveness_v3_20260918T173720Z_d27c9c53,B/splitcifar100/loose/S0/2/default,S0,splitcifar100,2,3,6.822208358993521,3.2688147817971185,0.0,3.2688147817971185,False,0.4791432055117364
effectiveness_v3_20260918T173720Z_d27c9c53,B/splitcifar100/loose/S0/2/default,S0,splitcifar100,2,4,7.620252969994908,3.5002042001869995,0.0,3.5002042001869995,False,0.4593291343435989
effectiveness_v3_20260918T173720Z_d27c9c53,B/splitcifar100/loose/S0/2/default,S0,splitcifar100,2,5,7.392374232003931,3.4982073191786185,0.0,3.4982073191786185,False,0.4732183746912826
effectiveness_v3_20260918T173720Z_d27c9c53,B/splitcifar100/loose/S0/2/default,S0,splitcifar100,2,6,7.558925758989062,3.518626066914294,0.0,3.518626066914294,False,0.46549287281065693
effectiveness_v3_20260918T173720Z_d27c9c53,B/splitcifar100/loose/S0/2/default,S0,splitcifar100,2,7,7.6747163939871825,3.5533878624846693,0.0,3.5533878624846693,False,0.4629992406323443
effectiveness_v3_20260918T173720Z_d27c9c53,B/splitcifar100/loose/S0/2/default,S0,splitcifar100,2,8,7.728262550022919,3.5835925651481375,0.0,3.5835925651481375,False,0.4636996403722736
effectiveness_v3_20260918T173720Z_d27c9c53,B/splitcifar100/loose/S0/2/default,S0,splitcifar100,2,9,7.728339312016033,3.5843728585459758,0.0,3.5843728585459758,False,0.46379599986933645
effectiveness_v3_20260918T173859Z_b898a972,B/splitcifar100/loose/S_star/2/default,S_star,splitcifar100,2,0,6.433814615011215,1.9427697031060234,0.0,1.9427697031060234,False,0.3019623379531642
effectiveness_v3_20260918T173859Z_b898a972,B/splitcifar100/loose/S_star/2/default,S_star,splitcifar100,2,1,7.329468926007394,3.4165313769190107,0.0,3.4165313769190107,False,0.4661362796417652
effectiveness_v3_20260918T173859Z_b898a972,B/splitcifar100/loose/S_star/2/default,S_star,splitcifar100,2,2,7.211686258990085,3.3831953880144283,0.0,3.3831953880144283,False,0.4691268125810297
effectiveness_v3_20260918T173859Z_b898a972,B/splitcifar100/loose/S_star/2/default,S_star,splitcifar100,2,3,6.263193903985666,2.888638669013744,0.0,2.888638669013744,False,0.46120856439963015
effectiveness_v3_20260918T173859Z_b898a972,B/splitcifar100/loose/S_star/2/default,S_star,splitcifar100,2,4,7.457978705002461,3.5226120437437203,0.0,3.5226120437437203,False,0.47232798363729817
effectiveness_v3_20260918T173859Z_b898a972,B/splitcifar100/loose/S_star/2/default,S_star,splitcifar100,2,5,7.175573844986502,3.389348081051139,0.0,3.389348081051139,False,0.4723452303984358
effectiveness_v3_20260918T173859Z_b898a972,B/splitcifar100/loose/S_star/2/default,S_star,splitcifar100,2,6,7.4963802470010705,3.5396057680482045,0.0,3.5396057680482045,False,0.47217532347885166
effectiveness_v3_20260918T173859Z_b898a972,B/splitcifar100/loose/S_star/2/default,S_star,splitcifar100,2,7,7.668142326991074,3.6291136518411804,0.0,3.6291136518411804,False,0.4732715561456225
effectiveness_v3_20260918T173859Z_b898a972,B/splitcifar100/loose/S_star/2/default,S_star,splitcifar100,2,8,7.341839073022129,3.448363351606531,0.0,3.448363351606531,False,0.46968658905609567
effectiveness_v3_20260918T173859Z_b898a972,B/splitcifar100/loose/S_star/2/default,S_star,splitcifar100,2,9,7.534050488000503,3.5833316062635276,0.0,3.5833316062635276,False,0.4756182098820159
effectiveness_v3_20260918T174034Z_368f9cd7,D/core50_nc/tight/O11/0/latency,O11,core50_nc,0,0,32.94581796499551,14.174704146833392,0.0,14.174704146833392,False,0.43024289643965813
effectiveness_v3_20260918T174034Z_368f9cd7,D/core50_nc/tight/O11/0/latency,O11,core50_nc,0,1,37.4824957959936,10.515660439006751,0.0,10.515660439006751,False,0.2805485658223095
effectiveness_v3_20260918T174203Z_034c0a94,D/core50_nc/tight/O11/1/latency,O11,core50_nc,1,0,31.891458759986563,13.546478209871566,0.0,13.546478209871566,False,0.42476822122881386
effectiveness_v3_20260918T174203Z_034c0a94,D/core50_nc/tight/O11/1/latency,O11,core50_nc,1,1,34.938339851010824,9.483468244754476,0.0,9.483468244754476,False,0.27143442662688805
effectiveness_v3_20260918T174329Z_f90e0766,D/core50_nc/tight/O11/2/latency,O11,core50_nc,2,0,30.17736974998843,13.161854400939774,0.0,13.161854400939774,False,0.4361498205437477
effectiveness_v3_20260918T174329Z_f90e0766,D/core50_nc/tight/O11/2/latency,O11,core50_nc,2,1,36.621834243997,10.44583254616009,0.0,10.44583254616009,False,0.28523509981951156
effectiveness_v3_20260918T174454Z_1ef05ebd,D/core50_nc/tight/O11/0/plasticity_stability,O11,core50_nc,0,0,32.48278290699818,13.86760795340524,0.0,13.86760795340524,False,0.42692179401961167
effectiveness_v3_20260918T174454Z_1ef05ebd,D/core50_nc/tight/O11/0/plasticity_stability,O11,core50_nc,0,1,37.04268614799366,10.692309197009308,0.0,10.692309197009308,False,0.2886483219465021
effectiveness_v3_20260918T174622Z_9a630c92,D/core50_nc/tight/O11/1/plasticity_stability,O11,core50_nc,1,0,34.229844212008175,14.41163985611638,0.0,14.41163985611638,False,0.42102557542638863
effectiveness_v3_20260918T174622Z_9a630c92,D/core50_nc/tight/O11/1/plasticity_stability,O11,core50_nc,1,1,37.753094025014434,10.86808410557569,0.0,10.86808410557569,False,0.28787267338604666
effectiveness_v3_20260918T174753Z_645fa73d,D/core50_nc/tight/O11/2/plasticity_stability,O11,core50_nc,2,0,29.257002261991147,12.652523813128937,0.0,12.652523813128937,False,0.43246138821154273
effectiveness_v3_20260918T174753Z_645fa73d,D/core50_nc/tight/O11/2/plasticity_stability,O11,core50_nc,2,1,37.2731514639745,10.707613898994168,0.0,10.707613898994168,False,0.2872741766776379
effectiveness_v3_20260918T174918Z_0de3e1e6,D/core50_nc/tight/O11/0/memory,O11,core50_nc,0,0,30.438949575996958,13.136992682237178,0.0,13.136992682237178,False,0.43158495497481064
effectiveness_v3_20260918T174918Z_0de3e1e6,D/core50_nc/tight/O11/0/memory,O11,core50_nc,0,1,37.16427386002033,10.58218583924463,0.0,10.58218583924463,False,0.28474082068985274
effectiveness_v3_20260918T175044Z_0788d99f,D/core50_nc/tight/O11/1/memory,O11,core50_nc,1,0,33.28608053299831,14.078585349605419,0.0,14.078585349605419,False,0.422957137763593
effectiveness_v3_20260918T175044Z_0788d99f,D/core50_nc/tight/O11/1/memory,O11,core50_nc,1,1,36.85399960400537,10.751755143835908,0.0,10.751755143835908,False,0.29173916696594815
effectiveness_v3_20260918T175213Z_3943b81b,D/core50_nc/tight/O11/2/memory,O11,core50_nc,2,0,32.27677418399253,13.812699091708055,0.0,13.812699091708055,False,0.4279454636008322
effectiveness_v3_20260918T175213Z_3943b81b,D/core50_nc/tight/O11/2/memory,O11,core50_nc,2,1,36.595052079006564,10.61188534690882,0.0,10.61188534690882,False,0.28998142492046153
effectiveness_v3_20260918T175340Z_168b5058,E/core50_nc/io/static_off/0/default,static_off,core50_nc,0,0,41.360809761012206,16.191253714467166,0.0,16.191253714467166,False,0.3914636538313007
effectiveness_v3_20260918T175340Z_168b5058,E/core50_nc/io/static_off/0/default,static_off,core50_nc,0,1,21.066238803003216,11.140435937209986,0.0,11.140435937209986,False,0.5288289020829764
effectiveness_v3_20260918T175340Z_168b5058,E/core50_nc/io/static_off/0/default,static_off,core50_nc,0,2,22.65868938001222,11.868299212044803,0.0,11.868299212044803,False,0.5237857765292514
effectiveness_v3_20260918T175340Z_168b5058,E/core50_nc/io/static_off/0/default,static_off,core50_nc,0,3,22.456286861008266,11.725534107827116,0.0,11.725534107827116,False,0.5221492840914239
effectiveness_v3_20260918T175340Z_168b5058,E/core50_nc/io/static_off/0/default,static_off,core50_nc,0,4,21.541001197998412,11.34053086899803,0.0,11.34053086899803,False,0.5264625708322133
effectiveness_v3_20260918T175340Z_168b5058,E/core50_nc/io/static_off/0/default,static_off,core50_nc,0,5,20.254020085005322,10.80911464613746,0.0,10.80911464613746,False,0.5336774922100419
effectiveness_v3_20260918T175340Z_168b5058,E/core50_nc/io/static_off/0/default,static_off,core50_nc,0,6,23.44183950900333,12.280519753374392,0.0,12.280519753374392,False,0.5238718466892412
effectiveness_v3_20260918T175340Z_168b5058,E/core50_nc/io/static_off/0/default,static_off,core50_nc,0,7,23.35153583000647,12.07149909020518,0.0,12.07149909020518,False,0.5169466872792767
effectiveness_v3_20260918T175340Z_168b5058,E/core50_nc/io/static_off/0/default,static_off,core50_nc,0,8,18.969533681985922,10.2343581195164,0.0,10.2343581195164,False,0.539515535336289
effectiveness_v3_20260918T175908Z_5a9860d1,E/core50_nc/io/static_on/0/default,static_on,core50_nc,0,0,33.20925389198237,23.178600532235578,0.04387407097965479,0.04387407097965479,True,0.0013211399184805896
effectiveness_v3_20260918T175908Z_5a9860d1,E/core50_nc/io/static_on/0/default,static_on,core50_nc,0,1,20.851118516991846,18.767210921476362,0.027262516610790044,0.027262516610790044,True,0.0013074846123277974
effectiveness_v3_20260918T175908Z_5a9860d1,E/core50_nc/io/static_on/0/default,static_on,core50_nc,0,2,20.88890070398338,18.884110588551266,0.027769929787609726,0.027769929787609726,True,0.0013294107804492639
effectiveness_v3_20260918T175908Z_5a9860d1,E/core50_nc/io/static_on/0/default,static_on,core50_nc,0,3,20.544688074995065,18.492096976726316,0.034627516724867746,0.034627516724867746,True,0.0016854729844748963
effectiveness_v3_20260918T175908Z_5a9860d1,E/core50_nc/io/static_on/0/default,static_on,core50_nc,0,4,20.960842397005763,18.780152848630678,0.03765070656663738,0.03765070656663738,True,0.0017962401440514504
effectiveness_v3_20260918T175908Z_5a9860d1,E/core50_nc/io/static_on/0/default,static_on,core50_nc,0,5,20.623364355997182,18.587689804495312,0.023069620074238628,0.023069620074238628,True,0.0011186157445514018
effectiveness_v3_20260918T175908Z_5a9860d1,E/core50_nc/io/static_on/0/default,static_on,core50_nc,0,6,20.83653827701346,18.705560217029415,0.02852097194408998,0.02852097194408998,True,0.0013687960814274924
effectiveness_v3_20260918T175908Z_5a9860d1,E/core50_nc/io/static_on/0/default,static_on,core50_nc,0,7,20.587795959989307,18.550605687341886,0.026549229689408094,0.026549229689408094,True,0.0012895615315502613
effectiveness_v3_20260918T175908Z_5a9860d1,E/core50_nc/io/static_on/0/default,static_on,core50_nc,0,8,20.118240529991454,18.144271751167253,0.023039177525788546,0.023039177525788546,True,0.0011451884915801994
effectiveness_v3_20260918T180420Z_b082c5fa,E/core50_nc/io/orion_off/0/default,orion_off,core50_nc,0,0,32.83787161001237,13.564359631796833,0.0,13.564359631796833,False,0.41307060923098976
effectiveness_v3_20260918T180420Z_b082c5fa,E/core50_nc/io/orion_off/0/default,orion_off,core50_nc,0,1,35.21062883301056,9.748872349853627,0.0,9.748872349853627,False,0.2768729975283456
effectiveness_v3_20260918T180420Z_b082c5fa,E/core50_nc/io/orion_off/0/default,orion_off,core50_nc,0,2,55.27905177697539,10.531189081229968,0.0,10.531189081229968,False,0.1905095826122035
effectiveness_v3_20260918T180420Z_b082c5fa,E/core50_nc/io/orion_off/0/default,orion_off,core50_nc,0,3,70.65200765899499,9.696780739643145,0.0,9.696780739643145,False,0.13724706573725523
effectiveness_v3_20260918T180420Z_b082c5fa,E/core50_nc/io/orion_off/0/default,orion_off,core50_nc,0,4,100.09816857200349,14.617496734048473,0.0,14.617496734048473,False,0.1460316101940835
effectiveness_v3_20260918T180420Z_b082c5fa,E/core50_nc/io/orion_off/0/default,orion_off,core50_nc,0,5,123.8654799630167,14.7015917536919,0.0,14.7015917536919,False,0.11868998334387795
effectiveness_v3_20260918T180420Z_b082c5fa,E/core50_nc/io/orion_off/0/default,orion_off,core50_nc,0,6,140.54412347599282,16.591160399868386,0.0,16.591160399868386,False,0.11804947791148608
effectiveness_v3_20260918T180420Z_b082c5fa,E/core50_nc/io/orion_off/0/default,orion_off,core50_nc,0,7,146.97722908301512,15.211248678475386,0.0,15.211248678475386,False,0.10349391380813028
effectiveness_v3_20260918T180420Z_b082c5fa,E/core50_nc/io/orion_off/0/default,orion_off,core50_nc,0,8,166.29961675600498,14.657606267166557,0.0,14.657606267166557,False,0.08813974772216232
effectiveness_v3_20260918T182042Z_f77f5488,E/core50_nc/io/orion_on/0/default,orion_on,core50_nc,0,0,31.45000471000094,23.946084240073105,0.04397755200625397,0.04397755200625397,True,0.0013983321278253844
effectiveness_v3_20260918T182042Z_f77f5488,E/core50_nc/io/orion_on/0/default,orion_on,core50_nc,0,1,33.47538478899514,17.569747082074173,1.5002118187840097,1.5002118187840097,True,0.04481537189909155
effectiveness_v3_20260918T182042Z_f77f5488,E/core50_nc/io/orion_on/0/default,orion_on,core50_nc,0,2,53.296646622999106,18.035942354006693,0.02618826724938117,0.02618826724938117,True,0.0004913680110988474
effectiveness_v3_20260918T182042Z_f77f5488,E/core50_nc/io/orion_on/0/default,orion_on,core50_nc,0,3,66.00188545198762,16.28274082756252,0.029569184873253107,0.029569184873253107,True,0.0004480051542582507
effectiveness_v3_20260918T182042Z_f77f5488,E/core50_nc/io/orion_on/0/default,orion_on,core50_nc,0,4,95.69323527798406,23.794612401048653,0.04611123166978359,0.04611123166978359,True,0.00048186511340987453
effectiveness_v3_20260918T182042Z_f77f5488,E/core50_nc/io/orion_on/0/default,orion_on,core50_nc,0,5,114.44785465401947,23.642767009092495,0.04417937179096043,0.04417937179096043,True,0.00038602184308754824
effectiveness_v3_20260918T182042Z_f77f5488,E/core50_nc/io/orion_on/0/default,orion_on,core50_nc,0,6,130.8630540560116,22.6647986084281,0.035270625579869375,0.035270625579869375,True,0.00026952317316981575
effectiveness_v3_20260918T182042Z_f77f5488,E/core50_nc/io/orion_on/0/default,orion_on,core50_nc,0,7,144.95457454197458,31.995651853387244,0.04680244010523893,0.04680244010523893,True,0.0003228765994665889
effectiveness_v3_20260918T182042Z_f77f5488,E/core50_nc/io/orion_on/0/default,orion_on,core50_nc,0,8,164.41712562201428,25.03151054691989,0.047391210042405874,0.047391210042405874,True,0.0002882376751394839
effectiveness_v3_20260918T183629Z_4b1778de,E/core50_nc/io/static_on/1/default,static_on,core50_nc,1,0,33.798406314017484,23.4762029715057,0.04527003783732653,0.04527003783732653,True,0.0013394133858480575
effectiveness_v3_20260918T183629Z_4b1778de,E/core50_nc/io/static_on/1/default,static_on,core50_nc,1,1,20.68687891200534,18.47525108756963,0.0387443931249436,0.0387443931249436,True,0.0018728969841100018
effectiveness_v3_20260918T183629Z_4b1778de,E/core50_nc/io/static_on/1/default,static_on,core50_nc,1,2,20.301398026989773,18.209383337874897,0.03582900800392963,0.03582900800392963,True,0.0017648542211869654
effectiveness_v3_20260918T183629Z_4b1778de,E/core50_nc/io/static_on/1/default,static_on,core50_nc,1,3,20.678590961004375,18.713246401166543,0.04360188284772448,0.04360188284772448,True,0.0021085519284146964
effectiveness_v3_20260918T183629Z_4b1778de,E/core50_nc/io/static_on/1/default,static_on,core50_nc,1,4,20.757078345021,18.52118560639792,0.04425181131227873,0.04425181131227873,True,0.00213189017147461
effectiveness_v3_20260918T183629Z_4b1778de,E/core50_nc/io/static_on/1/default,static_on,core50_nc,1,5,20.81385591099388,18.622864700242644,0.03348756313789636,0.03348756313789636,True,0.0016089072241635067
effectiveness_v3_20260918T183629Z_4b1778de,E/core50_nc/io/static_on/1/default,static_on,core50_nc,1,6,20.632894127978943,18.626238742639543,0.03348473209189251,0.03348473209189251,True,0.0016228810114663466
effectiveness_v3_20260918T183629Z_4b1778de,E/core50_nc/io/static_on/1/default,static_on,core50_nc,1,7,20.91786619499908,18.88865385655663,0.028543975844513625,0.028543975844513625,True,0.0013645739760653863
effectiveness_v3_20260918T183629Z_4b1778de,E/core50_nc/io/static_on/1/default,static_on,core50_nc,1,8,20.772456686012447,18.65454700696864,0.042975021788151935,0.042975021788151935,True,0.0020688463785359596
effectiveness_v3_20260918T184139Z_7fd5ed3e,E/core50_nc/io/orion_off/1/default,orion_off,core50_nc,1,0,32.653043659986,13.70410736775375,0.0,13.70410736775375,False,0.4196885138933363
effectiveness_v3_20260918T184139Z_7fd5ed3e,E/core50_nc/io/orion_off/1/default,orion_off,core50_nc,1,1,37.17772339101066,10.575728292635176,0.0,10.575728292635176,False,0.2844641179721166
effectiveness_v3_20260918T184139Z_7fd5ed3e,E/core50_nc/io/orion_off/1/default,orion_off,core50_nc,1,2,56.70292672299547,10.674287414731225,0.0,10.674287414731225,False,0.18824932030188035
effectiveness_v3_20260918T184139Z_7fd5ed3e,E/core50_nc/io/orion_off/1/default,orion_off,core50_nc,1,3,70.34114085801411,9.763729286147282,0.0,9.763729286147282,False,0.13880538710419393
effectiveness_v3_20260918T184139Z_7fd5ed3e,E/core50_nc/io/orion_off/1/default,orion_off,core50_nc,1,4,102.21340734499972,15.619344775506761,0.0,15.619344775506761,False,0.15281111530493224
effectiveness_v3_20260918T184139Z_7fd5ed3e,E/core50_nc/io/orion_off/1/default,orion_off,core50_nc,1,5,121.19178437098162,14.66296151795541,0.0,14.66296151795541,False,0.12098973205205431
effectiveness_v3_20260918T184139Z_7fd5ed3e,E/core50_nc/io/orion_off/1/default,orion_off,core50_nc,1,6,140.35528614500072,18.032165203010663,0.0,18.032165203010663,False,0.1284751411812283
effectiveness_v3_20260918T184139Z_7fd5ed3e,E/core50_nc/io/orion_off/1/default,orion_off,core50_nc,1,7,149.48428539800807,15.256984068109887,0.0,15.256984068109887,False,0.10206413354746646
effectiveness_v3_20260918T184139Z_7fd5ed3e,E/core50_nc/io/orion_off/1/default,orion_off,core50_nc,1,8,165.83581060901633,14.447379855730105,0.0,14.447379855730105,False,0.08711857711958274
effectiveness_v3_20260918T185806Z_ae220d7f,E/core50_nc/io/orion_on/1/default,orion_on,core50_nc,1,0,31.309138302021893,24.04209119299776,0.04373634929652326,0.04373634929652326,True,0.0013969196109654297
effectiveness_v3_20260918T185806Z_ae220d7f,E/core50_nc/io/orion_on/1/default,orion_on,core50_nc,1,1,36.234675220010104,17.797382947494043,1.201050628325902,1.201050628325902,True,0.03314644386994914
effectiveness_v3_20260918T185806Z_ae220d7f,E/core50_nc/io/orion_on/1/default,orion_on,core50_nc,1,2,53.04997878600261,17.406063267582795,0.03506264614406973,0.03506264614406973,True,0.0006609361011341462
effectiveness_v3_20260918T185806Z_ae220d7f,E/core50_nc/io/orion_on/1/default,orion_on,core50_nc,1,3,64.74889182401239,15.630772636795882,0.029687961097806692,0.029687961097806692,True,0.000458509176936937
effectiveness_v3_20260918T185806Z_ae220d7f,E/core50_nc/io/orion_on/1/default,orion_on,core50_nc,1,4,77.00407580297906,15.29215477523394,0.049544649227755144,0.049544649227755144,True,0.0006434029460274154
effectiveness_v3_20260918T185806Z_ae220d7f,E/core50_nc/io/orion_on/1/default,orion_on,core50_nc,1,5,115.85464912099997,23.222231883817585,0.043593316833721474,0.043593316833721474,True,0.0003762759385529026
effectiveness_v3_20260918T185806Z_ae220d7f,E/core50_nc/io/orion_on/1/default,orion_on,core50_nc,1,6,130.1131415310083,21.97871845154441,0.03550274690496735,0.03550274690496735,True,0.0002728605772423565
effectiveness_v3_20260918T185806Z_ae220d7f,E/core50_nc/io/orion_on/1/default,orion_on,core50_nc,1,7,144.99636255099904,32.33996649572509,0.03469008568208665,0.03469008568208665,True,0.00023924797196126372
effectiveness_v3_20260918T185806Z_ae220d7f,E/core50_nc/io/orion_on/1/default,orion_on,core50_nc,1,8,161.39722738001728,24.742631848726887,0.04476835735840723,0.04476835735840723,True,0.0002773799654748594
effectiveness_v3_20260918T191333Z_a15e235f,E/core50_nc/io/static_off/1/default,static_off,core50_nc,1,0,42.505832511989865,16.728680430620443,0.0,16.728680430620443,False,0.3935619994244716
effectiveness_v3_20260918T191333Z_a15e235f,E/core50_nc/io/static_off/1/default,static_off,core50_nc,1,1,22.804223875020398,11.971613081434043,0.0,11.971613081434043,False,0.5249734938161027
effectiveness_v3_20260918T191333Z_a15e235f,E/core50_nc/io/static_off/1/default,static_off,core50_nc,1,2,19.073912008985644,10.298443302017404,0.0,10.298443302017404,False,0.5399229742260448
effectiveness_v3_20260918T191333Z_a15e235f,E/core50_nc/io/static_off/1/default,static_off,core50_nc,1,3,22.247009860991966,11.736015959759243,0.0,11.736015959759243,False,0.5275322856010973
effectiveness_v3_20260918T191333Z_a15e235f,E/core50_nc/io/static_off/1/default,static_off,core50_nc,1,4,22.703158240998164,11.8813159497804,0.0,11.8813159497804,False,0.5233331778626598
effectiveness_v3_20260918T191333Z_a15e235f,E/core50_nc/io/static_off/1/default,static_off,core50_nc,1,5,19.731007162015885,10.618329674034612,0.0,10.618329674034612,False,0.5381544685907333
effectiveness_v3_20260918T191333Z_a15e235f,E/core50_nc/io/static_off/1/default,static_off,core50_nc,1,6,21.135040963999927,11.122097057435894,0.0,11.122097057435894,False,0.5262396735535342
effectiveness_v3_20260918T191333Z_a15e235f,E/core50_nc/io/static_off/1/default,static_off,core50_nc,1,7,19.01767438801471,10.183451551682083,0.0,10.183451551682083,False,0.5354730207232847
effectiveness_v3_20260918T191333Z_a15e235f,E/core50_nc/io/static_off/1/default,static_off,core50_nc,1,8,17.57600250901305,9.511433051316999,0.0,9.511433051316999,False,0.541160201043411
effectiveness_v3_20260918T191852Z_4739dab6,E/core50_nc/io/orion_off/2/default,orion_off,core50_nc,2,0,32.88705510299769,13.894100483565126,0.0,13.894100483565126,False,0.4224793141268116
effectiveness_v3_20260918T191852Z_4739dab6,E/core50_nc/io/orion_off/2/default,orion_off,core50_nc,2,1,33.89255254698219,8.982565976097248,0.0,8.982565976097248,False,0.26503067196386365
effectiveness_v3_20260918T191852Z_4739dab6,E/core50_nc/io/orion_off/2/default,orion_off,core50_nc,2,2,55.28230937299668,10.254004575748695,0.0,10.254004575748695,False,0.1854843745141622
effectiveness_v3_20260918T191852Z_4739dab6,E/core50_nc/io/orion_off/2/default,orion_off,core50_nc,2,3,69.65504267398501,9.22402880268055,0.0,9.22402880268055,False,0.13242442253395634
effectiveness_v3_20260918T191852Z_4739dab6,E/core50_nc/io/orion_off/2/default,orion_off,core50_nc,2,4,100.72855775099015,14.897633089509327,0.0,14.897633089509327,False,0.14789880270436898
effectiveness_v3_20260918T191852Z_4739dab6,E/core50_nc/io/orion_off/2/default,orion_off,core50_nc,2,5,122.46471334001399,15.03293702279916,0.0,15.03293702279916,False,0.12275321284639235
effectiveness_v3_20260918T191852Z_4739dab6,E/core50_nc/io/orion_off/2/default,orion_off,core50_nc,2,6,142.71872744400753,21.978015736298403,0.0,21.978015736298403,False,0.15399531743247208
effectiveness_v3_20260918T191852Z_4739dab6,E/core50_nc/io/orion_off/2/default,orion_off,core50_nc,2,7,149.5261704410077,15.10927337963949,0.0,15.10927337963949,False,0.10104768506460562
effectiveness_v3_20260918T191852Z_4739dab6,E/core50_nc/io/orion_off/2/default,orion_off,core50_nc,2,8,165.1581244339759,14.65952464620932,0.0,14.65952464620932,False,0.08876054203479197
effectiveness_v3_20260918T193516Z_4583bff6,E/core50_nc/io/orion_on/2/default,orion_on,core50_nc,2,0,31.010018853005022,24.00920225432492,0.044579251494724303,0.044579251494724303,True,0.0014375757624024907
effectiveness_v3_20260918T193516Z_4583bff6,E/core50_nc/io/orion_on/2/default,orion_on,core50_nc,2,1,34.585207235999405,16.758125571068376,1.2817448817950208,1.2817448817950208,True,0.03706049447813819
effectiveness_v3_20260918T193516Z_4583bff6,E/core50_nc/io/orion_on/2/default,orion_on,core50_nc,2,2,51.34454316800111,16.61763241092558,0.041815482458332554,0.041815482458332554,True,0.0008144094752486328
effectiveness_v3_20260918T193516Z_4583bff6,E/core50_nc/io/orion_on/2/default,orion_on,core50_nc,2,3,64.19239710498368,15.512159655045252,0.026242941385135055,0.026242941385135055,True,0.00040881697161450353
effectiveness_v3_20260918T193516Z_4583bff6,E/core50_nc/io/orion_on/2/default,orion_on,core50_nc,2,4,76.48563218198251,15.184742733399617,0.03961734828772023,0.03961734828772023,True,0.0005179711163720076
effectiveness_v3_20260918T193516Z_4583bff6,E/core50_nc/io/orion_on/2/default,orion_on,core50_nc,2,5,114.34240810401388,23.42136237368686,0.0361628643295262,0.0361628643295262,True,0.0003162681714437037
effectiveness_v3_20260918T193516Z_4583bff6,E/core50_nc/io/orion_on/2/default,orion_on,core50_nc,2,6,129.36515375599265,22.309163042344153,0.035917304165195674,0.035917304165195674,True,0.00027764280505508123
effectiveness_v3_20260918T193516Z_4583bff6,E/core50_nc/io/orion_on/2/default,orion_on,core50_nc,2,7,144.25497692401404,32.059495973197045,0.03471913616522215,0.03471913616522215,True,0.0002406789485225898
effectiveness_v3_20260918T193516Z_4583bff6,E/core50_nc/io/orion_on/2/default,orion_on,core50_nc,2,8,161.57080869798665,24.086731344053987,0.03476104748551734,0.03476104748551734,True,0.00021514435537977534
effectiveness_v3_20260918T195035Z_c7ac5492,E/core50_nc/io/static_off/2/default,static_off,core50_nc,2,0,41.864356355014024,16.54623916966375,0.0,16.54623916966375,False,0.39523452909080814
effectiveness_v3_20260918T195035Z_c7ac5492,E/core50_nc/io/static_off/2/default,static_off,core50_nc,2,1,23.270529834000627,12.266989763680613,0.0,12.266989763680613,False,0.5271469902570626
effectiveness_v3_20260918T195035Z_c7ac5492,E/core50_nc/io/static_off/2/default,static_off,core50_nc,2,2,22.83019337299629,12.160529461951228,0.0,12.160529461951228,False,0.5326511809722464
effectiveness_v3_20260918T195035Z_c7ac5492,E/core50_nc/io/static_off/2/default,static_off,core50_nc,2,3,21.46450062401709,11.490412485145498,0.0,11.490412485145498,False,0.5353216777048438
effectiveness_v3_20260918T195035Z_c7ac5492,E/core50_nc/io/static_off/2/default,static_off,core50_nc,2,4,22.673139446007553,11.906942053057719,0.0,11.906942053057719,False,0.5251563014205506
effectiveness_v3_20260918T195035Z_c7ac5492,E/core50_nc/io/static_off/2/default,static_off,core50_nc,2,5,19.55348742401111,10.34364682919113,0.0,10.34364682919113,False,0.5289924300914953
effectiveness_v3_20260918T195035Z_c7ac5492,E/core50_nc/io/static_off/2/default,static_off,core50_nc,2,6,20.95740066000144,11.258349383308087,0.0,11.258349383308087,False,0.5372016103502463
effectiveness_v3_20260918T195035Z_c7ac5492,E/core50_nc/io/static_off/2/default,static_off,core50_nc,2,7,21.65728160299477,11.549534006102476,0.0,11.549534006102476,False,0.5332864122940252
effectiveness_v3_20260918T195035Z_c7ac5492,E/core50_nc/io/static_off/2/default,static_off,core50_nc,2,8,22.95651401899522,12.044493644556496,0.0,12.044493644556496,False,0.5246656192917774
effectiveness_v3_20260918T195602Z_f026e1f7,E/core50_nc/io/static_on/2/default,static_on,core50_nc,2,0,33.83690465800464,23.33265720261261,0.04431530807050876,0.04431530807050876,True,0.001309673816751595
effectiveness_v3_20260918T195602Z_f026e1f7,E/core50_nc/io/static_on/2/default,static_on,core50_nc,2,1,20.226950589974876,18.040476472873706,0.026459946937393397,0.026459946937393397,True,0.0013081530416407796
effectiveness_v3_20260918T195602Z_f026e1f7,E/core50_nc/io/static_on/2/default,static_on,core50_nc,2,2,20.87265932999435,18.65894745060359,0.04066679370589554,0.04066679370589554,True,0.0019483283401007126
effectiveness_v3_20260918T195602Z_f026e1f7,E/core50_nc/io/static_on/2/default,static_on,core50_nc,2,3,21.053010715986602,19.030529143230524,0.03984869550913572,0.03984869550913572,True,0.00189277894961012
effectiveness_v3_20260918T195602Z_f026e1f7,E/core50_nc/io/static_on/2/default,static_on,core50_nc,2,4,20.875087052001618,18.54422999743838,0.04152820855961181,0.04152820855961181,True,0.001989366964370568
effectiveness_v3_20260918T195602Z_f026e1f7,E/core50_nc/io/static_on/2/default,static_on,core50_nc,2,5,20.471302090998506,18.32467172536417,0.026844512816751376,0.026844512816751376,True,0.001311324150140662
effectiveness_v3_20260918T195602Z_f026e1f7,E/core50_nc/io/static_on/2/default,static_on,core50_nc,2,6,20.927865166013362,18.945107764011482,0.028111884224927053,0.028111884224927053,True,0.001343275293582284
effectiveness_v3_20260918T195602Z_f026e1f7,E/core50_nc/io/static_on/2/default,static_on,core50_nc,2,7,20.88207905497984,18.648635644756723,0.03559480668627657,0.03559480668627657,True,0.0017045623949875873
effectiveness_v3_20260918T195602Z_f026e1f7,E/core50_nc/io/static_on/2/default,static_on,core50_nc,2,8,20.854767687007552,18.80828926517279,0.04385111641022377,0.04385111641022377,True,0.0021026902369928034
effectiveness_v3_20260918T200116Z_50105d6d,F/core50_nc/loose/agem_static/0/default,agem_static,core50_nc,0,0,32.97581186299794,13.96451711395639,0.0,13.96451711395639,False,0.42347758326538526
effectiveness_v3_20260918T200116Z_50105d6d,F/core50_nc/loose/agem_static/0/default,agem_static,core50_nc,0,1,36.2199242170027,8.18555067430134,0.0,8.18555067430134,False,0.2259957979276721
effectiveness_v3_20260918T200116Z_50105d6d,F/core50_nc/loose/agem_static/0/default,agem_static,core50_nc,0,2,36.47029305101023,8.02525557865738,0.0,8.02525557865738,False,0.2200491114078141
effectiveness_v3_20260918T200116Z_50105d6d,F/core50_nc/loose/agem_static/0/default,agem_static,core50_nc,0,3,34.37669760201243,7.383878670341801,0.0,7.383878670341801,False,0.21479313562421845
effectiveness_v3_20260918T200116Z_50105d6d,F/core50_nc/loose/agem_static/0/default,agem_static,core50_nc,0,4,37.61123080397374,7.92707357002655,0.0,7.92707357002655,False,0.2107634714572816
effectiveness_v3_20260918T200116Z_50105d6d,F/core50_nc/loose/agem_static/0/default,agem_static,core50_nc,0,5,34.45071646201541,7.39107108276221,0.0,7.39107108276221,False,0.21454041720471737
effectiveness_v3_20260918T200116Z_50105d6d,F/core50_nc/loose/agem_static/0/default,agem_static,core50_nc,0,6,36.55529068299802,8.161397442076122,0.0,8.161397442076122,False,0.22326173009676034
effectiveness_v3_20260918T200116Z_50105d6d,F/core50_nc/loose/agem_static/0/default,agem_static,core50_nc,0,7,36.30144407702028,7.940872382809175,0.0,7.940872382809175,False,0.218748112773727
effectiveness_v3_20260918T200116Z_50105d6d,F/core50_nc/loose/agem_static/0/default,agem_static,core50_nc,0,8,35.86172274098499,7.639792473695707,0.0,7.639792473695707,False,0.21303473145657
effectiveness_v3_20260918T200827Z_d913a753,F/core50_nc/loose/agem_adaptive_ewc/0/default,agem_adaptive_ewc,core50_nc,0,0,30.547731557977386,13.204700435424456,0.0,13.204700435424456,False,0.43226451726416704
effectiveness_v3_20260918T200827Z_d913a753,F/core50_nc/loose/agem_adaptive_ewc/0/default,agem_adaptive_ewc,core50_nc,0,1,53.81783563501085,8.12649192896788,0.0,8.12649192896788,False,0.1509999767378464
effectiveness_v3_20260918T200827Z_d913a753,F/core50_nc/loose/agem_adaptive_ewc/0/default,agem_adaptive_ewc,core50_nc,0,2,68.39051070300047,8.57843254704494,0.0,8.57843254704494,False,0.12543308214641805
effectiveness_v3_20260918T200827Z_d913a753,F/core50_nc/loose/agem_adaptive_ewc/0/default,agem_adaptive_ewc,core50_nc,0,3,81.5815048069926,8.900934624864021,0.0,8.900934624864021,False,0.10910481053177504
effectiveness_v3_20260918T200827Z_d913a753,F/core50_nc/loose/agem_adaptive_ewc/0/default,agem_adaptive_ewc,core50_nc,0,4,82.10012526100036,8.436246178636793,0.0,8.436246178636793,False,0.10275558230657443
effectiveness_v3_20260918T200827Z_d913a753,F/core50_nc/loose/agem_adaptive_ewc/0/default,agem_adaptive_ewc,core50_nc,0,5,93.07466413400834,8.181247682805406,0.0,8.181247682805406,False,0.08789983567414322
effectiveness_v3_20260918T200827Z_d913a753,F/core50_nc/loose/agem_adaptive_ewc/0/default,agem_adaptive_ewc,core50_nc,0,6,99.2425805630046,8.423774872411741,0.0,8.423774872411741,False,0.08488065127512348
effectiveness_v3_20260918T200827Z_d913a753,F/core50_nc/loose/agem_adaptive_ewc/0/default,agem_adaptive_ewc,core50_nc,0,7,102.39349335801671,8.2728575640067,0.0,8.2728575640067,False,0.0807947584626381
effectiveness_v3_20260918T200827Z_d913a753,F/core50_nc/loose/agem_adaptive_ewc/0/default,agem_adaptive_ewc,core50_nc,0,8,111.56759128900012,7.855891519138822,0.0,7.855891519138822,False,0.07041374137754075
effectiveness_v3_20260918T202219Z_9d416150,F/core50_nc/loose/agem_adaptive_ewc/1/default,agem_adaptive_ewc,core50_nc,1,0,33.75042015098734,14.473951798747294,0.0,14.473951798747294,False,0.42885249232442135
effectiveness_v3_20260918T202219Z_9d416150,F/core50_nc/loose/agem_adaptive_ewc/1/default,agem_adaptive_ewc,core50_nc,1,1,53.23170516101527,8.127581530454336,0.0,8.127581530454336,False,0.15268309564516158
effectiveness_v3_20260918T202219Z_9d416150,F/core50_nc/loose/agem_adaptive_ewc/1/default,agem_adaptive_ewc,core50_nc,1,2,65.48632284800988,8.323900013929233,0.0,8.323900013929233,False,0.12710898477608132
effectiveness_v3_20260918T202219Z_9d416150,F/core50_nc/loose/agem_adaptive_ewc/1/default,agem_adaptive_ewc,core50_nc,1,3,80.24391702900175,8.716652763338061,0.0,8.716652763338061,False,0.10862695997489366
effectiveness_v3_20260918T202219Z_9d416150,F/core50_nc/loose/agem_adaptive_ewc/1/default,agem_adaptive_ewc,core50_nc,1,4,84.04856890099472,8.469694528757827,0.0,8.469694528757827,False,0.10077143060858931
effectiveness_v3_20260918T202219Z_9d416150,F/core50_nc/loose/agem_adaptive_ewc/1/default,agem_adaptive_ewc,core50_nc,1,5,93.89369100600015,8.227170790720265,0.0,8.227170790720265,False,0.08762218954833205
effectiveness_v3_20260918T202219Z_9d416150,F/core50_nc/loose/agem_adaptive_ewc/1/default,agem_adaptive_ewc,core50_nc,1,6,99.86664406899945,8.397772525728215,0.0,8.397772525728215,False,0.084089864078401
effectiveness_v3_20260918T202219Z_9d416150,F/core50_nc/loose/agem_adaptive_ewc/1/default,agem_adaptive_ewc,core50_nc,1,7,102.72921953900368,8.196847359242383,0.0,8.196847359242383,False,0.0797908072895487
effectiveness_v3_20260918T202219Z_9d416150,F/core50_nc/loose/agem_adaptive_ewc/1/default,agem_adaptive_ewc,core50_nc,1,8,111.30166897299932,7.655177707871189,0.0,7.655177707871189,False,0.06877864257119325
effectiveness_v3_20260918T203615Z_3b1672b7,F/core50_nc/loose/agem_static/1/default,agem_static,core50_nc,1,0,33.00952493699151,14.105153146898374,0.0,14.105153146898374,False,0.4273055481356442
effectiveness_v3_20260918T203615Z_3b1672b7,F/core50_nc/loose/agem_static/1/default,agem_static,core50_nc,1,1,37.06567844800884,8.214500928123016,0.0,8.214500928123016,False,0.2216201421928727
effectiveness_v3_20260918T203615Z_3b1672b7,F/core50_nc/loose/agem_static/1/default,agem_static,core50_nc,1,2,36.68922252001357,8.068150194856571,0.0,8.068150194856571,False,0.21990518306719317
effectiveness_v3_20260918T203615Z_3b1672b7,F/core50_nc/loose/agem_static/1/default,agem_static,core50_nc,1,3,34.642936252988875,7.581077761715278,0.0,7.581077761715278,False,0.21883473462966663
effectiveness_v3_20260918T203615Z_3b1672b7,F/core50_nc/loose/agem_static/1/default,agem_static,core50_nc,1,4,37.12159291098942,7.862453215668211,0.0,7.862453215668211,False,0.21180268946219227
effectiveness_v3_20260918T203615Z_3b1672b7,F/core50_nc/loose/agem_static/1/default,agem_static,core50_nc,1,5,34.63084178502322,7.538977550488198,0.0,7.538977550488198,False,0.21769547495517638
effectiveness_v3_20260918T203615Z_3b1672b7,F/core50_nc/loose/agem_static/1/default,agem_static,core50_nc,1,6,36.27223723498173,8.09477974611218,0.0,8.09477974611218,False,0.22316736885215893
effectiveness_v3_20260918T203615Z_3b1672b7,F/core50_nc/loose/agem_static/1/default,agem_static,core50_nc,1,7,35.919651987002,7.889704613771755,0.0,7.889704613771755,False,0.21964869305044352
effectiveness_v3_20260918T203615Z_3b1672b7,F/core50_nc/loose/agem_static/1/default,agem_static,core50_nc,1,8,36.574738512019394,7.737845841562375,0.0,7.737845841562375,False,0.2115625745080726
effectiveness_v3_20260918T204329Z_8162adb1,F/core50_nc/loose/agem_static/2/default,agem_static,core50_nc,2,0,32.36784401998739,13.845619051979156,0.0,13.845619051979156,False,0.4277584581608025
effectiveness_v3_20260918T204329Z_8162adb1,F/core50_nc/loose/agem_static/2/default,agem_static,core50_nc,2,1,35.61094280099496,8.044782351935282,0.0,8.044782351935282,False,0.22590759241876945
effectiveness_v3_20260918T204329Z_8162adb1,F/core50_nc/loose/agem_static/2/default,agem_static,core50_nc,2,2,35.80963152801269,7.907860464183614,0.0,7.907860464183614,False,0.22083054549158251
effectiveness_v3_20260918T204329Z_8162adb1,F/core50_nc/loose/agem_static/2/default,agem_static,core50_nc,2,3,34.46036696899682,7.437165862938855,0.0,7.437165862938855,False,0.21581795311784976
effectiveness_v3_20260918T204329Z_8162adb1,F/core50_nc/loose/agem_static/2/default,agem_static,core50_nc,2,4,36.90655277998303,7.930884936678922,0.0,7.930884936678922,False,0.2148909702826645
effectiveness_v3_20260918T204329Z_8162adb1,F/core50_nc/loose/agem_static/2/default,agem_static,core50_nc,2,5,34.68486641498748,7.624923964991467,0.0,7.624923964991467,False,0.21983431833823364
effectiveness_v3_20260918T204329Z_8162adb1,F/core50_nc/loose/agem_static/2/default,agem_static,core50_nc,2,6,36.11040805099765,8.066949937638128,0.0,8.066949937638128,False,0.2233968092037458
effectiveness_v3_20260918T204329Z_8162adb1,F/core50_nc/loose/agem_static/2/default,agem_static,core50_nc,2,7,36.450077821005834,7.993481183657423,0.0,7.993481183657423,False,0.21929942709342737
effectiveness_v3_20260918T204329Z_8162adb1,F/core50_nc/loose/agem_static/2/default,agem_static,core50_nc,2,8,37.16461379698012,7.891949425567873,0.0,7.891949425567873,False,0.21235117546705537
effectiveness_v3_20260918T205037Z_c7fe7b8c,F/core50_nc/loose/agem_adaptive_ewc/2/default,agem_adaptive_ewc,core50_nc,2,0,32.045964096003445,13.7460332911578,0.0,13.7460332911578,False,0.4289474097261475
effectiveness_v3_20260918T205037Z_c7fe7b8c,F/core50_nc/loose/agem_adaptive_ewc/2/default,agem_adaptive_ewc,core50_nc,2,1,53.13223496702267,8.127016222046223,0.0,8.127016222046223,False,0.15295829785986564
effectiveness_v3_20260918T205037Z_c7fe7b8c,F/core50_nc/loose/agem_adaptive_ewc/2/default,agem_adaptive_ewc,core50_nc,2,2,67.30482698298874,8.448635627981275,0.0,8.448635627981275,False,0.12552793026444692
effectiveness_v3_20260918T205037Z_c7fe7b8c,F/core50_nc/loose/agem_adaptive_ewc/2/default,agem_adaptive_ewc,core50_nc,2,3,81.06784511898877,8.717212187853875,0.0,8.717212187853875,False,0.10752983720066854
effectiveness_v3_20260918T205037Z_c7fe7b8c,F/core50_nc/loose/agem_adaptive_ewc/2/default,agem_adaptive_ewc,core50_nc,2,4,84.3050111120101,8.56332677017781,0.0,8.56332677017781,False,0.10157553693694818
effectiveness_v3_20260918T205037Z_c7fe7b8c,F/core50_nc/loose/agem_adaptive_ewc/2/default,agem_adaptive_ewc,core50_nc,2,5,93.25304128299467,8.244331617170246,0.0,8.244331617170246,False,0.08840817954828092
effectiveness_v3_20260918T205037Z_c7fe7b8c,F/core50_nc/loose/agem_adaptive_ewc/2/default,agem_adaptive_ewc,core50_nc,2,6,99.13191652702517,8.367627997271484,0.0,8.367627997271484,False,0.08440902073138389
effectiveness_v3_20260918T205037Z_c7fe7b8c,F/core50_nc/loose/agem_adaptive_ewc/2/default,agem_adaptive_ewc,core50_nc,2,7,102.98439277999569,8.204884581180522,0.0,8.204884581180522,False,0.07967114588623654
effectiveness_v3_20260918T205037Z_c7fe7b8c,F/core50_nc/loose/agem_adaptive_ewc/2/default,agem_adaptive_ewc,core50_nc,2,8,112.1965590470063,7.880180842068512,0.0,7.880180842068512,False,0.0702354948226799
effectiveness_v3_20260918T210433Z_552578ab,G/core50_nc/tight/O11/0/thr_half,O11,core50_nc,0,0,33.21702411500155,14.060998092143564,0.0,14.060998092143564,False,0.4233069778756401
effectiveness_v3_20260918T210433Z_552578ab,G/core50_nc/tight/O11/0/thr_half,O11,core50_nc,0,1,37.30071295099333,10.780282336170785,0.0,10.780282336170785,False,0.28901008810030543
effectiveness_v3_20260918T210602Z_fc717bb2,G/core50_nc/tight/O11/1/thr_half,O11,core50_nc,1,0,32.31122242100537,13.649362220661715,0.0,13.649362220661715,False,0.4224341017747546
effectiveness_v3_20260918T210602Z_fc717bb2,G/core50_nc/tight/O11/1/thr_half,O11,core50_nc,1,1,37.28385273300228,10.71248482746887,0.0,10.71248482746887,False,0.2873223672505974
effectiveness_v3_20260918T210731Z_d856d9be,G/core50_nc/tight/O11/2/thr_half,O11,core50_nc,2,0,33.31537030599429,13.961100347398315,0.0,13.961100347398315,False,0.41905883738252653
effectiveness_v3_20260918T210731Z_d856d9be,G/core50_nc/tight/O11/2/thr_half,O11,core50_nc,2,1,35.9900710809743,9.607298921997426,0.0,9.607298921997426,False,0.2669430382724696
effectiveness_v3_20260918T210859Z_0e7b29e8,G/core50_nc/tight/O11/0/thr_double,O11,core50_nc,0,0,32.31600394501584,13.858976801973768,0.0,13.858976801973768,False,0.42885799944678077
effectiveness_v3_20260918T210859Z_0e7b29e8,G/core50_nc/tight/O11/0/thr_double,O11,core50_nc,0,1,35.34368092601653,10.526817685138667,0.0,10.526817685138667,False,0.2978415775983837
effectiveness_v3_20260918T211026Z_3c3348ef,G/core50_nc/tight/O11/1/thr_double,O11,core50_nc,1,0,32.27698075398803,13.836424835200887,0.0,13.836424835200887,False,0.4286777917879233
effectiveness_v3_20260918T211026Z_3c3348ef,G/core50_nc/tight/O11/1/thr_double,O11,core50_nc,1,1,36.4933237490186,10.233242602116661,0.0,10.233242602116661,False,0.2804141018366917
effectiveness_v3_20260918T211153Z_27de471a,G/core50_nc/tight/O11/2/thr_double,O11,core50_nc,2,0,29.407478556007845,12.742754626553506,0.0,12.742754626553506,False,0.43331680416885676
effectiveness_v3_20260918T211153Z_27de471a,G/core50_nc/tight/O11/2/thr_double,O11,core50_nc,2,1,36.64020226499997,10.808726627728902,0.0,10.808726627728902,False,0.29499636900350257
effectiveness_v3_20260918T211318Z_814274ae,G/core50_nc/tight/O11/0/alpha_double,O11,core50_nc,0,0,33.09008034699946,13.705538465525024,0.0,13.705538465525024,False,0.4141887333545811
effectiveness_v3_20260918T211318Z_814274ae,G/core50_nc/tight/O11/0/alpha_double,O11,core50_nc,0,1,35.36077317499439,10.070189667050727,0.0,10.070189667050727,False,0.2847842047235531
effectiveness_v3_20260918T211445Z_7b05951c,G/core50_nc/tight/O11/1/alpha_double,O11,core50_nc,1,0,33.47630687698256,14.230834822752513,0.0,14.230834822752513,False,0.4251016958067518
effectiveness_v3_20260918T211445Z_7b05951c,G/core50_nc/tight/O11/1/alpha_double,O11,core50_nc,1,1,37.40601283698925,10.704256930417614,0.0,10.704256930417614,False,0.2861640714573198
effectiveness_v3_20260918T211615Z_0b43da14,G/core50_nc/tight/O11/2/alpha_double,O11,core50_nc,2,0,33.65906491197529,14.26684480678523,0.0,14.26684480678523,False,0.42386337362893706
effectiveness_v3_20260918T211615Z_0b43da14,G/core50_nc/tight/O11/2/alpha_double,O11,core50_nc,2,1,37.1303754929977,10.560234772681724,0.0,10.560234772681724,False,0.28440958736528926
effectiveness_v3_20260918T211744Z_a3a01ee6,G/core50_nc/tight/O11/0/beta_double,O11,core50_nc,0,0,30.498793092003325,13.196773731819121,0.0,13.196773731819121,False,0.4326982281564207
effectiveness_v3_20260918T211744Z_a3a01ee6,G/core50_nc/tight/O11/0/beta_double,O11,core50_nc,0,1,38.24961773699033,10.949756093817996,0.0,10.949756093817996,False,0.28627099410796825
effectiveness_v3_20260918T211912Z_c7d51640,G/core50_nc/tight/O11/1/beta_double,O11,core50_nc,1,0,32.681447381997714,13.928805530886166,0.0,13.928805530886166,False,0.4261991633381184
effectiveness_v3_20260918T211912Z_c7d51640,G/core50_nc/tight/O11/1/beta_double,O11,core50_nc,1,1,34.47525015898282,9.532405285863206,0.0,9.532405285863206,False,0.2764999598814936
effectiveness_v3_20260918T212037Z_f3306b0e,G/core50_nc/tight/O11/2/beta_double,O11,core50_nc,2,0,31.9300708110095,13.78207364687114,0.0,13.78207364687114,False,0.43163304361101124
effectiveness_v3_20260918T212037Z_f3306b0e,G/core50_nc/tight/O11/2/beta_double,O11,core50_nc,2,1,35.73844327800907,10.300202195096062,0.0,10.300202195096062,False,0.2882107123405144
effectiveness_v3_20260918T212204Z_4a444ddd,G/core50_nc/tight/O11/0/lr_half,O11,core50_nc,0,0,33.29387306602439,14.299819013074739,0.0,14.299819013074739,False,0.4295030195110393
effectiveness_v3_20260918T212204Z_4a444ddd,G/core50_nc/tight/O11/0/lr_half,O11,core50_nc,0,1,35.526430070982315,10.036655760952272,0.0,10.036655760952272,False,0.28251236448184885
effectiveness_v3_20260918T212332Z_e2c21f24,G/core50_nc/tight/O11/1/lr_half,O11,core50_nc,1,0,31.630186048016185,13.40940984946792,0.0,13.40940984946792,False,0.4239434390019639
effectiveness_v3_20260918T212332Z_e2c21f24,G/core50_nc/tight/O11/1/lr_half,O11,core50_nc,1,1,35.725753275997704,10.00259519618703,0.0,10.00259519618703,False,0.27998276534332056
effectiveness_v3_20260918T212457Z_5925df96,G/core50_nc/tight/O11/2/lr_half,O11,core50_nc,2,0,32.945544596004765,14.110446306003723,0.0,14.110446306003723,False,0.4282960406037685
effectiveness_v3_20260918T212457Z_5925df96,G/core50_nc/tight/O11/2/lr_half,O11,core50_nc,2,1,35.90374085199437,10.828907278948463,0.0,10.828907278948463,False,0.30160944297109205
effectiveness_v3_20260918T212625Z_b9468714,G/core50_nc/tight/O11/0/initial_batch32,O11,core50_nc,0,0,20.414530066016596,11.039208933507325,0.0,11.039208933507325,False,0.5407525374235255
effectiveness_v3_20260918T212658Z_b3ae2918,G/core50_nc/tight/O11/1/initial_batch32,O11,core50_nc,1,0,19.77668563000043,10.778843967447756,0.0,10.778843967447756,False,0.5450278256482314
effectiveness_v3_20260918T212731Z_9b5ab473,G/core50_nc/tight/O11/2/initial_batch32,O11,core50_nc,2,0,19.75485383401974,10.840270055283327,0.0,10.840270055283327,False,0.5487395728848851
effectiveness_v3_20260918T212803Z_193f70dc,G/core50_nc/tight/O11/0/initial_replay1000,O11,core50_nc,0,0,33.497921503003454,14.1211392954865,0.0,14.1211392954865,False,0.4215527012391018
effectiveness_v3_20260918T212803Z_193f70dc,G/core50_nc/tight/O11/0/initial_replay1000,O11,core50_nc,0,1,36.13704844500171,10.435542059130967,0.0,10.435542059130967,False,0.28877682345898276
effectiveness_v3_20260918T212932Z_761cbed7,G/core50_nc/tight/O11/1/initial_replay1000,O11,core50_nc,1,0,33.82426636200398,14.223989892256213,0.0,14.223989892256213,False,0.42052619087208154
effectiveness_v3_20260918T212932Z_761cbed7,G/core50_nc/tight/O11/1/initial_replay1000,O11,core50_nc,1,1,38.00761557702208,10.928342904400779,0.0,10.928342904400779,False,0.28753034723408505
effectiveness_v3_20260918T213102Z_e6e61120,G/core50_nc/tight/O11/2/initial_replay1000,O11,core50_nc,2,0,32.361696782987565,13.779186512139859,0.0,13.779186512139859,False,0.4257868987692738
effectiveness_v3_20260918T213102Z_e6e61120,G/core50_nc/tight/O11/2/initial_replay1000,O11,core50_nc,2,1,36.62559137798962,10.632680964597967,0.0,10.632680964597967,False,0.2903074207011369
effectiveness_v3_20260918T213230Z_86788851,G/core50_nc/tight/O11/0/quota_mid,O11,core50_nc,0,0,32.7384940199845,13.816438499081414,0.0,13.816438499081414,False,0.4220242534872701
effectiveness_v3_20260918T213230Z_86788851,G/core50_nc/tight/O11/0/quota_mid,O11,core50_nc,0,1,36.79508474699105,10.220022714609513,0.0,10.220022714609513,False,0.2777551073705643
effectiveness_v3_20260918T213230Z_86788851,G/core50_nc/tight/O11/0/quota_mid,O11,core50_nc,0,2,54.502784084994346,10.16822777496418,0.0,10.16822777496418,False,0.1865634562650477
effectiveness_v3_20260918T213230Z_86788851,G/core50_nc/tight/O11/0/quota_mid,O11,core50_nc,0,3,85.36753021299955,16.148730498243822,0.0,16.148730498243822,False,0.189167127805517
effectiveness_v3_20260918T213230Z_86788851,G/core50_nc/tight/O11/0/quota_mid,O11,core50_nc,0,4,101.2132802309934,15.37936159298988,0.0,15.37936159298988,False,0.15195003617994027
effectiveness_v3_20260918T213230Z_86788851,G/core50_nc/tight/O11/0/quota_mid,O11,core50_nc,0,5,120.40164362301584,14.904824743018253,0.0,14.904824743018253,False,0.12379253550463212
effectiveness_v3_20260918T213230Z_86788851,G/core50_nc/tight/O11/0/quota_mid,O11,core50_nc,0,6,138.55826188100036,17.476069820986595,0.0,17.476069820986595,False,0.1261279521245422
effectiveness_v3_20260918T213230Z_86788851,G/core50_nc/tight/O11/0/quota_mid,O11,core50_nc,0,7,148.69693499198183,15.198373074934352,0.0,15.198373074934352,False,0.10221039912997462
effectiveness_v3_20260918T213230Z_86788851,G/core50_nc/tight/O11/0/quota_mid,O11,core50_nc,0,8,163.86757189501077,14.905749222496524,0.0,14.905749222496524,False,0.09096216566903531
effectiveness_v3_20260918T214903Z_6a27b720,G/core50_nc/tight/O11/1/quota_mid,O11,core50_nc,1,0,32.900604934984585,14.003969421377406,0.0,14.003969421377406,False,0.4256447396347537
effectiveness_v3_20260918T214903Z_6a27b720,G/core50_nc/tight/O11/1/quota_mid,O11,core50_nc,1,1,35.78369189699879,10.114963074796833,0.0,10.114963074796833,False,0.2826696335278134
effectiveness_v3_20260918T214903Z_6a27b720,G/core50_nc/tight/O11/1/quota_mid,O11,core50_nc,1,2,53.19933037701412,9.922951789776562,0.0,9.922951789776562,False,0.18652399794234967
effectiveness_v3_20260918T214903Z_6a27b720,G/core50_nc/tight/O11/1/quota_mid,O11,core50_nc,1,3,82.84242927201558,14.816943916433956,0.0,14.816943916433956,False,0.17885694621269593
effectiveness_v3_20260918T214903Z_6a27b720,G/core50_nc/tight/O11/1/quota_mid,O11,core50_nc,1,4,100.66418352699839,14.868761339981575,0.0,14.868761339981575,False,0.14770657068900514
effectiveness_v3_20260918T214903Z_6a27b720,G/core50_nc/tight/O11/1/quota_mid,O11,core50_nc,1,5,120.7673892150051,14.858882928354433,0.0,14.858882928354433,False,0.12303721248706309
effectiveness_v3_20260918T214903Z_6a27b720,G/core50_nc/tight/O11/1/quota_mid,O11,core50_nc,1,6,141.16209018899826,21.61132704548072,0.0,21.61132704548072,False,0.15309582775762157
effectiveness_v3_20260918T214903Z_6a27b720,G/core50_nc/tight/O11/1/quota_mid,O11,core50_nc,1,7,148.2162816930213,15.285406294860877,0.0,15.285406294860877,False,0.10312906328684796
effectiveness_v3_20260918T214903Z_6a27b720,G/core50_nc/tight/O11/1/quota_mid,O11,core50_nc,1,8,165.75627773901215,14.644851310848026,0.0,14.644851310848026,False,0.08835171440026392
effectiveness_v3_20260918T220535Z_5119b35b,G/core50_nc/tight/O11/2/quota_mid,O11,core50_nc,2,0,33.174623241007794,14.137463498162106,0.0,14.137463498162106,False,0.4261529481572684
effectiveness_v3_20260918T220535Z_5119b35b,G/core50_nc/tight/O11/2/quota_mid,O11,core50_nc,2,1,37.36192160000792,10.555065989814466,0.0,10.555065989814466,False,0.2825086488541914
effectiveness_v3_20260918T220535Z_5119b35b,G/core50_nc/tight/O11/2/quota_mid,O11,core50_nc,2,2,53.19727830399643,9.859872420551255,0.0,9.859872420551255,False,0.18534542997118963
effectiveness_v3_20260918T220535Z_5119b35b,G/core50_nc/tight/O11/2/quota_mid,O11,core50_nc,2,3,70.56366037399857,9.33688601423637,0.0,9.33688601423637,False,0.13231861789410293
effectiveness_v3_20260918T220535Z_5119b35b,G/core50_nc/tight/O11/2/quota_mid,O11,core50_nc,2,4,79.78869252899312,9.44334186517517,0.0,9.44334186517517,False,0.11835438789454668
effectiveness_v3_20260918T220535Z_5119b35b,G/core50_nc/tight/O11/2/quota_mid,O11,core50_nc,2,5,93.83393297399743,9.878406242758501,0.0,9.878406242758501,False,0.10527541508353841
effectiveness_v3_20260918T220535Z_5119b35b,G/core50_nc/tight/O11/2/quota_mid,O11,core50_nc,2,6,139.23624187501264,19.520482053572778,0.0,19.520482053572778,False,0.14019684667369586
effectiveness_v3_20260918T220535Z_5119b35b,G/core50_nc/tight/O11/2/quota_mid,O11,core50_nc,2,7,147.33365933599998,15.003793750569457,0.0,15.003793750569457,False,0.10183547885926554
effectiveness_v3_20260918T220535Z_5119b35b,G/core50_nc/tight/O11/2/quota_mid,O11,core50_nc,2,8,163.64084779002587,14.479042114689946,0.0,14.479042114689946,False,0.08848061049688881
